family,variant,exit,exit_type,initial_rr,n_2023,n_2024,n_2025,n_2026,net_2023,net_2024,net_2025,net_2026,n,positive,negative,win_rate,tp_count,sl_count,eod_count,net,ev,pf,max_dd,max_loss_streak,streak_start,streak_end,avg_tp,avg_sl,avg_rr
asia_break_09_14,all,F10_10,fixed,1.0,222,224,192,95,-276.62300000000073,123.99399999999969,-10.581000000000131,-112.02300000000014,733,344,389,0.4693042291950887,309,328,96,-275.2330000000013,-0.37548840381991994,0.9210407259939654,358.69300000000067,7,2025-02-14,2025-02-25,10.0,10.0,1.0
asia_break_09_14,all,F15_15,fixed,1.0,222,224,192,95,-246.17100000000005,162.16599999999812,-48.401000000000295,-77.02300000000014,733,342,391,0.4665757162346521,259,255,219,-209.42900000000236,-0.2857148703956376,0.9532923966135205,341.3580000000004,7,2025-11-20,2025-12-03,15.0,15.0,1.0
asia_break_09_14,all,F20_20,fixed,1.0,222,224,192,95,-295.86400000000026,304.62899999999627,-110.7569999999996,177.97699999999986,733,352,381,0.48021828103683495,212,193,328,75.98499999999626,0.10366302864938098,1.015082978714112,456.6870000000006,8,2025-12-15,2026-01-05,20.0,20.0,1.0
asia_break_09_14,all,F20_15,fixed,1.3333333333333333,222,224,192,95,-254.74200000000064,263.95399999999745,59.034000000000106,2.9769999999998618,733,325,408,0.4433833560709413,195,265,273,71.22299999999677,0.09716643929058223,1.015323160491404,380.188000000001,8,2025-12-15,2026-01-05,20.0,15.0,1.3333333333333335
asia_break_09_14,all,F25_20,fixed,1.25,222,224,192,95,-267.47100000000046,343.4809999999959,-250.36100000000033,141.5069999999996,733,338,395,0.461118690313779,150,205,378,-32.84400000000528,-0.044807639836296424,0.9937861182820813,517.429000000001,8,2025-12-15,2026-01-05,25.0,20.0,1.25
asia_break_09_14,all,F30_25,fixed,1.2,222,224,192,95,-279.731,398.6339999999966,-214.5220000000004,351.16699999999855,733,348,385,0.4747612551159618,121,147,465,255.54799999999477,0.34863301500681415,1.0464642104595192,669.6510000000007,8,2025-11-20,2025-12-05,30.0,25.0,1.1999999999999997
asia_break_09_14,all,F40_30,fixed,1.3333333333333333,222,224,192,95,-207.31899999999996,448.8079999999975,-192.60699999999952,245.536999999998,733,347,386,0.4733969986357435,76,119,538,294.418999999996,0.40166302864938064,1.0501030415552717,848.565000000001,10,2025-11-18,2025-12-05,40.0,30.0,1.3333333333333335
asia_break_09_14,all,R60x075_R1,r60,1.0,219,221,189,93,-42.347500000000196,-58.05187500000113,13.288874999995869,-41.721875000000864,722,344,378,0.47645429362880887,344,374,4,-128.83237500000632,-0.17843819252078438,0.9578259968981397,292.32825000000014,8,2024-02-22,2024-03-04,8.327950831024937,8.327950831024937,1.0
asia_break_09_14,all,R60x075_R125,r60,1.25,219,221,189,93,-81.41915625000001,-83.58825000000184,23.878874999994366,-57.41950000000199,722,297,425,0.4113573407202216,295,419,8,-198.54803125000947,-0.2749972731994591,0.941670273445886,384.8761250000014,11,2026-02-04,2026-03-12,10.409938538781171,8.327950831024937,1.25
asia_break_09_14,all,R60x1_R1,r60,1.0,219,221,189,93,-49.66650000000004,-117.07500000000346,46.23849999999629,-29.551999999999225,722,343,379,0.47506925207756234,339,370,13,-150.05500000000643,-0.20783240997230806,0.9595382362386708,423.6985000000054,8,2024-02-22,2024-03-04,10.223093490304727,10.223093490304727,1.0
asia_break_09_14,all,R60x1_R125,r60,1.25,219,221,189,93,-96.95900000000222,-122.28362500000458,58.46187499999792,-24.473999999996636,722,305,417,0.4224376731301939,289,405,28,-185.25475000000552,-0.2565855263157971,0.9540778846374308,437.00374999999997,8,2024-02-22,2024-03-04,12.778866862880909,10.223093490304727,1.25
asia_break_09_14,all,ASIAx025_R1,asia,1.0,219,221,189,93,-46.446500000000185,-69.53287499999999,18.399625000000697,-103.15149999999971,722,345,377,0.4778393351800554,345,374,3,-200.7312499999992,-0.2780211218836554,0.9267869961377219,316.074374999999,9,2026-02-04,2026-03-10,7.329649584487531,7.329649584487531,1.0
asia_break_09_14,all,ASIAx025_R125,asia,1.25,219,221,189,93,-87.00187500000045,-62.073406250000346,-23.796562499999595,-99.27746874999926,722,303,419,0.4196675900277008,301,414,7,-272.14931249999967,-0.3769381059556782,0.9107179236968483,350.9134374999997,11,2026-02-04,2026-03-12,9.162061980609415,7.329649584487531,1.25
asia_break_09_14,all,ASIAx033_R1,asia,1.0,219,221,189,93,-42.96297500000004,-41.20064999999934,-97.28779499999936,-177.2957149999989,722,343,379,0.47506925207756234,342,374,6,-358.7471349999977,-0.4968796883656478,0.8900898657097457,458.56725999999844,11,2026-02-04,2026-03-12,8.57617462603878,8.57617462603878,1.0
asia_break_09_14,all,ASIAx033_R125,asia,1.25,219,221,189,93,-80.68591875000025,-19.436181249999322,-12.426917500000144,-74.90787999999851,722,312,410,0.43213296398891965,306,404,12,-187.4568974999982,-0.25963559210526066,0.946082372099423,436.46693874999823,11,2026-02-04,2026-03-12,10.720218282548476,8.57617462603878,1.25
asia_break_09_14,all,PREVx025_R1,prev,1.0,220,222,190,93,-230.16237499999949,106.14774999999969,-36.80149999999969,171.98049999999773,725,348,377,0.48,329,339,57,11.164374999998245,0.015399137931032062,1.002834353513365,432.7704999999993,8,2025-11-20,2025-12-05,11.803635689655172,11.803635689655172,1.0
asia_break_09_14,all,PREVx025_R125,prev,1.25,220,222,190,93,-204.47656249999997,51.80459374999923,-106.37637499999931,207.4859687499972,725,308,417,0.42482758620689653,278,370,77,-51.5623750000029,-0.07112051724138331,0.9879361099513496,510.1007500000005,10,2025-11-20,2025-12-10,14.754544612068964,11.803635689655172,1.25
asia_break_10_16,all,F10_10,fixed,1.0,244,243,209,116,-382.11900000000014,163.73399999999992,59.218999999999596,-82.02300000000014,812,383,429,0.47167487684729065,346,362,104,-241.18900000000076,-0.29703078817734085,0.9370851952782527,475.21100000000024,8,2023-02-14,2023-02-23,10.0,10.0,1.0
asia_break_10_16,all,F15_15,fixed,1.0,244,243,209,116,-260.7960000000005,197.365,148.30799999999863,117.97699999999986,812,394,418,0.4852216748768473,299,269,244,202.853999999998,0.2498201970443325,1.0426307430842778,377.5230000000006,8,2023-02-14,2023-02-23,15.0,15.0,1.0
asia_break_10_16,all,F20_20,fixed,1.0,244,243,209,116,-223.342000000001,379.8189999999993,210.19999999999936,261.7069999999999,812,405,407,0.4987684729064039,242,198,372,628.3839999999975,0.773871921182263,1.119096571508281,436.6420000000012,8,2023-02-14,2023-02-23,20.0,20.0,1.0
asia_break_10_16,all,F20_15,fixed,1.3333333333333333,244,243,209,116,-226.91700000000128,286.25700000000006,227.0369999999989,231.70699999999988,812,374,438,0.4605911330049261,225,281,306,518.0839999999976,0.6380344827586177,1.1041737545613866,389.7400000000014,8,2023-02-14,2023-02-23,20.0,15.0,1.333333333333333
asia_break_10_16,all,F25_20,fixed,1.25,244,243,209,116,-205.83500000000072,401.76299999999856,42.87299999999823,240.23699999999963,812,387,425,0.4766009852216749,169,212,431,479.0379999999957,0.5899482758620637,1.0859936750296502,424.14100000000076,8,2023-02-14,2023-02-23,25.0,20.0,1.25
asia_break_10_16,all,F30_25,fixed,1.2,244,243,209,116,-155.0680000000002,326.494999999999,89.35099999999738,364.08699999999817,812,392,420,0.4827586206896552,135,155,522,624.8649999999943,0.7695381773398945,1.1061377340354306,440.0950000000007,8,2023-02-14,2023-02-23,30.0,25.0,1.1999999999999997
asia_break_10_16,all,F40_30,fixed,1.3333333333333333,244,243,209,116,-97.54099999999971,379.1699999999996,5.636999999998352,368.8709999999978,812,390,422,0.4802955665024631,85,126,601,656.1369999999961,0.8080504926108326,1.1043264494373581,502.98699999999917,8,2023-02-14,2023-02-23,40.0,30.0,1.333333333333333
asia_break_10_16,all,R60x075_R1,r60,1.0,241,240,206,114,-156.06674999999956,-69.33387500000265,153.77412499999207,4.808499999997025,801,379,422,0.4731585518102372,378,413,10,-66.81800000001311,-0.0834182272159964,0.9811622502269736,278.45275000000123,10,2023-02-10,2023-02-23,8.897678370786519,8.897678370786519,1.0
asia_break_10_16,all,R60x075_R125,r60,1.25,241,240,206,114,-241.01746874999913,-76.87287500000343,89.67865624999123,99.70868749999593,801,329,472,0.4107365792759051,320,462,19,-128.50300000001542,-0.16042821473160476,0.9672325475713773,398.85587500000656,14,2024-10-04,2024-10-23,11.122097963483148,8.897678370786519,1.25
asia_break_10_16,all,R60x1_R1,r60,1.0,241,240,206,114,-72.17949999999837,-138.56200000000513,102.05949999999211,-1.479499999998552,801,385,416,0.48064918851435706,373,397,31,-110.16150000000994,-0.1375299625468289,0.9744511750652778,335.60200000000896,9,2024-09-06,2024-09-18,11.067310237203497,11.067310237203497,1.0
asia_break_10_16,all,R60x1_R125,r60,1.25,241,240,206,114,-130.4881249999995,-68.83062500000563,142.68687499999191,59.0696250000052,801,347,454,0.4332084893882647,319,431,51,2.437749999991979,0.003043383270901347,1.000529148363627,307.0501250000079,9,2024-09-06,2024-09-18,13.83413779650437,11.067310237203497,1.25
asia_break_10_16,all,ASIAx025_R1,asia,1.0,241,240,206,114,-132.0900000000002,-20.07862499999976,166.4812499999996,-136.26862500000004,801,387,414,0.48314606741573035,387,409,5,-121.95600000000042,-0.1522546816479406,0.9594372954139208,239.93150000000014,10,2023-02-10,2023-02-23,7.374191635455676,7.374191635455676,1.0
asia_break_10_16,all,ASIAx025_R125,asia,1.25,241,240,206,114,-237.4760312500003,-22.827312499999948,173.92037499999898,-158.35737500000056,801,333,468,0.4157303370786517,330,461,10,-244.7403437500018,-0.30554350031211214,0.9272721334525051,316.1847812500003,10,2023-02-10,2023-02-23,9.217739544319596,7.374191635455676,1.25
asia_break_10_16,all,ASIAx033_R1,asia,1.0,241,240,206,114,-143.20037000000025,-6.448009999999236,249.5786999999994,29.036680000000082,801,392,409,0.4893882646691635,389,401,11,128.96700000000007,0.16100749063670422,1.0382299156858237,232.99239999999787,10,2023-02-10,2023-02-23,8.687530499375777,8.687530499375777,1.0
asia_break_10_16,all,ASIAx033_R125,asia,1.25,241,240,206,114,-235.92933000000033,6.453725000000656,240.41121624999886,189.42102499999908,801,348,453,0.4344569288389513,340,445,16,200.35663624999836,0.25013312890137124,1.054214188298004,311.0764487500004,10,2023-02-10,2023-02-23,10.859413124219722,8.687530499375777,1.25
asia_break_10_16,all,PREVx025_R1,prev,1.0,242,241,207,114,-279.8003749999997,69.77962500000052,-60.26200000000097,354.33449999999937,804,389,415,0.48383084577114427,365,372,67,84.05174999999923,0.10454197761193934,1.0192157776882542,478.1777499999992,10,2023-02-10,2023-02-23,11.977689054726365,11.977689054726365,1.0
asia_break_10_16,all,PREVx025_R125,prev,1.25,242,241,207,114,-303.95659374999974,56.85303125000026,-38.28946875000145,449.9785624999989,804,346,458,0.43034825870646765,311,410,83,164.5855312499979,0.20470837220148994,1.0350141361260161,491.87253124999995,10,2023-02-10,2023-02-23,14.972111318407958,11.977689054726365,1.25
asia_break_retest,w=30,F10_10,fixed,1.0,156,155,126,59,-324.03600000000006,138.32399999999984,-37.003999999999905,-72.02300000000014,496,226,270,0.45564516129032256,198,222,76,-294.73900000000026,-0.5942318548387102,0.8764066475786958,380.82799999999975,8,2023-01-23,2023-02-09,10.0,10.0,1.0
asia_break_retest,w=30,F15_15,fixed,1.0,156,155,126,59,-254.84199999999987,205.27999999999906,37.21600000000035,12.976999999999862,496,234,262,0.4717741935483871,173,161,162,0.6309999999994034,0.0012721774193536358,1.0002176092434611,333.7329999999995,8,2023-01-23,2023-02-09,15.0,15.0,1.0
asia_break_retest,w=30,F20_20,fixed,1.0,156,155,126,59,-262.87099999999987,366.7589999999975,27.214000000000397,257.97699999999986,496,243,253,0.4899193548387097,139,106,251,389.0789999999979,0.7844334677419312,1.1266313906576066,336.7959999999987,10,2023-10-20,2023-11-09,20.0,20.0,1.0
asia_break_retest,w=30,F20_15,fixed,1.3333333333333333,156,155,126,59,-277.2000000000003,318.1089999999979,25.949000000000524,122.97699999999986,496,223,273,0.4495967741935484,128,166,202,189.834999999998,0.38273185483870564,1.063422577415234,326.7749999999994,10,2023-10-20,2023-11-09,20.0,15.0,1.3333333333333333
asia_break_retest,w=30,F25_20,fixed,1.25,156,155,126,59,-252.20400000000018,374.3949999999991,71.78699999999935,297.97699999999986,496,236,260,0.47580645161290325,102,112,282,491.9549999999981,0.9918447580645123,1.1540180311501778,322.03899999999885,10,2023-10-20,2023-11-09,25.0,20.0,1.25
asia_break_retest,w=30,F30_25,fixed,1.2,156,155,126,59,-222.18599999999992,416.72199999999975,41.456999999998516,551.4670000000006,496,245,251,0.4939516129032258,83,81,332,787.4599999999989,1.5876209677419333,1.2413758540158242,309.86299999999915,10,2023-10-20,2023-11-09,30.0,25.0,1.1999999999999997
asia_break_retest,w=30,F40_30,fixed,1.3333333333333333,156,155,126,59,-184.9849999999999,426.23999999999955,-45.076000000001386,515.8570000000009,496,241,255,0.48588709677419356,50,65,381,712.0359999999991,1.4355564516129016,1.2020380981458263,381.6489999999999,10,2023-10-20,2023-11-09,40.0,30.0,1.3333333333333333
asia_break_retest,w=30,R60x075_R1,r60,1.0,153,152,123,57,-88.56712499999963,-37.13024999999817,26.672124999998573,204.5591249999968,485,232,253,0.47835051546391755,232,249,4,105.53387499999758,0.21759561855669604,1.0585627135743072,176.85437499999694,8,2023-01-19,2023-02-07,7.717866752577321,7.717866752577321,1.0
asia_break_retest,w=30,R60x075_R125,r60,1.25,153,152,123,57,-109.76893749999961,-34.31349999999921,7.773999999997898,340.0556562499966,485,208,277,0.4288659793814433,206,273,6,203.74721874999568,0.4200973582474138,1.103670504308552,211.0888124999985,14,2025-09-24,2025-10-16,9.647333440721653,7.717866752577321,1.25
asia_break_retest,w=30,R60x1_R1,r60,1.0,153,152,123,57,-76.49199999999973,-140.79149999999913,-10.827000000004318,416.49149999999827,485,232,253,0.47835051546391755,229,245,11,188.38099999999508,0.3884144329896806,1.0874533152281116,284.7165000000043,7,2023-01-23,2023-02-07,9.501513402061862,9.501513402061862,1.0
asia_break_retest,w=30,R60x1_R125,r60,1.25,153,152,123,57,-138.64462500000002,-89.51999999999941,79.70837499999743,372.53137499999707,485,209,276,0.4309278350515464,198,268,19,224.07512499999507,0.46201056701029913,1.0948836434790614,268.13137499999914,7,2023-01-23,2023-02-07,11.876891752577325,9.501513402061862,1.25
asia_break_retest,w=30,ASIAx025_R1,asia,1.0,153,152,123,57,-110.26175,-48.96899999999937,16.733500000000618,19.31812499999853,485,225,260,0.4639175257731959,225,257,3,-123.17912500000023,-0.2539775773195881,0.9295370415457971,197.40124999999853,8,2023-01-19,2023-02-07,6.974521907216494,6.974521907216494,1.0
asia_break_retest,w=30,ASIAx025_R125,asia,1.25,153,152,123,57,-130.0764375,-61.49084374999981,10.838000000000733,59.36740624999834,485,198,287,0.40824742268041236,197,283,5,-121.36187500000074,-0.2502306701030943,0.9368712245023352,233.08943750000003,12,2024-10-07,2024-11-04,8.71815238402062,6.974521907216494,1.25
asia_break_retest,w=30,ASIAx033_R1,asia,1.0,153,152,123,57,-113.58259499999996,-50.62892499999985,27.566615000001317,54.87128499999908,485,229,256,0.47216494845360824,229,251,5,-81.7736199999994,-0.16860540206185443,0.9592140068571506,262.6380399999983,8,2023-01-19,2023-02-07,8.149392845360824,8.149392845360824,1.0
asia_break_retest,w=30,ASIAx033_R125,asia,1.25,153,152,123,57,-132.34613124999996,-65.08176750000024,64.78814125000045,127.19873124999948,485,205,280,0.422680412371134,201,275,9,-5.441026250000249,-0.011218610824742781,0.9974799800351096,242.8685024999993,12,2024-10-07,2024-11-04,10.18674105670103,8.149392845360824,1.25
asia_break_retest,w=30,PREVx025_R1,prev,1.0,154,153,126,58,-226.52112500000032,44.80412499999886,-54.300250000000005,442.5731249999992,491,232,259,0.4725050916496945,215,228,48,206.55587499999774,0.4206840631364516,1.085304027109017,294.0018750000018,9,2024-10-10,2024-11-04,11.41840809572301,11.41840809572301,1.0
asia_break_retest,w=30,PREVx025_R125,prev,1.25,154,153,126,58,-196.68731250000042,7.075843749997631,-78.0563749999992,445.60181249999886,491,209,282,0.4256619144602851,182,246,63,177.93396874999678,0.36239097505090995,1.0680304936550196,368.31753125000307,11,2025-11-26,2026-01-08,14.273010119653762,11.41840809572301,1.25
asia_break_retest,w=60,F10_10,fixed,1.0,170,167,144,67,-319.4839999999999,149.1070000000002,-49.86399999999958,-92.02300000000014,548,250,298,0.4562043795620438,220,244,84,-312.26399999999944,-0.5698248175182472,0.8811205876205731,366.2759999999996,7,2023-01-02,2023-01-17,10.0,10.0,1.0
asia_break_retest,w=60,F15_15,fixed,1.0,170,167,144,67,-237.39099999999962,224.06299999999987,8.006000000000768,-47.02300000000014,548,258,290,0.4708029197080292,189,181,178,-52.34499999999912,-0.09552007299269911,0.9837767090010521,314.1449999999993,8,2025-11-25,2025-12-29,15.0,15.0,1.0
asia_break_retest,w=60,F20_20,fixed,1.0,170,167,144,67,-257.9439999999995,407.9619999999984,5.9870000000009895,217.97699999999986,548,268,280,0.48905109489051096,155,122,271,373.98199999999974,0.6824489051094886,1.1085630466695522,310.99199999999837,9,2023-10-20,2023-11-02,20.0,20.0,1.0
asia_break_retest,w=60,F20_15,fixed,1.3333333333333333,170,167,144,67,-261.40599999999995,356.8919999999987,31.739000000000942,72.97699999999986,548,247,301,0.45072992700729925,143,186,219,200.20199999999954,0.36533211678832034,1.0603014802931792,308.58699999999953,9,2023-10-20,2023-11-02,20.0,15.0,1.333333333333333
asia_break_retest,w=60,F25_20,fixed,1.25,170,167,144,67,-249.82499999999982,421.4180000000001,3.4960000000000946,227.97699999999986,548,260,288,0.4744525547445255,110,129,309,403.06600000000026,0.7355218978102195,1.1123859734042967,316.56799999999885,9,2023-10-20,2023-11-02,25.0,20.0,1.25
asia_break_retest,w=60,F30_25,fixed,1.2,170,167,144,67,-214.65399999999931,456.7030000000009,39.01899999999932,464.96700000000055,548,271,277,0.49452554744525545,90,92,366,746.0350000000014,1.36137773722628,1.2041295718706235,325.4319999999984,9,2023-10-20,2023-11-02,30.0,25.0,1.1999999999999997
asia_break_retest,w=60,F40_30,fixed,1.3333333333333333,170,167,144,67,-167.4529999999993,469.2000000000005,-34.29000000000042,489.3570000000009,548,269,279,0.4908759124087591,56,73,419,756.8140000000017,1.3810474452554775,1.194016367008189,468.3919999999989,9,2023-10-20,2023-11-02,40.0,30.0,1.333333333333333
asia_break_retest,w=60,R60x075_R1,r60,1.0,167,164,141,65,-111.6748749999997,-17.574999999998738,-29.595500000001266,125.20537499999728,537,256,281,0.4767225325884544,256,277,4,-33.64000000000243,-0.06264432029795611,0.9838346356266672,201.97674999999964,8,2024-09-10,2024-09-25,7.750175512104285,7.750175512104285,1.0
asia_break_retest,w=60,R60x075_R125,r60,1.25,167,164,141,65,-126.62668749999968,-28.434406249999597,-45.24493750000204,264.33471874999725,537,229,308,0.4264432029795158,227,304,6,64.02868749999595,0.11923405493481555,1.0283308890453253,254.22025000000124,10,2024-09-02,2024-09-25,9.687719390130354,7.750175512104285,1.25
asia_break_retest,w=60,R60x1_R1,r60,1.0,167,164,141,65,-97.18349999999941,-144.83699999999976,-49.68000000000211,369.0535000000009,537,255,282,0.4748603351955307,252,272,13,77.35299999999961,0.14404655493482238,1.031388180241917,308.4655000000007,7,2024-02-23,2024-03-04,9.55602513966481,9.55602513966481,1.0
asia_break_retest,w=60,R60x1_R125,r60,1.25,167,164,141,65,-152.82199999999966,-84.33850000000018,50.543999999999755,337.2330000000002,537,231,306,0.4301675977653631,220,296,21,150.6165000000001,0.2804776536312851,1.0562558441682135,277.12724999999955,7,2024-02-23,2024-03-04,11.94503142458101,9.55602513966481,1.25
asia_break_retest,w=60,ASIAx025_R1,asia,1.0,167,164,141,65,-130.26175,-25.591374999999402,15.302125000000842,-32.402500000001055,537,250,287,0.4655493482309125,250,284,3,-172.95349999999962,-0.32207355679701977,0.9121179612745052,206.47599999999807,8,2024-09-10,2024-09-25,7.025374301675976,7.025374301675976,1.0
asia_break_retest,w=60,ASIAx025_R125,asia,1.25,167,164,141,65,-143.8264375,-38.518812499999854,-11.121343749999141,15.177531249998765,537,220,317,0.409683426443203,219,313,5,-178.28906250000023,-0.3320094273743021,0.9176268505353079,243.75237499999855,10,2024-09-02,2024-09-25,8.781717877094971,7.025374301675976,1.25
asia_break_retest,w=60,ASIAx033_R1,asia,1.0,167,164,141,65,-133.75204499999995,-33.37421499999975,-19.692839999998704,-13.399940000000383,537,251,286,0.46741154562383613,251,281,5,-200.21903999999878,-0.3728473743016737,0.9128905785562121,338.439209999998,8,2024-09-10,2024-09-25,8.232919162011171,8.232919162011171,1.0
asia_break_retest,w=60,ASIAx033_R125,asia,1.25,167,164,141,65,-146.26558124999994,-49.72525500000022,34.23626000000047,43.93977249999972,537,225,312,0.41899441340782123,221,307,9,-117.81480374999995,-0.21939442039106136,0.9522902984892805,287.01489499999917,10,2024-09-02,2024-09-25,10.291148952513964,8.232919162011171,1.25
asia_break_retest,w=60,PREVx025_R1,prev,1.0,168,165,142,66,-227.13500000000016,87.22912499999956,-78.02850000000001,398.9653750000001,541,257,284,0.47504621072088726,238,250,53,181.0309999999995,0.33462292051755915,1.0665888458505974,262.7598750000006,9,2023-04-28,2023-05-15,11.49165064695009,11.49165064695009,1.0
asia_break_retest,w=60,PREVx025_R125,prev,1.25,168,165,142,66,-187.51028125000025,63.767156249998365,-91.03124999999923,385.7715624999994,541,232,309,0.4288354898336414,203,269,69,170.9971874999983,0.31607613216265856,1.0585143976658524,258.52218750000156,12,2025-11-25,2026-01-08,14.364563308687613,11.49165064695009,1.25
asia_break_retest,w=120,F10_10,fixed,1.0,183,179,156,78,-330.7149999999999,131.7170000000001,-49.86399999999958,-142.02300000000014,596,270,326,0.45302013422818793,237,268,91,-390.88499999999954,-0.6558473154362409,0.8643072792617535,410.88499999999954,7,2023-10-25,2023-11-02,10.0,10.0,1.0
asia_break_retest,w=120,F15_15,fixed,1.0,183,179,156,78,-242.64599999999973,197.35199999999963,17.996000000000095,-122.02300000000014,596,278,318,0.4664429530201342,203,199,194,-149.32100000000014,-0.25053859060402706,0.9579548369493752,344.5550000000003,9,2025-11-25,2025-12-29,15.0,15.0,1.0
asia_break_retest,w=120,F20_20,fixed,1.0,183,179,156,78,-269.9489999999996,368.50099999999816,-32.539999999999054,157.97699999999986,596,288,308,0.48322147651006714,163,139,294,223.98899999999935,0.37582046979865663,1.0583173169800768,391.6099999999992,10,2023-10-20,2023-11-02,20.0,20.0,1.0
asia_break_retest,w=120,F20_15,fixed,1.3333333333333333,183,179,156,78,-258.41100000000006,332.43099999999845,13.212000000000899,-22.02300000000014,596,265,331,0.4446308724832215,149,205,242,65.20899999999915,0.10941107382550193,1.0178115713892772,331.71599999999967,10,2023-10-20,2023-11-02,20.0,15.0,1.3333333333333335
asia_break_retest,w=120,F25_20,fixed,1.25,183,179,156,78,-260.28700000000003,386.9569999999999,-30.03099999999995,187.97699999999986,596,280,316,0.4697986577181208,117,146,333,284.61599999999976,0.47754362416107343,1.0714671511897256,392.5299999999993,10,2023-10-20,2023-11-02,25.0,20.0,1.25
asia_break_retest,w=120,F30_25,fixed,1.2,183,179,156,78,-229.85299999999938,425.97200000000066,-9.50800000000072,371.0170000000003,596,290,306,0.4865771812080537,96,107,393,557.6280000000008,0.935617449664431,1.1351596420388401,352.69000000000005,10,2023-10-20,2023-11-02,30.0,25.0,1.2
asia_break_retest,w=120,F40_30,fixed,1.3333333333333333,183,179,156,78,-167.83899999999926,429.7990000000002,-32.97700000000077,442.9270000000006,596,290,306,0.4865771812080537,61,84,451,671.9100000000008,1.1273657718120818,1.1541262862494746,523.021999999999,10,2023-10-20,2023-11-02,40.0,30.0,1.3333333333333335
asia_break_retest,w=120,R60x075_R1,r60,1.0,180,176,153,76,-122.66262499999988,-27.271249999998588,-62.08737500000075,41.5877499999973,585,275,310,0.4700854700854701,275,306,4,-170.4335000000019,-0.2913393162393195,0.9279619837458125,255.15262499999915,9,2024-09-10,2024-09-25,7.854412820512819,7.854412820512819,1.0
asia_break_retest,w=120,R60x075_R125,r60,1.25,180,176,153,76,-128.8512812499999,-42.97534374999947,-83.92915625000171,195.52084374999725,585,246,339,0.4205128205128205,244,335,6,-60.23493750000381,-0.10296570512821164,0.9764321328550616,309.670000000001,11,2024-09-02,2024-09-25,9.818016025641025,7.854412820512819,1.25
asia_break_retest,w=120,R60x1_R1,r60,1.0,180,176,153,76,-112.01899999999955,-154.08549999999946,-61.422500000001946,303.1570000000006,585,276,309,0.4717948717948718,273,298,14,-24.370000000000346,-0.041658119658120246,0.9912417347690369,380.52000000000044,8,2024-02-22,2024-03-04,9.68702307692308,9.68702307692308,1.0
asia_break_retest,w=120,R60x1_R125,r60,1.25,180,176,153,76,-157.6862499999998,-97.59449999999981,43.03937500000018,295.09862499999986,585,251,334,0.42905982905982903,239,323,23,82.85725000000042,0.1416363247863255,1.0276148122423734,295.2474999999993,8,2024-02-22,2024-03-04,12.108778846153848,9.68702307692308,1.25
asia_break_retest,w=120,ASIAx025_R1,asia,1.0,180,176,153,76,-123.02299999999997,-35.5913749999994,5.136500000001092,-55.978250000001026,585,271,314,0.46324786324786327,271,311,3,-209.4561249999993,-0.3580446581196569,0.90450928004063,222.18237499999788,9,2024-09-10,2024-09-25,7.157312606837605,7.157312606837605,1.0
asia_break_retest,w=120,ASIAx025_R125,asia,1.25,180,176,153,76,-125.70203124999995,-53.518812499999854,-25.858781249998913,-15.299031250000667,585,238,347,0.40683760683760684,237,343,5,-220.37865624999938,-0.37671565170940063,0.9086830254453663,267.7754687499983,11,2024-09-02,2024-09-25,8.946640758547007,7.157312606837605,1.25
asia_break_retest,w=120,ASIAx033_R1,asia,1.0,180,176,153,76,-122.59689499999988,-43.41661499999984,-51.940264999998405,-90.14832999999958,585,270,315,0.46153846153846156,270,310,5,-308.10210499999766,-0.526670264957261,0.8813980918372923,383.61633499999726,9,2024-09-10,2024-09-25,8.396251393162391,8.396251393162391,1.0
asia_break_retest,w=120,ASIAx033_R125,asia,1.25,180,176,153,76,-122.74136499999986,-64.76765500000027,10.70624250000077,-12.289289999999525,585,243,342,0.4153846153846154,239,337,9,-189.0920674999989,-0.32323430341880155,0.9318271720138277,314.66652999999775,11,2024-09-02,2024-09-25,10.495314241452988,8.396251393162391,1.25
asia_break_retest,w=120,PREVx025_R1,prev,1.0,181,177,154,77,-242.38100000000003,65.86875000000003,-55.57612500000016,415.7108750000003,589,278,311,0.47198641765704585,256,273,60,183.62250000000017,0.31175297113752154,1.0608827943005137,299.0947499999999,9,2023-04-28,2023-05-15,11.720464770797959,11.720464770797959,1.0
asia_break_retest,w=120,PREVx025_R125,prev,1.25,181,177,154,77,-194.49646875000013,47.34221874999888,-58.89946874999967,393.8587500000001,589,252,337,0.42784380305602715,218,292,79,187.8050312499992,0.31885404286926855,1.0581688068218595,268.58406250000144,13,2025-11-25,2026-01-08,14.650580963497449,11.720464770797959,1.25
ensemble_trend_600,m=1,F10_10,fixed,1.0,260,262,261,166,-385.495000000001,165.09399999999937,227.60500000000002,-162.02300000000014,949,455,494,0.4794520547945205,421,428,100,-154.81900000000178,-0.16313909378293126,0.9653746216389208,500.5680000000011,14,2023-02-06,2023-02-23,10.0,10.0,1.0
ensemble_trend_600,m=1,F15_15,fixed,1.0,260,262,261,166,-343.95800000000213,161.83599999999888,292.8710000000001,-223.90999999999985,949,446,503,0.46996838777660693,346,338,265,-113.16100000000301,-0.11924236037934986,0.9806314608295462,535.0710000000024,10,2026-02-25,2026-03-10,15.0,15.0,1.0
ensemble_trend_600,m=1,F20_20,fixed,1.0,260,262,261,166,-336.30600000000277,185.16299999999683,297.39200000000255,-128.47000000000025,949,451,498,0.47523709167544786,283,274,392,17.77899999999636,0.01873445732349458,1.0026178650330735,622.4760000000028,8,2024-11-25,2024-12-04,20.0,20.0,1.0
ensemble_trend_600,m=1,F20_15,fixed,1.3333333333333333,260,262,261,166,-257.31700000000274,226.2179999999969,309.467000000001,-251.65999999999985,949,411,538,0.43308746048472074,258,361,330,26.70799999999531,0.028143308746043528,1.004294639130034,477.6560000000029,11,2026-03-31,2026-04-14,20.0,15.0,1.333333333333333
ensemble_trend_600,m=1,F25_20,fixed,1.25,260,262,261,166,-311.7420000000027,288.4159999999972,176.958000000001,-144.84000000000015,949,428,521,0.45100105374077976,213,289,447,8.791999999995369,0.009264488935716932,1.001232319225623,707.6699999999996,8,2024-11-25,2024-12-04,25.0,20.0,1.25
ensemble_trend_600,m=1,F30_25,fixed,1.2,260,262,261,166,-302.931000000003,231.88099999999736,112.12999999999965,-50.865999999999985,949,436,513,0.4594309799789252,174,227,548,-9.78600000000597,-0.01031190727081767,0.9987472978769726,809.9000000000005,8,2025-09-09,2025-09-18,30.0,25.0,1.1999999999999997
ensemble_trend_600,m=1,F40_30,fixed,1.3333333333333333,260,262,261,166,-241.96400000000244,171.91499999999746,-147.61200000000144,316.3180000000011,949,436,513,0.4594309799789252,113,189,647,98.6569999999947,0.10395890410958346,1.0117444335453882,785.8910000000005,9,2026-02-25,2026-03-09,40.0,30.0,1.333333333333333
ensemble_trend_600,m=1,R60x075_R1,r60,1.0,257,259,258,164,-94.58787500000068,-21.66912500000035,142.60649999999714,-123.41475000000435,938,465,473,0.4957356076759062,465,467,6,-97.06525000000823,-0.10348107675907062,0.9743085064920691,294.59425000000226,10,2023-02-10,2023-02-23,7.9937301439232336,7.9937301439232336,1.0
ensemble_trend_600,m=1,R60x075_R125,r60,1.25,257,259,258,164,-206.34821875000068,14.975156249999458,119.20574999999565,-172.80621875000153,938,402,536,0.42857142857142855,396,529,13,-244.97353125000714,-0.2611658115671718,0.9421182721760571,379.9688125000025,10,2023-02-10,2023-02-23,9.992162679904041,7.9937301439232336,1.25
ensemble_trend_600,m=1,R60x1_R1,r60,1.0,257,259,258,164,-34.90700000000038,3.8594999999982065,49.685499999995045,-289.7180000000021,938,463,475,0.4936034115138593,460,462,16,-271.08000000000925,-0.28899786780384784,0.9422082264803047,406.213000000002,8,2026-02-25,2026-03-06,9.846846481876321,9.846846481876321,1.0
ensemble_trend_600,m=1,R60x1_R125,r60,1.25,257,259,258,164,-117.8864999999999,53.60362499999894,46.94474999999272,-192.30225000000416,938,411,527,0.43816631130063965,400,513,25,-209.6403750000124,-0.22349720149255053,0.9591044876131506,414.8218750000091,10,2023-02-10,2023-02-23,12.3085581023454,9.846846481876321,1.25
ensemble_trend_600,m=1,ASIAx025_R1,asia,1.0,257,259,258,164,-56.67550000000011,-81.99387500000057,62.30562500000087,-380.23474999999996,938,453,485,0.48294243070362475,451,480,7,-456.5984999999998,-0.4867787846481874,0.888434670799191,521.1222499999997,10,2023-02-10,2023-02-23,8.288382329424303,8.288382329424303,1.0
ensemble_trend_600,m=1,ASIAx025_R125,asia,1.25,257,259,258,164,-142.7118437499999,-33.58665625000063,173.2459062500004,-346.6011562500007,938,406,532,0.43283582089552236,399,527,12,-349.65375000000085,-0.3727651918976555,0.9212632158620995,462.1315000000004,10,2023-02-10,2023-02-23,10.360477911780379,8.288382329424303,1.25
ensemble_trend_600,m=1,ASIAx033_R1,asia,1.0,257,259,258,164,-61.66932500000037,-34.989199999999634,48.18850500000141,-201.09264000000158,938,462,476,0.4925373134328358,457,469,12,-249.56266000000014,-0.2660582729211089,0.9470038015172091,503.82925999999884,10,2023-02-10,2023-02-23,9.90312200959488,9.90312200959488,1.0
ensemble_trend_600,m=1,ASIAx033_R125,asia,1.25,257,259,258,164,-158.66800375000014,42.13463750000059,137.52594500000146,-313.9174775000012,938,409,529,0.43603411513859275,396,519,23,-292.92489874999933,-0.3122866724413639,0.9434273190537336,560.1812399999981,10,2023-02-10,2023-02-23,12.378902511993598,9.90312200959488,1.25
ensemble_trend_600,m=1,PREVx025_R1,prev,1.0,256,259,258,164,-177.5686250000008,138.0242499999984,-60.82600000000161,-296.8431250000011,937,459,478,0.48986125933831376,436,435,66,-397.2135000000051,-0.42392049092850065,0.9332620262095151,788.4954999999998,10,2023-02-10,2023-02-23,13.041076173959445,13.041076173959445,1.0
ensemble_trend_600,m=1,PREVx025_R125,prev,1.25,256,259,258,164,-227.3783125000005,116.57778124999753,-29.412968750001255,-397.39553125000106,937,411,526,0.4386339381003202,371,480,86,-537.6090312500053,-0.5737556363393866,0.9168626972080802,842.3222499999983,10,2023-02-10,2023-02-23,16.301345217449303,13.041076173959445,1.25
ensemble_trend_600,m=3,F10_10,fixed,1.0,170,157,174,109,-378.18200000000047,241.5299999999993,234.23800000000028,-172.02300000000014,610,289,321,0.4737704918032787,269,270,71,-74.43700000000104,-0.12202786885246071,0.9737365126935305,418.95300000000043,13,2023-02-01,2023-02-22,10.0,10.0,1.0
ensemble_trend_600,m=3,F15_15,fixed,1.0,170,157,174,109,-379.51600000000167,188.65699999999856,296.9249999999993,-47.02300000000014,610,287,323,0.4704918032786885,226,211,173,59.04299999999603,0.09679180327868202,1.0161526169657866,432.2630000000015,16,2023-01-27,2023-02-22,15.0,15.0,1.0
ensemble_trend_600,m=3,F20_20,fixed,1.0,170,157,174,109,-397.09200000000214,345.91099999999733,303.1160000000009,68.41699999999946,610,294,316,0.4819672131147541,186,168,256,320.35199999999554,0.5251672131147468,1.076721811346709,470.13500000000204,16,2023-01-27,2023-02-22,20.0,20.0,1.0
ensemble_trend_600,m=3,F20_15,fixed,1.3333333333333333,170,157,174,109,-323.463000000002,313.6589999999974,273.2170000000001,-114.77300000000014,610,264,346,0.43278688524590164,167,227,216,148.63999999999533,0.24367213114753333,1.0380169203941432,389.88300000000186,16,2023-01-27,2023-02-22,20.0,15.0,1.3333333333333335
ensemble_trend_600,m=3,F25_20,fixed,1.25,170,157,174,109,-405.80700000000206,420.08399999999733,55.94199999999955,-17.95300000000043,610,273,337,0.44754098360655736,131,182,297,52.26599999999439,0.08568196721310556,1.011626127444742,605.1260000000002,16,2023-01-27,2023-02-22,25.0,20.0,1.25
ensemble_trend_600,m=3,F30_25,fixed,1.2,170,157,174,109,-377.1290000000022,423.53699999999776,64.8809999999994,26.02099999999973,610,280,330,0.45901639344262296,109,138,363,137.30999999999472,0.22509836065572905,1.0283267008707804,695.3490000000006,16,2023-01-27,2023-02-22,30.0,25.0,1.1999999999999997
ensemble_trend_600,m=3,F40_30,fixed,1.3333333333333333,170,157,174,109,-337.09100000000194,416.68599999999765,-32.9620000000009,59.95100000000002,610,279,331,0.45737704918032784,68,117,425,106.58399999999483,0.17472786885245054,1.0203067735733007,792.052000000001,16,2023-01-27,2023-02-22,40.0,30.0,1.3333333333333335
ensemble_trend_600,m=3,R60x075_R1,r60,1.0,167,154,171,107,-144.41825000000028,23.527499999999577,205.23749999999632,-75.88925000000665,599,297,302,0.4958263772954925,297,296,6,8.457499999988954,0.014119365609330475,1.0034949009622194,172.27750000000032,8,2023-11-21,2023-12-06,8.15915338063439,8.15915338063439,1.0
ensemble_trend_600,m=3,R60x075_R125,r60,1.25,167,154,171,107,-214.9109375000001,49.71090624999937,171.97659374999617,-145.32718750000424,599,255,344,0.4257095158597663,253,337,9,-138.55062500000884,-0.23130321368949722,0.9495436047535835,255.31706250000016,9,2026-02-13,2026-03-13,10.198941725792986,8.15915338063439,1.25
ensemble_trend_600,m=3,R60x1_R1,r60,1.0,167,154,171,107,-85.7359999999992,39.33949999999868,131.45749999999407,-226.48550000000387,599,293,306,0.48914858096828046,291,294,14,-141.4245000000103,-0.2361010016694663,0.9535792898402176,281.11700000000246,7,2023-02-10,2023-02-22,10.118483305509173,10.118483305509173,1.0
ensemble_trend_600,m=3,R60x1_R125,r60,1.25,167,154,171,107,-119.3691249999984,79.99212499999828,139.23174999999344,-202.9151250000051,599,262,337,0.4373956594323873,257,324,18,-103.06037500001179,-0.17205404841404306,0.9691160914287392,286.4665000000084,7,2023-02-10,2023-02-22,12.648104131886464,10.118483305509173,1.25
ensemble_trend_600,m=3,ASIAx025_R1,asia,1.0,167,154,171,107,-105.93425000000008,-12.460750000000303,168.16150000000073,-257.2423750000013,599,290,309,0.48414023372287146,289,304,6,-207.47587500000094,-0.34637040901502664,0.9172762191115346,295.14675000000136,7,2023-02-10,2023-02-22,8.080010016694487,8.080010016694487,1.0
ensemble_trend_600,m=3,ASIAx025_R125,asia,1.25,167,154,171,107,-162.82659374999986,30.799874999999645,272.38725000000034,-327.61100000000204,599,259,340,0.4323873121869783,256,335,8,-187.25046875000191,-0.312605123121873,0.9319689145949057,368.30090625000213,7,2023-02-10,2023-02-22,10.10001252086811,8.080010016694487,1.25
ensemble_trend_600,m=3,ASIAx033_R1,asia,1.0,167,154,171,107,-109.8401350000001,-6.327854999999714,195.05528500000057,-121.05850500000291,599,297,302,0.4958263772954925,294,296,9,-42.17121000000212,-0.07040268781302524,0.9854759696678816,390.3547699999999,7,2023-02-10,2023-02-22,9.724964557595992,9.724964557595992,1.0
ensemble_trend_600,m=3,ASIAx033_R125,asia,1.25,167,154,171,107,-165.15213374999988,55.90964500000025,226.23715250000078,-243.235347500003,599,262,337,0.4373956594323873,256,328,15,-126.24068375000182,-0.21075239357262407,0.960864952665968,501.2801024999993,10,2026-02-04,2026-03-12,12.15620569699499,9.724964557595992,1.25
ensemble_trend_600,m=3,PREVx025_R1,prev,1.0,167,156,172,108,-169.69349999999997,108.01099999999968,-140.27987500000006,-182.74725000000205,603,290,313,0.48092868988391374,278,278,47,-384.7096250000024,-0.6379927446102859,0.9008085083904726,702.622875,8,2023-11-21,2023-12-06,13.103563847429513,13.103563847429513,1.0
ensemble_trend_600,m=3,PREVx025_R125,prev,1.25,167,156,172,108,-252.1715937499997,154.42518749999942,-116.8305312499991,-152.82978125000304,603,260,343,0.4311774461028192,237,307,59,-367.4067187500023,-0.6092980410447799,0.9114602679645504,731.5670624999983,10,2025-11-12,2025-12-10,16.37945480928689,13.103563847429513,1.25
ensemble_trend_840,m=1,F10_10,fixed,1.0,260,262,261,166,-194.5109999999995,51.47999999999979,-212.86599999999953,-162.02300000000014,949,440,509,0.4636459430979979,383,426,140,-517.9199999999994,-0.5457534246575336,0.8850764980639723,583.1029999999992,16,2023-02-02,2023-02-23,10.0,10.0,1.0
ensemble_trend_840,m=1,F15_15,fixed,1.0,260,262,261,166,-100.03000000000043,167.49899999999843,-311.08900000000085,-212.02300000000014,949,445,504,0.46891464699683877,314,331,304,-455.643000000003,-0.48012961011591465,0.9210590054234756,690.5700000000029,10,2025-12-08,2025-12-19,15.0,15.0,1.0
ensemble_trend_840,m=1,F20_20,fixed,1.0,260,262,261,166,-188.8510000000008,342.8959999999995,-218.71600000000126,185.3070000000007,949,461,488,0.4857744994731296,265,245,439,120.63599999999815,0.12711907270811185,1.0189364530960334,577.6110000000003,10,2025-12-08,2025-12-19,20.0,20.0,1.0
ensemble_trend_840,m=1,F20_15,fixed,1.3333333333333333,260,262,261,166,-120.03500000000054,294.5469999999991,-184.38200000000097,-94.13299999999981,949,425,524,0.44783983140147526,239,345,365,-104.0030000000022,-0.10959220231823204,0.9826801466749419,528.1250000000009,10,2025-12-08,2025-12-19,20.0,15.0,1.333333333333333
ensemble_trend_840,m=1,F25_20,fixed,1.25,260,262,261,166,-152.70700000000124,387.6290000000017,-347.31600000000117,330.0770000000007,949,444,505,0.4678609062170706,194,255,500,217.683,0.22938145416227607,1.0329210744450958,613.2830000000026,10,2025-12-08,2025-12-19,25.0,20.0,1.25
ensemble_trend_840,m=1,F30_25,fixed,1.2,260,262,261,166,-127.38000000000079,470.26500000000146,-448.8570000000018,481.3010000000004,949,449,500,0.4731296101159115,166,201,582,375.32899999999927,0.39549947312960937,1.0522630170878366,679.5390000000025,10,2025-12-08,2025-12-19,30.0,25.0,1.1999999999999997
ensemble_trend_840,m=1,F40_30,fixed,1.3333333333333333,260,262,261,166,-106.11900000000037,507.9030000000016,-466.35800000000245,330.0420000000031,949,445,504,0.46891464699683877,103,168,678,265.4680000000019,0.27973445732350044,1.0338059434828932,792.0710000000004,13,2025-12-03,2025-12-19,40.0,30.0,1.333333333333333
ensemble_trend_840,m=1,R60x075_R1,r60,1.0,257,259,258,164,-53.53824999999915,-146.79075000000188,-260.25375000000747,16.510499999998387,938,432,506,0.4605543710021322,425,494,19,-444.0722500000101,-0.4734245735607784,0.8807095912654654,565.66975000001,9,2023-01-27,2023-02-08,7.545932302771868,7.545932302771868,1.0
ensemble_trend_840,m=1,R60x075_R125,r60,1.25,257,259,258,164,-85.48168749999905,-174.2384062500028,-204.80603125000752,57.26018750000085,938,379,559,0.40405117270788915,368,545,25,-407.26593750000853,-0.4341854344349771,0.8994523515378541,582.731468750012,14,2025-09-09,2025-09-26,9.432415378464835,7.545932302771868,1.25
ensemble_trend_840,m=1,R60x1_R1,r60,1.0,257,259,258,164,-38.78899999999908,-100.71650000000432,-306.84000000000697,32.79650000000265,938,436,502,0.464818763326226,427,482,29,-413.5490000000077,-0.44088379530917665,0.905410149946602,592.5705000000089,9,2023-01-27,2023-02-08,9.069589019189772,9.069589019189772,1.0
ensemble_trend_840,m=1,R60x1_R125,r60,1.25,257,259,258,164,-97.1904999999997,-109.38137500000533,-411.00412500000755,113.18375000000071,938,383,555,0.40831556503198296,366,530,42,-504.39225000001187,-0.537731609808115,0.894708268116445,760.620875000012,12,2023-01-24,2023-02-08,11.336986273987218,9.069589019189772,1.25
ensemble_trend_840,m=1,ASIAx025_R1,asia,1.0,257,259,258,164,-14.252999999999986,-128.21237499999984,-179.37562500000047,-201.79900000000077,938,427,511,0.4552238805970149,420,499,19,-523.640000000001,-0.5582515991471226,0.8727472442016444,627.3247500000017,9,2023-01-27,2023-02-08,8.288382329424303,8.288382329424303,1.0
ensemble_trend_840,m=1,ASIAx025_R125,asia,1.25,257,259,258,164,-52.45778125000001,-124.47743749999981,-100.09909375000038,-37.34834374999963,938,381,557,0.40618336886993606,368,543,27,-314.38265624999985,-0.3351627465351811,0.9284794483946147,444.3322812500002,12,2023-01-24,2023-02-08,10.360477911780379,8.288382329424303,1.25
ensemble_trend_840,m=1,ASIAx033_R1,asia,1.0,257,259,258,164,-5.605965000000232,-76.29848999999952,-96.41891000000152,35.98635000000096,938,437,501,0.46588486140724944,424,485,29,-142.33701500000015,-0.15174521855010678,0.9692123932319768,387.65368000000075,9,2023-01-27,2023-02-08,9.90312200959488,9.90312200959488,1.0
ensemble_trend_840,m=1,ASIAx033_R125,asia,1.25,257,259,258,164,-52.25475625000037,-88.82935249999908,-64.41391875000349,279.5944662500008,938,391,547,0.4168443496801706,369,527,42,74.09643874999784,0.07899407116204461,1.014927098254402,330.2085412500024,12,2023-01-24,2023-02-08,12.378902511993598,9.90312200959488,1.25
ensemble_trend_840,m=1,PREVx025_R1,prev,1.0,256,259,258,164,-90.87674999999962,-96.03112499999912,-440.76912499999764,50.335875000001806,937,436,501,0.46531483457844186,403,440,94,-577.3411249999946,-0.6161591515474862,0.9020857011741871,849.2852499999949,9,2023-01-27,2023-02-08,13.041076173959445,13.041076173959445,1.0
ensemble_trend_840,m=1,PREVx025_R125,prev,1.25,256,259,258,164,-113.85278124999985,-35.38428124999872,-359.62856249999675,239.04356250000268,937,401,536,0.4279615795090715,347,469,121,-269.8220624999927,-0.28796378068302314,0.9564897075651619,687.949999999994,9,2023-01-27,2023-02-08,16.301345217449303,13.041076173959445,1.25
ensemble_trend_840,m=3,F10_10,fixed,1.0,159,162,160,97,-127.77399999999989,35.75999999999999,-111.86599999999999,-192.02300000000014,578,262,316,0.4532871972318339,228,264,86,-395.903,-0.6849532871972319,0.8577680202852377,435.193,10,2023-02-02,2023-02-23,10.0,10.0,1.0
ensemble_trend_840,m=3,F15_15,fixed,1.0,159,162,160,97,-10.50200000000109,97.16399999999976,-136.83700000000135,-347.02300000000014,578,263,315,0.45501730103806226,189,208,181,-397.1980000000028,-0.6871937716263025,0.8893083352469443,593.3390000000009,10,2023-02-02,2023-02-23,15.0,15.0,1.0
ensemble_trend_840,m=3,F20_20,fixed,1.0,159,162,160,97,-79.99000000000115,241.70600000000059,-236.76200000000154,78.58700000000044,578,277,301,0.47923875432525953,159,155,264,3.5409999999983484,0.0061262975778518134,1.0009015704537458,448.1640000000011,10,2023-02-02,2023-02-23,20.0,20.0,1.0
ensemble_trend_840,m=3,F20_15,fixed,1.3333333333333333,159,162,160,97,-18.661000000000968,197.1330000000005,-150.65000000000146,-237.02300000000014,578,251,327,0.4342560553633218,140,216,222,-209.20100000000207,-0.3619394463667856,0.9437398815638727,483.88200000000097,10,2023-02-02,2023-02-23,20.0,15.0,1.3333333333333333
ensemble_trend_840,m=3,F25_20,fixed,1.25,159,162,160,97,-59.78100000000154,275.37000000000194,-244.4590000000012,123.41700000000037,578,268,310,0.46366782006920415,114,162,302,94.54699999999957,0.1635761245674733,1.0231875264562005,526.0840000000003,10,2023-02-02,2023-02-23,25.0,20.0,1.25
ensemble_trend_840,m=3,F30_25,fixed,1.2,159,162,160,97,-38.528000000001384,312.70900000000165,-304.5270000000014,284.43100000000095,578,273,305,0.47231833910034604,99,124,355,254.0849999999998,0.439593425605536,1.058202155049982,520.1269999999995,10,2023-02-02,2023-02-23,30.0,25.0,1.1999999999999997
ensemble_trend_840,m=3,F40_30,fixed,1.3333333333333333,159,162,160,97,-15.498000000000957,374.6640000000016,-426.2340000000022,94.59800000000223,578,269,309,0.46539792387543255,59,108,411,27.530000000000655,0.04762975778546826,1.005636693502897,779.4069999999983,10,2023-02-02,2023-02-23,40.0,30.0,1.3333333333333333
ensemble_trend_840,m=3,R60x075_R1,r60,1.0,156,159,157,95,2.968250000000751,-62.910374999999874,-273.99562500000457,-115.4445000000037,567,255,312,0.4497354497354497,251,305,11,-449.3822500000074,-0.7925612874779672,0.8114626054566484,499.652750000007,8,2023-01-24,2023-02-06,7.701561728395068,7.701561728395068,1.0
ensemble_trend_840,m=3,R60x075_R125,r60,1.25,156,159,157,95,-20.178187499999126,-75.67537500000033,-230.95506250000375,-98.11250000000041,567,225,342,0.3968253968253968,218,333,16,-424.9211250000036,-0.7494199735449799,0.8346801298332562,479.21246875000355,10,2024-02-16,2024-03-04,9.626952160493836,7.701561728395068,1.25
ensemble_trend_840,m=3,R60x1_R1,r60,1.0,156,159,157,95,-3.5659999999991214,-16.1045000000006,-299.96850000000404,-154.5380000000032,567,258,309,0.455026455026455,252,296,19,-474.17700000000696,-0.8362910052910175,0.8306352237245033,535.7080000000065,8,2023-01-24,2023-02-06,9.284309523809522,9.284309523809522,1.0
ensemble_trend_840,m=3,R60x1_R125,r60,1.25,156,159,157,95,-43.797499999999445,-42.525125000000855,-380.46912500000485,-141.40587500000242,567,225,342,0.3968253968253968,215,326,26,-608.1976250000075,-1.0726589506172972,0.8026327232782803,698.0057500000069,10,2024-02-16,2024-03-04,11.605386904761902,9.284309523809522,1.25
ensemble_trend_840,m=3,ASIAx025_R1,asia,1.0,156,159,157,95,26.19612499999988,-85.36724999999967,-187.71625000000142,-269.8627499999998,567,250,317,0.4409171075837742,246,310,11,-516.7501250000009,-0.9113758818342168,0.7995097058084504,629.7742500000013,9,2025-09-09,2025-09-26,8.251396384479714,8.251396384479714,1.0
ensemble_trend_840,m=3,ASIAx025_R125,asia,1.25,156,159,157,95,-6.607625000000127,-88.62474999999972,-129.5325312500013,-159.50340624999902,567,223,344,0.3932980599647266,215,336,16,-384.2683125000002,-0.6777218915343919,0.8594452732998477,488.9258750000006,10,2024-02-16,2024-03-04,10.314245480599643,8.251396384479714,1.25
ensemble_trend_840,m=3,ASIAx033_R1,asia,1.0,156,159,157,95,29.517699999999756,-48.58777999999887,-88.84364500000181,-95.97952499999899,567,263,304,0.4638447971781305,255,295,17,-203.8932499999999,-0.3596000881834214,0.9279689890544284,444.8291799999992,9,2025-09-09,2025-09-26,9.845252813051143,9.845252813051143,1.0
ensemble_trend_840,m=3,ASIAx033_R125,asia,1.25,156,159,157,95,-13.724307500000371,-76.61551249999869,-92.6307187500028,119.59396875000128,567,234,333,0.4126984126984127,220,320,27,-63.376570000000555,-0.11177525573192337,0.9790093640327057,386.90700249999907,10,2024-02-16,2024-03-04,12.306566016313932,9.845252813051143,1.25
ensemble_trend_840,m=3,PREVx025_R1,prev,1.0,157,162,157,97,-53.39512500000029,-125.45112499999988,-253.85262499999862,1.4552500000016835,573,265,308,0.462478184991274,246,270,57,-431.2436249999971,-0.7526066753926651,0.8803050953729228,643.6639999999977,10,2024-02-16,2024-03-04,12.938543193717276,12.938543193717276,1.0
ensemble_trend_840,m=3,PREVx025_R125,prev,1.25,157,162,157,97,-83.99131250000035,-114.08853124999955,-215.3742812499989,151.62625000000182,573,240,333,0.418848167539267,212,292,69,-261.827874999997,-0.4569421902268708,0.9312849884280489,546.3860624999974,10,2024-02-16,2024-03-04,16.173178992146596,12.938543193717276,1.25
asia_break_09_14_confirm1,all,F10_10,fixed,1.0,183,192,177,87,-276.73199999999997,43.63999999999919,109.58699999999999,-50.0,639,309,330,0.4835680751173709,279,291,69,-173.5050000000008,-0.2715258215962454,0.9433326866587104,369.70699999999965,8,2023-08-03,2023-08-22,10.0,10.0,1.0
asia_break_09_14_confirm1,all,F15_15,fixed,1.0,183,192,177,87,-269.5669999999998,115.08499999999935,15.330000000000382,15.0,639,307,332,0.48043818466353677,232,229,178,-124.15200000000004,-0.19429107981220664,0.9686297339849349,399.2239999999997,9,2023-10-20,2023-11-02,15.0,15.0,1.0
asia_break_09_14_confirm1,all,F20_20,fixed,1.0,183,192,177,87,-266.96400000000017,250.18799999999806,-52.16699999999855,180.0,639,314,325,0.49139280125195617,190,176,273,111.05699999999933,0.17379812206572665,1.0245934747802667,439.67899999999986,9,2023-10-20,2023-11-02,20.0,20.0,1.0
asia_break_09_14_confirm1,all,F20_15,fixed,1.3333333333333333,183,192,177,87,-217.18799999999965,241.10799999999904,54.58400000000029,95.0,639,292,347,0.4569640062597809,176,238,225,173.50399999999968,0.2715242566510167,1.042213236403272,353.44699999999943,9,2023-10-20,2023-11-02,20.0,15.0,1.3333333333333333
asia_break_09_14_confirm1,all,F25_20,fixed,1.25,183,192,177,87,-253.4170000000006,228.74099999999748,-203.3749999999991,121.38999999999942,639,299,340,0.4679186228482003,129,188,322,-106.66100000000279,-0.16691862284820466,0.9776326854156656,489.9810000000002,9,2023-10-20,2023-11-02,25.0,20.0,1.25
asia_break_09_14_confirm1,all,F30_25,fixed,1.2,183,192,177,87,-250.0860000000007,365.9349999999981,-191.02400000000125,239.78999999999905,639,310,329,0.48513302034428796,104,134,401,164.61499999999523,0.257613458528944,1.0333142424634902,571.3790000000013,9,2023-10-20,2023-11-02,30.0,25.0,1.2
asia_break_09_14_confirm1,all,F40_30,fixed,1.3333333333333333,183,192,177,87,-194.2710000000004,379.6059999999977,-126.21200000000044,293.9000000000001,639,312,327,0.48826291079812206,70,105,464,353.02299999999696,0.5524616588419358,1.0675698747569646,700.9389999999999,9,2023-10-20,2023-11-02,40.0,30.0,1.3333333333333333
asia_break_09_14_confirm1,all,R60x075_R1,r60,1.0,183,192,177,87,-75.5522499999999,-119.74274999999852,30.535499999999615,42.191875000001005,639,295,344,0.4616588419405321,294,339,6,-122.5676249999978,-0.19181161971830643,0.9569041802647602,309.8024999999986,8,2023-06-09,2023-06-20,8.77357120500783,8.77357120500783,1.0
asia_break_09_14_confirm1,all,R60x075_R125,r60,1.25,183,192,177,87,-93.15953125000043,-32.411281249997984,74.30506249999806,59.22115624999992,639,269,370,0.4209702660406886,267,364,8,7.9554062499995695,0.012449775039122956,1.0025795256030985,269.5183750000001,9,2026-02-11,2026-03-12,10.966964006259788,8.77357120500783,1.25
asia_break_09_14_confirm1,all,R60x1_R1,r60,1.0,183,192,177,87,-92.52400000000057,-49.95099999999911,122.22999999999956,146.16299999999865,639,307,332,0.48043818466353677,301,320,18,125.91799999999853,0.19705477308293978,1.0375471079515877,295.6389999999983,8,2024-02-22,2024-03-04,10.937322378716761,10.937322378716761,1.0
asia_break_09_14_confirm1,all,R60x1_R125,r60,1.25,183,192,177,87,-55.35875000000044,32.393500000000074,88.76575000000082,66.9038750000002,639,282,357,0.4413145539906103,262,344,33,132.70437500000065,0.20767507824726236,1.0363464441435608,416.7903750000015,11,2026-02-11,2026-03-17,13.671652973395952,10.937322378716761,1.25
asia_break_09_14_confirm1,all,ASIAx025_R1,asia,1.0,183,192,177,87,-86.85949999999997,-75.23949999999991,39.52250000000049,-25.259750000000054,639,300,339,0.4694835680751174,299,336,4,-147.83624999999944,-0.231355633802816,0.9396985431927943,252.9734999999991,8,2023-06-09,2023-06-20,7.461991392801249,7.461991392801249,1.0
asia_break_09_14_confirm1,all,ASIAx025_R125,asia,1.25,183,192,177,87,-94.39787499999996,-20.260281249999878,-19.609875000000017,23.94043750000023,639,270,369,0.4225352112676056,268,365,6,-110.32759374999962,-0.17265664123630614,0.9589488000410785,252.94837499999923,9,2025-02-12,2025-02-28,9.32748924100156,7.461991392801249,1.25
asia_break_09_14_confirm1,all,ASIAx033_R1,asia,1.0,183,192,177,87,-83.37597499999981,-67.46451499999958,-28.34825999999991,-214.57511499999973,639,298,341,0.46635367762128327,296,336,7,-393.763864999999,-0.6162188810641611,0.8682905907921996,480.20848999999845,9,2026-02-11,2026-03-12,8.78325394366197,8.78325394366197,1.0
asia_break_09_14_confirm1,all,ASIAx033_R125,asia,1.25,183,192,177,87,-88.08191874999976,-4.406788749999688,-81.6200287499999,-118.77255374999872,639,269,370,0.4209702660406886,265,365,9,-292.8812899999981,-0.45834317683880765,0.9087433900825663,457.5134399999983,9,2026-02-11,2026-03-12,10.979067429577464,8.78325394366197,1.25
asia_break_09_14_confirm1,all,PREVx025_R1,prev,1.0,182,191,175,85,-205.8977499999998,22.823374999999032,-81.9591250000002,235.34887499999832,633,306,327,0.4834123222748815,286,306,41,-29.684625000002654,-0.04689514218009898,0.9917761491321448,416.8270000000007,7,2024-02-22,2024-03-01,12.114151658767774,12.114151658767774,1.0
asia_break_09_14_confirm1,all,PREVx025_R125,prev,1.25,182,191,175,85,-189.6516562499999,-45.59565625000103,-152.31803125000096,293.60506249999867,633,272,361,0.4296998420221169,242,335,56,-93.96028125000322,-0.14843646327014726,0.9760372823041519,567.187625000001,8,2023-06-09,2023-06-20,15.142689573459716,12.114151658767774,1.25
asia_break_10_16_confirm1,all,F10_10,fixed,1.0,229,229,202,110,-426.04500000000144,12.89400000000046,39.58699999999999,-100.0,770,361,409,0.4688311688311688,317,357,96,-473.564000000001,-0.6150181818181831,0.874783379402944,527.138000000001,8,2023-02-14,2023-02-23,10.0,10.0,1.0
asia_break_10_16_confirm1,all,F15_15,fixed,1.0,229,229,202,110,-311.1190000000015,138.17300000000046,266.9189999999994,120.0,770,387,383,0.5025974025974026,279,255,236,213.97299999999836,0.27788701298701085,1.0477492428893183,457.3440000000014,10,2023-10-20,2023-11-02,15.0,15.0,1.0
asia_break_10_16_confirm1,all,F20_20,fixed,1.0,229,229,202,110,-287.044000000001,286.9470000000001,242.02400000000034,200.0,770,391,379,0.5077922077922078,224,196,350,441.92699999999945,0.5739311688311681,1.0864816957282724,491.9170000000008,10,2023-10-20,2023-11-02,20.0,20.0,1.0
asia_break_10_16_confirm1,all,F20_15,fixed,1.3333333333333333,229,229,202,110,-245.05900000000133,258.98500000000035,325.24499999999944,205.0,770,368,402,0.4779220779220779,211,267,292,544.1709999999985,0.7067155844155825,1.116151314680114,402.8860000000011,10,2023-10-20,2023-11-02,20.0,15.0,1.3333333333333335
asia_break_10_16_confirm1,all,F25_20,fixed,1.25,229,229,202,110,-291.28100000000086,242.28099999999927,76.90299999999934,73.52999999999975,770,371,399,0.4818181818181818,151,212,407,101.43299999999749,0.13173116883116556,1.0186215811187924,503.2070000000008,10,2023-10-20,2023-11-02,25.0,20.0,1.25
asia_break_10_16_confirm1,all,F30_25,fixed,1.2,229,229,202,110,-269.1430000000014,280.61899999999946,54.51399999999785,225.2499999999991,770,377,393,0.4896103896103896,123,153,494,291.239999999995,0.37823376623375976,1.050799795014698,473.83000000000106,10,2023-10-20,2023-11-02,30.0,25.0,1.1999999999999997
asia_break_10_16_confirm1,all,F40_30,fixed,1.3333333333333333,229,229,202,110,-199.62300000000096,291.9229999999993,80.42599999999902,360.27400000000034,770,379,391,0.4922077922077922,81,119,570,532.9999999999977,0.6922077922077893,1.08847442209437,444.0010000000002,10,2023-10-20,2023-11-02,40.0,30.0,1.3333333333333335
asia_break_10_16_confirm1,all,R60x075_R1,r60,1.0,229,229,202,110,-220.09350000000006,-174.63199999999955,85.54287499999464,73.4148750000005,770,353,417,0.4584415584415584,345,407,18,-235.76775000000447,-0.30619188311688894,0.9340651043044018,484.77925000000295,10,2023-02-10,2023-02-23,9.166349025974023,9.166349025974023,1.0
asia_break_10_16_confirm1,all,R60x075_R125,r60,1.25,229,229,202,110,-256.6912499999995,-99.74596874999952,122.44337499999384,189.4533750000003,770,323,447,0.41948051948051945,309,436,25,-44.54046875000486,-0.05784476461039593,0.9883604935292174,434.6688750000027,14,2024-10-04,2024-10-23,11.45793628246753,9.166349025974023,1.25
asia_break_10_16_confirm1,all,R60x1_R1,r60,1.0,229,229,202,110,-145.2979999999991,-163.85749999999734,154.3279999999936,1.2040000000047257,770,368,402,0.4779220779220779,345,379,46,-153.6234999999981,-0.1995110389610365,0.9638758738214578,413.3489999999979,8,2023-02-14,2023-02-23,11.482023376623374,11.482023376623374,1.0
asia_break_10_16_confirm1,all,R60x1_R125,r60,1.25,229,229,202,110,-142.41787500000015,-103.52074999999735,131.23062499999435,-68.74974999999586,770,336,434,0.43636363636363634,295,409,66,-183.457749999999,-0.2382568181818169,0.9601637051639403,332.15987500000045,10,2024-10-14,2024-10-25,14.352529220779216,11.482023376623374,1.25
asia_break_10_16_confirm1,all,ASIAx025_R1,asia,1.0,229,229,202,110,-145.75700000000012,-89.65274999999974,86.44749999999942,-118.63187500000026,770,357,413,0.4636363636363636,354,410,6,-267.5941250000007,-0.34752483766233855,0.9095192580957272,312.9678750000007,10,2023-02-10,2023-02-23,7.35875438311688,7.35875438311688,1.0
asia_break_10_16_confirm1,all,ASIAx025_R125,asia,1.25,229,229,202,110,-195.33303125000003,-56.43146874999971,59.04278124999877,-100.49712500000095,770,314,456,0.4077922077922078,308,451,11,-293.21884375000195,-0.3808036931818207,0.9098272920745637,352.9166250000002,10,2023-02-10,2023-02-23,9.1984429788961,7.35875438311688,1.25
asia_break_10_16_confirm1,all,ASIAx033_R1,asia,1.0,229,229,202,110,-155.95641000000006,-70.30941999999968,190.28204999999923,-33.257079999999846,770,365,405,0.474025974025974,360,399,11,-69.2408600000004,-0.08992319480519533,0.9792936834805319,286.1907349999999,10,2023-02-10,2023-02-23,8.68021627272727,8.68021627272727,1.0
asia_break_10_16_confirm1,all,ASIAx033_R125,asia,1.25,229,229,202,110,-192.87537,-57.230316249999895,159.90333249999887,8.699339999999374,770,323,447,0.41948051948051945,314,441,15,-81.50301375000168,-0.105848069805197,0.977878177290119,320.03059125000016,10,2023-02-10,2023-02-23,10.850270340909088,8.68021627272727,1.25
asia_break_10_16_confirm1,all,PREVx025_R1,prev,1.0,228,227,200,108,-294.7805000000007,-79.56949999999995,-32.82925000000182,363.7496249999996,763,367,396,0.48099606815203144,338,371,54,-43.429625000002886,-0.05691956094364729,0.9898356377658456,593.0221250000013,12,2024-10-10,2024-10-25,11.986608289646131,11.986608289646131,1.0
asia_break_10_16_confirm1,all,PREVx025_R125,prev,1.25,228,227,200,108,-316.17046875000045,-117.0738749999998,46.66387499999746,456.0186874999999,763,331,432,0.4338138925294889,289,402,72,69.43821874999708,0.09100683977719146,1.0152351973351759,593.8961250000012,12,2024-10-10,2024-10-25,14.983260362057663,11.986608289646131,1.25
asia_liquidity_sweep,b=0.0,F10_10,fixed,1.0,241,234,208,118,29.84200000000078,-354.313000000001,-235.32699999999977,-120.0,801,372,429,0.46441947565543074,316,388,97,-679.798,-0.8486866416978777,0.8310545428518316,845.5290000000007,8,2024-05-10,2024-05-22,10.0,10.0,1.0
asia_liquidity_sweep,b=0.0,F15_15,fixed,1.0,241,234,208,118,-7.188999999998259,-427.5760000000014,-352.44100000000026,-210.0,801,377,424,0.4706616729088639,248,321,232,-997.2059999999999,-1.2449513108614232,0.8139020248203788,1140.0660000000005,7,2024-02-29,2024-03-08,15.0,15.0,1.0
asia_liquidity_sweep,b=0.0,F20_20,fixed,1.0,241,234,208,118,-104.60199999999804,-515.2650000000015,-462.29600000000255,-267.84000000000015,801,373,428,0.4656679151061174,188,256,357,-1350.0030000000022,-1.6853970037453212,0.7849384614722886,1479.4600000000032,8,2026-04-24,2026-05-06,20.0,20.0,1.0
asia_liquidity_sweep,b=0.0,F20_15,fixed,1.3333333333333333,241,234,208,118,-45.57499999999777,-499.42000000000166,-520.3350000000014,-230.0,801,342,459,0.42696629213483145,168,346,287,-1295.3300000000008,-1.6171410736579286,0.7760057632262998,1408.3530000000014,10,2024-12-30,2025-01-13,20.0,15.0,1.3333333333333333
asia_liquidity_sweep,b=0.0,F25_20,fixed,1.25,241,234,208,118,-98.6159999999984,-551.820000000002,-602.0830000000033,-471.85000000000036,801,351,450,0.43820224719101125,131,272,398,-1724.369000000004,-2.1527702871410788,0.7402545502966845,1834.185000000005,8,2026-04-24,2026-05-06,25.0,20.0,1.25
asia_liquidity_sweep,b=0.0,F30_25,fixed,1.2,241,234,208,118,-156.26699999999823,-576.1840000000018,-407.597000000002,-1039.5899999999997,801,352,449,0.4394506866416979,98,210,493,-2179.6380000000017,-2.7211460674157326,0.7008065974042444,2236.314000000003,8,2026-04-24,2026-05-06,30.0,25.0,1.1999999999999997
asia_liquidity_sweep,b=0.0,F40_30,fixed,1.3333333333333333,241,234,208,118,-179.6269999999979,-553.087000000003,-452.7800000000002,-1195.1410000000014,801,354,447,0.4419475655430712,58,163,580,-2380.6350000000025,-2.9720786516853965,0.6922881746220191,2469.8110000000033,8,2026-04-24,2026-05-06,40.0,30.0,1.3333333333333333
asia_liquidity_sweep,b=0.0,R60x075_R1,r60,1.0,241,234,208,118,-111.02874999999977,-115.59099999999859,-183.37287500000252,-511.04500000000587,801,356,445,0.4444444444444444,352,439,10,-921.0376250000068,-1.1498597066167375,0.7644069587146443,966.2167500000078,10,2023-11-30,2023-12-13,8.707593008739082,8.707593008739082,1.0
asia_liquidity_sweep,b=0.0,R60x075_R125,r60,1.25,241,234,208,118,-174.5973124999993,-115.58649999999894,-249.3125000000021,-484.51375000000525,801,314,487,0.3920099875156055,296,479,26,-1024.0100625000057,-1.2784145599251007,0.7580033004811457,1031.550468750002,10,2023-11-30,2023-12-13,10.88449126092385,8.707593008739082,1.25
asia_liquidity_sweep,b=0.0,R60x1_R1,r60,1.0,241,234,208,118,-137.11000000000035,-150.61450000000264,-470.5889999999963,-647.1515000000027,801,343,458,0.4282147315855181,330,443,28,-1405.465000000002,-1.7546379525593032,0.7106454948460982,1421.3360000000005,10,2023-11-30,2023-12-13,10.761284644194765,10.761284644194765,1.0
asia_liquidity_sweep,b=0.0,R60x1_R125,r60,1.25,241,234,208,118,-155.5719999999991,-228.8235000000007,-576.2656249999952,-818.6020000000041,801,299,502,0.3732833957553059,268,483,50,-1779.263124999999,-2.2213022784019962,0.6631415114227652,1792.7051250000006,10,2023-11-30,2023-12-13,13.451605805243455,10.761284644194765,1.25
asia_liquidity_sweep,b=0.0,ASIAx025_R1,asia,1.0,241,234,208,118,-117.28850000000006,-170.46162500000003,-218.6452499999998,-240.53899999999874,801,353,448,0.44069912609238454,350,445,6,-746.9343749999987,-0.9325023408239684,0.7789457270738701,781.6374999999987,10,2023-11-30,2023-12-13,7.529489544319598,7.529489544319598,1.0
asia_liquidity_sweep,b=0.0,ASIAx025_R125,asia,1.25,241,234,208,118,-181.86459374999987,-149.43725000000003,-225.19556249999977,-405.16537499999885,801,306,495,0.38202247191011235,299,490,12,-961.6627812499985,-1.2005777543695362,0.7437998281098595,962.3015312499987,10,2023-11-30,2023-12-13,9.411861930399496,7.529489544319598,1.25
asia_liquidity_sweep,b=0.0,ASIAx033_R1,asia,1.0,241,234,208,118,-108.2982100000002,-184.5530800000006,-193.62145500000068,-448.7696599999987,801,352,449,0.4394506866416979,347,443,11,-935.2424050000004,-1.1675935143570542,0.7651155148110677,986.072965,10,2023-11-30,2023-12-13,8.868343589263416,8.868343589263416,1.0
asia_liquidity_sweep,b=0.0,ASIAx033_R125,asia,1.25,241,234,208,118,-169.04751874999997,-150.74144000000064,-293.64751874999996,-613.3805149999979,801,302,499,0.37702871410736577,292,491,18,-1226.8169924999986,-1.531606732209736,0.72260734829072,1242.2876674999995,10,2023-11-30,2023-12-13,11.085429486579272,8.868343589263416,1.25
asia_liquidity_sweep,b=0.0,PREVx025_R1,prev,1.0,240,232,206,116,-21.71374999999938,-190.45274999999998,-213.80287500000168,-792.0809999999996,794,356,438,0.44836272040302266,330,414,50,-1218.0503750000007,-1.534068482367759,0.7615608009248632,1425.0948750000016,8,2023-11-30,2023-12-11,12.032361618387908,12.032361618387908,1.0
asia_liquidity_sweep,b=0.0,PREVx025_R125,prev,1.25,240,232,206,116,-81.61909374999902,-269.7656250000011,-158.585218750002,-792.823374999999,794,319,475,0.4017632241813602,270,443,81,-1302.7933125000013,-1.6407976227959715,0.7597810816858223,1395.441125000002,8,2023-11-30,2023-12-11,15.040452022984883,12.032361618387908,1.25
trend_pullback_600,f=0.15,F10_10,fixed,1.0,122,129,109,65,-303.08600000000047,48.60899999999924,129.12000000000035,-190.0,425,192,233,0.45176470588235296,176,204,45,-315.3570000000009,-0.7420164705882374,0.8516427140947816,373.207000000001,8,2026-04-01,2026-04-24,10.0,10.0,1.0
trend_pullback_600,f=0.15,F15_15,fixed,1.0,122,129,109,65,-234.38300000000095,-63.414000000001124,166.52600000000075,-244.10000000000036,425,191,234,0.44941176470588234,139,158,128,-375.3710000000017,-0.8832258823529452,0.8627277883606548,449.17400000000157,10,2026-03-25,2026-04-24,15.0,15.0,1.0
trend_pullback_600,f=0.15,F20_20,fixed,1.0,122,129,109,65,-244.12000000000103,-16.465000000001737,201.0850000000014,-124.10000000000036,425,198,227,0.46588235294117647,122,129,174,-183.60000000000173,-0.43200000000000405,0.9414024537562905,459.12500000000205,7,2023-09-22,2023-10-10,20.0,20.0,1.0
trend_pullback_600,f=0.15,F20_15,fixed,1.3333333333333333,122,129,109,65,-168.48400000000106,0.015999999998030034,228.44200000000092,-229.10000000000036,425,180,245,0.4235294117647059,110,165,150,-169.12600000000248,-0.3979435294117705,0.9406666624567867,386.62600000000225,10,2026-03-25,2026-04-24,20.0,15.0,1.3333333333333333
trend_pullback_600,f=0.15,F25_20,fixed,1.25,122,129,109,65,-263.4970000000005,38.067999999999074,111.90400000000045,-204.10000000000036,425,187,238,0.44,86,138,201,-317.62500000000136,-0.7473529411764738,0.9044068984135379,435.4150000000004,7,2023-09-22,2023-10-10,25.0,20.0,1.25
trend_pullback_600,f=0.15,F30_25,fixed,1.2,122,129,109,65,-268.26200000000085,45.48399999999879,86.97299999999996,-119.10000000000036,425,192,233,0.45176470588235296,71,101,253,-254.90500000000247,-0.5997764705882411,0.9286716452825705,421.6000000000022,7,2023-09-22,2023-10-10,30.0,25.0,1.1999999999999997
trend_pullback_600,f=0.15,F40_30,fixed,1.3333333333333333,122,129,109,65,-209.6720000000007,2.2799999999981537,143.83699999999953,-237.51000000000022,425,191,234,0.44941176470588234,47,84,294,-301.06500000000324,-0.7083882352941253,0.9227226256519344,466.78699999999935,7,2023-09-22,2023-10-10,40.0,30.0,1.3333333333333333
trend_pullback_600,f=0.15,R60x075_R1,r60,1.0,122,129,108,65,-92.17075000000017,-28.67537500000003,44.14137499999845,-300.7750000000009,424,193,231,0.455188679245283,193,226,5,-377.47975000000264,-0.8902824292452892,0.8000408680122109,409.2913750000022,9,2026-06-24,2026-07-29,8.090669221698116,8.090669221698116,1.0
trend_pullback_600,f=0.15,R60x075_R125,r60,1.25,122,129,108,65,-142.12156250000027,-23.93968750000036,66.08371874999753,-325.56290624999895,424,169,255,0.39858490566037735,167,250,7,-425.54043750000204,-1.0036331073113256,0.7944225879845372,446.2346875000012,9,2026-06-24,2026-07-29,10.113336527122641,8.090669221698116,1.25
trend_pullback_600,f=0.15,R60x1_R1,r60,1.0,122,129,108,65,-65.70200000000136,-57.58149999999978,31.012499999993906,-441.6019999999976,424,193,231,0.455188679245283,190,221,13,-533.8730000000048,-1.2591344339622754,0.7708140868675264,566.1880000000044,9,2026-06-24,2026-07-29,9.978038915094336,9.978038915094336,1.0
trend_pullback_600,f=0.15,R60x1_R125,r60,1.25,122,129,108,65,-83.34012500000097,-15.329249999999774,72.38874999999337,-460.6949999999996,424,175,249,0.41273584905660377,169,239,16,-486.97562500000697,-1.1485274174528466,0.8049789621037509,536.7283750000065,9,2026-06-24,2026-07-29,12.472548643867919,9.978038915094336,1.25
trend_pullback_600,f=0.15,ASIAx025_R1,asia,1.0,122,129,108,65,-98.90475000000004,-73.25950000000046,26.74612500000012,-295.377625000001,424,188,236,0.44339622641509435,188,231,5,-440.79575000000136,-1.0396126179245315,0.7657216760761345,467.5670000000016,10,2026-03-25,2026-04-24,7.898987912735846,7.898987912735846,1.0
trend_pullback_600,f=0.15,ASIAx025_R125,asia,1.25,122,129,108,65,-150.24743749999982,-45.1881562500005,115.20599999999965,-313.3411562500013,424,169,255,0.39858490566037735,167,250,7,-393.570750000002,-0.9282329009434009,0.8050362806965434,418.8807500000022,10,2026-03-25,2026-04-24,9.873734890919808,7.898987912735846,1.25
trend_pullback_600,f=0.15,ASIAx033_R1,asia,1.0,122,129,108,65,-91.44713000000002,-38.980785000000424,-13.219869999999858,-329.63270500000147,424,193,231,0.455188679245283,192,226,6,-473.2804900000018,-1.1162275707547213,0.7860463490946885,513.125865000002,8,2023-04-20,2023-05-04,9.405943655660375,9.405943655660375,1.0
trend_pullback_600,f=0.15,ASIAx033_R125,asia,1.25,122,129,108,65,-153.3957512499998,7.689838749999691,64.5084462500006,-385.65440250000216,424,173,251,0.4080188679245283,170,246,8,-466.8518687500017,-1.1010657281839662,0.8049092249098763,496.4400450000022,8,2023-04-20,2023-05-04,11.75742956957547,9.405943655660375,1.25
trend_pullback_600,f=0.15,PREVx025_R1,prev,1.0,119,129,108,65,-111.43500000000051,-13.197125000000653,-61.48712499999999,-267.2830000000007,421,200,221,0.4750593824228028,191,199,31,-453.40225000000186,-1.0769649643705508,0.835568282570188,595.5582500000011,8,2023-10-18,2023-11-15,12.713836401425178,12.713836401425178,1.0
trend_pullback_600,f=0.15,PREVx025_R125,prev,1.25,119,129,108,65,-143.01112500000036,56.82321874999893,-106.56399999999917,-240.20425000000088,421,182,239,0.4323040380047506,166,216,39,-432.95615625000147,-1.0283994210213812,0.8528518554141763,593.7009375000005,8,2023-10-18,2023-11-15,15.892295501781476,12.713836401425178,1.25
trend_pullback_600,f=0.25,F10_10,fixed,1.0,166,169,155,101,-349.0490000000002,108.60899999999924,209.12000000000035,-130.0,591,281,310,0.4754653130287648,261,272,58,-161.32000000000062,-0.27296108291032256,0.9430994905337472,410.92300000000046,9,2023-06-05,2023-06-16,10.0,10.0,1.0
trend_pullback_600,f=0.25,F15_15,fixed,1.0,166,169,155,101,-302.67600000000084,-59.764000000000806,232.4990000000007,-154.10000000000036,591,271,320,0.45854483925549916,209,218,164,-284.0410000000013,-0.4806108291032171,0.9241607826331897,438.64800000000173,7,2023-02-07,2023-02-21,15.0,15.0,1.0
trend_pullback_600,f=0.25,F20_20,fixed,1.0,166,169,155,101,-316.0410000000006,-29.105000000002292,295.5810000000015,-44.100000000000364,591,276,315,0.467005076142132,179,177,235,-93.66500000000178,-0.15848561759729574,0.9784807474313133,466.0210000000027,7,2023-02-07,2023-02-21,20.0,20.0,1.0
trend_pullback_600,f=0.25,F20_15,fixed,1.3333333333333333,166,169,155,101,-236.6260000000009,6.562999999997828,270.08500000000095,-209.10000000000036,591,250,341,0.4230118443316413,160,235,196,-169.07800000000248,-0.28608798646362515,0.9578489654825108,358.274000000001,7,2023-02-07,2023-02-21,20.0,15.0,1.3333333333333333
trend_pullback_600,f=0.25,F25_20,fixed,1.25,166,169,155,101,-337.25199999999995,52.16699999999855,136.0,-65.47000000000025,591,260,331,0.43993231810490696,130,188,273,-214.55500000000166,-0.363037225042304,0.9533895672402007,497.4129999999998,7,2023-02-07,2023-02-21,25.0,20.0,1.25
trend_pullback_600,f=0.25,F30_25,fixed,1.2,166,169,155,101,-336.7710000000002,3.3829999999984466,14.44799999999941,78.46999999999935,591,264,327,0.4467005076142132,107,143,341,-240.47000000000298,-0.4068866328257242,0.9521135971337054,578.9410000000025,7,2023-02-07,2023-02-21,30.0,25.0,1.2000000000000002
trend_pullback_600,f=0.25,F40_30,fixed,1.3333333333333333,166,169,155,101,-280.10799999999995,-3.738000000001648,-3.6950000000006185,212.34000000000015,591,265,326,0.44839255499153974,73,115,403,-75.20100000000207,-0.12724365482233851,0.9859551763171559,484.5150000000019,7,2023-02-07,2023-02-21,40.0,30.0,1.3333333333333333
trend_pullback_600,f=0.25,R60x075_R1,r60,1.0,166,169,154,101,-76.67300000000012,-14.26524999999981,100.03849999999886,-107.31375000000412,590,290,300,0.4915254237288136,290,293,7,-98.21350000000518,-0.16646355932204268,0.9593977848996416,184.33437500000014,8,2023-07-03,2023-07-14,8.106213771186438,8.106213771186438,1.0
trend_pullback_600,f=0.25,R60x075_R125,r60,1.25,166,169,154,101,-132.13637500000004,-2.285437500000114,95.39234374999782,-189.89162499999983,590,251,339,0.42542372881355933,248,332,10,-228.92109375000217,-0.388001853813563,0.9160437728667024,242.71921875000118,8,2023-07-03,2023-07-14,10.132767213983046,8.106213771186438,1.25
trend_pullback_600,f=0.25,R60x1_R1,r60,1.0,166,169,154,101,-53.75550000000089,-29.47899999999845,62.11299999999437,-341.8169999999973,590,285,305,0.4830508474576271,282,292,16,-362.93850000000225,-0.6151500000000039,0.8820692650159297,375.9734999999964,8,2023-07-03,2023-07-14,10.026698305084732,10.026698305084732,1.0
trend_pullback_600,f=0.25,R60x1_R125,r60,1.25,166,169,154,101,-76.50925000000018,1.174500000001558,39.35374999999169,-300.03287499999885,590,257,333,0.43559322033898307,250,320,20,-336.0138750000058,-0.5695150423728912,0.8998451613499343,371.6052500000011,8,2023-07-03,2023-07-14,12.533372881355914,10.026698305084732,1.25
trend_pullback_600,f=0.25,ASIAx025_R1,asia,1.0,166,169,154,101,-73.73562500000008,-55.8338750000006,142.8721250000002,-341.6873750000011,590,281,309,0.47627118644067795,281,302,7,-328.3847500000016,-0.556584322033901,0.8709218763972397,357.272875000001,9,2023-04-20,2023-05-04,8.124068855932203,8.124068855932203,1.0
trend_pullback_600,f=0.25,ASIAx025_R125,asia,1.25,166,169,154,101,-131.56531249999972,-10.126156250000662,245.82224999999977,-308.59646875000146,590,254,336,0.43050847457627117,251,329,10,-204.4656875000021,-0.346552012711868,0.9251607974604198,336.2330312500013,9,2023-04-20,2023-05-04,10.155086069915253,8.124068855932203,1.25
trend_pullback_600,f=0.25,ASIAx033_R1,asia,1.0,166,169,154,101,-67.73804500000003,-49.048060000000326,86.45185500000017,-167.16087500000322,590,287,303,0.4864406779661017,286,296,8,-197.49512500000336,-0.3347375000000057,0.9329559965204889,297.83520500000066,9,2023-04-20,2023-05-04,9.726605398305084,9.726605398305084,1.0
trend_pullback_600,f=0.25,ASIAx033_R125,asia,1.25,166,169,154,101,-136.03436624999966,14.037722499999834,164.45963875000047,-354.89219000000344,590,255,335,0.4322033898305085,251,326,13,-312.4291950000028,-0.529541008474581,0.9047865141554366,504.73419624999946,9,2023-04-20,2023-05-04,12.158256747881357,9.726605398305084,1.25
trend_pullback_600,f=0.25,PREVx025_R1,prev,1.0,163,168,154,100,-116.72137500000053,15.51087499999943,-128.91125000000045,-126.04600000000039,585,287,298,0.4905982905982906,276,271,38,-356.16775000000194,-0.608833760683764,0.905940015220769,638.3082500000019,8,2023-07-03,2023-07-14,12.99164358974359,12.99164358974359,1.0
trend_pullback_600,f=0.25,PREVx025_R125,prev,1.25,163,168,154,100,-171.72678125000022,19.014093749998764,-163.1498749999995,-223.64221875000166,585,258,327,0.441025641025641,234,299,52,-539.5047812500027,-0.9222303952991499,0.8693441716770881,761.2069062500019,9,2023-06-05,2023-06-16,16.23955448717949,12.99164358974359,1.25
trend_pullback_600,f=0.35,F10_10,fixed,1.0,190,183,177,107,-357.4890000000007,185.02899999999931,249.12000000000035,-130.0,657,318,339,0.4840182648401826,295,294,68,-53.340000000001055,-0.08118721461187375,0.9826624316280929,419.36300000000097,10,2023-06-05,2023-06-16,10.0,10.0,1.0
trend_pullback_600,f=0.35,F15_15,fixed,1.0,190,183,177,107,-265.1000000000013,36.90099999999916,255.92200000000048,-184.10000000000036,657,305,352,0.4642313546423135,238,237,182,-156.377000000002,-0.23801674277017046,0.9615969001880894,352.35300000000143,9,2023-02-07,2023-02-22,15.0,15.0,1.0
trend_pullback_600,f=0.35,F20_20,fixed,1.0,190,183,177,107,-241.15400000000113,71.37999999999784,326.45800000000145,-124.10000000000036,657,308,349,0.4687975646879756,200,189,268,32.583999999997786,0.04959512937594793,1.0069157473332642,393.3970000000015,9,2023-02-07,2023-02-22,20.0,20.0,1.0
trend_pullback_600,f=0.35,F20_15,fixed,1.3333333333333333,190,183,177,107,-174.35700000000134,112.04799999999796,265.87200000000075,-264.10000000000036,657,280,377,0.426179604261796,180,255,222,-60.53700000000299,-0.09214155251142007,0.9861274322882477,312.22699999999986,9,2023-02-07,2023-02-22,20.0,15.0,1.3333333333333333
trend_pullback_600,f=0.35,F25_20,fixed,1.25,190,183,177,107,-241.41500000000065,155.64099999999826,158.32700000000023,-140.47000000000025,657,291,366,0.4429223744292237,146,201,310,-67.91700000000242,-0.10337442922374797,0.9863678131296277,486.63799999999947,9,2023-02-07,2023-02-22,25.0,20.0,1.25
trend_pullback_600,f=0.35,F30_25,fixed,1.2,190,183,177,107,-215.93400000000088,101.03999999999814,52.07899999999972,-16.530000000000655,657,295,362,0.4490106544901065,121,153,383,-79.34500000000367,-0.12076864535769204,0.9853936166726855,580.7820000000002,9,2023-02-07,2023-02-22,30.0,25.0,1.1999999999999997
trend_pullback_600,f=0.35,F40_30,fixed,1.3333333333333333,190,183,177,107,-140.6410000000003,92.69199999999819,44.8159999999998,102.34000000000015,657,296,361,0.4505327245053272,80,125,452,99.20699999999783,0.1509999999999967,1.0170608411673812,585.3090000000007,9,2023-02-07,2023-02-22,40.0,30.0,1.3333333333333333
trend_pullback_600,f=0.35,R60x075_R1,r60,1.0,190,183,176,107,-117.8722500000004,7.658999999999764,135.29462499999715,-128.10862500000496,656,323,333,0.4923780487804878,323,326,7,-103.02725000000845,-0.15705373475611045,0.9610341210632324,199.28050000000053,8,2025-06-11,2025-06-20,7.96964653201219,7.96964653201219,1.0
trend_pullback_600,f=0.35,R60x075_R125,r60,1.25,190,183,176,107,-172.82353125000031,31.765281249999305,78.46815624999547,-244.06956250000076,656,277,379,0.4222560975609756,274,371,11,-306.6596562500063,-0.46746898818598526,0.8980008450047059,320.45778125000544,8,2025-06-11,2025-06-20,9.962058165015238,7.96964653201219,1.25
trend_pullback_600,f=0.35,R60x1_R1,r60,1.0,190,183,176,107,-61.64600000000041,-3.7799999999992906,36.66199999999208,-389.5604999999982,656,315,341,0.4801829268292683,312,327,17,-418.32450000000586,-0.6376897865853748,0.8760028787700473,435.9419999999968,8,2025-06-11,2025-06-20,9.847337652439009,9.847337652439009,1.0
trend_pullback_600,f=0.35,R60x1_R125,r60,1.25,190,183,176,107,-86.18037499999969,40.82175000000052,12.900124999988975,-341.2763749999999,656,285,371,0.4344512195121951,277,356,23,-373.7348750000101,-0.5697177972561129,0.8978715920010587,422.308000000009,8,2025-06-11,2025-06-20,12.30917206554876,9.847337652439009,1.25
trend_pullback_600,f=0.35,ASIAx025_R1,asia,1.0,190,183,176,107,-80.19300000000004,-37.54112500000065,151.32462499999997,-368.47025000000076,656,312,344,0.47560975609756095,312,337,7,-334.8797500000015,-0.5104874237804901,0.8791314661041431,398.4945000000007,10,2023-04-20,2023-05-04,7.9874597942073144,7.9874597942073144,1.0
trend_pullback_600,f=0.35,ASIAx025_R125,asia,1.25,190,183,176,107,-133.38703124999967,19.416593749999294,276.4408124999994,-362.1585000000012,656,283,373,0.43140243902439024,280,366,10,-199.68812500000212,-0.30440262957317393,0.9329464456795497,380.74481250000156,10,2023-04-20,2023-05-04,9.984324742759144,7.9874597942073144,1.25
trend_pullback_600,f=0.35,ASIAx033_R1,asia,1.0,190,183,176,107,-69.21217000000004,-32.798180000000414,124.86781000000012,-211.97867000000275,656,319,337,0.48628048780487804,318,330,8,-189.12121000000315,-0.28829452743902917,0.94096632107713,296.58052500000014,10,2023-04-20,2023-05-04,9.546943033536584,9.546943033536584,1.0
trend_pullback_600,f=0.35,ASIAx033_R125,asia,1.25,190,183,176,107,-131.38942499999965,41.56346499999975,234.4380337500003,-418.2867575000033,656,285,371,0.4344512195121951,281,362,13,-273.67468375000294,-0.41718701791158985,0.9230233643183288,520.6541387499993,10,2023-04-20,2023-05-04,11.93367879192073,9.546943033536584,1.25
trend_pullback_600,f=0.35,PREVx025_R1,prev,1.0,187,182,175,105,-170.99787500000065,68.45249999999919,-159.0912500000005,-201.0397500000006,649,316,333,0.4869029275808937,304,304,41,-462.67637500000257,-0.7129065870570147,0.8894635687172371,716.3943750000026,7,2025-10-29,2025-11-07,12.823622303543914,12.823622303543914,1.0
trend_pullback_600,f=0.35,PREVx025_R125,prev,1.25,187,182,175,105,-213.91571875000034,91.85496874999846,-179.85103124999966,-288.9059687500019,649,286,363,0.4406779661016949,261,332,56,-590.8177500000035,-0.9103509244992349,0.8695930608508707,793.8273750000031,10,2023-06-05,2023-06-16,16.029527879429892,12.823622303543914,1.25
norm_impulse_cont_600,s=0.25,F10_10,fixed,1.0,185,188,177,126,-359.255000000001,227.1389999999992,63.2800000000002,-160.0,676,321,355,0.47485207100591714,298,316,62,-228.8360000000016,-0.33851479289941067,0.9303668644670963,391.23800000000097,10,2023-02-07,2023-02-22,10.0,10.0,1.0
norm_impulse_cont_600,s=0.25,F15_15,fixed,1.0,185,188,177,126,-322.0050000000019,32.489999999997735,40.70500000000038,-169.10000000000036,676,312,364,0.46153846153846156,241,259,176,-417.9100000000042,-0.6182100591716038,0.9053641332986402,436.186000000004,7,2023-06-08,2023-06-20,15.0,15.0,1.0
norm_impulse_cont_600,s=0.25,F20_20,fixed,1.0,185,188,177,126,-379.0150000000024,56.385999999997466,125.34900000000107,-76.85000000000036,676,315,361,0.46597633136094674,202,211,263,-274.1300000000042,-0.40551775147929614,0.946715665007471,433.3830000000021,9,2025-12-19,2026-01-09,20.0,20.0,1.0
norm_impulse_cont_600,s=0.25,F20_15,fixed,1.3333333333333333,185,188,177,126,-288.49200000000246,151.0069999999962,146.41100000000097,-71.85000000000036,676,294,382,0.4349112426035503,187,270,219,-62.92400000000566,-0.09308284023669476,0.9863173180168928,348.4690000000012,9,2025-12-19,2026-01-09,20.0,15.0,1.3333333333333333
norm_impulse_cont_600,s=0.25,F25_20,fixed,1.25,185,188,177,126,-375.6020000000019,177.33799999999746,-69.86699999999973,-136.85000000000036,676,294,382,0.4349112426035503,151,226,299,-404.98100000000454,-0.599084319526634,0.9259410093379046,627.1970000000001,11,2025-12-17,2026-01-09,25.0,20.0,1.25
norm_impulse_cont_600,s=0.25,F30_25,fixed,1.2,185,188,177,126,-364.9060000000022,72.15299999999752,-108.09900000000107,-124.22600000000057,676,299,377,0.4423076923076923,123,176,377,-525.0780000000063,-0.7767426035503052,0.9128061585244135,687.1230000000055,7,2023-06-08,2023-06-20,30.0,25.0,1.1999999999999997
norm_impulse_cont_600,s=0.25,F40_30,fixed,1.3333333333333333,185,188,177,126,-305.92000000000166,-40.37400000000207,-127.73900000000094,-129.85600000000068,676,297,379,0.4393491124260355,81,145,450,-603.8890000000054,-0.893326923076931,0.9079587347669611,791.2340000000047,11,2025-12-17,2026-01-09,40.0,30.0,1.3333333333333333
norm_impulse_cont_600,s=0.25,R60x075_R1,r60,1.0,185,188,177,126,-124.81862500000057,6.7166249999997945,37.98649999999964,-156.7543750000018,676,320,356,0.47337278106508873,320,349,7,-236.86987500000293,-0.3503992233727854,0.9175913773753376,286.91237500000386,10,2023-02-07,2023-02-22,8.21721523668639,8.21721523668639,1.0
norm_impulse_cont_600,s=0.25,R60x075_R125,r60,1.25,185,188,177,126,-212.8535625000007,54.28328124999939,-16.9677500000019,-216.53431250000017,676,274,402,0.40532544378698226,270,394,12,-392.07234375000337,-0.5799886741863955,0.8783564478073635,395.44640625000346,10,2023-02-07,2023-02-22,10.27151904585799,8.21721523668639,1.25
norm_impulse_cont_600,s=0.25,R60x1_R1,r60,1.0,185,188,177,126,-62.363000000000056,22.156999999999243,-135.57000000000517,-333.01850000000195,676,319,357,0.4718934911242604,315,343,18,-508.79450000000793,-0.7526545857988283,0.8602063901316933,544.0245000000059,9,2023-07-03,2023-07-14,10.221498520710055,10.221498520710055,1.0
norm_impulse_cont_600,s=0.25,R60x1_R125,r60,1.25,185,188,177,126,-128.63212499999963,67.58487499999887,-194.74112500000751,-303.23312500000486,676,282,394,0.4171597633136095,272,379,25,-559.0215000000131,-0.8269548816568242,0.8596746409321331,613.6603750000111,10,2023-02-07,2023-02-22,12.776873150887571,10.221498520710055,1.25
norm_impulse_cont_600,s=0.25,ASIAx025_R1,asia,1.0,185,188,177,126,-85.93425000000008,-21.505000000000905,-11.611749999999688,-247.10000000000173,676,320,356,0.47337278106508873,320,349,7,-366.1510000000024,-0.5416434911242639,0.8762288662802997,366.1510000000024,10,2023-02-07,2023-02-22,8.260149223372778,8.260149223372778,1.0
norm_impulse_cont_600,s=0.25,ASIAx025_R125,asia,1.25,185,188,177,126,-171.98959374999987,45.076718749999,52.23706249999981,-375.58678125000193,676,280,396,0.41420118343195267,276,388,12,-450.262593750003,-0.666068925665685,0.8624669392483969,451.47134375000303,10,2023-02-07,2023-02-22,10.325186529215973,8.260149223372778,1.25
norm_impulse_cont_600,s=0.25,ASIAx033_R1,asia,1.0,185,188,177,126,-87.7984300000001,-5.269255000000847,-74.02087499999953,-284.14598500000096,676,319,357,0.4718934911242604,318,349,9,-451.23454500000145,-0.6675067233727832,0.8724496333450081,520.4271450000001,10,2023-02-07,2023-02-22,9.886459156804731,9.886459156804731,1.0
norm_impulse_cont_600,s=0.25,ASIAx033_R125,asia,1.25,185,188,177,126,-184.85814624999986,76.98034124999887,-45.9933012499993,-349.71353375000075,676,283,393,0.41863905325443784,274,384,18,-503.5846400000011,-0.744947692307694,0.8694380238532102,597.19354,10,2023-02-07,2023-02-22,12.358073946005913,9.886459156804731,1.25
norm_impulse_cont_600,s=0.25,PREVx025_R1,prev,1.0,183,186,175,124,-210.08262500000052,136.31487499999997,-203.9348750000006,28.37137499999892,668,322,346,0.4820359281437126,313,320,35,-249.33125000000223,-0.3732503742515003,0.9421838183271306,595.1250000000007,10,2023-02-07,2023-02-22,13.060941429640721,13.060941429640721,1.0
norm_impulse_cont_600,s=0.25,PREVx025_R125,prev,1.25,183,186,175,124,-246.78912500000007,194.88834374999965,-179.21978124999976,-169.30609375000304,668,291,377,0.4356287425149701,266,350,52,-400.42665625000325,-0.5994411021706636,0.9148643767544826,738.8931562500022,14,2023-05-03,2023-05-26,16.3261767870509,13.060941429640721,1.25
norm_impulse_fade_600,s=0.25,F10_10,fixed,1.0,185,188,177,126,194.01199999999994,-357.54399999999987,-211.02999999999975,-120.0,676,320,356,0.47337278106508873,283,335,58,-494.56199999999967,-0.7316005917159758,0.8555789332285963,812.1069999999997,9,2024-04-01,2024-04-18,10.0,10.0,1.0
norm_impulse_fade_600,s=0.25,F15_15,fixed,1.0,185,188,177,126,157.4599999999998,-171.46599999999762,-330.43299999999954,18.113000000000284,676,339,337,0.5014792899408284,240,262,174,-326.32599999999707,-0.4827307692307649,0.9251619164820334,658.1199999999967,9,2025-01-30,2025-02-14,15.0,15.0,1.0
norm_impulse_fade_600,s=0.25,F20_20,fixed,1.0,185,188,177,126,207.9350000000004,-210.89399999999637,-360.1939999999986,-205.2469999999994,676,336,340,0.4970414201183432,192,217,267,-568.399999999994,-0.840828402366855,0.8918779902849988,987.743999999994,11,2026-03-18,2026-04-08,20.0,20.0,1.0
norm_impulse_fade_600,s=0.25,F20_15,fixed,1.3333333333333333,185,188,177,126,241.45599999999968,-131.99399999999764,-309.945999999999,-51.886999999999716,676,314,362,0.46449704142011833,179,280,217,-252.37099999999668,-0.3733298816567998,0.9456998552403517,729.9979999999962,13,2026-03-18,2026-04-13,20.0,15.0,1.3333333333333333
norm_impulse_fade_600,s=0.25,F25_20,fixed,1.25,185,188,177,126,224.42500000000018,-199.7299999999957,-326.8739999999975,-100.24699999999939,676,325,351,0.4807692307692308,144,224,308,-402.4259999999924,-0.5953047337277995,0.9257042455692677,862.6069999999922,12,2025-01-21,2025-02-14,25.0,20.0,1.25
norm_impulse_fade_600,s=0.25,F30_25,fixed,1.2,185,188,177,126,189.8800000000001,-289.6589999999949,-58.86799999999812,-99.6929999999993,676,338,338,0.5,125,180,371,-258.3399999999922,-0.3821597633135979,0.9562949987768566,701.7999999999947,11,2026-03-18,2026-04-08,30.0,25.0,1.1999999999999997
norm_impulse_fade_600,s=0.25,F40_30,fixed,1.3333333333333333,185,188,177,126,180.28500000000054,-277.4459999999938,-185.70799999999963,-34.96899999999823,676,335,341,0.49556213017751477,80,142,454,-317.8379999999911,-0.4701745562130046,0.9497559550570338,915.7709999999952,8,2025-01-21,2025-02-06,40.0,30.0,1.3333333333333333
norm_impulse_fade_600,s=0.25,R60x075_R1,r60,1.0,185,188,177,126,-19.687625000000025,-120.82337500000017,-135.20625000000007,8.4143749999987,676,316,360,0.46745562130177515,311,359,6,-267.30287500000156,-0.39541845414201415,0.9074618869670181,400.19987500000025,9,2025-07-17,2025-08-01,8.21721523668639,8.21721523668639,1.0
norm_impulse_fade_600,s=0.25,R60x075_R125,r60,1.25,185,188,177,126,-66.50381249999997,-123.46109374999992,-191.37337499999776,-43.76546874999832,676,269,407,0.3979289940828402,257,405,14,-425.10374999999596,-0.6288517011834259,0.8682546832067937,557.3162187499945,11,2023-12-22,2024-01-16,10.27151904585799,8.21721523668639,1.25
norm_impulse_fade_600,s=0.25,R60x1_R1,r60,1.0,185,188,177,126,-38.32600000000025,-109.037499999999,-195.87049999999545,-39.81949999999597,676,313,363,0.4630177514792899,303,359,14,-383.05349999999066,-0.5666471893490986,0.8933328116746132,561.9744999999912,8,2024-06-27,2024-07-12,10.221498520710055,10.221498520710055,1.0
norm_impulse_fade_600,s=0.25,R60x1_R125,r60,1.25,185,188,177,126,-38.523125000000505,-112.78912499999734,-441.4549999999989,61.944500000006315,676,274,402,0.40532544378698226,255,398,23,-530.8227499999905,-0.7852407544378558,0.866510159806244,775.8813749999914,14,2025-11-20,2025-12-18,12.776873150887571,10.221498520710055,1.25
norm_impulse_fade_600,s=0.25,ASIAx025_R1,asia,1.0,185,188,177,126,-27.87175000000019,-161.53774999999916,-143.55325000000028,29.472000000000207,676,308,368,0.4556213017751479,303,367,6,-303.4907499999994,-0.4489508136094666,0.8962984641667601,496.6068749999996,10,2024-04-23,2024-05-13,8.260149223372778,8.260149223372778,1.0
norm_impulse_fade_600,s=0.25,ASIAx025_R125,asia,1.25,185,188,177,126,-23.876531249999843,-253.9797187499993,-70.37556250000034,74.33315625000091,676,271,405,0.40088757396449703,261,404,11,-273.89865624999857,-0.4051755269970393,0.9142977242515754,515.7824375,11,2023-12-22,2024-01-16,10.325186529215973,8.260149223372778,1.25
norm_impulse_fade_600,s=0.25,ASIAx033_R1,asia,1.0,185,188,177,126,-24.853660000000232,-226.6962949999991,-139.13643499999952,57.2862050000015,676,306,370,0.4526627218934911,300,367,9,-333.4001849999974,-0.49319553994082455,0.9040552157150086,562.5602099999987,11,2025-07-14,2025-08-01,9.886459156804731,9.886459156804731,1.0
norm_impulse_fade_600,s=0.25,ASIAx033_R125,asia,1.25,185,188,177,126,-18.68206749999989,-260.90277124999886,-242.5357762500007,6.643007500000701,676,263,413,0.3890532544378698,250,406,20,-515.4776074999988,-0.7625408394970397,0.866285531928833,754.0256612499994,12,2025-07-14,2025-08-04,12.358073946005913,9.886459156804731,1.25
norm_impulse_fade_600,s=0.25,PREVx025_R1,prev,1.0,183,186,175,124,48.627875000000245,-362.02974999999975,-54.34324999999967,-86.38312499999881,668,307,361,0.4595808383233533,280,348,40,-454.128249999998,-0.6798327095808353,0.8966161451529672,653.3586249999997,11,2024-07-30,2024-08-20,13.060941429640721,13.060941429640721,1.0
norm_impulse_fade_600,s=0.25,PREVx025_R125,prev,1.25,183,186,175,124,72.41825000000041,-404.65162499999934,-53.30821874999927,-93.44809374999832,668,281,387,0.42065868263473055,241,374,53,-478.98968749999653,-0.7170504303892163,0.8994818350164462,748.711656249999,11,2024-07-30,2024-08-20,16.3261767870509,13.060941429640721,1.25
norm_impulse_cont_600,s=0.4,F10_10,fixed,1.0,140,144,136,97,-360.6820000000009,41.3159999999998,73.2800000000002,-150.0,517,233,284,0.4506769825918762,219,252,46,-396.0860000000009,-0.7661237911025163,0.8488716290619328,441.46600000000103,14,2023-01-20,2023-02-22,10.0,10.0,1.0
norm_impulse_cont_600,s=0.4,F15_15,fixed,1.0,140,144,136,97,-308.8710000000017,-113.90600000000086,-4.438000000000102,-124.10000000000036,517,229,288,0.44294003868471954,179,204,134,-551.315000000003,-1.0663733075435262,0.8421944479031145,637.6680000000028,8,2023-01-20,2023-02-10,15.0,15.0,1.0
norm_impulse_cont_600,s=0.4,F20_20,fixed,1.0,140,144,136,97,-350.599000000002,-88.99000000000092,46.20600000000013,23.149999999999636,517,233,284,0.4506769825918762,152,160,205,-370.23300000000313,-0.7161179883945902,0.9072366502336658,560.132000000003,9,2025-12-17,2026-01-09,20.0,20.0,1.0
norm_impulse_cont_600,s=0.4,F20_15,fixed,1.3333333333333333,140,144,136,97,-267.52000000000226,-49.36900000000219,11.628000000000156,-56.850000000000364,517,213,304,0.4119922630560928,137,214,166,-362.11100000000465,-0.7004081237911115,0.9010014921774132,460.3870000000045,9,2025-12-17,2026-01-09,20.0,15.0,1.3333333333333333
norm_impulse_cont_600,s=0.4,F25_20,fixed,1.25,140,144,136,97,-364.64100000000167,-16.51800000000071,-64.35800000000063,-6.850000000000364,517,218,299,0.42166344294003866,114,171,232,-452.3670000000034,-0.8749845261121922,0.8929826358520594,652.1390000000031,9,2025-12-17,2026-01-09,25.0,20.0,1.25
norm_impulse_cont_600,s=0.4,F30_25,fixed,1.2,140,144,136,97,-339.41800000000194,-82.45200000000045,-96.42000000000144,-5.636000000000422,517,220,297,0.425531914893617,94,129,294,-523.9260000000043,-1.01339651837525,0.8865727310043099,652.6380000000036,8,2023-01-20,2023-02-10,30.0,25.0,1.1999999999999997
norm_impulse_cont_600,s=0.4,F40_30,fixed,1.3333333333333333,140,144,136,97,-289.9870000000019,-154.54800000000046,-62.64300000000139,-26.26600000000053,517,219,298,0.42359767891682787,64,107,346,-533.4440000000043,-1.0318065764023294,0.8935007261078177,722.4560000000038,9,2025-12-17,2026-01-09,40.0,30.0,1.3333333333333333
norm_impulse_cont_600,s=0.4,R60x075_R1,r60,1.0,140,144,136,97,-103.69262500000048,-40.44449999999961,64.00062499999729,-50.035499999999615,517,247,270,0.47775628626692457,247,265,5,-130.1720000000024,-0.25178336557060427,0.940889388293807,202.54087500000446,11,2023-01-30,2023-02-22,8.339507011605413,8.339507011605413,1.0
norm_impulse_cont_600,s=0.4,R60x075_R125,r60,1.25,140,144,136,97,-195.0090625000006,0.7573750000003656,-16.57893750000349,-121.69637499999746,517,207,310,0.40038684719535783,203,304,10,-332.5270000000012,-0.6431856866537741,0.8674713656773919,335.90106250000116,11,2023-01-30,2023-02-22,10.424383764506764,8.339507011605413,1.25
norm_impulse_cont_600,s=0.4,R60x1_R1,r60,1.0,140,144,136,97,-42.62699999999995,-26.178999999999633,-152.72850000000426,-259.06999999999925,517,243,274,0.4700193423597679,240,262,15,-480.6045000000031,-0.9296025145067758,0.8325812448857799,496.86650000000463,9,2024-02-22,2024-03-15,10.417596711798826,10.417596711798826,1.0
norm_impulse_cont_600,s=0.4,R60x1_R125,r60,1.25,140,144,136,97,-111.78812499999947,15.856250000000045,-203.77400000000694,-213.13787500000115,517,214,303,0.41392649903288203,205,290,22,-512.8437500000075,-0.9919608317214845,0.8358744277657039,526.2527500000092,11,2023-01-30,2023-02-22,13.021995889748533,10.417596711798826,1.25
norm_impulse_cont_600,s=0.4,ASIAx025_R1,asia,1.0,140,144,136,97,-62.5572499999999,-52.95825000000059,-48.60199999999952,-120.92362500000013,517,245,272,0.4738878143133462,245,267,5,-285.04112500000014,-0.5513367988394586,0.8713621543956064,285.04112500000014,11,2023-01-30,2023-02-22,8.074230174081235,8.074230174081235,1.0
norm_impulse_cont_600,s=0.4,ASIAx025_R125,asia,1.25,140,144,136,97,-151.1125937499997,-7.309500000000639,-32.88331250000007,-167.67837500000087,517,212,305,0.41005802707930367,208,300,9,-358.98378125000124,-0.6943593447775652,0.8539088474143771,366.07721875000163,11,2023-01-30,2023-02-22,10.092787717601542,8.074230174081235,1.25
norm_impulse_cont_600,s=0.4,ASIAx033_R1,asia,1.0,140,144,136,97,-63.66341999999997,-33.244000000000895,-79.21011499999948,-21.954815000000277,517,248,269,0.4796905222437137,247,264,6,-198.07235000000054,-0.38311866537717704,0.9235070312846945,307.04989999999987,11,2023-01-30,2023-02-22,9.709389825918759,9.709389825918759,1.0
norm_impulse_cont_600,s=0.4,ASIAx033_R125,asia,1.25,140,144,136,97,-150.32029874999978,26.643343749998856,-81.91326124999898,-136.79681125000045,517,217,300,0.4197292069632495,209,295,13,-342.3870275000004,-0.662257306576403,0.881325460881057,435.9607274999988,11,2023-01-30,2023-02-22,12.136737282398448,9.709389825918759,1.25
norm_impulse_cont_600,s=0.4,PREVx025_R1,prev,1.0,139,144,134,95,-167.27762500000017,12.059624999999926,-269.25399999999956,47.842624999998634,512,241,271,0.470703125,234,250,28,-376.6293750000012,-0.7356042480468773,0.8873429582632752,651.9213750000014,11,2023-01-30,2023-02-22,12.886839355468753,12.886839355468753,1.0
norm_impulse_cont_600,s=0.4,PREVx025_R125,prev,1.25,139,144,134,95,-220.62743749999981,28.541531250000006,-238.91696874999937,-194.3667500000033,512,214,298,0.41796875,196,276,40,-625.3696250000025,-1.22142504882813,0.8299691137922872,774.1357187500022,11,2023-01-30,2023-02-22,16.10854919433594,12.886839355468753,1.25
norm_impulse_fade_600,s=0.4,F10_10,fixed,1.0,140,144,136,97,211.7990000000002,-141.7769999999996,-221.02999999999975,-110.0,517,250,267,0.4835589941972921,221,250,46,-261.00799999999913,-0.5048510638297855,0.8977480581541077,571.0299999999997,7,2024-04-02,2024-04-18,10.0,10.0,1.0
norm_impulse_fade_600,s=0.4,F15_15,fixed,1.0,140,144,136,97,170.61599999999953,60.11100000000192,-277.6269999999995,33.113000000000284,517,267,250,0.5164410058027079,189,195,133,-13.78699999999776,-0.026667311411987932,0.9957070920943493,420.25399999999945,9,2025-01-30,2025-02-14,15.0,15.0,1.0
norm_impulse_fade_600,s=0.4,F20_20,fixed,1.0,140,144,136,97,221.1269999999995,-41.89899999999716,-261.2979999999984,-225.2469999999994,517,262,255,0.5067698259187621,143,163,211,-307.31699999999546,-0.5944235976789081,0.9215255327950493,762.4729999999968,9,2025-01-30,2025-02-14,20.0,20.0,1.0
norm_impulse_fade_600,s=0.4,F20_15,fixed,1.3333333333333333,140,144,136,97,254.44599999999923,54.5830000000019,-307.13999999999896,-71.88699999999972,517,245,272,0.4738878143133462,134,211,172,-69.99799999999755,-0.13539264990328345,0.9798155259373584,617.7439999999974,10,2026-03-18,2026-04-10,20.0,15.0,1.3333333333333333
norm_impulse_fade_600,s=0.4,F25_20,fixed,1.25,140,144,136,97,202.61699999999928,-42.67399999999634,-232.61399999999776,-150.2469999999994,517,254,263,0.4912959381044487,103,168,246,-222.9179999999942,-0.43117601547387663,0.9447404274053464,644.3189999999959,11,2025-01-21,2025-02-14,25.0,20.0,1.25
norm_impulse_fade_600,s=0.4,F30_25,fixed,1.2,140,144,136,97,180.81599999999935,-81.88599999999565,-3.137999999998101,-144.6929999999993,517,265,252,0.5125725338491296,91,134,292,-48.9009999999937,-0.09458607350095494,0.988791806680269,492.529999999997,9,2026-03-18,2026-04-07,30.0,25.0,1.1999999999999997
norm_impulse_fade_600,s=0.4,F40_30,fixed,1.3333333333333333,140,144,136,97,182.18199999999933,-102.88799999999515,-107.9139999999993,-270.3989999999985,517,259,258,0.5009671179883946,57,109,351,-299.01899999999364,-0.578373307543508,0.9372804956833277,707.701999999998,7,2024-10-01,2024-10-09,40.0,30.0,1.3333333333333333
norm_impulse_fade_600,s=0.4,R60x075_R1,r60,1.0,140,144,136,97,-29.679624999999874,-25.577749999999924,-129.60512499999834,-48.902000000002204,517,242,275,0.46808510638297873,238,274,5,-233.76450000000034,-0.4521557059961322,0.8961749792779221,348.46174999999886,9,2023-08-29,2023-09-22,8.339507011605413,8.339507011605413,1.0
norm_impulse_fade_600,s=0.4,R60x075_R125,r60,1.25,140,144,136,97,-67.1291249999998,-24.32765624999965,-143.61615624999723,-43.17750000000041,517,208,309,0.402321083172147,198,307,12,-278.2504374999971,-0.5382020067698202,0.8875413433948489,408.7299687499958,9,2023-08-29,2023-09-22,10.424383764506764,8.339507011605413,1.25
norm_impulse_fade_600,s=0.4,R60x1_R1,r60,1.0,140,144,136,97,-46.92800000000011,-5.901000000000295,-114.96799999999575,-22.6579999999999,517,242,275,0.46808510638297873,233,271,13,-190.45499999999606,-0.3683849129593734,0.9303452237077507,342.12499999999613,9,2023-08-29,2023-09-22,10.417596711798826,10.417596711798826,1.0
norm_impulse_fade_600,s=0.4,R60x1_R125,r60,1.25,140,144,136,97,-51.0473750000005,-20.2917499999989,-392.26124999999877,45.73512500000243,517,208,309,0.402321083172147,191,305,21,-417.86524999999574,-0.8082499999999918,0.8644728898102815,621.0534999999957,10,2025-11-24,2025-12-17,13.021995889748533,10.417596711798826,1.25
norm_impulse_fade_600,s=0.4,ASIAx025_R1,asia,1.0,140,144,136,97,-40.11475000000013,-84.15749999999935,-93.48125000000016,-67.42437500000119,517,232,285,0.44874274661508706,228,284,5,-285.1778750000008,-0.5516013056092859,0.871196818693989,438.466500000001,9,2023-08-29,2023-09-22,8.074230174081235,8.074230174081235,1.0
norm_impulse_fade_600,s=0.4,ASIAx025_R125,asia,1.25,140,144,136,97,-38.42253124999989,-147.64621874999946,-35.05090625000028,-110.46896875000064,517,203,314,0.39264990328820115,195,313,9,-331.58862500000026,-0.6413706479690527,0.8642176932032554,474.2507812500007,9,2023-08-29,2023-09-22,10.092787717601542,8.074230174081235,1.25
norm_impulse_fade_600,s=0.4,ASIAx033_R1,asia,1.0,140,144,136,97,-37.85467000000011,-129.08702999999917,-88.01944499999982,-161.42186499999977,517,227,290,0.43907156673114117,223,287,7,-416.3830099999989,-0.8053829980657619,0.8455740127071297,550.4755949999994,9,2023-08-29,2023-09-22,9.709389825918759,9.709389825918759,1.0
norm_impulse_fade_600,s=0.4,ASIAx033_R125,asia,1.25,140,144,136,97,-34.18721624999988,-159.03126874999896,-122.99953875000047,-124.59059999999954,517,197,320,0.38104448742746616,187,313,17,-440.8086237499989,-0.8526278989361681,0.8487222897164541,620.0396224999993,9,2023-08-29,2023-09-22,12.136737282398448,9.709389825918759,1.25
norm_impulse_fade_600,s=0.4,PREVx025_R1,prev,1.0,139,144,134,95,24.564124999999933,-206.2506249999994,45.4627499999998,-97.96874999999886,512,236,276,0.4609375,215,264,33,-234.19249999999852,-0.4574072265624971,0.9280217171150602,385.20825,9,2023-08-29,2023-09-22,12.886839355468753,12.886839355468753,1.0
norm_impulse_fade_600,s=0.4,PREVx025_R125,prev,1.25,139,144,134,95,58.308250000000214,-234.96271874999948,40.28178124999994,-119.70696874999842,512,216,296,0.421875,187,284,41,-256.0796562499977,-0.5001555786132768,0.9280059710451233,499.63187500000015,9,2023-08-29,2023-09-22,16.10854919433594,12.886839355468753,1.25
trend_pullback_840,f=0.25,F10_10,fixed,1.0,160,153,145,93,-204.23700000000008,-18.0420000000006,-193.77000000000044,-330.0,551,241,310,0.43738656987295826,201,273,77,-746.0490000000011,-1.3539909255898386,0.7387299678406817,767.2520000000011,11,2026-01-12,2026-02-02,10.0,10.0,1.0
trend_pullback_840,f=0.25,F15_15,fixed,1.0,160,153,145,93,-123.99800000000027,69.64199999999869,-50.39700000000175,-375.0,551,257,294,0.4664246823956443,179,200,172,-479.75300000000334,-0.8706950998185179,0.8627393927325425,630.0,10,2026-02-20,2026-03-11,15.0,15.0,1.0
trend_pullback_840,f=0.25,F20_20,fixed,1.0,160,153,145,93,-223.92800000000125,142.65099999999984,-99.46500000000196,-28.469999999999345,551,267,284,0.484573502722323,147,150,254,-209.21200000000272,-0.37969509981851673,0.9462110949450835,606.0499999999993,11,2024-12-30,2025-01-31,20.0,20.0,1.0
trend_pullback_840,f=0.25,F20_15,fixed,1.3333333333333333,160,153,145,93,-151.98000000000116,161.95099999999934,-21.765000000002146,-205.0,551,246,305,0.44646098003629764,134,206,211,-216.79400000000396,-0.39345553539020683,0.9397337927924836,570.0,11,2024-12-30,2025-01-31,20.0,15.0,1.333333333333333
trend_pullback_840,f=0.25,F25_20,fixed,1.25,160,153,145,93,-192.13300000000163,116.53800000000047,-102.01900000000205,-38.69999999999936,551,258,293,0.46823956442831216,105,157,289,-216.31400000000258,-0.3925843920145237,0.9467133528976029,606.2199999999993,11,2024-12-30,2025-01-31,25.0,20.0,1.25
trend_pullback_840,f=0.25,F30_25,fixed,1.2,160,153,145,93,-165.65000000000077,189.33600000000024,-76.9460000000031,-111.61599999999908,551,259,292,0.47005444646098005,90,119,342,-164.8760000000027,-0.2992304900181537,0.9622134802233596,693.2519999999995,11,2024-12-30,2025-01-31,30.0,25.0,1.2000000000000002
trend_pullback_840,f=0.25,F40_30,fixed,1.3333333333333333,160,153,145,93,-137.81900000000041,166.8420000000001,-101.83600000000388,-625.6689999999971,551,251,300,0.455535390199637,50,104,397,-698.4820000000013,-1.2676624319419263,0.859330363049796,991.7379999999976,11,2024-12-30,2025-01-31,40.0,30.0,1.333333333333333
trend_pullback_840,f=0.25,R60x075_R1,r60,1.0,160,153,144,93,-24.534499999999355,-102.93912499999993,-316.7271250000048,-320.49612500000524,550,229,321,0.4163636363636364,223,314,13,-764.6968750000093,-1.3903579545454714,0.6906529748933112,822.7558750000094,9,2026-04-21,2026-05-12,7.710212954545472,7.710212954545472,1.0
trend_pullback_840,f=0.25,R60x075_R125,r60,1.25,160,153,144,93,-32.72793749999926,-112.3505937500011,-234.21337500000413,-277.9472187500029,550,208,342,0.3781818181818182,198,334,18,-657.2391250000073,-1.1949802272727406,0.7471035713145078,721.1983437500062,11,2026-02-19,2026-03-11,9.637766193181841,7.710212954545472,1.25
trend_pullback_840,f=0.25,R60x1_R1,r60,1.0,160,153,144,93,-9.054999999998927,-33.84250000000338,-368.94450000000097,-372.5375000000017,550,239,311,0.43454545454545457,231,301,18,-784.379500000005,-1.4261445454545545,0.7285105312215846,870.795500000005,10,2026-02-20,2026-03-11,9.317960909090926,9.317960909090926,1.0
trend_pullback_840,f=0.25,R60x1_R125,r60,1.25,160,153,144,93,-55.92662499999949,-64.83512500000364,-369.4852500000003,-405.0201250000009,550,209,341,0.38,195,327,28,-895.2671250000044,-1.6277584090909172,0.7131600316935672,965.018250000004,11,2025-10-21,2025-11-13,11.647451136363657,9.317960909090926,1.25
trend_pullback_840,f=0.25,ASIAx025_R1,asia,1.0,160,153,144,93,9.25174999999956,-97.77200000000005,-213.30287500000122,-416.5533749999987,550,237,313,0.4309090909090909,232,306,12,-718.3765000000004,-1.3061390909090917,0.7207908864625495,786.2007500000003,13,2026-04-21,2026-05-20,8.13718863636363,8.13718863636363,1.0
trend_pullback_840,f=0.25,ASIAx025_R125,asia,1.25,160,153,144,93,-18.599000000000473,-104.20884375000009,-169.9464062500013,-322.0615624999985,550,213,337,0.38727272727272727,204,329,17,-614.8158125000003,-1.1178469318181825,0.7741650269212109,710.2605000000012,13,2025-06-04,2025-06-25,10.171485795454538,8.13718863636363,1.25
trend_pullback_840,f=0.25,ASIAx033_R1,asia,1.0,160,153,144,93,15.50663499999956,-41.43173499999978,-113.9522750000024,-397.0260999999966,550,251,299,0.45636363636363636,245,290,15,-536.9034749999992,-0.9761881363636349,0.8154639056927745,726.9821749999994,10,2026-02-20,2026-03-11,9.748737945454542,9.748737945454542,1.0
trend_pullback_840,f=0.25,ASIAx033_R125,asia,1.25,160,153,144,93,-30.976866250000533,-85.79652499999965,-108.72439625000263,-441.16154999999657,550,217,333,0.39454545454545453,206,318,26,-666.6593374999993,-1.2121078863636352,0.7910649519241438,745.7958187500001,11,2026-02-19,2026-03-11,12.185922431818172,9.748737945454542,1.25
trend_pullback_840,f=0.25,PREVx025_R1,prev,1.0,157,151,143,93,-13.395250000000885,-144.11324999999943,-194.20949999999914,-303.9551250000005,544,250,294,0.45955882352941174,230,266,48,-655.673125,-1.2052814797794118,0.8167578746060496,777.8134999999993,8,2024-10-16,2024-11-05,12.797519071691173,12.797519071691173,1.0
trend_pullback_840,f=0.25,PREVx025_R125,prev,1.25,157,151,143,93,-61.22565625000067,-95.98315624999879,-56.3539687499993,-354.162718749999,544,228,316,0.41911764705882354,197,285,62,-567.7254999999977,-1.0436130514705841,0.8499913828848179,743.5133124999984,14,2023-05-16,2023-06-29,15.996898839613968,12.797519071691173,1.25
trend_pullback_840,f=0.35,F10_10,fixed,1.0,174,175,161,106,-148.81299999999987,-13.832000000000562,-183.50700000000052,-300.0,616,277,339,0.4496753246753247,233,294,89,-646.152000000001,-1.0489480519480534,0.7906444624878415,671.793000000001,12,2026-01-12,2026-02-03,10.0,10.0,1.0
trend_pullback_840,f=0.35,F15_15,fixed,1.0,174,175,161,106,-52.048,71.28999999999837,-72.45100000000184,-450.0,616,288,328,0.4675324675324675,201,225,190,-503.20900000000347,-0.8168977272727329,0.8708678515715109,715.7040000000006,9,2024-01-19,2024-02-05,15.0,15.0,1.0
trend_pullback_840,f=0.35,F20_20,fixed,1.0,174,175,161,106,-168.16500000000087,159.56199999999944,-119.77500000000191,-128.46999999999935,616,298,318,0.4837662337662338,163,170,283,-256.8480000000027,-0.4169610389610433,0.9410932724254962,640.3470000000007,9,2024-01-19,2024-02-05,20.0,20.0,1.0
trend_pullback_840,f=0.35,F20_15,fixed,1.3333333333333333,174,175,161,106,-96.21700000000078,173.618999999999,-48.819000000002234,-295.0,616,274,342,0.4448051948051948,149,233,234,-266.417000000004,-0.4324951298701364,0.9340061109810629,615.9810000000011,12,2024-12-30,2025-01-31,20.0,15.0,1.3333333333333335
trend_pullback_840,f=0.35,F25_20,fixed,1.25,174,175,161,106,-135.2670000000012,158.44900000000007,-117.43900000000167,-163.69999999999936,616,288,328,0.4675324675324675,118,178,320,-257.95700000000215,-0.4187613636363671,0.9433085087234834,605.9569999999994,9,2024-01-19,2024-02-05,25.0,20.0,1.25
trend_pullback_840,f=0.35,F30_25,fixed,1.2,174,175,161,106,-103.78400000000033,233.20699999999988,-131.72600000000284,-216.61599999999908,616,290,326,0.4707792207792208,100,135,381,-218.91900000000237,-0.35538798701299085,0.955196865976579,697.9889999999996,9,2024-01-19,2024-02-05,30.0,25.0,1.2
trend_pullback_840,f=0.35,F40_30,fixed,1.3333333333333333,174,175,161,106,-65.95299999999997,225.71299999999974,-246.76600000000371,-723.9589999999971,616,281,335,0.45616883116883117,57,120,439,-810.965000000001,-1.3165016233766251,0.8548370784656457,1021.6249999999977,9,2024-01-19,2024-02-05,40.0,30.0,1.3333333333333335
trend_pullback_840,f=0.35,R60x075_R1,r60,1.0,174,175,160,106,-1.0214999999992074,-94.37237499999998,-313.8221250000048,-306.67400000000544,615,263,352,0.4276422764227642,257,344,14,-715.8900000000094,-1.1640487804878201,0.7329046964042993,788.9777500000087,10,2026-04-21,2026-05-12,7.657810569105707,7.657810569105707,1.0
trend_pullback_840,f=0.35,R60x075_R125,r60,1.25,174,175,160,106,2.0350625000008904,-111.4598437500013,-241.15440625000406,-266.5533125000025,615,237,378,0.3853658536585366,227,369,19,-617.1325000000069,-1.003467479674808,0.7826684773151461,702.3479687500062,10,2024-10-16,2024-11-05,9.572263211382134,7.657810569105707,1.25
trend_pullback_840,f=0.35,R60x1_R1,r60,1.0,174,175,160,106,14.628000000001293,-43.133500000004005,-350.5265000000022,-358.57250000000204,615,273,342,0.44390243902439025,265,331,19,-737.604500000007,-1.199356910569117,0.7653845756249212,849.6405000000063,8,2024-01-22,2024-02-05,9.24325121951221,9.24325121951221,1.0
trend_pullback_840,f=0.35,R60x1_R125,r60,1.25,174,175,160,106,-20.95112499999925,-72.46462500000456,-439.983625000002,-360.79012500000124,615,239,376,0.3886178861788618,225,361,29,-894.189500000007,-1.453966666666678,0.7392777746271596,976.4406250000067,10,2024-10-16,2024-11-05,11.554064024390263,9.24325121951221,1.25
trend_pullback_840,f=0.35,ASIAx025_R1,asia,1.0,174,175,160,106,32.76474999999971,-102.91737499999999,-164.58212500000116,-452.1874999999983,615,271,344,0.44065040650406506,266,336,13,-686.9222499999997,-1.1169467479674793,0.7577053546167005,800.2947499999996,13,2026-04-21,2026-05-18,8.186610162601621,8.186610162601621,1.0
trend_pullback_840,f=0.35,ASIAx025_R125,asia,1.25,174,175,160,106,16.163999999999675,-117.88337500000003,-114.73306250000124,-359.01409374999815,615,243,372,0.3951219512195122,234,363,18,-575.4665312499998,-0.9357179369918696,0.8090498445391177,687.2847499999993,13,2025-06-04,2025-06-25,10.233262703252025,8.186610162601621,1.25
trend_pullback_840,f=0.35,ASIAx033_R1,asia,1.0,174,175,160,106,39.01963499999971,-49.874779999999795,-36.292735000002295,-430.7641449999961,615,286,329,0.46504065040650405,279,319,17,-477.9120249999986,-0.7770927235772335,0.8508339301035471,746.0639449999994,9,2025-06-11,2025-06-25,9.791077097560969,9.791077097560969,1.0
trend_pullback_840,f=0.35,ASIAx033_R125,asia,1.25,174,175,160,106,3.786133749999614,-102.08434249999969,-31.921188750002784,-442.7153037499962,615,249,366,0.40487804878048783,235,350,30,-572.9347012499992,-0.9316011402439012,0.8365357533114941,669.0483337500004,10,2024-10-16,2024-11-05,12.238846371951212,9.791077097560969,1.25
trend_pullback_840,f=0.35,PREVx025_R1,prev,1.0,171,173,159,106,10.047124999999312,-161.90862499999963,-224.37037499999963,-312.04225000000076,609,283,326,0.46469622331691296,259,295,55,-688.2741250000007,-1.1301709770114954,0.826394276874586,785.1693749999995,10,2024-10-16,2024-11-05,12.755170566502462,12.755170566502462,1.0
trend_pullback_840,f=0.35,PREVx025_R125,prev,1.25,171,173,159,106,-26.53328125000047,-95.01768749999901,-71.4380312499998,-369.09453124999953,609,260,349,0.4269293924466338,225,315,69,-562.0835312499988,-0.9229614634646943,0.8659228443390115,703.0169687499994,14,2023-05-15,2023-06-19,15.943963208128077,12.755170566502462,1.25
norm_impulse_cont_840,s=0.25,F10_10,fixed,1.0,179,181,185,118,-112.0930000000003,10.28600000000074,-195.87099999999964,-240.0,663,305,358,0.46003016591251883,264,312,87,-537.6779999999992,-0.8109773755656097,0.8363196005024164,578.1959999999992,11,2025-06-24,2025-07-09,10.0,10.0,1.0
norm_impulse_cont_840,s=0.25,F15_15,fixed,1.0,179,181,185,118,-74.22800000000052,48.278999999999314,-101.80600000000095,-360.0,663,311,352,0.46907993966817496,218,242,203,-487.75500000000216,-0.7356787330316774,0.8831866405684383,609.4470000000024,7,2024-06-28,2024-07-12,15.0,15.0,1.0
norm_impulse_cont_840,s=0.25,F20_20,fixed,1.0,179,181,185,118,-177.68800000000147,171.13599999999906,-395.8300000000004,-169.50999999999976,663,313,350,0.4720965309200603,171,193,299,-571.8920000000026,-0.8625822021116177,0.8822505752692683,748.1720000000025,7,2024-12-26,2025-01-09,20.0,20.0,1.0
norm_impulse_cont_840,s=0.25,F20_15,fixed,1.3333333333333333,179,181,185,118,-130.86100000000124,149.27099999999996,-125.9280000000008,-300.0,663,293,370,0.4419306184012066,157,254,252,-407.5180000000021,-0.6146576168929141,0.9068668442098526,522.212000000002,8,2026-01-08,2026-01-23,20.0,15.0,1.3333333333333333
norm_impulse_cont_840,s=0.25,F25_20,fixed,1.25,179,181,185,118,-158.6440000000016,144.40699999999993,-447.8410000000008,-234.67999999999984,663,297,366,0.4479638009049774,122,204,337,-696.7580000000023,-1.0509170437405766,0.8635766988740088,918.6400000000021,11,2025-06-13,2025-07-01,25.0,20.0,1.25
norm_impulse_cont_840,s=0.25,F30_25,fixed,1.2,179,181,185,118,-181.41200000000094,157.10899999999924,-522.1780000000012,-246.10599999999886,663,300,363,0.45248868778280543,101,167,395,-792.5870000000018,-1.1954555052790374,0.8586306965129756,1038.2580000000019,11,2025-06-13,2025-07-01,30.0,25.0,1.2
norm_impulse_cont_840,s=0.25,F40_30,fixed,1.3333333333333333,179,181,185,118,-192.9980000000005,174.92200000000048,-611.3120000000022,-475.05899999999656,663,297,366,0.4479638009049774,61,142,460,-1104.4469999999988,-1.6658325791855184,0.8223678052292156,1265.770999999999,11,2025-06-13,2025-07-01,40.0,30.0,1.3333333333333333
norm_impulse_cont_840,s=0.25,R60x075_R1,r60,1.0,179,181,185,118,-20.660249999999223,11.907500000000766,-371.0177500000053,-238.44650000000354,663,298,365,0.4494720965309201,292,358,13,-618.2170000000074,-0.9324539969834199,0.7897648888283175,700.979000000008,10,2023-01-27,2023-02-14,8.0228650075415,8.0228650075415,1.0
norm_impulse_cont_840,s=0.25,R60x075_R125,r60,1.25,179,181,185,118,-24.575687499999106,-32.82593749999977,-295.26431250000473,-166.76275000000072,663,266,397,0.40120663650075417,256,388,19,-519.4286875000043,-0.7834520173454063,0.8342805087760429,622.9194687500035,10,2023-01-27,2023-02-14,10.028581259426876,8.0228650075415,1.25
norm_impulse_cont_840,s=0.25,R60x1_R1,r60,1.0,179,181,185,118,-12.320499999998901,53.03350000000114,-394.76200000000154,-304.4020000000014,663,308,355,0.4645550527903469,299,342,22,-658.4510000000007,-0.9931387631975878,0.8108821646455738,848.3415000000032,9,2023-01-27,2023-02-13,9.737386123680258,9.737386123680258,1.0
norm_impulse_cont_840,s=0.25,R60x1_R125,r60,1.25,179,181,185,118,-54.871624999999426,-17.666750000001173,-550.7108750000007,-283.73662500000023,663,265,398,0.3996983408748115,251,381,31,-906.9858750000014,-1.3680028280543008,0.7647660247860589,1058.560000000003,11,2024-11-27,2024-12-17,12.171732654600325,9.737386123680258,1.25
norm_impulse_cont_840,s=0.25,ASIAx025_R1,asia,1.0,179,181,185,118,1.457249999999874,10.504250000000297,-336.9656250000015,-342.70137499999885,663,300,363,0.45248868778280543,294,357,12,-667.7055000000003,-1.0070972850678737,0.7823966197938168,756.2073750000009,10,2023-01-27,2023-02-14,8.311688725490193,8.311688725490193,1.0
norm_impulse_cont_840,s=0.25,ASIAx025_R125,asia,1.25,179,181,185,118,-22.11550000000014,-7.172843749999714,-317.03278125000134,-272.5638124999978,663,265,398,0.3996983408748115,255,391,17,-618.884937499999,-0.9334614441930603,0.8124048778040684,699.5246874999996,13,2025-06-19,2025-07-09,10.389610906862742,8.311688725490193,1.25
norm_impulse_cont_840,s=0.25,ASIAx033_R1,asia,1.0,179,181,185,118,-0.5555450000000128,37.5603750000005,-284.5493150000026,-391.1750099999962,663,308,355,0.4645550527903469,300,346,17,-638.7194949999981,-0.9633778205128177,0.8205649871726849,760.3618,11,2025-06-24,2025-07-09,9.934831372549018,9.934831372549018,1.0
norm_impulse_cont_840,s=0.25,ASIAx033_R125,asia,1.25,179,181,185,118,-43.040596250000085,0.882952500000691,-250.60238375000296,-301.88749124999674,663,271,392,0.40874811463046756,255,378,30,-594.647518749999,-0.8969042515082941,0.8438793580943,703.1578375000009,11,2025-06-24,2025-07-09,12.418539215686275,9.934831372549018,1.25
norm_impulse_cont_840,s=0.25,PREVx025_R1,prev,1.0,177,178,184,116,-96.84425000000044,-78.49849999999822,-453.6349999999974,-258.3919999999998,655,306,349,0.467175572519084,280,316,59,-887.3697499999959,-1.3547629770992302,0.8006930722534712,1091.9113749999958,10,2023-01-27,2023-02-14,13.108263358778624,13.108263358778624,1.0
norm_impulse_cont_840,s=0.25,PREVx025_R125,prev,1.25,177,178,184,116,-117.92206250000051,-99.94496874999771,-310.08340624999767,-242.98137499999848,655,277,378,0.42290076335877863,238,340,77,-770.9318124999943,-1.1769951335877775,0.8361486005406522,1016.0674687499943,10,2023-01-27,2023-02-14,16.38532919847328,13.108263358778624,1.25
norm_impulse_fade_840,s=0.25,F10_10,fixed,1.0,179,181,185,118,-65.9409999999998,-165.64099999999894,-6.524999999999636,-80.0,663,313,350,0.4720965309200603,268,301,94,-318.1069999999984,-0.4797993966817472,0.89924404607496,383.0099999999986,9,2024-05-27,2024-06-14,10.0,10.0,1.0
norm_impulse_fade_840,s=0.25,F15_15,fixed,1.0,179,181,185,118,-78.95999999999958,-288.0649999999998,-82.00899999999956,120.0,663,319,344,0.48114630467571645,221,238,204,-329.03399999999897,-0.49628054298642377,0.919691314573471,560.5649999999991,9,2024-03-11,2024-03-26,15.0,15.0,1.0
norm_impulse_fade_840,s=0.25,F20_20,fixed,1.0,179,181,185,118,-55.6269999999995,-317.34500000000185,223.80499999999938,126.72000000000025,663,327,336,0.49321266968325794,183,179,301,-22.447000000001708,-0.03385671191553802,0.9950958930206866,448.98600000000147,9,2024-03-11,2024-03-26,20.0,20.0,1.0
norm_impulse_fade_840,s=0.25,F20_15,fixed,1.3333333333333333,179,181,185,118,-64.76299999999924,-281.7400000000014,58.060999999999694,142.89000000000033,663,303,360,0.45701357466063347,165,250,248,-145.5520000000006,-0.21953544494721053,0.9661685024834603,480.5120000000006,9,2024-03-11,2024-03-26,20.0,15.0,1.3333333333333333
norm_impulse_fade_840,s=0.25,F25_20,fixed,1.25,179,181,185,118,-21.736999999998943,-333.77200000000107,280.85899999999947,271.880000000001,663,315,348,0.4751131221719457,149,185,329,197.23000000000047,0.2974811463046764,1.041715427728545,469.50199999999927,9,2024-03-11,2024-03-26,25.0,20.0,1.25
norm_impulse_fade_840,s=0.25,F30_25,fixed,1.2,179,181,185,118,1.3590000000003783,-338.33200000000056,389.7020000000007,197.2700000000009,663,319,344,0.48114630467571645,125,142,396,249.9990000000014,0.37707239819004734,1.0484259001345473,491.4389999999987,9,2024-03-11,2024-03-26,30.0,25.0,1.2
norm_impulse_fade_840,s=0.25,F40_30,fixed,1.3333333333333333,179,181,185,118,34.18600000000015,-385.97300000000087,454.729000000003,342.3230000000008,663,324,339,0.48868778280542985,85,117,461,445.26500000000306,0.6715912518853742,1.0804466994657729,553.1329999999991,9,2024-03-11,2024-03-26,40.0,30.0,1.3333333333333333
norm_impulse_fade_840,s=0.25,R60x075_R1,r60,1.0,179,181,185,118,-96.61750000000086,-258.84725000000145,104.05650000000526,73.98650000000237,663,303,360,0.45701357466063347,296,356,11,-177.4217499999947,-0.2676044494720885,0.9348204109622212,459.8953750000003,12,2024-04-17,2024-05-07,8.0228650075415,8.0228650075415,1.0
norm_impulse_fade_840,s=0.25,R60x075_R125,r60,1.25,179,181,185,118,-108.5903437500008,-267.84318750000205,177.53450000000421,175.4338437500025,663,272,391,0.41025641025641024,263,384,16,-23.46518749999609,-0.035392439668169066,0.9919650156529434,482.1011875000019,12,2024-04-17,2024-05-07,10.028581259426876,8.0228650075415,1.25
norm_impulse_fade_840,s=0.25,R60x1_R1,r60,1.0,179,181,185,118,-90.91650000000072,-248.23250000000257,147.4540000000061,104.96399999999949,663,310,353,0.4675716440422323,300,345,18,-86.73099999999772,-0.13081598793363156,0.9729013767397893,414.89350000000104,12,2024-04-17,2024-05-07,9.737386123680258,9.737386123680258,1.0
norm_impulse_fade_840,s=0.25,R60x1_R125,r60,1.25,179,181,185,118,-95.00987500000099,-264.98362500000076,100.08062500000517,261.16174999999726,663,272,391,0.41025641025641024,255,377,31,1.2488750000006803,0.0018836726998501965,1.0003603835626718,454.3558749999992,12,2024-04-17,2024-05-07,12.171732654600325,9.737386123680258,1.25
norm_impulse_fade_840,s=0.25,ASIAx025_R1,asia,1.0,179,181,185,118,-95.24124999999975,-201.06700000000035,137.45087500000102,208.78887499999803,663,316,347,0.4766214177978884,311,343,9,49.93149999999895,0.07531146304675558,1.0184033847868414,325.4125000000001,10,2024-04-17,2024-05-03,8.311688725490193,8.311688725490193,1.0
norm_impulse_fade_840,s=0.25,ASIAx025_R125,asia,1.25,179,181,185,118,-98.12331249999978,-177.95050000000026,64.04078125000095,350.9819374999986,663,282,381,0.4253393665158371,274,375,14,138.94890624999948,0.2095760275263944,1.0469757456433517,355.35715624999926,10,2024-04-17,2024-05-03,10.389610906862742,8.311688725490193,1.25
norm_impulse_fade_840,s=0.25,ASIAx033_R1,asia,1.0,179,181,185,118,-93.39790499999985,-237.80714500000033,8.972330000001914,254.5941999999976,663,310,353,0.4675716440422323,301,346,16,-67.63852000000068,-0.10201888386123784,0.979335786882484,417.44120499999934,10,2024-04-17,2024-05-03,9.934831372549018,9.934831372549018,1.0
norm_impulse_fade_840,s=0.25,ASIAx033_R125,asia,1.25,179,181,185,118,-93.3318699999999,-257.035135000001,37.66946125000188,419.76858249999736,663,279,384,0.42081447963800905,262,372,29,107.07103874999842,0.16149477941176232,1.0307065467421737,504.3437600000002,10,2024-04-17,2024-05-03,12.418539215686275,9.934831372549018,1.25
norm_impulse_fade_840,s=0.25,PREVx025_R1,prev,1.0,177,178,184,116,-57.21362499999924,-88.4029999999999,216.476624999999,109.61275000000069,655,311,344,0.47480916030534354,284,316,55,180.47275000000053,0.27553091603053514,1.0460172187117818,260.4418749999988,9,2024-08-01,2024-08-15,13.108263358778624,13.108263358778624,1.0
norm_impulse_fade_840,s=0.25,PREVx025_R125,prev,1.25,177,178,184,116,-35.60568749999909,-118.74200000000076,336.1760624999998,304.58509374999966,655,288,367,0.4396946564885496,247,335,73,486.41346874999954,0.7426159828244268,1.1177381452949298,269.56612500000097,9,2024-05-27,2024-06-14,16.38532919847328,13.108263358778624,1.25
body15_cont_840,r=0.35,F10_10,fixed,1.0,162,154,152,97,35.13699999999926,21.833999999999378,104.13300000000027,-130.0,565,284,281,0.5026548672566372,244,237,84,31.103999999998905,0.05505132743362638,1.0123134075764033,201.80000000000018,10,2024-09-02,2024-09-26,10.0,10.0,1.0
body15_cont_840,r=0.35,F15_15,fixed,1.0,162,154,152,97,-15.156000000000176,180.36599999999885,78.1939999999995,-75.0,565,290,275,0.5132743362831859,200,188,177,168.40399999999818,0.29806017699114723,1.0518747150654881,186.55000000000018,8,2024-02-20,2024-03-05,15.0,15.0,1.0
body15_cont_840,r=0.35,F20_20,fixed,1.0,162,154,152,97,-72.26199999999926,288.46399999999926,-42.314000000001215,-171.30999999999995,565,282,283,0.49911504424778763,152,148,265,2.5779999999988377,0.004562831858405022,1.0006748972012183,333.87700000000086,8,2024-02-20,2024-03-05,20.0,20.0,1.0
body15_cont_840,r=0.35,F20_15,fixed,1.3333333333333333,162,154,152,97,-63.63799999999969,267.8639999999998,84.20399999999927,-76.80000000000018,565,271,294,0.479646017699115,144,199,222,211.6299999999992,0.3745663716814145,1.0615470251786454,231.80000000000018,8,2024-02-20,2024-03-05,20.0,15.0,1.3333333333333333
body15_cont_840,r=0.35,F25_20,fixed,1.25,162,154,152,97,-52.7369999999994,274.1350000000002,-197.44800000000032,-326.53999999999996,565,262,303,0.46371681415929206,102,159,304,-302.58999999999946,-0.5355575221238928,0.9258625319492576,639.4540000000002,8,2024-02-20,2024-03-05,25.0,20.0,1.25
body15_cont_840,r=0.35,F30_25,fixed,1.2,162,154,152,97,-58.587999999999056,232.36099999999988,-223.66500000000133,-245.59599999999773,565,266,299,0.47079646017699117,88,127,350,-295.48799999999824,-0.5229876106194659,0.9335795896063462,602.8729999999987,8,2024-02-20,2024-03-05,30.0,25.0,1.2
body15_cont_840,r=0.35,F40_30,fixed,1.3333333333333333,162,154,152,97,-75.69599999999878,230.38999999999942,-500.68300000000045,-405.5659999999966,565,260,305,0.46017699115044247,50,110,405,-751.5549999999964,-1.3301858407079583,0.8502287157997447,953.368999999997,8,2024-02-20,2024-03-05,40.0,30.0,1.3333333333333333
body15_cont_840,r=0.35,R60x075_R1,r60,1.0,162,154,152,97,12.01187500000043,32.935624999998765,-140.56037500000025,-57.994750000002,565,275,290,0.48672566371681414,267,285,13,-153.60762500000305,-0.27187190265487265,0.9318643382519267,258.37512499999934,6,2025-04-10,2025-04-22,7.789282964601784,7.789282964601784,1.0
body15_cont_840,r=0.35,R60x075_R125,r60,1.25,162,154,152,97,6.106500000000608,-9.327937500000772,-33.5211874999996,-90.1130937500009,565,247,318,0.43716814159292033,234,311,20,-126.85571875000066,-0.2245233960177003,0.9483259992622987,251.04343750000172,8,2024-08-26,2024-09-12,9.73660370575223,7.789282964601784,1.25
body15_cont_840,r=0.35,R60x1_R1,r60,1.0,162,154,152,97,-20.593499999999494,59.44950000000176,-65.81499999999778,-209.25850000000128,565,276,289,0.48849557522123893,267,279,19,-236.2174999999968,-0.4180840707964545,0.9127840055796391,363.2024999999958,6,2025-09-05,2025-09-17,9.369943362831872,9.369943362831872,1.0
body15_cont_840,r=0.35,R60x1_R125,r60,1.25,162,154,152,97,-17.920874999999285,13.53925000000146,-141.7988749999979,-387.67549999999744,565,241,324,0.4265486725663717,227,311,27,-533.8559999999932,-0.9448778761061826,0.82667412536919,599.452499999994,10,2026-05-14,2026-06-03,11.712429203539841,9.369943362831872,1.25
body15_cont_840,r=0.35,ASIAx025_R1,asia,1.0,162,154,152,97,33.296625000000006,41.602874999999926,-26.510000000000787,-80.18337500000052,565,280,285,0.49557522123893805,273,281,11,-31.79387500000138,-0.0562723451327458,0.9861821137550629,282.15075000000127,7,2025-10-15,2025-10-28,8.148376327433628,8.148376327433628,1.0
body15_cont_840,r=0.35,ASIAx025_R125,asia,1.25,162,154,152,97,6.123250000000098,15.41128125000023,33.805218749998886,-28.99287499999994,565,248,317,0.4389380530973451,236,311,18,26.346874999999272,0.046631637168140304,1.010501517395151,262.11209375000067,8,2024-08-26,2024-09-12,10.185470409292034,8.148376327433628,1.25
body15_cont_840,r=0.35,ASIAx033_R1,asia,1.0,162,154,152,97,34.726975000000024,55.716735000000824,44.214649999998414,-110.99038500000097,565,281,284,0.49734513274336284,272,277,16,23.66797499999818,0.04189022123893483,1.0088341751973762,276.0313800000017,6,2026-07-20,2026-07-30,9.694076026548673,9.694076026548673,1.0
body15_cont_840,r=0.35,ASIAx033_R125,asia,1.25,162,154,152,97,-3.273602499999974,13.78683125000109,106.72428249999794,-95.76559125000159,565,247,318,0.43716814159292033,229,305,31,21.471919999997404,0.0380033982300839,1.0073747968497262,286.28882375000114,8,2024-08-26,2024-09-12,12.117595033185841,9.694076026548673,1.25
body15_cont_840,r=0.35,PREVx025_R1,prev,1.0,161,152,151,95,-28.38225000000017,18.349249999999984,21.825125000001094,-285.80537499999787,559,278,281,0.49731663685152055,254,254,51,-274.01324999999696,-0.4901847048300482,0.918369221024198,405.9917499999973,8,2024-08-26,2024-09-12,12.502749999999997,12.502749999999997,1.0
body15_cont_840,r=0.35,PREVx025_R125,prev,1.25,161,152,151,95,-79.25106250000002,52.95318750000018,33.21846875000119,-451.18481249999866,559,246,313,0.4400715563506261,211,280,68,-444.2642187499973,-0.7947481551878306,0.8799665298360433,643.8026562499978,8,2024-08-26,2024-09-12,15.628437499999999,12.502749999999997,1.25
body15_fade_840,r=0.35,F10_10,fixed,1.0,162,154,152,97,-194.73100000000022,-144.32200000000034,-298.75100000000066,-90.0,565,244,321,0.431858407079646,205,275,85,-727.8040000000012,-1.2881486725663738,0.7485385915819971,755.2280000000014,8,2024-05-17,2024-06-04,10.0,10.0,1.0
body15_fade_840,r=0.35,F15_15,fixed,1.0,162,154,152,97,-142.79100000000085,-438.6439999999991,-276.9180000000001,-105.0,565,246,319,0.4353982300884956,166,220,179,-963.3530000000001,-1.705049557522124,0.7469595047161758,1021.1650000000004,8,2024-05-17,2024-06-04,15.0,15.0,1.0
body15_fade_840,r=0.35,F20_20,fixed,1.0,162,154,152,97,-122.7570000000012,-414.98499999999854,-100.16300000000001,127.33000000000084,565,265,300,0.4690265486725664,141,159,265,-510.5749999999989,-0.9036725663716795,0.8749470041776998,804.0609999999999,8,2024-06-06,2024-06-19,20.0,20.0,1.0
body15_fade_840,r=0.35,F20_15,fixed,1.3333333333333333,162,154,152,97,-139.0050000000008,-373.99299999999926,-213.17700000000013,-32.10999999999967,565,236,329,0.4176991150442478,124,228,213,-758.2849999999999,-1.3420973451327431,0.8072703935747055,848.9450000000002,8,2024-05-17,2024-06-04,20.0,15.0,1.3333333333333333
body15_fade_840,r=0.35,F25_20,fixed,1.25,162,154,152,97,-114.56400000000099,-414.1549999999977,-48.72900000000118,162.82000000000062,565,255,310,0.45132743362831856,112,165,288,-414.62799999999925,-0.7338548672566358,0.9018217163937903,797.7929999999997,8,2024-06-06,2024-06-19,25.0,20.0,1.25
body15_fade_840,r=0.35,F30_25,fixed,1.2,162,154,152,97,-112.35200000000123,-330.67199999999684,190.89699999999948,171.68999999999915,565,265,300,0.4690265486725664,98,119,348,-80.43699999999944,-0.14236637168141494,0.9817878710486085,717.0939999999971,8,2024-06-06,2024-06-19,30.0,25.0,1.2
body15_fade_840,r=0.35,F40_30,fixed,1.3333333333333333,162,154,152,97,-99.56600000000117,-457.0959999999959,363.7429999999995,316.0099999999993,565,268,297,0.4743362831858407,67,98,400,123.09100000000171,0.21786017699115348,1.0262229110411643,856.2909999999963,8,2024-04-08,2024-05-02,40.0,30.0,1.3333333333333333
body15_fade_840,r=0.35,R60x075_R1,r60,1.0,162,154,152,97,-75.66862500000087,-258.0201250000005,-102.31537500000104,-57.737749999999664,565,238,327,0.42123893805309737,233,319,13,-493.7418750000021,-0.8738794247787648,0.796250346315632,555.0531250000045,12,2023-08-21,2023-09-12,7.789282964601784,7.789282964601784,1.0
body15_fade_840,r=0.35,R60x075_R125,r60,1.25,162,154,152,97,-70.77418750000098,-281.81628125000134,-75.18759375000118,28.173625000001863,565,212,353,0.3752212389380531,205,344,16,-399.6044375000016,-0.7072644911504453,0.8454583020741313,499.73418750000457,15,2024-10-18,2024-11-18,9.73660370575223,7.789282964601784,1.25
body15_fade_840,r=0.35,R60x1_R1,r60,1.0,162,154,152,97,-38.84550000000013,-233.67150000000288,-76.57300000000077,38.61050000000023,565,252,313,0.44601769911504424,244,304,17,-310.47950000000355,-0.5495212389380594,0.886868686500629,533.0335000000032,12,2023-08-21,2023-09-12,9.369943362831872,9.369943362831872,1.0
body15_fade_840,r=0.35,R60x1_R125,r60,1.25,162,154,152,97,-44.19575000000049,-300.636750000004,-188.6312499999991,199.7666249999985,565,218,347,0.3858407079646018,204,335,26,-333.6971250000051,-0.5906143805309825,0.8882251630873219,635.1315000000073,14,2024-10-21,2024-11-18,11.712429203539841,9.369943362831872,1.25
body15_fade_840,r=0.35,ASIAx025_R1,asia,1.0,162,154,152,97,-83.45962500000024,-212.43612500000052,-246.56124999999963,-38.87162500000022,565,240,325,0.4247787610619469,237,318,10,-581.3286250000006,-1.028900221238939,0.7742894878214585,655.0949999999995,12,2023-08-21,2023-09-12,8.148376327433628,8.148376327433628,1.0
body15_fade_840,r=0.35,ASIAx025_R125,asia,1.25,162,154,152,97,-80.9676562500003,-201.51268750000045,-334.7784999999993,-23.29334374999985,565,211,354,0.3734513274336283,205,345,15,-640.5521875,-1.1337206858407078,0.7715721779571648,695.2615937499985,14,2024-10-21,2024-11-18,10.185470409292034,8.148376327433628,1.25
body15_fade_840,r=0.35,ASIAx033_R1,asia,1.0,162,154,152,97,-85.05942500000025,-246.94427500000143,-316.81663499999917,-54.69591499999952,565,240,325,0.4247787610619469,235,316,14,-703.5162500000004,-1.2451615044247795,0.769222751322838,757.7676200000008,12,2023-08-21,2023-09-12,9.694076026548673,9.694076026548673,1.0
body15_fade_840,r=0.35,ASIAx033_R125,asia,1.25,162,154,152,97,-90.14440875000027,-284.3004987500026,-214.67347124999947,114.12947375000036,565,219,346,0.38761061946902653,207,334,24,-474.98890500000186,-0.8406883274336316,0.850350058136264,730.025090000003,15,2024-10-18,2024-11-18,12.117595033185841,9.694076026548673,1.25
body15_fade_840,r=0.35,PREVx025_R1,prev,1.0,161,152,151,95,-88.40674999999982,-156.09387499999957,-209.65625000000045,131.55612499999893,559,249,310,0.44543828264758495,224,285,50,-322.6007500000009,-0.5771033094812181,0.9045392890301922,636.3079999999998,12,2023-08-21,2023-09-12,12.502749999999997,12.502749999999997,1.0
body15_fade_840,r=0.35,PREVx025_R125,prev,1.25,161,152,151,95,-102.72937499999966,-184.30549999999917,-144.04193750000036,269.7393124999975,559,228,331,0.407871198568873,190,301,68,-161.3375000000017,-0.2886180679785362,0.9546280991096388,622.9277499999987,12,2023-08-21,2023-09-12,15.628437499999999,12.502749999999997,1.25
body15_cont_840,r=0.5,F10_10,fixed,1.0,116,108,102,69,4.856999999999971,-1.3769999999999527,57.603000000000065,-110.0,395,195,200,0.4936708860759494,165,168,62,-48.916999999999916,-0.12384050632911371,0.9727332420669604,170.0,8,2024-09-02,2024-09-24,10.0,10.0,1.0
body15_cont_840,r=0.5,F15_15,fixed,1.0,116,108,102,69,-91.84099999999967,89.29699999999889,54.28099999999995,-195.0,395,196,199,0.4962025316455696,128,140,127,-143.26300000000083,-0.36269113924050844,0.9398509783143089,270.0,6,2026-06-02,2026-06-18,15.0,15.0,1.0
body15_cont_840,r=0.5,F20_20,fixed,1.0,116,108,102,69,-172.04099999999903,194.19299999999816,26.5,-189.50999999999976,395,197,198,0.49873417721518987,101,107,187,-140.85800000000063,-0.3566025316455712,0.9485284203087239,329.0799999999999,6,2026-04-29,2026-05-12,20.0,20.0,1.0
body15_cont_840,r=0.5,F20_15,fixed,1.3333333333333333,116,108,102,69,-143.5779999999993,176.61599999999885,81.05799999999954,-160.0,395,186,209,0.4708860759493671,93,145,157,-45.904000000000906,-0.11621265822785039,0.9814107410636582,235.0,6,2026-04-29,2026-05-12,20.0,15.0,1.3333333333333335
body15_cont_840,r=0.5,F25_20,fixed,1.25,116,108,102,69,-144.57799999999907,152.253999999999,-129.75699999999915,-369.7399999999998,395,181,214,0.4582278481012658,64,117,214,-491.820999999999,-1.2451164556962,0.8338298852873767,627.4899999999993,7,2025-12-23,2026-01-12,25.0,20.0,1.25
body15_cont_840,r=0.5,F30_25,fixed,1.2,116,108,102,69,-131.42799999999875,128.65399999999863,-122.30699999999979,-264.03999999999905,395,186,209,0.4708860759493671,60,92,243,-389.12099999999896,-0.9851164556961999,0.8784252182041775,605.532999999999,6,2024-03-18,2024-04-08,30.0,25.0,1.1999999999999997
body15_cont_840,r=0.5,F40_30,fixed,1.3333333333333333,116,108,102,69,-144.71899999999846,134.56299999999828,-322.3349999999991,-272.69999999999845,395,184,211,0.46582278481012657,36,79,280,-605.1909999999978,-1.532129113924045,0.8287280918972927,731.6739999999972,6,2024-03-18,2024-04-08,40.0,30.0,1.3333333333333335
body15_cont_840,r=0.5,R60x075_R1,r60,1.0,116,108,102,69,-38.374374999999475,14.64037499999813,-108.1131249999986,-190.7360000000008,395,182,213,0.4607594936708861,176,208,11,-322.58312500000073,-0.8166661392405082,0.8083020660232175,349.81437499999896,8,2025-04-30,2025-05-26,7.788548417721525,7.788548417721525,1.0
body15_cont_840,r=0.5,R60x075_R125,r60,1.25,116,108,102,69,-23.172218749999303,-21.57571875000113,-30.76071874999826,-225.07621875000018,395,164,231,0.4151898734177215,154,224,17,-300.5848749999989,-0.7609743670886048,0.8338141732239938,337.56799999999674,8,2024-08-30,2024-09-23,9.735685522151908,7.788548417721525,1.25
body15_cont_840,r=0.5,R60x1_R1,r60,1.0,116,108,102,69,-60.012999999999465,71.89250000000061,-21.519499999996242,-330.57400000000143,395,187,208,0.47341772151898737,181,200,14,-340.21399999999653,-0.861301265822776,0.8291504880209407,430.1809999999941,8,2025-04-30,2025-05-26,9.381520253164567,9.381520253164567,1.0
body15_cont_840,r=0.5,R60x1_R125,r60,1.25,116,108,102,69,-46.706999999999255,10.079499999998916,-53.96462499999677,-497.34162499999866,395,161,234,0.40759493670886077,150,223,22,-587.9337499999958,-1.488439873417711,0.7386749147430866,617.5067499999948,8,2025-04-30,2025-05-26,11.726900316455707,9.381520253164567,1.25
body15_cont_840,r=0.5,ASIAx025_R1,asia,1.0,116,108,102,69,-15.399499999999989,46.035124999999994,-65.73437499999977,-228.04187500000035,395,186,209,0.4708860759493671,180,205,10,-263.1406250000001,-0.6661787974683547,0.8470187468301876,400.9852500000003,6,2025-10-15,2025-10-28,8.11690284810126,8.11690284810126,1.0
body15_cont_840,r=0.5,ASIAx025_R125,asia,1.25,116,108,102,69,-21.322874999999897,2.1539687500003026,7.711624999999714,-206.4104374999997,395,166,229,0.42025316455696204,155,223,17,-217.86771874999957,-0.5515638449367077,0.8818211895518575,362.29312500000015,8,2024-08-30,2024-09-23,10.146128560126575,8.11690284810126,1.25
body15_cont_840,r=0.5,ASIAx033_R1,asia,1.0,116,108,102,69,-12.10568499999992,60.135745000000725,63.37249499999983,-262.37747000000024,395,190,205,0.4810126582278481,182,199,14,-150.97491499999973,-0.3822149746835436,0.9224575696159357,380.02566500000034,6,2026-04-29,2026-05-12,9.684797126582275,9.684797126582275,1.0
body15_cont_840,r=0.5,ASIAx033_R125,asia,1.25,116,108,102,69,-29.12244624999991,0.10381625000087524,86.24186374999951,-206.3273850000013,395,166,229,0.42025316455696204,151,218,26,-149.10415125000083,-0.3774788639240527,0.9288410166780744,275.5585362500018,8,2024-08-30,2024-09-23,12.105996408227844,9.684797126582275,1.25
body15_cont_840,r=0.5,PREVx025_R1,prev,1.0,115,107,102,68,-52.739124999999945,-0.0422499999996262,-44.19724999999937,-296.3737499999992,392,187,205,0.4770408163265306,170,184,38,-393.3523749999981,-1.003449936224485,0.8399817933860529,537.9271249999985,8,2024-08-30,2024-09-23,12.403565051020408,12.403565051020408,1.0
body15_cont_840,r=0.5,PREVx025_R125,prev,1.25,115,107,102,68,-91.1530937499996,23.2387187500004,-24.914406249999615,-338.1279999999994,392,167,225,0.4260204081632653,141,199,52,-430.95678124999824,-1.0993795440050975,0.8372411069167862,604.2243125000001,9,2025-09-15,2025-10-20,15.504456313775512,12.403565051020408,1.25
body15_fade_840,r=0.5,F10_10,fixed,1.0,116,108,102,69,-114.50700000000006,-68.32499999999959,-179.6510000000003,-10.0,395,177,218,0.4481012658227848,149,184,62,-372.48299999999995,-0.9429949367088606,0.8090299869929387,408.3110000000004,5,2023-09-26,2023-10-06,10.0,10.0,1.0
body15_fade_840,r=0.5,F15_15,fixed,1.0,116,108,102,69,-16.821000000000367,-293.19499999999925,-201.31599999999935,75.0,395,178,217,0.4506329113924051,124,143,128,-436.33199999999897,-1.1046379746835417,0.8277470028676465,615.3399999999995,10,2024-11-20,2024-12-17,15.0,15.0,1.0
body15_fade_840,r=0.5,F20_20,fixed,1.0,116,108,102,69,16.142999999999574,-281.95099999999866,-96.97099999999864,146.72000000000025,395,185,210,0.46835443037974683,102,106,187,-216.05899999999747,-0.5469848101265758,0.9225209252921983,464.13399999999797,8,2024-11-29,2024-12-17,20.0,20.0,1.0
body15_fade_840,r=0.5,F20_15,fixed,1.3333333333333333,116,108,102,69,-11.120000000000346,-216.9769999999994,-144.69499999999925,107.89000000000033,395,170,225,0.43037974683544306,93,149,153,-264.9019999999987,-0.6706379746835409,0.8992931948717096,477.1159999999993,10,2024-11-20,2024-12-17,20.0,15.0,1.3333333333333335
body15_fade_840,r=0.5,F25_20,fixed,1.25,116,108,102,69,14.455999999999904,-297.5609999999979,-78.8809999999994,117.21000000000004,395,176,219,0.44556962025316454,78,112,205,-244.77599999999734,-0.6196860759493603,0.9163999547805104,468.89199999999755,8,2024-11-29,2024-12-17,25.0,20.0,1.25
body15_fade_840,r=0.5,F30_25,fixed,1.2,116,108,102,69,18.518999999999778,-193.0999999999974,70.57200000000103,116.02999999999884,395,182,213,0.4607594936708861,71,79,245,12.021000000002232,0.030432911392410715,1.0039594874701876,350.2959999999971,8,2024-11-29,2024-12-17,30.0,25.0,1.1999999999999997
body15_fade_840,r=0.5,F40_30,fixed,1.3333333333333333,116,108,102,69,14.292999999999893,-316.3169999999966,256.28500000000076,276.4699999999989,395,185,210,0.46835443037974683,51,67,277,230.73100000000295,0.5841291139240581,1.071709082365169,481.6609999999953,8,2024-04-08,2024-05-02,40.0,30.0,1.3333333333333335
body15_fade_840,r=0.5,R60x075_R1,r60,1.0,116,108,102,69,-25.282375000000968,-214.1518749999991,-83.94962500000213,106.6160000000009,395,170,225,0.43037974683544306,165,221,9,-216.7678750000013,-0.5487794303797502,0.8670825398416735,356.5080000000012,9,2023-08-22,2023-09-05,7.788548417721525,7.788548417721525,1.0
body15_fade_840,r=0.5,R60x075_R125,r60,1.25,116,108,102,69,-26.636843750001077,-239.49009374999977,-67.79100000000255,154.97015625000182,395,150,245,0.379746835443038,144,240,11,-178.94778125000158,-0.4530323575949407,0.8985158251631976,380.1286562500012,13,2024-10-14,2024-11-18,9.735685522151908,7.788548417721525,1.25
body15_fade_840,r=0.5,R60x1_R1,r60,1.0,116,108,102,69,12.473999999999478,-204.08750000000123,-84.46150000000307,162.97599999999966,395,179,216,0.4531645569620253,173,212,10,-113.09900000000516,-0.28632658227849406,0.9398542343046589,327.65250000000515,9,2023-08-22,2023-09-05,9.381520253164567,9.381520253164567,1.0
body15_fade_840,r=0.5,R60x1_R125,r60,1.25,116,108,102,69,0.3964999999990937,-254.5251250000025,-131.46137500000202,288.9258749999999,395,156,239,0.3949367088607595,146,232,17,-96.66412500000553,-0.24471930379748236,0.952584060860119,419.44150000000445,10,2024-10-21,2024-11-18,11.726900316455707,9.381520253164567,1.25
body15_fade_840,r=0.5,ASIAx025_R1,asia,1.0,116,108,102,69,-34.76350000000025,-192.7533749999999,-173.67337500000076,108.9868749999996,395,170,225,0.43037974683544306,167,221,7,-292.2033750000013,-0.7397553797468387,0.8318175068355718,455.58050000000105,9,2023-08-22,2023-09-05,8.11690284810126,8.11690284810126,1.0
body15_fade_840,r=0.5,ASIAx025_R125,asia,1.25,116,108,102,69,-38.800500000000284,-185.71906249999984,-220.3818125000006,104.8489374999995,395,150,245,0.379746835443038,145,239,11,-340.05243750000125,-0.8608922468354462,0.8212351873971311,479.1781250000003,10,2024-10-21,2024-11-18,10.146128560126575,8.11690284810126,1.25
body15_fade_840,r=0.5,ASIAx033_R1,asia,1.0,116,108,102,69,-38.226765000000306,-206.98859500000063,-206.34369000000055,127.57916999999995,395,172,223,0.43544303797468353,167,217,11,-323.9798800000016,-0.8202022278481053,0.8410403686518471,512.696945000001,9,2023-08-22,2023-09-05,9.684797126582275,9.684797126582275,1.0
body15_fade_840,r=0.5,ASIAx033_R125,asia,1.25,116,108,102,69,-50.572767500000325,-223.96798625000122,-110.17381375000089,238.8205287499995,395,156,239,0.3949367088607595,148,230,17,-145.8940387500029,-0.36935199683545034,0.9314885994977635,512.1409312500019,13,2024-10-14,2024-11-18,12.105996408227844,9.684797126582275,1.25
body15_fade_840,r=0.5,PREVx025_R1,prev,1.0,115,107,102,68,-22.571125000000052,-90.55412499999954,-102.03499999999997,148.3644999999991,392,183,209,0.46683673469387754,161,193,38,-66.79575000000045,-0.17039732142857258,0.9708089510563771,364.0663749999994,9,2023-08-22,2023-09-05,12.403565051020408,12.403565051020408,1.0
body15_fade_840,r=0.5,PREVx025_R125,prev,1.25,115,107,102,68,-11.754562499999864,-121.89534374999917,-63.50778124999968,202.15331249999784,392,166,226,0.42346938775510207,137,205,50,4.9956249999990945,0.012743941326528303,1.0020520125228982,388.7631249999991,9,2023-08-22,2023-09-05,15.504456313775512,12.403565051020408,1.25
asia_morning_alignment,same,F10_10,fixed,1.0,120,108,141,84,-264.86500000000046,260.6119999999996,136.7800000000002,-80.0,453,225,228,0.4966887417218543,207,197,49,52.52699999999936,0.11595364238410455,1.0253386640990485,274.86500000000046,11,2023-02-01,2023-02-28,10.0,10.0,1.0
asia_morning_alignment,same,F15_15,fixed,1.0,120,108,141,84,-284.42700000000127,220.7169999999985,137.11399999999958,0.0,453,219,234,0.48344370860927155,172,160,121,73.40399999999681,0.1620397350993307,1.0268032413357937,312.0940000000012,13,2023-01-27,2023-02-28,15.0,15.0,1.0
asia_morning_alignment,same,F20_20,fixed,1.0,120,108,141,84,-294.4040000000018,371.17899999999804,212.0960000000009,-69.5600000000004,453,224,229,0.49448123620309054,142,131,180,219.31099999999674,0.48413024282559985,1.06920952361116,343.6940000000018,13,2023-01-27,2023-02-28,20.0,20.0,1.0
asia_morning_alignment,same,F20_15,fixed,1.3333333333333333,120,108,141,84,-259.24300000000153,345.23599999999783,137.19700000000012,-82.75,453,202,251,0.445916114790287,130,174,149,140.43999999999642,0.3100220750551797,1.047506066799401,301.91000000000145,13,2023-01-27,2023-02-28,20.0,15.0,1.3333333333333333
asia_morning_alignment,same,F25_20,fixed,1.25,120,108,141,84,-322.3650000000018,423.7499999999982,2.175999999999476,-189.5600000000004,453,206,247,0.45474613686534215,96,144,213,-85.99900000000457,-0.18984326710817787,0.9750565656958228,621.1800000000007,13,2023-01-27,2023-02-28,25.0,20.0,1.25
asia_morning_alignment,same,F30_25,fixed,1.2,120,108,141,84,-343.21900000000164,412.8409999999981,36.01499999999896,-175.58600000000024,453,212,241,0.46799116997792495,79,115,259,-69.94900000000484,-0.15441280353201953,0.9813929399096408,677.4690000000005,13,2023-01-27,2023-02-28,30.0,25.0,1.1999999999999997
asia_morning_alignment,same,F40_30,fixed,1.3333333333333333,120,108,141,84,-342.72700000000145,357.75699999999824,-44.18900000000076,-121.54600000000028,453,212,241,0.46799116997792495,48,100,305,-150.70500000000425,-0.3326821192053074,0.9632828658002804,685.4930000000004,13,2023-01-27,2023-02-28,40.0,30.0,1.3333333333333333
asia_morning_alignment,same,R60x075_R1,r60,1.0,120,108,141,84,-93.84262499999983,58.86424999999997,131.1368749999972,32.431499999994685,453,230,223,0.5077262693156733,230,218,5,128.58999999999202,0.28386313465781904,1.0702523798580936,118.84262499999983,10,2023-02-01,2023-02-22,8.408219370860923,8.408219370860923,1.0
asia_morning_alignment,same,R60x075_R125,r60,1.25,120,108,141,84,-149.1453124999995,88.64453124999966,110.83681249999728,-29.219375000003765,453,199,254,0.4392935982339956,196,248,9,21.116656249993667,0.046615135209699045,1.0101314344360997,175.3953124999995,11,2023-02-01,2023-02-28,10.510274213576155,8.408219370860923,1.25
asia_morning_alignment,same,R60x1_R1,r60,1.0,120,108,141,84,-71.58099999999968,74.93050000000153,53.161999999995714,-133.12050000000363,453,224,229,0.49448123620309054,222,219,12,-76.60900000000606,-0.16911479028698911,0.9675777682412854,224.7925000000041,11,2023-02-01,2023-02-28,10.439483443708589,10.439483443708589,1.0
asia_morning_alignment,same,R60x1_R125,r60,1.25,120,108,141,84,-109.46337499999919,108.34600000000103,43.42462499999601,-105.87275000000443,453,201,252,0.44370860927152317,195,242,16,-63.56550000000658,-0.14032119205299465,0.9755409923241276,229.65637500000537,11,2023-02-01,2023-02-28,13.049354304635738,10.439483443708589,1.25
asia_morning_alignment,same,ASIAx025_R1,asia,1.0,120,108,141,84,-78.97312500000015,10.630249999999705,112.61612500000035,-207.34100000000126,453,219,234,0.48344370860927155,218,229,6,-163.06775000000135,-0.35997295805739815,0.9179420464940674,228.48362500000098,10,2023-02-01,2023-02-22,8.48272709713024,8.48272709713024,1.0
asia_morning_alignment,same,ASIAx025_R125,asia,1.25,120,108,141,84,-135.8881249999999,74.28003124999967,195.00696874999997,-241.08196875000212,453,198,255,0.4370860927152318,194,250,9,-107.68309375000237,-0.23771102373068956,0.9501614712912531,255.93050000000213,11,2023-02-01,2023-02-28,10.6034088714128,8.48272709713024,1.25
asia_morning_alignment,same,ASIAx033_R1,asia,1.0,120,108,141,84,-83.82719500000022,16.203405000000174,121.55798000000026,-119.16080000000261,453,224,229,0.49448123620309054,221,223,9,-65.22661000000235,-0.14398810154525907,0.9718988928034223,287.02566499999944,10,2023-02-01,2023-02-22,10.237050927152318,10.237050927152318,1.0
asia_morning_alignment,same,ASIAx033_R125,asia,1.25,120,108,141,84,-153.64503249999996,70.05717875000013,140.81067000000058,-250.061698750003,453,196,257,0.4326710816777042,189,250,14,-192.83888250000217,-0.4256928973509982,0.9258998078363836,386.55537749999917,11,2023-02-01,2023-02-28,12.796313658940397,10.237050927152318,1.25
asia_morning_alignment,same,PREVx025_R1,prev,1.0,117,108,139,83,-125.28100000000018,127.30424999999957,-146.87212500000044,-240.03750000000105,447,217,230,0.4854586129753915,206,210,31,-384.8863750000021,-0.8610433445190203,0.8757524642573921,580.4103749999996,10,2023-02-01,2023-02-22,13.729734060402675,13.729734060402675,1.0
asia_morning_alignment,same,PREVx025_R125,prev,1.25,117,108,139,83,-174.44128124999986,176.7303749999994,-158.36846874999944,-233.90303125000193,447,196,251,0.43847874720357943,174,230,43,-389.98240625000176,-0.8724438618568272,0.8818069125011948,615.7005937499981,11,2023-02-01,2023-02-28,17.16216757550335,13.729734060402675,1.25
stretch_fade_600,z1_rsi55,F10_10,fixed,1.0,127,131,124,87,138.9600000000005,-194.84199999999987,-126.60300000000007,-130.0,469,222,247,0.47334754797441364,199,232,38,-312.48499999999945,-0.6662793176972269,0.8680847776456924,505.9150000000002,7,2024-12-13,2025-01-02,10.0,10.0,1.0
stretch_fade_600,z1_rsi55,F15_15,fixed,1.0,127,131,124,87,101.68100000000004,-201.3529999999987,-120.30000000000018,-255.0,469,228,241,0.4861407249466951,159,194,116,-474.97199999999884,-1.0127334754797417,0.8504230600144361,617.927999999999,12,2025-11-24,2025-12-18,15.0,15.0,1.0
stretch_fade_600,z1_rsi55,F20_20,fixed,1.0,127,131,124,87,84.98100000000068,-258.92299999999796,-202.7899999999986,-488.3599999999997,469,225,244,0.47974413646055436,120,165,184,-865.0919999999956,-1.8445458422174745,0.7776954895999545,985.7699999999963,7,2024-12-13,2025-01-02,20.0,20.0,1.0
stretch_fade_600,z1_rsi55,F20_15,fixed,1.3333333333333333,127,131,124,87,124.1890000000003,-217.94399999999928,-184.16599999999926,-395.0,469,207,262,0.44136460554371004,108,210,151,-672.9209999999982,-1.4347995735607637,0.8038706431874504,851.0369999999987,12,2025-11-24,2025-12-18,20.0,15.0,1.3333333333333333
stretch_fade_600,z1_rsi55,F25_20,fixed,1.25,127,131,124,87,62.380000000000564,-257.69299999999794,-127.91299999999819,-423.3599999999997,469,220,249,0.4690831556503198,90,168,211,-746.5859999999952,-1.591867803837943,0.8117680695074448,848.3519999999958,9,2026-05-12,2026-06-01,25.0,20.0,1.25
stretch_fade_600,z1_rsi55,F30_25,fixed,1.2,127,131,124,87,-32.05799999999931,-299.442999999997,202.7050000000013,-413.5599999999995,469,232,237,0.4946695095948827,81,131,257,-542.3559999999945,-1.1564093816631014,0.872987755813203,644.0209999999954,17,2026-04-23,2026-06-01,30.0,25.0,1.1999999999999997
stretch_fade_600,z1_rsi55,F40_30,fixed,1.3333333333333333,127,131,124,87,-61.38999999999896,-286.98499999999694,54.83800000000019,-315.26599999999917,469,231,238,0.4925373134328358,54,107,308,-608.8029999999949,-1.2980874200426331,0.8681380636187399,842.4749999999958,11,2026-05-08,2026-06-01,40.0,30.0,1.3333333333333333
stretch_fade_600,z1_rsi55,R60x075_R1,r60,1.0,127,131,124,87,37.61512499999975,-84.2306249999989,-148.28737499999932,-131.96749999999793,469,220,249,0.4690831556503198,218,249,2,-326.8703749999964,-0.6969517590618259,0.8394879673505943,393.4993749999966,7,2023-02-23,2023-03-10,8.013159914712153,8.013159914712153,1.0
stretch_fade_600,z1_rsi55,R60x075_R125,r60,1.25,127,131,124,87,36.112593749999945,-75.39537499999855,-125.95084374999959,-244.6640937499962,469,194,275,0.4136460554371002,187,274,8,-409.8977187499944,-0.8739823427505211,0.8177438635636952,465.27693749999474,9,2023-12-27,2024-01-16,10.016449893390188,8.013159914712153,1.25
stretch_fade_600,z1_rsi55,R60x1_R1,r60,1.0,127,131,124,87,26.32649999999944,-78.66949999999542,-136.77699999999868,-201.89649999999529,469,220,249,0.4690831556503198,216,247,6,-391.01649999998995,-0.8337238805969935,0.8438359539962565,455.9184999999911,8,2026-05-13,2026-06-01,9.929658848614062,9.929658848614062,1.0
stretch_fade_600,z1_rsi55,R60x1_R125,r60,1.25,127,131,124,87,39.18649999999923,-125.1633749999948,-273.0538750000012,-234.81724999999176,469,191,278,0.4072494669509595,178,276,15,-593.8479999999886,-1.2662004264392082,0.7875207703305972,666.9014999999911,12,2025-11-24,2025-12-18,12.412073560767581,9.929658848614062,1.25
stretch_fade_600,z1_rsi55,ASIAx025_R1,asia,1.0,127,131,124,87,13.473375000000033,-88.88099999999997,-165.9818750000003,-130.27949999999953,469,209,260,0.44562899786780386,207,260,2,-371.66899999999976,-0.7924712153518119,0.8218359842354597,432.85874999999976,7,2023-02-23,2023-03-10,8.12052611940298,8.12052611940298,1.0
stretch_fade_600,z1_rsi55,ASIAx025_R125,asia,1.25,127,131,124,87,37.43037500000014,-129.8688437500001,-106.88334375000034,-114.2005937499986,469,190,279,0.4051172707889126,185,279,5,-313.5224062499989,-0.6684912713219592,0.8603506201676377,381.4200312499988,9,2023-12-27,2024-01-16,10.150657649253723,8.12052611940298,1.25
stretch_fade_600,z1_rsi55,ASIAx033_R1,asia,1.0,127,131,124,87,8.329319999999928,-160.97673000000012,-194.71790500000031,-218.7921499999982,469,205,264,0.43710021321961623,203,261,5,-566.1574649999988,-1.207158773987204,0.7773638007633042,615.2895999999984,8,2026-04-01,2026-04-20,9.69309493603411,9.69309493603411,1.0
stretch_fade_600,z1_rsi55,ASIAx033_R125,asia,1.25,127,131,124,87,32.431682500000036,-175.49557249999972,-157.26253125000073,-301.62457249999824,469,183,286,0.39019189765458423,177,281,11,-601.9509937499987,-1.2834775986140696,0.7816225419255598,670.0271537499985,9,2023-12-27,2024-01-16,12.116368670042634,9.69309493603411,1.25
stretch_fade_600,z1_rsi55,PREVx025_R1,prev,1.0,125,129,122,85,71.119125,-232.94587500000023,84.79537499999981,-158.52824999999768,461,218,243,0.47288503253796094,206,236,19,-235.5596249999981,-0.5109753253796054,0.9221914732457419,447.491124999999,12,2025-11-24,2025-12-18,13.06995553145336,13.06995553145336,1.0
stretch_fade_600,z1_rsi55,PREVx025_R125,prev,1.25,125,129,122,85,123.6485312500003,-240.09831249999993,68.98365625000002,-470.9734062499971,461,197,264,0.42733188720173537,174,256,31,-518.4395312499967,-1.1245976816702747,0.8471625051793199,732.4406562499989,12,2025-11-24,2025-12-18,16.3374444143167,13.06995553145336,1.25
asia_compress_pos_600,r<=.55,F10_10,fixed,1.0,209,186,146,75,-282.5590000000004,239.42999999999938,124.20800000000008,-32.02300000000014,616,299,317,0.48538961038961037,272,260,84,49.0559999999989,0.07963636363636185,1.0177510938836594,344.4110000000003,10,2023-02-06,2023-02-23,10.0,10.0,1.0
asia_compress_pos_600,r<=.55,F15_15,fixed,1.0,209,186,146,75,-191.76400000000103,263.27099999999996,14.101000000000113,-77.02300000000014,616,286,330,0.4642857142857143,213,198,205,8.5849999999989,0.013936688311686525,1.002400520984356,324.9160000000011,10,2023-02-06,2023-02-23,15.0,15.0,1.0
asia_compress_pos_600,r<=.55,F20_20,fixed,1.0,209,186,146,75,-227.2160000000017,256.11399999999867,-5.8529999999982465,97.97699999999986,616,288,328,0.4675324675324675,170,154,292,121.02199999999857,0.1964642857142834,1.029777745845652,453.42200000000184,10,2023-02-06,2023-02-23,20.0,20.0,1.0
asia_compress_pos_600,r<=.55,F20_15,fixed,1.3333333333333333,209,186,146,75,-130.44000000000165,333.03099999999904,-7.235999999998967,-12.023000000000138,616,269,347,0.4366883116883117,157,207,252,183.3319999999983,0.29761688311688034,1.0492221016719434,320.21500000000174,10,2023-02-06,2023-02-23,20.0,15.0,1.3333333333333335
asia_compress_pos_600,r<=.55,F25_20,fixed,1.25,209,186,146,75,-221.39200000000164,323.2469999999985,-170.78299999999945,247.97699999999986,616,276,340,0.44805194805194803,126,160,330,179.04899999999725,0.2906639610389566,1.0425680885192945,458.7440000000013,10,2023-02-06,2023-02-23,25.0,20.0,1.25
asia_compress_pos_600,r<=.55,F30_25,fixed,1.2,209,186,146,75,-220.319000000002,200.49099999999908,-248.97699999999986,427.97699999999986,616,280,336,0.45454545454545453,100,118,398,159.17199999999707,0.2583961038960991,1.035106493726477,489.4560000000024,10,2023-02-06,2023-02-23,30.0,25.0,1.2
asia_compress_pos_600,r<=.55,F40_30,fixed,1.3333333333333333,209,186,146,75,-212.47800000000143,180.724999999999,-361.0640000000003,300.40700000000015,616,276,340,0.44805194805194803,62,102,452,-92.41000000000258,-0.15001623376623796,0.9815879473878729,565.9050000000018,10,2023-02-06,2023-02-23,40.0,30.0,1.3333333333333335
asia_compress_pos_600,r<=.55,R60x075_R1,r60,1.0,207,183,143,73,-54.06387500000028,80.97399999999936,80.20799999999792,84.5023749999965,606,310,296,0.5115511551155115,310,292,4,191.6204999999935,0.3162054455445438,1.0938692394667848,103.19525000000039,7,2025-06-04,2025-06-25,7.073066419141913,7.073066419141913,1.0
asia_compress_pos_600,r<=.55,R60x075_R125,r60,1.25,207,183,143,73,-119.50103125000001,127.7009062499989,-1.452343750001802,-39.50893750000006,606,265,341,0.4372937293729373,261,336,9,-32.76140625000298,-0.05406172648515343,0.9862176309257015,192.4635000000003,8,2026-02-13,2026-03-10,8.84133302392739,7.073066419141913,1.25
asia_compress_pos_600,r<=.55,R60x1_R1,r60,1.0,207,183,143,73,-47.18350000000123,82.85799999999836,110.23049999999785,-79.7939999999976,606,306,300,0.504950495049505,305,290,11,66.11099999999738,0.10909405940593626,1.0261035399750054,202.85999999999876,7,2026-02-13,2026-03-06,8.560722772277224,8.560722772277224,1.0
asia_compress_pos_600,r<=.55,R60x1_R125,r60,1.25,207,183,143,73,-55.238375000000815,126.83262499999921,167.73199999999667,19.712125000001947,606,279,327,0.4603960396039604,274,316,16,259.038374999997,0.42745606435643074,1.095161733531146,159.81700000000183,7,2024-02-22,2024-03-04,10.70090346534653,8.560722772277224,1.25
asia_compress_pos_600,r<=.55,ASIAx025_R1,asia,1.0,207,183,143,73,-37.30487500000021,81.56699999999955,-54.89712500000053,-175.0500000000012,606,301,305,0.4966996699669967,301,301,4,-185.6850000000024,-0.30641089108911285,0.9105133716087834,310.4355000000022,6,2023-02-10,2023-02-23,6.562363655115512,6.562363655115512,1.0
asia_compress_pos_600,r<=.55,ASIAx025_R125,asia,1.25,207,183,143,73,-80.51687499999974,137.4273437499995,-19.31578125000084,-277.6335312500016,606,268,338,0.44224422442244227,265,334,7,-240.0388437500027,-0.39610370255776023,0.89585620036107,358.1658437500016,7,2024-02-22,2024-03-04,8.20295456889439,6.562363655115512,1.25
asia_compress_pos_600,r<=.55,ASIAx033_R1,asia,1.0,207,183,143,73,-42.208775000000294,100.24074999999972,-67.7332550000015,-178.8488200000022,606,303,303,0.5,303,299,4,-188.55010000000433,-0.31113877887789493,0.9199581281259411,313.5280000000032,6,2023-02-10,2023-02-23,7.487376427392741,7.487376427392741,1.0
asia_compress_pos_600,r<=.55,ASIAx033_R125,asia,1.25,207,183,143,73,-85.45092499999981,159.45872999999975,-40.157463750001625,-253.95615000000265,606,270,336,0.44554455445544555,267,330,9,-220.10580875000437,-0.36321090552806,0.9150104850874804,366.91342000000475,7,2024-02-22,2024-03-04,9.359220534240924,7.487376427392741,1.25
asia_compress_pos_600,r<=.55,PREVx025_R1,prev,1.0,209,186,146,75,-74.76775000000038,197.29787499999884,-147.92049999999915,35.636999999999034,616,307,309,0.49837662337662336,293,267,56,10.246624999998346,0.016634131493503807,1.0028531754381103,320.3497499999995,7,2023-12-25,2024-01-04,12.659825284090907,12.659825284090907,1.0
asia_compress_pos_600,r<=.55,PREVx025_R125,prev,1.25,209,186,146,75,-139.16884374999995,215.1197187499986,-196.81996874999876,35.30746874999895,616,277,339,0.4496753246753247,245,295,76,-85.5616250000011,-0.13889874188311868,0.9779660686863728,355.9404062499986,8,2025-02-04,2025-02-19,15.824781605113635,12.659825284090907,1.25
asia_compress_pos_840,r<=.55,F10_10,fixed,1.0,209,186,146,75,-251.5129999999997,-153.77499999999964,-188.33899999999903,-12.023000000000138,616,271,345,0.43993506493506496,226,280,110,-605.6499999999985,-0.9831980519480495,0.7966456009438952,685.9319999999984,9,2023-10-20,2023-11-02,10.0,10.0,1.0
asia_compress_pos_840,r<=.55,F15_15,fixed,1.0,209,186,146,75,-65.61200000000076,-165.2800000000002,-257.31599999999935,-137.02300000000014,616,272,344,0.44155844155844154,180,204,232,-625.2310000000004,-1.0149853896103904,0.832101458109887,825.9890000000012,9,2023-10-20,2023-11-02,15.0,15.0,1.0
asia_compress_pos_840,r<=.55,F20_20,fixed,1.0,209,186,146,75,-84.55200000000104,-138.2970000000007,-348.74299999999994,177.97699999999986,616,279,337,0.45292207792207795,144,146,326,-393.6150000000018,-0.6389853896103925,0.902912298071565,786.1230000000028,9,2023-10-20,2023-11-02,20.0,20.0,1.0
asia_compress_pos_840,r<=.55,F20_15,fixed,1.3333333333333333,209,186,146,75,-39.11300000000074,-89.10000000000082,-343.18499999999995,22.97699999999986,616,262,354,0.4253246753246753,131,210,275,-448.42100000000164,-0.7279561688311715,0.8827349101489174,759.865000000003,9,2023-10-20,2023-11-02,20.0,15.0,1.3333333333333335
asia_compress_pos_840,r<=.55,F25_20,fixed,1.25,209,186,146,75,-41.12100000000123,-148.2229999999995,-455.0529999999999,192.74699999999984,616,269,347,0.4366883116883117,98,153,365,-451.6500000000008,-0.7331980519480532,0.8926895609859015,886.2740000000017,12,2025-04-18,2025-05-28,25.0,20.0,1.25
asia_compress_pos_840,r<=.55,F30_25,fixed,1.2,209,186,146,75,-8.792000000001053,-167.914,-600.9670000000006,299.46699999999964,616,272,344,0.44155844155844154,84,117,415,-478.20600000000195,-0.7763084415584447,0.8954250681467045,1023.1000000000029,9,2023-10-20,2023-11-02,30.0,25.0,1.2
asia_compress_pos_840,r<=.55,F40_30,fixed,1.3333333333333333,209,186,146,75,44.188999999999396,-233.49400000000082,-501.69000000000096,309.20100000000093,616,273,343,0.4431818181818182,55,92,469,-381.79400000000146,-0.6197954545454569,0.9215303829965298,979.0680000000029,9,2023-10-20,2023-11-02,40.0,30.0,1.3333333333333335
asia_compress_pos_840,r<=.55,R60x075_R1,r60,1.0,207,183,143,73,-35.344249999999306,-171.56799999999947,-194.49625000000458,55.66062499999805,606,273,333,0.4504950495049505,262,325,19,-345.7478750000053,-0.5705410478547942,0.8436083186411304,499.5350000000049,9,2025-03-12,2025-03-26,6.855741955445566,6.855741955445566,1.0
asia_compress_pos_840,r<=.55,R60x075_R125,r60,1.25,207,183,143,73,-62.633812499999294,-202.70656250000133,-214.3736250000044,76.99165624999958,606,236,370,0.38943894389438943,222,360,24,-402.7223437500054,-0.6645583230198109,0.8341266360718597,570.0353125000056,9,2023-04-17,2023-04-28,8.569677444306958,6.855741955445566,1.25
asia_compress_pos_840,r<=.55,R60x1_R1,r60,1.0,207,183,143,73,-37.249499999998534,-160.23850000000152,-247.6745000000019,78.50849999999855,606,275,331,0.4537953795379538,263,318,25,-366.6540000000034,-0.6050396039604017,0.855789289860954,557.1930000000043,10,2025-03-12,2025-04-04,8.036053630363053,8.036053630363053,1.0
asia_compress_pos_840,r<=.55,R60x1_R125,r60,1.25,207,183,143,73,-63.353249999998525,-185.02150000000262,-338.12999999999886,94.38337499999795,606,239,367,0.3943894389438944,221,350,35,-492.12137500000205,-0.8120814768976932,0.8233961181131154,709.3781250000028,11,2025-03-12,2025-04-08,10.045067037953817,8.036053630363053,1.25
asia_compress_pos_840,r<=.55,ASIAx025_R1,asia,1.0,207,183,143,73,-37.30087499999985,-125.91525000000024,-157.03987500000005,-83.72325000000103,606,274,332,0.4521452145214521,266,324,16,-403.9792500000012,-0.6666324257425762,0.8132516436808579,496.2460000000013,9,2025-03-12,2025-03-26,6.562363655115512,6.562363655115512,1.0
asia_compress_pos_840,r<=.55,ASIAx025_R125,asia,1.25,207,183,143,73,-66.71287499999988,-146.91128125000031,-211.3503124999998,-15.177500000000947,606,238,368,0.3927392739273927,227,359,20,-440.15196875000095,-0.7263233807755791,0.8139022440449852,547.0362812500011,9,2023-04-17,2023-04-28,8.20295456889439,6.562363655115512,1.25
asia_compress_pos_840,r<=.55,ASIAx033_R1,asia,1.0,207,183,143,73,-40.98229500000001,-135.0102200000004,-224.94369500000136,70.38994999999905,606,275,331,0.4537953795379538,267,323,16,-330.54626000000275,-0.5454558745874633,0.8625949880049625,463.53752000000185,9,2025-03-12,2025-03-26,7.487376427392741,7.487376427392741,1.0
asia_compress_pos_840,r<=.55,ASIAx033_R125,asia,1.25,207,183,143,73,-82.58470375000016,-153.85793750000028,-257.4826325000019,176.40650249999857,606,242,364,0.39933993399339934,231,355,20,-317.51877125000374,-0.5239583683993461,0.8788465632890072,518.7619575000027,9,2023-04-17,2023-04-28,9.359220534240924,7.487376427392741,1.25
asia_compress_pos_840,r<=.55,PREVx025_R1,prev,1.0,209,186,146,75,-104.17399999999935,-165.26474999999948,-390.84462499999984,388.1727500000005,616,279,337,0.45292207792207795,249,284,83,-272.11062499999815,-0.4417380275973996,0.9242903400777966,723.1634999999992,12,2025-04-18,2025-05-28,12.659825284090907,12.659825284090907,1.0
asia_compress_pos_840,r<=.55,PREVx025_R125,prev,1.25,209,186,146,75,-100.86953124999921,-117.16671874999962,-361.42993749999937,570.6875312500006,616,261,355,0.4237012987012987,212,298,106,-8.778656249997596,-0.014251065340905188,0.9976381041929704,654.0451874999982,12,2025-04-18,2025-05-28,15.824781605113635,12.659825284090907,1.25
prevday_liquidity_sweep,b=0,F10_10,fixed,1.0,135,129,116,65,-71.4469999999992,-45.347000000000435,-162.88400000000001,-50.0,445,204,241,0.4584269662921348,179,210,56,-329.67799999999966,-0.7408494382022465,0.8501507228880616,474.8689999999999,10,2023-06-19,2023-07-13,10.0,10.0,1.0
prevday_liquidity_sweep,b=0,F15_15,fixed,1.0,135,129,116,65,-90.2309999999984,-169.5909999999992,-31.634000000000015,-225.0,445,202,243,0.45393258426966293,142,171,132,-516.4559999999976,-1.1605752808988712,0.8216980076809314,613.3969999999983,9,2026-03-10,2026-04-01,15.0,15.0,1.0
prevday_liquidity_sweep,b=0,F20_20,fixed,1.0,135,129,116,65,-157.75399999999854,-221.67200000000003,-151.05199999999968,-300.0,445,197,248,0.44269662921348313,105,142,198,-830.4779999999982,-1.8662426966292096,0.7609022673284234,950.156999999999,9,2026-03-10,2026-04-01,20.0,20.0,1.0
prevday_liquidity_sweep,b=0,F20_15,fixed,1.3333333333333333,135,129,116,65,-75.2169999999985,-191.38100000000077,-212.42899999999963,-240.0,445,182,263,0.40898876404494383,95,186,164,-719.0269999999989,-1.6157910112359526,0.770857918441867,821.8729999999996,9,2026-03-10,2026-04-01,20.0,15.0,1.3333333333333335
prevday_liquidity_sweep,b=0,F25_20,fixed,1.25,135,129,116,65,-134.30599999999868,-227.8320000000001,-138.0679999999993,-220.0,445,191,254,0.42921348314606744,84,146,215,-720.2059999999981,-1.6184404494381979,0.7976606143289483,872.8939999999989,9,2026-03-10,2026-04-01,25.0,20.0,1.25
prevday_liquidity_sweep,b=0,F30_25,fixed,1.2,135,129,116,65,-38.02599999999893,-232.76300000000083,-156.44700000000012,-374.8800000000001,445,194,251,0.43595505617977526,65,110,270,-802.116,-1.8025078651685393,0.7914121565201967,963.4720000000002,16,2026-03-10,2026-05-11,30.0,25.0,1.1999999999999995
prevday_liquidity_sweep,b=0,F40_30,fixed,1.3333333333333333,135,129,116,65,-0.06999999999879947,-296.8029999999999,-161.1560000000004,-424.8030000000008,445,194,251,0.43595505617977526,45,94,306,-882.8319999999999,-1.9838921348314604,0.7914858058186293,1058.647000000001,9,2026-02-20,2026-03-26,40.0,30.0,1.3333333333333335
prevday_liquidity_sweep,b=0,R60x075_R1,r60,1.0,135,129,116,65,2.6276249999992842,-20.763750000002005,-397.52824999999746,-550.6304999999958,445,199,246,0.44719101123595506,190,235,20,-966.294874999996,-2.171449157303362,0.6471745999782487,1030.4827499999953,8,2026-03-03,2026-03-26,10.582292134831473,10.582292134831473,1.0
prevday_liquidity_sweep,b=0,R60x075_R125,r60,1.25,135,129,116,65,24.376687499999548,9.66946874999661,-322.64578124999605,-662.9281562499982,445,180,265,0.4044943820224719,167,251,27,-951.5277812499983,-2.1382646769662883,0.6693417155859702,1038.328124999998,13,2026-02-03,2026-03-26,13.227865168539338,10.582292134831473,1.25
prevday_liquidity_sweep,b=0,R60x1_R1,r60,1.0,135,129,116,65,16.839499999999816,-62.136500000004844,-258.44499999999607,-577.7999999999988,445,201,244,0.451685393258427,183,217,45,-881.5419999999999,-1.980993258426966,0.7130428427945207,1035.7480000000014,9,2026-02-20,2026-03-26,13.003285393258446,13.003285393258446,1.0
prevday_liquidity_sweep,b=0,R60x1_R125,r60,1.25,135,129,116,65,36.442499999999654,-26.910000000006846,-204.6328749999965,-535.7247499999964,445,189,256,0.4247191011235955,162,225,58,-730.8251250000001,-1.6423036516853935,0.7680619365686441,916.0322500000018,9,2026-02-20,2026-03-26,16.254106741573057,13.003285393258446,1.25
prevday_liquidity_sweep,b=0,ASIAx025_R1,asia,1.0,135,129,116,65,-29.40674999999993,-36.32637500000021,-147.97025000000076,-144.58074999999883,445,203,242,0.45617977528089887,200,241,4,-358.28412499999973,-0.8051328651685388,0.8133740745935153,455.92662500000074,13,2024-07-17,2024-08-27,7.859917134831456,7.859917134831456,1.0
prevday_liquidity_sweep,b=0,ASIAx025_R125,asia,1.25,135,129,116,65,-13.9227812499999,-31.771687500000468,-241.172656249999,-191.52440624999784,445,178,267,0.4,174,264,7,-478.39153124999723,-1.0750371488763983,0.7757102244590135,587.9295624999984,15,2024-07-17,2024-09-03,9.824896418539321,7.859917134831456,1.25
prevday_liquidity_sweep,b=0,ASIAx033_R1,asia,1.0,135,129,116,65,-28.77719499999987,-93.0282350000007,5.850194999999662,-160.69353499999784,445,207,238,0.4651685393258427,204,235,6,-276.64876999999865,-0.6216826292134802,0.8726422770824253,429.5838699999995,15,2024-07-17,2024-09-03,9.25825051685393,9.25825051685393,1.0
prevday_liquidity_sweep,b=0,ASIAx033_R125,asia,1.25,135,129,116,65,0.1272237500001907,-60.68758250000089,-5.869096250000599,-243.020274999998,445,186,259,0.41797752808988764,180,255,10,-309.4497299999994,-0.695392651685392,0.8704397084816795,499.2671037499999,15,2024-07-17,2024-09-03,11.572813146067412,9.25825051685393,1.25
prevday_liquidity_sweep,b=0,PREVx025_R1,prev,1.0,135,129,116,64,14.470499999999504,-42.793999999999926,-184.17562499999713,-458.77962499999944,444,208,236,0.46846846846846846,198,227,19,-671.278749999997,-1.5118890765765698,0.7642450268147732,794.5493749999977,9,2024-08-01,2024-08-27,11.661371340090085,11.661371340090085,1.0
prevday_liquidity_sweep,b=0,PREVx025_R125,prev,1.25,135,129,116,64,-48.73053125000074,-103.9834999999998,-112.54315624999694,-564.312375,444,183,261,0.41216216216216217,164,248,32,-829.5695624999976,-1.868399915540535,0.7295304176146852,924.1908749999983,11,2024-08-01,2024-09-03,14.57671417511261,11.661371340090085,1.25
body15_cont_600,r=0.35,F10_10,fixed,1.0,150,163,170,102,-306.8120000000001,19.977999999999838,-113.5,-80.0,585,264,321,0.4512820512820513,248,290,47,-480.3340000000003,-0.8210837606837612,0.8401999039870011,540.3340000000003,11,2023-02-03,2023-02-28,10.0,10.0,1.0
body15_cont_600,r=0.35,F15_15,fixed,1.0,150,163,170,102,-161.4469999999992,10.252999999999702,-309.8619999999996,30.0,585,262,323,0.4478632478632479,219,234,132,-431.05599999999913,-0.7368478632478618,0.8906432739636436,631.2789999999993,11,2023-02-03,2023-02-28,15.0,15.0,1.0
body15_cont_600,r=0.35,F20_20,fixed,1.0,150,163,170,102,-105.548,-10.57900000000086,-365.12899999999854,250.4399999999996,585,266,319,0.4547008547008547,181,180,224,-230.8159999999998,-0.3945572649572646,0.9483862196286926,740.1519999999996,11,2023-02-03,2023-02-28,20.0,20.0,1.0
body15_cont_600,r=0.35,F20_15,fixed,1.3333333333333333,150,163,170,102,-87.52099999999996,115.80399999999895,-382.8229999999985,102.25,585,241,344,0.41196581196581195,165,246,174,-252.2899999999995,-0.43126495726495645,0.9390878852035158,606.2429999999986,11,2023-02-03,2023-02-28,20.0,15.0,1.3333333333333333
body15_cont_600,r=0.35,F25_20,fixed,1.25,150,163,170,102,-80.45000000000027,54.07099999999946,-613.5829999999992,219.0699999999997,585,250,335,0.42735042735042733,127,194,264,-420.8920000000003,-0.7194735042735048,0.9117670118488945,1020.454,11,2023-02-03,2023-02-28,25.0,20.0,1.25
body15_cont_600,r=0.35,F30_25,fixed,1.2,150,163,170,102,-23.645999999999958,-76.22000000000071,-602.3979999999988,73.21399999999994,585,253,332,0.4324786324786325,103,157,325,-629.0499999999995,-1.0752991452991445,0.8816856628527588,1309.2959999999991,11,2023-02-03,2023-02-28,30.0,25.0,1.2
body15_cont_600,r=0.35,F40_30,fixed,1.3333333333333333,150,163,170,102,-26.725999999999203,-219.85799999999972,-678.0759999999987,301.10399999999936,585,257,328,0.4393162393162393,61,125,399,-623.5559999999982,-1.0659076923076893,0.8882778015475944,1538.6789999999983,11,2023-02-03,2023-02-28,40.0,30.0,1.3333333333333333
body15_cont_600,r=0.35,R60x075_R1,r60,1.0,150,163,170,102,-166.89825000000013,-55.86825000000067,-56.96824999999876,-137.99937500000442,585,259,326,0.4427350427350427,258,321,6,-417.734125000004,-0.7140754273504342,0.8377060239334907,597.1650000000031,10,2023-02-03,2023-02-22,8.154250854700846,8.154250854700846,1.0
body15_cont_600,r=0.35,R60x075_R125,r60,1.25,150,163,170,102,-256.7265000000006,-75.57750000000115,-248.81190624999792,-251.98684375000187,585,207,378,0.35384615384615387,203,371,11,-833.1027500000016,-1.4241072649572677,0.7211268633428222,915.491187500003,11,2023-02-03,2023-02-28,10.192813568376058,8.154250854700846,1.25
body15_cont_600,r=0.35,R60x1_R1,r60,1.0,150,163,170,102,-174.4100000000003,10.799999999999045,-400.5574999999999,-170.7460000000019,585,256,329,0.4376068376068376,252,322,11,-734.9135000000031,-1.2562623931623984,0.775790142940691,961.3805000000016,11,2023-02-03,2023-02-28,10.09325384615383,10.09325384615383,1.0
body15_cont_600,r=0.35,R60x1_R125,r60,1.25,150,163,170,102,-211.35000000000025,57.81337499999972,-444.0902500000028,-67.68062500000349,585,227,358,0.38803418803418804,219,349,17,-665.3075000000068,-1.1372777777777894,0.8098619735807413,1014.4660000000063,12,2025-01-08,2025-01-29,12.616567307692288,10.09325384615383,1.25
body15_cont_600,r=0.35,ASIAx025_R1,asia,1.0,150,163,170,102,-132.39900000000006,-89.46300000000053,-131.77025000000015,-33.18337500000143,585,262,323,0.4478632478632479,259,320,6,-386.81562500000217,-0.6612232905982943,0.8492605815099337,629.1430000000009,10,2023-02-03,2023-02-22,8.178836111111103,8.178836111111103,1.0
body15_cont_600,r=0.35,ASIAx025_R125,asia,1.25,150,163,170,102,-191.58243750000003,-88.50790625000084,-82.6793437500003,-55.41100000000117,585,227,358,0.38803418803418804,221,354,10,-418.18068750000236,-0.714838782051286,0.8513482121437527,740.5222812500014,11,2023-02-03,2023-02-28,10.22354513888888,8.178836111111103,1.25
body15_cont_600,r=0.35,ASIAx033_R1,asia,1.0,150,163,170,102,-125.73404500000008,-65.4972800000009,-114.24347999999944,-44.18288500000096,585,265,320,0.452991452991453,260,317,8,-349.6576900000013,-0.5977054529914553,0.8832682195314304,842.3766399999994,10,2023-02-03,2023-02-22,9.774940452991446,9.774940452991446,1.0
body15_cont_600,r=0.35,ASIAx033_R125,asia,1.25,150,163,170,102,-181.90524125000002,-30.087156250001083,-218.11935624999978,-24.809577500000255,585,228,357,0.38974358974358975,217,351,17,-454.92133125000123,-0.7776433012820534,0.8617648983233389,923.6734137500001,12,2025-01-08,2025-01-29,12.218675566239309,9.774940452991446,1.25
body15_cont_600,r=0.35,PREVx025_R1,prev,1.0,150,160,168,100,-232.25274999999965,26.250124999998718,-585.7043750000016,130.37099999999782,578,256,322,0.4429065743944637,239,306,33,-661.3360000000048,-1.144179930795856,0.8319234796604448,1289.690875000004,10,2023-02-03,2023-02-22,13.066416738754326,13.066416738754326,1.0
body15_cont_600,r=0.35,PREVx025_R125,prev,1.25,150,160,168,100,-234.52399999999966,43.83915624999773,-526.9809062500019,38.281781249997294,578,235,343,0.40657439446366783,204,324,50,-679.3839687500066,-1.175404790224925,0.8362828119102591,1262.5793437500051,11,2023-02-03,2023-02-28,16.333020923442906,13.066416738754326,1.25
body15_fade_600,r=0.35,F10_10,fixed,1.0,150,163,170,102,167.40300000000002,-123.38000000000034,-53.33299999999963,-100.0,585,291,294,0.49743589743589745,261,276,48,-109.30999999999995,-0.18685470085470077,0.9610792973266096,326.71299999999997,10,2024-12-20,2025-01-08,10.0,10.0,1.0
body15_fade_600,r=0.35,F15_15,fixed,1.0,150,163,170,102,45.393999999999096,-94.1169999999995,32.97800000000052,-180.0,585,295,290,0.5042735042735043,214,234,137,-195.7449999999999,-0.3346068376068374,0.94817567082781,316.89899999999943,10,2024-12-20,2025-01-08,15.0,15.0,1.0
body15_fade_600,r=0.35,F20_20,fixed,1.0,150,163,170,102,-35.534000000000106,-119.84699999999907,67.675000000002,-413.08999999999924,585,292,293,0.49914529914529915,168,196,221,-500.7959999999964,-0.8560615384615323,0.8907876177291849,576.5089999999961,10,2024-12-20,2025-01-08,20.0,20.0,1.0
body15_fade_600,r=0.35,F20_15,fixed,1.3333333333333333,150,163,170,102,54.70099999999957,6.5629999999998745,121.10600000000159,-340.0,585,273,312,0.4666666666666667,159,249,177,-157.62999999999897,-0.2694529914529897,0.9608835556830515,458.4899999999998,10,2024-12-20,2025-01-08,20.0,15.0,1.3333333333333333
body15_fade_600,r=0.35,F25_20,fixed,1.25,150,163,170,102,-46.70600000000013,-63.88399999999979,141.15500000000202,-348.08999999999924,585,283,302,0.48376068376068376,130,201,254,-317.52499999999714,-0.5427777777777729,0.9325588656338549,543.0899999999992,12,2026-05-12,2026-06-01,25.0,20.0,1.25
body15_fade_600,r=0.35,F30_25,fixed,1.2,150,163,170,102,-104.9210000000005,-88.38299999999867,482.6470000000013,-347.73599999999897,585,293,292,0.5008547008547009,115,147,323,-58.392999999996846,-0.09981709401708863,0.9883629582036638,683.289999999999,17,2026-05-05,2026-06-01,30.0,25.0,1.2
body15_fade_600,r=0.35,F40_30,fixed,1.3333333333333333,150,163,170,102,-114.66600000000017,-32.705999999998085,309.3600000000001,-287.52199999999766,585,289,296,0.49401709401709404,75,121,389,-125.53399999999579,-0.214588034188027,0.9771296003282252,968.0799999999995,17,2026-05-05,2026-06-01,40.0,30.0,1.3333333333333333
body15_fade_600,r=0.35,R60x075_R1,r60,1.0,150,163,170,102,32.39199999999954,-39.441499999998996,-42.11400000000276,29.469375000001264,585,291,294,0.49743589743589745,287,292,6,-19.694125000000952,-0.033665170940172566,0.9917008629726626,256.23587500000144,10,2025-03-03,2025-03-14,8.154250854700846,8.154250854700846,1.0
body15_fade_600,r=0.35,R60x075_R125,r60,1.25,150,163,170,102,69.42253124999974,-17.737218749998988,70.05334374999748,-28.78296874999802,585,265,320,0.452991452991453,258,318,9,92.95568750000021,0.15889861111111148,1.0360730958417483,320.02384375000014,10,2025-03-03,2025-03-14,10.192813568376058,8.154250854700846,1.25
body15_fade_600,r=0.35,R60x1_R1,r60,1.0,150,163,170,102,71.41000000000031,-87.66599999999903,178.36799999999812,-28.440999999995256,585,298,287,0.5094017094017094,292,284,9,133.67100000000414,0.22849743589744298,1.0468708087196528,367.136999999997,11,2026-05-13,2026-06-01,10.09325384615383,10.09325384615383,1.0
body15_fade_600,r=0.35,R60x1_R125,r60,1.25,150,163,170,102,77.77800000000002,-74.52824999999916,57.7423749999964,-63.29112499999371,585,264,321,0.4512820512820513,247,318,20,-2.298999999996454,-0.003929914529908468,0.9992811642200519,468.44987499999195,17,2026-05-05,2026-06-01,12.616567307692288,10.09325384615383,1.25
body15_fade_600,r=0.35,ASIAx025_R1,asia,1.0,150,163,170,102,28.59299999999979,-58.941999999999666,-94.15925000000004,-184.58337499999925,585,278,307,0.4752136752136752,276,304,5,-309.09162499999917,-0.5283617521367507,0.8779653175813127,465.5828749999989,10,2025-03-03,2025-03-14,8.178836111111103,8.178836111111103,1.0
body15_fade_600,r=0.35,ASIAx025_R125,asia,1.25,150,163,170,102,48.352312500000096,-52.47315624999962,-22.1288437500005,-94.00693749999795,585,254,331,0.4341880341880342,249,328,8,-120.25662499999797,-0.20556688034187687,0.9553134429035044,476.5772499999978,12,2024-12-17,2025-01-08,10.22354513888888,8.178836111111103,1.25
body15_fade_600,r=0.35,ASIAx033_R1,asia,1.0,150,163,170,102,31.928044999999805,-91.79399999999956,-55.80066000000007,-176.85160999999732,585,280,305,0.47863247863247865,278,300,7,-292.5182249999972,-0.500031153846149,0.901860596919566,573.0948949999972,11,2024-12-17,2025-01-07,9.774940452991446,9.774940452991446,1.0
body15_fade_600,r=0.35,ASIAx033_R125,asia,1.25,150,163,170,102,54.28336000000012,-62.25701749999894,1.8653412499995525,-407.1442024999986,585,250,335,0.42735042735042733,242,328,15,-413.2525187499978,-0.7064145619658082,0.8748767007477602,722.187697499998,12,2024-12-17,2025-01-08,12.218675566239309,9.774940452991446,1.25
body15_fade_600,r=0.35,PREVx025_R1,prev,1.0,150,160,168,100,100.7594999999991,-179.51849999999985,310.95925000000216,-207.3744999999974,578,290,288,0.5017301038062284,272,270,36,24.825750000004007,0.04295112456748098,1.0068977167580222,677.7873749999995,12,2026-05-12,2026-06-01,13.066416738754326,13.066416738754326,1.0
body15_fade_600,r=0.35,PREVx025_R125,prev,1.25,150,160,168,100,116.78831249999952,-149.91681249999908,334.19703125000285,-434.34031249999646,578,266,312,0.4602076124567474,231,292,55,-133.2717812499933,-0.23057401600344862,0.9663337871845481,912.7140937499986,12,2026-05-12,2026-06-01,16.333020923442906,13.066416738754326,1.25
stretch_fade_840,z1_rsi55,F10_10,fixed,1.0,132,141,131,79,-101.17800000000011,-120.65599999999904,-22.843999999999596,70.0,483,232,251,0.4803312629399586,195,212,76,-174.67799999999875,-0.3616521739130409,0.9218977961852535,376.273999999999,7,2024-05-17,2024-06-04,10.0,10.0,1.0
stretch_fade_840,z1_rsi55,F15_15,fixed,1.0,132,141,131,79,-109.3360000000007,-314.10099999999875,44.776000000001204,165.0,483,233,250,0.4824016563146998,162,171,150,-213.66099999999824,-0.4423623188405761,0.927742115706091,624.0169999999987,7,2024-05-17,2024-06-04,15.0,15.0,1.0
stretch_fade_840,z1_rsi55,F20_20,fixed,1.0,132,141,131,79,-64.12000000000035,-426.26199999999835,178.208000000001,327.33000000000084,483,242,241,0.5010351966873706,128,124,231,15.156000000003132,0.03137888198758412,1.0046766894370887,629.977999999998,6,2024-06-07,2024-06-20,20.0,20.0,1.0
stretch_fade_840,z1_rsi55,F20_15,fixed,1.3333333333333333,132,141,131,79,-75.03900000000021,-364.4599999999991,32.35000000000127,167.89000000000033,483,218,265,0.45134575569358176,113,183,187,-239.25899999999774,-0.4953602484472003,0.9241731379857535,670.1319999999992,7,2024-05-17,2024-06-04,20.0,15.0,1.3333333333333333
stretch_fade_840,z1_rsi55,F25_20,fixed,1.25,132,141,131,79,-46.5,-440.77399999999784,236.50800000000027,342.8200000000006,483,233,250,0.4824016563146998,100,130,253,92.05400000000304,0.1905879917184328,1.0271773082141882,647.5429999999976,6,2024-06-07,2024-06-20,25.0,20.0,1.25
stretch_fade_840,z1_rsi55,F30_25,fixed,1.2,132,141,131,79,-30.135000000000446,-472.827999999997,374.24200000000064,253.2100000000005,483,234,249,0.484472049689441,86,97,300,124.48900000000367,0.25774120082816493,1.0336912499205018,661.1619999999969,7,2026-06-22,2026-07-16,30.0,25.0,1.1999999999999997
stretch_fade_840,z1_rsi55,F40_30,fixed,1.3333333333333333,132,141,131,79,-4.46100000000024,-562.3899999999956,539.676000000004,267.93300000000045,483,236,247,0.4886128364389234,59,80,344,240.75800000000868,0.49846376811596,1.061308627689853,714.3689999999958,7,2026-06-22,2026-07-16,40.0,30.0,1.3333333333333333
stretch_fade_840,z1_rsi55,R60x075_R1,r60,1.0,132,141,131,79,-64.77887500000088,-211.8116249999993,0.9765000000029431,298.81237500000157,483,218,265,0.45134575569358176,213,260,10,23.19837500000432,0.048029761904770846,1.012515081864891,370.08424999999835,16,2024-04-18,2024-06-03,7.80946765010354,7.80946765010354,1.0
stretch_fade_840,z1_rsi55,R60x075_R125,r60,1.25,132,141,131,79,-57.93471875000081,-228.76874999999978,8.010000000002464,307.8856562500019,483,191,292,0.39544513457556935,184,286,13,29.19218750000377,0.060439311594210704,1.0142534871339772,421.40928124999965,16,2024-04-18,2024-06-03,9.761834562629424,7.80946765010354,1.25
stretch_fade_840,z1_rsi55,R60x1_R1,r60,1.0,132,141,131,79,-39.84100000000058,-188.3679999999997,59.00250000000142,285.1954999999998,483,224,259,0.463768115942029,216,251,16,115.98900000000094,0.2401428571428591,1.0537912266536693,309.9589999999989,10,2024-10-21,2024-11-18,9.417439958592151,9.417439958592151,1.0
stretch_fade_840,z1_rsi55,R60x1_R125,r60,1.25,132,141,131,79,-35.478000000000804,-220.47212500000012,-33.765999999995074,451.17537499999685,483,195,288,0.40372670807453415,181,277,25,161.45925000000085,0.334284161490685,1.0685663489523582,403.34737499999926,18,2024-05-07,2024-06-21,11.771799948240186,9.417439958592151,1.25
stretch_fade_840,z1_rsi55,ASIAx025_R1,asia,1.0,132,141,131,79,-76.07237500000002,-197.63774999999987,-117.26712499999996,288.8527499999989,483,219,264,0.453416149068323,216,259,8,-102.12450000000098,-0.21143788819875978,0.9486227722721838,472.01199999999983,11,2024-04-22,2024-05-22,8.08738561076604,8.08738561076604,1.0
stretch_fade_840,z1_rsi55,ASIAx025_R125,asia,1.25,132,141,131,79,-63.533406250000056,-193.69631249999986,-171.78803124999965,277.81140624999955,483,194,289,0.40165631469979296,189,283,11,-151.20634374999995,-0.31305661231884047,0.9314188790983593,518.3725937499993,11,2024-04-22,2024-05-22,10.10923201345755,8.08738561076604,1.25
stretch_fade_840,z1_rsi55,ASIAx033_R1,asia,1.0,132,141,131,79,-75.259225,-244.42926500000047,-214.38448999999954,188.96580999999938,483,213,270,0.4409937888198758,208,262,13,-345.1071700000006,-0.7145075983436866,0.8595208135506179,622.3890699999998,11,2024-04-22,2024-05-22,9.649305527950302,9.649305527950302,1.0
stretch_fade_840,z1_rsi55,ASIAx033_R125,asia,1.25,132,141,131,79,-61.46759250000003,-236.1666325000011,-157.4483049999997,179.7777324999999,483,193,290,0.3995859213250518,182,282,19,-275.3047975000009,-0.5699892287784698,0.8953769784990152,601.5491262500004,11,2024-04-22,2024-05-22,12.061631909937878,9.649305527950302,1.25
stretch_fade_840,z1_rsi55,PREVx025_R1,prev,1.0,132,138,131,78,-9.62449999999933,-111.03887499999928,-22.33287499999949,383.2206249999988,479,232,247,0.48434237995824636,208,225,46,240.2243750000007,0.5015122651357008,1.0898754134031914,387.4154999999985,6,2023-05-16,2023-05-30,12.60574399791232,12.60574399791232,1.0
stretch_fade_840,z1_rsi55,PREVx025_R125,prev,1.25,132,138,131,78,-1.0475937499991943,-181.16153124999934,69.387156250001,350.14693749999816,479,211,268,0.4405010438413361,173,242,64,237.32496875000055,0.4954592249478091,1.081808920603411,387.86037499999867,9,2024-07-29,2024-08-15,15.757179997390399,12.60574399791232,1.25
norm_impulse_cont_840,s=0.4,F10_10,fixed,1.0,134,139,130,78,-59.583000000000084,34.72600000000034,-180.57699999999932,-140.0,481,225,256,0.4677754677754678,194,224,63,-345.43399999999906,-0.7181580041580022,0.8537165013481407,383.28799999999956,12,2025-06-13,2025-07-09,10.0,10.0,1.0
norm_impulse_cont_840,s=0.4,F15_15,fixed,1.0,134,139,130,78,-53.65300000000025,137.81399999999917,-44.177999999999884,-300.0,481,233,248,0.48440748440748443,160,174,147,-260.01700000000096,-0.5405758835758856,0.913089444834959,480.8570000000009,8,2025-06-13,2025-07-01,15.0,15.0,1.0
norm_impulse_cont_840,s=0.4,F20_20,fixed,1.0,134,139,130,78,-180.3390000000013,249.61799999999926,-193.6259999999993,-189.07999999999993,481,235,246,0.4885654885654886,127,138,216,-313.42700000000127,-0.6516153846153873,0.9101111382609062,481.1900000000005,8,2025-06-13,2025-07-01,20.0,20.0,1.0
norm_impulse_cont_840,s=0.4,F20_15,fixed,1.3333333333333333,134,139,130,78,-109.27400000000102,226.57599999999957,-6.769999999999527,-260.0,481,221,260,0.4594594594594595,117,180,184,-149.46800000000098,-0.3107442827442848,0.9518143446040981,422.16400000000067,8,2025-06-13,2025-07-01,20.0,15.0,1.3333333333333333
norm_impulse_cont_840,s=0.4,F25_20,fixed,1.25,134,139,130,78,-142.29700000000162,214.82600000000002,-264.7399999999998,-354.25,481,221,260,0.4594594594594595,86,149,246,-546.4610000000014,-1.136093555093558,0.8536703644872122,712.4940000000006,8,2025-06-13,2025-07-01,25.0,20.0,1.25
norm_impulse_cont_840,s=0.4,F30_25,fixed,1.2,134,139,130,78,-152.71000000000117,219.06499999999915,-328.6170000000002,-480.675999999999,481,220,261,0.4573804573804574,70,121,290,-742.9380000000012,-1.5445696465696492,0.820174737936663,885.9300000000003,8,2025-06-13,2025-07-01,30.0,25.0,1.1999999999999995
norm_impulse_cont_840,s=0.4,F40_30,fixed,1.3333333333333333,134,139,130,78,-154.2260000000008,224.13499999999976,-397.39800000000105,-579.7589999999982,481,219,262,0.4553014553014553,41,101,339,-907.2480000000003,-1.8861704781704787,0.8006496561322586,1024.2740000000003,8,2025-06-13,2025-07-01,40.0,30.0,1.3333333333333333
norm_impulse_cont_840,s=0.4,R60x075_R1,r60,1.0,134,139,130,78,-31.781249999999318,43.501125000000854,-246.35775000000285,-207.42887500000234,481,217,264,0.45114345114345117,213,262,6,-442.06675000000365,-0.9190576923076998,0.7960846084193258,475.89275000000566,10,2023-01-27,2023-02-20,8.168432952182968,8.168432952182968,1.0
norm_impulse_cont_840,s=0.4,R60x075_R125,r60,1.25,134,139,130,78,-39.4466874999992,9.97290625000035,-176.17659375000216,-155.51909375000105,481,194,287,0.40332640332640335,187,283,11,-361.169468750002,-0.7508720764033305,0.8433501743239874,393.26196875000187,10,2023-01-27,2023-02-20,10.21054119022871,8.168432952182968,1.25
norm_impulse_cont_840,s=0.4,R60x1_R1,r60,1.0,134,139,130,78,-34.15799999999922,73.91450000000077,-294.744999999999,-200.70399999999972,481,224,257,0.4656964656964657,218,250,13,-455.69249999999715,-0.947385654885649,0.8216807249813306,597.290500000001,10,2023-01-27,2023-02-20,9.928097713097722,9.928097713097722,1.0
norm_impulse_cont_840,s=0.4,R60x1_R125,r60,1.25,134,139,130,78,-69.00449999999955,24.794124999998473,-370.2601249999984,-259.45737499999905,481,194,287,0.40332640332640335,183,277,21,-673.9278749999985,-1.40109745322245,0.7627430559711719,772.5466250000013,11,2023-01-27,2023-02-22,12.41012214137215,9.928097713097722,1.25
norm_impulse_cont_840,s=0.4,ASIAx025_R1,asia,1.0,134,139,130,78,-9.62250000000023,45.9915000000002,-254.00837500000068,-303.48662499999807,481,218,263,0.45322245322245325,216,262,3,-521.1259999999988,-1.083422037422035,0.7625461564617911,582.7339999999999,10,2023-01-27,2023-02-20,8.059807692307688,8.059807692307688,1.0
norm_impulse_cont_840,s=0.4,ASIAx025_R125,asia,1.25,134,139,130,78,-36.94525000000024,39.13440625000018,-236.07128125000062,-289.87246874999744,481,192,289,0.3991683991683992,186,287,8,-523.7545937499981,-1.0888868892931354,0.7788322609431287,572.3777187499986,19,2025-06-04,2025-07-09,10.074759615384611,8.059807692307688,1.25
norm_impulse_cont_840,s=0.4,ASIAx033_R1,asia,1.0,134,139,130,78,-11.33500000000009,97.23460000000047,-250.0453300000018,-303.43968499999545,481,225,256,0.4677754677754678,221,252,8,-467.5854149999969,-0.9721110498960435,0.8135688957431181,600.744329999998,14,2025-06-11,2025-07-09,9.598568388773383,9.598568388773383,1.0
norm_impulse_cont_840,s=0.4,ASIAx033_R125,asia,1.25,134,139,130,78,-57.94064000000015,72.67380250000063,-192.04315125000247,-231.3401162499957,481,197,284,0.4095634095634096,189,275,17,-408.6501049999976,-0.8495844178794129,0.847240631396307,491.09015624999876,14,2025-06-11,2025-07-09,11.99821048596673,9.598568388773383,1.25
norm_impulse_cont_840,s=0.4,PREVx025_R1,prev,1.0,133,137,130,78,-63.60700000000014,-78.9376249999982,-233.26287499999842,-226.6228749999999,478,222,256,0.46443514644351463,204,234,40,-602.4303749999967,-1.2603145920502024,0.8097517597232833,726.4261249999961,10,2023-01-27,2023-02-20,12.832354079497906,12.832354079497906,1.0
norm_impulse_cont_840,s=0.4,PREVx025_R125,prev,1.25,133,137,130,78,-95.30678125000018,-57.72912499999799,-130.89809374999885,-159.09456249999934,478,201,277,0.4205020920502092,175,252,51,-443.0285624999963,-0.926837996861917,0.8672424031890943,602.6679687499961,10,2023-01-27,2023-02-20,16.04044259937238,12.832354079497906,1.25
norm_impulse_fade_840,s=0.4,F10_10,fixed,1.0,134,139,130,78,-44.76299999999969,-174.57099999999923,26.503000000000156,-60.0,481,224,257,0.4656964656964657,194,219,68,-252.83099999999877,-0.5256361746361721,0.8904114398509296,351.0709999999988,8,2024-05-27,2024-06-14,10.0,10.0,1.0
norm_impulse_fade_840,s=0.4,F15_15,fixed,1.0,134,139,130,78,-51.9279999999992,-356.21499999999924,-116.52999999999929,180.0,481,224,257,0.4656964656964657,158,175,148,-344.6729999999977,-0.7165758835758789,0.8866395922257685,650.0399999999979,9,2024-03-06,2024-03-25,15.0,15.0,1.0
norm_impulse_fade_840,s=0.4,F20_20,fixed,1.0,134,139,130,78,-7.204999999999245,-362.24300000000176,95.34700000000021,187.89000000000033,481,232,249,0.48232848232848236,131,132,218,-86.21100000000047,-0.1792328482328492,0.9744132568717755,532.8780000000004,9,2024-03-06,2024-03-25,20.0,20.0,1.0
norm_impulse_fade_840,s=0.4,F20_15,fixed,1.3333333333333333,134,139,130,78,-17.295999999998912,-344.29800000000114,-6.596999999999753,217.89000000000033,481,215,266,0.446985446985447,119,183,179,-150.30099999999948,-0.3124760914760904,0.9525294706960657,581.1549999999997,9,2024-03-06,2024-03-25,20.0,15.0,1.3333333333333333
norm_impulse_fade_840,s=0.4,F25_20,fixed,1.25,134,139,130,78,14.022000000001299,-376.45300000000134,158.4069999999997,288.0500000000011,481,225,256,0.4677754677754678,105,137,239,84.02600000000075,0.17469022869023024,1.0241510791904536,492.958000000001,9,2024-03-06,2024-03-25,25.0,20.0,1.25
norm_impulse_fade_840,s=0.4,F30_25,fixed,1.2,134,139,130,78,11.566000000000713,-338.23800000000074,216.07700000000023,252.8300000000013,481,228,253,0.47401247401247404,87,102,292,142.2350000000015,0.2957068607068638,1.0376733953546524,468.4169999999988,9,2024-03-06,2024-03-25,30.0,25.0,1.1999999999999995
norm_impulse_fade_840,s=0.4,F40_30,fixed,1.3333333333333333,134,139,130,78,25.72300000000064,-392.43800000000056,262.98000000000275,368.3830000000012,481,232,249,0.48232848232848236,58,84,339,264.648000000004,0.5502037422037506,1.0660443255230003,565.3399999999986,9,2024-03-06,2024-03-25,40.0,30.0,1.3333333333333333
norm_impulse_fade_840,s=0.4,R60x075_R1,r60,1.0,134,139,130,78,-55.16550000000109,-215.67312500000133,125.32275000000323,56.08862500000282,481,224,257,0.4656964656964657,221,255,5,-89.42724999999638,-0.18591943866943114,0.9551610332733885,361.08812499999965,10,2024-04-17,2024-05-07,8.168432952182968,8.168432952182968,1.0
norm_impulse_fade_840,s=0.4,R60x075_R125,r60,1.25,134,139,130,78,-64.63834375000103,-222.53753125000193,166.07171875000276,132.42718750000208,481,200,281,0.4158004158004158,195,276,10,11.32303125000189,0.02354060550935944,1.0052763220227423,380.08931250000177,10,2024-04-17,2024-05-07,10.21054119022871,8.168432952182968,1.25
norm_impulse_fade_840,s=0.4,R60x1_R1,r60,1.0,134,139,130,78,-37.445000000000846,-237.0905000000016,59.76800000000321,72.50299999999879,481,223,258,0.46361746361746364,217,253,11,-142.26450000000045,-0.2957681912681922,0.9407680672289898,375.9215000000004,10,2024-04-17,2024-05-07,9.928097713097722,9.928097713097722,1.0
norm_impulse_fade_840,s=0.4,R60x1_R125,r60,1.25,134,139,130,78,-49.03837500000111,-244.24787500000093,48.264875000004395,207.25462499999765,481,197,284,0.4095634095634096,184,274,23,-37.76675,-0.07851715176715177,0.9852882258087449,416.34500000000037,10,2024-04-17,2024-05-07,12.41012214137215,9.928097713097722,1.25
norm_impulse_fade_840,s=0.4,ASIAx025_R1,asia,1.0,134,139,130,78,-53.83049999999997,-165.3190000000003,142.22337500000083,203.69662499999743,481,233,248,0.48440748440748443,232,248,1,126.77049999999798,0.26355613305612885,1.0676548638916192,267.0846249999997,8,2024-02-06,2024-02-26,8.059807692307688,8.059807692307688,1.0
norm_impulse_fade_840,s=0.4,ASIAx025_R125,asia,1.25,134,139,130,78,-54.222875,-141.8711562500002,103.80421875000121,257.0003124999978,481,208,273,0.43243243243243246,204,271,6,164.71049999999877,0.3424334719334694,1.0800668201790518,281.8473124999996,8,2024-02-06,2024-02-26,10.074759615384611,8.059807692307688,1.25
norm_impulse_fade_840,s=0.4,ASIAx033_R1,asia,1.0,134,139,130,78,-52.118000000000116,-203.48138000000006,108.76023000000188,226.87597499999725,481,230,251,0.4781704781704782,225,249,7,80.03682499999888,0.16639672557172325,1.0357674908342889,322.1194349999998,8,2024-02-06,2024-02-26,9.598568388773383,9.598568388773383,1.0
norm_impulse_fade_840,s=0.4,ASIAx033_R125,asia,1.25,134,139,130,78,-49.96557750000015,-201.04976625000083,107.98647875000196,353.00335624999656,481,207,274,0.4303534303534304,197,269,15,209.97449124999747,0.4365374038461486,1.0876150098179944,365.2432062500002,8,2024-02-06,2024-02-26,11.99821048596673,9.598568388773383,1.25
norm_impulse_fade_840,s=0.4,PREVx025_R1,prev,1.0,133,137,130,78,-37.672124999999596,-64.70387500000015,23.059999999999263,124.26287500000069,478,229,249,0.4790794979079498,210,230,38,44.946875000000205,0.09403111924686235,1.0157935878757955,253.38649999999978,8,2023-12-12,2023-12-28,12.832354079497906,12.832354079497906,1.0
norm_impulse_fade_840,s=0.4,PREVx025_R125,prev,1.25,133,137,130,78,-22.94240624999938,-65.28568750000028,101.83646875000022,269.10278125,478,215,263,0.4497907949790795,185,241,52,282.7111562500006,0.5914459335774072,1.09521931870521,233.03587499999992,8,2023-12-12,2023-12-28,16.04044259937238,12.832354079497906,1.25
asia_morning_divergence,morning_dir,F10_10,fixed,1.0,137,151,117,80,-160.4430000000002,133.98900000000003,-83.5,20.0,485,238,247,0.49072164948453606,216,226,43,-89.95400000000018,-0.18547216494845398,0.9612047178485724,213.067,6,2023-06-08,2023-06-26,10.0,10.0,1.0
asia_morning_divergence,morning_dir,F15_15,fixed,1.0,137,151,117,80,-118.6320000000012,-64.17900000000054,-152.2579999999998,-109.10000000000036,485,225,260,0.4639175257731959,165,190,130,-444.1690000000019,-0.9158123711340246,0.8624148163750799,487.8060000000014,7,2023-10-25,2023-11-08,15.0,15.0,1.0
asia_morning_divergence,morning_dir,F20_20,fixed,1.0,137,151,117,80,-197.5590000000011,-153.42600000000084,-236.21299999999974,-64.10000000000036,485,219,266,0.4515463917525773,131,157,197,-651.298000000002,-1.3428824742268084,0.8314908872072131,749.8040000000019,7,2023-01-10,2023-01-30,20.0,20.0,1.0
asia_morning_divergence,morning_dir,F20_15,fixed,1.3333333333333333,137,151,117,80,-113.58800000000133,-104.91100000000233,-135.4349999999995,-69.10000000000036,485,206,279,0.4247422680412371,120,200,165,-423.0340000000035,-0.872235051546399,0.8758370420244617,482.2270000000033,9,2025-03-14,2025-04-10,20.0,15.0,1.333333333333333
asia_morning_divergence,morning_dir,F25_20,fixed,1.25,137,151,117,80,-172.57100000000082,-102.59300000000144,-160.72599999999966,-54.100000000000364,485,213,272,0.43917525773195876,105,162,218,-489.9900000000023,-1.0102886597938192,0.8765703282616132,628.6220000000021,7,2023-01-10,2023-01-30,25.0,20.0,1.25
asia_morning_divergence,morning_dir,F30_25,fixed,1.2,137,151,117,80,-152.64900000000102,-167.07700000000114,-90.96300000000019,-170.65000000000055,485,216,269,0.44536082474226807,89,125,271,-581.3390000000029,-1.198637113402068,0.8667150125732977,664.7710000000029,7,2023-01-10,2023-01-30,30.0,25.0,1.1999999999999995
asia_morning_divergence,morning_dir,F40_30,fixed,1.3333333333333333,137,151,117,80,-107.17500000000041,-241.00000000000045,-122.93600000000015,-121.07999999999993,485,217,268,0.44742268041237115,58,98,329,-592.1910000000009,-1.2210123711340226,0.8729544922596957,697.9020000000016,7,2023-01-10,2023-01-30,40.0,30.0,1.333333333333333
asia_morning_divergence,morning_dir,R60x075_R1,r60,1.0,137,151,117,80,-68.07575000000043,21.32837499999971,-84.99662499999658,-40.48224999999627,485,230,255,0.4742268041237113,230,253,2,-172.22624999999357,-0.35510567010307953,0.9102500675008687,281.87449999999535,6,2023-01-06,2023-01-17,7.606588659793804,7.606588659793804,1.0
asia_morning_divergence,morning_dir,R60x075_R125,r60,1.25,137,151,117,80,-100.10206250000077,55.87684374999952,-119.05249999999859,-43.425406249995405,485,202,283,0.41649484536082476,199,281,5,-206.70312499999523,-0.4261920103092685,0.9026760045125278,270.9687812499975,11,2023-05-05,2023-05-25,9.508235824742256,7.606588659793804,1.25
asia_morning_divergence,morning_dir,R60x1_R1,r60,1.0,137,151,117,80,-22.393000000000256,-3.065500000003567,-174.35949999999866,-106.86649999999872,485,230,255,0.4742268041237113,228,251,6,-306.6845000000012,-0.6323391752577344,0.8709952669233145,369.4419999999959,8,2025-08-06,2025-08-25,9.293311340206179,9.293311340206179,1.0
asia_morning_divergence,morning_dir,R60x1_R125,r60,1.25,137,151,117,80,-75.44387500000067,43.72199999999657,-197.82400000000086,-163.40600000000006,485,201,284,0.4144329896907217,194,279,12,-392.95187500000503,-0.8102100515464021,0.8503290212909217,472.6938750000013,13,2025-12-11,2026-01-22,11.616639175257724,9.293311340206179,1.25
asia_morning_divergence,morning_dir,ASIAx025_R1,asia,1.0,137,151,117,80,-46.21987499999989,12.11012499999947,-111.5567499999994,-62.566500000002065,485,232,253,0.47835051546391755,232,251,2,-208.23300000000188,-0.4293463917525812,0.8989767008275785,294.10275000000036,8,2024-10-31,2024-11-14,8.106860309278346,8.106860309278346,1.0
asia_morning_divergence,morning_dir,ASIAx025_R125,asia,1.25,137,151,117,80,-75.2629062499999,21.982437499999236,-113.43281249999944,-177.98081250000106,485,202,283,0.41649484536082476,199,280,6,-344.6940937500012,-0.710709471649487,0.8513879026515874,426.46940625000104,15,2023-04-26,2023-05-25,10.133575386597933,8.106860309278346,1.25
asia_morning_divergence,morning_dir,ASIAx033_R1,asia,1.0,137,151,117,80,-29.54330999999973,-5.530015000000617,-149.25628499999954,-250.52183000000014,485,225,260,0.4639175257731959,225,256,4,-434.85144,-0.8966009072164949,0.8270780504861864,527.8622100000002,7,2023-04-26,2023-05-10,9.591225515463911,9.591225515463911,1.0
asia_morning_divergence,morning_dir,ASIAx033_R125,asia,1.25,137,151,117,80,-54.33198624999973,65.88769124999952,-54.79404874999958,-186.87528624999948,485,209,276,0.4309278350515464,203,272,10,-230.11362999999926,-0.4744610927835036,0.9124551126482459,395.45556249999976,15,2023-04-26,2023-05-25,11.98903189432989,9.591225515463911,1.25
asia_morning_divergence,morning_dir,PREVx025_R1,prev,1.0,137,148,116,79,-137.31512500000065,94.39424999999943,-87.2624999999988,5.268124999999941,480,230,250,0.4791666666666667,221,238,21,-124.91525000000007,-0.2602401041666668,0.9572349066572781,331.67062500000054,14,2023-04-28,2023-05-25,12.374551041666672,12.374551041666672,1.0
asia_morning_divergence,morning_dir,PREVx025_R125,prev,1.25,137,148,116,79,-129.6481562500004,147.68168749999933,-45.48556249999896,-187.97856250000115,480,214,266,0.44583333333333336,192,253,35,-215.43059375000115,-0.44881373697916904,0.9317926452898844,502.25284375000246,14,2023-04-28,2023-05-25,15.46818880208334,12.374551041666672,1.25
asia_morning_divergence_fade,asia_dir,F10_10,fixed,1.0,137,151,117,80,38.79399999999987,-257.9110000000003,16.66700000000037,-140.0,485,226,259,0.465979381443299,207,239,39,-342.45000000000005,-0.7060824742268043,0.8610798974153436,453.91599999999994,7,2024-03-15,2024-03-27,10.0,10.0,1.0
asia_morning_divergence_fade,asia_dir,F15_15,fixed,1.0,137,151,117,80,0.5119999999997162,-48.3250000000005,34.14600000000064,18.113000000000284,485,241,244,0.49690721649484537,180,176,129,4.44600000000014,0.009167010309278639,1.0014775427460494,196.13700000000017,7,2024-03-15,2024-03-27,15.0,15.0,1.0
asia_morning_divergence_fade,asia_dir,F20_20,fixed,1.0,137,151,117,80,73.36099999999942,-33.729000000001406,5.53800000000183,-96.88699999999972,485,242,243,0.49896907216494846,141,143,201,-51.71699999999987,-0.10663298969072138,0.985390723362159,314.73899999999867,7,2024-03-15,2024-03-27,20.0,20.0,1.0
asia_morning_divergence_fade,asia_dir,F20_15,fixed,1.3333333333333333,137,151,117,80,80.12199999999939,-48.34100000000126,67.03600000000097,-61.886999999999716,485,222,263,0.4577319587628866,132,190,163,36.92999999999938,0.07614432989690594,1.0114328949743245,205.0,7,2024-03-15,2024-03-27,20.0,15.0,1.333333333333333
asia_morning_divergence_fade,asia_dir,F25_20,fixed,1.25,137,151,117,80,86.43699999999944,-58.4079999999999,116.14700000000221,1.743000000000393,485,237,248,0.488659793814433,105,145,235,145.91900000000214,0.3008639175257776,1.0405089639744811,245.0,7,2024-03-15,2024-03-27,25.0,20.0,1.25
asia_morning_divergence_fade,asia_dir,F30_25,fixed,1.2,137,151,117,80,54.07099999999946,13.986000000000558,23.216000000001713,16.743000000000393,485,240,245,0.4948453608247423,87,119,279,108.01600000000212,0.22271340206186005,1.0270672629603548,290.0,7,2024-03-15,2024-03-27,30.0,25.0,1.1999999999999995
asia_morning_divergence_fade,asia_dir,F40_30,fixed,1.3333333333333333,137,151,117,80,43.63599999999997,63.507000000000744,-138.4359999999997,343.30700000000115,485,241,244,0.49690721649484537,61,97,327,312.01400000000217,0.6433278350515509,1.073601018290448,383.0079999999998,7,2024-03-15,2024-03-27,40.0,30.0,1.333333333333333
asia_morning_divergence_fade,asia_dir,R60x075_R1,r60,1.0,137,151,117,80,-41.31450000000018,-101.64537499999949,5.491624999995793,-36.495250000004376,485,227,258,0.46804123711340206,226,258,1,-173.96350000000825,-0.3586876288659964,0.9094396207743245,250.7217500000006,10,2023-08-18,2023-09-18,7.606588659793804,7.606588659793804,1.0
asia_morning_divergence_fade,asia_dir,R60x075_R125,r60,1.25,137,151,117,80,-103.3059374999999,-97.42037499999927,3.008593749996777,-86.01390625000178,485,192,293,0.3958762886597938,188,292,5,-283.73162500000416,-0.585013659793823,0.8679958465430826,329.00887500000357,10,2023-08-18,2023-09-18,9.508235824742256,7.606588659793804,1.25
asia_morning_divergence_fade,asia_dir,R60x1_R1,r60,1.0,137,151,117,80,-44.00400000000013,-100.54599999999778,-11.91950000000179,-118.5915,485,225,260,0.4639175257731959,223,258,4,-275.0609999999997,-0.5671360824742262,0.883842434055082,348.0974999999992,10,2023-08-18,2023-09-18,9.293311340206179,9.293311340206179,1.0
asia_morning_divergence_fade,asia_dir,R60x1_R125,r60,1.25,137,151,117,80,-79.57637500000044,-95.17337499999621,-15.132125000003612,-73.44200000000114,485,198,287,0.40824742268041236,190,285,10,-263.3238750000014,-0.542935824742271,0.8974059160600892,348.0775000000004,10,2023-08-18,2023-09-18,11.616639175257724,9.293311340206179,1.25
asia_morning_divergence_fade,asia_dir,ASIAx025_R1,asia,1.0,137,151,117,80,-33.78012500000011,-147.91612499999974,-17.60550000000046,-26.11974999999859,485,220,265,0.4536082474226804,219,265,1,-225.4214999999989,-0.4647865979381421,0.8911729933932164,306.4387499999997,10,2023-08-18,2023-09-18,8.106860309278346,8.106860309278346,1.0
asia_morning_divergence_fade,asia_dir,ASIAx025_R125,asia,1.25,137,151,117,80,-60.62818750000005,-181.87931249999977,10.401187499999878,54.35625000000164,485,194,291,0.4,190,291,4,-177.7500624999983,-0.3664949742268006,0.920719221367133,348.0992187500003,10,2023-08-18,2023-09-18,10.133575386597933,8.106860309278346,1.25
asia_morning_divergence_fade,asia_dir,ASIAx033_R1,asia,1.0,137,151,117,80,-40.456690000000265,-135.58288499999938,39.8079650000007,82.39974000000082,485,228,257,0.47010309278350515,225,257,3,-53.831869999998105,-0.11099354639174867,0.9768143457335479,297.85054999999966,10,2023-08-18,2023-09-18,9.591225515463911,9.591225515463911,1.0
asia_morning_divergence_fade,asia_dir,ASIAx033_R125,asia,1.25,137,151,117,80,-66.18135125000022,-122.36525624999925,33.22260499999987,31.017248750001528,485,199,286,0.41030927835051545,192,284,9,-124.30675374999811,-0.25630258505154246,0.9518763508260119,327.919325,10,2023-08-18,2023-09-18,11.98903189432989,9.591225515463911,1.25
asia_morning_divergence_fade,asia_dir,PREVx025_R1,prev,1.0,137,148,116,79,-0.7624999999998181,-226.35862500000025,-47.033625000000825,-105.53337499999986,480,224,256,0.4666666666666667,210,247,23,-379.68812500000075,-0.7910169270833349,0.8752638755004526,473.120250000001,10,2023-08-18,2023-09-18,12.374551041666672,12.374551041666672,1.0
asia_morning_divergence_fade,asia_dir,PREVx025_R125,prev,1.25,137,148,116,79,-15.515906249999958,-289.5074062500005,56.110999999999194,-117.58565624999895,480,199,281,0.41458333333333336,180,271,29,-366.4979687500002,-0.7635374348958338,0.888834473803672,476.156500000001,12,2023-04-03,2023-05-04,15.46818880208334,12.374551041666672,1.25
trend_pullback_840,f=0.15,F10_10,fixed,1.0,111,107,101,73,-174.289,-79.71700000000033,-155.28999999999996,-210.0,392,164,228,0.41836734693877553,138,197,57,-619.2960000000003,-1.5798367346938782,0.7012300639853261,649.2960000000003,9,2026-01-12,2026-02-02,10.0,10.0,1.0
trend_pullback_840,f=0.15,F15_15,fixed,1.0,111,107,101,73,-187.00700000000052,15.065999999999349,-47.8670000000011,-225.0,392,173,219,0.4413265306122449,126,146,120,-444.80800000000227,-1.1347142857142916,0.8257716262758918,504.80800000000227,9,2025-12-01,2025-12-31,15.0,15.0,1.0
trend_pullback_840,f=0.15,F20_20,fixed,1.0,111,107,101,73,-234.56100000000106,69.38500000000022,-144.81400000000076,70.92000000000007,392,179,213,0.45663265306122447,109,112,171,-239.07000000000153,-0.6098724489795957,0.9167281734082579,426.65999999999985,9,2024-12-30,2025-01-27,20.0,20.0,1.0
trend_pullback_840,f=0.15,F20_15,fixed,1.3333333333333333,111,107,101,73,-185.81600000000094,83.85500000000025,-15.274000000001251,-80.0,392,167,225,0.4260204081632653,99,150,143,-197.23500000000195,-0.5031505102040866,0.9246629340948203,435.0,9,2024-12-30,2025-01-27,20.0,15.0,1.3333333333333333
trend_pullback_840,f=0.15,F25_20,fixed,1.25,111,107,101,73,-189.49800000000118,63.36700000000019,-195.9610000000007,25.690000000000055,392,170,222,0.4336734693877551,79,119,194,-296.40200000000164,-0.7561275510204123,0.902528166834873,466.3420000000017,9,2024-12-30,2025-01-27,25.0,20.0,1.25
trend_pullback_840,f=0.15,F30_25,fixed,1.2,111,107,101,73,-167.4040000000009,98.18600000000015,-200.57800000000043,-77.22599999999966,392,170,222,0.4336734693877551,66,94,232,-347.02200000000084,-0.8852602040816349,0.8952371866899885,540.7659999999996,9,2024-12-30,2025-01-27,30.0,25.0,1.1999999999999997
trend_pullback_840,f=0.15,F40_30,fixed,1.3333333333333333,111,107,101,73,-141.14300000000048,149.26999999999998,-126.79100000000062,-310.6989999999978,392,169,223,0.43112244897959184,39,76,277,-429.3629999999989,-1.0953137755102014,0.8815503291716971,682.2519999999977,9,2024-12-30,2025-01-27,40.0,30.0,1.3333333333333333
trend_pullback_840,f=0.15,R60x075_R1,r60,1.0,111,107,100,73,-71.7009999999994,-63.765874999999596,-188.31325000000516,-259.07862500000533,391,160,231,0.4092071611253197,156,225,10,-582.8587500000094,-1.4906873401534768,0.6806430820863272,605.746250000009,9,2023-01-27,2023-02-20,7.979230179028158,7.979230179028158,1.0
trend_pullback_840,f=0.15,R60x075_R125,r60,1.25,111,107,100,73,-56.73362499999931,-54.12437499999956,-139.69743750000438,-213.64196875000405,391,147,244,0.37595907928388744,143,237,11,-464.19740625000736,-1.187205642583139,0.7566077281279472,497.98668750000616,12,2023-01-19,2023-02-20,9.974037723785198,7.979230179028158,1.25
trend_pullback_840,f=0.15,R60x1_R1,r60,1.0,111,107,100,73,-52.10499999999888,-13.399000000002843,-271.2975000000024,-254.2460000000019,391,167,224,0.42710997442455245,162,215,14,-591.047500000006,-1.5116304347826242,0.723457828134663,646.0805000000055,6,2023-01-27,2023-02-13,9.69922250639389,9.69922250639389,1.0
trend_pullback_840,f=0.15,R60x1_R125,r60,1.25,111,107,100,73,-76.28324999999938,-28.803000000002044,-296.1810000000015,-305.725375000001,391,146,245,0.3734015345268542,139,234,18,-706.992625000004,-1.8081652813299334,0.696404405145032,747.5011250000036,13,2023-01-19,2023-02-22,12.124028132992361,9.69922250639389,1.25
trend_pullback_840,f=0.15,ASIAx025_R1,asia,1.0,111,107,100,73,-61.38425000000041,-44.212249999999926,-160.7423750000006,-301.27862499999935,391,161,230,0.4117647058823529,159,224,8,-567.6175000000003,-1.4517071611253205,0.6965494861755112,594.6187500000003,9,2023-01-27,2023-02-20,8.197750639386186,8.197750639386186,1.0
trend_pullback_840,f=0.15,ASIAx025_R125,asia,1.25,111,107,100,73,-46.258312500000415,-30.573156249999982,-160.66562500000055,-237.07243749999915,391,147,244,0.37595907928388744,144,237,10,-474.56953125000007,-1.2137328164961638,0.7591088530134645,522.9735937500008,13,2025-06-04,2025-07-09,10.24718829923273,8.197750639386186,1.25
trend_pullback_840,f=0.15,ASIAx033_R1,asia,1.0,111,107,100,73,-56.76411000000035,-22.334064999999313,-100.66228000000086,-246.35267999999743,391,170,221,0.43478260869565216,167,213,11,-426.11313499999795,-1.0898034143222455,0.7969515707923166,477.426984999999,10,2025-06-12,2025-07-09,9.799584347826084,9.799584347826084,1.0
trend_pullback_840,f=0.15,ASIAx033_R125,asia,1.25,111,107,100,73,-61.41818750000043,-24.02649624999918,-82.71527625000118,-260.4511174999974,391,151,240,0.38618925831202044,146,228,17,-428.6110774999984,-1.096192014066492,0.8102588227212193,484.11875874999936,12,2023-01-19,2023-02-20,12.249480434782607,9.799584347826084,1.25
trend_pullback_840,f=0.15,PREVx025_R1,prev,1.0,109,105,100,73,-57.59237500000074,-134.29237499999897,-234.30112500000007,-145.14287500000046,387,167,220,0.4315245478036176,155,196,36,-571.3287500000002,-1.476301679586564,0.7866482129582842,673.7644999999997,12,2023-01-19,2023-02-20,13.285245801033591,13.285245801033591,1.0
trend_pullback_840,f=0.15,PREVx025_R125,prev,1.25,109,105,100,73,-68.96490625000054,-73.13215624999847,-159.28615625000046,-174.3675312499988,387,156,231,0.40310077519379844,135,205,47,-475.7507499999982,-1.2293301033591686,0.8300264691153987,579.6348124999975,12,2023-01-19,2023-02-20,16.606557251291985,13.285245801033591,1.25
