engine,tp,sl,filter,train_n,train_final,train_multiple,train_dd,train_wr,train_pos_years,modern_final,modern_dd,train_score,retain_train
A,20,15,close>=0.85,109,808.0079999999996,2.6933599999999984,0.3982160768853964,0.5779816513761468,4,1231.5820000000008,0.15572968441379476,0.7796358210450482,0.4954545454545455
A,20,12,close>=0.85,109,711.0869999999991,2.370289999999997,0.4767605962350435,0.5504587155963303,4,1461.2710000000004,0.2125950161736243,0.5527860636514651,0.4954545454545455
A,15,15,close>=0.85,109,622.6859999999988,2.075619999999996,0.3709926746265251,0.5779816513761468,4,944.2430000000002,0.16068085835714552,0.5516510943168196,0.4954545454545455
A,20,20,close>=0.85,109,584.7149999999999,1.9490499999999997,0.37149585039007516,0.5779816513761468,4,754.4810000000002,0.10301388183821666,0.4924077790654018,0.4954545454545455
A,15,15,prevRoom>=0,198,631.3820000000001,2.1046066666666667,0.49924424538878337,0.5353535353535354,4,690.4030000000005,0.34098296945049783,0.4057185821074997,0.9
A,15,15,prevRoom+trend,198,631.3820000000001,2.1046066666666667,0.49924424538878337,0.5353535353535354,4,690.4030000000005,0.34098296945049783,0.4057185821074997,0.9
A,15,20,close>=0.85,109,504.6109999999994,1.6820366666666648,0.3375545041284002,0.5779816513761468,4,574.3169999999998,0.1064386644374367,0.38544576067829484,0.4954545454545455
A,15,15,time<=13,203,645.0190000000007,2.1500633333333354,0.5383416345288099,0.5320197044334976,4,839.3550000000012,0.30938642788119913,0.38026196714063343,0.9227272727272727
A,15,15,early+trend,203,645.0190000000007,2.1500633333333354,0.5383416345288099,0.5320197044334976,4,839.3550000000012,0.30938642788119913,0.38026196714063343,0.9227272727272727
A,15,15,close>=0.70,155,568.4050000000002,1.894683333333334,0.466830401475388,0.535483870967742,3,614.3700000000008,0.34495974946737207,0.2639226075482599,0.7045454545454546
A,15,15,trend+close,155,568.4050000000002,1.894683333333334,0.466830401475388,0.535483870967742,3,614.3700000000008,0.34495974946737207,0.2639226075482599,0.7045454545454546
A,15,15,TPspread+close,155,568.4050000000002,1.894683333333334,0.466830401475388,0.535483870967742,3,614.3700000000008,0.34495974946737207,0.2639226075482599,0.7045454545454546
A,15,12,close>=0.85,109,499.07299999999805,1.6635766666666603,0.44729480302244246,0.5504587155963303,4,874.5069999999996,0.28465079922671266,0.23524561674125422,0.4954545454545455
A,12,15,close>=0.85,109,456.8229999999994,1.5227433333333313,0.35351587720843175,0.5779816513761468,3,548.9590000000005,0.20357829957227502,0.18410305552034337,0.4954545454545455
A,15,15,trend=3,212,520.5930000000005,1.7353100000000017,0.5246413214045551,0.5188679245283019,4,625.0980000000013,0.2919480986311528,0.18092263651124352,0.9636363636363636
A,12,20,close>=0.85,109,398.66799999999967,1.3288933333333321,0.3378125292630418,0.5779816513761468,4,492.2760000000003,0.09112281533050239,0.15192728627025542,0.4954545454545455
A,15,15,time<=12,200,529.4590000000007,1.764863333333336,0.5682701765890676,0.53,4,841.7970000000012,0.3098766916652324,0.1435089048376019,0.9090909090909091
A,15,20,Thu-Fri,93,340.5759999999998,1.1352533333333326,0.24182657747447134,0.5053763440860215,4,378.62300000000005,0.1299226640699311,0.11928815529613171,0.42272727272727273
A,8,15,close>=0.85,109,440.2559999999985,1.467519999999995,0.3774963282836281,0.6146788990825688,3,449.5819999999994,0.16087577639751593,0.11861761887526427,0.4954545454545455
A,10,15,close>=0.85,109,425.04899999999884,1.416829999999996,0.36959375185603444,0.5963302752293578,3,529.838,0.1955063205570199,0.09149779287809573,0.4954545454545455
A,10,20,close>=0.85,109,374.74399999999946,1.2491466666666649,0.35249866507522915,0.5963302752293578,4,429.65700000000015,0.09656774106325904,0.07088372845838814,0.4954545454545455
A,8,20,close>=0.85,109,360.7449999999992,1.2024833333333307,0.3579171362933695,0.6146788990825688,4,433.8159999999998,0.09994153420249156,0.026358003284564335,0.4954545454545455
A,5,15,close>=0.85,109,334.61099999999897,1.1153699999999966,0.31299394153610116,0.6788990825688074,4,341.27099999999973,0.11493259535110793,0.0053802704563918335,0.4954545454545455
A,15,12,prevRoom>=0,198,462.7459999999992,1.542486666666664,0.5765822043493564,0.5050505050505051,4,839.0160000000003,0.3929418025789124,-0.0006363128851780142,0.9
A,15,12,prevRoom+trend,198,462.7459999999992,1.542486666666664,0.5765822043493564,0.5050505050505051,4,839.0160000000003,0.3929418025789124,-0.0006363128851780142,0.9
A,12,12,close>=0.85,109,382.87799999999856,1.2762599999999953,0.42602864354053416,0.5504587155963303,4,620.5850000000003,0.2867415640312377,-0.0030261328502566576,0.4954545454545455
A,4,15,close>=0.85,109,340.8389999999988,1.136129999999996,0.2723188753917604,0.7247706422018348,3,308.78399999999965,0.1478838709677421,-0.004814789851459111,0.4954545454545455
A,6,15,close>=0.85,109,352.86999999999875,1.1762333333333292,0.3043090843885366,0.6605504587155964,3,349.68899999999985,0.1512743742015562,-0.01305581804410283,0.4954545454545455
A,15,15,prevDist>=0.25,204,421.91200000000026,1.4063733333333341,0.5173739309860845,0.5098039215686274,4,619.1340000000009,0.34462368251768966,-0.01968041066291154,0.9272727272727272
A,15,15,prevDist+trend,204,421.91200000000026,1.4063733333333341,0.5173739309860845,0.5098039215686274,4,619.1340000000009,0.34462368251768966,-0.01968041066291154,0.9272727272727272
A,15,15,LONG,115,397.85599999999954,1.326186666666665,0.4070028016143226,0.5130434782608696,3,414.12999999999965,0.4074097726986264,-0.019758874153026462,0.5227272727272727
A,15,15,body+close,146,437.0320000000004,1.4567733333333346,0.4876666903106837,0.5273972602739726,3,768.020000000002,0.24493882871770914,-0.027286639848918437,0.6636363636363637
A,8,12,close>=0.85,109,390.7049999999979,1.302349999999993,0.46657623936907294,0.5871559633027523,4,595.0159999999992,0.29284134615384644,-0.03155695947746323,0.4954545454545455
A,15,12,close>=0.70,155,475.9699999999991,1.5865666666666638,0.5148366198515189,0.5161290322580645,2,976.986000000001,0.3976324860075721,-0.05634204224894687,0.7045454545454546
A,15,12,trend+close,155,475.9699999999991,1.5865666666666638,0.5148366198515189,0.5161290322580645,2,976.986000000001,0.3976324860075721,-0.05634204224894687,0.7045454545454546
A,15,12,TPspread+close,155,475.9699999999991,1.5865666666666638,0.5148366198515189,0.5161290322580645,2,976.986000000001,0.3976324860075721,-0.05634204224894687,0.7045454545454546
A,6,20,close>=0.85,109,321.6059999999993,1.0720199999999978,0.2744313121707514,0.6605504587155964,3,366.64999999999986,0.0779377830427322,-0.06038223354525424,0.4954545454545455
A,20,15,time<=13,203,438.8390000000011,1.4627966666666703,0.5859555889942079,0.5024630541871922,4,639.661000000001,0.3283049730469306,-0.06575014552102437,0.9227272727272727
A,20,15,early+trend,203,438.8390000000011,1.4627966666666703,0.5859555889942079,0.5024630541871922,4,639.661000000001,0.3283049730469306,-0.06575014552102437,0.9227272727272727
A,12,20,Thu-Fri,93,305.1769999999997,1.0172566666666656,0.2580383731610344,0.5161290322580645,3,351.29399999999987,0.13974624807037142,-0.0921240802592107,0.42272727272727273
A,4,15,TPspread+close,146,366.3489999999997,1.2211633333333323,0.28572590361445743,0.7123287671232876,1,419.99199999999973,0.14072666666666617,-0.09778279012526526,0.6636363636363637
A,12,15,body+close,146,391.968000000001,1.3065600000000033,0.4608577652609295,0.5273972602739726,3,498.56300000000147,0.27354663362577103,-0.10220944641522361,0.6636363636363637
A,15,15,break<=0.25,216,399.0129999999997,1.3300433333333324,0.5393900535236422,0.5138888888888888,4,600.5160000000008,0.3180953480572455,-0.10364009705366328,0.9818181818181818
A,15,15,Thu-Fri,93,309.7489999999998,1.032496666666666,0.33945765084864477,0.5053763440860215,4,315.37799999999993,0.19765894236482454,-0.10700772425896299,0.42272727272727273
A,20,10,close>=0.85,109,442.1079999999988,1.4736933333333293,0.6285631180919182,0.5137614678899083,4,884.7850000000008,0.4032294229759334,-0.11254862588602271,0.4954545454545455
A,15,12,body+close,146,417.4849999999997,1.3916166666666656,0.5289491417222331,0.5068493150684932,3,703.2020000000014,0.4191449320540774,-0.1254337555465473,0.6636363636363637
A,10,12,close>=0.85,109,370.50099999999816,1.2350033333333272,0.44641860188870175,0.5688073394495413,3,600.7219999999995,0.31219877851228073,-0.14159304427598118,0.4954545454545455
A,6,15,prevRoom>=0,198,352.2669999999996,1.174223333333332,0.4104791265823495,0.6414141414141414,3,362.11099999999965,0.2783900000000002,-0.14453034490855576,0.9
A,6,15,prevRoom+trend,198,352.2669999999996,1.174223333333332,0.4104791265823495,0.6414141414141414,3,362.11099999999965,0.2783900000000002,-0.14453034490855576,0.9
A,20,8,close>=0.85,109,529.4779999999998,1.764926666666666,0.7356674115466415,0.4954128440366973,3,1753.8430000000037,0.49882037442504085,-0.14601590386756585,0.4954545454545455
A,6,15,time<=13,203,353.33400000000006,1.1777800000000003,0.43549910694411986,0.6354679802955665,3,336.9689999999996,0.27816666666666606,-0.17375355161595568,0.9227272727272727
A,6,15,early+trend,203,353.33400000000006,1.1777800000000003,0.43549910694411986,0.6354679802955665,3,336.9689999999996,0.27816666666666606,-0.17375355161595568,0.9227272727272727
A,12,20,LONG,115,304.4050000000004,1.0146833333333347,0.2647719651678337,0.5217391304347826,2,301.40099999999984,0.30350195524793677,-0.18036771617081301,0.5227272727272727
A,15,12,time<=13,203,415.3919999999996,1.3846399999999988,0.6329470277599751,0.5024630541871922,4,844.7910000000004,0.3388690779419253,-0.180434281461809,0.9227272727272727
A,15,12,early+trend,203,415.3919999999996,1.3846399999999988,0.6329470277599751,0.5024630541871922,4,844.7910000000004,0.3388690779419253,-0.180434281461809,0.9227272727272727
A,15,15,body>=0.60,151,335.4990000000005,1.1183300000000016,0.42599423086016935,0.4966887417218543,3,382.67700000000104,0.23487102374298816,-0.20574997053356014,0.6863636363636364
A,15,15,prevDist>=0.50,166,374.97799999999984,1.2499266666666662,0.5201975430519943,0.5240963855421686,3,522.9060000000006,0.2754076523269784,-0.22124122643016797,0.7545454545454545
A,12,15,close>=0.70,155,391.1760000000006,1.303920000000002,0.5069294001540539,0.535483870967742,2,580.014000000001,0.3353241614397907,-0.24190664889365268,0.7045454545454546
A,12,15,trend+close,155,391.1760000000006,1.303920000000002,0.5069294001540539,0.535483870967742,2,580.014000000001,0.3353241614397907,-0.24190664889365268,0.7045454545454546
A,12,15,TPspread+close,155,391.1760000000006,1.303920000000002,0.5069294001540539,0.535483870967742,2,580.014000000001,0.3353241614397907,-0.24190664889365268,0.7045454545454546
A,15,20,LONG,115,314.28200000000015,1.0476066666666672,0.33364897167338436,0.5130434782608696,2,316.83299999999986,0.29699447876765034,-0.24288670082339628,0.5227272727272727
A,15,10,close>=0.85,109,413.746999999998,1.3791566666666601,0.6193861284483051,0.5137614678899083,3,616.5060000000005,0.4013753913308486,-0.24757437890662803,0.4954545454545455
A,15,15,Mon-Wed,127,333.1440000000007,1.1104800000000024,0.44896871844367675,0.5196850393700787,3,416.0990000000004,0.34757368410704087,-0.25114995419591557,0.5772727272727273
A,15,15,ALL,220,336.9140000000002,1.1230466666666674,0.5334295212967235,0.5136363636363637,4,527.8030000000008,0.34462368251768966,-0.26564069685658437,1.0
A,15,15,trend>=2,220,336.9140000000002,1.1230466666666674,0.5334295212967235,0.5136363636363637,4,527.8030000000008,0.34462368251768966,-0.26564069685658437,1.0
A,15,15,mom>=0,220,336.9140000000002,1.1230466666666674,0.5334295212967235,0.5136363636363637,4,527.8030000000008,0.34462368251768966,-0.26564069685658437,1.0
A,15,15,mom>=0.15,220,336.9140000000002,1.1230466666666674,0.5334295212967235,0.5136363636363637,4,527.8030000000008,0.34462368251768966,-0.26564069685658437,1.0
A,15,15,emaAligned,220,336.9140000000002,1.1230466666666674,0.5334295212967235,0.5136363636363637,4,527.8030000000008,0.34462368251768966,-0.26564069685658437,1.0
A,15,15,asiaRatio<=0.80,220,336.9140000000002,1.1230466666666674,0.5334295212967235,0.5136363636363637,4,527.8030000000008,0.34462368251768966,-0.26564069685658437,1.0
A,15,15,spread<=15%TP,220,336.9140000000002,1.1230466666666674,0.5334295212967235,0.5136363636363637,4,527.8030000000008,0.34462368251768966,-0.26564069685658437,1.0
A,15,15,trend+mom,220,336.9140000000002,1.1230466666666674,0.5334295212967235,0.5136363636363637,4,527.8030000000008,0.34462368251768966,-0.26564069685658437,1.0
A,15,15,compression+trend,220,336.9140000000002,1.1230466666666674,0.5334295212967235,0.5136363636363637,4,527.8030000000008,0.34462368251768966,-0.26564069685658437,1.0
A,4,15,close>=0.70,155,335.7669999999998,1.1192233333333328,0.3489789156626502,0.7096774193548387,1,365.99199999999973,0.21072666666666615,-0.26583601747788976,0.7045454545454546
A,4,15,trend+close,155,335.7669999999998,1.1192233333333328,0.3489789156626502,0.7096774193548387,1,365.99199999999973,0.21072666666666615,-0.26583601747788976,0.7045454545454546
A,4,20,TPspread+close,146,303.86299999999983,1.0128766666666662,0.3346993670886072,0.7123287671232876,2,344.19499999999994,0.19110877242822005,-0.2749568215844458,0.6636363636363637
A,5,15,close>=0.70,155,304.9010000000003,1.0163366666666676,0.4038636483686748,0.6580645161290323,3,334.7070000000001,0.2524233333333321,-0.28116487905122844,0.7045454545454546
A,5,15,trend+close,155,304.9010000000003,1.0163366666666676,0.4038636483686748,0.6580645161290323,3,334.7070000000001,0.2524233333333321,-0.28116487905122844,0.7045454545454546
A,5,12,LONG,115,304.14599999999996,1.01382,0.4650533400751003,0.6347826086956522,4,224.26399999999944,0.46625649729500573,-0.28240533550494956,0.5227272727272727
A,12,15,time<=13,203,379.055000000001,1.26351666666667,0.5819177573563534,0.5320197044334976,3,604.2110000000011,0.2944825941628903,-0.2884168815097037,0.9227272727272727
A,12,15,early+trend,203,379.055000000001,1.26351666666667,0.5819177573563534,0.5320197044334976,3,604.2110000000011,0.2944825941628903,-0.2884168815097037,0.9227272727272727
A,6,15,time<=12,200,316.1780000000001,1.0539266666666671,0.4517858403140078,0.635,3,350.81299999999965,0.2981666666666661,-0.30664469061944877,0.9090909090909091
A,10,15,body+close,146,324.5250000000008,1.0817500000000027,0.48532063151739613,0.541095890410959,3,390.92300000000114,0.28708902527935515,-0.3166039182571244,0.6636363636363637
A,12,15,prevRoom>=0,198,376.1080000000002,1.253693333333334,0.5520684859571486,0.5353535353535354,2,565.7630000000004,0.35314968313739875,-0.33884200596331004,0.9
A,12,15,prevRoom+trend,198,376.1080000000002,1.253693333333334,0.5520684859571486,0.5353535353535354,2,565.7630000000004,0.35314968313739875,-0.33884200596331004,0.9
A,12,12,body+close,146,331.2900000000002,1.1043000000000007,0.5235443144617756,0.5068493150684932,3,376.48500000000126,0.5008039026728501,-0.3501564374511773,0.6636363636363637
A,15,15,spread<=10%TP,219,341.3300000000004,1.137766666666668,0.5551878439938865,0.5114155251141552,3,527.8030000000008,0.34462368251768966,-0.3598760442843706,0.9954545454545455
A,4,15,body+close,146,308.38199999999983,1.0279399999999994,0.3591746987951803,0.6986301369863014,1,367.40999999999985,0.18739333333333283,-0.3639827052311984,0.6636363636363637
A,12,15,prevDist>=0.50,166,337.347,1.12449,0.5559673734693122,0.5301204819277109,3,357.35000000000036,0.339066666666666,-0.37019785551361095,0.7545454545454545
A,15,15,spread<=0.5,197,344.12500000000045,1.1470833333333348,0.570387896460048,0.5076142131979695,3,521.2540000000008,0.284435969250938,-0.3703985861682758,0.8954545454545455
A,20,15,close>=0.70,155,316.2980000000009,1.0543266666666697,0.5099472746619487,0.5096774193548387,3,471.3820000000012,0.3804260941703917,-0.37947852523184566,0.7045454545454546
A,20,15,trend+close,155,316.2980000000009,1.0543266666666697,0.5099472746619487,0.5096774193548387,3,471.3820000000012,0.3804260941703917,-0.37947852523184566,0.7045454545454546
A,20,15,TPspread+close,155,316.2980000000009,1.0543266666666697,0.5099472746619487,0.5096774193548387,3,471.3820000000012,0.3804260941703917,-0.37947852523184566,0.7045454545454546
A,12,15,trend=3,212,328.2030000000009,1.094010000000003,0.5411291356073388,0.5235849056603774,3,495.96400000000085,0.2789761112975567,-0.38154431663068855,0.9636363636363636
A,4,15,lowSpread+close,152,311.7669999999998,1.0392233333333327,0.38512349397590323,0.7039473684210527,1,356.40999999999985,0.25072666666666615,-0.38637000705243413,0.6909090909090909
A,12,12,close>=0.70,155,353.35699999999997,1.1778566666666666,0.5427679087232818,0.5161290322580645,2,510.79200000000105,0.5080639926500315,-0.3890745456917484,0.7045454545454546
A,12,12,trend+close,155,353.35699999999997,1.1778566666666666,0.5427679087232818,0.5161290322580645,2,510.79200000000105,0.5080639926500315,-0.3890745456917484,0.7045454545454546
A,12,12,TPspread+close,155,353.35699999999997,1.1778566666666666,0.5427679087232818,0.5161290322580645,2,510.79200000000105,0.5080639926500315,-0.3890745456917484,0.7045454545454546
A,12,15,break<=0.25,216,330.30600000000027,1.101020000000001,0.5585195649403074,0.5185185185185185,3,397.80300000000057,0.29919018017580395,-0.39689948808528663,0.9818181818181818
A,4,12,TPspread+close,146,321.6549999999993,1.072183333333331,0.47456325301204905,0.6986301369863014,2,413.03799999999956,0.32449312485657483,-0.3983348905044036,0.6636363636363637
A,10,15,close>=0.70,155,345.0120000000006,1.1500400000000022,0.5373653883637066,0.5548387096774193,2,480.6930000000009,0.34960917643846523,-0.403364653481329,0.7045454545454546
A,10,15,trend+close,155,345.0120000000006,1.1500400000000022,0.5373653883637066,0.5548387096774193,2,480.6930000000009,0.34960917643846523,-0.403364653481329,0.7045454545454546
A,10,15,TPspread+close,155,345.0120000000006,1.1500400000000022,0.5373653883637066,0.5548387096774193,2,480.6930000000009,0.34960917643846523,-0.403364653481329,0.7045454545454546
A,5,15,body+close,146,300.3200000000004,1.0010666666666679,0.3609411764705863,0.6506849315068494,1,334.7070000000001,0.1566966666666652,-0.4037587183496856,0.6636363636363637
A,12,15,ALL,220,329.16000000000054,1.0972000000000017,0.5637105425873178,0.5181818181818182,3,309.3010000000006,0.3104890092386105,-0.40471341523168025,1.0
A,12,15,trend>=2,220,329.16000000000054,1.0972000000000017,0.5637105425873178,0.5181818181818182,3,309.3010000000006,0.3104890092386105,-0.40471341523168025,1.0
A,12,15,mom>=0,220,329.16000000000054,1.0972000000000017,0.5637105425873178,0.5181818181818182,3,309.3010000000006,0.3104890092386105,-0.40471341523168025,1.0
A,12,15,mom>=0.15,220,329.16000000000054,1.0972000000000017,0.5637105425873178,0.5181818181818182,3,309.3010000000006,0.3104890092386105,-0.40471341523168025,1.0
A,12,15,emaAligned,220,329.16000000000054,1.0972000000000017,0.5637105425873178,0.5181818181818182,3,309.3010000000006,0.3104890092386105,-0.40471341523168025,1.0
A,12,15,asiaRatio<=0.80,220,329.16000000000054,1.0972000000000017,0.5637105425873178,0.5181818181818182,3,309.3010000000006,0.3104890092386105,-0.40471341523168025,1.0
A,12,15,trend+mom,220,329.16000000000054,1.0972000000000017,0.5637105425873178,0.5181818181818182,3,309.3010000000006,0.3104890092386105,-0.40471341523168025,1.0
A,12,15,compression+trend,220,329.16000000000054,1.0972000000000017,0.5637105425873178,0.5181818181818182,3,309.3010000000006,0.3104890092386105,-0.40471341523168025,1.0
A,15,12,Mon-Wed,127,318.22200000000043,1.0607400000000013,0.5497541361808702,0.5039370078740157,3,378.9850000000006,0.436748698656189,-0.42312077163871775,0.5772727272727273
A,8,15,close>=0.70,155,322.4540000000004,1.074846666666668,0.5011962312549313,0.5741935483870968,2,446.8320000000001,0.23730256729285779,-0.424013859062498,0.7045454545454546
A,8,15,trend+close,155,322.4540000000004,1.074846666666668,0.5011962312549313,0.5741935483870968,2,446.8320000000001,0.23730256729285779,-0.424013859062498,0.7045454545454546
A,4,8,close>=0.85,109,304.2899999999993,1.0142999999999975,0.5165729543762368,0.6513761467889908,3,432.0,0.27956989247311825,-0.4259028352308073,0.4954545454545455
A,20,15,prevDist>=0.50,166,317.3479999999995,1.057826666666665,0.4869859328157413,0.5,2,337.63099999999963,0.4011395662564224,-0.425993586375336,0.7545454545454545
A,20,15,body+close,146,305.15800000000104,1.0171933333333367,0.5211499145156091,0.5,3,421.6170000000013,0.3185065270727888,-0.42911115176344183,0.6636363636363637
A,15,12,LONG,115,337.04299999999853,1.1234766666666618,0.5389874517638716,0.4956521739130435,2,462.44599999999764,0.5664897384006387,-0.4313551714161673,0.5227272727272727
A,5,12,body+close,146,300.5259999999996,1.001753333333332,0.4513352941176469,0.636986301369863,2,349.3359999999998,0.3163499149259453,-0.43496511449518516,0.6636363636363637
A,15,8,close>=0.85,109,399.5229999999981,1.331743333333327,0.7478177225443453,0.4954128440366973,3,1157.549000000002,0.49158538269373264,-0.4431453692307862,0.4954545454545455
A,15,12,prevDist>=0.25,204,338.2929999999992,1.1276433333333307,0.6239872844297119,0.4852941176470588,3,721.9000000000001,0.4415892933665886,-0.4543243611557721,0.9272727272727272
A,15,12,prevDist+trend,204,338.2929999999992,1.1276433333333307,0.6239872844297119,0.4852941176470588,3,721.9000000000001,0.4415892933665886,-0.4543243611557721,0.9272727272727272
A,4,12,close>=0.70,155,312.0729999999994,1.0402433333333314,0.49865963855421774,0.6967741935483871,2,413.03799999999956,0.365054196195676,-0.4578843198857582,0.7045454545454546
A,4,12,trend+close,155,312.0729999999994,1.0402433333333314,0.49865963855421774,0.6967741935483871,2,413.03799999999956,0.365054196195676,-0.4578843198857582,0.7045454545454546
A,12,15,spread<=0.5,197,305.1240000000007,1.0170800000000024,0.556430772157718,0.5126903553299492,3,327.8120000000008,0.2849006527078075,-0.47143940556978847,0.8954545454545455
A,12,15,prevDist>=0.25,204,311.64600000000064,1.038820000000002,0.5760578630040608,0.5147058823529411,3,417.5180000000005,0.3104890092386105,-0.47668614811735543,0.9272727272727272
A,12,15,prevDist+trend,204,311.64600000000064,1.038820000000002,0.5760578630040608,0.5147058823529411,3,417.5180000000005,0.3104890092386105,-0.47668614811735543,0.9272727272727272
A,15,12,lowSpread+close,152,344.6339999999991,1.148779999999997,0.6030613089327115,0.506578947368421,2,480.1380000000006,0.42385902907024003,-0.48952782362676084,0.6909090909090909
A,4,12,lowSpread+close,152,304.0729999999994,1.0135766666666648,0.5107078313253021,0.6907894736842105,2,342.9349999999997,0.3874524417064212,-0.4989138914921424,0.6909090909090909
A,20,12,LONG,115,313.01499999999805,1.043383333333327,0.5365837773729233,0.46956521739130436,2,332.32099999999855,0.5725989442406851,-0.5030310225620604,0.5227272727272727
A,8,15,TPspread+close,154,305.1410000000003,1.0171366666666677,0.5258607932123109,0.5714285714285714,2,401.7860000000003,0.24986353395771282,-0.5114386082346919,0.7
A,12,15,spread<=15%TP,219,305.16000000000054,1.0172000000000019,0.5954191615184202,0.5159817351598174,3,312.3010000000006,0.30766172114030355,-0.5200569144110416,0.9954545454545455
A,12,8,close>=0.85,109,347.76999999999884,1.1592333333333296,0.732069138840752,0.4954128440366973,3,770.3500000000022,0.4990491266255544,-0.5622781887084728,0.4954545454545455
A,12,10,close>=0.85,109,307.5809999999983,1.0252699999999944,0.6402176622081972,0.5137614678899083,3,422.7680000000007,0.42198427672955985,-0.5701400500809227,0.4954545454545455
A,15,8,body+close,146,358.14800000000037,1.193826666666668,0.757912547276228,0.4589041095890411,2,815.9800000000034,0.5868743915256778,-0.6445809920870187,0.6636363636363637
A,15,8,close>=0.70,155,357.75,1.1925,0.7735994072501299,0.47096774193548385,2,1027.770000000003,0.6058830082486111,-0.665691942273915,0.7045454545454546
A,15,8,trend+close,155,357.75,1.1925,0.7735994072501299,0.47096774193548385,2,1027.770000000003,0.6058830082486111,-0.665691942273915,0.7045454545454546
A,15,8,TPspread+close,155,357.75,1.1925,0.7735994072501299,0.47096774193548385,2,1027.770000000003,0.6058830082486111,-0.665691942273915,0.7045454545454546
A,10,8,close>=0.85,109,306.2099999999982,1.0206999999999942,0.7413179224861682,0.5137614678899083,3,817.7520000000004,0.50496857655893,-0.7009046571370615,0.4954545454545455
A,4,8,ALL,160,79.6160000000009,0.26538666666666966,0.7974848398518559,0.56875,1,145.87199999999984,0.6204266666666672,-1000000000.0,1.0
A,4,8,spread<=0.5,137,79.6160000000009,0.26538666666666966,0.7974848398518559,0.5474452554744526,1,129.87199999999984,0.6604266666666672,-1000000000.0,0.8954545454545455
A,4,8,spread<=0.75,152,77.90200000000073,0.25967333333333575,0.8018446542672241,0.5592105263157895,1,149.45799999999986,0.5818066666666671,-1000000000.0,0.9545454545454546
A,4,8,spread<=1.0,155,73.90200000000073,0.24634000000000242,0.8120192503357602,0.5548387096774193,1,145.87199999999984,0.6204266666666672,-1000000000.0,0.9681818181818181
A,4,8,spread<=1.25,158,73.90200000000073,0.24634000000000242,0.8120192503357602,0.5569620253164557,1,133.87199999999984,0.6604266666666672,-1000000000.0,0.9818181818181818
A,4,8,body>=0.40,135,79.50200000000109,0.2650066666666703,0.7818085012953914,0.5481481481481482,1,145.87199999999984,0.5804266666666672,-1000000000.0,0.8727272727272727
A,4,8,body>=0.60,151,156.5010000000011,0.5216700000000037,0.6727499999999969,0.5960264900662252,2,244.0,0.4533333333333333,-1000000000.0,0.6863636363636364
A,4,8,close>=0.70,155,224.44200000000046,0.7481400000000016,0.6729157303370773,0.6387096774193548,2,340.0,0.4666666666666667,-1000000000.0,0.7045454545454546
A,4,8,trend>=2,160,79.6160000000009,0.26538666666666966,0.7974848398518559,0.56875,1,145.87199999999984,0.6204266666666672,-1000000000.0,1.0
A,4,8,trend=3,212,116.41200000000072,0.3880400000000024,0.765569980060242,0.6037735849056604,2,157.45799999999986,0.5551400000000005,-1000000000.0,0.9636363636363636
A,4,8,mom>=0,160,79.6160000000009,0.26538666666666966,0.7974848398518559,0.56875,1,145.87199999999984,0.6204266666666672,-1000000000.0,1.0
A,4,8,mom>=0.15,160,79.6160000000009,0.26538666666666966,0.7974848398518559,0.56875,1,145.87199999999984,0.6204266666666672,-1000000000.0,1.0
A,4,8,emaAligned,160,79.6160000000009,0.26538666666666966,0.7974848398518559,0.56875,1,145.87199999999984,0.6204266666666672,-1000000000.0,1.0
A,4,8,prevRoom>=0,198,149.11200000000053,0.49704000000000176,0.6623749531524762,0.6111111111111112,1,235.7439999999997,0.4008533333333344,-1000000000.0,0.9
A,4,8,prevDist>=0.25,145,79.87300000000118,0.2662433333333373,0.786932037954387,0.5517241379310345,1,153.87199999999984,0.6470933333333339,-1000000000.0,0.9272727272727272
A,4,8,prevDist>=0.50,166,170.27200000000016,0.5675733333333338,0.7154013570605552,0.6265060240963856,2,157.87199999999984,0.6204266666666672,-1000000000.0,0.7545454545454545
A,4,8,break>=0.05,85,76.68000000000052,0.2556000000000017,0.7847349331297078,0.47058823529411764,0,155.17200000000003,0.5227599999999999,-1000000000.0,0.5181818181818182
A,4,8,break<=0.25,159,72.70400000000018,0.24234666666666727,0.8133056688270999,0.559748427672956,1,149.87199999999984,0.5937600000000005,-1000000000.0,0.9818181818181818
A,4,8,asiaRatio<=0.80,160,79.6160000000009,0.26538666666666966,0.7974848398518559,0.56875,1,145.87199999999984,0.6204266666666672,-1000000000.0,1.0
A,4,8,time<=12,200,140.30500000000075,0.46768333333333584,0.7108282641911933,0.61,1,157.45799999999986,0.5418066666666671,-1000000000.0,0.9090909090909091
A,4,8,time<=13,203,132.30500000000075,0.44101666666666917,0.745423357453799,0.6108374384236454,1,161.45799999999986,0.5418066666666671,-1000000000.0,0.9227272727272727
A,4,8,LONG,115,145.9779999999996,0.48659333333333205,0.6344043284950435,0.6,2,144.57199999999966,0.6585700000000009,-1000000000.0,0.5227272727272727
A,4,8,SHORT,105,159.37900000000081,0.5312633333333361,0.7036341541202458,0.6,2,259.172,0.4533333333333333,-1000000000.0,0.4772727272727273
A,4,8,Mon-Wed,127,136.32400000000098,0.4544133333333366,0.712080985157502,0.5984251968503937,2,157.45799999999986,0.5722500000000005,-1000000000.0,0.5772727272727273
A,4,8,Thu-Fri,93,151.19299999999953,0.5039766666666651,0.5549895242212712,0.6021505376344086,1,192.0,0.43902439024390244,-1000000000.0,0.42272727272727273
A,4,8,spread<=10%TP,167,103.6160000000009,0.3453866666666697,0.7669610516462477,0.5808383233532934,2,147.17200000000003,0.5494266666666666,-1000000000.0,0.759090909090909
A,4,8,spread<=15%TP,205,113.90200000000073,0.37967333333333575,0.791670058198688,0.6,2,153.45799999999986,0.588092592592593,-1000000000.0,0.9318181818181818
A,4,8,lowSpread+close,152,224.44200000000046,0.7481400000000016,0.6729157303370773,0.6381578947368421,2,340.0,0.4666666666666667,-1000000000.0,0.6909090909090909
A,4,8,body+close,146,200.99800000000073,0.6699933333333358,0.6713539325842676,0.6232876712328768,1,340.0,0.38666666666666666,-1000000000.0,0.6636363636363637
A,4,8,trend+mom,160,79.6160000000009,0.26538666666666966,0.7974848398518559,0.56875,1,145.87199999999984,0.6204266666666672,-1000000000.0,1.0
A,4,8,trend+close,155,224.44200000000046,0.7481400000000016,0.6729157303370773,0.6387096774193548,2,340.0,0.4666666666666667,-1000000000.0,0.7045454545454546
A,4,8,trend+lowSpread,155,73.90200000000073,0.24634000000000242,0.8120192503357602,0.5548387096774193,1,145.87199999999984,0.6204266666666672,-1000000000.0,0.9681818181818181
A,4,8,break+trend,85,76.68000000000052,0.2556000000000017,0.7847349331297078,0.47058823529411764,0,155.17200000000003,0.5227599999999999,-1000000000.0,0.5181818181818182
A,4,8,break+close,85,156.06600000000049,0.5202200000000016,0.6350999999999986,0.5764705882352941,1,292.0,0.29333333333333333,-1000000000.0,0.38636363636363635
A,4,8,prevRoom+trend,198,149.11200000000053,0.49704000000000176,0.6623749531524762,0.6111111111111112,1,235.7439999999997,0.4008533333333344,-1000000000.0,0.9
A,4,8,prevDist+trend,145,79.87300000000118,0.2662433333333373,0.786932037954387,0.5517241379310345,1,153.87199999999984,0.6470933333333339,-1000000000.0,0.9272727272727272
A,4,8,early+trend,203,132.30500000000075,0.44101666666666917,0.745423357453799,0.6108374384236454,1,161.45799999999986,0.5418066666666671,-1000000000.0,0.9227272727272727
A,4,8,lowSpread+body,131,75.50200000000109,0.25167333333333697,0.7927864137355617,0.5419847328244275,1,145.45799999999986,0.5818066666666671,-1000000000.0,0.85
A,4,8,compression+trend,160,79.6160000000009,0.26538666666666966,0.7974848398518559,0.56875,1,145.87199999999984,0.6204266666666672,-1000000000.0,1.0
A,4,8,TPspread+close,146,232.44200000000046,0.7748066666666682,0.6616797752808976,0.6438356164383562,2,464.0,0.3333333333333333,-1000000000.0,0.6636363636363637
A,4,10,ALL,160,95.90400000000045,0.3196800000000015,0.7577992216562398,0.6,1,141.92000000000007,0.6135999999999998,-1000000000.0,1.0
A,4,10,spread<=0.5,138,91.90400000000045,0.30634666666666815,0.767901022554795,0.5797101449275363,1,133.92000000000007,0.6402666666666664,-1000000000.0,0.8954545454545455
A,4,10,spread<=0.75,152,90.19000000000028,0.30063333333333425,0.7722296442398263,0.5921052631578947,1,149.92000000000007,0.5929923209816533,-1000000000.0,0.9545454545454546
A,4,10,spread<=1.0,153,95.90400000000045,0.3196800000000015,0.7577992216562398,0.5947712418300654,1,141.92000000000007,0.6135999999999998,-1000000000.0,0.9681818181818181
A,4,10,spread<=1.25,156,93.90400000000045,0.31301333333333486,0.7628501221055174,0.5961538461538461,1,137.92000000000007,0.6269333333333331,-1000000000.0,0.9818181818181818
A,4,10,body>=0.40,135,99.59600000000069,0.33198666666666893,0.737110367928287,0.5777777777777777,1,96.33800000000019,0.6788733333333327,-1000000000.0,0.8727272727272727
A,4,10,body>=0.60,129,98.50600000000031,0.3283533333333344,0.7169367816091945,0.5813953488372093,0,210.04800000000023,0.4584466666666655,-1000000000.0,0.6863636363636364
A,4,10,close>=0.70,155,201.71000000000026,0.6723666666666676,0.6490574712643667,0.6645161290322581,1,297.6300000000001,0.43177999999999883,-1000000000.0,0.7045454545454546
A,4,10,close>=0.85,109,252.87799999999856,0.8429266666666618,0.5041756105896065,0.6697247706422018,3,299.16399999999976,0.2893081761006289,-1000000000.0,0.4954545454545455
A,4,10,trend>=2,160,95.90400000000045,0.3196800000000015,0.7577992216562398,0.6,1,141.92000000000007,0.6135999999999998,-1000000000.0,1.0
A,4,10,trend=3,169,98.19000000000028,0.3273000000000009,0.7442762306332016,0.6035502958579881,1,155.92000000000007,0.5732856870717915,-1000000000.0,0.9636363636363636
A,4,10,mom>=0,160,95.90400000000045,0.3196800000000015,0.7577992216562398,0.6,1,141.92000000000007,0.6135999999999998,-1000000000.0,1.0
A,4,10,mom>=0.15,160,95.90400000000045,0.3196800000000015,0.7577992216562398,0.6,1,141.92000000000007,0.6135999999999998,-1000000000.0,1.0
A,4,10,emaAligned,160,95.90400000000045,0.3196800000000015,0.7577992216562398,0.6,1,141.92000000000007,0.6135999999999998,-1000000000.0,1.0
A,4,10,prevRoom>=0,198,130.1550000000002,0.4338500000000007,0.702735980686562,0.6313131313131313,2,169.92000000000007,0.49887333333333267,-1000000000.0,0.9
A,4,10,prevDist>=0.25,147,94.77300000000037,0.31591000000000125,0.7455348512512073,0.5850340136054422,1,157.92000000000007,0.6255399999999993,-1000000000.0,0.9272727272727272
A,4,10,prevDist>=0.50,166,188.12099999999987,0.6270699999999996,0.6583862989272667,0.6566265060240963,2,185.92000000000007,0.532206666666666,-1000000000.0,0.7545454545454545
A,4,10,break>=0.05,91,94.43100000000118,0.31477000000000394,0.7212467750219893,0.5164835164835165,0,173.22000000000025,0.4678733333333321,-1000000000.0,0.5181818181818182
A,4,10,break<=0.25,159,91.40899999999988,0.3046966666666663,0.7675183372839458,0.5911949685534591,1,133.92000000000007,0.6402666666666664,-1000000000.0,0.9818181818181818
A,4,10,asiaRatio<=0.80,160,95.90400000000045,0.3196800000000015,0.7577992216562398,0.6,1,141.92000000000007,0.6135999999999998,-1000000000.0,1.0
A,4,10,time<=12,200,144.04400000000055,0.4801466666666685,0.7084111848030331,0.64,2,175.92000000000007,0.532206666666666,-1000000000.0,0.9090909090909091
A,4,10,time<=13,203,142.04400000000055,0.47348000000000184,0.7245415612591356,0.6403940886699507,2,187.92000000000007,0.5055399999999993,-1000000000.0,0.9227272727272727
A,4,10,LONG,115,169.13800000000015,0.5637933333333338,0.5981435668256092,0.6347826086956522,2,168.15399999999954,0.5893487179487191,-1000000000.0,0.5227272727272727
A,4,10,SHORT,105,151.43499999999995,0.5047833333333331,0.710313873825623,0.6190476190476191,2,194.05200000000036,0.4784466666666655,-1000000000.0,0.4772727272727273
A,4,10,Mon-Wed,127,161.19800000000077,0.5373266666666693,0.6617191313528035,0.6299212598425197,2,173.92000000000007,0.577179487179487,-1000000000.0,0.5772727272727273
A,4,10,Thu-Fri,93,164.28499999999963,0.5476166666666654,0.5166008703808156,0.6236559139784946,1,172.0,0.46153846153846156,-1000000000.0,0.42272727272727273
A,4,10,spread<=10%TP,167,123.90400000000045,0.41301333333333484,0.7325447194098519,0.6167664670658682,2,170.05200000000036,0.49315999999999877,-1000000000.0,0.759090909090909
A,4,10,spread<=15%TP,161,92.19000000000028,0.30730000000000096,0.7671787437905487,0.5962732919254659,1,151.92000000000007,0.6166422095437581,-1000000000.0,0.9318181818181818
A,4,10,lowSpread+close,152,203.71000000000026,0.6790333333333343,0.6433103448275851,0.6644736842105263,1,297.6300000000001,0.4326612661665541,-1000000000.0,0.6909090909090909
A,4,10,body+close,146,184.8290000000004,0.6160966666666681,0.6630833333333318,0.6506849315068494,1,281.6300000000001,0.4184466666666655,-1000000000.0,0.6636363636363637
A,4,10,trend+mom,160,95.90400000000045,0.3196800000000015,0.7577992216562398,0.6,1,141.92000000000007,0.6135999999999998,-1000000000.0,1.0
A,4,10,trend+close,155,201.71000000000026,0.6723666666666676,0.6490574712643667,0.6645161290322581,1,297.6300000000001,0.43177999999999883,-1000000000.0,0.7045454545454546
A,4,10,trend+lowSpread,153,95.90400000000045,0.3196800000000015,0.7577992216562398,0.5947712418300654,1,141.92000000000007,0.6135999999999998,-1000000000.0,0.9681818181818181
A,4,10,break+trend,91,94.43100000000118,0.31477000000000394,0.7212467750219893,0.5164835164835165,0,173.22000000000025,0.4678733333333321,-1000000000.0,0.5181818181818182
A,4,10,break+close,85,185.43500000000085,0.6181166666666695,0.5361517857142828,0.6,1,265.6300000000001,0.31284737707427757,-1000000000.0,0.38636363636363635
A,4,10,prevRoom+trend,198,130.1550000000002,0.4338500000000007,0.702735980686562,0.6313131313131313,2,169.92000000000007,0.49887333333333267,-1000000000.0,0.9
A,4,10,prevDist+trend,147,94.77300000000037,0.31591000000000125,0.7455348512512073,0.5850340136054422,1,157.92000000000007,0.6255399999999993,-1000000000.0,0.9272727272727272
A,4,10,early+trend,203,142.04400000000055,0.47348000000000184,0.7245415612591356,0.6403940886699507,2,187.92000000000007,0.5055399999999993,-1000000000.0,0.9227272727272727
A,4,10,lowSpread+body,131,97.59600000000069,0.3253200000000023,0.7423894882156823,0.5725190839694656,1,125.92000000000007,0.6455399999999993,-1000000000.0,0.85
A,4,10,compression+trend,160,95.90400000000045,0.3196800000000015,0.7577992216562398,0.6,1,141.92000000000007,0.6135999999999998,-1000000000.0,1.0
A,4,10,TPspread+close,146,209.71000000000026,0.6990333333333342,0.6203218390804587,0.6712328767123288,1,325.6300000000001,0.40682228646452895,-1000000000.0,0.6636363636363637
A,4,12,ALL,220,173.53999999999905,0.5784666666666635,0.6400942598582854,0.6590909090909091,2,203.67799999999943,0.5000215912105282,-1000000000.0,1.0
A,4,12,spread<=0.5,154,119.95799999999917,0.3998599999999973,0.6728233773176331,0.5974025974025974,1,179.67799999999943,0.5396800000000015,-1000000000.0,0.8954545454545455
A,4,12,spread<=0.75,210,173.53999999999905,0.5784666666666635,0.6400942598582854,0.6523809523809524,2,191.67799999999943,0.4996800000000015,-1000000000.0,0.9545454545454546
A,4,12,spread<=1.0,158,117.19899999999939,0.3906633333333313,0.6803483469068274,0.6075949367088608,1,179.67799999999943,0.5396800000000015,-1000000000.0,0.9681818181818181
A,4,12,spread<=1.25,216,165.53999999999905,0.5517999999999968,0.6619136714978505,0.6527777777777778,2,179.67799999999943,0.5396800000000015,-1000000000.0,0.9818181818181818
A,4,12,body>=0.40,136,117.60099999999989,0.3920033333333329,0.6689477921595349,0.6029411764705882,1,183.67799999999943,0.5263466666666682,-1000000000.0,0.8727272727272727
A,4,12,body>=0.60,118,118.81999999999971,0.3960666666666657,0.6421084337349406,0.5847457627118644,0,223.70299999999975,0.4595966666666671,-1000000000.0,0.6863636363636364
A,4,12,close>=0.85,109,291.22399999999857,0.9707466666666619,0.4051712305263897,0.7064220183486238,3,401.5679999999993,0.18875862068965546,-1000000000.0,0.4954545454545455
A,4,12,trend>=2,220,173.53999999999905,0.5784666666666635,0.6400942598582854,0.6590909090909091,2,203.67799999999943,0.5000215912105282,-1000000000.0,1.0
A,4,12,trend=3,212,190.58299999999917,0.6352766666666639,0.5845457637893655,0.660377358490566,2,231.67799999999943,0.3988222867371287,-1000000000.0,0.9636363636363636
A,4,12,mom>=0,220,173.53999999999905,0.5784666666666635,0.6400942598582854,0.6590909090909091,2,203.67799999999943,0.5000215912105282,-1000000000.0,1.0
A,4,12,mom>=0.15,220,173.53999999999905,0.5784666666666635,0.6400942598582854,0.6590909090909091,2,203.67799999999943,0.5000215912105282,-1000000000.0,1.0
A,4,12,emaAligned,220,173.53999999999905,0.5784666666666635,0.6400942598582854,0.6590909090909091,2,203.67799999999943,0.5000215912105282,-1000000000.0,1.0
A,4,12,prevRoom>=0,198,175.85299999999938,0.5861766666666646,0.5828527917044557,0.6565656565656566,2,198.86199999999963,0.45075696125318887,-1000000000.0,0.9
A,4,12,prevDist>=0.25,148,117.33899999999949,0.3911299999999983,0.6656627535901543,0.6148648648648649,1,211.67799999999943,0.4961937780300189,-1000000000.0,0.9272727272727272
A,4,12,prevDist>=0.50,166,213.47899999999845,0.7115966666666615,0.5175329673424209,0.6746987951807228,2,219.67799999999943,0.3796800000000015,-1000000000.0,0.7545454545454545
A,4,12,break>=0.05,85,118.61100000000033,0.3953700000000011,0.6557090111114979,0.5176470588235295,0,192.49599999999987,0.4302866666666667,-1000000000.0,0.5181818181818182
A,4,12,break<=0.25,216,171.68599999999878,0.5722866666666626,0.6433474418298676,0.6574074074074074,2,195.67799999999943,0.5246972603838316,-1000000000.0,0.9818181818181818
A,4,12,asiaRatio<=0.80,220,173.53999999999905,0.5784666666666635,0.6400942598582854,0.6590909090909091,2,203.67799999999943,0.5000215912105282,-1000000000.0,1.0
A,4,12,time<=12,200,218.3859999999995,0.7279533333333317,0.5187225863121219,0.67,2,235.91199999999935,0.3519342997892437,-1000000000.0,0.9090909090909091
A,4,12,time<=13,203,221.54199999999946,0.7384733333333315,0.5211295722751731,0.6699507389162561,2,250.65399999999931,0.3551260618248911,-1000000000.0,0.9227272727272727
A,4,12,LONG,115,257.93099999999936,0.8597699999999978,0.49161791423629125,0.6695652173913044,2,222.09799999999905,0.5092904761904785,-1000000000.0,0.5227272727272727
A,4,12,SHORT,105,188.41499999999928,0.6280499999999976,0.6095217586255736,0.6476190476190476,2,227.83799999999997,0.4273599999999995,-1000000000.0,0.4772727272727273
A,4,12,Mon-Wed,127,217.75,0.7258333333333333,0.5319408755237632,0.6614173228346457,2,199.70599999999968,0.5337339312018597,-1000000000.0,0.5772727272727273
A,4,12,Thu-Fri,93,198.7559999999994,0.662519999999998,0.41016990217753607,0.6559139784946236,1,283.9439999999995,0.26610638297872474,-1000000000.0,0.42272727272727273
A,4,12,spread<=10%TP,167,193.67199999999934,0.6455733333333311,0.5699612159958127,0.6407185628742516,2,207.80999999999972,0.42730000000000096,-1000000000.0,0.759090909090909
A,4,12,spread<=15%TP,205,173.53999999999905,0.5784666666666635,0.6400942598582854,0.6536585365853659,2,199.67799999999943,0.5000221374673489,-1000000000.0,0.9318181818181818
A,4,12,body+close,146,283.8249999999996,0.9460833333333319,0.4994066265060244,0.684931506849315,2,377.03799999999956,0.3493019419101557,-1000000000.0,0.6636363636363637
A,4,12,trend+mom,220,173.53999999999905,0.5784666666666635,0.6400942598582854,0.6590909090909091,2,203.67799999999943,0.5000215912105282,-1000000000.0,1.0
A,4,12,trend+lowSpread,158,117.19899999999939,0.3906633333333313,0.6803483469068274,0.6075949367088608,1,179.67799999999943,0.5396800000000015,-1000000000.0,0.9681818181818181
A,4,12,break+trend,85,118.61100000000033,0.3953700000000011,0.6557090111114979,0.5176470588235295,0,192.49599999999987,0.4302866666666667,-1000000000.0,0.5181818181818182
A,4,12,break+close,85,202.6969999999999,0.6756566666666664,0.5027314814814815,0.611764705882353,1,266.1969999999999,0.3062362545926799,-1000000000.0,0.38636363636363635
A,4,12,prevRoom+trend,198,175.85299999999938,0.5861766666666646,0.5828527917044557,0.6565656565656566,2,198.86199999999963,0.45075696125318887,-1000000000.0,0.9
A,4,12,prevDist+trend,148,117.33899999999949,0.3911299999999983,0.6656627535901543,0.6148648648648649,1,211.67799999999943,0.4961937780300189,-1000000000.0,0.9272727272727272
A,4,12,early+trend,203,221.54199999999946,0.7384733333333315,0.5211295722751731,0.6699507389162561,2,250.65399999999931,0.3551260618248911,-1000000000.0,0.9227272727272727
A,4,12,lowSpread+body,122,119.49800000000005,0.39832666666666683,0.6636076501686214,0.5901639344262295,1,118.09599999999955,0.6063466666666681,-1000000000.0,0.85
A,4,12,compression+trend,220,173.53999999999905,0.5784666666666635,0.6400942598582854,0.6590909090909091,2,203.67799999999943,0.5000215912105282,-1000000000.0,1.0
A,4,15,ALL,220,231.86599999999976,0.7728866666666658,0.5159880434362988,0.6863636363636364,2,248.86499999999955,0.3582533333333337,-1000000000.0,1.0
A,4,15,spread<=0.5,197,215.86599999999976,0.7195533333333325,0.5552577444670566,0.6700507614213198,2,232.86499999999955,0.40572333333333443,-1000000000.0,0.8954545454545455
A,4,15,spread<=0.75,210,229.86599999999976,0.7662199999999992,0.5215030635936975,0.680952380952381,2,246.86499999999955,0.36492000000000036,-1000000000.0,0.9545454545454546
A,4,15,spread<=1.0,155,147.5250000000001,0.4917500000000003,0.5931983256398802,0.6258064516129033,1,220.86499999999955,0.451586666666667,-1000000000.0,0.9681818181818181
A,4,15,spread<=1.25,216,215.86599999999976,0.7195533333333325,0.5601082046954882,0.6805555555555556,2,232.86499999999955,0.41158666666666704,-1000000000.0,0.9818181818181818
A,4,15,body>=0.40,192,210.86799999999994,0.7028933333333331,0.5657396493505751,0.6614583333333334,2,240.86499999999955,0.391586666666667,-1000000000.0,0.8727272727272727
A,4,15,body>=0.60,151,220.64199999999983,0.7354733333333328,0.5262018072289152,0.6556291390728477,1,259.8899999999999,0.34483666666666596,-1000000000.0,0.6863636363636364
A,4,15,trend>=2,220,231.86599999999976,0.7728866666666658,0.5159880434362988,0.6863636363636364,2,248.86499999999955,0.3582533333333337,-1000000000.0,1.0
A,4,15,trend=3,212,261.15099999999984,0.8705033333333329,0.4175346683735335,0.6886792452830188,2,277.86499999999955,0.2557233333333344,-1000000000.0,0.9636363636363636
A,4,15,mom>=0,220,231.86599999999976,0.7728866666666658,0.5159880434362988,0.6863636363636364,2,248.86499999999955,0.3582533333333337,-1000000000.0,1.0
A,4,15,mom>=0.15,220,231.86599999999976,0.7728866666666658,0.5159880434362988,0.6863636363636364,2,248.86499999999955,0.3582533333333337,-1000000000.0,1.0
A,4,15,emaAligned,220,231.86599999999976,0.7728866666666658,0.5159880434362988,0.6863636363636364,2,248.86499999999955,0.3582533333333337,-1000000000.0,1.0
A,4,15,prevRoom>=0,198,225.71699999999987,0.7523899999999996,0.4690815794051144,0.6868686868686869,1,253.05599999999959,0.29842000000000096,-1000000000.0,0.9
A,4,15,prevDist>=0.25,204,216.55699999999956,0.7218566666666653,0.5562168549688734,0.6764705882352942,1,239.86499999999955,0.40905666666666773,-1000000000.0,0.9272727272727272
A,4,15,prevDist>=0.50,166,283.6169999999995,0.9453899999999984,0.402894680118394,0.7048192771084337,3,262.56799999999953,0.31298999999999977,-1000000000.0,0.7545454545454545
A,4,15,break>=0.05,73,145.30700000000024,0.4843566666666675,0.5509589176560752,0.5205479452054794,0,250.2629999999997,0.2925566666666661,-1000000000.0,0.5181818181818182
A,4,15,break<=0.25,216,239.52199999999948,0.7984066666666649,0.4874054857092185,0.6851851851851852,2,255.86499999999955,0.3290566666666678,-1000000000.0,0.9818181818181818
A,4,15,asiaRatio<=0.80,220,231.86599999999976,0.7728866666666658,0.5159880434362988,0.6863636363636364,2,248.86499999999955,0.3582533333333337,-1000000000.0,1.0
A,4,15,time<=12,200,293.16499999999996,0.9772166666666665,0.3875717516089747,0.7,1,332.99599999999964,0.21639333333333297,-1000000000.0,0.9090909090909091
A,4,15,time<=13,203,296.3209999999999,0.9877366666666664,0.3759755319765749,0.6995073891625616,1,309.1519999999996,0.20305999999999963,-1000000000.0,0.9227272727272727
A,4,15,LONG,115,271.60400000000027,0.9053466666666675,0.32497933507807875,0.6956521739130435,2,269.9429999999993,0.3521862244897977,-1000000000.0,0.5227272727272727
A,4,15,SHORT,105,224.57599999999934,0.7485866666666645,0.5408328220135005,0.6761904761904762,2,261.0250000000001,0.35965666666666646,-1000000000.0,0.4772727272727273
A,4,15,Mon-Wed,127,226.0329999999999,0.753443333333333,0.47774713123817514,0.6771653543307087,1,239.7629999999997,0.4033668831168841,-1000000000.0,0.5772727272727273
A,4,15,Thu-Fri,93,286.0719999999999,0.9535733333333329,0.19711580996195696,0.6989247311827957,3,286.97199999999975,0.1481749174917497,-1000000000.0,0.42272727272727273
A,4,15,spread<=10%TP,167,244.99800000000005,0.8166600000000002,0.4698990199809176,0.6646706586826348,2,261.99699999999984,0.3025399999999998,-1000000000.0,0.759090909090909
A,4,15,spread<=15%TP,205,247.86599999999976,0.8262199999999992,0.4718678821771094,0.6829268292682927,2,264.86499999999955,0.30492000000000036,-1000000000.0,0.9318181818181818
A,4,15,trend+mom,220,231.86599999999976,0.7728866666666658,0.5159880434362988,0.6863636363636364,2,248.86499999999955,0.3582533333333337,-1000000000.0,1.0
A,4,15,trend+lowSpread,155,147.5250000000001,0.4917500000000003,0.5931983256398802,0.6258064516129033,1,220.86499999999955,0.451586666666667,-1000000000.0,0.9681818181818181
A,4,15,break+trend,73,145.30700000000024,0.4843566666666675,0.5509589176560752,0.5205479452054794,0,250.2629999999997,0.2925566666666661,-1000000000.0,0.5181818181818182
A,4,15,break+close,85,242.62599999999998,0.8087533333333332,0.39538580246913446,0.6352941176470588,1,294.9639999999997,0.17255666666666608,-1000000000.0,0.38636363636363635
A,4,15,prevRoom+trend,198,225.71699999999987,0.7523899999999996,0.4690815794051144,0.6868686868686869,1,253.05599999999959,0.29842000000000096,-1000000000.0,0.9
A,4,15,prevDist+trend,204,216.55699999999956,0.7218566666666653,0.5562168549688734,0.6764705882352942,1,239.86499999999955,0.40905666666666773,-1000000000.0,0.9272727272727272
A,4,15,early+trend,203,296.3209999999999,0.9877366666666664,0.3759755319765749,0.6995073891625616,1,309.1519999999996,0.20305999999999963,-1000000000.0,0.9227272727272727
A,4,15,lowSpread+body,131,146.49900000000048,0.4883300000000016,0.5829019969592912,0.6030534351145038,1,220.86499999999955,0.45825333333333373,-1000000000.0,0.85
A,4,15,compression+trend,220,231.86599999999976,0.7728866666666658,0.5159880434362988,0.6863636363636364,2,248.86499999999955,0.3582533333333337,-1000000000.0,1.0
A,4,20,ALL,131,180.10900000000015,0.6003633333333338,0.45965624934372934,0.6412213740458015,1,198.3380000000002,0.3624048451805366,-1000000000.0,1.0
A,4,20,spread<=0.5,109,196.8670000000002,0.6562233333333339,0.4093806908014144,0.6146788990825688,1,191.09600000000023,0.3630133333333326,-1000000000.0,0.8954545454545455
A,4,20,spread<=0.75,120,199.67300000000023,0.6655766666666675,0.4009624298353244,0.6333333333333333,1,197.90200000000027,0.3403266666666658,-1000000000.0,0.9545454545454546
A,4,20,spread<=1.0,113,180.10900000000015,0.6003633333333338,0.45965624934372934,0.6106194690265486,1,181.87800000000016,0.3937399999999995,-1000000000.0,0.9681818181818181
A,4,20,spread<=1.25,116,192.10900000000015,0.6403633333333338,0.4236551333091323,0.6206896551724138,1,193.87800000000016,0.3537399999999995,-1000000000.0,0.9818181818181818
A,4,20,body>=0.40,108,189.56700000000023,0.6318900000000007,0.42137618011275324,0.6018518518518519,1,198.3380000000002,0.3388733333333327,-1000000000.0,0.8727272727272727
A,4,20,body>=0.60,83,194.43000000000006,0.6481000000000002,0.3847151898734175,0.5662650602409639,1,196.73900000000026,0.3442033333333325,-1000000000.0,0.6863636363636364
A,4,20,close>=0.70,109,198.6400000000001,0.6621333333333337,0.3713924050632908,0.6513761467889908,1,315.001,0.2944646647501639,-1000000000.0,0.7045454545454546
A,4,20,close>=0.85,109,294.51799999999935,0.9817266666666645,0.23369411301146445,0.7247706422018348,3,329.56899999999973,0.1195102516641716,-1000000000.0,0.4954545454545455
A,4,20,trend>=2,131,180.10900000000015,0.6003633333333338,0.45965624934372934,0.6412213740458015,1,198.3380000000002,0.3624048451805366,-1000000000.0,1.0
A,4,20,trend=3,146,185.76300000000015,0.6192100000000005,0.4359246089705241,0.6575342465753424,1,199.75099999999975,0.3409123904550745,-1000000000.0,0.9636363636363636
A,4,20,mom>=0,131,180.10900000000015,0.6003633333333338,0.45965624934372934,0.6412213740458015,1,198.3380000000002,0.3624048451805366,-1000000000.0,1.0
A,4,20,mom>=0.15,131,180.10900000000015,0.6003633333333338,0.45965624934372934,0.6412213740458015,1,198.3380000000002,0.3624048451805366,-1000000000.0,1.0
A,4,20,emaAligned,131,180.10900000000015,0.6003633333333338,0.45965624934372934,0.6412213740458015,1,198.3380000000002,0.3624048451805366,-1000000000.0,1.0
A,4,20,prevRoom>=0,111,189.57000000000016,0.6319000000000006,0.4172868195608669,0.6216216216216216,1,197.87800000000016,0.3470924400802447,-1000000000.0,0.9
A,4,20,prevDist>=0.25,111,194.02300000000014,0.6467433333333338,0.4038865675310307,0.6216216216216216,1,186.3380000000002,0.40098112334121966,-1000000000.0,0.9272727272727272
A,4,20,prevDist>=0.50,166,261.3149999999996,0.8710499999999987,0.40577304645379536,0.7108433734939759,2,197.87800000000016,0.34040666666666614,-1000000000.0,0.7545454545454545
A,4,20,break>=0.05,53,198.20000000000005,0.6606666666666668,0.3849572076684857,0.4716981132075472,0,263.2009999999998,0.27460333333333364,-1000000000.0,0.5181818181818182
A,4,20,break<=0.25,128,188.37599999999998,0.6279199999999999,0.43327837880118897,0.640625,1,194.62800000000016,0.36618122134222564,-1000000000.0,0.9818181818181818
A,4,20,asiaRatio<=0.80,131,180.10900000000015,0.6003633333333338,0.45965624934372934,0.6412213740458015,1,198.3380000000002,0.3624048451805366,-1000000000.0,1.0
A,4,20,time<=12,122,199.36300000000028,0.6645433333333343,0.38718442901362576,0.639344262295082,1,298.10699999999974,0.2844703568788931,-1000000000.0,0.9090909090909091
A,4,20,time<=13,142,195.6600000000003,0.652200000000001,0.39856696268016634,0.6619718309859155,1,301.2629999999997,0.28076477177990794,-1000000000.0,0.9227272727272727
A,4,20,LONG,115,266.83400000000006,0.8894466666666668,0.29390867659602127,0.6956521739130435,2,251.59099999999944,0.30708529411764873,-1000000000.0,0.5227272727272727
A,4,20,SHORT,51,192.86599999999953,0.642886666666665,0.3963429902095813,0.5490196078431373,1,193.87800000000016,0.3537399999999995,-1000000000.0,0.4772727272727273
A,4,20,Mon-Wed,80,193.66400000000021,0.6455466666666674,0.40002726247568,0.6375,1,198.9090000000001,0.34591569303821385,-1000000000.0,0.5772727272727273
A,4,20,Thu-Fri,93,279.9159999999997,0.9330533333333324,0.17259556641647833,0.6989247311827957,3,304.4399999999998,0.1386063563775176,-1000000000.0,0.42272727272727273
A,4,20,spread<=10%TP,121,194.2610000000002,0.6475366666666673,0.41719893316692774,0.6115702479338843,1,271.28099999999995,0.2693799999999995,-1000000000.0,0.759090909090909
A,4,20,spread<=15%TP,137,189.32700000000023,0.6310900000000007,0.4320013920431528,0.6496350364963503,1,198.31600000000003,0.33894666666666656,-1000000000.0,0.9318181818181818
A,4,20,lowSpread+close,83,188.24000000000024,0.6274666666666675,0.4043037974683537,0.6024096385542169,1,303.001,0.3061743204999898,-1000000000.0,0.6909090909090909
A,4,20,body+close,104,193.09100000000035,0.6436366666666679,0.38895253164556853,0.6346153846153846,1,315.001,0.24661518694756673,-1000000000.0,0.6636363636363637
A,4,20,trend+mom,131,180.10900000000015,0.6003633333333338,0.45965624934372934,0.6412213740458015,1,198.3380000000002,0.3624048451805366,-1000000000.0,1.0
A,4,20,trend+close,109,198.6400000000001,0.6621333333333337,0.3713924050632908,0.6513761467889908,1,315.001,0.2944646647501639,-1000000000.0,0.7045454545454546
A,4,20,trend+lowSpread,113,180.10900000000015,0.6003633333333338,0.45965624934372934,0.6106194690265486,1,181.87800000000016,0.3937399999999995,-1000000000.0,0.9681818181818181
A,4,20,break+trend,53,198.20000000000005,0.6606666666666668,0.3849572076684857,0.4716981132075472,0,263.2009999999998,0.27460333333333364,-1000000000.0,0.5181818181818182
A,4,20,break+close,52,195.67300000000023,0.6522433333333341,0.372842948717948,0.5192307692307693,0,288.3029999999999,0.15605137755744541,-1000000000.0,0.38636363636363635
A,4,20,prevRoom+trend,111,189.57000000000016,0.6319000000000006,0.4172868195608669,0.6216216216216216,1,197.87800000000016,0.3470924400802447,-1000000000.0,0.9
A,4,20,prevDist+trend,111,194.02300000000014,0.6467433333333338,0.4038865675310307,0.6216216216216216,1,186.3380000000002,0.40098112334121966,-1000000000.0,0.9272727272727272
A,4,20,early+trend,142,195.6600000000003,0.652200000000001,0.39856696268016634,0.6619718309859155,1,301.2629999999997,0.28076477177990794,-1000000000.0,0.9227272727272727
A,4,20,lowSpread+body,96,189.56700000000023,0.6318900000000007,0.42137618011275324,0.5729166666666666,1,198.3380000000002,0.3388733333333327,-1000000000.0,0.85
A,4,20,compression+trend,131,180.10900000000015,0.6003633333333338,0.45965624934372934,0.6412213740458015,1,198.3380000000002,0.3624048451805366,-1000000000.0,1.0
A,5,8,ALL,162,74.0580000000009,0.246860000000003,0.8189773385576932,0.5246913580246914,1,157.87199999999984,0.6170933333333338,-1000000000.0,1.0
A,5,8,spread<=0.5,138,77.77200000000107,0.2592400000000036,0.8098990733520874,0.5144927536231884,1,153.87199999999984,0.6137600000000005,-1000000000.0,0.8954545454545455
A,5,8,spread<=0.75,210,129.0580000000009,0.4301933333333363,0.7896453023521832,0.5619047619047619,2,158.87199999999984,0.5870933333333338,-1000000000.0,0.9545454545454546
A,5,8,spread<=1.0,155,73.0580000000009,0.24352666666666967,0.8214216749081523,0.5161290322580645,1,157.87199999999984,0.6170933333333338,-1000000000.0,0.9681818181818181
A,5,8,spread<=1.25,158,75.0580000000009,0.2501933333333363,0.816533002207234,0.5189873417721519,1,158.87199999999984,0.6137600000000005,-1000000000.0,0.9818181818181818
A,5,8,body>=0.40,143,76.00900000000115,0.25336333333333716,0.8040348570397268,0.5034965034965035,1,150.45799999999986,0.5718066666666671,-1000000000.0,0.8727272727272727
A,5,8,body>=0.60,151,163.5310000000013,0.5451033333333377,0.6756163052646166,0.5695364238410596,2,286.0,0.37333333333333335,-1000000000.0,0.6863636363636364
A,5,8,close>=0.70,155,236.11800000000017,0.7870600000000005,0.678059459459459,0.6,3,363.0,0.41333333333333333,-1000000000.0,0.7045454545454546
A,5,8,close>=0.85,109,215.03099999999927,0.7167699999999976,0.6826238918482354,0.6055045871559633,2,429.0,0.29914529914529914,-1000000000.0,0.4954545454545455
A,5,8,trend>=2,162,74.0580000000009,0.246860000000003,0.8189773385576932,0.5246913580246914,1,157.87199999999984,0.6170933333333338,-1000000000.0,1.0
A,5,8,trend=3,212,125.02800000000116,0.41676000000000385,0.786736849327822,0.5660377358490566,2,163.45799999999986,0.5591540983606562,-1000000000.0,0.9636363636363636
A,5,8,mom>=0,162,74.0580000000009,0.246860000000003,0.8189773385576932,0.5246913580246914,1,157.87199999999984,0.6170933333333338,-1000000000.0,1.0
A,5,8,mom>=0.15,162,74.0580000000009,0.246860000000003,0.8189773385576932,0.5246913580246914,1,157.87199999999984,0.6170933333333338,-1000000000.0,1.0
A,5,8,emaAligned,162,74.0580000000009,0.246860000000003,0.8189773385576932,0.5246913580246914,1,157.87199999999984,0.6170933333333338,-1000000000.0,1.0
A,5,8,prevRoom>=0,198,180.4280000000008,0.6014266666666693,0.688772488439948,0.5808080808080808,3,270.7439999999997,0.45098039215686275,-1000000000.0,0.9
A,5,8,prevDist>=0.25,127,75.6960000000015,0.25232000000000504,0.8048418284476718,0.5039370078740157,1,170.87199999999984,0.6270933333333338,-1000000000.0,0.9272727272727272
A,5,8,prevDist>=0.50,166,170.5830000000003,0.5686100000000011,0.7439305376493954,0.5783132530120482,2,171.87199999999984,0.5770933333333339,-1000000000.0,0.7545454545454545
A,5,8,break>=0.05,77,79.7430000000013,0.2658100000000043,0.7707678155632813,0.42857142857142855,0,221.17200000000003,0.4227599999999999,-1000000000.0,0.5181818181818182
A,5,8,break<=0.25,159,79.51800000000026,0.26506000000000085,0.8051401937864816,0.5220125786163522,1,157.87199999999984,0.5670933333333339,-1000000000.0,0.9818181818181818
A,5,8,asiaRatio<=0.80,162,74.0580000000009,0.246860000000003,0.8189773385576932,0.5246913580246914,1,157.87199999999984,0.6170933333333338,-1000000000.0,1.0
A,5,8,time<=12,200,148.52000000000135,0.49506666666667115,0.7377729720330983,0.57,2,220.45799999999986,0.5084733333333338,-1000000000.0,0.9090909090909091
A,5,8,time<=13,203,150.52000000000135,0.5017333333333378,0.745923418405878,0.5714285714285714,2,220.45799999999986,0.5351400000000005,-1000000000.0,0.9227272727272727
A,5,8,LONG,115,205.3900000000001,0.6846333333333336,0.6178763360119035,0.5739130434782609,4,153.57199999999966,0.6299690721649494,-1000000000.0,0.5227272727272727
A,5,8,SHORT,105,146.3090000000011,0.48769666666667033,0.7779658152919706,0.5523809523809524,3,230.17200000000003,0.5166666666666667,-1000000000.0,0.4772727272727273
A,5,8,Mon-Wed,127,144.9360000000006,0.483120000000002,0.7241206893857699,0.5669291338582677,2,243.7439999999997,0.47382857142857243,-1000000000.0,0.5772727272727273
A,5,8,Thu-Fri,93,179.93700000000013,0.5997900000000004,0.5866473172139909,0.5591397849462365,2,193.0,0.45666666666666667,-1000000000.0,0.42272727272727273
A,5,8,spread<=10%TP,138,77.77200000000107,0.2592400000000036,0.8098990733520874,0.5144927536231884,1,153.87199999999984,0.6137600000000005,-1000000000.0,0.8954545454545455
A,5,8,spread<=15%TP,210,129.0580000000009,0.4301933333333363,0.7896453023521832,0.5619047619047619,2,158.87199999999984,0.5870933333333338,-1000000000.0,0.9545454545454546
A,5,8,lowSpread+close,152,237.11800000000017,0.7903933333333338,0.6834648648648645,0.5986842105263158,3,363.0,0.43,-1000000000.0,0.6909090909090909
A,5,8,body+close,146,190.45800000000054,0.6348600000000018,0.6879513513513499,0.589041095890411,2,439.0,0.3565217391304348,-1000000000.0,0.6636363636363637
A,5,8,trend+mom,162,74.0580000000009,0.246860000000003,0.8189773385576932,0.5246913580246914,1,157.87199999999984,0.6170933333333338,-1000000000.0,1.0
A,5,8,trend+close,155,236.11800000000017,0.7870600000000005,0.678059459459459,0.6,3,363.0,0.41333333333333333,-1000000000.0,0.7045454545454546
A,5,8,trend+lowSpread,155,73.0580000000009,0.24352666666666967,0.8214216749081523,0.5161290322580645,1,157.87199999999984,0.6170933333333338,-1000000000.0,0.9681818181818181
A,5,8,break+trend,77,79.7430000000013,0.2658100000000043,0.7707678155632813,0.42857142857142855,0,221.17200000000003,0.4227599999999999,-1000000000.0,0.5181818181818182
A,5,8,break+close,85,157.08500000000072,0.5236166666666691,0.6340428571428551,0.5411764705882353,1,369.0,0.17066666666666666,-1000000000.0,0.38636363636363635
A,5,8,prevRoom+trend,198,180.4280000000008,0.6014266666666693,0.688772488439948,0.5808080808080808,3,270.7439999999997,0.45098039215686275,-1000000000.0,0.9
A,5,8,prevDist+trend,127,75.6960000000015,0.25232000000000504,0.8048418284476718,0.5039370078740157,1,170.87199999999984,0.6270933333333338,-1000000000.0,0.9272727272727272
A,5,8,early+trend,203,150.52000000000135,0.5017333333333378,0.745923418405878,0.5714285714285714,2,220.45799999999986,0.5351400000000005,-1000000000.0,0.9227272727272727
A,5,8,lowSpread+body,138,77.00900000000115,0.2566966666666705,0.8014566736277589,0.5,1,150.45799999999986,0.5984733333333339,-1000000000.0,0.85
A,5,8,compression+trend,162,74.0580000000009,0.246860000000003,0.8189773385576932,0.5246913580246914,1,157.87199999999984,0.6170933333333338,-1000000000.0,1.0
A,5,8,TPspread+close,150,237.11800000000017,0.7903933333333338,0.6753567567567563,0.6,3,364.0,0.4266666666666667,-1000000000.0,0.6818181818181818
A,5,10,ALL,138,99.19500000000062,0.33065000000000205,0.7541751441691706,0.5507246376811594,1,96.33800000000019,0.6788733333333327,-1000000000.0,1.0
A,5,10,spread<=0.5,137,99.78100000000063,0.3326033333333354,0.7527229201103283,0.5474452554744526,1,99.92000000000007,0.666933333333333,-1000000000.0,0.8954545454545455
A,5,10,spread<=0.75,149,99.78100000000063,0.3326033333333354,0.7527229201103283,0.5570469798657718,1,99.92000000000007,0.666933333333333,-1000000000.0,0.9545454545454546
A,5,10,spread<=1.0,131,94.19500000000062,0.3139833333333354,0.7665661344323305,0.5419847328244275,1,96.33800000000019,0.6788733333333327,-1000000000.0,0.9681818181818181
A,5,10,spread<=1.25,134,94.19500000000062,0.3139833333333354,0.7665661344323305,0.5447761194029851,1,96.33800000000019,0.6788733333333327,-1000000000.0,0.9818181818181818
A,5,10,body>=0.40,136,97.78600000000097,0.32595333333333654,0.7449511086303877,0.5367647058823529,1,96.33800000000019,0.6788733333333327,-1000000000.0,0.8727272727272727
A,5,10,body>=0.60,151,167.7180000000003,0.559060000000001,0.6917084660243469,0.5894039735099338,2,221.04800000000023,0.4584466666666655,-1000000000.0,0.6863636363636364
A,5,10,close>=0.70,155,198.20000000000027,0.6606666666666676,0.6826296071704473,0.6193548387096774,2,204.6300000000001,0.5251133333333322,-1000000000.0,0.7045454545454546
A,5,10,close>=0.85,109,194.84699999999884,0.6494899999999961,0.6407363042875655,0.6238532110091743,2,287.16399999999976,0.36666666666666664,-1000000000.0,0.4954545454545455
A,5,10,trend>=2,138,99.19500000000062,0.33065000000000205,0.7541751441691706,0.5507246376811594,1,96.33800000000019,0.6788733333333327,-1000000000.0,1.0
A,5,10,trend=3,155,98.0380000000007,0.32679333333333566,0.7534739160828599,0.5548387096774193,1,144.92000000000007,0.6335999999999997,-1000000000.0,0.9636363636363636
A,5,10,mom>=0,138,99.19500000000062,0.33065000000000205,0.7541751441691706,0.5507246376811594,1,96.33800000000019,0.6788733333333327,-1000000000.0,1.0
A,5,10,mom>=0.15,138,99.19500000000062,0.33065000000000205,0.7541751441691706,0.5507246376811594,1,96.33800000000019,0.6788733333333327,-1000000000.0,1.0
A,5,10,emaAligned,138,99.19500000000062,0.33065000000000205,0.7541751441691706,0.5507246376811594,1,96.33800000000019,0.6788733333333327,-1000000000.0,1.0
A,5,10,prevRoom>=0,198,152.07700000000045,0.5069233333333348,0.6961466484971304,0.601010101010101,3,179.92000000000007,0.5288733333333326,-1000000000.0,0.9
A,5,10,prevDist>=0.25,123,99.3110000000006,0.3310366666666687,0.7344554667237079,0.5365853658536586,1,91.33800000000019,0.6955399999999994,-1000000000.0,0.9272727272727272
A,5,10,prevDist>=0.50,166,153.42100000000005,0.5114033333333335,0.7466690186109671,0.6024096385542169,2,149.92000000000007,0.662206666666666,-1000000000.0,0.7545454545454545
A,5,10,break>=0.05,85,99.98100000000159,0.3332700000000053,0.7121291518864848,0.47058823529411764,0,181.63400000000024,0.4445533333333325,-1000000000.0,0.5181818181818182
A,5,10,break<=0.25,140,96.41400000000021,0.3213800000000007,0.7594088905968485,0.55,1,96.33800000000019,0.6788733333333327,-1000000000.0,0.9818181818181818
A,5,10,asiaRatio<=0.80,138,99.19500000000062,0.33065000000000205,0.7541751441691706,0.5507246376811594,1,96.33800000000019,0.6788733333333327,-1000000000.0,1.0
A,5,10,time<=12,200,145.1680000000008,0.483893333333336,0.7146436995172917,0.595,2,169.92000000000007,0.5622066666666661,-1000000000.0,0.9090909090909091
A,5,10,time<=13,203,145.1680000000008,0.483893333333336,0.728029899416092,0.5960591133004927,2,164.92000000000007,0.5955399999999994,-1000000000.0,0.9227272727272727
A,5,10,LONG,115,175.10600000000022,0.5836866666666674,0.6107405193853745,0.6,2,151.8679999999997,0.5609968253968259,-1000000000.0,0.5227272727272727
A,5,10,SHORT,59,95.12900000000013,0.3170966666666671,0.7457388831423611,0.4576271186440678,1,193.05200000000036,0.49177999999999883,-1000000000.0,0.4772727272727273
A,5,10,Mon-Wed,127,170.65600000000063,0.5688533333333354,0.6746553918502043,0.5984251968503937,2,194.92000000000007,0.5399365079365077,-1000000000.0,0.5772727272727273
A,5,10,Thu-Fri,93,148.34300000000007,0.4944766666666669,0.5767060303510845,0.5698924731182796,2,170.0,0.45,-1000000000.0,0.42272727272727273
A,5,10,spread<=10%TP,137,99.78100000000063,0.3326033333333354,0.7527229201103283,0.5474452554744526,1,99.92000000000007,0.666933333333333,-1000000000.0,0.8954545454545455
A,5,10,spread<=15%TP,149,99.78100000000063,0.3326033333333354,0.7527229201103283,0.5570469798657718,1,99.92000000000007,0.666933333333333,-1000000000.0,0.9545454545454546
A,5,10,lowSpread+close,152,198.20000000000027,0.6606666666666676,0.6826296071704473,0.618421052631579,2,204.6300000000001,0.5251133333333322,-1000000000.0,0.6909090909090909
A,5,10,body+close,146,187.24600000000055,0.6241533333333351,0.670377777777776,0.6095890410958904,2,279.6300000000001,0.4251133333333322,-1000000000.0,0.6636363636363637
A,5,10,trend+mom,138,99.19500000000062,0.33065000000000205,0.7541751441691706,0.5507246376811594,1,96.33800000000019,0.6788733333333327,-1000000000.0,1.0
A,5,10,trend+close,155,198.20000000000027,0.6606666666666676,0.6826296071704473,0.6193548387096774,2,204.6300000000001,0.5251133333333322,-1000000000.0,0.7045454545454546
A,5,10,trend+lowSpread,131,94.19500000000062,0.3139833333333354,0.7665661344323305,0.5419847328244275,1,96.33800000000019,0.6788733333333327,-1000000000.0,0.9681818181818181
A,5,10,break+trend,85,99.98100000000159,0.3332700000000053,0.7121291518864848,0.47058823529411764,0,181.63400000000024,0.4445533333333325,-1000000000.0,0.5181818181818182
A,5,10,break+close,85,167.08600000000115,0.5569533333333372,0.6026200497499572,0.5529411764705883,1,279.6300000000001,0.2584466666666655,-1000000000.0,0.38636363636363635
A,5,10,prevRoom+trend,198,152.07700000000045,0.5069233333333348,0.6961466484971304,0.601010101010101,3,179.92000000000007,0.5288733333333326,-1000000000.0,0.9
A,5,10,prevDist+trend,123,99.3110000000006,0.3310366666666687,0.7344554667237079,0.5365853658536586,1,91.33800000000019,0.6955399999999994,-1000000000.0,0.9272727272727272
A,5,10,early+trend,203,145.1680000000008,0.483893333333336,0.728029899416092,0.5960591133004927,2,164.92000000000007,0.5955399999999994,-1000000000.0,0.9227272727272727
A,5,10,lowSpread+body,135,98.37200000000098,0.32790666666666995,0.7434226827786032,0.5333333333333333,1,96.33800000000019,0.6788733333333327,-1000000000.0,0.85
A,5,10,compression+trend,138,99.19500000000062,0.33065000000000205,0.7541751441691706,0.5507246376811594,1,96.33800000000019,0.6788733333333327,-1000000000.0,1.0
A,5,10,TPspread+close,150,203.20000000000027,0.6773333333333342,0.6687849059529443,0.62,2,279.6300000000001,0.47511333333333217,-1000000000.0,0.6818181818181818
A,5,12,ALL,162,116.81399999999962,0.3893799999999987,0.6904326533208263,0.5802469135802469,1,182.36699999999973,0.5454433333333342,-1000000000.0,1.0
A,5,12,spread<=0.5,138,115.37199999999984,0.3845733333333328,0.6942540798100425,0.5652173913043478,1,188.36699999999973,0.5254433333333343,-1000000000.0,0.8954545454545455
A,5,12,spread<=0.75,149,119.37199999999984,0.39790666666666613,0.6836537289384287,0.5771812080536913,1,182.36699999999973,0.5454433333333342,-1000000000.0,0.9545454545454546
A,5,12,spread<=1.0,125,115.75,0.3858333333333333,0.6932523466526745,0.56,1,117.36699999999973,0.6087766666666675,-1000000000.0,0.9681818181818181
A,5,12,spread<=1.25,155,115.37199999999984,0.3845733333333328,0.6942540798100425,0.5806451612903226,1,178.36699999999973,0.5587766666666676,-1000000000.0,0.9818181818181818
A,5,12,body>=0.40,155,117.49299999999971,0.39164333333333234,0.6726612692026961,0.5548387096774193,1,181.36699999999973,0.5154433333333343,-1000000000.0,0.8727272727272727
A,5,12,body>=0.60,151,205.99999999999955,0.6866666666666652,0.6088422036019314,0.6026490066225165,2,225.71600000000012,0.4820833333333318,-1000000000.0,0.6863636363636364
A,5,12,close>=0.70,155,283.5879999999995,0.9452933333333317,0.5208324774185229,0.6451612903225806,2,303.29999999999995,0.41268367742714873,-1000000000.0,0.7045454545454546
A,5,12,close>=0.85,109,281.01799999999866,0.9367266666666623,0.46308865681038974,0.6605504587155964,2,414.4339999999993,0.212218934911244,-1000000000.0,0.4954545454545455
A,5,12,trend>=2,162,116.81399999999962,0.3893799999999987,0.6904326533208263,0.5802469135802469,1,182.36699999999973,0.5454433333333342,-1000000000.0,1.0
A,5,12,trend=3,196,115.40799999999945,0.3846933333333315,0.686776025099608,0.5918367346938775,1,200.36699999999973,0.4854433333333342,-1000000000.0,0.9636363636363636
A,5,12,mom>=0,162,116.81399999999962,0.3893799999999987,0.6904326533208263,0.5802469135802469,1,182.36699999999973,0.5454433333333342,-1000000000.0,1.0
A,5,12,mom>=0.15,162,116.81399999999962,0.3893799999999987,0.6904326533208263,0.5802469135802469,1,182.36699999999973,0.5454433333333342,-1000000000.0,1.0
A,5,12,emaAligned,162,116.81399999999962,0.3893799999999987,0.6904326533208263,0.5802469135802469,1,182.36699999999973,0.5454433333333342,-1000000000.0,1.0
A,5,12,prevRoom>=0,198,202.03799999999956,0.6734599999999985,0.5531210798476512,0.6262626262626263,2,220.79499999999962,0.41262333333333423,-1000000000.0,0.9
A,5,12,prevDist>=0.25,148,112.2539999999999,0.3741799999999997,0.6816934157545517,0.5675675675675675,1,192.6909999999998,0.5463033333333336,-1000000000.0,0.9272727272727272
A,5,12,prevDist>=0.50,166,208.29699999999934,0.6943233333333312,0.5656930383957922,0.6204819277108434,3,200.6909999999998,0.4596366666666669,-1000000000.0,0.7545454545454545
A,5,12,break>=0.05,75,116.77200000000107,0.3892400000000036,0.654733181947202,0.4533333333333333,0,202.57600000000025,0.3933533333333321,-1000000000.0,0.5181818181818182
A,5,12,break<=0.25,180,114.96599999999921,0.3832199999999974,0.6938257006807091,0.5833333333333334,1,184.36699999999973,0.5387766666666676,-1000000000.0,0.9818181818181818
A,5,12,asiaRatio<=0.80,162,116.81399999999962,0.3893799999999987,0.6904326533208263,0.5802469135802469,1,182.36699999999973,0.5454433333333342,-1000000000.0,1.0
A,5,12,time<=12,200,174.9839999999997,0.583279999999999,0.6339280139408435,0.62,2,224.49799999999982,0.4050066666666673,-1000000000.0,0.9090909090909091
A,5,12,time<=13,203,180.13999999999965,0.6004666666666655,0.6258336975586501,0.6206896551724138,2,230.65399999999977,0.3921666666666662,-1000000000.0,0.9227272727272727
A,5,12,SHORT,59,111.29199999999969,0.3709733333333323,0.6815005179923654,0.4745762711864407,1,215.5139999999999,0.4393133333333329,-1000000000.0,0.4772727272727273
A,5,12,Mon-Wed,127,230.85599999999977,0.7695199999999992,0.531353135313532,0.6299212598425197,2,219.70599999999968,0.5168547747387632,-1000000000.0,0.5772727272727273
A,5,12,Thu-Fri,93,202.58699999999976,0.6752899999999992,0.4107966100684077,0.5913978494623656,2,208.37299999999982,0.3220900000000006,-1000000000.0,0.42272727272727273
A,5,12,spread<=10%TP,138,115.37199999999984,0.3845733333333328,0.6942540798100425,0.5652173913043478,1,188.36699999999973,0.5254433333333343,-1000000000.0,0.8954545454545455
A,5,12,spread<=15%TP,149,119.37199999999984,0.39790666666666613,0.6836537289384287,0.5771812080536913,1,182.36699999999973,0.5454433333333342,-1000000000.0,0.9545454545454546
A,5,12,lowSpread+close,152,253.5879999999995,0.8452933333333317,0.5648509534401916,0.6381578947368421,2,334.29999999999995,0.36420666666666496,-1000000000.0,0.6909090909090909
A,5,12,trend+mom,162,116.81399999999962,0.3893799999999987,0.6904326533208263,0.5802469135802469,1,182.36699999999973,0.5454433333333342,-1000000000.0,1.0
A,5,12,trend+close,155,283.5879999999995,0.9452933333333317,0.5208324774185229,0.6451612903225806,2,303.29999999999995,0.41268367742714873,-1000000000.0,0.7045454545454546
A,5,12,trend+lowSpread,125,115.75,0.3858333333333333,0.6932523466526745,0.56,1,117.36699999999973,0.6087766666666675,-1000000000.0,0.9681818181818181
A,5,12,break+trend,75,116.77200000000107,0.3892400000000036,0.654733181947202,0.4533333333333333,0,202.57600000000025,0.3933533333333321,-1000000000.0,0.5181818181818182
A,5,12,break+close,85,200.02700000000027,0.6667566666666676,0.5172582906589805,0.5647058823529412,1,274.85900000000015,0.24768333333333203,-1000000000.0,0.38636363636363635
A,5,12,prevRoom+trend,198,202.03799999999956,0.6734599999999985,0.5531210798476512,0.6262626262626263,2,220.79499999999962,0.41262333333333423,-1000000000.0,0.9
A,5,12,prevDist+trend,148,112.2539999999999,0.3741799999999997,0.6816934157545517,0.5675675675675675,1,192.6909999999998,0.5463033333333336,-1000000000.0,0.9272727272727272
A,5,12,early+trend,203,180.13999999999965,0.6004666666666655,0.6258336975586501,0.6206896551724138,2,230.65399999999977,0.3921666666666662,-1000000000.0,0.9227272727272727
A,5,12,lowSpread+body,135,117.29200000000014,0.39097333333333384,0.6732212607331712,0.5481481481481482,1,163.36699999999973,0.5754433333333342,-1000000000.0,0.85
A,5,12,compression+trend,162,116.81399999999962,0.3893799999999987,0.6904326533208263,0.5802469135802469,1,182.36699999999973,0.5454433333333342,-1000000000.0,1.0
A,5,12,TPspread+close,150,270.5879999999995,0.9019599999999983,0.5443089979634129,0.64,2,291.29999999999995,0.3975399999999983,-1000000000.0,0.6818181818181818
A,5,15,ALL,220,225.23800000000006,0.7507933333333335,0.5549563626662597,0.6409090909090909,2,241.9989999999998,0.3991799999999997,-1000000000.0,1.0
A,5,15,spread<=0.5,197,225.72500000000014,0.7524166666666671,0.5488585693052329,0.6294416243654822,2,242.48599999999988,0.39171333333333375,-1000000000.0,0.8954545454545455
A,5,15,spread<=0.75,210,215.23800000000006,0.7174600000000002,0.5821786544565609,0.6333333333333333,2,231.9989999999998,0.432513333333333,-1000000000.0,0.9545454545454546
A,5,15,spread<=1.0,130,149.82800000000043,0.4994266666666681,0.5921338465642739,0.5769230769230769,1,145.2460000000001,0.5158466666666663,-1000000000.0,0.9681818181818181
A,5,15,spread<=1.25,157,148.3290000000004,0.49443000000000137,0.5962144681036401,0.5923566878980892,1,221.9989999999998,0.46584666666666635,-1000000000.0,0.9818181818181818
A,5,15,body>=0.40,192,222.19400000000041,0.740646666666668,0.5325653935479485,0.6197916666666666,2,252.48599999999988,0.34755666666666607,-1000000000.0,0.8727272727272727
A,5,15,body>=0.60,151,240.32100000000014,0.8010700000000005,0.5185315471693751,0.6225165562913907,1,276.09900000000016,0.3241399999999984,-1000000000.0,0.6863636363636364
A,5,15,trend>=2,220,225.23800000000006,0.7507933333333335,0.5549563626662597,0.6409090909090909,2,241.9989999999998,0.3991799999999997,-1000000000.0,1.0
A,5,15,trend=3,212,260.7940000000003,0.8693133333333344,0.4475831746695565,0.6415094339622641,3,266.9989999999998,0.31005999999999934,-1000000000.0,0.9636363636363636
A,5,15,mom>=0,220,225.23800000000006,0.7507933333333335,0.5549563626662597,0.6409090909090909,2,241.9989999999998,0.3991799999999997,-1000000000.0,1.0
A,5,15,mom>=0.15,220,225.23800000000006,0.7507933333333335,0.5549563626662597,0.6409090909090909,2,241.9989999999998,0.3991799999999997,-1000000000.0,1.0
A,5,15,emaAligned,220,225.23800000000006,0.7507933333333335,0.5549563626662597,0.6409090909090909,2,241.9989999999998,0.3991799999999997,-1000000000.0,1.0
A,5,15,prevRoom>=0,198,259.0649999999998,0.8635499999999994,0.48118878582163066,0.6565656565656566,2,278.4739999999997,0.3346133333333334,-1000000000.0,0.9
A,5,15,prevDist>=0.25,148,145.80800000000045,0.48602666666666816,0.580601737329574,0.5878378378378378,0,238.32299999999987,0.4491799999999997,-1000000000.0,0.9272727272727272
A,5,15,prevDist>=0.50,166,274.76,0.9158666666666666,0.45413434288114485,0.6506024096385542,3,246.02599999999984,0.41136999999999946,-1000000000.0,0.7545454545454545
A,5,15,break>=0.05,64,141.6970000000008,0.472323333333336,0.5481312583710669,0.4375,0,261.539,0.28575666666666544,-1000000000.0,0.5181818181818182
A,5,15,break<=0.25,216,244.96399999999994,0.8165466666666664,0.4939314677202241,0.6388888888888888,2,246.9989999999998,0.37667000000000067,-1000000000.0,0.9818181818181818
A,5,15,asiaRatio<=0.80,220,225.23800000000006,0.7507933333333335,0.5549563626662597,0.6409090909090909,2,241.9989999999998,0.3991799999999997,-1000000000.0,1.0
A,5,15,time<=12,200,278.6170000000002,0.928723333333334,0.48713098754555906,0.65,2,303.1299999999999,0.32447999999999944,-1000000000.0,0.9090909090909091
A,5,15,time<=13,203,283.77300000000014,0.9459100000000005,0.4727361190282881,0.6502463054187192,2,313.28599999999983,0.3078133333333328,-1000000000.0,0.9227272727272727
A,5,15,LONG,115,283.23300000000063,0.9441100000000021,0.3112473442389615,0.6608695652173913,4,263.02199999999993,0.3077873988834463,-1000000000.0,0.5227272727272727
A,5,15,SHORT,58,138.21299999999928,0.4607099999999976,0.6044570238047561,0.5,0,250.95000000000005,0.38461333333333336,-1000000000.0,0.4772727272727273
A,5,15,Mon-Wed,127,248.98599999999988,0.8299533333333329,0.45711469914784164,0.6456692913385826,2,248.4989999999998,0.4080677419354845,-1000000000.0,0.5772727272727273
A,5,15,Thu-Fri,93,256.8420000000003,0.8561400000000011,0.31627498011533084,0.6344086021505376,2,272.3699999999999,0.21470333333333352,-1000000000.0,0.42272727272727273
A,5,15,spread<=10%TP,197,225.72500000000014,0.7524166666666671,0.5488585693052329,0.6294416243654822,2,242.48599999999988,0.39171333333333375,-1000000000.0,0.8954545454545455
A,5,15,spread<=15%TP,210,215.23800000000006,0.7174600000000002,0.5821786544565609,0.6333333333333333,2,231.9989999999998,0.432513333333333,-1000000000.0,0.9545454545454546
A,5,15,lowSpread+close,152,289.9010000000003,0.9663366666666676,0.44788212439034353,0.6513157894736842,3,321.0310000000002,0.3024233333333321,-1000000000.0,0.6909090909090909
A,5,15,trend+mom,220,225.23800000000006,0.7507933333333335,0.5549563626662597,0.6409090909090909,2,241.9989999999998,0.3991799999999997,-1000000000.0,1.0
A,5,15,trend+lowSpread,130,149.82800000000043,0.4994266666666681,0.5921338465642739,0.5769230769230769,1,145.2460000000001,0.5158466666666663,-1000000000.0,0.9681818181818181
A,5,15,break+trend,64,141.6970000000008,0.472323333333336,0.5481312583710669,0.4375,0,261.539,0.28575666666666544,-1000000000.0,0.5181818181818182
A,5,15,break+close,85,235.68200000000047,0.7856066666666682,0.4502530373508395,0.5882352941176471,1,297.24,0.18575666666666546,-1000000000.0,0.38636363636363635
A,5,15,prevRoom+trend,198,259.0649999999998,0.8635499999999994,0.48118878582163066,0.6565656565656566,2,278.4739999999997,0.3346133333333334,-1000000000.0,0.9
A,5,15,prevDist+trend,148,145.80800000000045,0.48602666666666816,0.580601737329574,0.5878378378378378,0,238.32299999999987,0.4491799999999997,-1000000000.0,0.9272727272727272
A,5,15,early+trend,203,283.77300000000014,0.9459100000000005,0.4727361190282881,0.6502463054187192,2,313.28599999999983,0.3078133333333328,-1000000000.0,0.9227272727272727
A,5,15,lowSpread+body,136,146.99900000000093,0.4899966666666698,0.5846711533788767,0.5661764705882353,1,227.48599999999988,0.43088999999999944,-1000000000.0,0.85
A,5,15,compression+trend,220,225.23800000000006,0.7507933333333335,0.5549563626662597,0.6409090909090909,2,241.9989999999998,0.3991799999999997,-1000000000.0,1.0
A,5,15,TPspread+close,150,299.9010000000003,0.999670000000001,0.418536473709231,0.6533333333333333,3,341.0310000000002,0.2690899999999988,-1000000000.0,0.6818181818181818
A,5,20,ALL,113,193.46700000000033,0.6448900000000011,0.4245016702709611,0.5752212389380531,1,184.43100000000027,0.38522999999999913,-1000000000.0,1.0
A,5,20,spread<=0.5,109,198.71200000000044,0.6623733333333348,0.4088995844401534,0.5779816513761468,1,198.06900000000041,0.33976999999999863,-1000000000.0,0.8954545454545455
A,5,20,spread<=0.75,103,185.0310000000004,0.6167700000000014,0.4495958925910163,0.5533980582524272,1,195.99500000000035,0.3466833333333322,-1000000000.0,0.9545454545454546
A,5,20,spread<=1.0,104,198.46700000000033,0.6615566666666678,0.409628375865997,0.5576923076923077,1,184.43100000000027,0.38522999999999913,-1000000000.0,0.9681818181818181
A,5,20,spread<=1.25,108,193.46700000000033,0.6448900000000011,0.4245016702709611,0.5648148148148148,1,199.43100000000027,0.3352299999999991,-1000000000.0,0.9818181818181818
A,5,20,body>=0.40,108,191.4120000000005,0.6380400000000016,0.419025274154922,0.5648148148148148,1,196.40700000000038,0.34530999999999873,-1000000000.0,0.8727272727272727
A,5,20,body>=0.60,83,189.64200000000028,0.6321400000000009,0.41361195026700043,0.5301204819277109,1,276.87000000000035,0.32350666666666483,-1000000000.0,0.6863636363636364
A,5,20,close>=0.70,79,189.45200000000045,0.6315066666666682,0.4086702477971668,0.5569620253164557,1,311.20300000000043,0.3211970988142802,-1000000000.0,0.7045454545454546
A,5,20,close>=0.85,109,289.35199999999963,0.9645066666666654,0.3029549731324892,0.6788990825688074,2,330.47399999999993,0.12724494676326445,-1000000000.0,0.4954545454545455
A,5,20,trend>=2,113,193.46700000000033,0.6448900000000011,0.4245016702709611,0.5752212389380531,1,184.43100000000027,0.38522999999999913,-1000000000.0,1.0
A,5,20,trend=3,109,194.7140000000004,0.649046666666668,0.4174181541830971,0.5688073394495413,1,196.01800000000026,0.3466066666666658,-1000000000.0,0.9636363636363636
A,5,20,mom>=0,113,193.46700000000033,0.6448900000000011,0.4245016702709611,0.5752212389380531,1,184.43100000000027,0.38522999999999913,-1000000000.0,1.0
A,5,20,mom>=0.15,113,193.46700000000033,0.6448900000000011,0.4245016702709611,0.5752212389380531,1,184.43100000000027,0.38522999999999913,-1000000000.0,1.0
A,5,20,emaAligned,113,193.46700000000033,0.6448900000000011,0.4245016702709611,0.5752212389380531,1,184.43100000000027,0.38522999999999913,-1000000000.0,1.0
A,5,20,prevRoom>=0,105,193.54200000000014,0.6451400000000005,0.4066277711521186,0.580952380952381,1,181.39100000000008,0.39536333333333307,-1000000000.0,0.9
A,5,20,prevDist>=0.25,103,195.08100000000036,0.6502700000000012,0.4021971623816374,0.5631067961165048,1,194.43100000000027,0.3518966666666658,-1000000000.0,0.9272727272727272
A,5,20,prevDist>=0.50,95,183.40900000000033,0.6113633333333345,0.46146618473093604,0.6,1,184.43100000000027,0.38522999999999913,-1000000000.0,0.7545454545454545
A,5,20,break>=0.05,50,194.29899999999998,0.6476633333333333,0.39111073505816385,0.44,0,291.0580000000002,0.25596333333333177,-1000000000.0,0.5181818181818182
A,5,20,break<=0.25,117,185.73400000000015,0.6191133333333338,0.44597698406543224,0.5811965811965812,1,192.62500000000023,0.3579166666666659,-1000000000.0,0.9818181818181818
A,5,20,asiaRatio<=0.80,113,193.46700000000033,0.6448900000000011,0.4245016702709611,0.5752212389380531,1,184.43100000000027,0.38522999999999913,-1000000000.0,1.0
A,5,20,time<=12,105,186.72100000000046,0.6224033333333349,0.427539986448908,0.5619047619047619,1,198.7570000000003,0.3374766666666657,-1000000000.0,0.9090909090909091
A,5,20,time<=13,106,191.72100000000046,0.6390700000000016,0.41221069800381904,0.5660377358490566,1,199.3430000000003,0.33552333333333234,-1000000000.0,0.9227272727272727
A,5,20,LONG,115,281.97600000000034,0.9399200000000011,0.282682029264874,0.6608695652173913,2,249.79999999999973,0.30999279365842064,-1000000000.0,0.5227272727272727
A,5,20,SHORT,48,196.44499999999948,0.6548166666666649,0.3950196019253941,0.5,1,186.39100000000008,0.3786966666666664,-1000000000.0,0.4772727272727273
A,5,20,Mon-Wed,81,193.08000000000015,0.6436000000000005,0.40945459884019625,0.6049382716049383,1,194.10500000000002,0.37406281138847425,-1000000000.0,0.5772727272727273
A,5,20,Thu-Fri,93,260.0,0.8666666666666667,0.2750994515379973,0.6344086021505376,2,269.83799999999997,0.19093,-1000000000.0,0.42272727272727273
A,5,20,spread<=10%TP,109,198.71200000000044,0.6623733333333348,0.4088995844401534,0.5779816513761468,1,198.06900000000041,0.33976999999999863,-1000000000.0,0.8954545454545455
A,5,20,spread<=15%TP,103,185.0310000000004,0.6167700000000014,0.4495958925910163,0.5533980582524272,1,195.99500000000035,0.3466833333333322,-1000000000.0,0.9545454545454546
A,5,20,lowSpread+close,75,194.45200000000045,0.6481733333333348,0.39306392661283435,0.5466666666666666,1,196.93800000000056,0.3435399999999981,-1000000000.0,0.6909090909090909
A,5,20,body+close,104,196.23600000000056,0.6541200000000018,0.38676249999999823,0.5961538461538461,1,331.20300000000043,0.20674545299961358,-1000000000.0,0.6636363636363637
A,5,20,trend+mom,113,193.46700000000033,0.6448900000000011,0.4245016702709611,0.5752212389380531,1,184.43100000000027,0.38522999999999913,-1000000000.0,1.0
A,5,20,trend+close,79,189.45200000000045,0.6315066666666682,0.4086702477971668,0.5569620253164557,1,311.20300000000043,0.3211970988142802,-1000000000.0,0.7045454545454546
A,5,20,trend+lowSpread,104,198.46700000000033,0.6615566666666678,0.409628375865997,0.5576923076923077,1,184.43100000000027,0.38522999999999913,-1000000000.0,0.9681818181818181
A,5,20,break+trend,50,194.29899999999998,0.6476633333333333,0.39111073505816385,0.44,0,291.0580000000002,0.25596333333333177,-1000000000.0,0.5181818181818182
A,5,20,break+close,49,186.34200000000055,0.6211400000000018,0.4106476986283165,0.4489795918367347,0,306.1600000000003,0.1579599999999982,-1000000000.0,0.38636363636363635
A,5,20,prevRoom+trend,105,193.54200000000014,0.6451400000000005,0.4066277711521186,0.580952380952381,1,181.39100000000008,0.39536333333333307,-1000000000.0,0.9
A,5,20,prevDist+trend,103,195.08100000000036,0.6502700000000012,0.4021971623816374,0.5631067961165048,1,194.43100000000027,0.3518966666666658,-1000000000.0,0.9272727272727272
A,5,20,early+trend,106,191.72100000000046,0.6390700000000016,0.41221069800381904,0.5660377358490566,1,199.3430000000003,0.33552333333333234,-1000000000.0,0.9227272727272727
A,5,20,lowSpread+body,96,181.4120000000005,0.6047066666666683,0.4493773276230994,0.53125,1,183.31100000000038,0.38896333333333205,-1000000000.0,0.85
A,5,20,compression+trend,113,193.46700000000033,0.6448900000000011,0.4245016702709611,0.5752212389380531,1,184.43100000000027,0.38522999999999913,-1000000000.0,1.0
A,5,20,TPspread+close,74,189.45200000000045,0.6315066666666682,0.4086702477971668,0.5405405405405406,1,311.20300000000043,0.3080599999999981,-1000000000.0,0.6818181818181818
A,6,8,ALL,162,78.37199999999962,0.2612399999999987,0.8182872087846874,0.5,1,153.45799999999986,0.6124011976047908,-1000000000.0,1.0
A,6,8,spread<=0.5,133,76.49999999999977,0.2549999999999992,0.8226276153732017,0.48872180451127817,1,147.87199999999984,0.6350256410256415,-1000000000.0,0.8954545454545455
A,6,8,spread<=0.75,152,74.37199999999962,0.2479066666666654,0.8275615818370691,0.4934210526315789,1,155.45799999999986,0.6100662650602414,-1000000000.0,0.9545454545454546
A,6,8,spread<=1.0,153,74.08599999999979,0.2469533333333326,0.828224699510314,0.49673202614379086,1,153.45799999999986,0.5940828025477711,-1000000000.0,0.9681818181818181
A,6,8,spread<=1.25,156,78.08599999999979,0.26028666666666594,0.8189503264579323,0.5,1,153.45799999999986,0.5940828025477711,-1000000000.0,0.9818181818181818
A,6,8,body>=0.40,141,74.97800000000052,0.2499266666666684,0.8153123860758863,0.48226950354609927,1,159.7439999999997,0.6396000000000008,-1000000000.0,0.8727272727272727
A,6,8,body>=0.60,151,160.14300000000048,0.5338100000000016,0.7133051966299578,0.5298013245033113,3,286.0,0.4734042553191489,-1000000000.0,0.6863636363636364
A,6,8,close>=0.70,155,245.7269999999994,0.819089999999998,0.6810384962726559,0.567741935483871,4,482.0,0.35714285714285715,-1000000000.0,0.7045454545454546
A,6,8,close>=0.85,109,225.75299999999856,0.7525099999999952,0.6712301894834768,0.5871559633027523,2,576.0,0.24120603015075376,-1000000000.0,0.4954545454545455
A,6,8,trend>=2,162,78.37199999999962,0.2612399999999987,0.8182872087846874,0.5,1,153.45799999999986,0.6124011976047908,-1000000000.0,1.0
A,6,8,trend=3,212,133.00900000000024,0.44336333333333416,0.7629276492222814,0.5330188679245284,2,155.7439999999997,0.6299325842696638,-1000000000.0,0.9636363636363636
A,6,8,mom>=0,162,78.37199999999962,0.2612399999999987,0.8182872087846874,0.5,1,153.45799999999986,0.6124011976047908,-1000000000.0,1.0
A,6,8,mom>=0.15,162,78.37199999999962,0.2612399999999987,0.8182872087846874,0.5,1,153.45799999999986,0.6124011976047908,-1000000000.0,1.0
A,6,8,emaAligned,162,78.37199999999962,0.2612399999999987,0.8182872087846874,0.5,1,153.45799999999986,0.6124011976047908,-1000000000.0,1.0
A,6,8,prevRoom>=0,198,198.962,0.6632066666666666,0.7368530656656893,0.5555555555555556,3,373.3299999999997,0.436863354037268,-1000000000.0,0.9
A,6,8,prevDist>=0.25,143,78.19400000000064,0.2606466666666688,0.8074537373339398,0.48951048951048953,1,217.45799999999986,0.5351400000000005,-1000000000.0,0.9272727272727272
A,6,8,prevDist>=0.50,166,159.40399999999931,0.5313466666666644,0.745245178085191,0.5481927710843374,2,159.87199999999984,0.5470933333333339,-1000000000.0,0.7545454545454545
A,6,8,break>=0.05,91,77.92600000000084,0.2597533333333361,0.7654759790894814,0.42857142857142855,0,222.75800000000004,0.40141666666666653,-1000000000.0,0.5181818181818182
A,6,8,break<=0.25,159,73.03599999999915,0.2434533333333305,0.8267597749461582,0.4968553459119497,1,155.45799999999986,0.6087559523809528,-1000000000.0,0.9818181818181818
A,6,8,asiaRatio<=0.80,162,78.37199999999962,0.2612399999999987,0.8182872087846874,0.5,1,153.45799999999986,0.6124011976047908,-1000000000.0,1.0
A,6,8,time<=12,200,150.76100000000088,0.5025366666666696,0.7504723981005127,0.545,3,245.7439999999997,0.45585628742515066,-1000000000.0,0.9090909090909091
A,6,8,time<=13,203,150.76100000000088,0.5025366666666696,0.7356326671942999,0.5467980295566502,3,247.7439999999997,0.5231910112359559,-1000000000.0,0.9227272727272727
A,6,8,LONG,115,144.6779999999992,0.48225999999999736,0.6786477230341471,0.5304347826086957,2,140.57199999999966,0.7155486725663724,-1000000000.0,0.5227272727272727
A,6,8,SHORT,105,162.85200000000077,0.5428400000000025,0.7794060228042154,0.5333333333333333,3,335.172,0.47333333333333333,-1000000000.0,0.4772727272727273
A,6,8,Mon-Wed,127,143.52600000000098,0.47842000000000323,0.7292027642341917,0.5354330708661418,2,237.7439999999997,0.5037604790419171,-1000000000.0,0.5772727272727273
A,6,8,Thu-Fri,93,181.07699999999886,0.6035899999999962,0.5878606084901119,0.5268817204301075,2,214.0,0.4266666666666667,-1000000000.0,0.42272727272727273
A,6,8,spread<=10%TP,205,134.37199999999962,0.4479066666666654,0.7811897165751609,0.5365853658536586,2,231.7439999999997,0.6483826086956529,-1000000000.0,0.9318181818181818
A,6,8,spread<=15%TP,154,72.37199999999962,0.24123999999999873,0.8321987683632599,0.4935064935064935,1,153.45799999999986,0.6041677018633544,-1000000000.0,0.9636363636363636
A,6,8,lowSpread+close,152,241.7269999999994,0.8057566666666647,0.6922569933306051,0.5657894736842105,3,374.0,0.40625,-1000000000.0,0.6909090909090909
A,6,8,body+close,146,163.74999999999977,0.5458333333333326,0.6809739899145717,0.5547945205479452,3,418.0,0.4405940594059406,-1000000000.0,0.6636363636363637
A,6,8,trend+mom,162,78.37199999999962,0.2612399999999987,0.8182872087846874,0.5,1,153.45799999999986,0.6124011976047908,-1000000000.0,1.0
A,6,8,trend+close,155,245.7269999999994,0.819089999999998,0.6810384962726559,0.567741935483871,4,482.0,0.35714285714285715,-1000000000.0,0.7045454545454546
A,6,8,trend+lowSpread,153,74.08599999999979,0.2469533333333326,0.828224699510314,0.49673202614379086,1,153.45799999999986,0.5940828025477711,-1000000000.0,0.9681818181818181
A,6,8,break+trend,91,77.92600000000084,0.2597533333333361,0.7654759790894814,0.42857142857142855,0,222.75800000000004,0.40141666666666653,-1000000000.0,0.5181818181818182
A,6,8,break+close,85,156.93500000000017,0.5231166666666672,0.6038610949753115,0.5058823529411764,3,336.0,0.27419354838709675,-1000000000.0,0.38636363636363635
A,6,8,prevRoom+trend,198,198.962,0.6632066666666666,0.7368530656656893,0.5555555555555556,3,373.3299999999997,0.436863354037268,-1000000000.0,0.9
A,6,8,prevDist+trend,143,78.19400000000064,0.2606466666666688,0.8074537373339398,0.48951048951048953,1,217.45799999999986,0.5351400000000005,-1000000000.0,0.9272727272727272
A,6,8,early+trend,203,150.76100000000088,0.5025366666666696,0.7356326671942999,0.5467980295566502,3,247.7439999999997,0.5231910112359559,-1000000000.0,0.9227272727272727
A,6,8,lowSpread+body,136,72.97800000000052,0.24326000000000172,0.820238834205314,0.47794117647058826,1,157.7439999999997,0.6636404494382031,-1000000000.0,0.85
A,6,8,compression+trend,162,78.37199999999962,0.2612399999999987,0.8182872087846874,0.5,1,153.45799999999986,0.6124011976047908,-1000000000.0,1.0
A,6,8,TPspread+close,152,241.7269999999994,0.8057566666666647,0.6922569933306051,0.5657894736842105,3,374.0,0.40625,-1000000000.0,0.6909090909090909
A,6,10,ALL,160,96.60099999999966,0.3220033333333322,0.7769272157525637,0.5375,1,97.92000000000007,0.6735999999999998,-1000000000.0,1.0
A,6,10,spread<=0.5,138,92.60099999999966,0.30866999999999883,0.7861640884245831,0.5217391304347826,1,153.92000000000007,0.6469333333333331,-1000000000.0,0.8954545454545455
A,6,10,spread<=0.75,151,98.88699999999949,0.3296233333333316,0.771648343020505,0.5298013245033113,1,151.92000000000007,0.6535999999999997,-1000000000.0,0.9545454545454546
A,6,10,spread<=1.0,137,97.01499999999965,0.32338333333333213,0.7759711994310097,0.5255474452554745,1,97.92000000000007,0.6735999999999998,-1000000000.0,0.9681818181818181
A,6,10,spread<=1.25,140,99.01499999999965,0.33004999999999884,0.771352763095,0.5285714285714286,1,96.33800000000019,0.6788733333333327,-1000000000.0,0.9818181818181818
A,6,10,body>=0.40,140,98.75999999999999,0.3292,0.7555015856747106,0.5142857142857142,1,145.92000000000007,0.6335999999999997,-1000000000.0,0.8727272727272727
A,6,10,body>=0.60,151,156.68399999999951,0.5222799999999984,0.7316462684705213,0.5562913907284768,2,228.04800000000023,0.45982145789677614,-1000000000.0,0.6863636363636364
A,6,10,close>=0.70,155,199.81599999999958,0.6660533333333319,0.6762527609344159,0.5870967741935483,2,255.6300000000001,0.4584466666666655,-1000000000.0,0.7045454545454546
A,6,10,close>=0.85,109,213.30599999999777,0.7110199999999925,0.6034337816043827,0.6055045871559633,2,346.74599999999964,0.3254437869822485,-1000000000.0,0.4954545454545455
A,6,10,trend>=2,160,96.60099999999966,0.3220033333333322,0.7769272157525637,0.5375,1,97.92000000000007,0.6735999999999998,-1000000000.0,1.0
A,6,10,trend=3,177,99.02299999999991,0.33007666666666635,0.7682078435227976,0.5423728813559322,1,175.92000000000007,0.5735999999999998,-1000000000.0,0.9636363636363636
A,6,10,mom>=0,160,96.60099999999966,0.3220033333333322,0.7769272157525637,0.5375,1,97.92000000000007,0.6735999999999998,-1000000000.0,1.0
A,6,10,mom>=0.15,160,96.60099999999966,0.3220033333333322,0.7769272157525637,0.5375,1,97.92000000000007,0.6735999999999998,-1000000000.0,1.0
A,6,10,emaAligned,160,96.60099999999966,0.3220033333333322,0.7769272157525637,0.5375,1,97.92000000000007,0.6735999999999998,-1000000000.0,1.0
A,6,10,prevRoom>=0,198,205.81799999999953,0.6860599999999984,0.6563993586448696,0.5858585858585859,3,217.92000000000007,0.4717799999999988,-1000000000.0,0.9
A,6,10,prevDist>=0.25,127,97.69899999999961,0.32566333333333203,0.7504610260575515,0.5118110236220472,1,165.92000000000007,0.6588733333333326,-1000000000.0,0.9272727272727272
A,6,10,prevDist>=0.50,166,195.18699999999944,0.6506233333333314,0.6744705160241754,0.5843373493975904,3,173.92000000000007,0.5988733333333327,-1000000000.0,0.7545454545454545
A,6,10,break>=0.05,94,91.18900000000122,0.30396333333333736,0.7239206781713567,0.4574468085106383,0,173.22000000000025,0.48259999999999914,-1000000000.0,0.5181818181818182
A,6,10,break<=0.25,157,99.79699999999934,0.3326566666666645,0.7680574342383565,0.535031847133758,1,159.92000000000007,0.6269333333333331,-1000000000.0,0.9818181818181818
A,6,10,asiaRatio<=0.80,160,96.60099999999966,0.3220033333333322,0.7769272157525637,0.5375,1,97.92000000000007,0.6735999999999998,-1000000000.0,1.0
A,6,10,time<=12,200,178.98400000000038,0.5966133333333346,0.67465231981361,0.58,2,203.92000000000007,0.49177999999999883,-1000000000.0,0.9090909090909091
A,6,10,time<=13,203,186.98400000000038,0.6232800000000013,0.6587108200011421,0.5812807881773399,2,191.92000000000007,0.5255399999999993,-1000000000.0,0.9227272727272727
A,6,10,LONG,115,184.59299999999985,0.6153099999999995,0.6306341044476924,0.5739130434782609,3,154.15399999999954,0.6030057471264381,-1000000000.0,0.5227272727272727
A,6,10,SHORT,60,96.93899999999985,0.32312999999999953,0.7470388839743544,0.43333333333333335,1,212.05200000000036,0.5184466666666655,-1000000000.0,0.4772727272727273
A,6,10,Mon-Wed,127,188.45400000000086,0.6281800000000028,0.6662672733222819,0.5826771653543307,2,199.92000000000007,0.5662893081761003,-1000000000.0,0.5772727272727273
A,6,10,Thu-Fri,93,157.49699999999893,0.5249899999999964,0.6043404893597096,0.5376344086021505,1,180.0,0.43333333333333335,-1000000000.0,0.42272727272727273
A,6,10,spread<=10%TP,205,148.46899999999937,0.49489666666666454,0.7679951598787216,0.5707317073170731,2,189.92000000000007,0.623020405561193,-1000000000.0,0.9318181818181818
A,6,10,spread<=15%TP,152,96.60099999999966,0.3220033333333322,0.7769272157525637,0.5328947368421053,1,97.92000000000007,0.6735999999999998,-1000000000.0,0.9636363636363636
A,6,10,lowSpread+close,152,197.81599999999958,0.6593866666666652,0.6818233726154316,0.5855263157894737,2,293.6300000000001,0.4384466666666655,-1000000000.0,0.6909090909090909
A,6,10,body+close,146,181.39199999999983,0.6046399999999994,0.670706186094652,0.5753424657534246,2,224.04800000000023,0.4756136376401863,-1000000000.0,0.6636363636363637
A,6,10,trend+mom,160,96.60099999999966,0.3220033333333322,0.7769272157525637,0.5375,1,97.92000000000007,0.6735999999999998,-1000000000.0,1.0
A,6,10,trend+close,155,199.81599999999958,0.6660533333333319,0.6762527609344159,0.5870967741935483,2,255.6300000000001,0.4584466666666655,-1000000000.0,0.7045454545454546
A,6,10,trend+lowSpread,137,97.01499999999965,0.32338333333333213,0.7759711994310097,0.5255474452554745,1,97.92000000000007,0.6735999999999998,-1000000000.0,0.9681818181818181
A,6,10,break+trend,94,91.18900000000122,0.30396333333333736,0.7239206781713567,0.4574468085106383,0,173.22000000000025,0.48259999999999914,-1000000000.0,0.5181818181818182
A,6,10,break+close,85,165.10000000000082,0.5503333333333361,0.5770554783120687,0.5176470588235295,1,275.6300000000001,0.2145666666666663,-1000000000.0,0.38636363636363635
A,6,10,prevRoom+trend,198,205.81799999999953,0.6860599999999984,0.6563993586448696,0.5858585858585859,3,217.92000000000007,0.4717799999999988,-1000000000.0,0.9
A,6,10,prevDist+trend,127,97.69899999999961,0.32566333333333203,0.7504610260575515,0.5118110236220472,1,165.92000000000007,0.6588733333333326,-1000000000.0,0.9272727272727272
A,6,10,early+trend,203,186.98400000000038,0.6232800000000013,0.6587108200011421,0.5812807881773399,2,191.92000000000007,0.5255399999999993,-1000000000.0,0.9227272727272727
A,6,10,lowSpread+body,136,90.75999999999999,0.3025333333333333,0.7753070465354064,0.5073529411764706,1,145.92000000000007,0.638974466771331,-1000000000.0,0.85
A,6,10,compression+trend,160,96.60099999999966,0.3220033333333322,0.7769272157525637,0.5375,1,97.92000000000007,0.6735999999999998,-1000000000.0,1.0
A,6,10,TPspread+close,152,197.81599999999958,0.6593866666666652,0.6818233726154316,0.5855263157894737,2,293.6300000000001,0.4384466666666655,-1000000000.0,0.6909090909090909
A,6,12,ALL,220,184.69699999999875,0.6156566666666625,0.6775372250466803,0.5909090909090909,2,206.89799999999968,0.5169004913277707,-1000000000.0,1.0
A,6,12,spread<=0.5,180,119.80299999999875,0.39934333333332916,0.6901929651256042,0.55,1,119.10999999999967,0.6029666666666678,-1000000000.0,0.8954545454545455
A,6,12,spread<=0.75,194,113.80299999999875,0.37934333333332915,0.7057087886796587,0.5567010309278351,1,191.10999999999967,0.5629666666666677,-1000000000.0,0.9545454545454546
A,6,12,spread<=1.0,155,119.78599999999915,0.39928666666666385,0.6902369266256729,0.5419354838709678,1,185.10999999999967,0.5829666666666677,-1000000000.0,0.9681818181818181
A,6,12,spread<=1.25,200,113.80299999999875,0.37934333333332915,0.7057087886796587,0.56,1,185.10999999999967,0.5829666666666677,-1000000000.0,0.9818181818181818
A,6,12,body>=0.40,157,115.28099999999904,0.3842699999999968,0.6878273208299289,0.535031847133758,1,203.08799999999974,0.5595016956662534,-1000000000.0,0.8727272727272727
A,6,12,body>=0.60,151,192.20399999999904,0.6406799999999968,0.6394240900314976,0.5695364238410596,2,223.71600000000012,0.47288666666666584,-1000000000.0,0.6863636363636364
A,6,12,close>=0.70,155,280.09199999999896,0.9336399999999966,0.5197337359159264,0.6129032258064516,2,312.23299999999995,0.4166083288184909,-1000000000.0,0.7045454545454546
A,6,12,close>=0.85,109,278.44299999999816,0.9281433333333272,0.4458854037352792,0.6422018348623854,2,461.01599999999917,0.18258333333333465,-1000000000.0,0.4954545454545455
A,6,12,trend>=2,220,184.69699999999875,0.6156566666666625,0.6775372250466803,0.5909090909090909,2,206.89799999999968,0.5169004913277707,-1000000000.0,1.0
A,6,12,trend=3,212,205.7489999999989,0.6858299999999963,0.6211073878717172,0.589622641509434,2,215.10999999999967,0.48296666666666777,-1000000000.0,0.9636363636363636
A,6,12,mom>=0,220,184.69699999999875,0.6156566666666625,0.6775372250466803,0.5909090909090909,2,206.89799999999968,0.5169004913277707,-1000000000.0,1.0
A,6,12,mom>=0.15,220,184.69699999999875,0.6156566666666625,0.6775372250466803,0.5909090909090909,2,206.89799999999968,0.5169004913277707,-1000000000.0,1.0
A,6,12,emaAligned,220,184.69699999999875,0.6156566666666625,0.6775372250466803,0.5909090909090909,2,206.89799999999968,0.5169004913277707,-1000000000.0,1.0
A,6,12,prevRoom>=0,198,243.9679999999987,0.8132266666666623,0.5139645908765808,0.6111111111111112,3,252.32599999999957,0.38015124479564966,-1000000000.0,0.9
A,6,12,prevDist>=0.25,150,116.22699999999895,0.38742333333332984,0.6780522531107029,0.5466666666666666,1,231.22199999999975,0.4552641791142959,-1000000000.0,0.9272727272727272
A,6,12,prevDist>=0.50,166,223.3149999999987,0.744383333333329,0.5325681551772992,0.6024096385542169,3,226.32799999999975,0.3904799999999985,-1000000000.0,0.7545454545454545
A,6,12,break>=0.05,94,112.80800000000045,0.3760266666666682,0.66680056710775,0.4574468085106383,1,210.57600000000025,0.3780799999999992,-1000000000.0,0.5181818181818182
A,6,12,break<=0.25,216,204.81999999999857,0.6827333333333285,0.6236955889078324,0.5925925925925926,2,220.00399999999968,0.4666533333333344,-1000000000.0,0.9818181818181818
A,6,12,asiaRatio<=0.80,220,184.69699999999875,0.6156566666666625,0.6775372250466803,0.5909090909090909,2,206.89799999999968,0.5169004913277707,-1000000000.0,1.0
A,6,12,time<=12,200,227.5429999999992,0.758476666666664,0.5749488325126637,0.605,3,256.13499999999976,0.36621666666666747,-1000000000.0,0.9090909090909091
A,6,12,time<=13,203,234.69899999999916,0.7823299999999972,0.5586620991427758,0.6059113300492611,3,257.2909999999997,0.3623633333333343,-1000000000.0,0.9227272727272727
A,6,12,LONG,115,289.8429999999994,0.9661433333333314,0.543230272230057,0.6086956521739131,3,225.76499999999942,0.5359567447637668,-1000000000.0,0.5227272727272727
A,6,12,SHORT,105,189.62999999999897,0.6320999999999966,0.6615205441686991,0.5714285714285714,3,237.25699999999983,0.4401699999999998,-1000000000.0,0.4772727272727273
A,6,12,Mon-Wed,127,239.3989999999999,0.7979966666666662,0.5540922101028859,0.6141732283464567,2,229.4939999999997,0.5409189257986521,-1000000000.0,0.5772727272727273
A,6,12,Thu-Fri,93,209.45799999999895,0.6981933333333298,0.4122866447962751,0.5591397849462365,1,238.7279999999996,0.2935476820709602,-1000000000.0,0.42272727272727273
A,6,12,spread<=10%TP,205,191.80299999999875,0.6393433333333292,0.6591613180174951,0.5902439024390244,2,230.88899999999944,0.5176524051190304,-1000000000.0,0.9318181818181818
A,6,12,spread<=15%TP,195,119.80299999999875,0.39934333333332916,0.6901929651256042,0.558974358974359,1,185.10999999999967,0.5829666666666677,-1000000000.0,0.9636363636363636
A,6,12,lowSpread+close,152,268.09199999999896,0.8936399999999965,0.5372204314550704,0.6052631578947368,2,301.04200000000014,0.40087333333333164,-1000000000.0,0.6909090909090909
A,6,12,body+close,146,264.35399999999913,0.8811799999999971,0.49058892100816825,0.6027397260273972,2,399.53799999999956,0.3336188752673416,-1000000000.0,0.6636363636363637
A,6,12,trend+mom,220,184.69699999999875,0.6156566666666625,0.6775372250466803,0.5909090909090909,2,206.89799999999968,0.5169004913277707,-1000000000.0,1.0
A,6,12,trend+close,155,280.09199999999896,0.9336399999999966,0.5197337359159264,0.6129032258064516,2,312.23299999999995,0.4166083288184909,-1000000000.0,0.7045454545454546
A,6,12,trend+lowSpread,155,119.78599999999915,0.39928666666666385,0.6902369266256729,0.5419354838709678,1,185.10999999999967,0.5829666666666677,-1000000000.0,0.9681818181818181
A,6,12,break+trend,94,112.80800000000045,0.3760266666666682,0.66680056710775,0.4574468085106383,1,210.57600000000025,0.3780799999999992,-1000000000.0,0.5181818181818182
A,6,12,break+close,85,195.615,0.65205,0.5144259143206569,0.5294117647058824,1,266.0079999999998,0.28415411793292544,-1000000000.0,0.38636363636363635
A,6,12,prevRoom+trend,198,243.9679999999987,0.8132266666666623,0.5139645908765808,0.6111111111111112,3,252.32599999999957,0.38015124479564966,-1000000000.0,0.9
A,6,12,prevDist+trend,150,116.22699999999895,0.38742333333332984,0.6780522531107029,0.5466666666666666,1,231.22199999999975,0.4552641791142959,-1000000000.0,0.9272727272727272
A,6,12,early+trend,203,234.69899999999916,0.7823299999999972,0.5586620991427758,0.6059113300492611,3,257.2909999999997,0.3623633333333343,-1000000000.0,0.9227272727272727
A,6,12,lowSpread+body,131,114.59999999999945,0.3819999999999982,0.6896714199834294,0.5267175572519084,1,116.10899999999992,0.6129700000000002,-1000000000.0,0.85
A,6,12,compression+trend,220,184.69699999999875,0.6156566666666625,0.6775372250466803,0.5909090909090909,2,206.89799999999968,0.5169004913277707,-1000000000.0,1.0
A,6,12,TPspread+close,152,268.09199999999896,0.8936399999999965,0.5372204314550704,0.6052631578947368,2,301.04200000000014,0.40087333333333164,-1000000000.0,0.6909090909090909
A,6,15,ALL,220,242.33199999999943,0.8077733333333315,0.5650302315062743,0.6181818181818182,3,261.63599999999974,0.3778800000000009,-1000000000.0,1.0
A,6,15,spread<=0.5,197,226.9249999999995,0.756416666666665,0.605079828852764,0.6040609137055838,2,246.22899999999981,0.42923666666666727,-1000000000.0,0.8954545454545455
A,6,15,spread<=0.75,210,225.43799999999942,0.751459999999998,0.6089451985713487,0.6095238095238096,3,244.74199999999973,0.4341933333333342,-1000000000.0,0.9545454545454546
A,6,15,spread<=1.0,148,147.42099999999982,0.49140333333333275,0.6167877139990338,0.5675675675675675,1,145.74199999999973,0.5141933333333342,-1000000000.0,0.9681818181818181
A,6,15,spread<=1.25,200,144.43799999999942,0.48145999999999806,0.6245418484109632,0.585,2,238.74199999999973,0.4541933333333342,-1000000000.0,0.9818181818181818
A,6,15,body>=0.40,192,234.59799999999996,0.7819933333333332,0.5353249243134055,0.59375,2,259.3799999999999,0.3454000000000004,-1000000000.0,0.8727272727272727
A,6,15,body>=0.60,151,223.66099999999983,0.7455366666666661,0.5349208066840181,0.5894039735099338,2,269.09900000000016,0.30413999999999836,-1000000000.0,0.6863636363636364
A,6,15,close>=0.70,155,292.9279999999999,0.9764266666666663,0.3969592931862998,0.6258064516129033,3,336.0310000000002,0.2124233333333321,-1000000000.0,0.7045454545454546
A,6,15,trend>=2,220,242.33199999999943,0.8077733333333315,0.5650302315062743,0.6181818181818182,3,261.63599999999974,0.3778800000000009,-1000000000.0,1.0
A,6,15,trend=3,212,264.80399999999963,0.8826799999999988,0.5015703616558667,0.6179245283018868,3,283.74199999999973,0.3041933333333342,-1000000000.0,0.9636363636363636
A,6,15,mom>=0,220,242.33199999999943,0.8077733333333315,0.5650302315062743,0.6181818181818182,3,261.63599999999974,0.3778800000000009,-1000000000.0,1.0
A,6,15,mom>=0.15,220,242.33199999999943,0.8077733333333315,0.5650302315062743,0.6181818181818182,3,261.63599999999974,0.3778800000000009,-1000000000.0,1.0
A,6,15,emaAligned,220,242.33199999999943,0.8077733333333315,0.5650302315062743,0.6181818181818182,3,261.63599999999974,0.3778800000000009,-1000000000.0,1.0
A,6,15,prevDist>=0.25,204,244.8969999999997,0.8163233333333324,0.5293868347866564,0.6127450980392157,3,273.9599999999998,0.33680000000000065,-1000000000.0,0.9272727272727272
A,6,15,prevDist>=0.50,166,297.1859999999997,0.990619999999999,0.42530657460840776,0.6325301204819277,3,266.6629999999998,0.3581666666666661,-1000000000.0,0.7545454545454545
A,6,15,break>=0.05,64,138.81800000000044,0.4627266666666681,0.5444946120831075,0.421875,0,260.539,0.2715366666666667,-1000000000.0,0.5181818181818182
A,6,15,break<=0.25,216,262.8039999999992,0.8760133333333306,0.5192532728735478,0.6203703703703703,3,285.63599999999974,0.3103899999999999,-1000000000.0,0.9818181818181818
A,6,15,asiaRatio<=0.80,220,242.33199999999943,0.8077733333333315,0.5650302315062743,0.6181818181818182,3,261.63599999999974,0.3778800000000009,-1000000000.0,1.0
A,6,15,LONG,115,293.44300000000044,0.9781433333333348,0.36258722940046534,0.6347826086956522,3,260.1489999999999,0.3862367980456378,-1000000000.0,0.5227272727272727
A,6,15,SHORT,105,232.52799999999934,0.7750933333333311,0.5710254924355396,0.6,3,270.693,0.3644800000000002,-1000000000.0,0.4772727272727273
A,6,15,Mon-Wed,127,260.72500000000014,0.8690833333333338,0.47482252177162043,0.6299212598425197,2,263.3929999999998,0.41306625890010723,-1000000000.0,0.5772727272727273
A,6,15,Thu-Fri,93,266.2349999999997,0.887449999999999,0.2930704149965641,0.6021505376344086,3,284.11299999999983,0.1655600000000004,-1000000000.0,0.42272727272727273
A,6,15,spread<=10%TP,205,274.9249999999995,0.916416666666665,0.48030663013584857,0.6195121951219512,3,279.2289999999998,0.32629485094493477,-1000000000.0,0.9318181818181818
A,6,15,spread<=15%TP,196,141.43799999999942,0.47145999999999805,0.6323401733307704,0.5816326530612245,2,235.74199999999973,0.46419333333333423,-1000000000.0,0.9636363636363636
A,6,15,lowSpread+close,152,274.9279999999999,0.9164266666666663,0.4506504082016166,0.618421052631579,3,315.0310000000002,0.27242333333333213,-1000000000.0,0.6909090909090909
A,6,15,body+close,146,285.73,0.9524333333333334,0.3540282591950692,0.6164383561643836,2,315.0310000000002,0.21492342515589272,-1000000000.0,0.6636363636363637
A,6,15,trend+mom,220,242.33199999999943,0.8077733333333315,0.5650302315062743,0.6181818181818182,3,261.63599999999974,0.3778800000000009,-1000000000.0,1.0
A,6,15,trend+close,155,292.9279999999999,0.9764266666666663,0.3969592931862998,0.6258064516129033,3,336.0310000000002,0.2124233333333321,-1000000000.0,0.7045454545454546
A,6,15,trend+lowSpread,148,147.42099999999982,0.49140333333333275,0.6167877139990338,0.5675675675675675,1,145.74199999999973,0.5141933333333342,-1000000000.0,0.9681818181818181
A,6,15,break+trend,64,138.81800000000044,0.4627266666666681,0.5444946120831075,0.421875,0,260.539,0.2715366666666667,-1000000000.0,0.5181818181818182
A,6,15,break+close,85,219.2700000000002,0.7309000000000007,0.4424636614199586,0.5529411764705883,2,287.24,0.1625333333333333,-1000000000.0,0.38636363636363635
A,6,15,prevDist+trend,204,244.8969999999997,0.8163233333333324,0.5293868347866564,0.6127450980392157,3,273.9599999999998,0.33680000000000065,-1000000000.0,0.9272727272727272
A,6,15,lowSpread+body,166,146.44600000000014,0.4881533333333338,0.6034347362207072,0.5542168674698795,1,230.48599999999988,0.44171333333333374,-1000000000.0,0.85
A,6,15,compression+trend,220,242.33199999999943,0.8077733333333315,0.5650302315062743,0.6181818181818182,3,261.63599999999974,0.3778800000000009,-1000000000.0,1.0
A,6,15,TPspread+close,152,274.9279999999999,0.9164266666666663,0.4506504082016166,0.618421052631579,3,315.0310000000002,0.27242333333333213,-1000000000.0,0.6909090909090909
A,6,20,ALL,120,197.29500000000007,0.6576500000000003,0.4237021285296584,0.5666666666666667,1,191.46100000000024,0.36711082609687296,-1000000000.0,1.0
A,6,20,spread<=0.5,110,191.64600000000019,0.6388200000000006,0.44020283395015003,0.5545454545454546,1,191.81200000000035,0.3606266666666655,-1000000000.0,0.8954545454545455
A,6,20,spread<=0.75,103,191.96500000000015,0.6398833333333338,0.439271036281689,0.5339805825242718,1,191.99500000000035,0.36001666666666554,-1000000000.0,0.9545454545454546
A,6,20,spread<=1.0,105,186.40100000000007,0.6213366666666669,0.45552345705697994,0.5333333333333333,1,188.43100000000027,0.37189666666666576,-1000000000.0,0.9681818181818181
A,6,20,spread<=1.25,109,184.40100000000007,0.6146700000000003,0.46136544870877383,0.5412844036697247,1,196.43100000000027,0.3452299999999991,-1000000000.0,0.9818181818181818
A,6,20,body>=0.40,128,182.21000000000026,0.6073666666666675,0.4555093039448005,0.5625,1,199.37500000000045,0.3376377879510699,-1000000000.0,0.8727272727272727
A,6,20,body>=0.60,77,198.34699999999998,0.6611566666666666,0.3907943596563705,0.4935064935064935,1,273.0460000000003,0.33038999999999913,-1000000000.0,0.6863636363636364
A,6,20,close>=0.70,79,192.26300000000015,0.6408766666666672,0.4020910626043742,0.5316455696202531,1,315.37900000000036,0.3204030613223524,-1000000000.0,0.7045454545454546
A,6,20,trend>=2,120,197.29500000000007,0.6576500000000003,0.4237021285296584,0.5666666666666667,1,191.46100000000024,0.36711082609687296,-1000000000.0,1.0
A,6,20,trend=3,116,197.64800000000014,0.6588266666666671,0.41936886387271527,0.5603448275862069,1,192.8570000000002,0.35714333333333265,-1000000000.0,0.9636363636363636
A,6,20,mom>=0,120,197.29500000000007,0.6576500000000003,0.4237021285296584,0.5666666666666667,1,191.46100000000024,0.36711082609687296,-1000000000.0,1.0
A,6,20,mom>=0.15,120,197.29500000000007,0.6576500000000003,0.4237021285296584,0.5666666666666667,1,191.46100000000024,0.36711082609687296,-1000000000.0,1.0
A,6,20,emaAligned,120,197.29500000000007,0.6576500000000003,0.4237021285296584,0.5666666666666667,1,191.46100000000024,0.36711082609687296,-1000000000.0,1.0
A,6,20,prevRoom>=0,111,192.66999999999985,0.6422333333333328,0.4167683268301107,0.5675675675675675,1,188.25800000000004,0.37966712688522103,-1000000000.0,0.9
A,6,20,prevDist>=0.25,104,186.4860000000001,0.6216200000000004,0.4357560830968271,0.5384615384615384,1,195.32500000000027,0.3543380746333284,-1000000000.0,0.9272727272727272
A,6,20,prevDist>=0.50,96,180.08100000000013,0.6002700000000004,0.47663043478260786,0.5833333333333334,1,199.32500000000027,0.3355833333333324,-1000000000.0,0.7545454545454545
A,6,20,break>=0.05,50,193.71099999999979,0.6457033333333326,0.39328802305186816,0.42,0,299.23400000000015,0.21262999999999843,-1000000000.0,0.5181818181818182
A,6,20,break<=0.25,128,191.5619999999999,0.6385399999999997,0.4389289500969478,0.578125,1,198.6550000000002,0.337816666666666,-1000000000.0,0.9818181818181818
A,6,20,asiaRatio<=0.80,120,197.29500000000007,0.6576500000000003,0.4237021285296584,0.5666666666666667,1,191.46100000000024,0.36711082609687296,-1000000000.0,1.0
A,6,20,time<=12,106,190.3330000000003,0.6344433333333344,0.43048004332747813,0.5471698113207547,1,338.635,0.2755833333333324,-1000000000.0,0.9090909090909091
A,6,20,time<=13,107,196.3330000000003,0.6544433333333344,0.4125266682425736,0.5514018691588785,1,345.79099999999994,0.25558333333333244,-1000000000.0,0.9227272727272727
A,6,20,LONG,115,287.88800000000015,0.9596266666666672,0.28669665253870863,0.6347826086956522,3,257.86999999999966,0.3120135085045935,-1000000000.0,0.5227272727272727
A,6,20,SHORT,50,197.3429999999994,0.657809999999998,0.397865374581605,0.48,1,193.39100000000008,0.3553633333333331,-1000000000.0,0.4772727272727273
A,6,20,Mon-Wed,82,199.37300000000027,0.6645766666666676,0.397624615533358,0.5975609756097561,1,199.2170000000001,0.3675590561179946,-1000000000.0,0.5772727272727273
A,6,20,Thu-Fri,93,279.4539999999995,0.9315133333333316,0.2502708995102145,0.6021505376344086,2,294.75699999999983,0.1512949917754759,-1000000000.0,0.42272727272727273
A,6,20,spread<=10%TP,140,196.87800000000016,0.6562600000000005,0.42492018378905716,0.5857142857142857,1,289.27,0.32050271897079546,-1000000000.0,0.9318181818181818
A,6,20,spread<=15%TP,104,197.96500000000015,0.6598833333333338,0.42174506132630724,0.5384615384615384,1,199.99500000000035,0.33334999999999887,-1000000000.0,0.9636363636363636
A,6,20,lowSpread+close,75,194.26300000000015,0.6475433333333338,0.39587136419755,0.52,1,196.93800000000056,0.3435399999999981,-1000000000.0,0.6909090909090909
A,6,20,body+close,104,193.04700000000025,0.6434900000000009,0.3964508696182306,0.5673076923076923,1,331.37900000000036,0.21170949406341255,-1000000000.0,0.6636363636363637
A,6,20,trend+mom,120,197.29500000000007,0.6576500000000003,0.4237021285296584,0.5666666666666667,1,191.46100000000024,0.36711082609687296,-1000000000.0,1.0
A,6,20,trend+close,79,192.26300000000015,0.6408766666666672,0.4020910626043742,0.5316455696202531,1,315.37900000000036,0.3204030613223524,-1000000000.0,0.7045454545454546
A,6,20,trend+lowSpread,105,186.40100000000007,0.6213366666666669,0.45552345705697994,0.5333333333333333,1,188.43100000000027,0.37189666666666576,-1000000000.0,0.9681818181818181
A,6,20,break+trend,50,193.71099999999979,0.6457033333333326,0.39328802305186816,0.42,0,299.23400000000015,0.21262999999999843,-1000000000.0,0.5181818181818182
A,6,20,break+close,49,186.75400000000036,0.6225133333333346,0.4059174759906727,0.42857142857142855,0,304.33600000000024,0.13694540667406865,-1000000000.0,0.38636363636363635
A,6,20,prevRoom+trend,111,192.66999999999985,0.6422333333333328,0.4167683268301107,0.5675675675675675,1,188.25800000000004,0.37966712688522103,-1000000000.0,0.9
A,6,20,prevDist+trend,104,186.4860000000001,0.6216200000000004,0.4357560830968271,0.5384615384615384,1,195.32500000000027,0.3543380746333284,-1000000000.0,0.9272727272727272
A,6,20,early+trend,107,196.3330000000003,0.6544433333333344,0.4125266682425736,0.5514018691588785,1,345.79099999999994,0.25558333333333244,-1000000000.0,0.9227272727272727
A,6,20,lowSpread+body,96,186.92300000000023,0.6230766666666674,0.4414256386656823,0.5104166666666666,1,183.31100000000038,0.38896333333333205,-1000000000.0,0.85
A,6,20,compression+trend,120,197.29500000000007,0.6576500000000003,0.4237021285296584,0.5666666666666667,1,191.46100000000024,0.36711082609687296,-1000000000.0,1.0
A,6,20,TPspread+close,75,194.26300000000015,0.6475433333333338,0.39587136419755,0.52,1,196.93800000000056,0.3435399999999981,-1000000000.0,0.6909090909090909
A,8,8,ALL,85,79.63899999999967,0.2654633333333322,0.7981267427122953,0.4235294117647059,1,155.76999999999998,0.6335477528089891,-1000000000.0,1.0
A,8,8,spread<=0.5,85,79.63899999999967,0.2654633333333322,0.7981267427122953,0.4235294117647059,1,155.76999999999998,0.6269873417721524,-1000000000.0,0.8954545454545455
A,8,8,spread<=0.75,85,79.63899999999967,0.2654633333333322,0.7981267427122953,0.4235294117647059,1,155.76999999999998,0.6297882352941181,-1000000000.0,0.9545454545454546
A,8,8,spread<=1.0,85,79.63899999999967,0.2654633333333322,0.7981267427122953,0.4235294117647059,1,155.76999999999998,0.6070933333333338,-1000000000.0,0.9681818181818181
A,8,8,spread<=1.25,85,79.63899999999967,0.2654633333333322,0.7981267427122953,0.4235294117647059,1,155.76999999999998,0.6115061728395067,-1000000000.0,0.9818181818181818
A,8,8,body>=0.40,77,73.29600000000005,0.24432000000000018,0.7985194633123234,0.4025974025974026,0,159.356,0.6812977528089892,-1000000000.0,0.8727272727272727
A,8,8,body>=0.60,115,76.64299999999912,0.25547666666666374,0.7757278172651249,0.4260869565217391,0,281.1090000000004,0.4943820224719101,-1000000000.0,0.6863636363636364
A,8,8,close>=0.70,115,76.00999999999908,0.25336666666666363,0.7769031182492746,0.4434782608695652,0,547.8780000000006,0.4943820224719101,-1000000000.0,0.7045454545454546
A,8,8,close>=0.85,109,293.88299999999776,0.9796099999999925,0.6970079395881955,0.5321100917431193,3,748.0,0.3711340206185567,-1000000000.0,0.4954545454545455
A,8,8,trend>=2,85,79.63899999999967,0.2654633333333322,0.7981267427122953,0.4235294117647059,1,155.76999999999998,0.6335477528089891,-1000000000.0,1.0
A,8,8,trend=3,84,79.85100000000011,0.26617000000000035,0.7935130019239128,0.4166666666666667,1,243.53999999999996,0.6196571428571436,-1000000000.0,0.9636363636363636
A,8,8,mom>=0,85,79.63899999999967,0.2654633333333322,0.7981267427122953,0.4235294117647059,1,155.76999999999998,0.6335477528089891,-1000000000.0,1.0
A,8,8,mom>=0.15,85,79.63899999999967,0.2654633333333322,0.7981267427122953,0.4235294117647059,1,155.76999999999998,0.6335477528089891,-1000000000.0,1.0
A,8,8,emaAligned,85,79.63899999999967,0.2654633333333322,0.7981267427122953,0.4235294117647059,1,155.76999999999998,0.6335477528089891,-1000000000.0,1.0
A,8,8,prevRoom>=0,79,73.54799999999909,0.24515999999999696,0.7835002384358632,0.4177215189873418,0,476.23500000000035,0.5154639175257731,-1000000000.0,0.9
A,8,8,prevDist>=0.25,76,77.92700000000036,0.25975666666666786,0.7947831353856687,0.39473684210526316,1,163.76999999999998,0.6115061728395067,-1000000000.0,0.9272727272727272
A,8,8,prevDist>=0.50,102,78.1789999999994,0.2605966666666647,0.8102806028970326,0.4411764705882353,1,167.18499999999995,0.56,-1000000000.0,0.7545454545454545
A,8,8,break>=0.05,90,76.68200000000093,0.25560666666666976,0.7598742410150884,0.37777777777777777,0,221.79800000000023,0.5191797752808988,-1000000000.0,0.5181818181818182
A,8,8,break<=0.25,85,72.19099999999912,0.24063666666666375,0.8152700157628635,0.4117647058823529,1,155.76999999999998,0.6335477528089891,-1000000000.0,0.9818181818181818
A,8,8,asiaRatio<=0.80,85,79.63899999999967,0.2654633333333322,0.7981267427122953,0.4235294117647059,1,155.76999999999998,0.6335477528089891,-1000000000.0,1.0
A,8,8,time<=12,86,79.44000000000028,0.2648000000000009,0.7763437953984924,0.43023255813953487,0,329.4380000000001,0.43604705882353034,-1000000000.0,0.9090909090909091
A,8,8,time<=13,86,79.44000000000028,0.2648000000000009,0.7763437953984924,0.43023255813953487,0,353.4380000000001,0.5275698924731191,-1000000000.0,0.9227272727272727
A,8,8,LONG,97,79.79099999999858,0.26596999999999527,0.7732759355553698,0.44329896907216493,2,126.4699999999998,0.7361328828828836,-1000000000.0,0.5227272727272727
A,8,8,SHORT,60,75.93700000000081,0.25312333333333603,0.8043823787774559,0.36666666666666664,1,635.172,0.4,-1000000000.0,0.4772727272727273
A,8,8,Mon-Wed,127,153.8140000000003,0.5127133333333344,0.7619566265311375,0.4881889763779528,4,276.4999999999998,0.47379213483146154,-1000000000.0,0.5772727272727273
A,8,8,Thu-Fri,93,123.90999999999917,0.4130333333333306,0.7035568250150354,0.44086021505376344,1,182.6260000000002,0.5066666666666667,-1000000000.0,0.42272727272727273
A,8,8,spread<=10%TP,85,79.63899999999967,0.2654633333333322,0.7981267427122953,0.4235294117647059,1,155.76999999999998,0.6297882352941181,-1000000000.0,0.9545454545454546
A,8,8,spread<=15%TP,85,79.63899999999967,0.2654633333333322,0.7981267427122953,0.4235294117647059,1,155.76999999999998,0.6115061728395067,-1000000000.0,0.9818181818181818
A,8,8,lowSpread+close,83,76.00999999999908,0.25336666666666363,0.7769031182492746,0.42168674698795183,0,474.5650000000005,0.5185185185185185,-1000000000.0,0.6909090909090909
A,8,8,body+close,109,75.32999999999925,0.2510999999999975,0.7788989856297569,0.43119266055045874,1,425.2520000000004,0.5154639175257731,-1000000000.0,0.6636363636363637
A,8,8,trend+mom,85,79.63899999999967,0.2654633333333322,0.7981267427122953,0.4235294117647059,1,155.76999999999998,0.6335477528089891,-1000000000.0,1.0
A,8,8,trend+close,115,76.00999999999908,0.25336666666666363,0.7769031182492746,0.4434782608695652,0,547.8780000000006,0.4943820224719101,-1000000000.0,0.7045454545454546
A,8,8,trend+lowSpread,85,79.63899999999967,0.2654633333333322,0.7981267427122953,0.4235294117647059,1,155.76999999999998,0.6070933333333338,-1000000000.0,0.9681818181818181
A,8,8,break+trend,90,76.68200000000093,0.25560666666666976,0.7598742410150884,0.37777777777777777,0,221.79800000000023,0.5191797752808988,-1000000000.0,0.5181818181818182
A,8,8,break+close,85,157.7580000000005,0.5258600000000017,0.6274093841191815,0.4588235294117647,2,343.9390000000003,0.33707865168539325,-1000000000.0,0.38636363636363635
A,8,8,prevRoom+trend,79,73.54799999999909,0.24515999999999696,0.7835002384358632,0.4177215189873418,0,476.23500000000035,0.5154639175257731,-1000000000.0,0.9
A,8,8,prevDist+trend,76,77.92700000000036,0.25975666666666786,0.7947831353856687,0.39473684210526316,1,163.76999999999998,0.6115061728395067,-1000000000.0,0.9272727272727272
A,8,8,early+trend,86,79.44000000000028,0.2648000000000009,0.7763437953984924,0.43023255813953487,0,353.4380000000001,0.5275698924731191,-1000000000.0,0.9227272727272727
A,8,8,lowSpread+body,77,73.29600000000005,0.24432000000000018,0.7985194633123234,0.4025974025974026,0,159.356,0.6812977528089892,-1000000000.0,0.85
A,8,8,compression+trend,85,79.63899999999967,0.2654633333333322,0.7981267427122953,0.4235294117647059,1,155.76999999999998,0.6335477528089891,-1000000000.0,1.0
A,8,8,TPspread+close,85,76.00999999999908,0.25336666666666363,0.7769031182492746,0.4235294117647059,0,474.5650000000005,0.5185185185185185,-1000000000.0,0.7
A,8,10,ALL,98,96.71599999999944,0.3223866666666648,0.7640422848248436,0.4489795918367347,1,195.3900000000001,0.6002999999999997,-1000000000.0,1.0
A,8,10,spread<=0.5,98,96.71599999999944,0.3223866666666648,0.7640422848248436,0.4489795918367347,1,179.3900000000001,0.6536333333333331,-1000000000.0,0.8954545454545455
A,8,10,spread<=0.75,98,96.71599999999944,0.3223866666666648,0.7640422848248436,0.4489795918367347,1,179.3900000000001,0.6536333333333331,-1000000000.0,0.9545454545454546
A,8,10,spread<=1.0,98,96.71599999999944,0.3223866666666648,0.7640422848248436,0.4489795918367347,1,99.91000000000008,0.6669666666666664,-1000000000.0,0.9681818181818181
A,8,10,spread<=1.25,98,96.71599999999944,0.3223866666666648,0.7640422848248436,0.4489795918367347,1,177.3900000000001,0.6602999999999998,-1000000000.0,0.9818181818181818
A,8,10,body>=0.40,84,98.33799999999951,0.3277933333333317,0.7497588892875608,0.42857142857142855,1,98.45400000000018,0.6718199999999994,-1000000000.0,0.8727272727272727
A,8,10,body>=0.60,104,99.80899999999929,0.3326966666666643,0.7034154661722075,0.4519230769230769,0,206.06200000000035,0.5251292426740582,-1000000000.0,0.6863636363636364
A,8,10,close>=0.70,79,96.65699999999993,0.32218999999999975,0.712781700185423,0.4430379746835443,0,326.3720000000003,0.544630526541012,-1000000000.0,0.7045454545454546
A,8,10,close>=0.85,109,219.6259999999977,0.732086666666659,0.650656975729008,0.5412844036697247,2,313.16399999999976,0.45751633986928103,-1000000000.0,0.4954545454545455
A,8,10,trend>=2,98,96.71599999999944,0.3223866666666648,0.7640422848248436,0.4489795918367347,1,195.3900000000001,0.6002999999999997,-1000000000.0,1.0
A,8,10,trend=3,92,99.38899999999967,0.3312966666666656,0.7540156318834996,0.44565217391304346,1,199.3900000000001,0.5609819413843832,-1000000000.0,0.9636363636363636
A,8,10,mom>=0,98,96.71599999999944,0.3223866666666648,0.7640422848248436,0.4489795918367347,1,195.3900000000001,0.6002999999999997,-1000000000.0,1.0
A,8,10,mom>=0.15,98,96.71599999999944,0.3223866666666648,0.7640422848248436,0.4489795918367347,1,195.3900000000001,0.6002999999999997,-1000000000.0,1.0
A,8,10,emaAligned,98,96.71599999999944,0.3223866666666648,0.7640422848248436,0.4489795918367347,1,195.3900000000001,0.6002999999999997,-1000000000.0,1.0
A,8,10,prevRoom>=0,96,93.39699999999971,0.31132333333333234,0.7439318957599365,0.4479166666666667,0,281.28800000000024,0.47049668874172157,-1000000000.0,0.9
A,8,10,prevDist>=0.25,89,97.26099999999974,0.32420333333333246,0.7471388979882603,0.42696629213483145,1,207.3900000000001,0.627353333333333,-1000000000.0,0.9272727272727272
A,8,10,prevDist>=0.50,101,90.46699999999942,0.3015566666666647,0.7732895284205682,0.46534653465346537,1,190.80500000000006,0.6536333333333331,-1000000000.0,0.7545454545454545
A,8,10,break>=0.05,76,93.15200000000095,0.3105066666666698,0.7018811646707142,0.39473684210526316,0,184.51900000000023,0.5019742856587109,-1000000000.0,0.5181818181818182
A,8,10,break<=0.25,97,93.93499999999904,0.31311666666666343,0.769261568240215,0.44329896907216493,1,207.3900000000001,0.5873533333333331,-1000000000.0,0.9818181818181818
A,8,10,asiaRatio<=0.80,98,96.71599999999944,0.3223866666666648,0.7640422848248436,0.4489795918367347,1,195.3900000000001,0.6002999999999997,-1000000000.0,1.0
A,8,10,time<=12,97,93.74100000000021,0.3124700000000007,0.7606455912430006,0.44329896907216493,1,207.3900000000001,0.5006866666666664,-1000000000.0,0.9090909090909091
A,8,10,time<=13,100,99.74100000000021,0.3324700000000007,0.7453254383478747,0.45,1,218.7030000000002,0.5206866666666663,-1000000000.0,0.9227272727272727
A,8,10,LONG,115,117.16699999999969,0.3905566666666656,0.7004547187908069,0.48695652173913045,1,124.79399999999964,0.6585460122699398,-1000000000.0,0.5227272727272727
A,8,10,SHORT,51,91.20399999999995,0.3040133333333332,0.7517961334146132,0.37254901960784315,0,348.05200000000036,0.43177999999999883,-1000000000.0,0.4772727272727273
A,8,10,Mon-Wed,127,187.82200000000012,0.6260733333333337,0.6916799856236944,0.5275590551181102,2,260.3230000000001,0.5315671376922756,-1000000000.0,0.5772727272727273
A,8,10,Thu-Fri,72,99.65099999999939,0.33216999999999797,0.6984384929641413,0.4166666666666667,0,166.2249999999999,0.4969600000000006,-1000000000.0,0.42272727272727273
A,8,10,spread<=10%TP,98,96.71599999999944,0.3223866666666648,0.7640422848248436,0.4489795918367347,1,179.3900000000001,0.6536333333333331,-1000000000.0,0.9545454545454546
A,8,10,spread<=15%TP,98,96.71599999999944,0.3223866666666648,0.7640422848248436,0.4489795918367347,1,177.3900000000001,0.6602999999999998,-1000000000.0,0.9818181818181818
A,8,10,lowSpread+close,76,90.65699999999993,0.30218999999999974,0.7306108258451006,0.4342105263157895,0,324.3720000000003,0.5384466666666655,-1000000000.0,0.6909090909090909
A,8,10,body+close,96,97.68299999999999,0.32560999999999996,0.7097329196976179,0.4479166666666667,0,268.3720000000003,0.499244649329261,-1000000000.0,0.6636363636363637
A,8,10,trend+mom,98,96.71599999999944,0.3223866666666648,0.7640422848248436,0.4489795918367347,1,195.3900000000001,0.6002999999999997,-1000000000.0,1.0
A,8,10,trend+close,79,96.65699999999993,0.32218999999999975,0.712781700185423,0.4430379746835443,0,326.3720000000003,0.544630526541012,-1000000000.0,0.7045454545454546
A,8,10,trend+lowSpread,98,96.71599999999944,0.3223866666666648,0.7640422848248436,0.4489795918367347,1,99.91000000000008,0.6669666666666664,-1000000000.0,0.9681818181818181
A,8,10,break+trend,76,93.15200000000095,0.3105066666666698,0.7018811646707142,0.39473684210526316,0,184.51900000000023,0.5019742856587109,-1000000000.0,0.5181818181818182
A,8,10,break+close,85,158.18400000000065,0.5272800000000022,0.6055105462550532,0.47058823529411764,1,236.48800000000028,0.38969999935993,-1000000000.0,0.38636363636363635
A,8,10,prevRoom+trend,96,93.39699999999971,0.31132333333333234,0.7439318957599365,0.4479166666666667,0,281.28800000000024,0.47049668874172157,-1000000000.0,0.9
A,8,10,prevDist+trend,89,97.26099999999974,0.32420333333333246,0.7471388979882603,0.42696629213483145,1,207.3900000000001,0.627353333333333,-1000000000.0,0.9272727272727272
A,8,10,early+trend,100,99.74100000000021,0.3324700000000007,0.7453254383478747,0.45,1,218.7030000000002,0.5206866666666663,-1000000000.0,0.9227272727272727
A,8,10,lowSpread+body,84,98.33799999999951,0.3277933333333317,0.7497588892875608,0.42857142857142855,1,94.45400000000018,0.6851533333333327,-1000000000.0,0.85
A,8,10,compression+trend,98,96.71599999999944,0.3223866666666648,0.7640422848248436,0.4489795918367347,1,195.3900000000001,0.6002999999999997,-1000000000.0,1.0
A,8,10,TPspread+close,77,98.65699999999993,0.3288566666666664,0.7068386582988637,0.44155844155844154,0,284.3720000000003,0.5717799999999988,-1000000000.0,0.7
A,8,12,ALL,98,118.2259999999992,0.39408666666666403,0.6832593005374322,0.45918367346938777,1,265.35699999999974,0.5248564147426891,-1000000000.0,1.0
A,8,12,spread<=0.5,98,118.2259999999992,0.39408666666666403,0.6832593005374322,0.45918367346938777,1,208.5799999999997,0.5752533333333342,-1000000000.0,0.8954545454545455
A,8,12,spread<=0.75,98,118.2259999999992,0.39408666666666403,0.6832593005374322,0.45918367346938777,1,228.5799999999997,0.5085866666666675,-1000000000.0,0.9545454545454546
A,8,12,spread<=1.0,98,118.2259999999992,0.39408666666666403,0.6832593005374322,0.45918367346938777,1,208.5799999999997,0.5752533333333342,-1000000000.0,0.9681818181818181
A,8,12,spread<=1.25,98,118.2259999999992,0.39408666666666403,0.6832593005374322,0.45918367346938777,1,232.5799999999997,0.49525333333333416,-1000000000.0,0.9818181818181818
A,8,12,body>=0.40,86,110.57899999999904,0.36859666666666346,0.6945179594565506,0.43023255813953487,1,231.10199999999986,0.6031455079225834,-1000000000.0,0.8727272727272727
A,8,12,body>=0.60,105,116.955999999999,0.38985333333333,0.6475764022394882,0.4666666666666667,0,239.66300000000024,0.5213309795700705,-1000000000.0,0.6863636363636364
A,8,12,close>=0.70,110,119.96399999999926,0.3998799999999975,0.6326140616291135,0.4909090909090909,0,422.5529999999999,0.4284776718852549,-1000000000.0,0.7045454545454546
A,8,12,trend>=2,98,118.2259999999992,0.39408666666666403,0.6832593005374322,0.45918367346938777,1,265.35699999999974,0.5248564147426891,-1000000000.0,1.0
A,8,12,trend=3,97,114.33199999999943,0.38110666666666476,0.6904625247723133,0.4536082474226804,1,275.56899999999973,0.474280323540414,-1000000000.0,0.9636363636363636
A,8,12,mom>=0,98,118.2259999999992,0.39408666666666403,0.6832593005374322,0.45918367346938777,1,265.35699999999974,0.5248564147426891,-1000000000.0,1.0
A,8,12,mom>=0.15,98,118.2259999999992,0.39408666666666403,0.6832593005374322,0.45918367346938777,1,265.35699999999974,0.5248564147426891,-1000000000.0,1.0
A,8,12,emaAligned,98,118.2259999999992,0.39408666666666403,0.6832593005374322,0.45918367346938777,1,265.35699999999974,0.5248564147426891,-1000000000.0,1.0
A,8,12,prevRoom>=0,105,109.89799999999923,0.3663266666666641,0.685461112669367,0.47619047619047616,1,312.9859999999992,0.46223812419282934,-1000000000.0,0.9
A,8,12,prevDist>=0.25,104,117.33299999999963,0.39110999999999874,0.670808690675257,0.46153846153846156,1,297.7479999999998,0.45918610531455545,-1000000000.0,0.9272727272727272
A,8,12,prevDist>=0.50,102,109.7359999999992,0.365786666666664,0.7017573421898031,0.49019607843137253,1,243.21299999999974,0.4504799999999985,-1000000000.0,0.7545454545454545
A,8,12,break>=0.05,73,118.0210000000011,0.393403333333337,0.6377946231279134,0.3972602739726027,0,217.46100000000024,0.4358924137408154,-1000000000.0,0.5181818181818182
A,8,12,break<=0.25,97,116.37199999999893,0.3879066666666631,0.6866700412488855,0.4536082474226804,1,277.35699999999974,0.5000624879580506,-1000000000.0,0.9818181818181818
A,8,12,asiaRatio<=0.80,98,118.2259999999992,0.39408666666666403,0.6832593005374322,0.45918367346938777,1,265.35699999999974,0.5248564147426891,-1000000000.0,1.0
A,8,12,time<=12,94,113.61299999999983,0.37870999999999944,0.6853644757320818,0.44680851063829785,1,280.66099999999983,0.3702389478481696,-1000000000.0,0.9090909090909091
A,8,12,time<=13,107,114.50699999999983,0.3816899999999995,0.6828886661091027,0.4672897196261682,1,339.23599999999897,0.39294815716405296,-1000000000.0,0.9227272727272727
A,8,12,LONG,115,195.3569999999993,0.6511899999999976,0.5237133628973526,0.5304347826086957,2,221.70099999999934,0.5824568866356187,-1000000000.0,0.5227272727272727
A,8,12,SHORT,51,119.70199999999954,0.3990066666666651,0.6582910843153389,0.39215686274509803,0,346.93299999999977,0.38683666666666644,-1000000000.0,0.4772727272727273
A,8,12,Mon-Wed,127,238.16699999999946,0.7938899999999982,0.5980596248460801,0.5669291338582677,2,368.22899999999936,0.43409787322791477,-1000000000.0,0.5772727272727273
A,8,12,Thu-Fri,93,144.48399999999924,0.4816133333333308,0.6243127578124544,0.4838709677419355,2,224.98099999999977,0.32363612288135746,-1000000000.0,0.42272727272727273
A,8,12,spread<=10%TP,98,118.2259999999992,0.39408666666666403,0.6832593005374322,0.45918367346938777,1,228.5799999999997,0.5085866666666675,-1000000000.0,0.9545454545454546
A,8,12,spread<=15%TP,98,118.2259999999992,0.39408666666666403,0.6832593005374322,0.45918367346938777,1,232.5799999999997,0.49525333333333416,-1000000000.0,0.9818181818181818
A,8,12,lowSpread+close,76,115.92799999999943,0.38642666666666475,0.6449741833928496,0.4473684210526316,0,398.35500000000025,0.4174677357671139,-1000000000.0,0.6909090909090909
A,8,12,body+close,146,242.24199999999905,0.8074733333333302,0.600714655682717,0.541095890410959,2,345.19399999999996,0.45302325082003314,-1000000000.0,0.6636363636363637
A,8,12,trend+mom,98,118.2259999999992,0.39408666666666403,0.6832593005374322,0.45918367346938777,1,265.35699999999974,0.5248564147426891,-1000000000.0,1.0
A,8,12,trend+close,110,119.96399999999926,0.3998799999999975,0.6326140616291135,0.4909090909090909,0,422.5529999999999,0.4284776718852549,-1000000000.0,0.7045454545454546
A,8,12,trend+lowSpread,98,118.2259999999992,0.39408666666666403,0.6832593005374322,0.45918367346938777,1,208.5799999999997,0.5752533333333342,-1000000000.0,0.9681818181818181
A,8,12,break+trend,73,118.0210000000011,0.393403333333337,0.6377946231279134,0.3972602739726027,0,217.46100000000024,0.4358924137408154,-1000000000.0,0.5181818181818182
A,8,12,break+close,85,192.09500000000048,0.6403166666666683,0.5406952835858665,0.4823529411764706,1,237.70600000000036,0.3948685240304924,-1000000000.0,0.38636363636363635
A,8,12,prevRoom+trend,105,109.89799999999923,0.3663266666666641,0.685461112669367,0.47619047619047616,1,312.9859999999992,0.46223812419282934,-1000000000.0,0.9
A,8,12,prevDist+trend,104,117.33299999999963,0.39110999999999874,0.670808690675257,0.46153846153846156,1,297.7479999999998,0.45918610531455545,-1000000000.0,0.9272727272727272
A,8,12,early+trend,107,114.50699999999983,0.3816899999999995,0.6828886661091027,0.4672897196261682,1,339.23599999999897,0.39294815716405296,-1000000000.0,0.9227272727272727
A,8,12,lowSpread+body,86,110.57899999999904,0.36859666666666346,0.6945179594565506,0.43023255813953487,1,118.22499999999991,0.605916666666667,-1000000000.0,0.85
A,8,12,compression+trend,98,118.2259999999992,0.39408666666666403,0.6832593005374322,0.45918367346938777,1,265.35699999999974,0.5248564147426891,-1000000000.0,1.0
A,8,12,TPspread+close,103,117.86099999999942,0.39286999999999805,0.6390544323102672,0.4854368932038835,0,420.4040000000002,0.43129268879975075,-1000000000.0,0.7
A,8,15,ALL,113,141.56299999999987,0.4718766666666662,0.6207368629741364,0.48672566371681414,1,340.48,0.2496347711122121,-1000000000.0,1.0
A,8,15,spread<=0.5,101,148.62900000000013,0.4954300000000004,0.6018062573340691,0.46534653465346537,1,290.76,0.32046000000000047,-1000000000.0,0.8954545454545455
A,8,15,spread<=0.75,101,140.66899999999987,0.46889666666666624,0.6231319891335222,0.46534653465346537,1,307.2729999999999,0.2962366666666655,-1000000000.0,0.9545454545454546
A,8,15,spread<=1.0,101,140.66899999999987,0.46889666666666624,0.6231319891335222,0.46534653465346537,1,285.2729999999999,0.3695699999999988,-1000000000.0,0.9681818181818181
A,8,15,spread<=1.25,107,142.66899999999987,0.4755633333333329,0.6177737650633081,0.4766355140186916,1,317.2729999999999,0.2895699999999988,-1000000000.0,0.9818181818181818
A,8,15,body>=0.40,86,149.03299999999967,0.4967766666666656,0.5882861578752548,0.4418604651162791,1,300.45500000000015,0.33443915984756756,-1000000000.0,0.8727272727272727
A,8,15,body>=0.60,151,235.07799999999997,0.7835933333333333,0.5241866860694548,0.5364238410596026,2,325.0650000000005,0.21664999999999812,-1000000000.0,0.6863636363636364
A,8,15,trend>=2,113,141.56299999999987,0.4718766666666662,0.6207368629741364,0.48672566371681414,1,340.48,0.2496347711122121,-1000000000.0,1.0
A,8,15,trend=3,109,139.7750000000001,0.465916666666667,0.6215792551520996,0.47706422018348627,1,323.7479999999998,0.31687802476252375,-1000000000.0,0.9636363636363636
A,8,15,mom>=0,113,141.56299999999987,0.4718766666666662,0.6207368629741364,0.48672566371681414,1,340.48,0.2496347711122121,-1000000000.0,1.0
A,8,15,mom>=0.15,113,141.56299999999987,0.4718766666666662,0.6207368629741364,0.48672566371681414,1,340.48,0.2496347711122121,-1000000000.0,1.0
A,8,15,emaAligned,113,141.56299999999987,0.4718766666666662,0.6207368629741364,0.48672566371681414,1,340.48,0.2496347711122121,-1000000000.0,1.0
A,8,15,prevRoom>=0,104,147.05299999999988,0.49017666666666626,0.5675395102900274,0.49038461538461536,0,420.6509999999996,0.2487479685582568,-1000000000.0,0.9
A,8,15,prevDist>=0.25,104,136.875,0.45625,0.6159813482666909,0.47115384615384615,0,352.8040000000001,0.26668319286068387,-1000000000.0,0.9272727272727272
A,8,15,prevDist>=0.50,166,275.42699999999945,0.9180899999999982,0.5578569448445675,0.572289156626506,3,325.922,0.32044999999999924,-1000000000.0,0.7545454545454545
A,8,15,break>=0.05,59,145.3150000000005,0.48438333333333505,0.5240988121710703,0.3728813559322034,0,298.89700000000016,0.19084666666666483,-1000000000.0,0.5181818181818182
A,8,15,break<=0.25,110,146.7089999999996,0.4890299999999987,0.6049880992127182,0.4818181818181818,1,373.48,0.28254643623003306,-1000000000.0,0.9818181818181818
A,8,15,asiaRatio<=0.80,113,141.56299999999987,0.4718766666666662,0.6207368629741364,0.48672566371681414,1,340.48,0.2496347711122121,-1000000000.0,1.0
A,8,15,time<=12,94,146.19700000000012,0.4873233333333337,0.5951275845070815,0.4574468085106383,1,417.60699999999997,0.2951545041944622,-1000000000.0,0.9090909090909091
A,8,15,time<=13,106,147.09100000000012,0.49030333333333376,0.5926517748841025,0.4811320754716981,1,418.92999999999984,0.24407966875603596,-1000000000.0,0.9227272727272727
A,8,15,LONG,115,233.33500000000026,0.7777833333333342,0.38781496825551814,0.5478260869565217,2,262.0459999999998,0.4450912634706029,-1000000000.0,0.5227272727272727
A,8,15,SHORT,51,135.3999999999994,0.45133333333333137,0.6044451715434253,0.4117647058823529,0,370.693,0.31461333333333336,-1000000000.0,0.4772727272727273
A,8,15,Mon-Wed,127,283.13599999999974,0.9437866666666658,0.4373898332108033,0.5826771653543307,2,304.1039999999998,0.38289653723731754,-1000000000.0,0.5772727272727273
A,8,15,Thu-Fri,93,234.096,0.78032,0.3987511707773959,0.5268817204301075,2,285.6189999999999,0.16524333333333363,-1000000000.0,0.42272727272727273
A,8,15,spread<=10%TP,101,140.66899999999987,0.46889666666666624,0.6231319891335222,0.46534653465346537,1,307.2729999999999,0.2962366666666655,-1000000000.0,0.9545454545454546
A,8,15,spread<=15%TP,107,142.66899999999987,0.4755633333333329,0.6177737650633081,0.4766355140186916,1,317.2729999999999,0.2895699999999988,-1000000000.0,0.9818181818181818
A,8,15,lowSpread+close,76,138.31500000000028,0.46105000000000096,0.5735651391081283,0.4473684210526316,0,400.7860000000003,0.2475133333333315,-1000000000.0,0.6909090909090909
A,8,15,body+close,146,298.3090000000002,0.994363333333334,0.47831368389897433,0.5616438356164384,3,372.5610000000006,0.20852914128231798,-1000000000.0,0.6636363636363637
A,8,15,trend+mom,113,141.56299999999987,0.4718766666666662,0.6207368629741364,0.48672566371681414,1,340.48,0.2496347711122121,-1000000000.0,1.0
A,8,15,trend+lowSpread,101,140.66899999999987,0.46889666666666624,0.6231319891335222,0.46534653465346537,1,285.2729999999999,0.3695699999999988,-1000000000.0,0.9681818181818181
A,8,15,break+trend,59,145.3150000000005,0.48438333333333505,0.5240988121710703,0.3728813559322034,0,298.89700000000016,0.19084666666666483,-1000000000.0,0.5181818181818182
A,8,15,break+close,85,240.70900000000006,0.8023633333333335,0.41199343607305805,0.5176470588235295,3,288.3040000000001,0.24277002976911344,-1000000000.0,0.38636363636363635
A,8,15,prevRoom+trend,104,147.05299999999988,0.49017666666666626,0.5675395102900274,0.49038461538461536,0,420.6509999999996,0.2487479685582568,-1000000000.0,0.9
A,8,15,prevDist+trend,104,136.875,0.45625,0.6159813482666909,0.47115384615384615,0,352.8040000000001,0.26668319286068387,-1000000000.0,0.9272727272727272
A,8,15,early+trend,106,147.09100000000012,0.49030333333333376,0.5926517748841025,0.4811320754716981,1,418.92999999999984,0.24407966875603596,-1000000000.0,0.9227272727272727
A,8,15,lowSpread+body,86,149.03299999999967,0.4967766666666656,0.5882861578752548,0.4418604651162791,1,277.56100000000015,0.325316666666666,-1000000000.0,0.85
A,8,15,compression+trend,113,141.56299999999987,0.4718766666666662,0.6207368629741364,0.48672566371681414,1,340.48,0.2496347711122121,-1000000000.0,1.0
A,8,20,ALL,68,193.9369999999999,0.6464566666666663,0.42388504852523157,0.47058823529411764,1,325.45000000000005,0.3359523004846227,-1000000000.0,1.0
A,8,20,spread<=0.5,68,193.9369999999999,0.6464566666666663,0.42388504852523157,0.47058823529411764,1,196.45100000000048,0.34516333333333177,-1000000000.0,0.8954545454545455
A,8,20,spread<=0.75,68,193.9369999999999,0.6464566666666663,0.42388504852523157,0.47058823529411764,1,196.77000000000044,0.3440999999999985,-1000000000.0,0.9545454545454546
A,8,20,spread<=1.0,68,193.9369999999999,0.6464566666666663,0.42388504852523157,0.47058823529411764,1,196.43100000000027,0.3452299999999991,-1000000000.0,0.9681818181818181
A,8,20,spread<=1.25,68,193.9369999999999,0.6464566666666663,0.42388504852523157,0.47058823529411764,1,197.20600000000036,0.3426466666666655,-1000000000.0,0.9818181818181818
A,8,20,body>=0.40,59,184.66399999999976,0.6155466666666659,0.4420875492082877,0.423728813559322,1,321.40200000000027,0.2970952214646887,-1000000000.0,0.8727272727272727
A,8,20,body>=0.60,51,195.1369999999995,0.650456666666665,0.3823429799544854,0.43137254901960786,0,319.6990000000005,0.2471753827537209,-1000000000.0,0.6863636363636364
A,8,20,close>=0.70,48,196.7769999999996,0.655923333333332,0.3718553183067498,0.4375,1,389.44700000000057,0.2580276983898695,-1000000000.0,0.7045454545454546
A,8,20,trend>=2,68,193.9369999999999,0.6464566666666663,0.42388504852523157,0.47058823529411764,1,325.45000000000005,0.3359523004846227,-1000000000.0,1.0
A,8,20,trend=3,67,191.99,0.6399666666666667,0.42635098391906384,0.4626865671641791,1,343.49800000000005,0.25409123940250283,-1000000000.0,0.9636363636363636
A,8,20,mom>=0,68,193.9369999999999,0.6464566666666663,0.42388504852523157,0.47058823529411764,1,325.45000000000005,0.3359523004846227,-1000000000.0,1.0
A,8,20,mom>=0.15,68,193.9369999999999,0.6464566666666663,0.42388504852523157,0.47058823529411764,1,325.45000000000005,0.3359523004846227,-1000000000.0,1.0
A,8,20,emaAligned,68,193.9369999999999,0.6464566666666663,0.42388504852523157,0.47058823529411764,1,325.45000000000005,0.3359523004846227,-1000000000.0,1.0
A,8,20,prevRoom>=0,63,195.1199999999999,0.6503999999999996,0.3990705180522154,0.47619047619047616,1,368.5319999999997,0.2925696546275186,-1000000000.0,0.9
A,8,20,prevDist>=0.25,58,196.49599999999987,0.6549866666666663,0.40131743313813617,0.43103448275862066,1,339.7740000000001,0.323549930391698,-1000000000.0,0.9272727272727272
A,8,20,prevDist>=0.50,73,192.51400000000035,0.6417133333333345,0.42356072832670916,0.4931506849315068,1,198.79800000000046,0.3373399999999985,-1000000000.0,0.7545454545454545
A,8,20,break>=0.05,41,193.65599999999995,0.6455199999999999,0.3811325578422612,0.36585365853658536,0,339.5920000000003,0.1808281419857952,-1000000000.0,0.5181818181818182
A,8,20,break<=0.25,67,193.00999999999976,0.6433666666666659,0.4250555552245749,0.4626865671641791,1,332.4680000000001,0.3025476998209968,-1000000000.0,0.9818181818181818
A,8,20,asiaRatio<=0.80,68,193.9369999999999,0.6464566666666663,0.42388504852523157,0.47058823529411764,1,325.45000000000005,0.3359523004846227,-1000000000.0,1.0
A,8,20,time<=12,65,191.10900000000015,0.6370300000000005,0.4218401619134344,0.46153846153846156,1,405.16600000000017,0.23879107004785968,-1000000000.0,0.9090909090909091
A,8,20,time<=13,65,191.10900000000015,0.6370300000000005,0.4218401619134344,0.46153846153846156,1,425.6350000000002,0.2327172603244952,-1000000000.0,0.9227272727272727
A,8,20,LONG,115,225.9590000000003,0.7531966666666676,0.39006885230951716,0.5478260869565217,2,252.40099999999984,0.36104803788332956,-1000000000.0,0.5227272727272727
A,8,20,SHORT,33,197.75499999999965,0.6591833333333322,0.3918075238657624,0.42424242424242425,1,373.0490000000002,0.3086966666666664,-1000000000.0,0.4772727272727273
A,8,20,Mon-Wed,67,188.5920000000001,0.6286400000000003,0.4304060114950509,0.5223880597014925,1,322.86300000000006,0.29323347600131744,-1000000000.0,0.5772727272727273
A,8,20,Thu-Fri,67,199.856,0.6661866666666666,0.35881320641520476,0.47761194029850745,1,302.587,0.15124762733312289,-1000000000.0,0.42272727272727273
A,8,20,spread<=10%TP,68,193.9369999999999,0.6464566666666663,0.42388504852523157,0.47058823529411764,1,196.77000000000044,0.3440999999999985,-1000000000.0,0.9545454545454546
A,8,20,spread<=15%TP,68,193.9369999999999,0.6464566666666663,0.42388504852523157,0.47058823529411764,1,197.20600000000036,0.3426466666666655,-1000000000.0,0.9818181818181818
A,8,20,lowSpread+close,48,196.7769999999996,0.655923333333332,0.3718553183067498,0.4375,1,365.44700000000057,0.27847862988183747,-1000000000.0,0.6909090909090909
A,8,20,body+close,46,193.70799999999963,0.6456933333333321,0.3794910563272011,0.41304347826086957,0,397.44700000000057,0.15932631502434966,-1000000000.0,0.6636363636363637
A,8,20,trend+mom,68,193.9369999999999,0.6464566666666663,0.42388504852523157,0.47058823529411764,1,325.45000000000005,0.3359523004846227,-1000000000.0,1.0
A,8,20,trend+close,48,196.7769999999996,0.655923333333332,0.3718553183067498,0.4375,1,389.44700000000057,0.2580276983898695,-1000000000.0,0.7045454545454546
A,8,20,trend+lowSpread,68,193.9369999999999,0.6464566666666663,0.42388504852523157,0.47058823529411764,1,196.43100000000027,0.3452299999999991,-1000000000.0,0.9681818181818181
A,8,20,break+trend,41,193.65599999999995,0.6455199999999999,0.3811325578422612,0.36585365853658536,0,339.5920000000003,0.1808281419857952,-1000000000.0,0.5181818181818182
A,8,20,break+close,49,196.65500000000043,0.6555166666666681,0.3616444581500654,0.40816326530612246,0,331.2380000000005,0.15353950695932414,-1000000000.0,0.38636363636363635
A,8,20,prevRoom+trend,63,195.1199999999999,0.6503999999999996,0.3990705180522154,0.47619047619047616,1,368.5319999999997,0.2925696546275186,-1000000000.0,0.9
A,8,20,prevDist+trend,58,196.49599999999987,0.6549866666666663,0.40131743313813617,0.43103448275862066,1,339.7740000000001,0.323549930391698,-1000000000.0,0.9272727272727272
A,8,20,early+trend,65,191.10900000000015,0.6370300000000005,0.4218401619134344,0.46153846153846156,1,425.6350000000002,0.2327172603244952,-1000000000.0,0.9227272727272727
A,8,20,lowSpread+body,59,184.66399999999976,0.6155466666666659,0.4420875492082877,0.423728813559322,1,199.0460000000005,0.33651333333333167,-1000000000.0,0.85
A,8,20,compression+trend,68,193.9369999999999,0.6464566666666663,0.42388504852523157,0.47058823529411764,1,325.45000000000005,0.3359523004846227,-1000000000.0,1.0
A,8,20,TPspread+close,48,196.7769999999996,0.655923333333332,0.3718553183067498,0.4375,1,381.44700000000057,0.2645025501402097,-1000000000.0,0.7
A,10,8,ALL,85,78.8439999999996,0.262813333333332,0.8091138431442818,0.4117647058823529,1,229.6120000000003,0.6474489247311838,-1000000000.0,1.0
A,10,8,spread<=0.5,85,78.8439999999996,0.262813333333332,0.8091138431442818,0.4117647058823529,1,156.9900000000007,0.6623897849462362,-1000000000.0,0.8954545454545455
A,10,8,spread<=0.75,85,78.8439999999996,0.262813333333332,0.8091138431442818,0.4117647058823529,1,164.20200000000023,0.6646378205128212,-1000000000.0,0.9545454545454546
A,10,8,spread<=1.0,85,78.8439999999996,0.262813333333332,0.8091138431442818,0.4117647058823529,1,161.03600000000029,0.6454070512820519,-1000000000.0,0.9681818181818181
A,10,8,spread<=1.25,85,78.8439999999996,0.262813333333332,0.8091138431442818,0.4117647058823529,1,224.10000000000036,0.6582275641025647,-1000000000.0,0.9818181818181818
A,10,8,body>=0.40,78,75.63599999999951,0.2521199999999984,0.8063048989730865,0.38461538461538464,1,155.78200000000015,0.653280701754386,-1000000000.0,0.8727272727272727
A,10,8,body>=0.60,91,79.48799999999892,0.2649599999999964,0.770732382666485,0.3956043956043956,0,189.0450000000003,0.6994585365853659,-1000000000.0,0.6863636363636364
A,10,8,close>=0.70,87,73.45799999999895,0.2448599999999965,0.7881247404125739,0.41379310344827586,0,586.804000000001,0.6642400990099011,-1000000000.0,0.7045454545454546
A,10,8,trend>=2,85,78.8439999999996,0.262813333333332,0.8091138431442818,0.4117647058823529,1,229.6120000000003,0.6474489247311838,-1000000000.0,1.0
A,10,8,trend=3,84,79.05600000000004,0.26352000000000014,0.8086005781494375,0.40476190476190477,1,252.12200000000053,0.6337207454416394,-1000000000.0,0.9636363636363636
A,10,8,mom>=0,85,78.8439999999996,0.262813333333332,0.8091138431442818,0.4117647058823529,1,229.6120000000003,0.6474489247311838,-1000000000.0,1.0
A,10,8,mom>=0.15,85,78.8439999999996,0.262813333333332,0.8091138431442818,0.4117647058823529,1,229.6120000000003,0.6474489247311838,-1000000000.0,1.0
A,10,8,emaAligned,85,78.8439999999996,0.262813333333332,0.8091138431442818,0.4117647058823529,1,229.6120000000003,0.6474489247311838,-1000000000.0,1.0
A,10,8,prevRoom>=0,79,77.5049999999992,0.25834999999999736,0.7796362953991047,0.4050632911392405,0,653.2660000000014,0.5595579899774333,-1000000000.0,0.9
A,10,8,prevDist>=0.25,76,74.47700000000054,0.24825666666666849,0.8064295627855715,0.3815789473684211,1,253.62000000000012,0.6582016129032268,-1000000000.0,0.9272727272727272
A,10,8,prevDist>=0.50,98,72.76999999999862,0.24256666666666205,0.8291262591870788,0.41836734693877553,1,161.8309999999999,0.6617051282051296,-1000000000.0,0.7545454545454545
A,10,8,break>=0.05,76,79.20000000000073,0.2640000000000024,0.7508188056292272,0.35526315789473684,0,237.67200000000048,0.5632821782178213,-1000000000.0,0.5181818181818182
A,10,8,break<=0.25,85,72.88599999999906,0.2429533333333302,0.8235385263484124,0.4,1,229.97200000000043,0.6498210614888111,-1000000000.0,0.9818181818181818
A,10,8,asiaRatio<=0.80,85,78.8439999999996,0.262813333333332,0.8091138431442818,0.4117647058823529,1,229.6120000000003,0.6474489247311838,-1000000000.0,1.0
A,10,8,time<=12,88,74.22100000000023,0.2474033333333341,0.8101104220393791,0.4090909090909091,1,318.30000000000064,0.5629903846153846,-1000000000.0,0.9090909090909091
A,10,8,time<=13,88,74.22100000000023,0.2474033333333341,0.8101104220393791,0.4090909090909091,1,416.680000000001,0.545331089501209,-1000000000.0,0.9227272727272727
A,10,8,LONG,115,96.51799999999821,0.3217266666666607,0.7667833593816339,0.4260869565217391,2,135.18999999999915,0.7611226811678059,-1000000000.0,0.5227272727272727
A,10,8,SHORT,53,72.34400000000096,0.24114666666666987,0.7932443748374518,0.33962264150943394,0,484.03400000000033,0.5412745098039212,-1000000000.0,0.4772727272727273
A,10,8,Mon-Wed,68,74.52099999999996,0.2484033333333332,0.8008913279878588,0.39705882352941174,1,313.4660000000008,0.5059685863874339,-1000000000.0,0.5772727272727273
A,10,8,Thu-Fri,93,134.128999999999,0.4470966666666633,0.6759984309851415,0.43010752688172044,3,186.8059999999998,0.5256800230325342,-1000000000.0,0.42272727272727273
A,10,8,spread<=10%TP,85,78.8439999999996,0.262813333333332,0.8091138431442818,0.4117647058823529,1,161.03600000000029,0.6454070512820519,-1000000000.0,0.9681818181818181
A,10,8,spread<=15%TP,85,78.8439999999996,0.262813333333332,0.8091138431442818,0.4117647058823529,1,229.6120000000003,0.6231350574712653,-1000000000.0,0.9954545454545455
A,10,8,lowSpread+close,82,77.45799999999895,0.25819333333332983,0.7765875213438581,0.4146341463414634,0,515.1210000000008,0.6227672413793108,-1000000000.0,0.6909090909090909
A,10,8,body+close,82,78.77799999999911,0.26259333333333035,0.7727802390511815,0.4024390243902439,0,340.1280000000006,0.6744504950495052,-1000000000.0,0.6636363636363637
A,10,8,trend+mom,85,78.8439999999996,0.262813333333332,0.8091138431442818,0.4117647058823529,1,229.6120000000003,0.6474489247311838,-1000000000.0,1.0
A,10,8,trend+close,87,73.45799999999895,0.2448599999999965,0.7881247404125739,0.41379310344827586,0,586.804000000001,0.6642400990099011,-1000000000.0,0.7045454545454546
A,10,8,trend+lowSpread,85,78.8439999999996,0.262813333333332,0.8091138431442818,0.4117647058823529,1,161.03600000000029,0.6454070512820519,-1000000000.0,0.9681818181818181
A,10,8,break+trend,76,79.20000000000073,0.2640000000000024,0.7508188056292272,0.35526315789473684,0,237.67200000000048,0.5632821782178213,-1000000000.0,0.5181818181818182
A,10,8,break+close,85,158.12400000000048,0.5270800000000015,0.649615394460655,0.4470588235294118,2,322.1780000000008,0.4682448453608238,-1000000000.0,0.38636363636363635
A,10,8,prevRoom+trend,79,77.5049999999992,0.25834999999999736,0.7796362953991047,0.4050632911392405,0,653.2660000000014,0.5595579899774333,-1000000000.0,0.9
A,10,8,prevDist+trend,76,74.47700000000054,0.24825666666666849,0.8064295627855715,0.3815789473684211,1,253.62000000000012,0.6582016129032268,-1000000000.0,0.9272727272727272
A,10,8,early+trend,88,74.22100000000023,0.2474033333333341,0.8101104220393791,0.4090909090909091,1,416.680000000001,0.545331089501209,-1000000000.0,0.9227272727272727
A,10,8,lowSpread+body,78,75.63599999999951,0.2521199999999984,0.8063048989730865,0.38461538461538464,1,153.77200000000016,0.6297788461538468,-1000000000.0,0.85
A,10,8,compression+trend,85,78.8439999999996,0.262813333333332,0.8091138431442818,0.4117647058823529,1,229.6120000000003,0.6474489247311838,-1000000000.0,1.0
A,10,8,TPspread+close,87,73.45799999999895,0.2448599999999965,0.7881247404125739,0.41379310344827586,0,586.804000000001,0.6642400990099011,-1000000000.0,0.7045454545454546
A,10,10,ALL,113,90.22499999999945,0.3007499999999982,0.7781457930688557,0.4424778761061947,1,207.77000000000044,0.6228229631383891,-1000000000.0,1.0
A,10,10,spread<=0.5,101,90.22499999999945,0.3007499999999982,0.7781457930688557,0.43564356435643564,1,207.42800000000057,0.5919140002432257,-1000000000.0,0.8954545454545455
A,10,10,spread<=0.75,101,90.22499999999945,0.3007499999999982,0.7781457930688557,0.43564356435643564,1,93.20500000000015,0.6893166666666661,-1000000000.0,0.9545454545454546
A,10,10,spread<=1.0,101,90.22499999999945,0.3007499999999982,0.7781457930688557,0.43564356435643564,1,90.6890000000003,0.6977033333333323,-1000000000.0,0.9681818181818181
A,10,10,spread<=1.25,103,90.22499999999945,0.3007499999999982,0.7781457930688557,0.4368932038834951,1,93.20500000000015,0.6893166666666661,-1000000000.0,0.9818181818181818
A,10,10,body>=0.40,86,98.06999999999948,0.32689999999999825,0.749760783863438,0.4069767441860465,1,93.57400000000052,0.688086666666665,-1000000000.0,0.8727272727272727
A,10,10,body>=0.60,90,92.59299999999894,0.3086433333333298,0.7296775738041883,0.4222222222222222,0,221.0040000000006,0.643123696950937,-1000000000.0,0.6863636363636364
A,10,10,close>=0.70,83,99.87399999999934,0.3329133333333311,0.7084209174140526,0.4457831325301205,0,405.4170000000008,0.6130214386245632,-1000000000.0,0.7045454545454546
A,10,10,close>=0.85,109,267.6999999999978,0.8923333333333259,0.6465714848920111,0.5321100917431193,3,361.7619999999997,0.48177148138931375,-1000000000.0,0.4954545454545455
A,10,10,trend>=2,113,90.22499999999945,0.3007499999999982,0.7781457930688557,0.4424778761061947,1,207.77000000000044,0.6228229631383891,-1000000000.0,1.0
A,10,10,trend=3,114,93.74299999999971,0.3124766666666657,0.7670414162951484,0.43859649122807015,1,225.1770000000006,0.5588159991807106,-1000000000.0,0.9636363636363636
A,10,10,mom>=0,113,90.22499999999945,0.3007499999999982,0.7781457930688557,0.4424778761061947,1,207.77000000000044,0.6228229631383891,-1000000000.0,1.0
A,10,10,mom>=0.15,113,90.22499999999945,0.3007499999999982,0.7781457930688557,0.4424778761061947,1,207.77000000000044,0.6228229631383891,-1000000000.0,1.0
A,10,10,emaAligned,113,90.22499999999945,0.3007499999999982,0.7781457930688557,0.4424778761061947,1,207.77000000000044,0.6228229631383891,-1000000000.0,1.0
A,10,10,prevRoom>=0,109,98.8139999999994,0.329379999999998,0.730768916389438,0.44036697247706424,0,347.8930000000005,0.49300645161290213,-1000000000.0,0.9
A,10,10,prevDist>=0.25,89,96.55699999999979,0.32185666666666596,0.7482702164380285,0.4157303370786517,1,272.62600000000043,0.6548264451172283,-1000000000.0,0.9272727272727272
A,10,10,prevDist>=0.50,100,90.47599999999898,0.30158666666666323,0.7776434273131236,0.44,1,225.5020000000004,0.644006666666666,-1000000000.0,0.7545454545454545
A,10,10,break>=0.05,91,96.25500000000102,0.3208500000000034,0.685630209285916,0.4065934065934066,0,192.5750000000005,0.4999153200609689,-1000000000.0,0.5181818181818182
A,10,10,break<=0.25,102,97.44399999999905,0.3248133333333302,0.7587452495017416,0.43137254901960786,1,225.1770000000006,0.6071499999999992,-1000000000.0,0.9818181818181818
A,10,10,asiaRatio<=0.80,113,90.22499999999945,0.3007499999999982,0.7781457930688557,0.4424778761061947,1,207.77000000000044,0.6228229631383891,-1000000000.0,1.0
A,10,10,time<=12,106,91.38300000000027,0.3046100000000009,0.7660283736971063,0.4339622641509434,1,272.2780000000005,0.5226499999999995,-1000000000.0,0.9090909090909091
A,10,10,time<=13,111,98.5490000000002,0.3284966666666673,0.7476809712908982,0.44144144144144143,1,290.51000000000045,0.5071499999999992,-1000000000.0,0.9227272727272727
A,10,10,LONG,115,157.8369999999993,0.5261233333333311,0.6293863282414943,0.4782608695652174,2,162.76799999999912,0.6499844043989678,-1000000000.0,0.5227272727272727
A,10,10,SHORT,51,98.59300000000007,0.32864333333333356,0.723354882880456,0.37254901960784315,0,360.33400000000074,0.5262133333333312,-1000000000.0,0.4772727272727273
A,10,10,Mon-Wed,127,206.15200000000073,0.6871733333333357,0.6876932925297566,0.49606299212598426,2,276.20000000000095,0.5295098327315448,-1000000000.0,0.5772727272727273
A,10,10,Thu-Fri,93,159.11699999999905,0.5303899999999968,0.6240236710257576,0.46236559139784944,2,187.73899999999958,0.45348666666666837,-1000000000.0,0.42272727272727273
A,10,10,spread<=10%TP,101,90.22499999999945,0.3007499999999982,0.7781457930688557,0.43564356435643564,1,90.6890000000003,0.6977033333333323,-1000000000.0,0.9681818181818181
A,10,10,spread<=15%TP,103,90.22499999999945,0.3007499999999982,0.7781457930688557,0.4368932038834951,1,207.77000000000044,0.6404833333333325,-1000000000.0,0.9954545454545455
A,10,10,lowSpread+close,76,92.7079999999994,0.3090266666666647,0.7293418348281032,0.4342105263157895,0,365.4170000000008,0.6078709363578746,-1000000000.0,0.6909090909090909
A,10,10,body+close,81,99.4699999999998,0.331566666666666,0.7096003830343801,0.41975308641975306,0,291.45400000000063,0.6056747239141982,-1000000000.0,0.6636363636363637
A,10,10,trend+mom,113,90.22499999999945,0.3007499999999982,0.7781457930688557,0.4424778761061947,1,207.77000000000044,0.6228229631383891,-1000000000.0,1.0
A,10,10,trend+close,83,99.87399999999934,0.3329133333333311,0.7084209174140526,0.4457831325301205,0,405.4170000000008,0.6130214386245632,-1000000000.0,0.7045454545454546
A,10,10,trend+lowSpread,101,90.22499999999945,0.3007499999999982,0.7781457930688557,0.43564356435643564,1,90.6890000000003,0.6977033333333323,-1000000000.0,0.9681818181818181
A,10,10,break+trend,91,96.25500000000102,0.3208500000000034,0.685630209285916,0.4065934065934066,0,192.5750000000005,0.4999153200609689,-1000000000.0,0.5181818181818182
A,10,10,break+close,85,176.18100000000072,0.5872700000000024,0.5713024113039447,0.47058823529411764,2,294.9700000000007,0.38514188269784316,-1000000000.0,0.38636363636363635
A,10,10,prevRoom+trend,109,98.8139999999994,0.329379999999998,0.730768916389438,0.44036697247706424,0,347.8930000000005,0.49300645161290213,-1000000000.0,0.9
A,10,10,prevDist+trend,89,96.55699999999979,0.32185666666666596,0.7482702164380285,0.4157303370786517,1,272.62600000000043,0.6548264451172283,-1000000000.0,0.9272727272727272
A,10,10,early+trend,111,98.5490000000002,0.3284966666666673,0.7476809712908982,0.44144144144144143,1,290.51000000000045,0.5071499999999992,-1000000000.0,0.9227272727272727
A,10,10,lowSpread+body,86,98.06999999999948,0.32689999999999825,0.749760783863438,0.4069767441860465,1,96.39900000000034,0.6786699999999989,-1000000000.0,0.85
A,10,10,compression+trend,113,90.22499999999945,0.3007499999999982,0.7781457930688557,0.4424778761061947,1,207.77000000000044,0.6228229631383891,-1000000000.0,1.0
A,10,10,TPspread+close,83,99.87399999999934,0.3329133333333311,0.7084209174140526,0.4457831325301205,0,405.4170000000008,0.6130214386245632,-1000000000.0,0.7045454545454546
A,10,12,ALL,121,110.5969999999993,0.3686566666666643,0.699683382753866,0.4628099173553719,1,284.1220000000003,0.5116805473083738,-1000000000.0,1.0
A,10,12,spread<=0.5,101,114.53699999999935,0.38178999999999785,0.6889846524813469,0.44554455445544555,1,235.96400000000017,0.44334835222272956,-1000000000.0,0.8954545454545455
A,10,12,spread<=0.75,101,114.53699999999935,0.38178999999999785,0.6889846524813469,0.44554455445544555,1,235.1400000000001,0.5185248940677966,-1000000000.0,0.9545454545454546
A,10,12,spread<=1.0,101,114.53699999999935,0.38178999999999785,0.6889846524813469,0.44554455445544555,1,233.1400000000001,0.5648702330508474,-1000000000.0,0.9681818181818181
A,10,12,spread<=1.25,108,118.53699999999935,0.39512333333333116,0.6781229973823429,0.4537037037037037,1,235.7900000000002,0.4969740936599148,-1000000000.0,0.9818181818181818
A,10,12,body>=0.40,86,119.60699999999906,0.3986899999999969,0.6689262878179785,0.4186046511627907,1,223.19800000000032,0.5396686535859633,-1000000000.0,0.8727272727272727
A,10,12,body>=0.60,104,119.78099999999927,0.39926999999999757,0.6352055111587586,0.4423076923076923,0,235.50200000000063,0.5700797550002058,-1000000000.0,0.6863636363636364
A,10,12,close>=0.70,115,117.31399999999962,0.39104666666666543,0.6427187895916587,0.46956521739130436,0,466.24100000000067,0.5290815266154002,-1000000000.0,0.7045454545454546
A,10,12,trend>=2,121,110.5969999999993,0.3686566666666643,0.699683382753866,0.4628099173553719,1,284.1220000000003,0.5116805473083738,-1000000000.0,1.0
A,10,12,trend=3,116,115.80899999999951,0.3860299999999984,0.6855306461598631,0.45689655172413796,1,282.9630000000002,0.4229182073240272,-1000000000.0,0.9636363636363636
A,10,12,mom>=0,121,110.5969999999993,0.3686566666666643,0.699683382753866,0.4628099173553719,1,284.1220000000003,0.5116805473083738,-1000000000.0,1.0
A,10,12,mom>=0.15,121,110.5969999999993,0.3686566666666643,0.699683382753866,0.4628099173553719,1,284.1220000000003,0.5116805473083738,-1000000000.0,1.0
A,10,12,emaAligned,121,110.5969999999993,0.3686566666666643,0.699683382753866,0.4628099173553719,1,284.1220000000003,0.5116805473083738,-1000000000.0,1.0
A,10,12,prevRoom>=0,112,116.8219999999992,0.389406666666664,0.661073105064961,0.4642857142857143,1,362.3979999999999,0.44912882215061667,-1000000000.0,0.9
A,10,12,prevDist>=0.25,112,116.2569999999996,0.387523333333332,0.673174667431323,0.44642857142857145,1,351.55399999999986,0.5219222785568196,-1000000000.0,0.9272727272727272
A,10,12,prevDist>=0.50,96,119.5559999999989,0.3985199999999963,0.6771217612522367,0.46875,1,264.74400000000014,0.5232322563559315,-1000000000.0,0.7545454545454545
A,10,12,break>=0.05,76,115.65300000000093,0.3855100000000031,0.6369916759783532,0.39473684210526316,0,224.5640000000003,0.4449589776417874,-1000000000.0,0.5181818181818182
A,10,12,break<=0.25,118,110.74299999999903,0.3691433333333301,0.6992869323427531,0.4576271186440678,1,283.22100000000023,0.505207732493944,-1000000000.0,0.9818181818181818
A,10,12,asiaRatio<=0.80,121,110.5969999999993,0.3686566666666643,0.699683382753866,0.4628099173553719,1,284.1220000000003,0.5116805473083738,-1000000000.0,1.0
A,10,12,time<=12,94,115.37099999999987,0.3845699999999996,0.6798646991248184,0.43617021276595747,1,363.69499999999994,0.3582080616869314,-1000000000.0,0.9090909090909091
A,10,12,time<=13,114,111.43099999999981,0.371436666666666,0.6907975426075674,0.45614035087719296,1,404.164,0.4041101534303472,-1000000000.0,0.9227272727272727
A,10,12,LONG,115,225.26899999999932,0.7508966666666644,0.5253300971783624,0.5130434782608696,2,274.6349999999986,0.5759121759316715,-1000000000.0,0.5227272727272727
A,10,12,SHORT,52,118.11999999999966,0.3937333333333322,0.65011019218465,0.38461538461538464,0,310.6110000000001,0.5101033333333324,-1000000000.0,0.4772727272727273
A,10,12,Mon-Wed,127,263.2160000000001,0.8773866666666671,0.5209682986030558,0.5275590551181102,3,281.9310000000005,0.484461910193137,-1000000000.0,0.5772727272727273
A,10,12,Thu-Fri,93,180.79599999999914,0.6026533333333305,0.5514945955569532,0.4838709677419355,3,260.6709999999996,0.2761906877554667,-1000000000.0,0.42272727272727273
A,10,12,spread<=10%TP,101,114.53699999999935,0.38178999999999785,0.6889846524813469,0.44554455445544555,1,233.1400000000001,0.5648702330508474,-1000000000.0,0.9681818181818181
A,10,12,spread<=15%TP,119,112.5969999999993,0.375323333333331,0.694252555204364,0.46218487394957986,1,283.54700000000025,0.5099952207518255,-1000000000.0,0.9954545454545455
A,10,12,lowSpread+close,84,110.39299999999957,0.36797666666666523,0.6637967790663689,0.44047619047619047,0,425.60900000000083,0.4845630511545345,-1000000000.0,0.6909090909090909
A,10,12,body+close,146,267.4599999999998,0.8915333333333327,0.6171699883052341,0.5205479452054794,1,369.5770000000007,0.48611315283895795,-1000000000.0,0.6636363636363637
A,10,12,trend+mom,121,110.5969999999993,0.3686566666666643,0.699683382753866,0.4628099173553719,1,284.1220000000003,0.5116805473083738,-1000000000.0,1.0
A,10,12,trend+close,115,117.31399999999962,0.39104666666666543,0.6427187895916587,0.46956521739130436,0,466.24100000000067,0.5290815266154002,-1000000000.0,0.7045454545454546
A,10,12,trend+lowSpread,101,114.53699999999935,0.38178999999999785,0.6889846524813469,0.44554455445544555,1,233.1400000000001,0.5648702330508474,-1000000000.0,0.9681818181818181
A,10,12,break+trend,76,115.65300000000093,0.3855100000000031,0.6369916759783532,0.39473684210526316,0,224.5640000000003,0.4449589776417874,-1000000000.0,0.5181818181818182
A,10,12,break+close,85,193.43800000000056,0.6447933333333352,0.5009242683686157,0.47058823529411764,1,242.6330000000005,0.3963824859380171,-1000000000.0,0.38636363636363635
A,10,12,prevRoom+trend,112,116.8219999999992,0.389406666666664,0.661073105064961,0.4642857142857143,1,362.3979999999999,0.44912882215061667,-1000000000.0,0.9
A,10,12,prevDist+trend,112,116.2569999999996,0.387523333333332,0.673174667431323,0.44642857142857145,1,351.55399999999986,0.5219222785568196,-1000000000.0,0.9272727272727272
A,10,12,early+trend,114,111.43099999999981,0.371436666666666,0.6907975426075674,0.45614035087719296,1,404.164,0.4041101534303472,-1000000000.0,0.9227272727272727
A,10,12,lowSpread+body,86,119.60699999999906,0.3986899999999969,0.6689262878179785,0.4186046511627907,1,117.34500000000025,0.6115432997881353,-1000000000.0,0.85
A,10,12,compression+trend,121,110.5969999999993,0.3686566666666643,0.699683382753866,0.4628099173553719,1,284.1220000000003,0.5116805473083738,-1000000000.0,1.0
A,10,12,TPspread+close,115,117.31399999999962,0.39104666666666543,0.6427187895916587,0.46956521739130436,0,466.24100000000067,0.5290815266154002,-1000000000.0,0.7045454545454546
A,10,15,ALL,121,142.96000000000004,0.4765333333333335,0.6162621528616602,0.47107438016528924,1,326.87900000000036,0.3513676835498462,-1000000000.0,1.0
A,10,15,spread<=0.5,122,138.8860000000002,0.462953333333334,0.6271977151814807,0.4672131147540984,1,328.2500000000007,0.270395756952193,-1000000000.0,0.8954545454545455
A,10,15,spread<=0.75,102,143.4269999999999,0.4780899999999997,0.6150086163856281,0.45098039215686275,1,307.48600000000033,0.3756833333333323,-1000000000.0,0.9545454545454546
A,10,15,spread<=1.0,104,138.4269999999999,0.461423333333333,0.6284297777992521,0.4519230769230769,1,302.48600000000033,0.442349999999999,-1000000000.0,0.9681818181818181
A,10,15,spread<=1.25,109,138.4269999999999,0.461423333333333,0.6284297777992521,0.45871559633027525,1,323.79900000000043,0.342349999999999,-1000000000.0,0.9818181818181818
A,10,15,body>=0.40,109,142.98700000000008,0.4766233333333336,0.6042101475350848,0.44954128440366975,1,292.31800000000067,0.34229205942353214,-1000000000.0,0.8727272727272727
A,10,15,body>=0.60,105,142.59300000000007,0.47531000000000023,0.5657312883734524,0.44761904761904764,0,309.0110000000009,0.298156666666664,-1000000000.0,0.6863636363636364
A,10,15,trend>=2,121,142.96000000000004,0.4765333333333335,0.6162621528616602,0.47107438016528924,1,326.87900000000036,0.3513676835498462,-1000000000.0,1.0
A,10,15,trend=3,117,139.17200000000025,0.4639066666666675,0.6224840771242254,0.46153846153846156,1,343.3970000000004,0.2943770013210757,-1000000000.0,0.9636363636363636
A,10,15,mom>=0,121,142.96000000000004,0.4765333333333335,0.6162621528616602,0.47107438016528924,1,326.87900000000036,0.3513676835498462,-1000000000.0,1.0
A,10,15,mom>=0.15,121,142.96000000000004,0.4765333333333335,0.6162621528616602,0.47107438016528924,1,326.87900000000036,0.3513676835498462,-1000000000.0,1.0
A,10,15,emaAligned,121,142.96000000000004,0.4765333333333335,0.6162621528616602,0.47107438016528924,1,326.87900000000036,0.3513676835498462,-1000000000.0,1.0
A,10,15,prevRoom>=0,112,139.09299999999962,0.4636433333333321,0.5964599253804971,0.4732142857142857,0,517.0970000000002,0.3120815756729691,-1000000000.0,0.9
A,10,15,prevDist>=0.25,112,136.03200000000015,0.4534400000000005,0.6175825658671524,0.45535714285714285,0,392.46100000000047,0.3513676835498462,-1000000000.0,0.9272727272727272
A,10,15,prevDist>=0.50,102,147.26799999999957,0.4908933333333319,0.6053679477353971,0.4803921568627451,1,350.79300000000035,0.3732299999999994,-1000000000.0,0.7545454545454545
A,10,15,break>=0.05,67,147.92400000000043,0.49308000000000146,0.5073092257116861,0.3880597014925373,0,290.2950000000003,0.24836675305918263,-1000000000.0,0.5181818181818182
A,10,15,break<=0.25,118,146.10599999999977,0.48701999999999923,0.6058560745848312,0.4661016949152542,1,389.1790000000003,0.3172303068974744,-1000000000.0,0.9818181818181818
A,10,15,asiaRatio<=0.80,121,142.96000000000004,0.4765333333333335,0.6162621528616602,0.47107438016528924,1,326.87900000000036,0.3513676835498462,-1000000000.0,1.0
A,10,15,time<=12,106,149.84900000000016,0.4994966666666672,0.5841939941506514,0.46226415094339623,1,481.5890000000004,0.298664683523384,-1000000000.0,0.9090909090909091
A,10,15,time<=13,114,144.48800000000028,0.4816266666666676,0.5990698758539548,0.4649122807017544,1,503.4170000000006,0.2801457138428145,-1000000000.0,0.9227272727272727
A,10,15,LONG,115,234.8880000000006,0.782960000000002,0.37392298428618803,0.5304347826086957,2,289.12599999999975,0.4215534747534606,-1000000000.0,0.5227272727272727
A,10,15,SHORT,51,146.92799999999943,0.4897599999999981,0.5647764165027626,0.4117647058823529,0,370.53400000000033,0.4024466666666664,-1000000000.0,0.4772727272727273
A,10,15,Mon-Wed,127,274.1400000000001,0.9138000000000003,0.46343413266991174,0.5433070866141733,2,308.71600000000035,0.3733125952932443,-1000000000.0,0.5772727272727273
A,10,15,Thu-Fri,93,268.24499999999966,0.8941499999999989,0.3680543401510003,0.5268817204301075,3,291.1039999999998,0.15540685329125525,-1000000000.0,0.42272727272727273
A,10,15,spread<=10%TP,104,138.4269999999999,0.461423333333333,0.6284297777992521,0.4519230769230769,1,302.48600000000033,0.442349999999999,-1000000000.0,0.9681818181818181
A,10,15,spread<=15%TP,119,147.96000000000004,0.49320000000000014,0.6028409914480362,0.47058823529411764,1,345.8330000000003,0.3266501317625169,-1000000000.0,0.9954545454545455
A,10,15,lowSpread+close,83,136.90700000000015,0.4563566666666672,0.5830480703635117,0.4457831325301205,0,456.5810000000008,0.3202933333333317,-1000000000.0,0.6909090909090909
A,10,15,trend+mom,121,142.96000000000004,0.4765333333333335,0.6162621528616602,0.47107438016528924,1,326.87900000000036,0.3513676835498462,-1000000000.0,1.0
A,10,15,trend+lowSpread,104,138.4269999999999,0.461423333333333,0.6284297777992521,0.4519230769230769,1,302.48600000000033,0.442349999999999,-1000000000.0,0.9681818181818181
A,10,15,break+trend,67,147.92400000000043,0.49308000000000146,0.5073092257116861,0.3880597014925373,0,290.2950000000003,0.24836675305918263,-1000000000.0,0.5181818181818182
A,10,15,break+close,85,254.37000000000035,0.8479000000000011,0.353822903694478,0.5058823529411764,2,287.5440000000003,0.19722748978713162,-1000000000.0,0.38636363636363635
A,10,15,prevRoom+trend,112,139.09299999999962,0.4636433333333321,0.5964599253804971,0.4732142857142857,0,517.0970000000002,0.3120815756729691,-1000000000.0,0.9
A,10,15,prevDist+trend,112,136.03200000000015,0.4534400000000005,0.6175825658671524,0.45535714285714285,0,392.46100000000047,0.3513676835498462,-1000000000.0,0.9272727272727272
A,10,15,early+trend,114,144.48800000000028,0.4816266666666676,0.5990698758539548,0.4649122807017544,1,503.4170000000006,0.2801457138428145,-1000000000.0,0.9227272727272727
A,10,15,lowSpread+body,93,148.45399999999995,0.4948466666666665,0.5890774213192356,0.43010752688172044,1,272.77400000000057,0.35693333333333155,-1000000000.0,0.85
A,10,15,compression+trend,121,142.96000000000004,0.4765333333333335,0.6162621528616602,0.47107438016528924,1,326.87900000000036,0.3513676835498462,-1000000000.0,1.0
A,10,20,ALL,68,189.47099999999978,0.6315699999999993,0.43655601252553816,0.45588235294117646,1,360.76900000000046,0.35238045188734,-1000000000.0,1.0
A,10,20,spread<=0.5,68,189.47099999999978,0.6315699999999993,0.43655601252553816,0.45588235294117646,1,338.83800000000065,0.30036333333333154,-1000000000.0,0.8954545454545455
A,10,20,spread<=0.75,68,189.47099999999978,0.6315699999999993,0.43655601252553816,0.45588235294117646,1,189.74000000000046,0.36753333333333177,-1000000000.0,0.9545454545454546
A,10,20,spread<=1.0,68,189.47099999999978,0.6315699999999993,0.43655601252553816,0.45588235294117646,1,199.0700000000004,0.33643333333333203,-1000000000.0,0.9681818181818181
A,10,20,spread<=1.25,68,189.47099999999978,0.6315699999999993,0.43655601252553816,0.45588235294117646,1,198.17600000000039,0.35578707842340435,-1000000000.0,0.9818181818181818
A,10,20,body>=0.40,59,188.30799999999977,0.6276933333333325,0.43046561918732246,0.423728813559322,1,330.7210000000007,0.3180002762712973,-1000000000.0,0.8727272727272727
A,10,20,body>=0.60,51,184.43099999999936,0.6147699999999978,0.41296916378081266,0.4117647058823529,0,317.064000000001,0.34426554169600426,-1000000000.0,0.6863636363636364
A,10,20,close>=0.70,48,194.4209999999996,0.6480699999999987,0.3811716999388889,0.4375,0,404.81200000000104,0.32183412263868477,-1000000000.0,0.7045454545454546
A,10,20,trend>=2,68,189.47099999999978,0.6315699999999993,0.43655601252553816,0.45588235294117646,1,360.76900000000046,0.35238045188734,-1000000000.0,1.0
A,10,20,trend=3,67,187.5239999999999,0.6250799999999996,0.43909836506882577,0.44776119402985076,1,372.81700000000046,0.29612819534528717,-1000000000.0,0.9636363636363636
A,10,20,mom>=0,68,189.47099999999978,0.6315699999999993,0.43655601252553816,0.45588235294117646,1,360.76900000000046,0.35238045188734,-1000000000.0,1.0
A,10,20,mom>=0.15,68,189.47099999999978,0.6315699999999993,0.43655601252553816,0.45588235294117646,1,360.76900000000046,0.35238045188734,-1000000000.0,1.0
A,10,20,emaAligned,68,189.47099999999978,0.6315699999999993,0.43655601252553816,0.45588235294117646,1,360.76900000000046,0.35238045188734,-1000000000.0,1.0
A,10,20,prevRoom>=0,63,188.65399999999977,0.6288466666666659,0.4147378087180976,0.4603174603174603,1,393.8510000000001,0.3340795748779748,-1000000000.0,0.9
A,10,20,prevDist>=0.25,61,183.08299999999986,0.6102766666666661,0.44157836624392344,0.4262295081967213,1,370.09700000000043,0.35238045188734,-1000000000.0,0.9272727272727272
A,10,20,prevDist>=0.50,82,183.25800000000027,0.6108600000000008,0.45554370463681065,0.4878048780487805,1,183.0700000000004,0.3948479269070695,-1000000000.0,0.7545454545454545
A,10,20,break>=0.05,41,194.03399999999988,0.6467799999999996,0.37266325679441964,0.36585365853658536,0,357.83200000000056,0.1775518258875703,-1000000000.0,0.5181818181818182
A,10,20,break<=0.25,67,188.54399999999964,0.6284799999999988,0.43776278828434023,0.44776119402985076,1,365.7870000000005,0.32329881901485286,-1000000000.0,0.9818181818181818
A,10,20,asiaRatio<=0.80,68,189.47099999999978,0.6315699999999993,0.43655601252553816,0.45588235294117646,1,360.76900000000046,0.35238045188734,-1000000000.0,1.0
A,10,20,time<=12,65,186.64300000000003,0.6221433333333334,0.4347423158111521,0.4461538461538462,1,408.4850000000006,0.277344900610506,-1000000000.0,0.9090909090909091
A,10,20,time<=13,65,186.64300000000003,0.6221433333333334,0.4347423158111521,0.4461538461538462,1,405.78100000000063,0.26900417720491093,-1000000000.0,0.9227272727272727
A,10,20,LONG,115,267.95100000000025,0.8931700000000008,0.29537570485519093,0.5304347826086957,2,286.4029999999998,0.28095405677876306,-1000000000.0,0.5227272727272727
A,10,20,SHORT,33,193.63899999999967,0.6454633333333323,0.39259275524159765,0.42424242424242425,0,185.14700000000016,0.3828433333333328,-1000000000.0,0.4772727272727273
A,10,20,Mon-Wed,67,184.8760000000002,0.616253333333334,0.43418527711381655,0.4925373134328358,1,332.69700000000057,0.3068117027913674,-1000000000.0,0.5772727272727273
A,10,20,Thu-Fri,93,278.71199999999976,0.9290399999999992,0.3146022927047149,0.5268817204301075,3,328.0719999999999,0.14727806568581886,-1000000000.0,0.42272727272727273
A,10,20,spread<=10%TP,68,189.47099999999978,0.6315699999999993,0.43655601252553816,0.45588235294117646,1,199.0700000000004,0.33643333333333203,-1000000000.0,0.9681818181818181
A,10,20,spread<=15%TP,68,189.47099999999978,0.6315699999999993,0.43655601252553816,0.45588235294117646,1,350.76900000000046,0.3629777546546207,-1000000000.0,0.9954545454545455
A,10,20,lowSpread+close,48,194.4209999999996,0.6480699999999987,0.3811716999388889,0.4375,0,374.81200000000104,0.35289859269125945,-1000000000.0,0.6909090909090909
A,10,20,body+close,46,191.35199999999963,0.6378399999999987,0.3909401100020381,0.41304347826086957,0,404.81200000000104,0.2276221662764138,-1000000000.0,0.6636363636363637
A,10,20,trend+mom,68,189.47099999999978,0.6315699999999993,0.43655601252553816,0.45588235294117646,1,360.76900000000046,0.35238045188734,-1000000000.0,1.0
A,10,20,trend+close,48,194.4209999999996,0.6480699999999987,0.3811716999388889,0.4375,0,404.81200000000104,0.32183412263868477,-1000000000.0,0.7045454545454546
A,10,20,trend+lowSpread,68,189.47099999999978,0.6315699999999993,0.43655601252553816,0.45588235294117646,1,199.0700000000004,0.33643333333333203,-1000000000.0,0.9681818181818181
A,10,20,break+trend,41,194.03399999999988,0.6467799999999996,0.37266325679441964,0.36585365853658536,0,357.83200000000056,0.1775518258875703,-1000000000.0,0.5181818181818182
A,10,20,break+close,52,191.0220000000004,0.6367400000000013,0.3720017358371455,0.40384615384615385,0,331.47800000000075,0.16584789561292446,-1000000000.0,0.38636363636363635
A,10,20,prevRoom+trend,63,188.65399999999977,0.6288466666666659,0.4147378087180976,0.4603174603174603,1,393.8510000000001,0.3340795748779748,-1000000000.0,0.9
A,10,20,prevDist+trend,61,183.08299999999986,0.6102766666666661,0.44157836624392344,0.4262295081967213,1,370.09700000000043,0.35238045188734,-1000000000.0,0.9272727272727272
A,10,20,early+trend,65,186.64300000000003,0.6221433333333334,0.4347423158111521,0.4461538461538462,1,405.78100000000063,0.26900417720491093,-1000000000.0,0.9227272727272727
A,10,20,lowSpread+body,59,188.30799999999977,0.6276933333333325,0.43046561918732246,0.423728813559322,1,189.60400000000072,0.36798666666666424,-1000000000.0,0.85
A,10,20,compression+trend,68,189.47099999999978,0.6315699999999993,0.43655601252553816,0.45588235294117646,1,360.76900000000046,0.35238045188734,-1000000000.0,1.0
A,10,20,TPspread+close,48,194.4209999999996,0.6480699999999987,0.3811716999388889,0.4375,0,404.81200000000104,0.32183412263868477,-1000000000.0,0.7045454545454546
A,12,8,ALL,86,73.25699999999983,0.24418999999999944,0.8225543912683309,0.4069767441860465,1,248.04700000000093,0.6487244925256547,-1000000000.0,1.0
A,12,8,spread<=0.5,86,73.25699999999983,0.24418999999999944,0.8225543912683309,0.4069767441860465,1,247.31900000000178,0.6692811881087801,-1000000000.0,0.8954545454545455
A,12,8,spread<=0.75,86,73.25699999999983,0.24418999999999944,0.8225543912683309,0.4069767441860465,1,156.09800000000064,0.6373487654320987,-1000000000.0,0.9545454545454546
A,12,8,spread<=1.0,86,73.25699999999983,0.24418999999999944,0.8225543912683309,0.4069767441860465,1,160.52300000000037,0.6942592592592595,-1000000000.0,0.9681818181818181
A,12,8,spread<=1.25,86,73.25699999999983,0.24418999999999944,0.8225543912683309,0.4069767441860465,1,154.00900000000047,0.6649814814814813,-1000000000.0,0.9818181818181818
A,12,8,body>=0.40,78,76.04899999999975,0.2534966666666658,0.8106528764708524,0.38461538461538464,1,152.6810000000005,0.6694103008934298,-1000000000.0,0.8727272727272727
A,12,8,body>=0.60,100,76.53199999999902,0.2551066666666634,0.7830135184177126,0.38,0,188.9330000000009,0.6732376097251962,-1000000000.0,0.6863636363636364
A,12,8,close>=0.70,101,74.87199999999916,0.24957333333333054,0.7877200145164239,0.40594059405940597,0,565.8340000000019,0.650428947368421,-1000000000.0,0.7045454545454546
A,12,8,trend>=2,86,73.25699999999983,0.24418999999999944,0.8225543912683309,0.4069767441860465,1,248.04700000000093,0.6487244925256547,-1000000000.0,1.0
A,12,8,trend=3,85,73.46900000000028,0.2448966666666676,0.8220408776238847,0.4,1,254.7470000000012,0.6669738095238092,-1000000000.0,0.9636363636363636
A,12,8,mom>=0,86,73.25699999999983,0.24418999999999944,0.8225543912683309,0.4069767441860465,1,248.04700000000093,0.6487244925256547,-1000000000.0,1.0
A,12,8,mom>=0.15,86,73.25699999999983,0.24418999999999944,0.8225543912683309,0.4069767441860465,1,248.04700000000093,0.6487244925256547,-1000000000.0,1.0
A,12,8,emaAligned,86,73.25699999999983,0.24418999999999944,0.8225543912683309,0.4069767441860465,1,248.04700000000093,0.6487244925256547,-1000000000.0,1.0
A,12,8,prevRoom>=0,80,73.97499999999968,0.24658333333333227,0.796612173301001,0.4,0,699.835000000003,0.5806187884826648,-1000000000.0,0.9
A,12,8,prevDist>=0.25,76,72.89000000000078,0.24296666666666927,0.8185181681016218,0.3815789473684211,1,282.6400000000008,0.6594250585855993,-1000000000.0,0.9272727272727272
A,12,8,prevDist>=0.50,99,76.11699999999882,0.2537233333333294,0.8211830760918107,0.40404040404040403,1,154.76800000000003,0.6929043209876556,-1000000000.0,0.7545454545454545
A,12,8,break>=0.05,114,109.6760000000013,0.365586666666671,0.7514304859483479,0.39473684210526316,2,154.91100000000074,0.6704719626168213,-1000000000.0,0.5181818181818182
A,12,8,break<=0.25,84,74.50899999999933,0.2483633333333311,0.8195217540850996,0.40476190476190477,1,258.73400000000106,0.6280147036005765,-1000000000.0,0.9818181818181818
A,12,8,asiaRatio<=0.80,86,73.25699999999983,0.24418999999999944,0.8225543912683309,0.4069767441860465,1,248.04700000000093,0.6487244925256547,-1000000000.0,1.0
A,12,8,time<=12,94,75.83400000000029,0.25278000000000095,0.8097796640780202,0.40425531914893614,1,388.3730000000014,0.5761049382716046,-1000000000.0,0.9090909090909091
A,12,8,time<=13,107,79.28700000000026,0.26429000000000086,0.801118234904581,0.40186915887850466,1,395.2490000000014,0.6495679477305615,-1000000000.0,0.9227272727272727
A,12,8,LONG,115,100.97999999999865,0.3365999999999955,0.7769741528442082,0.41739130434782606,2,142.0899999999997,0.786508154921966,-1000000000.0,0.5227272727272727
A,12,8,SHORT,52,79.79700000000093,0.2659900000000031,0.7757887727205017,0.3269230769230769,0,507.2650000000008,0.600227564102564,-1000000000.0,0.4772727272727273
A,12,8,Mon-Wed,67,79.39300000000026,0.2646433333333342,0.7959153771014333,0.3880597014925373,1,283.9300000000014,0.5962399999999991,-1000000000.0,0.5772727272727273
A,12,8,Thu-Fri,93,149.43599999999924,0.49811999999999745,0.6274201973302398,0.41935483870967744,1,222.56199999999967,0.5016564910786129,-1000000000.0,0.42272727272727273
A,12,8,spread<=10%TP,86,73.25699999999983,0.24418999999999944,0.8225543912683309,0.4069767441860465,1,154.00900000000047,0.6649814814814813,-1000000000.0,0.9818181818181818
A,12,8,spread<=15%TP,86,73.25699999999983,0.24418999999999944,0.8225543912683309,0.4069767441860465,1,256.59400000000096,0.6350657468482329,-1000000000.0,0.9954545454545455
A,12,8,lowSpread+close,83,75.705999999999,0.25235333333333,0.7853554255126138,0.39759036144578314,0,538.9040000000016,0.6179207317073181,-1000000000.0,0.6909090909090909
A,12,8,body+close,97,77.9389999999994,0.2597966666666647,0.7790243376882614,0.3917525773195876,0,450.0500000000018,0.6507578947368421,-1000000000.0,0.6636363636363637
A,12,8,trend+mom,86,73.25699999999983,0.24418999999999944,0.8225543912683309,0.4069767441860465,1,248.04700000000093,0.6487244925256547,-1000000000.0,1.0
A,12,8,trend+close,101,74.87199999999916,0.24957333333333054,0.7877200145164239,0.40594059405940597,0,565.8340000000019,0.650428947368421,-1000000000.0,0.7045454545454546
A,12,8,trend+lowSpread,86,73.25699999999983,0.24418999999999944,0.8225543912683309,0.4069767441860465,1,160.52300000000037,0.6942592592592595,-1000000000.0,0.9681818181818181
A,12,8,break+trend,114,109.6760000000013,0.365586666666671,0.7514304859483479,0.39473684210526316,2,154.91100000000074,0.6704719626168213,-1000000000.0,0.5181818181818182
A,12,8,break+close,85,149.7920000000006,0.4993066666666687,0.6524695387293287,0.43529411764705883,1,311.2160000000015,0.48188915094339496,-1000000000.0,0.38636363636363635
A,12,8,prevRoom+trend,80,73.97499999999968,0.24658333333333227,0.796612173301001,0.4,0,699.835000000003,0.5806187884826648,-1000000000.0,0.9
A,12,8,prevDist+trend,76,72.89000000000078,0.24296666666666927,0.8185181681016218,0.3815789473684211,1,282.6400000000008,0.6594250585855993,-1000000000.0,0.9272727272727272
A,12,8,early+trend,107,79.28700000000026,0.26429000000000086,0.801118234904581,0.40186915887850466,1,395.2490000000014,0.6495679477305615,-1000000000.0,0.9227272727272727
A,12,8,lowSpread+body,78,76.04899999999975,0.2534966666666658,0.8106528764708524,0.38461538461538464,1,148.6810000000005,0.7164876543209878,-1000000000.0,0.85
A,12,8,compression+trend,86,73.25699999999983,0.24418999999999944,0.8225543912683309,0.4069767441860465,1,248.04700000000093,0.6487244925256547,-1000000000.0,1.0
A,12,8,TPspread+close,101,74.87199999999916,0.24957333333333054,0.7877200145164239,0.40594059405940597,0,565.8340000000019,0.650428947368421,-1000000000.0,0.7045454545454546
A,12,10,ALL,119,91.2159999999999,0.304053333333333,0.778199254958031,0.42857142857142855,1,258.3560000000009,0.6277417932608447,-1000000000.0,1.0
A,12,10,spread<=0.5,115,98.87900000000013,0.3295966666666671,0.759565910925661,0.43478260869565216,1,257.5060000000012,0.5619105585021574,-1000000000.0,0.8954545454545455
A,12,10,spread<=0.75,103,92.59699999999998,0.3086566666666666,0.7748412165776702,0.42718446601941745,1,208.91100000000097,0.6535899999999984,-1000000000.0,0.9545454545454546
A,12,10,spread<=1.0,104,92.04999999999995,0.3068333333333332,0.7761713012945836,0.4230769230769231,1,91.66300000000047,0.6944566666666652,-1000000000.0,0.9681818181818181
A,12,10,spread<=1.25,108,96.04999999999995,0.3201666666666665,0.7664449048272107,0.42592592592592593,1,92.17900000000031,0.6927366666666657,-1000000000.0,0.9818181818181818
A,12,10,body>=0.40,94,98.14899999999966,0.3271633333333322,0.7550897680627828,0.40425531914893614,1,96.8590000000006,0.6771366666666646,-1000000000.0,0.8727272727272727
A,12,10,body>=0.60,104,93.90999999999917,0.31303333333333055,0.7305524950649611,0.41346153846153844,0,259.1740000000011,0.5964679593454898,-1000000000.0,0.6863636363636364
A,12,10,close>=0.70,86,98.30099999999948,0.32766999999999824,0.7179537942432185,0.4186046511627907,0,399.4340000000011,0.5674954878963973,-1000000000.0,0.7045454545454546
A,12,10,trend>=2,119,91.2159999999999,0.304053333333333,0.778199254958031,0.42857142857142855,1,258.3560000000009,0.6277417932608447,-1000000000.0,1.0
A,12,10,trend=3,116,97.78500000000008,0.3259500000000003,0.7622260803594875,0.43103448275862066,1,294.46400000000085,0.5856669024507665,-1000000000.0,0.9636363636363636
A,12,10,mom>=0,119,91.2159999999999,0.304053333333333,0.778199254958031,0.42857142857142855,1,258.3560000000009,0.6277417932608447,-1000000000.0,1.0
A,12,10,mom>=0.15,119,91.2159999999999,0.304053333333333,0.778199254958031,0.42857142857142855,1,258.3560000000009,0.6277417932608447,-1000000000.0,1.0
A,12,10,emaAligned,119,91.2159999999999,0.304053333333333,0.778199254958031,0.42857142857142855,1,258.3560000000009,0.6277417932608447,-1000000000.0,1.0
A,12,10,prevRoom>=0,111,90.84199999999964,0.3028066666666655,0.7543967794351047,0.42342342342342343,0,298.776000000001,0.5153140366632536,-1000000000.0,0.9
A,12,10,prevDist>=0.25,109,96.221,0.32073666666666667,0.7569200764953603,0.41284403669724773,1,294.9420000000007,0.6082907030272371,-1000000000.0,0.9272727272727272
A,12,10,prevDist>=0.50,100,95.91799999999921,0.31972666666666405,0.7676686447862432,0.43,1,232.75000000000068,0.6183333333333326,-1000000000.0,0.7545454545454545
A,12,10,break>=0.05,95,91.4300000000012,0.3047666666666707,0.7052394707657349,0.4,1,197.87300000000073,0.5139734312319706,-1000000000.0,0.5181818181818182
A,12,10,break<=0.25,115,96.43499999999949,0.3214499999999983,0.7655087391672273,0.4260869565217391,1,260.496000000001,0.5905699999999986,-1000000000.0,0.9818181818181818
A,12,10,asiaRatio<=0.80,119,91.2159999999999,0.304053333333333,0.778199254958031,0.42857142857142855,1,258.3560000000009,0.6277417932608447,-1000000000.0,1.0
A,12,10,time<=12,111,99.36300000000028,0.33121000000000095,0.7512336545466834,0.42342342342342343,1,297.6520000000007,0.5127366666666656,-1000000000.0,0.9090909090909091
A,12,10,time<=13,114,91.36300000000028,0.3045433333333343,0.7712625462229263,0.42105263157894735,1,343.75700000000097,0.49723666666666533,-1000000000.0,0.9227272727272727
A,12,10,LONG,115,166.85799999999972,0.5561933333333324,0.6210860665898994,0.46956521739130436,2,189.18599999999947,0.6497039838385269,-1000000000.0,0.5227272727272727
A,12,10,SHORT,52,96.71900000000005,0.32239666666666683,0.7331065046303962,0.34615384615384615,0,377.3360000000009,0.5786933333333316,-1000000000.0,0.4772727272727273
A,12,10,Mon-Wed,81,99.07000000000085,0.33023333333333615,0.739446491456462,0.43209876543209874,1,266.8050000000012,0.6135416916201515,-1000000000.0,0.5772727272727273
A,12,10,Thu-Fri,93,169.9989999999991,0.5666633333333304,0.5733570583326824,0.45161290322580644,3,202.86599999999976,0.40957333333333434,-1000000000.0,0.42272727272727273
A,12,10,spread<=10%TP,108,96.04999999999995,0.3201666666666665,0.7664449048272107,0.42592592592592593,1,92.17900000000031,0.6927366666666657,-1000000000.0,0.9818181818181818
A,12,10,spread<=15%TP,116,99.2159999999999,0.3307199999999996,0.7587464620232853,0.43103448275862066,1,257.77100000000087,0.5972366666666653,-1000000000.0,0.9954545454545455
A,12,10,lowSpread+close,82,94.30099999999948,0.31433666666666493,0.7294306339806285,0.4146341463414634,0,385.3180000000011,0.5747702534929996,-1000000000.0,0.6909090909090909
A,12,10,body+close,96,98.1319999999996,0.3271066666666654,0.7184386907221237,0.4166666666666667,0,316.8340000000014,0.5650270105995657,-1000000000.0,0.6636363636363637
A,12,10,trend+mom,119,91.2159999999999,0.304053333333333,0.778199254958031,0.42857142857142855,1,258.3560000000009,0.6277417932608447,-1000000000.0,1.0
A,12,10,trend+close,86,98.30099999999948,0.32766999999999824,0.7179537942432185,0.4186046511627907,0,399.4340000000011,0.5674954878963973,-1000000000.0,0.7045454545454546
A,12,10,trend+lowSpread,104,92.04999999999995,0.3068333333333332,0.7761713012945836,0.4230769230769231,1,91.66300000000047,0.6944566666666652,-1000000000.0,0.9681818181818181
A,12,10,break+trend,95,91.4300000000012,0.3047666666666707,0.7052394707657349,0.4,1,197.87300000000073,0.5139734312319706,-1000000000.0,0.5181818181818182
A,12,10,break+close,85,171.140000000001,0.57046666666667,0.5636262990835992,0.4588235294117647,2,282.53800000000115,0.43416935393899964,-1000000000.0,0.38636363636363635
A,12,10,prevRoom+trend,111,90.84199999999964,0.3028066666666655,0.7543967794351047,0.42342342342342343,0,298.776000000001,0.5153140366632536,-1000000000.0,0.9
A,12,10,prevDist+trend,109,96.221,0.32073666666666667,0.7569200764953603,0.41284403669724773,1,294.9420000000007,0.6082907030272371,-1000000000.0,0.9272727272727272
A,12,10,early+trend,114,91.36300000000028,0.3045433333333343,0.7712625462229263,0.42105263157894735,1,343.75700000000097,0.49723666666666533,-1000000000.0,0.9227272727272727
A,12,10,lowSpread+body,95,97.60199999999963,0.3253399999999988,0.7564546917692868,0.4,1,99.7150000000006,0.6676166666666646,-1000000000.0,0.85
A,12,10,compression+trend,119,91.2159999999999,0.304053333333333,0.778199254958031,0.42857142857142855,1,258.3560000000009,0.6277417932608447,-1000000000.0,1.0
A,12,10,TPspread+close,86,98.30099999999948,0.32766999999999824,0.7179537942432185,0.4186046511627907,0,399.4340000000011,0.5674954878963973,-1000000000.0,0.7045454545454546
A,12,12,ALL,160,113.40999999999963,0.3780333333333321,0.6905627223713804,0.46875,1,273.5180000000005,0.5155116669468582,-1000000000.0,1.0
A,12,12,spread<=0.5,102,117.27899999999954,0.39092999999999845,0.6800062209416555,0.4411764705882353,1,272.74700000000075,0.4265286377708967,-1000000000.0,0.8954545454545455
A,12,12,spread<=0.75,102,117.27899999999954,0.39092999999999845,0.6800062209416555,0.4411764705882353,1,252.99700000000053,0.524277605779153,-1000000000.0,0.9545454545454546
A,12,12,spread<=1.0,103,116.73199999999952,0.38910666666666505,0.681498701242007,0.4368932038834951,1,238.0300000000002,0.5665054179566558,-1000000000.0,0.9681818181818181
A,12,12,spread<=1.25,109,116.73199999999952,0.38910666666666505,0.681498701242007,0.44036697247706424,1,246.55300000000057,0.5190866076421828,-1000000000.0,0.9818181818181818
A,12,12,body>=0.40,122,115.98299999999972,0.38660999999999907,0.6812725683852996,0.4344262295081967,1,226.01000000000067,0.6008107099045272,-1000000000.0,0.8727272727272727
A,12,12,body>=0.60,106,118.63199999999915,0.3954399999999972,0.6430531484690954,0.42452830188679247,0,270.2140000000011,0.5157672489486557,-1000000000.0,0.6863636363636364
A,12,12,trend>=2,160,113.40999999999963,0.3780333333333321,0.6905627223713804,0.46875,1,273.5180000000005,0.5155116669468582,-1000000000.0,1.0
A,12,12,trend=3,155,119.65399999999977,0.3988466666666659,0.6735260733852844,0.4645161290322581,1,277.98700000000053,0.4854257916009996,-1000000000.0,0.9636363636363636
A,12,12,mom>=0,160,113.40999999999963,0.3780333333333321,0.6905627223713804,0.46875,1,273.5180000000005,0.5155116669468582,-1000000000.0,1.0
A,12,12,mom>=0.15,160,113.40999999999963,0.3780333333333321,0.6905627223713804,0.46875,1,273.5180000000005,0.5155116669468582,-1000000000.0,1.0
A,12,12,emaAligned,160,113.40999999999963,0.3780333333333321,0.6905627223713804,0.46875,1,273.5180000000005,0.5155116669468582,-1000000000.0,1.0
A,12,12,prevRoom>=0,198,269.03399999999965,0.8967799999999988,0.6277677432757632,0.5050505050505051,3,406.5980000000004,0.46461747507824275,-1000000000.0,0.9
A,12,12,prevDist>=0.25,126,119.89999999999986,0.3996666666666662,0.6705084447668829,0.4444444444444444,1,410.5400000000002,0.5155116669468582,-1000000000.0,0.9272727272727272
A,12,12,prevDist>=0.50,101,119.09299999999917,0.39697666666666387,0.6775003317257062,0.45544554455445546,1,270.93000000000006,0.4460010319917437,-1000000000.0,0.7545454545454545
A,12,12,break>=0.05,114,153.8470000000009,0.5128233333333363,0.6226239630993554,0.43859649122807015,1,219.57200000000057,0.48575762729532074,-1000000000.0,0.5181818181818182
A,12,12,break<=0.25,141,119.2659999999994,0.3975533333333313,0.6745847248597577,0.46099290780141844,1,318.7050000000004,0.468246306469678,-1000000000.0,0.9818181818181818
A,12,12,asiaRatio<=0.80,160,113.40999999999963,0.3780333333333321,0.6905627223713804,0.46875,1,273.5180000000005,0.5155116669468582,-1000000000.0,1.0
A,12,12,time<=12,113,112.1139999999998,0.3737133333333327,0.6921205330784936,0.4424778761061947,1,413.7280000000005,0.38368283093053673,-1000000000.0,0.9090909090909091
A,12,12,time<=13,203,273.53,0.9117666666666666,0.6591669893367835,0.5024630541871922,3,536.7950000000003,0.3671342471598484,-1000000000.0,0.9227272727272727
A,12,12,LONG,115,245.95899999999983,0.8198633333333327,0.5445205042081217,0.5043478260869565,2,329.30099999999857,0.5556986915491213,-1000000000.0,0.5227272727272727
A,12,12,SHORT,53,113.57299999999964,0.37857666666666545,0.6675185601536348,0.3584905660377358,0,278.4440000000004,0.5852599999999991,-1000000000.0,0.4772727272727273
A,12,12,Mon-Wed,127,267.1470000000004,0.8904900000000013,0.5351244584852516,0.5039370078740157,3,268.55400000000054,0.5184374607233994,-1000000000.0,0.5772727272727273
A,12,12,Thu-Fri,93,199.9179999999992,0.6663933333333307,0.5040055391230963,0.4731182795698925,3,326.0499999999993,0.23809047885005596,-1000000000.0,0.42272727272727273
A,12,12,spread<=10%TP,109,116.73199999999952,0.38910666666666505,0.681498701242007,0.44036697247706424,1,246.55300000000057,0.5190866076421828,-1000000000.0,0.9818181818181818
A,12,12,spread<=15%TP,120,118.79199999999946,0.3959733333333315,0.6758780258878501,0.45,1,275.1700000000003,0.5016854232225715,-1000000000.0,0.9954545454545455
A,12,12,lowSpread+close,112,115.96199999999976,0.3865399999999992,0.65108679953784,0.44642857142857145,0,376.5390000000011,0.435244798544286,-1000000000.0,0.6909090909090909
A,12,12,trend+mom,160,113.40999999999963,0.3780333333333321,0.6905627223713804,0.46875,1,273.5180000000005,0.5155116669468582,-1000000000.0,1.0
A,12,12,trend+lowSpread,103,116.73199999999952,0.38910666666666505,0.681498701242007,0.4368932038834951,1,238.0300000000002,0.5665054179566558,-1000000000.0,0.9681818181818181
A,12,12,break+trend,114,153.8470000000009,0.5128233333333363,0.6226239630993554,0.43859649122807015,1,219.57200000000057,0.48575762729532074,-1000000000.0,0.5181818181818182
A,12,12,break+close,85,199.11300000000074,0.6637100000000025,0.4583917081776651,0.4588235294117647,2,241.38700000000085,0.40676348115189864,-1000000000.0,0.38636363636363635
A,12,12,prevRoom+trend,198,269.03399999999965,0.8967799999999988,0.6277677432757632,0.5050505050505051,3,406.5980000000004,0.46461747507824275,-1000000000.0,0.9
A,12,12,prevDist+trend,126,119.89999999999986,0.3996666666666662,0.6705084447668829,0.4444444444444444,1,410.5400000000002,0.5155116669468582,-1000000000.0,0.9272727272727272
A,12,12,early+trend,203,273.53,0.9117666666666666,0.6591669893367835,0.5024630541871922,3,536.7950000000003,0.3671342471598484,-1000000000.0,0.9227272727272727
A,12,12,lowSpread+body,95,113.70799999999963,0.37902666666666546,0.6875243889704153,0.4105263157894737,1,118.42700000000082,0.6180759803921547,-1000000000.0,0.85
A,12,12,compression+trend,160,113.40999999999963,0.3780333333333321,0.6905627223713804,0.46875,1,273.5180000000005,0.5155116669468582,-1000000000.0,1.0
A,12,15,spread<=0.75,103,145.12599999999998,0.48375333333333326,0.6165212474170692,0.44660194174757284,1,328.34300000000076,0.342349999999999,-1000000000.0,0.9545454545454546
A,12,15,spread<=1.0,104,144.57899999999995,0.48192999999999986,0.6179666319633453,0.4423076923076923,1,330.79600000000073,0.4441733333333324,-1000000000.0,0.9681818181818181
A,12,15,spread<=1.25,116,139.21800000000007,0.46406000000000025,0.632132457470815,0.4482758620689655,1,309.79600000000073,0.3241733333333324,-1000000000.0,0.9818181818181818
A,12,15,body>=0.40,133,143.3350000000005,0.47778333333333495,0.6096222458261833,0.45864661654135336,1,311.44100000000117,0.3583092183702636,-1000000000.0,0.8727272727272727
A,12,15,body>=0.60,151,266.18700000000035,0.8872900000000011,0.5195635952243404,0.4966887417218543,2,329.6570000000013,0.2539699999999978,-1000000000.0,0.6863636363636364
A,12,15,break>=0.05,114,232.36700000000064,0.7745566666666688,0.45595674917365975,0.4824561403508772,2,281.3570000000004,0.2987464258265142,-1000000000.0,0.5181818181818182
A,12,15,time<=12,113,141.13600000000042,0.4704533333333347,0.6146794000251168,0.45132743362831856,1,561.6830000000009,0.2822227233066337,-1000000000.0,0.9090909090909091
A,12,15,LONG,115,287.5210000000004,0.9584033333333347,0.4073585856627766,0.5217391304347826,3,340.1629999999998,0.44034803265398625,-1000000000.0,0.5227272727272727
A,12,15,SHORT,51,148.6739999999993,0.49557999999999763,0.5647614698236515,0.39215686274509803,0,149.71900000000005,0.5009366666666665,-1000000000.0,0.4772727272727273
A,12,15,Mon-Wed,127,286.1040000000005,0.9536800000000016,0.4520588766480039,0.5196850393700787,2,302.1770000000008,0.38837523465323837,-1000000000.0,0.5772727272727273
A,12,15,Thu-Fri,93,288.9259999999995,0.9630866666666649,0.3390708606898405,0.5161290322580645,3,298.3259999999998,0.1858019415104708,-1000000000.0,0.42272727272727273
A,12,15,spread<=10%TP,116,139.21800000000007,0.46406000000000025,0.632132457470815,0.4482758620689655,1,309.79600000000073,0.3241733333333324,-1000000000.0,0.9818181818181818
A,12,15,lowSpread+close,83,142.87299999999982,0.47624333333333274,0.5701154197958794,0.43373493975903615,0,417.8900000000008,0.3221166666666651,-1000000000.0,0.6909090909090909
A,12,15,trend+lowSpread,104,144.57899999999995,0.48192999999999986,0.6179666319633453,0.4423076923076923,1,330.79600000000073,0.4441733333333324,-1000000000.0,0.9681818181818181
A,12,15,break+trend,114,232.36700000000064,0.7745566666666688,0.45595674917365975,0.4824561403508772,2,281.3570000000004,0.2987464258265142,-1000000000.0,0.5181818181818182
A,12,15,break+close,85,262.0450000000005,0.873483333333335,0.3184574771689503,0.49411764705882355,2,294.9430000000009,0.28867047158716946,-1000000000.0,0.38636363636363635
A,12,15,lowSpread+body,96,135.74199999999996,0.4524733333333332,0.63030203992701,0.4166666666666667,1,280.5710000000008,0.3951966666666643,-1000000000.0,0.85
A,12,20,ALL,68,196.42099999999982,0.6547366666666661,0.4209679178593441,0.45588235294117646,1,374.9520000000007,0.35858582972351954,-1000000000.0,1.0
A,12,20,spread<=0.5,68,196.42099999999982,0.6547366666666661,0.4209679178593441,0.45588235294117646,1,373.5680000000009,0.23529832710429266,-1000000000.0,0.8954545454545455
A,12,20,spread<=0.75,68,196.42099999999982,0.6547366666666661,0.4209679178593441,0.45588235294117646,1,199.74000000000046,0.3420363471059671,-1000000000.0,0.9545454545454546
A,12,20,spread<=1.0,68,196.42099999999982,0.6547366666666661,0.4209679178593441,0.45588235294117646,1,199.88400000000024,0.34156199662025266,-1000000000.0,0.9681818181818181
A,12,20,spread<=1.25,68,196.42099999999982,0.6547366666666661,0.4209679178593441,0.45588235294117646,1,189.9110000000005,0.3866419055308829,-1000000000.0,0.9818181818181818
A,12,20,body>=0.40,59,195.2579999999998,0.6508599999999993,0.4146679257160854,0.423728813559322,1,334.26400000000103,0.3502001729779837,-1000000000.0,0.8727272727272727
A,12,20,body>=0.60,51,190.43099999999936,0.6347699999999978,0.397705708213149,0.4117647058823529,0,338.37500000000114,0.30576565018071267,-1000000000.0,0.6863636363636364
A,12,20,close>=0.70,50,183.4739999999997,0.611579999999999,0.41970927584636486,0.44,0,435.98200000000134,0.3092011225007722,-1000000000.0,0.7045454545454546
A,12,20,trend>=2,68,196.42099999999982,0.6547366666666661,0.4209679178593441,0.45588235294117646,1,374.9520000000007,0.35858582972351954,-1000000000.0,1.0
A,12,20,trend=3,67,194.47399999999993,0.6482466666666664,0.423398047889563,0.44776119402985076,1,414.7040000000011,0.29724990958408554,-1000000000.0,0.9636363636363636
A,12,20,mom>=0,68,196.42099999999982,0.6547366666666661,0.4209679178593441,0.45588235294117646,1,374.9520000000007,0.35858582972351954,-1000000000.0,1.0
A,12,20,mom>=0.15,68,196.42099999999982,0.6547366666666661,0.4209679178593441,0.45588235294117646,1,374.9520000000007,0.35858582972351954,-1000000000.0,1.0
A,12,20,emaAligned,68,196.42099999999982,0.6547366666666661,0.4209679178593441,0.45588235294117646,1,374.9520000000007,0.35858582972351954,-1000000000.0,1.0
A,12,20,prevRoom>=0,63,193.60399999999981,0.6453466666666661,0.40114633565425667,0.4603174603174603,1,398.03400000000033,0.36856829751951065,-1000000000.0,0.9
A,12,20,prevDist>=0.25,61,190.0329999999999,0.633443333333333,0.4275200559125404,0.4262295081967213,1,412.15300000000093,0.31764541163292953,-1000000000.0,0.9272727272727272
A,12,20,prevDist>=0.50,82,186.56700000000023,0.6218900000000008,0.45052851071599875,0.47560975609756095,1,189.31900000000041,0.3763641694090047,-1000000000.0,0.7545454545454545
A,12,20,break>=0.05,41,194.64699999999993,0.6488233333333331,0.37472454047247444,0.36585365853658536,0,369.6400000000008,0.16062274711540162,-1000000000.0,0.5181818181818182
A,12,20,break<=0.25,67,195.4939999999997,0.6516466666666656,0.42212145576654864,0.44776119402985076,1,377.9700000000007,0.3322790053613898,-1000000000.0,0.9818181818181818
A,12,20,asiaRatio<=0.80,68,196.42099999999982,0.6547366666666661,0.4209679178593441,0.45588235294117646,1,374.9520000000007,0.35858582972351954,-1000000000.0,1.0
A,12,20,time<=12,65,193.59300000000007,0.6453100000000003,0.4188856970471965,0.4461538461538462,1,428.01100000000133,0.2621360116819843,-1000000000.0,0.9090909090909091
A,12,20,time<=13,65,193.59300000000007,0.6453100000000003,0.4188856970471965,0.4461538461538462,1,491.7520000000013,0.25282863669179634,-1000000000.0,0.9227272727272727
A,12,20,SHORT,33,197.63899999999967,0.6587966666666656,0.3839106472649296,0.42424242424242425,0,198.60000000000014,0.3379999999999995,-1000000000.0,0.4772727272727273
A,12,20,Mon-Wed,67,188.83500000000026,0.6294500000000008,0.4290582113604814,0.47761194029850745,1,323.6580000000008,0.3598891281302823,-1000000000.0,0.5772727272727273
A,12,20,spread<=10%TP,68,196.42099999999982,0.6547366666666661,0.4209679178593441,0.45588235294117646,1,189.9110000000005,0.3866419055308829,-1000000000.0,0.9818181818181818
A,12,20,spread<=15%TP,68,196.42099999999982,0.6547366666666661,0.4209679178593441,0.45588235294117646,1,362.9520000000007,0.3713177422981773,-1000000000.0,0.9954545454545455
A,12,20,lowSpread+close,50,183.4739999999997,0.611579999999999,0.41970927584636486,0.44,0,392.76300000000106,0.3454821613658132,-1000000000.0,0.6909090909090909
A,12,20,body+close,46,197.35199999999963,0.6578399999999988,0.3758160012145145,0.41304347826086957,0,467.34200000000146,0.1925170504600263,-1000000000.0,0.6636363636363637
A,12,20,trend+mom,68,196.42099999999982,0.6547366666666661,0.4209679178593441,0.45588235294117646,1,374.9520000000007,0.35858582972351954,-1000000000.0,1.0
A,12,20,trend+close,50,183.4739999999997,0.611579999999999,0.41970927584636486,0.44,0,435.98200000000134,0.3092011225007722,-1000000000.0,0.7045454545454546
A,12,20,trend+lowSpread,68,196.42099999999982,0.6547366666666661,0.4209679178593441,0.45588235294117646,1,199.88400000000024,0.34156199662025266,-1000000000.0,0.9681818181818181
A,12,20,break+trend,41,194.64699999999993,0.6488233333333331,0.37472454047247444,0.36585365853658536,0,369.6400000000008,0.16062274711540162,-1000000000.0,0.5181818181818182
A,12,20,break+close,85,262.57400000000075,0.8752466666666692,0.3239604702540618,0.5058823529411764,2,334.5400000000009,0.160834446775451,-1000000000.0,0.38636363636363635
A,12,20,prevRoom+trend,63,193.60399999999981,0.6453466666666661,0.40114633565425667,0.4603174603174603,1,398.03400000000033,0.36856829751951065,-1000000000.0,0.9
A,12,20,prevDist+trend,61,190.0329999999999,0.633443333333333,0.4275200559125404,0.4262295081967213,1,412.15300000000093,0.31764541163292953,-1000000000.0,0.9272727272727272
A,12,20,early+trend,65,193.59300000000007,0.6453100000000003,0.4188856970471965,0.4461538461538462,1,491.7520000000013,0.25282863669179634,-1000000000.0,0.9227272727272727
A,12,20,lowSpread+body,59,195.2579999999998,0.6508599999999993,0.4146679257160854,0.423728813559322,1,190.32700000000068,0.3730437160089979,-1000000000.0,0.85
A,12,20,compression+trend,68,196.42099999999982,0.6547366666666661,0.4209679178593441,0.45588235294117646,1,374.9520000000007,0.35858582972351954,-1000000000.0,1.0
A,12,20,TPspread+close,50,183.4739999999997,0.611579999999999,0.41970927584636486,0.44,0,435.98200000000134,0.3092011225007722,-1000000000.0,0.7045454545454546
A,15,8,ALL,93,74.42699999999945,0.24808999999999817,0.8396443291528161,0.40860215053763443,1,449.5350000000019,0.6509399546150619,-1000000000.0,1.0
A,15,8,spread<=0.5,93,74.42699999999945,0.24808999999999817,0.8396443291528161,0.40860215053763443,1,367.55400000000213,0.6125063705708852,-1000000000.0,0.8954545454545455
A,15,8,spread<=0.75,93,74.42699999999945,0.24808999999999817,0.8396443291528161,0.40860215053763443,1,271.1480000000013,0.6199994983036383,-1000000000.0,0.9545454545454546
A,15,8,spread<=1.0,93,74.42699999999945,0.24808999999999817,0.8396443291528161,0.40860215053763443,1,271.36100000000124,0.6355301362732731,-1000000000.0,0.9681818181818181
A,15,8,spread<=1.25,93,74.42699999999945,0.24808999999999817,0.8396443291528161,0.40860215053763443,1,270.9600000000012,0.6408592001614631,-1000000000.0,0.9818181818181818
A,15,8,body>=0.40,79,75.28899999999953,0.25096333333333176,0.8322392755599535,0.379746835443038,1,154.27000000000112,0.692310592919951,-1000000000.0,0.8727272727272727
A,15,8,body>=0.60,105,79.03299999999876,0.2634433333333292,0.7814981310685013,0.38095238095238093,0,430.92600000000175,0.6258087216590066,-1000000000.0,0.6863636363636364
A,15,8,trend>=2,93,74.42699999999945,0.24808999999999817,0.8396443291528161,0.40860215053763443,1,449.5350000000019,0.6509399546150619,-1000000000.0,1.0
A,15,8,trend=3,92,74.00900000000001,0.2466966666666667,0.8405449253130004,0.40217391304347827,1,587.7030000000025,0.6843065038373993,-1000000000.0,0.9636363636363636
A,15,8,mom>=0,93,74.42699999999945,0.24808999999999817,0.8396443291528161,0.40860215053763443,1,449.5350000000019,0.6509399546150619,-1000000000.0,1.0
A,15,8,mom>=0.15,93,74.42699999999945,0.24808999999999817,0.8396443291528161,0.40860215053763443,1,449.5350000000019,0.6509399546150619,-1000000000.0,1.0
A,15,8,emaAligned,93,74.42699999999945,0.24808999999999817,0.8396443291528161,0.40860215053763443,1,449.5350000000019,0.6509399546150619,-1000000000.0,1.0
A,15,8,prevRoom>=0,87,72.02099999999905,0.24006999999999684,0.8194346945324744,0.40229885057471265,1,1363.8230000000035,0.5524554192980692,-1000000000.0,0.9
A,15,8,prevDist>=0.25,84,75.21800000000053,0.25072666666666843,0.8323974794334951,0.38095238095238093,1,358.43800000000147,0.7238217332429192,-1000000000.0,0.9272727272727272
A,15,8,prevDist>=0.50,102,72.15999999999849,0.2405333333333283,0.8519746289109005,0.39215686274509803,1,252.5570000000007,0.6230511682508891,-1000000000.0,0.7545454545454545
A,15,8,break>=0.05,114,128.4010000000012,0.42800333333333734,0.7291229145447793,0.39473684210526316,2,258.86800000000153,0.5801671592357718,-1000000000.0,0.5181818181818182
A,15,8,break<=0.25,92,77.79199999999878,0.2593066666666626,0.8323943146096977,0.40217391304347827,1,269.4060000000011,0.6824335341057307,-1000000000.0,0.9818181818181818
A,15,8,asiaRatio<=0.80,93,74.42699999999945,0.24808999999999817,0.8396443291528161,0.40860215053763443,1,449.5350000000019,0.6509399546150619,-1000000000.0,1.0
A,15,8,time<=12,94,74.70600000000013,0.24902000000000044,0.8302861504629837,0.40425531914893614,1,705.2780000000023,0.5493910475672272,-1000000000.0,0.9090909090909091
A,15,8,time<=13,113,78.67499999999995,0.26224999999999987,0.8212695484656557,0.39823008849557523,1,744.4890000000025,0.5775585250223451,-1000000000.0,0.9227272727272727
A,15,8,LONG,115,142.22799999999802,0.4740933333333267,0.7458106141202676,0.41739130434782606,2,213.1509999999996,0.7635532049493715,-1000000000.0,0.5227272727272727
A,15,8,SHORT,53,77.04200000000083,0.2568066666666694,0.7954546661356681,0.32075471698113206,0,556.689000000001,0.6329138457192222,-1000000000.0,0.4772727272727273
A,15,8,Mon-Wed,68,76.22499999999991,0.25408333333333305,0.8201646770159957,0.38235294117647056,1,419.23600000000147,0.5807906367848022,-1000000000.0,0.5772727272727273
A,15,8,Thu-Fri,93,167.09499999999912,0.5569833333333304,0.6183088235294141,0.41935483870967744,3,270.54600000000005,0.45455645909718195,-1000000000.0,0.42272727272727273
A,15,8,spread<=10%TP,93,74.42699999999945,0.24808999999999817,0.8396443291528161,0.40860215053763443,1,272.01500000000124,0.6636427797242446,-1000000000.0,0.9954545454545455
A,15,8,spread<=15%TP,93,74.42699999999945,0.24808999999999817,0.8396443291528161,0.40860215053763443,1,449.5350000000019,0.6509399546150619,-1000000000.0,1.0
A,15,8,lowSpread+close,84,75.21799999999871,0.2507266666666624,0.7920454294118983,0.39285714285714285,0,601.4710000000016,0.6224207014632942,-1000000000.0,0.6909090909090909
A,15,8,trend+mom,93,74.42699999999945,0.24808999999999817,0.8396443291528161,0.40860215053763443,1,449.5350000000019,0.6509399546150619,-1000000000.0,1.0
A,15,8,trend+lowSpread,93,74.42699999999945,0.24808999999999817,0.8396443291528161,0.40860215053763443,1,271.36100000000124,0.6355301362732731,-1000000000.0,0.9681818181818181
A,15,8,break+trend,114,128.4010000000012,0.42800333333333734,0.7291229145447793,0.39473684210526316,2,258.86800000000153,0.5801671592357718,-1000000000.0,0.5181818181818182
A,15,8,break+close,85,161.81400000000076,0.5393800000000025,0.6095965801464174,0.43529411764705883,2,390.06800000000203,0.44380954865867184,-1000000000.0,0.38636363636363635
A,15,8,prevRoom+trend,87,72.02099999999905,0.24006999999999684,0.8194346945324744,0.40229885057471265,1,1363.8230000000035,0.5524554192980692,-1000000000.0,0.9
A,15,8,prevDist+trend,84,75.21800000000053,0.25072666666666843,0.8323974794334951,0.38095238095238093,1,358.43800000000147,0.7238217332429192,-1000000000.0,0.9272727272727272
A,15,8,early+trend,113,78.67499999999995,0.26224999999999987,0.8212695484656557,0.39823008849557523,1,744.4890000000025,0.5775585250223451,-1000000000.0,0.9227272727272727
A,15,8,lowSpread+body,79,75.28899999999953,0.25096333333333176,0.8322392755599535,0.379746835443038,1,157.25700000000097,0.6333383502969404,-1000000000.0,0.85
A,15,8,compression+trend,93,74.42699999999945,0.24808999999999817,0.8396443291528161,0.40860215053763443,1,449.5350000000019,0.6509399546150619,-1000000000.0,1.0
A,15,10,ALL,120,97.55099999999925,0.3251699999999975,0.7757907002935049,0.425,1,274.7410000000011,0.5890473894023728,-1000000000.0,1.0
A,15,10,spread<=0.5,116,99.21399999999949,0.33071333333333164,0.7719684938024187,0.43103448275862066,1,242.3110000000013,0.561973405092202,-1000000000.0,0.8954545454545455
A,15,10,spread<=0.75,103,90.93199999999933,0.30310666666666447,0.7910036797069121,0.42718446601941745,1,274.7800000000011,0.546106666666664,-1000000000.0,0.9545454545454546
A,15,10,spread<=1.0,104,90.38499999999931,0.301283333333331,0.7922608937481773,0.4230769230769231,1,274.4340000000011,0.6069733333333306,-1000000000.0,0.9681818181818181
A,15,10,spread<=1.25,109,90.38499999999931,0.301283333333331,0.7922608937481773,0.42201834862385323,1,243.74000000000115,0.5497533333333309,-1000000000.0,0.9818181818181818
A,15,10,body>=0.40,94,98.08199999999965,0.32693999999999884,0.7680404691125039,0.40425531914893614,1,188.78500000000122,0.6627139348827764,-1000000000.0,0.8727272727272727
A,15,10,body>=0.60,108,98.9709999999991,0.32990333333333033,0.7231797229867335,0.4074074074074074,0,314.9350000000013,0.5578816370934847,-1000000000.0,0.6863636363636364
A,15,10,close>=0.70,87,95.20999999999935,0.3173666666666645,0.7336991788055777,0.41379310344827586,0,686.1600000000014,0.5312373962587824,-1000000000.0,0.7045454545454546
A,15,10,trend>=2,120,97.55099999999925,0.3251699999999975,0.7757907002935049,0.425,1,274.7410000000011,0.5890473894023728,-1000000000.0,1.0
A,15,10,trend=3,140,90.65200000000004,0.30217333333333346,0.7916472261996971,0.42857142857142855,1,427.4280000000017,0.5699315734872776,-1000000000.0,0.9636363636363636
A,15,10,mom>=0,120,97.55099999999925,0.3251699999999975,0.7757907002935049,0.425,1,274.7410000000011,0.5890473894023728,-1000000000.0,1.0
A,15,10,mom>=0.15,120,97.55099999999925,0.3251699999999975,0.7757907002935049,0.425,1,274.7410000000011,0.5890473894023728,-1000000000.0,1.0
A,15,10,emaAligned,120,97.55099999999925,0.3251699999999975,0.7757907002935049,0.425,1,274.7410000000011,0.5890473894023728,-1000000000.0,1.0
A,15,10,prevRoom>=0,198,296.0999999999997,0.986999999999999,0.7233346997599753,0.4797979797979798,3,559.6900000000012,0.4815915469704455,-1000000000.0,0.9
A,15,10,prevDist>=0.25,111,95.83799999999974,0.31945999999999913,0.7733474284660196,0.40540540540540543,1,371.14200000000096,0.5758353141934197,-1000000000.0,0.9272727272727272
A,15,10,prevDist>=0.50,102,95.34299999999917,0.3178099999999972,0.7796383353441243,0.4215686274509804,1,247.73700000000076,0.5862933333333323,-1000000000.0,0.7545454545454545
A,15,10,break>=0.05,114,157.8270000000016,0.5260900000000053,0.6137944994054046,0.4298245614035088,2,195.28500000000076,0.5506877741904606,-1000000000.0,0.5181818181818182
A,15,10,break<=0.25,116,97.47999999999865,0.32493333333332886,0.7759538852970344,0.4224137931034483,1,273.8690000000013,0.5412044762933129,-1000000000.0,0.9818181818181818
A,15,10,asiaRatio<=0.80,120,97.55099999999925,0.3251699999999975,0.7757907002935049,0.425,1,274.7410000000011,0.5890473894023728,-1000000000.0,1.0
A,15,10,time<=12,112,92.74100000000021,0.3091366666666674,0.7772742446402535,0.41964285714285715,1,499.2800000000009,0.45098666666666454,-1000000000.0,0.9090909090909091
A,15,10,time<=13,114,97.74100000000021,0.32580333333333406,0.7652663001842014,0.42105263157894735,1,489.9640000000013,0.5141111220182562,-1000000000.0,0.9227272727272727
A,15,10,LONG,115,185.86099999999897,0.6195366666666632,0.6414157819587372,0.4608695652173913,2,203.20599999999945,0.7033741996687953,-1000000000.0,0.5227272727272727
A,15,10,SHORT,53,93.98800000000006,0.31329333333333353,0.7469277413379,0.33962264150943394,0,388.6040000000012,0.6065299999999979,-1000000000.0,0.4772727272727273
A,15,10,Mon-Wed,127,233.266000000001,0.7775533333333366,0.7463116319905654,0.47244094488188976,3,292.631000000001,0.6077553413073551,-1000000000.0,0.5772727272727273
A,15,10,Thu-Fri,93,172.983999999999,0.5766133333333301,0.5737446202056473,0.44086021505376344,3,260.81999999999994,0.34313919556597156,-1000000000.0,0.42272727272727273
A,15,10,spread<=10%TP,118,92.55099999999925,0.30850333333333085,0.7872826019504073,0.423728813559322,1,242.131000000001,0.5703040640031395,-1000000000.0,0.9954545454545455
A,15,10,spread<=15%TP,120,97.55099999999925,0.3251699999999975,0.7757907002935049,0.425,1,274.7410000000011,0.5890473894023728,-1000000000.0,1.0
A,15,10,lowSpread+close,82,95.20999999999935,0.3173666666666645,0.7336991788055777,0.4146341463414634,0,505.83900000000153,0.5113912426158813,-1000000000.0,0.6909090909090909
A,15,10,body+close,98,94.8119999999999,0.31603999999999965,0.7348123783312077,0.40816326530612246,0,498.68100000000163,0.5175273660950113,-1000000000.0,0.6636363636363637
A,15,10,trend+mom,120,97.55099999999925,0.3251699999999975,0.7757907002935049,0.425,1,274.7410000000011,0.5890473894023728,-1000000000.0,1.0
A,15,10,trend+close,87,95.20999999999935,0.3173666666666645,0.7336991788055777,0.41379310344827586,0,686.1600000000014,0.5312373962587824,-1000000000.0,0.7045454545454546
A,15,10,trend+lowSpread,104,90.38499999999931,0.301283333333331,0.7922608937481773,0.4230769230769231,1,274.4340000000011,0.6069733333333306,-1000000000.0,0.9681818181818181
A,15,10,break+trend,114,157.8270000000016,0.5260900000000053,0.6137944994054046,0.4298245614035088,2,195.28500000000076,0.5506877741904606,-1000000000.0,0.5181818181818182
A,15,10,break+close,85,191.25500000000102,0.6375166666666701,0.5186639277120736,0.4588235294117647,2,313.77700000000164,0.389064617027383,-1000000000.0,0.38636363636363635
A,15,10,prevRoom+trend,198,296.0999999999997,0.986999999999999,0.7233346997599753,0.4797979797979798,3,559.6900000000012,0.4815915469704455,-1000000000.0,0.9
A,15,10,prevDist+trend,111,95.83799999999974,0.31945999999999913,0.7733474284660196,0.40540540540540543,1,371.14200000000096,0.5758353141934197,-1000000000.0,0.9272727272727272
A,15,10,early+trend,114,97.74100000000021,0.32580333333333406,0.7652663001842014,0.42105263157894735,1,489.9640000000013,0.5141111220182562,-1000000000.0,0.9227272727272727
A,15,10,lowSpread+body,95,97.53499999999963,0.32511666666666544,0.7693340995788022,0.4,1,189.29900000000112,0.6430299999999973,-1000000000.0,0.85
A,15,10,compression+trend,120,97.55099999999925,0.3251699999999975,0.7757907002935049,0.425,1,274.7410000000011,0.5890473894023728,-1000000000.0,1.0
A,15,10,TPspread+close,87,95.20999999999935,0.3173666666666645,0.7336991788055777,0.41379310344827586,0,686.1600000000014,0.5312373962587824,-1000000000.0,0.7045454545454546
A,15,12,ALL,220,285.2269999999992,0.9507566666666639,0.6297708255677967,0.4863636363636364,3,511.33200000000056,0.42596886022261343,-1000000000.0,1.0
A,15,12,spread<=0.5,197,239.262999999999,0.79754333333333,0.6914615493374136,0.47715736040609136,3,284.85400000000027,0.37396922475935773,-1000000000.0,0.8954545454545455
A,15,12,spread<=0.75,103,111.02099999999928,0.37006999999999757,0.7146026400688956,0.4368932038834951,1,281.25200000000063,0.4462457449167218,-1000000000.0,0.9545454545454546
A,15,12,spread<=1.0,104,110.47399999999925,0.36824666666666417,0.7160087916607776,0.4326923076923077,1,281.87000000000035,0.45862624391897894,-1000000000.0,0.9681818181818181
A,15,12,spread<=1.25,117,110.63999999999919,0.3687999999999973,0.7155820619272267,0.4358974358974359,1,282.2630000000004,0.4061517034623974,-1000000000.0,0.9818181818181818
A,15,12,body>=0.40,86,116.6639999999993,0.38887999999999767,0.6945120897421814,0.4186046511627907,1,239.45400000000086,0.566532971708394,-1000000000.0,0.8727272727272727
A,15,12,body>=0.60,151,251.90099999999939,0.8396699999999979,0.6128942639617936,0.47019867549668876,1,334.1060000000009,0.4731024217906616,-1000000000.0,0.6863636363636364
A,15,12,trend>=2,220,285.2269999999992,0.9507566666666639,0.6297708255677967,0.4863636363636364,3,511.33200000000056,0.42596886022261343,-1000000000.0,1.0
A,15,12,trend=3,212,282.15899999999965,0.9405299999999989,0.6212388015578215,0.49056603773584906,4,665.8860000000006,0.4028840553513677,-1000000000.0,0.9636363636363636
A,15,12,mom>=0,220,285.2269999999992,0.9507566666666639,0.6297708255677967,0.4863636363636364,3,511.33200000000056,0.42596886022261343,-1000000000.0,1.0
A,15,12,mom>=0.15,220,285.2269999999992,0.9507566666666639,0.6297708255677967,0.4863636363636364,3,511.33200000000056,0.42596886022261343,-1000000000.0,1.0
A,15,12,emaAligned,220,285.2269999999992,0.9507566666666639,0.6297708255677967,0.4863636363636364,3,511.33200000000056,0.42596886022261343,-1000000000.0,1.0
A,15,12,prevDist>=0.50,166,279.56399999999894,0.9318799999999965,0.6495237064857342,0.4939759036144578,3,423.51800000000026,0.4245244535373375,-1000000000.0,0.7545454545454545
A,15,12,break>=0.05,114,181.87800000000084,0.6062600000000028,0.5349395610415213,0.4298245614035088,1,232.0170000000005,0.44141365361747703,-1000000000.0,0.5181818181818182
A,15,12,break<=0.25,216,281.65299999999866,0.9388433333333288,0.6369198339352995,0.4861111111111111,3,659.9940000000004,0.40321608040200896,-1000000000.0,0.9818181818181818
A,15,12,asiaRatio<=0.80,220,285.2269999999992,0.9507566666666639,0.6297708255677967,0.4863636363636364,3,511.33200000000056,0.42596886022261343,-1000000000.0,1.0
A,15,12,time<=12,200,280.8989999999999,0.9363299999999997,0.6647271937583755,0.5,4,724.2500000000005,0.3328142545392909,-1000000000.0,0.9090909090909091
A,15,12,SHORT,54,115.18799999999965,0.3839599999999988,0.6686114755230281,0.35185185185185186,0,118.42100000000028,0.6052633333333324,-1000000000.0,0.4772727272727273
A,15,12,Thu-Fri,93,206.79599999999914,0.6893199999999972,0.4701843755032915,0.46236559139784944,3,308.9669999999994,0.2522810438956978,-1000000000.0,0.42272727272727273
A,15,12,spread<=10%TP,219,280.1149999999991,0.9337166666666636,0.6297708255677967,0.4840182648401826,3,426.5420000000006,0.5160279117155737,-1000000000.0,0.9954545454545455
A,15,12,spread<=15%TP,220,285.2269999999992,0.9507566666666639,0.6297708255677967,0.4863636363636364,3,511.33200000000056,0.42596886022261343,-1000000000.0,1.0
A,15,12,trend+mom,220,285.2269999999992,0.9507566666666639,0.6297708255677967,0.4863636363636364,3,511.33200000000056,0.42596886022261343,-1000000000.0,1.0
A,15,12,trend+lowSpread,104,110.47399999999925,0.36824666666666417,0.7160087916607776,0.4326923076923077,1,281.87000000000035,0.45862624391897894,-1000000000.0,0.9681818181818181
A,15,12,break+trend,114,181.87800000000084,0.6062600000000028,0.5349395610415213,0.4298245614035088,1,232.0170000000005,0.44141365361747703,-1000000000.0,0.5181818181818182
A,15,12,break+close,85,220.2780000000007,0.7342600000000024,0.40941521378164986,0.4588235294117647,2,332.9020000000005,0.3233375004615495,-1000000000.0,0.38636363636363635
A,15,12,lowSpread+body,86,116.6639999999993,0.38887999999999767,0.6945120897421814,0.4186046511627907,1,211.9760000000008,0.571977749664156,-1000000000.0,0.85
A,15,12,compression+trend,220,285.2269999999992,0.9507566666666639,0.6297708255677967,0.4863636363636364,3,511.33200000000056,0.42596886022261343,-1000000000.0,1.0
A,15,15,spread<=0.75,103,147.35799999999972,0.4911933333333324,0.6283024674230548,0.44660194174757284,1,416.6340000000007,0.31799666666666554,-1000000000.0,0.9545454545454546
A,15,15,spread<=1.0,104,146.8109999999997,0.489369999999999,0.6296822265831927,0.4423076923076923,1,381.0570000000007,0.41981999999999897,-1000000000.0,0.9681818181818181
A,15,15,spread<=1.25,117,141.44999999999982,0.4714999999999994,0.6432048753171941,0.4444444444444444,1,521.4490000000008,0.27809820432960275,-1000000000.0,0.9818181818181818
A,15,15,body>=0.40,192,284.1190000000006,0.9470633333333354,0.5522885998390341,0.484375,4,318.21400000000153,0.33340663439563945,-1000000000.0,0.8727272727272727
A,15,15,break>=0.05,114,253.38600000000065,0.8446200000000021,0.44331453919413394,0.47368421052631576,3,309.27800000000093,0.30922516031727065,-1000000000.0,0.5181818181818182
A,15,15,SHORT,53,142.5929999999994,0.47530999999999796,0.5897690395636281,0.37735849056603776,0,146.24500000000012,0.5125166666666663,-1000000000.0,0.4772727272727273
A,15,15,lowSpread+close,84,144.32999999999993,0.48109999999999975,0.5734324017591148,0.42857142857142855,0,641.245000000001,0.29776333333333166,-1000000000.0,0.6909090909090909
A,15,15,trend+lowSpread,104,146.8109999999997,0.489369999999999,0.6296822265831927,0.4423076923076923,1,381.0570000000007,0.41981999999999897,-1000000000.0,0.9681818181818181
A,15,15,break+trend,114,253.38600000000065,0.8446200000000021,0.44331453919413394,0.47368421052631576,3,309.27800000000093,0.30922516031727065,-1000000000.0,0.5181818181818182
A,15,15,break+close,85,286.4310000000005,0.9547700000000017,0.30872833644665887,0.49411764705882355,2,307.3560000000009,0.29110150004908886,-1000000000.0,0.38636363636363635
A,15,15,lowSpread+body,96,143.9369999999999,0.47978999999999966,0.6263026715476291,0.4166666666666667,1,312.06300000000124,0.32521999999999707,-1000000000.0,0.85
A,15,20,ALL,70,197.9319999999998,0.6597733333333327,0.4315941221573541,0.45714285714285713,1,439.4430000000009,0.29277129967124904,-1000000000.0,1.0
A,15,20,spread<=0.5,70,197.9319999999998,0.6597733333333327,0.4315941221573541,0.45714285714285713,1,435.1700000000012,0.20663001161337785,-1000000000.0,0.8954545454545455
A,15,20,spread<=0.75,70,197.9319999999998,0.6597733333333327,0.4315941221573541,0.45714285714285713,1,198.38100000000077,0.3428459747117205,-1000000000.0,0.9545454545454546
A,15,20,spread<=1.0,70,197.9319999999998,0.6597733333333327,0.4315941221573541,0.45714285714285713,1,185.8290000000004,0.3844255479844567,-1000000000.0,0.9681818181818181
A,15,20,spread<=1.25,70,197.9319999999998,0.6597733333333327,0.4315941221573541,0.45714285714285713,1,392.8400000000008,0.339638859629106,-1000000000.0,0.9818181818181818
A,15,20,body>=0.40,62,186.03099999999972,0.6201033333333325,0.45697856006538645,0.41935483870967744,1,375.8830000000012,0.2841708003945485,-1000000000.0,0.8727272727272727
A,15,20,body>=0.60,51,192.5009999999993,0.6416699999999976,0.3968813444619917,0.4117647058823529,0,391.2320000000011,0.24164597676061084,-1000000000.0,0.6863636363636364
A,15,20,close>=0.70,50,185.54399999999964,0.6184799999999988,0.41867809609745193,0.44,0,506.9530000000011,0.28318493848977017,-1000000000.0,0.7045454545454546
A,15,20,trend>=2,70,197.9319999999998,0.6597733333333327,0.4315941221573541,0.45714285714285713,1,439.4430000000009,0.29277129967124904,-1000000000.0,1.0
A,15,20,trend=3,69,195.9849999999999,0.653283333333333,0.43402083886841786,0.4492753623188406,1,511.41800000000126,0.23635975019935226,-1000000000.0,0.9636363636363636
A,15,20,mom>=0,70,197.9319999999998,0.6597733333333327,0.4315941221573541,0.45714285714285713,1,439.4430000000009,0.29277129967124904,-1000000000.0,1.0
A,15,20,mom>=0.15,70,197.9319999999998,0.6597733333333327,0.4315941221573541,0.45714285714285713,1,439.4430000000009,0.29277129967124904,-1000000000.0,1.0
A,15,20,emaAligned,70,197.9319999999998,0.6597733333333327,0.4315941221573541,0.45714285714285713,1,439.4430000000009,0.29277129967124904,-1000000000.0,1.0
A,15,20,prevRoom>=0,63,198.67399999999975,0.6622466666666659,0.3966613117273182,0.4603174603174603,1,534.4860000000008,0.29641953504337787,-1000000000.0,0.9
A,15,20,prevDist>=0.25,61,198.10299999999984,0.6603433333333328,0.418962478039109,0.4262295081967213,1,509.22000000000094,0.27923136498789397,-1000000000.0,0.9272727272727272
A,15,20,prevDist>=0.50,89,188.37800000000038,0.627926666666668,0.4595210292105026,0.47191011235955055,1,434.97000000000094,0.32663600419591615,-1000000000.0,0.7545454545454545
A,15,20,break>=0.05,51,197.87200000000007,0.6595733333333336,0.370431883117297,0.37254901960784315,0,388.90600000000086,0.15577605490297075,-1000000000.0,0.5181818181818182
A,15,20,break<=0.25,69,197.00499999999965,0.6566833333333322,0.43274613010227697,0.4492753623188406,1,439.4610000000009,0.26792518869362353,-1000000000.0,0.9818181818181818
A,15,20,asiaRatio<=0.80,70,197.9319999999998,0.6597733333333327,0.4315941221573541,0.45714285714285713,1,439.4430000000009,0.29277129967124904,-1000000000.0,1.0
A,15,20,time<=12,67,195.10400000000004,0.6503466666666669,0.42975556861060243,0.44776119402985076,1,538.5950000000009,0.24637722817405686,-1000000000.0,0.9090909090909091
A,15,20,time<=13,67,195.10400000000004,0.6503466666666669,0.42975556861060243,0.44776119402985076,1,634.3070000000012,0.23741972245634405,-1000000000.0,0.9227272727272727
A,15,20,SHORT,46,190.22599999999943,0.6340866666666648,0.41251281671175866,0.41304347826086957,0,199.0730000000001,0.336423333333333,-1000000000.0,0.4772727272727273
A,15,20,Mon-Wed,68,191.08300000000008,0.6369433333333336,0.43255539090641787,0.47058823529411764,1,364.1110000000008,0.32728959849176525,-1000000000.0,0.5772727272727273
A,15,20,spread<=10%TP,70,197.9319999999998,0.6597733333333327,0.4315941221573541,0.45714285714285713,1,437.9530000000011,0.30516712863908996,-1000000000.0,0.9954545454545455
A,15,20,spread<=15%TP,70,197.9319999999998,0.6597733333333327,0.4315941221573541,0.45714285714285713,1,439.4430000000009,0.29277129967124904,-1000000000.0,1.0
A,15,20,lowSpread+close,50,185.54399999999964,0.6184799999999988,0.41867809609745193,0.44,0,480.40300000000116,0.3245443215454111,-1000000000.0,0.6909090909090909
A,15,20,body+close,46,199.42199999999957,0.6647399999999986,0.3751973832619006,0.41304347826086957,0,523.6730000000014,0.17848616955293625,-1000000000.0,0.6636363636363637
A,15,20,trend+mom,70,197.9319999999998,0.6597733333333327,0.4315941221573541,0.45714285714285713,1,439.4430000000009,0.29277129967124904,-1000000000.0,1.0
A,15,20,trend+close,50,185.54399999999964,0.6184799999999988,0.41867809609745193,0.44,0,506.9530000000011,0.28318493848977017,-1000000000.0,0.7045454545454546
A,15,20,trend+lowSpread,70,197.9319999999998,0.6597733333333327,0.4315941221573541,0.45714285714285713,1,185.8290000000004,0.3844255479844567,-1000000000.0,0.9681818181818181
A,15,20,break+trend,51,197.87200000000007,0.6595733333333336,0.370431883117297,0.37254901960784315,0,388.90600000000086,0.15577605490297075,-1000000000.0,0.5181818181818182
A,15,20,break+close,85,298.7390000000007,0.995796666666669,0.30438956393666894,0.5058823529411764,2,362.9090000000008,0.15735909994321362,-1000000000.0,0.38636363636363635
A,15,20,prevRoom+trend,63,198.67399999999975,0.6622466666666659,0.3966613117273182,0.4603174603174603,1,534.4860000000008,0.29641953504337787,-1000000000.0,0.9
A,15,20,prevDist+trend,61,198.10299999999984,0.6603433333333328,0.418962478039109,0.4262295081967213,1,509.22000000000094,0.27923136498789397,-1000000000.0,0.9272727272727272
A,15,20,early+trend,67,195.10400000000004,0.6503466666666669,0.42975556861060243,0.44776119402985076,1,634.3070000000012,0.23741972245634405,-1000000000.0,0.9227272727272727
A,15,20,lowSpread+body,62,186.03099999999972,0.6201033333333325,0.45697856006538645,0.41935483870967744,1,187.38200000000097,0.3792811026934608,-1000000000.0,0.85
A,15,20,compression+trend,70,197.9319999999998,0.6597733333333327,0.4315941221573541,0.45714285714285713,1,439.4430000000009,0.29277129967124904,-1000000000.0,1.0
A,15,20,TPspread+close,50,185.54399999999964,0.6184799999999988,0.41867809609745193,0.44,0,506.9530000000011,0.28318493848977017,-1000000000.0,0.7045454545454546
A,20,8,ALL,85,75.20500000000038,0.2506833333333346,0.8331080886154877,0.4117647058823529,1,301.56200000000126,0.7287901385349508,-1000000000.0,1.0
A,20,8,spread<=0.5,85,75.20500000000038,0.2506833333333346,0.8331080886154877,0.4117647058823529,1,249.93000000000143,0.6458183070844941,-1000000000.0,0.8954545454545455
A,20,8,spread<=0.75,85,75.20500000000038,0.2506833333333346,0.8331080886154877,0.4117647058823529,1,267.7990000000011,0.6721483872137504,-1000000000.0,0.9545454545454546
A,20,8,spread<=1.0,85,75.20500000000038,0.2506833333333346,0.8331080886154877,0.4117647058823529,1,262.4240000000009,0.732353634435117,-1000000000.0,0.9681818181818181
A,20,8,spread<=1.25,85,75.20500000000038,0.2506833333333346,0.8331080886154877,0.4117647058823529,1,298.7900000000009,0.7025615878835839,-1000000000.0,0.9818181818181818
A,20,8,body>=0.40,75,77.1510000000003,0.257170000000001,0.8226071241343148,0.38666666666666666,1,166.05900000000065,0.7185452361139433,-1000000000.0,0.8727272727272727
A,20,8,body>=0.60,90,78.7409999999993,0.2624699999999977,0.7788310834723715,0.37777777777777777,0,309.9560000000006,0.7263543532049279,-1000000000.0,0.6863636363636364
A,20,8,close>=0.70,87,74.71099999999933,0.24903666666666444,0.7901506086702524,0.40229885057471265,0,758.7740000000024,0.704263915787465,-1000000000.0,0.7045454545454546
A,20,8,trend>=2,85,75.20500000000038,0.2506833333333346,0.8331080886154877,0.4117647058823529,1,301.56200000000126,0.7287901385349508,-1000000000.0,1.0
A,20,8,trend=3,83,79.5100000000009,0.26503333333333634,0.8235546057551671,0.40963855421686746,1,498.44200000000205,0.7352963598938492,-1000000000.0,0.9636363636363636
A,20,8,mom>=0,85,75.20500000000038,0.2506833333333346,0.8331080886154877,0.4117647058823529,1,301.56200000000126,0.7287901385349508,-1000000000.0,1.0
A,20,8,mom>=0.15,85,75.20500000000038,0.2506833333333346,0.8331080886154877,0.4117647058823529,1,301.56200000000126,0.7287901385349508,-1000000000.0,1.0
A,20,8,emaAligned,85,75.20500000000038,0.2506833333333346,0.8331080886154877,0.4117647058823529,1,301.56200000000126,0.7287901385349508,-1000000000.0,1.0
A,20,8,prevRoom>=0,77,79.0780000000002,0.263593333333334,0.7833431965632116,0.4155844155844156,0,798.5900000000022,0.6912046925164474,-1000000000.0,0.9
A,20,8,prevDist>=0.25,75,79.85500000000116,0.26618333333333716,0.8163898315996625,0.38666666666666666,1,530.8330000000014,0.6818158686912578,-1000000000.0,0.9272727272727272
A,20,8,prevDist>=0.50,102,75.29299999999989,0.2509766666666663,0.8374124364057252,0.39215686274509803,1,209.9409999999998,0.6342102567144237,-1000000000.0,0.7545454545454545
A,20,8,break>=0.05,76,77.76000000000158,0.25920000000000526,0.7764495847240502,0.32894736842105265,0,170.9420000000007,0.724289049109397,-1000000000.0,0.5181818181818182
A,20,8,break<=0.25,83,79.49699999999984,0.2649899999999995,0.8235834548323319,0.40963855421686746,1,296.07000000000085,0.6815629979300998,-1000000000.0,0.9818181818181818
A,20,8,asiaRatio<=0.80,85,75.20500000000038,0.2506833333333346,0.8331080886154877,0.4117647058823529,1,301.56200000000126,0.7287901385349508,-1000000000.0,1.0
A,20,8,time<=12,81,77.85700000000134,0.25952333333333777,0.8146155970817349,0.4074074074074074,1,432.32200000000125,0.6554020928777914,-1000000000.0,0.9090909090909091
A,20,8,time<=13,81,77.85700000000134,0.25952333333333777,0.8146155970817349,0.4074074074074074,1,552.6540000000016,0.6491618642006554,-1000000000.0,0.9227272727272727
A,20,8,LONG,115,116.0369999999989,0.3867899999999963,0.7599188949436095,0.4,2,208.59199999999964,0.742356431309176,-1000000000.0,0.5227272727272727
A,20,8,SHORT,53,77.97200000000157,0.2599066666666719,0.7898147549114711,0.32075471698113206,0,460.5880000000009,0.6281408190684548,-1000000000.0,0.4772727272727273
A,20,8,Mon-Wed,81,78.27300000000037,0.2609100000000012,0.8067376280527088,0.38271604938271603,1,656.7710000000027,0.6428294032812978,-1000000000.0,0.5772727272727273
A,20,8,Thu-Fri,93,117.39100000000008,0.3913033333333336,0.6882713742893432,0.3870967741935484,1,179.44499999999948,0.516189775149146,-1000000000.0,0.42272727272727273
A,20,8,spread<=10%TP,85,75.20500000000038,0.2506833333333346,0.8331080886154877,0.4117647058823529,1,301.56200000000126,0.7287901385349508,-1000000000.0,1.0
A,20,8,spread<=15%TP,85,75.20500000000038,0.2506833333333346,0.8331080886154877,0.4117647058823529,1,301.56200000000126,0.7287901385349508,-1000000000.0,1.0
A,20,8,lowSpread+close,80,74.71099999999933,0.24903666666666444,0.7901506086702524,0.4125,0,543.7480000000016,0.6783651434979355,-1000000000.0,0.6909090909090909
A,20,8,body+close,91,78.87999999999965,0.2629333333333322,0.778440658161575,0.38461538461538464,0,649.7940000000028,0.677816264281653,-1000000000.0,0.6636363636363637
A,20,8,trend+mom,85,75.20500000000038,0.2506833333333346,0.8331080886154877,0.4117647058823529,1,301.56200000000126,0.7287901385349508,-1000000000.0,1.0
A,20,8,trend+close,87,74.71099999999933,0.24903666666666444,0.7901506086702524,0.40229885057471265,0,758.7740000000024,0.704263915787465,-1000000000.0,0.7045454545454546
A,20,8,trend+lowSpread,85,75.20500000000038,0.2506833333333346,0.8331080886154877,0.4117647058823529,1,262.4240000000009,0.732353634435117,-1000000000.0,0.9681818181818181
A,20,8,break+trend,76,77.76000000000158,0.25920000000000526,0.7764495847240502,0.32894736842105265,0,170.9420000000007,0.724289049109397,-1000000000.0,0.5181818181818182
A,20,8,break+close,85,153.76800000000094,0.5125600000000031,0.6750691138073999,0.4235294117647059,2,339.862000000001,0.5918795030266315,-1000000000.0,0.38636363636363635
A,20,8,prevRoom+trend,77,79.0780000000002,0.263593333333334,0.7833431965632116,0.4155844155844156,0,798.5900000000022,0.6912046925164474,-1000000000.0,0.9
A,20,8,prevDist+trend,75,79.85500000000116,0.26618333333333716,0.8163898315996625,0.38666666666666666,1,530.8330000000014,0.6818158686912578,-1000000000.0,0.9272727272727272
A,20,8,early+trend,81,77.85700000000134,0.25952333333333777,0.8146155970817349,0.4074074074074074,1,552.6540000000016,0.6491618642006554,-1000000000.0,0.9227272727272727
A,20,8,lowSpread+body,75,77.1510000000003,0.257170000000001,0.8226071241343148,0.38666666666666666,1,166.60600000000068,0.6896753878604368,-1000000000.0,0.85
A,20,8,compression+trend,85,75.20500000000038,0.2506833333333346,0.8331080886154877,0.4117647058823529,1,301.56200000000126,0.7287901385349508,-1000000000.0,1.0
A,20,8,TPspread+close,87,74.71099999999933,0.24903666666666444,0.7901506086702524,0.40229885057471265,0,758.7740000000024,0.704263915787465,-1000000000.0,0.7045454545454546
A,20,10,ALL,98,94.36899999999991,0.31456333333333303,0.7779636531330587,0.4387755102040816,1,188.3920000000012,0.6460695379749053,-1000000000.0,1.0
A,20,10,spread<=0.5,98,94.36899999999991,0.31456333333333303,0.7779636531330587,0.4387755102040816,1,201.63000000000102,0.5115356021553593,-1000000000.0,0.8954545454545455
A,20,10,spread<=0.75,98,94.36899999999991,0.31456333333333303,0.7779636531330587,0.4387755102040816,1,184.9030000000007,0.6178666666666648,-1000000000.0,0.9545454545454546
A,20,10,spread<=1.0,98,94.36899999999991,0.31456333333333303,0.7779636531330587,0.4387755102040816,1,185.18000000000075,0.6318533333333312,-1000000000.0,0.9681818181818181
A,20,10,spread<=1.25,98,94.36899999999991,0.31456333333333303,0.7779636531330587,0.4387755102040816,1,183.26200000000063,0.6436239663426655,-1000000000.0,0.9818181818181818
A,20,10,body>=0.40,84,99.33799999999997,0.33112666666666657,0.7592558933085167,0.4166666666666667,1,90.85100000000057,0.7134742870839338,-1000000000.0,0.8727272727272727
A,20,10,body>=0.60,90,92.22499999999945,0.30741666666666484,0.7378824826770817,0.4,0,236.5020000000011,0.6585587066866794,-1000000000.0,0.6863636363636364
A,20,10,close>=0.70,85,97.21199999999999,0.32403999999999994,0.7237086679967939,0.4235294117647059,0,378.3520000000012,0.6185368323697027,-1000000000.0,0.7045454545454546
A,20,10,trend>=2,98,94.36899999999991,0.31456333333333303,0.7779636531330587,0.4387755102040816,1,188.3920000000012,0.6460695379749053,-1000000000.0,1.0
A,20,10,trend=3,92,99.34800000000018,0.3311600000000006,0.7662488000451744,0.43478260869565216,1,279.2900000000011,0.6406019509316787,-1000000000.0,0.9636363636363636
A,20,10,mom>=0,98,94.36899999999991,0.31456333333333303,0.7779636531330587,0.4387755102040816,1,188.3920000000012,0.6460695379749053,-1000000000.0,1.0
A,20,10,mom>=0.15,98,94.36899999999991,0.31456333333333303,0.7779636531330587,0.4387755102040816,1,188.3920000000012,0.6460695379749053,-1000000000.0,1.0
A,20,10,emaAligned,98,94.36899999999991,0.31456333333333303,0.7779636531330587,0.4387755102040816,1,188.3920000000012,0.6460695379749053,-1000000000.0,1.0
A,20,10,prevRoom>=0,87,97.75299999999993,0.3258433333333331,0.7304562663203383,0.4367816091954023,0,379.6870000000006,0.6376819095669032,-1000000000.0,0.9
A,20,10,prevDist>=0.25,109,94.79200000000014,0.31597333333333383,0.7702730540025053,0.4036697247706422,1,294.6780000000008,0.6096157430026331,-1000000000.0,0.9272727272727272
A,20,10,prevDist>=0.50,103,93.27199999999993,0.31090666666666644,0.7755208132773694,0.4174757281553398,1,182.6300000000001,0.5570900535514922,-1000000000.0,0.7545454545454545
A,20,10,break>=0.05,114,147.4600000000023,0.49153333333334104,0.6732446257840512,0.41228070175438597,1,209.27700000000073,0.5420690403484554,-1000000000.0,0.5181818181818182
A,20,10,break<=0.25,97,96.47299999999927,0.32157666666666423,0.7730132512658364,0.4329896907216495,1,185.40200000000073,0.6436239663426655,-1000000000.0,0.9818181818181818
A,20,10,asiaRatio<=0.80,98,94.36899999999991,0.31456333333333303,0.7779636531330587,0.4387755102040816,1,188.3920000000012,0.6460695379749053,-1000000000.0,1.0
A,20,10,time<=12,94,99.57900000000063,0.3319300000000021,0.75498137367315,0.43617021276595747,1,358.68400000000065,0.5402099999999989,-1000000000.0,0.9090909090909091
A,20,10,time<=13,107,99.03200000000061,0.3301066666666687,0.7563272918747869,0.4205607476635514,1,314.28500000000076,0.5648515507225347,-1000000000.0,0.9227272727272727
A,20,10,LONG,115,167.1789999999994,0.5572633333333313,0.6161198806246694,0.43478260869565216,2,181.77199999999948,0.6399568286564393,-1000000000.0,0.5227272727272727
A,20,10,SHORT,52,98.23800000000051,0.3274600000000017,0.7313743827008568,0.34615384615384615,0,382.16800000000103,0.5731966666666646,-1000000000.0,0.4772727272727273
A,20,10,Mon-Wed,82,99.67200000000071,0.33224000000000237,0.7343376432301016,0.4146341463414634,1,241.42600000000107,0.6202297651314951,-1000000000.0,0.5772727272727273
A,20,10,Thu-Fri,93,136.81699999999978,0.45605666666666594,0.6116184173772322,0.40860215053763443,2,177.2179999999994,0.44274961509950644,-1000000000.0,0.42272727272727273
A,20,10,spread<=10%TP,98,94.36899999999991,0.31456333333333303,0.7779636531330587,0.4387755102040816,1,188.3920000000012,0.6460695379749053,-1000000000.0,1.0
A,20,10,spread<=15%TP,98,94.36899999999991,0.31456333333333303,0.7779636531330587,0.4387755102040816,1,188.3920000000012,0.6460695379749053,-1000000000.0,1.0
A,20,10,lowSpread+close,76,94.11000000000013,0.3137000000000004,0.7325250251530494,0.42105263157894735,0,382.9160000000013,0.5620635931852725,-1000000000.0,0.6909090909090909
A,20,10,body+close,82,99.33699999999999,0.33112333333333327,0.7176690938649294,0.4024390243902439,0,325.98800000000165,0.5651315755480796,-1000000000.0,0.6636363636363637
A,20,10,trend+mom,98,94.36899999999991,0.31456333333333303,0.7779636531330587,0.4387755102040816,1,188.3920000000012,0.6460695379749053,-1000000000.0,1.0
A,20,10,trend+close,85,97.21199999999999,0.32403999999999994,0.7237086679967939,0.4235294117647059,0,378.3520000000012,0.6185368323697027,-1000000000.0,0.7045454545454546
A,20,10,trend+lowSpread,98,94.36899999999991,0.31456333333333303,0.7779636531330587,0.4387755102040816,1,185.18000000000075,0.6318533333333312,-1000000000.0,0.9681818181818181
A,20,10,break+trend,114,147.4600000000023,0.49153333333334104,0.6732446257840512,0.41228070175438597,1,209.27700000000073,0.5420690403484554,-1000000000.0,0.5181818181818182
A,20,10,break+close,85,186.42800000000125,0.6214266666666708,0.5500307172477301,0.4470588235294118,2,317.9540000000011,0.46352596104127713,-1000000000.0,0.38636363636363635
A,20,10,prevRoom+trend,87,97.75299999999993,0.3258433333333331,0.7304562663203383,0.4367816091954023,0,379.6870000000006,0.6376819095669032,-1000000000.0,0.9
A,20,10,prevDist+trend,109,94.79200000000014,0.31597333333333383,0.7702730540025053,0.4036697247706422,1,294.6780000000008,0.6096157430026331,-1000000000.0,0.9272727272727272
A,20,10,early+trend,107,99.03200000000061,0.3301066666666687,0.7563272918747869,0.4205607476635514,1,314.28500000000076,0.5648515507225347,-1000000000.0,0.9227272727272727
A,20,10,lowSpread+body,84,99.33799999999997,0.33112666666666657,0.7592558933085167,0.4166666666666667,1,98.89300000000048,0.670356666666665,-1000000000.0,0.85
A,20,10,compression+trend,98,94.36899999999991,0.31456333333333303,0.7779636531330587,0.4387755102040816,1,188.3920000000012,0.6460695379749053,-1000000000.0,1.0
A,20,10,TPspread+close,85,97.21199999999999,0.32403999999999994,0.7237086679967939,0.4235294117647059,0,378.3520000000012,0.6185368323697027,-1000000000.0,0.7045454545454546
A,20,12,ALL,93,114.40099999999961,0.3813366666666654,0.697563877176055,0.45161290322580644,1,282.8220000000001,0.6123873614785837,-1000000000.0,1.0
A,20,12,spread<=0.5,93,114.40099999999961,0.3813366666666654,0.697563877176055,0.45161290322580644,1,228.6300000000001,0.43656530003517985,-1000000000.0,0.8954545454545455
A,20,12,spread<=0.75,93,114.40099999999961,0.3813366666666654,0.697563877176055,0.45161290322580644,1,220.42900000000031,0.4546461690854925,-1000000000.0,0.9545454545454546
A,20,12,spread<=1.0,93,114.40099999999961,0.3813366666666654,0.697563877176055,0.45161290322580644,1,217.68900000000008,0.47987930843472293,-1000000000.0,0.9681818181818181
A,20,12,spread<=1.25,93,114.40099999999961,0.3813366666666654,0.697563877176055,0.45161290322580644,1,288.8599999999999,0.4665601883902326,-1000000000.0,0.9818181818181818
A,20,12,body>=0.40,78,116.11799999999948,0.3870599999999983,0.6904229963261771,0.4230769230769231,1,201.80900000000065,0.6257232963115315,-1000000000.0,0.8727272727272727
A,20,12,body>=0.60,100,115.62499999999909,0.38541666666666363,0.6544009516863765,0.41,0,276.2320000000009,0.6041339439732367,-1000000000.0,0.6863636363636364
A,20,12,close>=0.70,155,286.7189999999998,0.9557299999999994,0.5551374325988454,0.49032258064516127,3,509.5860000000009,0.5498264364479357,-1000000000.0,0.7045454545454546
A,20,12,trend>=2,93,114.40099999999961,0.3813366666666654,0.697563877176055,0.45161290322580644,1,282.8220000000001,0.6123873614785837,-1000000000.0,1.0
A,20,12,trend=3,92,112.36999999999966,0.37456666666666555,0.7029331288911222,0.44565217391304346,1,428.3800000000001,0.4875556818136969,-1000000000.0,0.9636363636363636
A,20,12,mom>=0,93,114.40099999999961,0.3813366666666654,0.697563877176055,0.45161290322580644,1,282.8220000000001,0.6123873614785837,-1000000000.0,1.0
A,20,12,mom>=0.15,93,114.40099999999961,0.3813366666666654,0.697563877176055,0.45161290322580644,1,282.8220000000001,0.6123873614785837,-1000000000.0,1.0
A,20,12,emaAligned,93,114.40099999999961,0.3813366666666654,0.697563877176055,0.45161290322580644,1,282.8220000000001,0.6123873614785837,-1000000000.0,1.0
A,20,12,prevRoom>=0,87,109.05699999999979,0.36352333333333264,0.6809090217512167,0.4482758620689655,0,389.279,0.5375242390078911,-1000000000.0,0.9
A,20,12,prevDist>=0.25,89,117.36700000000019,0.391223333333334,0.6870930933172652,0.42696629213483145,1,488.9789999999996,0.5010429847770236,-1000000000.0,0.9272727272727272
A,20,12,prevDist>=0.50,166,212.09599999999864,0.7069866666666621,0.6119041001788178,0.46987951807228917,2,242.19899999999916,0.441477571980341,-1000000000.0,0.7545454545454545
A,20,12,break>=0.05,95,118.74500000000103,0.3958166666666701,0.6493018228212952,0.37894736842105264,1,225.73300000000017,0.5098790626184581,-1000000000.0,0.5181818181818182
A,20,12,break<=0.25,92,112.54699999999934,0.3751566666666645,0.7024652029661763,0.44565217391304346,1,330.9630000000002,0.5453032293129212,-1000000000.0,0.9818181818181818
A,20,12,asiaRatio<=0.80,93,114.40099999999961,0.3813366666666654,0.697563877176055,0.45161290322580644,1,282.8220000000001,0.6123873614785837,-1000000000.0,1.0
A,20,12,time<=12,88,119.41000000000008,0.3980333333333336,0.6779543995727992,0.4431818181818182,1,364.1110000000001,0.4567877412615833,-1000000000.0,0.9090909090909091
A,20,12,time<=13,88,119.41000000000008,0.3980333333333336,0.6779543995727992,0.4431818181818182,1,516.8969999999997,0.41541057113093915,-1000000000.0,0.9227272727272727
A,20,12,SHORT,52,116.36200000000008,0.3878733333333336,0.6615455317564658,0.36538461538461536,0,232.73199999999997,0.5885966666666658,-1000000000.0,0.4772727272727273
A,20,12,Mon-Wed,127,234.97700000000032,0.7832566666666677,0.5675075894661727,0.48031496062992124,3,384.2210000000009,0.45712773720863736,-1000000000.0,0.5772727272727273
A,20,12,Thu-Fri,93,184.1609999999996,0.6138699999999987,0.4847514072143489,0.43010752688172044,2,264.78599999999915,0.3027103226321265,-1000000000.0,0.42272727272727273
A,20,12,spread<=10%TP,93,114.40099999999961,0.3813366666666654,0.697563877176055,0.45161290322580644,1,282.8220000000001,0.6123873614785837,-1000000000.0,1.0
A,20,12,spread<=15%TP,93,114.40099999999961,0.3813366666666654,0.697563877176055,0.45161290322580644,1,282.8220000000001,0.6123873614785837,-1000000000.0,1.0
A,20,12,lowSpread+close,83,113.99899999999957,0.3799966666666652,0.6592610083571465,0.43373493975903615,0,434.881000000001,0.4390171285522439,-1000000000.0,0.6909090909090909
A,20,12,body+close,146,259.66300000000047,0.8655433333333349,0.5658080367283996,0.4794520547945205,3,501.3480000000013,0.4818708883428246,-1000000000.0,0.6636363636363637
A,20,12,trend+mom,93,114.40099999999961,0.3813366666666654,0.697563877176055,0.45161290322580644,1,282.8220000000001,0.6123873614785837,-1000000000.0,1.0
A,20,12,trend+close,155,286.7189999999998,0.9557299999999994,0.5551374325988454,0.49032258064516127,3,509.5860000000009,0.5498264364479357,-1000000000.0,0.7045454545454546
A,20,12,trend+lowSpread,93,114.40099999999961,0.3813366666666654,0.697563877176055,0.45161290322580644,1,217.68900000000008,0.47987930843472293,-1000000000.0,0.9681818181818181
A,20,12,break+trend,95,118.74500000000103,0.3958166666666701,0.6493018228212952,0.37894736842105264,1,225.73300000000017,0.5098790626184581,-1000000000.0,0.5181818181818182
A,20,12,break+close,85,198.18200000000093,0.6606066666666698,0.5121581828559539,0.4470588235294118,2,306.7460000000001,0.4611867890147698,-1000000000.0,0.38636363636363635
A,20,12,prevRoom+trend,87,109.05699999999979,0.36352333333333264,0.6809090217512167,0.4482758620689655,0,389.279,0.5375242390078911,-1000000000.0,0.9
A,20,12,prevDist+trend,89,117.36700000000019,0.391223333333334,0.6870930933172652,0.42696629213483145,1,488.9789999999996,0.5010429847770236,-1000000000.0,0.9272727272727272
A,20,12,early+trend,88,119.41000000000008,0.3980333333333336,0.6779543995727992,0.4431818181818182,1,516.8969999999997,0.41541057113093915,-1000000000.0,0.9227272727272727
A,20,12,lowSpread+body,78,116.11799999999948,0.3870599999999983,0.6904229963261771,0.4230769230769231,1,166.23700000000053,0.5822586005773908,-1000000000.0,0.85
A,20,12,compression+trend,93,114.40099999999961,0.3813366666666654,0.697563877176055,0.45161290322580644,1,282.8220000000001,0.6123873614785837,-1000000000.0,1.0
A,20,12,TPspread+close,155,286.7189999999998,0.9557299999999994,0.5551374325988454,0.49032258064516127,3,509.5860000000009,0.5498264364479357,-1000000000.0,0.7045454545454546
A,20,15,ALL,220,275.52700000000027,0.9184233333333343,0.6104615052946579,0.4863636363636364,2,309.9350000000002,0.4556043961480513,-1000000000.0,1.0
A,20,15,spread<=0.5,101,149.41800000000012,0.4980600000000004,0.6165209758801761,0.45544554455445546,1,311.1040000000007,0.3756570985116553,-1000000000.0,0.8954545454545455
A,20,15,spread<=0.75,102,140.52199999999993,0.46840666666666647,0.6393524245581802,0.45098039215686275,1,311.8460000000007,0.34728061683980405,-1000000000.0,0.9545454545454546
A,20,15,spread<=1.0,103,139.9749999999999,0.466583333333333,0.6407562917374594,0.44660194174757284,1,279.0030000000004,0.44558333333333167,-1000000000.0,0.9681818181818181
A,20,15,spread<=1.25,116,145.54999999999995,0.4851666666666665,0.6264481390418803,0.4482758620689655,1,310.75200000000063,0.3784075539271393,-1000000000.0,0.9818181818181818
A,20,15,body>=0.40,78,149.01900000000023,0.4967300000000008,0.606147023221148,0.4230769230769231,1,275.8510000000008,0.3689630754856116,-1000000000.0,0.8727272727272727
A,20,15,body>=0.60,91,147.65099999999984,0.49216999999999944,0.5586763668535769,0.4175824175824176,0,340.0930000000012,0.3477060644421454,-1000000000.0,0.6863636363636364
A,20,15,trend>=2,220,275.52700000000027,0.9184233333333343,0.6104615052946579,0.4863636363636364,2,309.9350000000002,0.4556043961480513,-1000000000.0,1.0
A,20,15,trend=3,212,282.62700000000063,0.9420900000000021,0.5874828902069762,0.49056603773584906,4,419.0560000000005,0.40164775968058697,-1000000000.0,0.9636363636363636
A,20,15,mom>=0,220,275.52700000000027,0.9184233333333343,0.6104615052946579,0.4863636363636364,2,309.9350000000002,0.4556043961480513,-1000000000.0,1.0
A,20,15,mom>=0.15,220,275.52700000000027,0.9184233333333343,0.6104615052946579,0.4863636363636364,2,309.9350000000002,0.4556043961480513,-1000000000.0,1.0
A,20,15,emaAligned,220,275.52700000000027,0.9184233333333343,0.6104615052946579,0.4863636363636364,2,309.9350000000002,0.4556043961480513,-1000000000.0,1.0
A,20,15,prevRoom>=0,87,148.40499999999997,0.49468333333333325,0.5657803109657265,0.45977011494252873,0,528.8040000000003,0.38908898335245684,-1000000000.0,0.9
A,20,15,prevDist>=0.25,204,298.4130000000007,0.9947100000000023,0.5953701284505407,0.4852941176470588,3,456.5380000000007,0.3970657715398143,-1000000000.0,0.9272727272727272
A,20,15,break>=0.05,70,141.26000000000113,0.47086666666667043,0.5468267284328827,0.37142857142857144,0,311.59300000000053,0.3307138885892345,-1000000000.0,0.5181818181818182
A,20,15,break<=0.25,128,143.68200000000002,0.47894000000000003,0.6294792977533885,0.453125,1,430.36500000000046,0.35006060606060513,-1000000000.0,0.9818181818181818
A,20,15,asiaRatio<=0.80,220,275.52700000000027,0.9184233333333343,0.6104615052946579,0.4863636363636364,2,309.9350000000002,0.4556043961480513,-1000000000.0,1.0
A,20,15,time<=12,106,145.71600000000058,0.48572000000000193,0.6139707635492767,0.44339622641509435,1,709.6400000000008,0.33497749785417663,-1000000000.0,0.9090909090909091
A,20,15,LONG,115,278.1660000000004,0.9272200000000013,0.44070106980866247,0.48695652173913045,3,310.68299999999977,0.47778013455378227,-1000000000.0,0.5227272727272727
A,20,15,SHORT,51,139.75999999999954,0.4658666666666651,0.5934893136787254,0.39215686274509803,0,334.75600000000054,0.4958499999999996,-1000000000.0,0.4772727272727273
A,20,15,Mon-Wed,127,279.6990000000005,0.9323300000000018,0.4140082752015502,0.49606299212598426,1,306.2350000000008,0.3970611530599149,-1000000000.0,0.5772727272727273
A,20,15,Thu-Fri,93,261.8330000000001,0.872776666666667,0.3845752414737582,0.4731182795698925,2,281.5639999999996,0.26191563617562175,-1000000000.0,0.42272727272727273
A,20,15,spread<=10%TP,220,275.52700000000027,0.9184233333333343,0.6104615052946579,0.4863636363636364,2,309.9350000000002,0.4556043961480513,-1000000000.0,1.0
A,20,15,spread<=15%TP,220,275.52700000000027,0.9184233333333343,0.6104615052946579,0.4863636363636364,2,309.9350000000002,0.4556043961480513,-1000000000.0,1.0
A,20,15,lowSpread+close,75,144.9860000000001,0.48328666666666703,0.5666419578914642,0.44,0,482.81700000000114,0.2946433333333319,-1000000000.0,0.6909090909090909
A,20,15,trend+mom,220,275.52700000000027,0.9184233333333343,0.6104615052946579,0.4863636363636364,2,309.9350000000002,0.4556043961480513,-1000000000.0,1.0
A,20,15,trend+lowSpread,103,139.9749999999999,0.466583333333333,0.6407562917374594,0.44660194174757284,1,279.0030000000004,0.44558333333333167,-1000000000.0,0.9681818181818181
A,20,15,break+trend,70,141.26000000000113,0.47086666666667043,0.5468267284328827,0.37142857142857144,0,311.59300000000053,0.3307138885892345,-1000000000.0,0.5181818181818182
A,20,15,break+close,85,278.1140000000007,0.927046666666669,0.3469184568285581,0.4823529411764706,2,288.5520000000006,0.3247022398963478,-1000000000.0,0.38636363636363635
A,20,15,prevRoom+trend,87,148.40499999999997,0.49468333333333325,0.5657803109657265,0.45977011494252873,0,528.8040000000003,0.38908898335245684,-1000000000.0,0.9
A,20,15,prevDist+trend,204,298.4130000000007,0.9947100000000023,0.5953701284505407,0.4852941176470588,3,456.5380000000007,0.3970657715398143,-1000000000.0,0.9272727272727272
A,20,15,lowSpread+body,78,149.01900000000023,0.4967300000000008,0.606147023221148,0.4230769230769231,1,251.50400000000081,0.36525999999999764,-1000000000.0,0.85
A,20,15,compression+trend,220,275.52700000000027,0.9184233333333343,0.6104615052946579,0.4863636363636364,2,309.9350000000002,0.4556043961480513,-1000000000.0,1.0
A,20,20,ALL,68,197.78999999999996,0.6592999999999999,0.4263947172284594,0.45588235294117646,1,365.46200000000067,0.3786708244007007,-1000000000.0,1.0
A,20,20,spread<=0.5,68,197.78999999999996,0.6592999999999999,0.4263947172284594,0.45588235294117646,1,336.0250000000008,0.22391519825601855,-1000000000.0,0.8954545454545455
A,20,20,spread<=0.75,68,197.78999999999996,0.6592999999999999,0.4263947172284594,0.45588235294117646,1,186.32000000000062,0.38300958335264895,-1000000000.0,0.9545454545454546
A,20,20,spread<=1.0,68,197.78999999999996,0.6592999999999999,0.4263947172284594,0.45588235294117646,1,186.76500000000033,0.3815359855885448,-1000000000.0,0.9681818181818181
A,20,20,spread<=1.25,68,197.78999999999996,0.6592999999999999,0.4263947172284594,0.45588235294117646,1,340.56800000000067,0.36984564514563145,-1000000000.0,0.9818181818181818
A,20,20,body>=0.40,59,196.62699999999995,0.6554233333333331,0.42028887231301343,0.423728813559322,1,294.20000000000095,0.36220842527130953,-1000000000.0,0.8727272727272727
A,20,20,body>=0.60,51,187.3099999999995,0.624366666666665,0.40964189585290206,0.4117647058823529,0,342.6630000000009,0.33993305449460864,-1000000000.0,0.6863636363636364
A,20,20,close>=0.70,48,197.29999999999973,0.6576666666666657,0.3781557100623427,0.4375,0,414.97100000000114,0.27889748922575475,-1000000000.0,0.7045454545454546
A,20,20,trend>=2,68,197.78999999999996,0.6592999999999999,0.4263947172284594,0.45588235294117646,1,365.46200000000067,0.3786708244007007,-1000000000.0,1.0
A,20,20,trend=3,67,195.84300000000007,0.6528100000000002,0.42881600130661035,0.44776119402985076,1,377.870000000001,0.29474036074971427,-1000000000.0,0.9636363636363636
A,20,20,mom>=0,68,197.78999999999996,0.6592999999999999,0.4263947172284594,0.45588235294117646,1,365.46200000000067,0.3786708244007007,-1000000000.0,1.0
A,20,20,mom>=0.15,68,197.78999999999996,0.6592999999999999,0.4263947172284594,0.45588235294117646,1,365.46200000000067,0.3786708244007007,-1000000000.0,1.0
A,20,20,emaAligned,68,197.78999999999996,0.6592999999999999,0.4263947172284594,0.45588235294117646,1,365.46200000000067,0.3786708244007007,-1000000000.0,1.0
A,20,20,prevRoom>=0,63,186.97299999999996,0.6232433333333331,0.4173244787105746,0.4603174603174603,1,386.85400000000027,0.3851553989536961,-1000000000.0,0.9
A,20,20,prevDist>=0.25,61,191.40200000000004,0.6380066666666668,0.43295520866970993,0.4262295081967213,1,397.7390000000007,0.32238030273500906,-1000000000.0,0.9272727272727272
A,20,20,prevDist>=0.50,89,183.36600000000067,0.6112200000000022,0.4687122430353314,0.47191011235955055,1,363.4060000000002,0.293277918879396,-1000000000.0,0.7545454545454545
A,20,20,break>=0.05,50,184.03400000000033,0.6134466666666678,0.4236293368577314,0.38,0,376.2870000000005,0.23774696382353253,-1000000000.0,0.5181818181818182
A,20,20,break<=0.25,67,196.86299999999983,0.6562099999999994,0.4275441126865417,0.44776119402985076,1,360.4800000000007,0.36326457890769465,-1000000000.0,0.9818181818181818
A,20,20,asiaRatio<=0.80,68,197.78999999999996,0.6592999999999999,0.4263947172284594,0.45588235294117646,1,365.46200000000067,0.3786708244007007,-1000000000.0,1.0
A,20,20,time<=12,65,194.96200000000022,0.6498733333333341,0.42444433291904915,0.4461538461538462,1,391.6180000000006,0.30659609947074506,-1000000000.0,0.9090909090909091
A,20,20,time<=13,65,194.96200000000022,0.6498733333333341,0.42444433291904915,0.4461538461538462,1,386.36200000000076,0.3109981881334615,-1000000000.0,0.9227272727272727
A,20,20,LONG,115,297.6710000000003,0.9922366666666675,0.2989965299620531,0.48695652173913045,3,289.8169999999998,0.3463350269130687,-1000000000.0,0.5227272727272727
A,20,20,SHORT,33,198.44799999999987,0.6614933333333329,0.38351423725233197,0.42424242424242425,0,192.1260000000002,0.35957999999999934,-1000000000.0,0.4772727272727273
A,20,20,Mon-Wed,68,196.94900000000007,0.656496666666667,0.4125011559124546,0.47058823529411764,1,343.9620000000009,0.32189465963269,-1000000000.0,0.5772727272727273
A,20,20,Thu-Fri,93,260.54099999999994,0.8684699999999999,0.3076423660266082,0.4731182795698925,2,321.4999999999998,0.15477899976911755,-1000000000.0,0.42272727272727273
A,20,20,spread<=10%TP,68,197.78999999999996,0.6592999999999999,0.4263947172284594,0.45588235294117646,1,365.46200000000067,0.3786708244007007,-1000000000.0,1.0
A,20,20,spread<=15%TP,68,197.78999999999996,0.6592999999999999,0.4263947172284594,0.45588235294117646,1,365.46200000000067,0.3786708244007007,-1000000000.0,1.0
A,20,20,lowSpread+close,48,197.29999999999973,0.6576666666666657,0.3781557100623427,0.4375,0,391.5090000000009,0.33234114310534174,-1000000000.0,0.6909090909090909
A,20,20,body+close,46,194.23099999999977,0.6474366666666659,0.38782849326466734,0.41304347826086957,0,416.52500000000146,0.1716910739938674,-1000000000.0,0.6636363636363637
A,20,20,trend+mom,68,197.78999999999996,0.6592999999999999,0.4263947172284594,0.45588235294117646,1,365.46200000000067,0.3786708244007007,-1000000000.0,1.0
A,20,20,trend+close,48,197.29999999999973,0.6576666666666657,0.3781557100623427,0.4375,0,414.97100000000114,0.27889748922575475,-1000000000.0,0.7045454545454546
A,20,20,trend+lowSpread,68,197.78999999999996,0.6592999999999999,0.4263947172284594,0.45588235294117646,1,186.76500000000033,0.3815359855885448,-1000000000.0,0.9681818181818181
A,20,20,break+trend,50,184.03400000000033,0.6134466666666678,0.4236293368577314,0.38,0,376.2870000000005,0.23774696382353253,-1000000000.0,0.5181818181818182
A,20,20,break+close,85,285.64600000000087,0.9521533333333362,0.3380641470727456,0.49411764705882355,2,370.8340000000005,0.15067457350642247,-1000000000.0,0.38636363636363635
A,20,20,prevRoom+trend,63,186.97299999999996,0.6232433333333331,0.4173244787105746,0.4603174603174603,1,386.85400000000027,0.3851553989536961,-1000000000.0,0.9
A,20,20,prevDist+trend,61,191.40200000000004,0.6380066666666668,0.43295520866970993,0.4262295081967213,1,397.7390000000007,0.32238030273500906,-1000000000.0,0.9272727272727272
A,20,20,early+trend,65,194.96200000000022,0.6498733333333341,0.42444433291904915,0.4461538461538462,1,386.36200000000076,0.3109981881334615,-1000000000.0,0.9227272727272727
A,20,20,lowSpread+body,59,196.62699999999995,0.6554233333333331,0.42028887231301343,0.423728813559322,1,196.30900000000065,0.3499314528680505,-1000000000.0,0.85
A,20,20,compression+trend,68,197.78999999999996,0.6592999999999999,0.4263947172284594,0.45588235294117646,1,365.46200000000067,0.3786708244007007,-1000000000.0,1.0
A,20,20,TPspread+close,48,197.29999999999973,0.6576666666666657,0.3781557100623427,0.4375,0,414.97100000000114,0.27889748922575475,-1000000000.0,0.7045454545454546
B,20,20,trend=3,413,1107.7150000000067,3.692383333333356,0.32518147134827063,0.5254237288135594,4,1321.2050000000086,0.2874176166562806,1.1860120870408957,0.8568464730290456
B,15,20,trend=3,413,1155.3480000000063,3.851160000000021,0.37503734421637436,0.5326876513317191,4,1150.7670000000066,0.29329866486481854,1.1656400551455308,0.8568464730290456
B,20,20,mom>=0,474,916.2980000000059,3.0543266666666864,0.3325156700753107,0.5210970464135021,4,914.6800000000067,0.355297363842238,0.9863608812009106,0.983402489626556
B,20,20,trend+mom,472,915.2170000000056,3.0507233333333517,0.33310023385840376,0.5190677966101694,4,916.6350000000064,0.33233385254413284,0.9844035759451586,0.979253112033195
B,20,25,mom>=0.15,464,826.9280000000042,2.756426666666681,0.2762426036159345,0.5237068965517241,4,706.9110000000039,0.2683249302915969,0.9555627007264291,0.9626556016597511
B,20,8,close>=0.85,213,1172.8120000000129,3.909373333333376,0.5697043328497413,0.4835680751173709,4,685.7110000000082,0.5654916870519718,0.9363022809080928,0.44190871369294604
B,15,20,trend+mom,472,880.681000000005,2.93560333333335,0.3581276548397446,0.5254237288135594,4,652.0370000000044,0.3993960947007215,0.9147111142896058,0.979253112033195
B,20,20,break>=0.05,305,858.2449999999999,2.860816666666666,0.35547214528665455,0.5377049180327869,4,1129.8590000000008,0.3061525074490812,0.892415421236888,0.6327800829875518
B,20,20,break+trend,304,857.6929999999998,2.858976666666666,0.35547214528665455,0.5361842105263158,4,1129.3070000000007,0.30631173892232777,0.8917487621604772,0.6307053941908713
B,20,12,close>=0.85,213,959.9630000000091,3.1998766666666967,0.478988936129792,0.539906103286385,4,650.0160000000053,0.46461535283423905,0.8493866523832312,0.44190871369294604
B,20,20,mom>=0.15,464,803.6460000000054,2.678820000000018,0.33849801748220093,0.5237068965517241,4,803.7310000000057,0.3365619056692296,0.8473503853576603,0.9626556016597511
B,20,25,trend+mom,472,744.3190000000027,2.4810633333333425,0.2782434780565296,0.5190677966101694,4,745.7560000000037,0.2777224703815848,0.8466135520081144,0.979253112033195
B,20,25,mom>=0,474,744.2890000000032,2.480963333333344,0.27825437587553287,0.5210970464135021,4,739.4940000000038,0.27896274423572126,0.8465582814135915,0.983402489626556
B,20,20,spread<=1.25,481,791.5620000000054,2.6385400000000176,0.34736430261851825,0.5114345114345115,4,794.4050000000059,0.3534194996220615,0.822620859459648,0.9979253112033195
B,20,20,prevDist>=0.25,450,867.3620000000044,2.8912066666666814,0.4206782678454675,0.5133333333333333,4,895.2210000000055,0.3734012219537363,0.8222301971572008,0.9336099585062241
B,20,20,ALL,482,791.5620000000054,2.6385400000000176,0.34736430261851825,0.5124481327800829,4,792.994000000006,0.3592889778137166,0.8218066715970898,1.0
B,20,20,emaAligned,482,791.5620000000054,2.6385400000000176,0.34736430261851825,0.5124481327800829,4,792.994000000006,0.3592889778137166,0.8218066715970898,1.0
B,20,20,Thu-Fri,482,791.5620000000054,2.6385400000000176,0.34736430261851825,0.5124481327800829,4,792.994000000006,0.3592889778137166,0.8218066715970898,1.0
B,20,20,spread<=10%TP,482,791.5620000000054,2.6385400000000176,0.34736430261851825,0.5124481327800829,4,792.994000000006,0.3592889778137166,0.8218066715970898,1.0
B,20,20,spread<=15%TP,482,791.5620000000054,2.6385400000000176,0.34736430261851825,0.5124481327800829,4,792.994000000006,0.3592889778137166,0.8218066715970898,1.0
B,15,20,mom>=0.15,464,776.7430000000047,2.589143333333349,0.3346004284841201,0.5301724137931034,4,879.8000000000063,0.3322225019213103,0.8183551649852563,0.9626556016597511
B,15,25,mom>=0.15,464,682.5690000000031,2.2752300000000103,0.2536115024868853,0.5301724137931034,4,680.160000000004,0.2584895366057102,0.7946965815428981,0.9626556016597511
B,20,25,body>=0.60,310,604.0270000000012,2.0134233333333373,0.25739815852954157,0.5258064516129032,5,490.03000000000156,0.21595767081291228,0.7472839106955952,0.6431535269709544
B,15,25,trend+mom,472,681.2200000000028,2.2707333333333426,0.3003798554098781,0.5254237288135594,4,743.9420000000034,0.23637772801184687,0.7335921617750746,0.979253112033195
B,15,25,mom>=0,474,677.9560000000031,2.2598533333333437,0.2974417623112662,0.5274261603375527,4,735.0970000000036,0.2598410512662112,0.7328824318853572,0.983402489626556
B,20,20,prevDist+trend,449,793.4590000000037,2.644863333333346,0.4206782678454675,0.512249443207127,4,897.7270000000049,0.3724345538109651,0.7320894211478706,0.9315352697095436
B,20,15,close>=0.85,213,731.7520000000047,2.439173333333349,0.4217828030006912,0.5539906103286385,5,721.3670000000052,0.3983973557049938,0.7295998998768264,0.44190871369294604
B,20,20,spread<=0.5,459,709.6700000000048,2.365566666666683,0.3794593961603895,0.5098039215686274,4,836.4490000000055,0.35619212552225793,0.6717737267392163,0.9522821576763485
B,15,12,close>=0.85,213,801.7830000000085,2.6726100000000286,0.4825231174520068,0.5446009389671361,4,604.9180000000058,0.46878499279445246,0.6650637674187589,0.44190871369294604
B,20,25,close>=0.85,213,527.2760000000023,1.7575866666666744,0.2126021977871531,0.5633802816901409,5,483.32500000000186,0.1774316738291558,0.6641330727206292,0.44190871369294604
B,15,20,prevDist>=0.50,388,721.7050000000027,2.405683333333342,0.34065412096206016,0.5335051546391752,3,823.9910000000032,0.3571766273005585,0.6571091952929091,0.8049792531120332
B,12,25,close>=0.85,213,484.8870000000013,1.6162900000000044,0.160650885348497,0.5727699530516432,5,438.19700000000125,0.15770690074712282,0.6464107045848373,0.44190871369294604
B,20,20,close>=0.85,213,615.7440000000029,2.0524800000000094,0.2867600315111624,0.5633802816901409,4,512.5420000000029,0.2561897050203169,0.646335524320802,0.44190871369294604
B,20,20,spread<=0.75,473,722.6460000000043,2.408820000000014,0.4167510049924528,0.5095137420718816,4,816.8870000000056,0.35410651936924037,0.6443838343862134,0.9813278008298755
B,15,20,break>=0.05,305,698.400000000001,2.3280000000000034,0.3918439965880609,0.5442622950819672,4,963.6510000000021,0.2998358049513899,0.6439863098267153,0.6327800829875518
B,15,20,break+trend,304,697.8480000000009,2.326160000000003,0.3918439965880609,0.5427631578947368,4,963.099000000002,0.2999847059035223,0.643169980801205,0.6307053941908713
B,20,20,body>=0.40,408,682.8250000000041,2.276083333333347,0.3727886383176689,0.5098039215686274,4,685.7350000000038,0.3513649760777368,0.6416473484704284,0.8464730290456431
B,15,20,close>=0.85,213,574.7260000000026,1.915753333333342,0.30904496425867456,0.568075117370892,5,445.0980000000027,0.24753850741781452,0.6296836835469823,0.44190871369294604
B,20,20,trend>=2,480,681.6130000000044,2.272043333333348,0.3820151946623349,0.5104166666666666,4,792.4930000000056,0.3545952464226852,0.6284044810443199,0.995850622406639
B,15,20,ALL,482,656.3340000000039,2.187780000000013,0.35882753179032273,0.5186721991701245,4,654.7280000000046,0.3986284108635507,0.6199124024679673,1.0
B,15,20,emaAligned,482,656.3340000000039,2.187780000000013,0.35882753179032273,0.5186721991701245,4,654.7280000000046,0.3986284108635507,0.6199124024679673,1.0
B,15,20,Thu-Fri,482,656.3340000000039,2.187780000000013,0.35882753179032273,0.5186721991701245,4,654.7280000000046,0.3986284108635507,0.6199124024679673,1.0
B,15,20,spread<=15%TP,482,656.3340000000039,2.187780000000013,0.35882753179032273,0.5186721991701245,4,654.7280000000046,0.3986284108635507,0.6199124024679673,1.0
B,20,20,prevDist>=0.50,388,743.9520000000027,2.479840000000009,0.39736260049180794,0.5283505154639175,3,744.3370000000032,0.3971938232338103,0.6168382409241358,0.8049792531120332
B,15,20,trend>=2,480,653.4740000000038,2.1782466666666793,0.36033414143262454,0.5166666666666667,4,659.1500000000049,0.40197220900998726,0.6136031815469192,0.995850622406639
B,12,20,close>=0.85,213,550.8440000000019,1.8361466666666728,0.2931725105408259,0.5727699530516432,5,398.9740000000013,0.24054874620488031,0.6110731345699547,0.44190871369294604
B,10,25,close>=0.85,213,457.27700000000164,1.5242566666666721,0.1533702527350218,0.5774647887323944,5,415.78400000000147,0.17283871303273096,0.6059672737607025,0.44190871369294604
B,20,20,spread<=1.0,477,671.1640000000048,2.237213333333349,0.38803451180830784,0.5094339622641509,4,792.1860000000058,0.35472348927507574,0.6051912287020542,0.9896265560165975
B,15,20,spread<=1.25,481,653.790000000004,2.1793000000000133,0.3750343061019119,0.5176715176715176,4,653.0180000000046,0.4094220878452754,0.5957293287091341,0.9979253112033195
B,15,20,spread<=10%TP,481,653.790000000004,2.1793000000000133,0.3750343061019119,0.5176715176715176,4,653.0180000000046,0.4094220878452754,0.5957293287091341,0.9979253112033195
B,10,20,close>=0.85,213,470.848000000002,1.56949333333334,0.1842081819247443,0.5774647887323944,5,377.77600000000143,0.18288089303766433,0.5895609150383749,0.44190871369294604
B,20,20,trend+lowSpread,475,671.7140000000043,2.239046666666681,0.4060876251646722,0.5073684210526316,4,677.7440000000042,0.4116138568003485,0.5834760211297674,0.9854771784232366
B,15,20,body>=0.60,310,534.3890000000022,1.7812966666666739,0.29011999600158156,0.532258064516129,5,489.3150000000023,0.30348759066577,0.5798001680041824,0.6431535269709544
B,15,20,mom>=0,474,661.5840000000037,2.205280000000012,0.39901558405644055,0.5274261603375527,4,879.477000000006,0.3453880468351145,0.5771430086072815,0.983402489626556
B,15,25,close>=0.85,213,482.6890000000021,1.6089633333333404,0.22174107103786717,0.568075117370892,5,460.8770000000018,0.1692526327296577,0.5634676273781872,0.44190871369294604
B,20,20,break+close,202,561.8979999999999,1.872993333333333,0.2849220582149272,0.5693069306930693,4,563.5370000000005,0.28411906616525656,0.5605949471866847,0.4190871369294606
B,8,20,close>=0.85,213,453.6080000000022,1.5120266666666742,0.17846227257207956,0.6056338028169014,5,373.0430000000017,0.2261709871052826,0.5585136192779643,0.44190871369294604
B,15,20,lowSpread+body,405,585.7270000000035,1.952423333333345,0.3194177588348775,0.5160493827160494,4,578.6890000000035,0.33973671296955105,0.5575270934074927,0.8402489626556017
B,8,25,close>=0.85,213,446.9450000000015,1.4898166666666717,0.1724652059137119,0.6056338028169014,5,424.3010000000015,0.18436675260716667,0.5568752126138333,0.44190871369294604
B,15,25,body>=0.60,310,484.84600000000137,1.616153333333338,0.2449976716695915,0.532258064516129,5,471.6770000000017,0.22202714565466874,0.5393759724765345,0.6431535269709544
B,12,20,break+trend,304,631.6899999999998,2.1056333333333326,0.3941235868295501,0.5460526315789473,4,754.7659999999994,0.28988827744601803,0.5391442841034787,0.6307053941908713
B,12,20,break>=0.05,305,631.539,2.10513,0.3941235868295501,0.5475409836065573,4,755.3179999999995,0.28970980726312906,0.5389193628492985,0.6327800829875518
B,20,15,body>=0.60,310,593.4450000000024,1.978150000000008,0.4105305295876809,0.5161290322580645,5,379.48500000000263,0.4407035752830122,0.5349749366831353,0.6431535269709544
B,20,20,LONG,263,532.3520000000019,1.7745066666666731,0.26470965038184185,0.5171102661596958,4,530.743000000002,0.2862548464062034,0.5281915686051796,0.5456431535269709
B,12,20,mom>=0.15,464,569.3480000000013,1.897826666666671,0.3236964156665815,0.5344827586206896,4,582.0890000000018,0.3726646930457649,0.5263026955623606,0.9626556016597511
B,20,25,LONG,263,492.6940000000011,1.642313333333337,0.21147312176622327,0.5171102661596958,4,493.9060000000011,0.20720750588469283,0.5190025114804344,0.5456431535269709
B,6,12,close>=0.85,213,659.189000000004,2.1972966666666798,0.38937495943402123,0.6384976525821596,3,662.6140000000028,0.4102111861700297,0.5059322804726583,0.44190871369294604
B,20,20,time<=12,375,576.2470000000021,1.9208233333333404,0.3465916312437338,0.512,4,578.1510000000026,0.3451820186323865,0.5053803545979267,0.7780082987551867
B,20,20,body>=0.60,310,550.0510000000015,1.8335033333333384,0.3139242163039852,0.5258064516129032,4,521.732000000002,0.293814513939834,0.49953029136588456,0.6431535269709544
B,15,25,body>=0.40,408,529.4560000000026,1.764853333333342,0.28538771152723824,0.5171568627450981,4,633.846000000003,0.3057515186385042,0.4971382357877469,0.8464730290456431
B,12,20,mom>=0,474,583.1700000000014,1.9439000000000048,0.3678145446488922,0.5316455696202531,4,584.522000000002,0.35023853990883413,0.49370038907089164,0.983402489626556
B,15,20,body>=0.40,408,555.3410000000031,1.8511366666666769,0.33334167062687997,0.5171568627450981,4,555.9770000000033,0.3353449107371251,0.4851236265245469,0.8464730290456431
B,6,25,close>=0.85,213,440.20500000000106,1.4673500000000035,0.15902982666091647,0.6572769953051644,4,430.23400000000106,0.16369152614125465,0.478610410749695,0.44190871369294604
B,12,20,body>=0.60,310,512.2770000000007,1.7075900000000024,0.2769817647273215,0.5387096774193548,4,516.1650000000013,0.24718056701666485,0.4748393158014355,0.6431535269709544
B,20,20,lowSpread+body,405,588.1620000000032,1.9605400000000108,0.3927765089935244,0.508641975308642,4,681.5690000000043,0.38225134569890395,0.4680410034819982,0.8402489626556017
B,12,8,close>=0.85,213,653.606000000008,2.1786866666666933,0.4782617394609933,0.49295774647887325,4,441.3140000000051,0.4598953645994741,0.46593139782294846,0.44190871369294604
B,12,20,trend+mom,472,580.0430000000013,1.933476666666671,0.3857240213029111,0.5296610169491526,4,578.2440000000017,0.34364534626931853,0.46491989776453035,0.979253112033195
B,15,8,close>=0.85,213,741.2760000000101,2.4709200000000338,0.5813394490684662,0.48826291079812206,4,526.9290000000074,0.546424561855912,0.46300163489433516,0.44190871369294604
B,12,12,close>=0.85,213,700.0700000000072,2.3335666666666905,0.472903851044376,0.5492957746478874,3,548.7670000000041,0.44499593730120135,0.46154287679256767,0.44190871369294604
B,20,25,lowSpread+body,405,538.1680000000024,1.7938933333333413,0.3324795547216147,0.508641975308642,4,543.6940000000027,0.33198081264975543,0.45559254941092364,0.8402489626556017
B,12,25,body>=0.60,310,475.1570000000004,1.583856666666668,0.23613298641844327,0.5387096774193548,4,484.5140000000008,0.17215050477241672,0.45039609196877894,0.6431535269709544
B,20,10,close>=0.85,213,655.2990000000048,2.1843300000000156,0.49395498665170906,0.5117370892018779,4,577.2570000000046,0.5095558041156893,0.44893213461474984,0.44190871369294604
B,20,25,break+close,202,482.0019999999997,1.6066733333333325,0.2677273520585983,0.5693069306930693,4,492.36500000000024,0.16742074418713088,0.4327173033863756,0.4190871369294606
B,15,25,LONG,263,456.52300000000105,1.5217433333333368,0.22265235358381202,0.5209125475285171,4,456.3910000000012,0.2082114521359138,0.4310372051958623,0.5456431535269709
B,15,15,close>=0.85,213,530.1330000000041,1.7671100000000137,0.4057869560144666,0.5586854460093896,5,431.2790000000034,0.4408879908692357,0.4273407736102549,0.44190871369294604
B,15,20,LONG,263,488.0930000000019,1.626976666666673,0.2807863087667622,0.5209125475285171,4,440.6120000000021,0.2903260988112112,0.42470129400417866,0.5456431535269709
B,12,25,mom>=0.15,464,490.8310000000008,1.6361033333333361,0.291342757154395,0.5344827586206896,4,489.5280000000016,0.24116637501682547,0.4156125823346146,0.9626556016597511
B,15,25,break<=0.25,378,471.26700000000346,1.5708900000000114,0.25958999982281583,0.5105820105820106,4,472.1520000000032,0.25918358321170953,0.4130864051731816,0.7842323651452282
B,20,15,trend=3,413,679.4750000000067,2.264916666666689,0.4891177170758388,0.5060532687651331,3,678.8160000000066,0.4109587906055654,0.4117941847511336,0.8568464730290456
B,20,20,asiaRatio>=0.80,322,553.9590000000019,1.8465300000000062,0.3301296307039754,0.515527950310559,3,614.246000000001,0.2764001738457544,0.4060168703382278,0.6680497925311203
B,20,20,time<=13,406,560.7280000000037,1.8690933333333457,0.35285550163539264,0.5098522167487685,3,600.7060000000054,0.352186106770192,0.39005375805843234,0.8423236514522822
B,20,20,early+trend,406,560.7280000000037,1.8690933333333457,0.35285550163539264,0.5098522167487685,3,600.7060000000054,0.352186106770192,0.39005375805843234,0.8423236514522822
B,15,25,lowSpread+body,405,486.8750000000023,1.6229166666666743,0.3053180676539502,0.5160493827160494,4,634.037000000003,0.30566097995075886,0.38847493320619597,0.8402489626556017
B,15,25,break+close,202,473.7970000000005,1.579323333333335,0.2895435289313861,0.5792079207920792,4,475.67700000000036,0.17902258848859517,0.3874729940537357,0.4190871369294606
B,15,25,body+close,302,444.4560000000017,1.4815200000000057,0.2390132715174682,0.5397350993377483,4,445.4880000000019,0.25483446249008446,0.38723986371359964,0.6265560165975104
B,6,20,close>=0.85,213,417.9210000000012,1.393070000000004,0.1930829220510114,0.6572769953051644,4,413.10000000000105,0.16697241233330995,0.3753899222339939,0.44190871369294604
B,5,25,close>=0.85,213,403.52700000000095,1.3450900000000032,0.17538406360212816,0.676056338028169,4,401.09900000000084,0.17666610467496827,0.37107865500422665,0.44190871369294604
B,20,25,body+close,302,440.4310000000014,1.468103333333338,0.2639205781752658,0.5298013245033113,4,425.5180000000016,0.308432352079642,0.34865102742118753,0.6265560165975104
B,12,25,break<=0.25,378,421.9030000000023,1.406343333333341,0.22523011623028752,0.5158730158730159,4,435.511000000002,0.21467000379705506,0.3477716969773707,0.7842323651452282
B,15,20,spread<=0.5,459,494.56800000000317,1.6485600000000105,0.36140048943372116,0.5163398692810458,4,690.5400000000043,0.39857335354556056,0.33417865391836393,0.9522821576763485
B,12,25,break+close,202,448.0250000000001,1.493416666666667,0.28963967291551945,0.5792079207920792,4,474.7130000000002,0.17236713120822036,0.3302872805183464,0.4190871369294606
B,10,25,body>=0.60,310,445.6070000000004,1.485356666666668,0.2851670004704238,0.5483870967741935,4,460.545000000001,0.1924875433503425,0.3302432746301966,0.6431535269709544
B,12,20,lowSpread+body,405,492.52800000000184,1.641760000000006,0.2993234041633329,0.5209876543209877,3,561.9930000000018,0.3106223682066493,0.32837739901625984,0.8402489626556017
B,6,15,close>=0.85,213,496.6330000000021,1.6554433333333403,0.3101525198611563,0.6525821596244131,3,497.9710000000023,0.3240996629754444,0.32241443274216774,0.44190871369294604
B,15,20,time<=13,406,531.1960000000026,1.770653333333342,0.364483097208584,0.5123152709359606,3,622.7170000000042,0.35126569014047976,0.32108954089691255,0.8423236514522822
B,15,20,early+trend,406,531.1960000000026,1.770653333333342,0.364483097208584,0.5123152709359606,3,622.7170000000042,0.35126569014047976,0.32108954089691255,0.8423236514522822
B,10,12,close>=0.85,213,481.32300000000487,1.6044100000000163,0.3657067093938957,0.5539906103286385,4,475.6390000000033,0.36626541495760884,0.3010477804516093,0.44190871369294604
B,6,10,close>=0.85,213,560.9690000000016,1.869896666666672,0.42510049806588535,0.6197183098591549,3,729.6180000000022,0.40817628113141347,0.29953704008556553,0.44190871369294604
B,15,10,close>=0.85,213,578.822000000006,1.9294066666666867,0.5265196180106614,0.5164319248826291,4,433.10600000000454,0.515655446757571,0.28410626550768053,0.44190871369294604
B,20,20,break<=0.25,378,472.9230000000057,1.576410000000019,0.36698953999035705,0.5026455026455027,4,380.215000000004,0.3629346844278346,0.28210257090984225,0.7842323651452282
B,12,15,close>=0.85,213,446.585000000003,1.4886166666666767,0.3861627270449389,0.5633802816901409,5,280.19800000000146,0.44909308582536167,0.2801742529872516,0.44190871369294604
B,20,25,body>=0.40,408,488.79300000000194,1.6293100000000065,0.33339044214568453,0.5098039215686274,3,489.2730000000022,0.3302807705363707,0.2781100966166594,0.8464730290456431
B,5,20,close>=0.85,213,395.39300000000094,1.31797666666667,0.1788174985165157,0.676056338028169,3,392.9650000000008,0.18002601218719153,0.2697314718894476,0.44190871369294604
B,5,12,close>=0.85,213,522.9480000000033,1.743160000000011,0.3932441948527604,0.6619718309859155,3,602.5010000000023,0.4164762467511533,0.2692584204585515,0.44190871369294604
B,15,25,close>=0.70,320,390.93500000000176,1.3031166666666725,0.2493965641436522,0.5375,4,414.6050000000023,0.2353185268565133,0.24418613727052563,0.6639004149377593
B,15,25,TPspread+close,320,390.93500000000176,1.3031166666666725,0.2493965641436522,0.5375,4,414.6050000000023,0.2353185268565133,0.24418613727052563,0.6639004149377593
B,12,25,LONG,263,382.0420000000008,1.2734733333333361,0.23142409282548335,0.5209125475285171,4,406.8130000000008,0.21540151432572224,0.24132307350898488,0.5456431535269709
B,6,8,close>=0.85,213,571.0740000000021,1.9035800000000072,0.48701298701298795,0.5915492957746479,3,669.3210000000038,0.4554787587842331,0.2400486632447619,0.44190871369294604
B,20,25,break<=0.25,378,464.38000000000375,1.5479333333333458,0.3248464337252933,0.5026455026455027,3,450.2360000000033,0.3433586560021394,0.2378244112384731,0.7842323651452282
B,10,20,break>=0.05,305,474.9000000000001,1.5830000000000004,0.4129401065350151,0.5508196721311476,4,679.8090000000002,0.2868365263626897,0.23346085068765993,0.6327800829875518
B,10,20,break+trend,304,474.624,1.5820800000000002,0.4129401065350151,0.5493421052631579,4,678.921,0.2871486337458659,0.23286212343630147,0.6307053941908713
B,12,20,break+close,202,400.8609999999999,1.336203333333333,0.275433432398185,0.5792079207920792,4,533.4850000000006,0.2931157742736063,0.23201925690101105,0.4190871369294606
B,8,12,close>=0.85,213,495.7590000000048,1.652530000000016,0.38721728215034384,0.5868544600938967,3,539.5250000000042,0.3875373304118055,0.22332488394160413,0.44190871369294604
B,20,25,time<=13,406,463.32500000000164,1.544416666666672,0.27414660189356715,0.5098522167487685,2,640.8540000000037,0.2405291900182015,0.21913573186139995,0.8423236514522822
B,20,25,early+trend,406,463.32500000000164,1.544416666666672,0.27414660189356715,0.5098522167487685,2,640.8540000000037,0.2405291900182015,0.21913573186139995,0.8423236514522822
B,4,25,close>=0.85,213,367.6890000000003,1.225630000000001,0.16376482331595169,0.704225352112676,3,374.7430000000004,0.16081602646572313,0.21351086488735438,0.44190871369294604
B,6,20,LONG,263,375.4560000000006,1.251520000000002,0.1830569083749416,0.596958174904943,3,393.0040000000006,0.18043106751385138,0.21227745840382314,0.5456431535269709
B,15,25,trend+close,318,384.2730000000015,1.280910000000005,0.26154334583407823,0.5345911949685535,4,407.94300000000203,0.2391175280316195,0.21119507390786194,0.6597510373443983
B,20,25,prevRoom>=0,335,441.2250000000006,1.470750000000002,0.31329667983345977,0.5014925373134328,3,440.3330000000017,0.23379528171906772,0.2031555712110492,0.6950207468879668
B,20,25,close>=0.70,320,392.15000000000146,1.3071666666666715,0.2873343580868395,0.528125,4,399.87500000000205,0.2824801427621671,0.20125240095161412,0.6639004149377593
B,20,25,TPspread+close,320,392.15000000000146,1.3071666666666715,0.2873343580868395,0.528125,4,399.87500000000205,0.2824801427621671,0.20125240095161412,0.6639004149377593
B,6,25,LONG,263,376.8530000000005,1.2561766666666685,0.19839113313787446,0.596958174904943,3,407.4010000000005,0.18031749444738962,0.19100852651568748,0.5456431535269709
B,10,20,break+close,202,384.7760000000003,1.2825866666666677,0.27854615725084514,0.5841584158415841,4,512.6750000000009,0.24142341592731986,0.18801559786509078,0.4190871369294606
B,15,12,trend=3,413,649.2180000000101,2.1640600000000334,0.6366841156863011,0.5060532687651331,3,1031.1730000000132,0.505742254614425,0.1812306989537903,0.8568464730290456
B,12,20,LONG,263,365.6450000000009,1.2188166666666695,0.24255156321511284,0.5209125475285171,4,389.1290000000008,0.27029137698789457,0.1805912224966629,0.5456431535269709
B,20,25,trend+close,318,385.4880000000012,1.2849600000000039,0.2916565999137454,0.5251572327044025,4,393.2130000000018,0.2866565172813251,0.17815442015679933,0.6597510373443983
B,5,25,LONG,263,374.70100000000025,1.2490033333333341,0.20721656191200463,0.6273764258555133,3,389.54800000000046,0.19979445660066772,0.17502151030894364,0.5456431535269709
B,12,20,break<=0.25,378,380.5730000000028,1.268576666666676,0.27899128304351,0.5158730158730159,4,382.1150000000025,0.27812148708865925,0.17462315058047098,0.7842323651452282
B,20,25,prevRoom+trend,333,434.56300000000033,1.4485433333333344,0.3303405572755442,0.4984984984984985,3,438.10300000000143,0.23130697942840509,0.16591928748313264,0.6908713692946058
B,10,20,LONG,263,344.120000000001,1.14706666666667,0.2141001166613625,0.532319391634981,4,364.910000000001,0.237477902180317,0.1644273886826155,0.5456431535269709
B,15,20,break<=0.25,378,386.04000000000406,1.2868000000000135,0.3023915109280953,0.5105820105820106,4,386.3420000000035,0.312798415167828,0.15937943143667427,0.7842323651452282
B,15,20,body+close,302,393.19300000000203,1.31064333333334,0.32865460080856385,0.5397350993377483,4,403.97000000000276,0.3411768903477861,0.14662888950040875,0.6265560165975104
B,15,20,prevRoom>=0,335,405.25700000000234,1.3508566666666744,0.35256128728431185,0.5104477611940299,4,389.61700000000315,0.35128187463708904,0.14583829193288322,0.6950207468879668
B,8,20,break+close,202,373.9150000000004,1.2463833333333347,0.29451817182235795,0.6039603960396039,4,456.3370000000011,0.19909491586209505,0.14554231801171813,0.4190871369294606
B,20,20,close>=0.70,320,387.20700000000147,1.290690000000005,0.32043213862359426,0.528125,4,357.8620000000021,0.366214511569569,0.14204802800605124,0.6639004149377593
B,20,20,TPspread+close,320,387.20700000000147,1.290690000000005,0.32043213862359426,0.528125,4,357.8620000000021,0.366214511569569,0.14204802800605124,0.6639004149377593
B,4,20,close>=0.85,213,354.5550000000003,1.181850000000001,0.19584060863058095,0.704225352112676,3,361.6090000000004,0.1920015784530046,0.14009844453984582,0.44190871369294604
B,10,8,close>=0.85,213,516.170000000006,1.7205666666666866,0.4867782901837629,0.5023474178403756,3,364.3910000000044,0.46376558017892516,0.13927035164485493,0.44190871369294604
B,5,20,LONG,263,368.3040000000003,1.227680000000001,0.22812453464099594,0.6273764258555133,3,378.1510000000005,0.22240306049676867,0.137327591351863,0.5456431535269709
B,20,25,lowSpread+close,316,373.92500000000155,1.2464166666666718,0.2994755560913852,0.5253164556962026,4,381.65000000000214,0.29420620947113935,0.13682316500837527,0.6556016597510373
B,15,20,close>=0.70,320,381.92600000000175,1.2730866666666725,0.3132534970312974,0.5375,4,382.99700000000234,0.32309598425770675,0.13556590355584236,0.6639004149377593
B,15,20,TPspread+close,320,381.92600000000175,1.2730866666666725,0.3132534970312974,0.5375,4,382.99700000000234,0.32309598425770675,0.13556590355584236,0.6639004149377593
B,20,20,trend+close,318,383.5080000000012,1.278360000000004,0.3233135530797153,0.5251572327044025,4,383.2700000000018,0.32350072364180327,0.12856426743811467,0.6597510373443983
B,20,20,body+close,302,388.70900000000165,1.2956966666666723,0.33584329143316893,0.5298013245033113,4,385.48800000000165,0.3648469152936852,0.12557509784868878,0.6265560165975104
B,15,20,trend+close,318,375.2640000000015,1.2508800000000049,0.3185933094176834,0.5345911949685535,4,391.81700000000205,0.32602572493877624,0.11072452434344493,0.6597510373443983
B,12,20,body+close,302,372.7220000000011,1.2424066666666704,0.3154160448217651,0.543046357615894,4,394.80300000000125,0.3349898784926589,0.10993619031085933,0.6265560165975104
B,6,20,break+close,202,376.0450000000001,1.2534833333333335,0.32839353096517065,0.6435643564356436,4,406.5150000000008,0.22344472325601059,0.10925602664677478,0.4190871369294606
B,10,20,body>=0.60,310,393.1780000000001,1.3105933333333337,0.30056986076017134,0.5483870967741935,3,433.3830000000012,0.28105064576984456,0.10454226159404875,0.6431535269709544
B,8,8,close>=0.85,213,467.4290000000044,1.5580966666666813,0.5015829959271547,0.5305164319248826,4,335.8370000000041,0.42645899967551937,0.10155120331712153,0.44190871369294604
B,12,20,body>=0.40,408,388.2300000000014,1.2941000000000047,0.29464152724501147,0.5220588235294118,3,534.051000000002,0.3116960167292599,0.09498556157943458,0.8464730290456431
B,20,20,prevRoom>=0,335,391.66600000000153,1.3055533333333385,0.30367721576349915,0.5014925373134328,3,365.46900000000187,0.32300262154966825,0.09407903062935408,0.6950207468879668
B,20,12,trend=3,413,606.4190000000099,2.0213966666666994,0.6533592873008623,0.49878934624697335,3,1194.9350000000172,0.5031789957948248,0.09229270925648508,0.8568464730290456
B,15,20,prevRoom+trend,333,389.85400000000186,1.2995133333333395,0.3694566292919637,0.5075075075075075,4,405.2860000000028,0.3399429443112709,0.08573014463429857,0.6908713692946058
B,20,20,prevRoom+trend,333,392.26800000000117,1.3075600000000038,0.31653144016227425,0.4984984984984985,3,362.8070000000016,0.32128233751762947,0.07959371715596425,0.6908713692946058
B,4,25,LONG,263,363.9789999999998,1.2132633333333327,0.2606605182303126,0.6653992395437263,3,397.14200000000005,0.2399254483175488,0.07776496844445299,0.5456431535269709
B,8,10,close>=0.85,213,462.4160000000031,1.5413866666666771,0.44862644778021,0.5633802816901409,3,452.24700000000325,0.4135300050932242,0.07701554763081941,0.44190871369294604
B,15,15,break+trend,304,460.1450000000016,1.533816666666672,0.5114134721564928,0.5263157894736842,4,757.6570000000024,0.5503755992601254,0.07370646872969827,0.6307053941908713
B,15,20,break+close,202,384.3019999999999,1.2810066666666664,0.31480852468846593,0.5792079207920792,3,565.1930000000013,0.2854916433842529,0.05928846299569185,0.4190871369294606
B,20,20,lowSpread+close,316,361.4320000000016,1.2047733333333388,0.3313740977259081,0.5253164556962026,4,364.1570000000022,0.32913936130194577,0.05740499593442555,0.6556016597510373
B,15,20,time<=12,375,388.6270000000013,1.2954233333333378,0.32892163045592804,0.512,3,477.88000000000216,0.3423172277009531,0.053235920182192586,0.7780082987551867
B,4,20,LONG,263,360.28499999999985,1.2009499999999995,0.28245167393927084,0.6653992395437263,3,370.278,0.31082647658943885,0.04626985161277705,0.5456431535269709
B,10,20,mom>=0.15,464,371.977000000001,1.2399233333333366,0.3688501099524729,0.5431034482758621,4,551.1720000000016,0.3206347157834009,0.03926313991730829,0.9626556016597511
B,6,20,body>=0.60,310,391.9250000000004,1.3064166666666681,0.28989649608726425,0.6129032258064516,2,402.380000000001,0.20392804057595432,0.03845607341839011,0.6431535269709544
B,10,20,body+close,302,354.08200000000124,1.1802733333333375,0.33978081220507983,0.5529801324503312,4,380.7630000000013,0.27882237727996056,0.02603586515204276,0.6265560165975104
B,5,20,prevDist>=0.50,388,373.7280000000003,1.2457600000000009,0.33421035239171426,0.6365979381443299,3,402.4800000000005,0.2864822347474685,0.012594171345119198,0.8049792531120332
B,6,20,break<=0.25,378,338.33600000000274,1.1277866666666758,0.2584047604365768,0.5952380952380952,3,360.549000000002,0.22549340847777732,0.010583681551460944,0.7842323651452282
B,15,20,lowSpread+close,316,372.84000000000174,1.242800000000006,0.337985960683399,0.5348101265822784,3,390.3350000000023,0.3216832358473016,0.008357439398505556,0.6556016597510373
B,15,15,trend=3,413,516.854000000005,1.7228466666666835,0.5296221674551905,0.513317191283293,2,832.2270000000074,0.4440183189040992,0.0070257666973378985,0.8568464730290456
B,12,20,time<=13,406,377.93600000000083,1.2597866666666695,0.3446618462769367,0.5172413793103449,3,454.9230000000018,0.307488522123784,0.005344831076440154,0.8423236514522822
B,12,20,early+trend,406,377.93600000000083,1.2597866666666695,0.3446618462769367,0.5172413793103449,3,454.9230000000018,0.307488522123784,0.005344831076440154,0.8423236514522822
B,20,20,SHORT,219,370.90300000000116,1.2363433333333371,0.2690767796083316,0.5068493150684932,2,373.08000000000106,0.1791631245344455,0.0009198536137447755,0.45435684647302904
B,20,15,break>=0.05,305,494.9689999999989,1.649896666666663,0.5644495390325103,0.521311475409836,3,743.7960000000014,0.5435055742026124,0.0009034158868093389,0.6327800829875518
B,10,20,body>=0.40,408,378.58200000000124,1.261940000000004,0.35065443057018225,0.5318627450980392,3,527.1140000000012,0.2985326184281212,-3.6774595367494722e-06,0.8464730290456431
B,20,15,break+trend,304,494.4169999999988,1.6480566666666625,0.5648321903676505,0.5197368421052632,3,743.2440000000013,0.5437772826894169,-0.0007318979743630993,0.6307053941908713
B,5,25,break<=0.25,378,353.3020000000017,1.1776733333333391,0.2406062311598549,0.6296296296296297,2,387.3000000000013,0.22151318169617285,-0.006451539030587344,0.7842323651452282
B,10,20,break<=0.25,378,354.4140000000025,1.1813800000000083,0.3068634267559195,0.5264550264550265,3,348.02900000000204,0.32140606216813045,-0.009748318824708446,0.7842323651452282
B,10,20,lowSpread+body,405,374.49600000000123,1.248320000000004,0.3541687979539634,0.5308641975308642,3,539.1170000000013,0.29748648067055133,-0.015595777126172328,0.8402489626556017
B,12,20,prevRoom>=0,335,360.5320000000004,1.2017733333333347,0.3950924189659805,0.5134328358208955,4,461.597000000002,0.32168494568569894,-0.024938778502700765,0.6950207468879668
B,5,20,body>=0.60,310,351.087,1.17029,0.25741746761387385,0.632258064516129,2,388.94200000000046,0.22329046259532653,-0.03015179608186777,0.6431535269709544
B,8,15,close>=0.85,213,354.92300000000273,1.1830766666666757,0.3241077366150772,0.6009389671361502,3,291.98800000000256,0.330773577087752,-0.03167695290550249,0.44190871369294604
B,12,20,close>=0.70,320,354.2960000000012,1.1809866666666706,0.3309276352924332,0.540625,3,365.71300000000156,0.30409841142043187,-0.034454441922188495,0.6639004149377593
B,12,20,TPspread+close,320,354.2960000000012,1.1809866666666706,0.3309276352924332,0.540625,3,365.71300000000156,0.30409841142043187,-0.034454441922188495,0.6639004149377593
B,5,8,close>=0.85,213,419.2520000000011,1.3975066666666702,0.4656741072016941,0.6103286384976526,3,413.2620000000013,0.4666889738125846,-0.04220681767843815,0.44190871369294604
B,15,20,SHORT,219,383.8080000000009,1.279360000000003,0.3337124414047497,0.5159817351598174,2,379.9490000000012,0.19539514811448036,-0.045502304396266874,0.45435684647302904
B,12,20,prevRoom+trend,333,356.3520000000001,1.1878400000000002,0.41219930350924383,0.5105105105105106,4,427.887000000002,0.30013766660661856,-0.052349188497406385,0.6908713692946058
B,20,15,prevDist>=0.50,388,442.9280000000042,1.4764266666666808,0.4625797971069166,0.5077319587628866,2,354.5360000000028,0.45757320572634813,-0.06271054091816736,0.8049792531120332
B,15,15,break>=0.05,305,439.5560000000014,1.4651866666666713,0.5282321380495987,0.5278688524590164,3,764.6260000000029,0.5500174473984506,-0.07329119497531167,0.6327800829875518
B,5,20,break<=0.25,378,341.5390000000018,1.1384633333333394,0.2704166519168801,0.6296296296296297,2,359.4070000000013,0.24324410384868358,-0.07332053960096482,0.7842323651452282
B,6,20,body+close,302,351.795000000001,1.1726500000000033,0.2923260552579465,0.6258278145695364,2,395.7120000000011,0.28246826078385595,-0.07344645646443723,0.6265560165975104
B,15,15,break+close,202,378.1520000000007,1.260506666666669,0.4175661711490308,0.5594059405940595,3,445.6660000000013,0.5014559976704034,-0.08372151121247517,0.4190871369294606
B,4,20,prevDist>=0.50,388,351.60399999999936,1.1720133333333311,0.30504487714598444,0.6804123711340206,2,408.30899999999997,0.22610391004743605,-0.09074490323246034,0.8049792531120332
B,4,20,break+close,202,336.9399999999994,1.1231333333333313,0.3474869090267735,0.698019801980198,3,387.269,0.19369124289853598,-0.1035569061578725,0.4190871369294606
B,5,20,break+close,202,328.347,1.09449,0.3329392414357293,0.6584158415841584,3,392.58200000000033,0.18773946360153237,-0.1130349068140013,0.4190871369294606
B,10,15,break+close,202,340.37300000000073,1.134576666666669,0.358149532830697,0.5643564356435643,3,414.1950000000011,0.3661541198127923,-0.11524904180806728,0.4190871369294606
B,5,20,mom>=0.15,464,377.4939999999999,1.258313333333333,0.3841027355872768,0.6357758620689655,2,415.3250000000007,0.29621026282853496,-0.11994139321883698,0.9626556016597511
B,12,12,trend=3,413,511.1870000000067,1.703956666666689,0.6875998942545749,0.5108958837772397,3,509.8660000000052,0.5605790542943759,-0.12146103942809694,0.8568464730290456
B,20,12,body>=0.60,310,445.67000000000417,1.4855666666666805,0.5814462016357913,0.5,3,449.9040000000043,0.4550420343803579,-0.12567786690776223,0.6431535269709544
B,8,10,break+close,202,375.99700000000234,1.2533233333333411,0.5160729024918007,0.5643564356435643,4,541.8880000000031,0.49984399074881136,-0.13399374662348212,0.4190871369294606
B,20,10,break+trend,304,537.2960000000048,1.7909866666666827,0.7384629087554911,0.4901315789473684,3,762.0550000000076,0.7715954371225071,-0.1353050755441746,0.6307053941908713
B,20,10,break>=0.05,305,537.367000000005,1.7912233333333498,0.738627124754319,0.4918032786885246,3,763.711000000008,0.7709709941585604,-0.1353139546284986,0.6327800829875518
B,12,20,time<=12,375,358.2880000000007,1.1942933333333356,0.36286331886310547,0.5173333333333333,2,378.23600000000056,0.288357026996565,-0.1454298309823512,0.7780082987551867
B,12,20,trend+close,318,347.6340000000009,1.158780000000003,0.34002472187886307,0.5377358490566038,2,359.0510000000013,0.30941778214223864,-0.14549761556459043,0.6597510373443983
B,20,12,break+trend,304,465.75200000000314,1.5525066666666771,0.6486586889831738,0.5098684210526315,3,818.7290000000035,0.6895850119230732,-0.1659268115955363,0.6307053941908713
B,15,12,break>=0.05,305,455.12200000000485,1.5170733333333495,0.6341875478852408,0.5180327868852459,3,919.4800000000087,0.6488874622905735,-0.17073385930346724,0.6327800829875518
B,15,12,break+trend,304,454.29400000000464,1.5143133333333487,0.6347273074890961,0.5164473684210527,3,915.9280000000083,0.6503785496401204,-0.17325848151519818,0.6307053941908713
B,15,15,lowSpread+body,405,369.6160000000034,1.2320533333333445,0.4700266137083453,0.5037037037037037,3,428.649000000004,0.4629436286476116,-0.17365285897110755,0.8402489626556017
B,15,15,body>=0.40,408,365.0040000000031,1.2166800000000102,0.4603984432774823,0.5049019607843137,3,428.649000000004,0.4629436286476116,-0.17427889912780375,0.8464730290456431
B,10,10,close>=0.85,213,382.4640000000036,1.274880000000012,0.5021565827119869,0.5305164319248826,3,403.86200000000304,0.44569225781613786,-0.17960451723974685,0.44190871369294604
B,20,12,prevDist>=0.50,388,380.5910000000067,1.268636666666689,0.5144846872696675,0.49742268041237114,3,757.4200000000103,0.47882485696301735,-0.20007763073018214,0.8049792531120332
B,10,20,close>=0.70,320,328.54800000000137,1.0951600000000046,0.40080450955056623,0.55,3,354.4580000000017,0.30112519333948945,-0.20116547587070632,0.6639004149377593
B,10,20,TPspread+close,320,328.54800000000137,1.0951600000000046,0.40080450955056623,0.55,3,354.4580000000017,0.30112519333948945,-0.20116547587070632,0.6639004149377593
B,20,15,time<=12,375,404.556000000003,1.34852000000001,0.500429807517343,0.5013333333333333,2,403.9460000000024,0.5054623427357999,-0.20132319969933118,0.7780082987551867
B,5,20,body+close,302,305.85200000000077,1.0195066666666692,0.28648366597715413,0.6456953642384106,2,365.8210000000008,0.22338503256871384,-0.2056457913993978,0.6265560165975104
B,5,20,prevRoom>=0,335,326.03,1.0867666666666667,0.4042510573274685,0.6268656716417911,3,386.53200000000106,0.29758564246463154,-0.21191556555948166,0.6950207468879668
B,5,20,lowSpread+body,405,337.2800000000002,1.1242666666666674,0.3761023214092385,0.6246913580246913,2,387.69300000000044,0.26570314014343865,-0.22074420829865923,0.8402489626556017
B,20,12,break+close,202,450.60100000000034,1.5020033333333345,0.6060865926864778,0.5396039603960396,2,476.22199999999975,0.6131588292571184,-0.22509819467237993,0.4190871369294606
B,20,12,break>=0.05,305,450.58000000000334,1.5019333333333444,0.6706080495204425,0.5114754098360655,3,784.3990000000038,0.7025495474248344,-0.22643108022191327,0.6327800829875518
B,6,20,close>=0.70,320,306.4820000000011,1.0216066666666703,0.3671974165608893,0.621875,3,370.05000000000155,0.27858934033745003,-0.22719201960610957,0.6639004149377593
B,12,20,lowSpread+close,316,334.2100000000012,1.1140333333333372,0.37987057369301214,0.5379746835443038,2,365.62700000000154,0.3207223144544541,-0.23628926443450968,0.6556016597510373
B,5,10,close>=0.85,213,360.23100000000113,1.2007700000000037,0.5018611055159898,0.6431924882629108,3,548.9270000000013,0.43105364697586923,-0.23930105865930157,0.44190871369294604
B,6,20,lowSpread+close,316,304.3960000000011,1.014653333333337,0.3736871251151092,0.620253164556962,3,367.96400000000153,0.284226142222509,-0.2423966114285192,0.6556016597510373
B,6,20,TPspread+close,316,304.3960000000011,1.014653333333337,0.3736871251151092,0.620253164556962,3,367.96400000000153,0.284226142222509,-0.2423966114285192,0.6556016597510373
B,8,20,body>=0.60,310,354.9160000000006,1.1830533333333355,0.37302641715676244,0.5645161290322581,1,367.59500000000116,0.23702371139602998,-0.24766250682175794,0.6431535269709544
B,5,20,prevRoom+trend,333,316.03,1.0534333333333332,0.4185586008367083,0.6246246246246246,3,376.3470000000011,0.2583075460631427,-0.2616007419141626,0.6908713692946058
B,20,12,LONG,263,387.1030000000037,1.2903433333333456,0.5823201803601014,0.49809885931558934,3,481.18500000000336,0.6199386446378741,-0.26721493450252987,0.5456431535269709
B,4,20,break<=0.25,378,301.9720000000009,1.0065733333333362,0.3258887257381863,0.6640211640211641,2,354.19300000000044,0.2806747203056366,-0.2683646675327015,0.7842323651452282
B,10,12,break+close,202,326.9720000000016,1.089906666666672,0.4497630138105725,0.5544554455445545,3,400.4130000000007,0.49523572177969105,-0.27104319705579993,0.4190871369294606
B,10,10,break+close,202,389.62300000000255,1.2987433333333418,0.594577744190439,0.5396039603960396,3,530.2900000000027,0.5965264017827309,-0.27650151850920024,0.4190871369294606
B,5,15,close>=0.85,213,300.7210000000016,1.0024033333333386,0.32400157461632106,0.6713615023474179,2,338.82800000000134,0.29120758927953283,-0.2771927650910816,0.44190871369294604
B,12,10,break+close,202,398.85100000000284,1.3295033333333428,0.6154239416182774,0.5297029702970297,3,514.2650000000024,0.6378009221292804,-0.27935473261072574,0.4190871369294606
B,20,15,spread<=0.5,459,371.8610000000044,1.2395366666666814,0.49628474320421917,0.49455337690631807,2,379.48100000000363,0.5471684875852245,-0.2803251179963083,0.9522821576763485
B,12,10,close>=0.85,213,381.7990000000034,1.2726633333333446,0.5186310123326338,0.5211267605633803,2,379.3100000000027,0.4537696451756662,-0.282050618086063,0.44190871369294604
B,12,15,body>=0.60,310,362.20800000000054,1.2073600000000018,0.41624848676642695,0.5290322580645161,1,362.2280000000021,0.40900365363443686,-0.28655905202253873,0.6431535269709544
B,15,15,ALL,482,369.5010000000045,1.2316700000000151,0.5072081243482119,0.5,2,287.16800000000353,0.5522213074263109,-0.29897177595596636,1.0
B,15,15,emaAligned,482,369.5010000000045,1.2316700000000151,0.5072081243482119,0.5,2,287.16800000000353,0.5522213074263109,-0.29897177595596636,1.0
B,15,15,Thu-Fri,482,369.5010000000045,1.2316700000000151,0.5072081243482119,0.5,2,287.16800000000353,0.5522213074263109,-0.29897177595596636,1.0
B,15,15,spread<=15%TP,482,369.5010000000045,1.2316700000000151,0.5072081243482119,0.5,2,287.16800000000353,0.5522213074263109,-0.29897177595596636,1.0
B,20,15,lowSpread+body,405,355.34000000000356,1.1844666666666785,0.4779422842507464,0.4962962962962963,2,343.51100000000383,0.5422463666182104,-0.3028517344250148,0.8402489626556017
B,20,15,trend+mom,472,387.7230000000045,1.292410000000015,0.5480633476647088,0.5,2,357.86600000000453,0.5539125877790574,-0.30333375428456966,0.979253112033195
B,20,15,break+close,202,316.0249999999992,1.053416666666664,0.4501704656942924,0.5495049504950495,3,458.7289999999996,0.5263893308424281,-0.3056183218493167,0.4190871369294606
B,15,15,trend+mom,472,373.2870000000041,1.2442900000000137,0.5213396746070625,0.5063559322033898,2,337.9530000000034,0.5447580531552664,-0.3077988066461852,0.979253112033195
B,20,15,body>=0.40,408,354.47900000000345,1.1815966666666782,0.48030076835631696,0.49754901960784315,2,344.2870000000039,0.471464051716828,-0.30832492265488054,0.8464730290456431
B,20,15,prevDist>=0.25,450,348.88500000000477,1.162950000000016,0.5325445833521756,0.49333333333333335,3,338.01700000000346,0.4637212110828577,-0.30928966052813234,0.9336099585062241
B,10,8,break+close,202,356.03800000000274,1.1867933333333425,0.5499421427721705,0.504950495049505,3,475.4170000000022,0.5996239356854052,-0.3111271363751853,0.4190871369294606
B,20,15,mom>=0,474,387.29900000000475,1.2909966666666826,0.5548302296429882,0.5021097046413502,2,345.4830000000036,0.5531412802393343,-0.3130604478652963,0.983402489626556
B,6,12,break+close,202,326.05800000000136,1.0868600000000046,0.49187307567320454,0.6188118811881188,3,500.23600000000124,0.44460102485703984,-0.32642472912258236,0.4190871369294606
B,15,12,break+close,202,355.50300000000175,1.185010000000006,0.5614546568134638,0.5495049504950495,3,483.60100000000216,0.5480896769327246,-0.3270506362353943,0.4190871369294606
B,12,12,break>=0.05,305,373.4340000000029,1.2447800000000098,0.6047691879866496,0.521311475409836,3,616.4830000000029,0.6306217814019242,-0.33187761211793076,0.6327800829875518
B,12,12,break+trend,304,372.6060000000027,1.242020000000009,0.6047691879866496,0.5197368421052632,3,609.5870000000025,0.633210798400139,-0.3341774424717018,0.6307053941908713
B,6,10,break+close,202,350.33600000000115,1.1677866666666705,0.5568893476628869,0.6039603960396039,3,634.2190000000035,0.5498804269100935,-0.33595759531342595,0.4190871369294606
B,12,15,body>=0.40,408,328.5330000000024,1.095110000000008,0.4498187694348018,0.5098039215686274,2,330.9140000000027,0.464762762796369,-0.34423453108750623,0.8464730290456431
B,4,12,close>=0.85,213,312.0020000000018,1.0400066666666725,0.4714577374518676,0.6901408450704225,3,465.1390000000008,0.42320732291274654,-0.3446268546858059,0.44190871369294604
B,6,8,break+close,202,358.29200000000264,1.1943066666666755,0.5831591475800064,0.5742574257425742,3,552.8740000000041,0.5691234686781139,-0.3461103304328741,0.4190871369294606
B,15,15,mom>=0,474,374.21200000000454,1.2473733333333485,0.5562281518820867,0.5084388185654009,2,373.1740000000045,0.5472857043320712,-0.3486390482150219,0.983402489626556
B,20,15,spread<=1.25,481,354.3450000000039,1.181150000000013,0.5144559112588705,0.49272349272349275,2,341.52000000000385,0.5721976423332883,-0.3493238617946679,0.9979253112033195
B,20,8,break+close,202,444.7259999999992,1.4824199999999974,0.7600195462997821,0.48514851485148514,3,550.3359999999989,0.7617891382233986,-0.3513053591111972,0.4190871369294606
B,15,12,LONG,263,366.1690000000033,1.2205633333333443,0.6084713709877901,0.5019011406844106,3,432.2790000000034,0.6359623342424522,-0.3561739840868072,0.5456431535269709
B,15,8,break+close,202,407.68600000000447,1.3589533333333483,0.6950956685099465,0.49504950495049505,3,598.5270000000062,0.7163181636339427,-0.35710897508305683,0.4190871369294606
B,6,15,body>=0.60,310,324.5510000000006,1.0818366666666688,0.4514136388466473,0.6064516129032258,2,397.5950000000021,0.4097031136857338,-0.3603171193731184,0.6431535269709544
B,15,15,prevDist>=0.50,388,348.02600000000325,1.1600866666666776,0.5096810720093807,0.5128865979381443,2,345.5900000000029,0.43695823581059495,-0.3628640385080202,0.8049792531120332
B,12,15,break>=0.05,305,300.32400000000007,1.0010800000000002,0.5247026224214482,0.5311475409836065,4,449.8970000000004,0.4772454933295911,-0.3695055889544023,0.6327800829875518
B,12,12,break+close,202,348.38600000000133,1.161286666666671,0.5310882608179909,0.5495049504950495,2,460.832000000001,0.5044441043969008,-0.3889539256064273,0.4190871369294606
B,12,8,break+close,202,383.23400000000265,1.2774466666666755,0.6735560808665257,0.49504950495049505,3,460.86400000000253,0.6848988367910751,-0.39195553510808423,0.4190871369294606
B,15,10,trend=3,413,433.2700000000075,1.4442333333333583,0.7738484044362735,0.48426150121065376,3,433.5800000000056,0.6048820245801654,-0.3945409044878977,0.8568464730290456
B,15,15,mom>=0.15,464,374.4910000000043,1.2483033333333478,0.5936424827221779,0.5107758620689655,2,374.8040000000042,0.5861320749124046,-0.39481966977851557,0.9626556016597511
B,20,10,break+close,202,400.1300000000001,1.333766666666667,0.7143952170928413,0.5198019801980198,3,522.1890000000001,0.757890737730371,-0.39991356860843774,0.4190871369294606
B,15,10,break+close,202,387.4730000000029,1.2915766666666764,0.6893984099473531,0.5297029702970297,3,599.9480000000044,0.6881535837878732,-0.4008663898321819,0.4190871369294606
B,15,15,trend>=2,480,339.5020000000043,1.1316733333333475,0.5207580701549912,0.4979166666666667,2,335.3680000000036,0.5461750938580333,-0.4011183515416604,0.995850622406639
B,20,15,ALL,482,342.90400000000386,1.1430133333333463,0.530707177903638,0.49377593360995853,2,290.8090000000034,0.5707868625823651,-0.40380661014919184,1.0
B,20,15,emaAligned,482,342.90400000000386,1.1430133333333463,0.530707177903638,0.49377593360995853,2,290.8090000000034,0.5707868625823651,-0.40380661014919184,1.0
B,20,15,Thu-Fri,482,342.90400000000386,1.1430133333333463,0.530707177903638,0.49377593360995853,2,290.8090000000034,0.5707868625823651,-0.40380661014919184,1.0
B,20,15,spread<=10%TP,482,342.90400000000386,1.1430133333333463,0.530707177903638,0.49377593360995853,2,290.8090000000034,0.5707868625823651,-0.40380661014919184,1.0
B,20,15,spread<=15%TP,482,342.90400000000386,1.1430133333333463,0.530707177903638,0.49377593360995853,2,290.8090000000034,0.5707868625823651,-0.40380661014919184,1.0
B,20,15,trend>=2,480,341.3250000000037,1.1377500000000123,0.5270327708085457,0.49166666666666664,2,342.9460000000033,0.5669412754210759,-0.4044920476234891,0.995850622406639
B,4,8,close>=0.85,213,337.60400000000027,1.1253466666666676,0.5841505525663742,0.6431924882629108,3,364.64200000000073,0.5638971182332344,-0.40686869164353945,0.44190871369294604
B,15,10,break+trend,304,402.967000000006,1.3432233333333534,0.7269198140610409,0.4967105263157895,3,774.4290000000119,0.7605723789488622,-0.4085717371334403,0.6307053941908713
B,20,15,prevDist+trend,449,348.67100000000437,1.1622366666666812,0.549534545280401,0.4922048997772829,2,349.33800000000315,0.5001034143104905,-0.4111650562332273,0.9315352697095436
B,15,10,break>=0.05,305,398.8910000000062,1.3296366666666875,0.7309673467890072,0.49836065573770494,3,762.2150000000122,0.7627733518016859,-0.42379762916996255,0.6327800829875518
B,15,15,prevDist+trend,449,356.66000000000395,1.1888666666666798,0.5823306098651602,0.49888641425389757,2,336.9470000000024,0.5724007628614398,-0.4283901289930674,0.9315352697095436
B,20,15,mom>=0.15,464,344.7770000000037,1.149256666666679,0.5543404678528734,0.5043103448275862,2,354.2880000000039,0.5507497141192927,-0.4287824835881643,0.9626556016597511
B,15,15,spread<=1.25,481,339.2680000000046,1.1308933333333486,0.5458542127957084,0.498960498960499,2,369.7100000000039,0.5372423495684238,-0.43385947365757993,0.9979253112033195
B,15,15,spread<=10%TP,481,339.2680000000046,1.1308933333333486,0.5458542127957084,0.498960498960499,2,369.7100000000039,0.5372423495684238,-0.43385947365757993,0.9979253112033195
B,15,8,trend=3,413,461.79900000001044,1.5393300000000347,0.7922398106404264,0.45278450363196127,2,693.8600000000126,0.6646688934642162,-0.4339440501885148,0.8568464730290456
B,20,15,spread<=1.0,477,346.6770000000042,1.155590000000014,0.5692152750557177,0.49056603773584906,2,291.2330000000036,0.5837790801295788,-0.44164188089583234,0.9896265560165975
B,4,12,break+close,202,302.7070000000001,1.0090233333333336,0.5254815831388301,0.6782178217821783,3,455.3909999999996,0.48180942331513527,-0.4425504298424321,0.4190871369294606
B,5,10,break+close,202,325.81100000000197,1.0860366666666732,0.5979747141787908,0.6237623762376238,3,543.3050000000021,0.5509492211457842,-0.45960461017656495,0.4190871369294606
B,15,15,prevDist>=0.25,450,336.9800000000041,1.1232666666666804,0.5654832726994485,0.5,2,366.5080000000032,0.5255693109695101,-0.4651809991589926,0.9336099585062241
B,12,12,body>=0.60,310,309.87800000000243,1.0329266666666748,0.5810045080662523,0.5129032258064516,3,308.278000000003,0.5036443466198925,-0.4885575644085831,0.6431535269709544
B,20,8,body>=0.60,310,344.857000000002,1.1495233333333401,0.7555093895337495,0.45161290322580644,4,244.57300000000282,0.7671632840401192,-0.5200150359895022,0.6431535269709544
B,20,10,trend+mom,472,369.85200000000714,1.2328400000000237,0.7521605363268061,0.4682203389830508,3,259.37800000000425,0.7524883837136459,-0.5255515353727896,0.979253112033195
B,20,10,LONG,263,320.2610000000034,1.067536666666678,0.6397250431027192,0.4790874524714829,3,434.9310000000037,0.6366937526210013,-0.5286245438176983,0.5456431535269709
B,15,8,body>=0.60,310,317.56900000000314,1.0585633333333437,0.7502622233651856,0.45806451612903226,4,229.9150000000036,0.7170425275940807,-0.5958984099287672,0.6431535269709544
B,20,12,spread<=0.5,459,309.51300000000606,1.03171000000002,0.6592397650921467,0.48148148148148145,2,313.99400000000423,0.6082183666007906,-0.6678218811910356,0.9522821576763485
B,4,8,ALL,192,79.96200000000067,0.2665400000000022,0.7437115384615363,0.515625,0,75.94700000000057,0.8053110275984747,-1000000000.0,1.0
B,4,8,spread<=0.5,192,79.96200000000067,0.2665400000000022,0.7437115384615363,0.515625,0,75.94700000000057,0.7837894005648158,-1000000000.0,0.9522821576763485
B,4,8,spread<=0.75,192,79.96200000000067,0.2665400000000022,0.7437115384615363,0.515625,0,75.94700000000057,0.7902561213386562,-1000000000.0,0.9813278008298755
B,4,8,spread<=1.0,192,79.96200000000067,0.2665400000000022,0.7437115384615363,0.515625,0,75.94700000000057,0.8148058737752794,-1000000000.0,0.9896265560165975
B,4,8,spread<=1.25,192,79.96200000000067,0.2665400000000022,0.7437115384615363,0.515625,0,75.94700000000057,0.7902561213386562,-1000000000.0,0.9979253112033195
B,4,8,body>=0.40,257,76.95599999999968,0.2565199999999989,0.7533461538461549,0.5603112840466926,0,169.06200000000013,0.808396099542437,-1000000000.0,0.8464730290456431
B,4,8,body>=0.60,233,78.32500000000027,0.2610833333333342,0.769088352265189,0.5622317596566524,0,141.64600000000019,0.816833027772119,-1000000000.0,0.6431535269709544
B,4,8,close>=0.70,234,73.60499999999979,0.2453499999999993,0.7713072198004672,0.5769230769230769,0,159.37500000000068,0.8320420924804431,-1000000000.0,0.6639004149377593
B,4,8,trend>=2,192,79.96200000000067,0.2665400000000022,0.7437115384615363,0.515625,0,75.94700000000057,0.7947899722773117,-1000000000.0,0.995850622406639
B,4,8,trend=3,223,78.2600000000009,0.2608666666666697,0.7491666666666638,0.5381165919282511,0,350.17000000000075,0.6701666789044711,-1000000000.0,0.8568464730290456
B,4,8,mom>=0,262,73.56700000000069,0.24522333333333562,0.7642083333333312,0.5458015267175572,0,75.94700000000057,0.8053110275984747,-1000000000.0,0.983402489626556
B,4,8,mom>=0.15,256,76.8990000000008,0.25633000000000267,0.7535288461538436,0.546875,0,75.94700000000057,0.7837894005648158,-1000000000.0,0.9626556016597511
B,4,8,emaAligned,192,79.96200000000067,0.2665400000000022,0.7437115384615363,0.515625,0,75.94700000000057,0.8053110275984747,-1000000000.0,1.0
B,4,8,prevRoom>=0,252,79.08399999999938,0.26361333333333126,0.7599616346550772,0.5595238095238095,0,217.35000000000127,0.6531050812460697,-1000000000.0,0.6950207468879668
B,4,8,prevDist>=0.25,177,73.4630000000011,0.24487666666667035,0.7645416666666631,0.5028248587570622,0,77.29600000000073,0.8018528867401171,-1000000000.0,0.9336099585062241
B,4,8,prevDist>=0.50,245,76.75300000000061,0.25584333333333537,0.7441566666666646,0.563265306122449,0,174.32200000000103,0.7533900037006943,-1000000000.0,0.8049792531120332
B,4,8,break>=0.05,247,79.4510000000007,0.264836666666669,0.7947426888498484,0.5748987854251012,1,325.5820000000017,0.6429827533355903,-1000000000.0,0.6327800829875518
B,4,8,break>=0.10,228,133.55900000000065,0.44519666666666885,0.7464078169646368,0.6008771929824561,1,277.91000000000145,0.6104344963791953,-1000000000.0,0.4730290456431535
B,4,8,break<=0.25,204,77.53800000000024,0.2584600000000008,0.7514807692307685,0.5343137254901961,0,79.94700000000057,0.7767429781007205,-1000000000.0,0.7842323651452282
B,4,8,asiaRatio>=0.80,169,77.07400000000052,0.2569133333333351,0.7430866666666649,0.5325443786982249,0,75.44299999999998,0.7983314354146284,-1000000000.0,0.6680497925311203
B,4,8,time<=12,206,76.58400000000029,0.25528000000000095,0.7545384615384606,0.5242718446601942,0,74.92600000000016,0.7598525641025636,-1000000000.0,0.7780082987551867
B,4,8,time<=13,222,73.75200000000018,0.2458400000000006,0.763615384615384,0.527027027027027,0,72.31800000000021,0.7743221989215093,-1000000000.0,0.8423236514522822
B,4,8,LONG,219,79.88100000000054,0.2662700000000018,0.7540798891710908,0.5707762557077626,0,147.32600000000002,0.7464801533887047,-1000000000.0,0.5456431535269709
B,4,8,SHORT,116,73.60099999999989,0.2453366666666663,0.7569552453694993,0.49137931034482757,0,209.62600000000066,0.5945799999999978,-1000000000.0,0.45435684647302904
B,4,8,Thu-Fri,192,79.96200000000067,0.2665400000000022,0.7437115384615363,0.515625,0,75.94700000000057,0.8053110275984747,-1000000000.0,1.0
B,4,8,spread<=10%TP,192,79.96200000000067,0.2665400000000022,0.7437115384615363,0.515625,0,311.4220000000014,0.6713960848912414,-1000000000.0,0.8029045643153527
B,4,8,spread<=15%TP,192,79.96200000000067,0.2665400000000022,0.7437115384615363,0.515625,0,75.94700000000057,0.7837894005648158,-1000000000.0,0.9688796680497925
B,4,8,lowSpread+close,230,73.60499999999979,0.2453499999999993,0.7713072198004672,0.5782608695652174,0,209.55100000000084,0.8045813307921768,-1000000000.0,0.6556016597510373
B,4,8,body+close,217,79.89600000000041,0.2663200000000014,0.7504357441385376,0.5714285714285714,0,158.23200000000043,0.7883295096562106,-1000000000.0,0.6265560165975104
B,4,8,trend+mom,257,77.56700000000069,0.258556666666669,0.7513878205128183,0.5447470817120622,0,75.94700000000057,0.7947899722773117,-1000000000.0,0.979253112033195
B,4,8,trend+close,233,73.60499999999979,0.2453499999999993,0.7713072198004672,0.575107296137339,0,208.60700000000088,0.7618001799416028,-1000000000.0,0.6597510373443983
B,4,8,trend+lowSpread,192,79.96200000000067,0.2665400000000022,0.7437115384615363,0.515625,0,75.94700000000057,0.8072870939420529,-1000000000.0,0.9854771784232366
B,4,8,break+trend,247,79.4510000000007,0.264836666666669,0.7947426888498484,0.5748987854251012,1,325.5820000000017,0.6429827533355903,-1000000000.0,0.6307053941908713
B,4,8,break+close,202,209.30900000000088,0.6976966666666696,0.697166432759446,0.6237623762376238,3,324.98200000000065,0.6396175325774239,-1000000000.0,0.4190871369294606
B,4,8,prevRoom+trend,251,75.08399999999938,0.25027999999999795,0.7721025665930128,0.5577689243027888,0,216.4060000000013,0.651846513528234,-1000000000.0,0.6908713692946058
B,4,8,prevDist+trend,177,73.4630000000011,0.24487666666667035,0.7645416666666631,0.5028248587570622,0,75.00300000000061,0.7973406756121401,-1000000000.0,0.9315352697095436
B,4,8,early+trend,222,73.75200000000018,0.2458400000000006,0.763615384615384,0.527027027027027,0,72.31800000000021,0.7743221989215093,-1000000000.0,0.8423236514522822
B,4,8,lowSpread+body,283,79.2489999999998,0.26416333333333264,0.7459967948717955,0.568904593639576,1,168.11800000000017,0.819974093531285,-1000000000.0,0.8402489626556017
B,4,8,TPspread+close,224,73.60499999999979,0.2453499999999993,0.7713072198004672,0.5714285714285714,0,155.37500000000068,0.7916241861629809,-1000000000.0,0.6410788381742739
B,4,10,ALL,260,98.61300000000051,0.3287100000000017,0.6839326923076907,0.5615384615384615,0,91.02100000000064,0.7778984278348612,-1000000000.0,1.0
B,4,10,spread<=0.5,238,94.61300000000051,0.31537666666666836,0.6967532051282035,0.5462184873949579,0,97.70800000000054,0.7355226046048308,-1000000000.0,0.9522821576763485
B,4,10,spread<=0.75,252,94.61300000000051,0.31537666666666836,0.6967532051282035,0.5555555555555556,0,95.31400000000076,0.755490396775921,-1000000000.0,0.9813278008298755
B,4,10,spread<=1.0,256,96.61300000000051,0.322043333333335,0.6903429487179471,0.55859375,0,94.92100000000073,0.788978629086938,-1000000000.0,0.9896265560165975
B,4,10,spread<=1.25,259,94.61300000000051,0.31537666666666836,0.6967532051282035,0.5598455598455598,0,95.31400000000076,0.755490396775921,-1000000000.0,0.9979253112033195
B,4,10,body>=0.40,291,98.7349999999999,0.32911666666666634,0.70014607761854,0.5876288659793815,1,241.586,0.7425763257548603,-1000000000.0,0.8464730290456431
B,4,10,body>=0.60,228,90.37599999999998,0.30125333333333326,0.7252750259142958,0.5877192982456141,0,179.18499999999995,0.7265157144730515,-1000000000.0,0.6431535269709544
B,4,10,close>=0.70,235,93.34799999999973,0.3111599999999991,0.7032124325974163,0.6,1,256.4520000000007,0.738716163465627,-1000000000.0,0.6639004149377593
B,4,10,close>=0.85,213,277.5490000000009,0.9251633333333363,0.5506593245073428,0.676056338028169,3,438.6180000000006,0.4674096341374,-1000000000.0,0.44190871369294604
B,4,10,trend>=2,259,94.61300000000051,0.31537666666666836,0.6967532051282035,0.5598455598455598,0,90.22800000000075,0.7656561668882959,-1000000000.0,0.995850622406639
B,4,10,trend=3,229,97.85000000000082,0.3261666666666694,0.7050045221585743,0.5589519650655022,0,98.16800000000035,0.7197842034653031,-1000000000.0,0.8568464730290456
B,4,10,mom>=0,283,97.67700000000059,0.325590000000002,0.7281252087554819,0.5724381625441696,0,99.31400000000076,0.7576625664625899,-1000000000.0,0.983402489626556
B,4,10,mom>=0.15,277,96.90500000000065,0.32301666666666884,0.7424068432776691,0.5740072202166066,0,98.22800000000075,0.7366710989105237,-1000000000.0,0.9626556016597511
B,4,10,emaAligned,260,98.61300000000051,0.3287100000000017,0.6839326923076907,0.5615384615384615,0,91.02100000000064,0.7778984278348612,-1000000000.0,1.0
B,4,10,prevRoom>=0,251,96.21199999999908,0.3207066666666636,0.7428105536100953,0.5856573705179283,0,240.12000000000103,0.5588551028559995,-1000000000.0,0.6950207468879668
B,4,10,prevDist>=0.25,243,96.17400000000089,0.320580000000003,0.7058071383997916,0.551440329218107,0,90.47300000000064,0.7792356100405774,-1000000000.0,0.9336099585062241
B,4,10,prevDist>=0.50,285,98.57100000000037,0.32857000000000125,0.6916630693868338,0.6,0,217.621000000001,0.6607206931487168,-1000000000.0,0.8049792531120332
B,4,10,break>=0.05,305,261.6460000000011,0.872153333333337,0.6762511649239545,0.6491803278688525,2,469.1120000000017,0.6176062994364322,-1000000000.0,0.6327800829875518
B,4,10,break>=0.10,228,199.31000000000063,0.6643666666666688,0.6360790468716548,0.6359649122807017,3,428.11900000000105,0.46996850422706365,-1000000000.0,0.4730290456431535
B,4,10,break<=0.25,269,95.6680000000008,0.318893333333336,0.6933717948717923,0.5836431226765799,0,92.54900000000089,0.7481783205176322,-1000000000.0,0.7842323651452282
B,4,10,asiaRatio>=0.80,184,91.53100000000086,0.30510333333333617,0.6948966666666638,0.5597826086956522,0,99.88800000000015,0.7485690121275274,-1000000000.0,0.6680497925311203
B,4,10,time<=12,205,93.30300000000057,0.3110100000000019,0.7009519230769212,0.5414634146341464,0,94.51100000000042,0.6970801282051269,-1000000000.0,0.7780082987551867
B,4,10,time<=13,221,92.71100000000047,0.30903666666666824,0.7028493589743575,0.5475113122171946,0,98.95900000000051,0.6911854653485106,-1000000000.0,0.8423236514522822
B,4,10,LONG,263,196.50800000000072,0.6550266666666691,0.6700623581883403,0.6349809885931559,2,239.8390000000004,0.711026651130962,-1000000000.0,0.5456431535269709
B,4,10,SHORT,113,99.24900000000002,0.33083000000000007,0.6691699999999999,0.5132743362831859,0,225.62600000000066,0.48791333333333115,-1000000000.0,0.45435684647302904
B,4,10,Thu-Fri,260,98.61300000000051,0.3287100000000017,0.6839326923076907,0.5615384615384615,0,91.02100000000064,0.7778984278348612,-1000000000.0,1.0
B,4,10,spread<=10%TP,230,95.82000000000062,0.31940000000000207,0.6928846153846134,0.5434782608695652,0,337.98700000000144,0.6805423903479966,-1000000000.0,0.8029045643153527
B,4,10,spread<=15%TP,245,94.61300000000051,0.31537666666666836,0.6967532051282035,0.5510204081632653,0,90.22800000000075,0.7557695743264073,-1000000000.0,0.9688796680497925
B,4,10,lowSpread+close,232,91.34799999999973,0.30449333333333245,0.7095711669549297,0.5991379310344828,1,276.35200000000077,0.7552022045527109,-1000000000.0,0.6556016597510373
B,4,10,body+close,222,95.00300000000038,0.31667666666666794,0.7074328194578735,0.5945945945945946,1,264.7520000000004,0.6936342467752467,-1000000000.0,0.6265560165975104
B,4,10,trend+mom,282,93.67700000000059,0.3122566666666686,0.7392588345320523,0.5709219858156028,0,90.22800000000075,0.7656561668882959,-1000000000.0,0.979253112033195
B,4,10,trend+close,232,99.34799999999973,0.3311599999999991,0.6841362295248757,0.5991379310344828,1,215.12600000000066,0.7435269613230152,-1000000000.0,0.6597510373443983
B,4,10,trend+lowSpread,255,92.61300000000051,0.3087100000000017,0.7031634615384599,0.5568627450980392,0,91.02100000000064,0.7842168523316967,-1000000000.0,0.9854771784232366
B,4,10,break+trend,304,223.6460000000011,0.7454866666666703,0.7152852660905862,0.6480263157894737,2,469.1120000000017,0.6106894530826042,-1000000000.0,0.6307053941908713
B,4,10,break+close,202,286.2560000000003,0.9541866666666677,0.6410111015620149,0.6633663366336634,3,462.60200000000054,0.5976401374933896,-1000000000.0,0.4190871369294606
B,4,10,prevRoom+trend,189,98.71999999999889,0.32906666666666295,0.7361062845839256,0.5502645502645502,0,180.87100000000078,0.636225849117498,-1000000000.0,0.6908713692946058
B,4,10,prevDist+trend,242,92.17400000000089,0.3072466666666696,0.7180429968064381,0.5495867768595041,0,93.68000000000075,0.7566904920212746,-1000000000.0,0.9315352697095436
B,4,10,early+trend,221,92.71100000000047,0.30903666666666824,0.7028493589743575,0.5475113122171946,0,98.95900000000051,0.6911854653485106,-1000000000.0,0.8423236514522822
B,4,10,lowSpread+body,290,96.38799999999992,0.32129333333333304,0.7072738150554092,0.5896551724137931,1,247.865,0.7522908990517853,-1000000000.0,0.8402489626556017
B,4,10,TPspread+close,224,93.34799999999973,0.3111599999999991,0.7032124325974163,0.59375,0,202.27600000000052,0.7671061206075482,-1000000000.0,0.6410788381742739
B,4,12,ALL,190,110.1920000000016,0.367306666666672,0.642233766233761,0.5263157894736842,0,307.31200000000104,0.6237002891418638,-1000000000.0,1.0
B,4,12,spread<=0.5,190,110.1920000000016,0.367306666666672,0.642233766233761,0.5263157894736842,0,114.20400000000063,0.6715368774662615,-1000000000.0,0.9522821576763485
B,4,12,spread<=0.75,190,110.1920000000016,0.367306666666672,0.642233766233761,0.5263157894736842,0,223.82000000000085,0.6416509476331604,-1000000000.0,0.9813278008298755
B,4,12,spread<=1.0,190,110.1920000000016,0.367306666666672,0.642233766233761,0.5263157894736842,0,116.29800000000091,0.6816178362781198,-1000000000.0,0.9896265560165975
B,4,12,spread<=1.25,190,110.1920000000016,0.367306666666672,0.642233766233761,0.5263157894736842,0,116.29800000000091,0.6816178362781198,-1000000000.0,0.9979253112033195
B,4,12,body>=0.40,291,115.74200000000064,0.3858066666666688,0.6242142857142836,0.6013745704467354,1,222.95000000000027,0.6038337410559428,-1000000000.0,0.8464730290456431
B,4,12,body>=0.60,233,114.6650000000011,0.3822166666666703,0.6389697895184243,0.5965665236051502,1,225.57500000000027,0.5313731157930786,-1000000000.0,0.6431535269709544
B,4,12,close>=0.70,236,112.27900000000045,0.37426333333333484,0.6430113475583185,0.6101694915254238,1,257.6100000000008,0.6302007749207454,-1000000000.0,0.6639004149377593
B,4,12,trend>=2,190,110.1920000000016,0.367306666666672,0.642233766233761,0.5263157894736842,0,112.31300000000078,0.6925273353445845,-1000000000.0,0.995850622406639
B,4,12,trend=3,160,109.51800000000094,0.3650600000000031,0.6444220779220748,0.51875,0,622.5650000000014,0.5169335124337292,-1000000000.0,0.8568464730290456
B,4,12,mom>=0,262,119.27300000000082,0.3975766666666694,0.6149477979584048,0.5801526717557252,0,314.90600000000063,0.6351361873763864,-1000000000.0,0.983402489626556
B,4,12,mom>=0.15,256,114.29700000000071,0.3809900000000024,0.6317300442708823,0.58203125,0,298.90600000000063,0.621969785040881,-1000000000.0,0.9626556016597511
B,4,12,emaAligned,190,110.1920000000016,0.367306666666672,0.642233766233761,0.5263157894736842,0,307.31200000000104,0.6237002891418638,-1000000000.0,1.0
B,4,12,prevRoom>=0,253,119.9989999999998,0.399996666666666,0.6785057896231519,0.5928853754940712,2,248.8920000000012,0.5116844017648572,-1000000000.0,0.6950207468879668
B,4,12,prevDist>=0.25,175,118.87600000000202,0.39625333333334006,0.6140389610389545,0.52,0,309.41800000000103,0.5791558303354952,-1000000000.0,0.9336099585062241
B,4,12,prevDist>=0.50,284,119.31200000000081,0.3977066666666694,0.6022933333333307,0.6161971830985915,0,316.63800000000106,0.48412597502390875,-1000000000.0,0.8049792531120332
B,4,12,break>=0.05,305,254.53200000000015,0.8484400000000005,0.6291705918280724,0.6655737704918033,2,529.9390000000003,0.5288412335434425,-1000000000.0,0.6327800829875518
B,4,12,break>=0.10,228,227.77500000000032,0.7592500000000011,0.6260721473912362,0.6535087719298246,3,459.7360000000001,0.29684361672122433,-1000000000.0,0.4730290456431535
B,4,12,break<=0.25,270,117.13900000000149,0.39046333333333827,0.6196785714285666,0.5962962962962963,0,116.01400000000126,0.6750417352918076,-1000000000.0,0.7842323651452282
B,4,12,asiaRatio>=0.80,231,118.87500000000114,0.39625000000000377,0.6037499999999962,0.6017316017316018,0,240.24900000000025,0.5028276230897889,-1000000000.0,0.6680497925311203
B,4,12,time<=12,206,117.05800000000067,0.39019333333333556,0.6199415584415563,0.5533980582524272,0,114.65000000000032,0.6395334213670366,-1000000000.0,0.7780082987551867
B,4,12,time<=13,224,118.22100000000069,0.3940700000000023,0.6161655844155822,0.5625,0,112.76700000000051,0.6761950978590451,-1000000000.0,0.8423236514522822
B,4,12,LONG,263,211.8940000000007,0.7063133333333357,0.6340634893005938,0.6463878326996197,3,257.61000000000035,0.6113196616392719,-1000000000.0,0.5456431535269709
B,4,12,SHORT,98,112.6740000000002,0.3755800000000007,0.6244199999999993,0.5,0,226.29100000000017,0.3693333333333332,-1000000000.0,0.45435684647302904
B,4,12,Thu-Fri,190,110.1920000000016,0.367306666666672,0.642233766233761,0.5263157894736842,0,307.31200000000104,0.6237002891418638,-1000000000.0,1.0
B,4,12,spread<=10%TP,190,110.1920000000016,0.367306666666672,0.642233766233761,0.5263157894736842,0,417.6380000000013,0.5018472578601589,-1000000000.0,0.8029045643153527
B,4,12,spread<=15%TP,190,110.1920000000016,0.367306666666672,0.642233766233761,0.5263157894736842,0,110.99700000000075,0.6812775659285105,-1000000000.0,0.9688796680497925
B,4,12,lowSpread+close,232,112.27900000000045,0.37426333333333484,0.6430113475583185,0.6077586206896551,1,289.35600000000113,0.5893820791746085,-1000000000.0,0.6556016597510373
B,4,12,body+close,302,204.38600000000088,0.6812866666666696,0.6074969988188362,0.652317880794702,2,257.5050000000008,0.5600469648937402,-1000000000.0,0.6265560165975104
B,4,12,trend+mom,261,115.27300000000082,0.38424333333333605,0.6278611044751049,0.578544061302682,0,116.09500000000071,0.6821735773848938,-1000000000.0,0.979253112033195
B,4,12,trend+close,233,116.27900000000045,0.38759666666666814,0.6302934340592071,0.6094420600858369,1,261.813000000001,0.6194190871369278,-1000000000.0,0.6597510373443983
B,4,12,trend+lowSpread,190,110.1920000000016,0.367306666666672,0.642233766233761,0.5263157894736842,0,291.31200000000104,0.6333236966367908,-1000000000.0,0.9854771784232366
B,4,12,break+trend,304,237.75600000000009,0.7925200000000003,0.6291705918280724,0.6644736842105263,2,557.9390000000003,0.5296368002841186,-1000000000.0,0.6307053941908713
B,4,12,prevRoom+trend,251,111.9989999999998,0.37332999999999933,0.6999389155909915,0.5896414342629482,2,226.04200000000105,0.5124605590921657,-1000000000.0,0.6908713692946058
B,4,12,prevDist+trend,175,118.87600000000202,0.39625333333334006,0.6140389610389545,0.52,0,301.41800000000103,0.5342122985780664,-1000000000.0,0.9315352697095436
B,4,12,early+trend,224,118.22100000000069,0.3940700000000023,0.6161655844155822,0.5625,0,112.76700000000051,0.6761950978590451,-1000000000.0,0.8423236514522822
B,4,12,lowSpread+body,288,119.74200000000064,0.39914000000000216,0.6112272727272706,0.6006944444444444,1,303.6540000000002,0.6015587412511283,-1000000000.0,0.8402489626556017
B,4,12,TPspread+close,224,112.27900000000045,0.37426333333333484,0.6430113475583185,0.6026785714285714,1,235.39100000000053,0.6003905566252398,-1000000000.0,0.6410788381742739
B,4,15,ALL,189,143.19299999999976,0.4773099999999992,0.5350876623376631,0.5291005291005291,0,139.7960000000005,0.6116799351114701,-1000000000.0,1.0
B,4,15,spread<=0.5,189,143.19299999999976,0.4773099999999992,0.5350876623376631,0.5291005291005291,0,140.71700000000055,0.5731088001164919,-1000000000.0,0.9522821576763485
B,4,15,spread<=0.75,189,143.19299999999976,0.4773099999999992,0.5350876623376631,0.5291005291005291,0,149.03300000000058,0.5642335424939018,-1000000000.0,0.9813278008298755
B,4,15,spread<=1.0,189,143.19299999999976,0.4773099999999992,0.5350876623376631,0.5291005291005291,0,147.7960000000005,0.5871643175177778,-1000000000.0,0.9896265560165975
B,4,15,spread<=1.25,189,143.19299999999976,0.4773099999999992,0.5350876623376631,0.5291005291005291,0,146.7960000000005,0.5829682785893248,-1000000000.0,0.9979253112033195
B,4,15,body>=0.40,297,149.586,0.49862000000000006,0.5328473991905263,0.6094276094276094,1,285.53300000000013,0.4675171646396262,-1000000000.0,0.8464730290456431
B,4,15,body>=0.60,233,140.0079999999998,0.4666933333333327,0.5455997092004315,0.6094420600858369,1,239.4670000000001,0.526226282022114,-1000000000.0,0.6431535269709544
B,4,15,close>=0.70,235,140.49299999999948,0.4683099999999983,0.5488618228174921,0.625531914893617,1,291.76600000000076,0.4568004665126894,-1000000000.0,0.6639004149377593
B,4,15,close>=0.85,213,279.13600000000065,0.9304533333333355,0.4127455323759877,0.6995305164319249,3,293.8780000000006,0.35702835973558683,-1000000000.0,0.44190871369294604
B,4,15,trend>=2,189,143.19299999999976,0.4773099999999992,0.5350876623376631,0.5291005291005291,0,145.48000000000047,0.5476818227042072,-1000000000.0,0.995850622406639
B,4,15,trend=3,169,142.94899999999961,0.4764966666666654,0.5358798701298714,0.5207100591715976,0,452.4150000000004,0.423796087063423,-1000000000.0,0.8568464730290456
B,4,15,mom>=0,298,147.32599999999934,0.49108666666666445,0.5216688311688333,0.6073825503355704,0,143.5930000000003,0.601132771484602,-1000000000.0,0.983402489626556
B,4,15,mom>=0.15,330,149.66999999999962,0.49889999999999873,0.5144950807228577,0.6242424242424243,0,146.83000000000038,0.5731710862146139,-1000000000.0,0.9626556016597511
B,4,15,emaAligned,189,143.19299999999976,0.4773099999999992,0.5350876623376631,0.5291005291005291,0,139.7960000000005,0.6116799351114701,-1000000000.0,1.0
B,4,15,prevRoom>=0,335,241.7189999999996,0.8057299999999986,0.5424470313915845,0.6567164179104478,2,272.197000000001,0.39055629898680766,-1000000000.0,0.6950207468879668
B,4,15,prevDist>=0.25,176,137.4000000000001,0.4580000000000003,0.5540322109486073,0.5170454545454546,0,286.8770000000004,0.5521691546158056,-1000000000.0,0.9336099585062241
B,4,15,prevDist>=0.50,284,139.63300000000027,0.4654433333333342,0.5476257585034999,0.6232394366197183,0,291.8100000000002,0.4342229628892635,-1000000000.0,0.8049792531120332
B,4,15,break>=0.05,305,286.23699999999917,0.9541233333333305,0.5652084759322017,0.6721311475409836,3,425.6379999999999,0.4053526036215132,-1000000000.0,0.6327800829875518
B,4,15,break>=0.10,100,148.1979999999994,0.49399333333333134,0.5242882685079097,0.52,0,429.7719999999997,0.28260132024078377,-1000000000.0,0.4730290456431535
B,4,15,break<=0.25,277,139.34200000000124,0.46447333333333746,0.5475909090909051,0.6064981949458483,0,144.95400000000063,0.5672136433664128,-1000000000.0,0.7842323651452282
B,4,15,asiaRatio>=0.80,232,144.56200000000058,0.48187333333333526,0.5181266666666647,0.6120689655172413,1,268.798,0.47611573557905607,-1000000000.0,0.6680497925311203
B,4,15,time<=12,208,143.87999999999988,0.4795999999999996,0.5328571428571433,0.5625,0,248.6030000000003,0.5139167202867895,-1000000000.0,0.7780082987551867
B,4,15,time<=13,293,146.41099999999983,0.4880366666666661,0.5246396103896109,0.6040955631399317,0,149.0860000000007,0.5812214538120553,-1000000000.0,0.8423236514522822
B,4,15,LONG,263,279.35200000000054,0.9311733333333352,0.4878516465502742,0.6577946768060836,2,332.65300000000025,0.5279049583658271,-1000000000.0,0.5456431535269709
B,4,15,SHORT,103,142.21699999999964,0.47405666666666546,0.5259433333333345,0.5145631067961165,0,269.922,0.290623333333333,-1000000000.0,0.45435684647302904
B,4,15,Thu-Fri,189,143.19299999999976,0.4773099999999992,0.5350876623376631,0.5291005291005291,0,139.7960000000005,0.6116799351114701,-1000000000.0,1.0
B,4,15,spread<=10%TP,189,143.19299999999976,0.4773099999999992,0.5350876623376631,0.5291005291005291,0,411.19400000000064,0.4831285074944922,-1000000000.0,0.8029045643153527
B,4,15,spread<=15%TP,189,143.19299999999976,0.4773099999999992,0.5350876623376631,0.5291005291005291,0,147.48000000000047,0.558445757809832,-1000000000.0,0.9688796680497925
B,4,15,lowSpread+close,231,143.49299999999948,0.4783099999999983,0.5392284992245192,0.6233766233766234,1,286.76600000000076,0.4827055309025794,-1000000000.0,0.6556016597510373
B,4,15,body+close,222,145.61999999999966,0.4853999999999989,0.5306804521092321,0.6216216216216216,1,295.6090000000004,0.43299504882785755,-1000000000.0,0.6265560165975104
B,4,15,trend+mom,257,147.5639999999994,0.491879999999998,0.5208961038961059,0.5875486381322957,0,144.51400000000035,0.5506852551984867,-1000000000.0,0.979253112033195
B,4,15,trend+close,232,147.49299999999948,0.4916433333333316,0.5263840677672221,0.625,1,273.87700000000086,0.46703938038616527,-1000000000.0,0.6597510373443983
B,4,15,trend+lowSpread,189,143.19299999999976,0.4773099999999992,0.5350876623376631,0.5291005291005291,0,141.7960000000005,0.5650456132170952,-1000000000.0,0.9854771784232366
B,4,15,break+trend,304,282.23699999999917,0.9407899999999972,0.5652084759322017,0.6710526315789473,3,400.6379999999999,0.4334630992296554,-1000000000.0,0.6307053941908713
B,4,15,break+close,202,278.90599999999927,0.9296866666666642,0.43817675598191896,0.6831683168316832,2,367.75599999999986,0.3757903821559218,-1000000000.0,0.4190871369294606
B,4,15,prevRoom+trend,333,233.7189999999996,0.779063333333332,0.56553332217496,0.6546546546546547,2,273.390000000001,0.3891694967215001,-1000000000.0,0.6908713692946058
B,4,15,prevDist+trend,176,137.4000000000001,0.4580000000000003,0.5540322109486073,0.5170454545454546,0,285.5610000000004,0.502835538752361,-1000000000.0,0.9315352697095436
B,4,15,early+trend,293,146.41099999999983,0.4880366666666661,0.5246396103896109,0.6040955631399317,0,149.0860000000007,0.5812214538120553,-1000000000.0,0.8423236514522822
B,4,15,lowSpread+body,295,146.34899999999993,0.48782999999999976,0.5429564533053518,0.6067796610169491,1,284.53300000000013,0.48738257808938734,-1000000000.0,0.8402489626556017
B,4,15,TPspread+close,223,149.49299999999948,0.49830999999999825,0.5199618520385736,0.6188340807174888,1,238.38300000000072,0.5466883461640544,-1000000000.0,0.6410788381742739
B,4,20,ALL,175,190.91599999999994,0.6363866666666664,0.37198684210526334,0.5314285714285715,0,467.4590000000003,0.2823993193134725,-1000000000.0,1.0
B,4,20,spread<=0.5,175,190.91599999999994,0.6363866666666664,0.37198684210526334,0.5314285714285715,0,377.42700000000036,0.3216254726961517,-1000000000.0,0.9522821576763485
B,4,20,spread<=0.75,175,190.91599999999994,0.6363866666666664,0.37198684210526334,0.5314285714285715,0,419.3730000000003,0.2912607747429632,-1000000000.0,0.9813278008298755
B,4,20,spread<=1.0,175,190.91599999999994,0.6363866666666664,0.37198684210526334,0.5314285714285715,0,467.3730000000003,0.28246046933225827,-1000000000.0,0.9896265560165975
B,4,20,spread<=1.25,175,190.91599999999994,0.6363866666666664,0.37198684210526334,0.5314285714285715,0,459.4590000000003,0.28527181458934026,-1000000000.0,0.9979253112033195
B,4,20,body>=0.40,290,198.89999999999986,0.6629999999999996,0.36735031425736075,0.6172413793103448,1,382.5379999999998,0.2781058993201007,-1000000000.0,0.8464730290456431
B,4,20,body>=0.60,224,197.41099999999983,0.658036666666666,0.38454271952113056,0.6160714285714286,1,315.2729999999999,0.2865188095912397,-1000000000.0,0.6431535269709544
B,4,20,close>=0.70,230,194.57799999999952,0.6485933333333317,0.39067940977528526,0.6347826086956522,1,320.4210000000003,0.32236845713032203,-1000000000.0,0.6639004149377593
B,4,20,trend>=2,175,190.91599999999994,0.6363866666666664,0.37198684210526334,0.5314285714285715,0,451.4590000000003,0.2882033469836548,-1000000000.0,0.995850622406639
B,4,20,trend=3,158,197.7959999999996,0.6593199999999987,0.3641533392268759,0.5253164556962026,0,570.7149999999997,0.29396390046946047,-1000000000.0,0.8568464730290456
B,4,20,mom>=0,184,188.36199999999917,0.6278733333333306,0.41052137447581194,0.5380434782608695,0,467.2560000000001,0.32959557952638435,-1000000000.0,0.983402489626556
B,4,20,mom>=0.15,344,196.80699999999933,0.6560233333333311,0.39816397613536175,0.627906976744186,1,451.2560000000001,0.3089170091737925,-1000000000.0,0.9626556016597511
B,4,20,emaAligned,175,190.91599999999994,0.6363866666666664,0.37198684210526334,0.5314285714285715,0,467.4590000000003,0.2823993193134725,-1000000000.0,1.0
B,4,20,prevRoom>=0,335,294.25099999999907,0.9808366666666636,0.37356363668123616,0.6626865671641791,3,366.5690000000004,0.24714120862744823,-1000000000.0,0.6950207468879668
B,4,20,prevDist>=0.25,161,190.67700000000036,0.6355900000000012,0.38384158262268936,0.5217391304347826,0,465.60400000000027,0.21759828090116648,-1000000000.0,0.9336099585062241
B,4,20,break>=0.05,126,194.62599999999907,0.6487533333333302,0.43321014726996043,0.5317460317460317,1,584.1989999999998,0.23787079345544349,-1000000000.0,0.6327800829875518
B,4,20,break>=0.10,95,198.3239999999994,0.661079999999998,0.37966756957955294,0.5263157894736842,0,402.836,0.1346112680880211,-1000000000.0,0.4730290456431535
B,4,20,asiaRatio>=0.80,117,195.2510000000002,0.6508366666666674,0.34916333333333266,0.5128205128205128,0,398.8109999999997,0.1800056072614037,-1000000000.0,0.6680497925311203
B,4,20,time<=12,160,199.58899999999926,0.6652966666666642,0.3434572368421077,0.53125,0,323.37800000000016,0.27112797415631107,-1000000000.0,0.7780082987551867
B,4,20,time<=13,153,191.66099999999938,0.6388699999999979,0.36953618421052836,0.5228758169934641,0,360.24900000000025,0.2488715373579063,-1000000000.0,0.8423236514522822
B,4,20,SHORT,92,196.23099999999977,0.6541033333333326,0.34589666666666746,0.532608695652174,0,345.4280000000001,0.15203884987349559,-1000000000.0,0.45435684647302904
B,4,20,Thu-Fri,175,190.91599999999994,0.6363866666666664,0.37198684210526334,0.5314285714285715,0,467.4590000000003,0.2823993193134725,-1000000000.0,1.0
B,4,20,spread<=10%TP,175,190.91599999999994,0.6363866666666664,0.37198684210526334,0.5314285714285715,0,537.5409999999999,0.17633308232795605,-1000000000.0,0.8029045643153527
B,4,20,spread<=15%TP,175,190.91599999999994,0.6363866666666664,0.37198684210526334,0.5314285714285715,0,377.7900000000002,0.31061579355410257,-1000000000.0,0.9688796680497925
B,4,20,lowSpread+close,226,198.4919999999995,0.6616399999999983,0.37842272715885616,0.6327433628318584,1,324.33500000000026,0.3189455922566077,-1000000000.0,0.6556016597510373
B,4,20,body+close,302,265.52899999999954,0.8850966666666651,0.3601893942973812,0.6754966887417219,2,342.55099999999993,0.24639634549886158,-1000000000.0,0.6265560165975104
B,4,20,trend+mom,184,188.36199999999917,0.6278733333333306,0.41052137447581194,0.5380434782608695,0,459.2560000000001,0.2854191526118001,-1000000000.0,0.979253112033195
B,4,20,trend+close,222,199.22999999999934,0.6640999999999978,0.3761116817396118,0.6351351351351351,1,312.4210000000003,0.3370325191982472,-1000000000.0,0.6597510373443983
B,4,20,trend+lowSpread,175,190.91599999999994,0.6363866666666664,0.37198684210526334,0.5314285714285715,0,451.3730000000003,0.288267036694418,-1000000000.0,0.9854771784232366
B,4,20,break+trend,126,194.62599999999907,0.6487533333333302,0.43321014726996043,0.5317460317460317,1,568.1989999999998,0.2420970342502563,-1000000000.0,0.6307053941908713
B,4,20,prevRoom+trend,333,286.25099999999907,0.9541699999999969,0.38520884220455714,0.6606606606606606,3,358.5690000000004,0.2522824727416449,-1000000000.0,0.6908713692946058
B,4,20,prevDist+trend,161,190.67700000000036,0.6355900000000012,0.38384158262268936,0.5217391304347826,0,442.27800000000025,0.21989770847973353,-1000000000.0,0.9315352697095436
B,4,20,early+trend,153,191.66099999999938,0.6388699999999979,0.36953618421052836,0.5228758169934641,0,360.24900000000025,0.2488715373579063,-1000000000.0,0.8423236514522822
B,4,20,lowSpread+body,290,197.4559999999999,0.6581866666666664,0.37194330644545703,0.6137931034482759,1,374.45199999999977,0.27241138421733413,-1000000000.0,0.8402489626556017
B,4,20,TPspread+close,214,187.14399999999932,0.6238133333333311,0.4139589648520702,0.6261682242990654,1,296.33500000000026,0.3624828724814122,-1000000000.0,0.6410788381742739
B,4,25,ALL,144,246.23400000000015,0.8207800000000005,0.19001973684210477,0.5277777777777778,0,435.18200000000024,0.23044413138577816,-1000000000.0,1.0
B,4,25,spread<=0.5,144,246.23400000000015,0.8207800000000005,0.19001973684210477,0.5277777777777778,0,378.7330000000004,0.2617917177905488,-1000000000.0,0.9522821576763485
B,4,25,spread<=0.75,144,246.23400000000015,0.8207800000000005,0.19001973684210477,0.5277777777777778,0,419.09600000000023,0.2375396154120505,-1000000000.0,0.9813278008298755
B,4,25,spread<=1.0,144,246.23400000000015,0.8207800000000005,0.19001973684210477,0.5277777777777778,0,435.09600000000023,0.23049312278134226,-1000000000.0,0.9896265560165975
B,4,25,spread<=1.25,144,246.23400000000015,0.8207800000000005,0.19001973684210477,0.5277777777777778,0,431.18200000000024,0.2327450637777382,-1000000000.0,0.9979253112033195
B,4,25,body>=0.40,149,243.4799999999998,0.8115999999999993,0.22555281304867889,0.5436241610738255,0,393.8439999999998,0.20956623860706072,-1000000000.0,0.8464730290456431
B,4,25,body>=0.60,125,249.68699999999967,0.8322899999999989,0.22156474567816686,0.544,0,336.57899999999995,0.22725708159349967,-1000000000.0,0.6431535269709544
B,4,25,close>=0.70,110,239.65499999999952,0.7988499999999984,0.24952088082771906,0.5454545454545454,0,321.7270000000003,0.28816058063052785,-1000000000.0,0.6639004149377593
B,4,25,trend>=2,144,246.23400000000015,0.8207800000000005,0.19001973684210477,0.5277777777777778,0,427.18200000000024,0.23509240815914803,-1000000000.0,0.995850622406639
B,4,25,trend=3,128,244.46000000000004,0.8148666666666667,0.21414449891505263,0.5234375,0,548.8689999999999,0.16327550939468666,-1000000000.0,0.8568464730290456
B,4,25,mom>=0,167,248.49699999999962,0.8283233333333321,0.2223289728985433,0.5449101796407185,0,459.97900000000004,0.2283016696579631,-1000000000.0,0.983402489626556
B,4,25,mom>=0.15,168,246.89099999999962,0.8229699999999988,0.24500704869255324,0.5535714285714286,0,431.97900000000004,0.25181553873022494,-1000000000.0,0.9626556016597511
B,4,25,emaAligned,144,246.23400000000015,0.8207800000000005,0.19001973684210477,0.5277777777777778,0,435.18200000000024,0.23044413138577816,-1000000000.0,1.0
B,4,25,prevRoom>=0,132,249.2469999999987,0.830823333333329,0.27436686473220684,0.5454545454545454,1,357.2570000000005,0.23704942896806064,-1000000000.0,0.6950207468879668
B,4,25,prevDist>=0.25,141,235.37300000000027,0.7845766666666676,0.23940981254503882,0.5177304964539007,0,440.3670000000002,0.20379075303613606,-1000000000.0,0.9336099585062241
B,4,25,prevDist>=0.50,122,244.31799999999998,0.8143933333333333,0.20949570641869444,0.5327868852459017,0,417.00299999999993,0.20896045386284012,-1000000000.0,0.8049792531120332
B,4,25,break>=0.05,116,233.25099999999952,0.7775033333333318,0.3207264191879049,0.5431034482758621,1,502.77,0.1369844311050229,-1000000000.0,0.6327800829875518
B,4,25,break>=0.10,83,247.62899999999968,0.8254299999999989,0.22544775512502188,0.5421686746987951,0,429.45399999999995,0.09552240398672518,-1000000000.0,0.4730290456431535
B,4,25,break<=0.25,145,246.01300000000037,0.8200433333333346,0.19230365151385817,0.5379310344827586,0,354.3830000000005,0.2155381960551447,-1000000000.0,0.7842323651452282
B,4,25,asiaRatio>=0.80,87,249.2920000000006,0.8309733333333353,0.16902666666666466,0.5287356321839081,0,384.73099999999977,0.16380509376958327,-1000000000.0,0.6680497925311203
B,4,25,time<=12,61,243.10400000000027,0.8103466666666675,0.20031578947368334,0.45901639344262296,0,334.6840000000002,0.20417332185457596,-1000000000.0,0.7780082987551867
B,4,25,time<=13,64,242.21600000000035,0.8073866666666678,0.20323684210526202,0.453125,0,371.5550000000003,0.1913797756074271,-1000000000.0,0.8423236514522822
B,4,25,SHORT,66,243.3309999999999,0.8111033333333331,0.188896666666667,0.5303030303030303,0,338.0400000000002,0.14746000000000017,-1000000000.0,0.45435684647302904
B,4,25,Thu-Fri,144,246.23400000000015,0.8207800000000005,0.19001973684210477,0.5277777777777778,0,435.18200000000024,0.23044413138577816,-1000000000.0,1.0
B,4,25,spread<=10%TP,144,246.23400000000015,0.8207800000000005,0.19001973684210477,0.5277777777777778,0,461.83900000000017,0.172952635827314,-1000000000.0,0.8029045643153527
B,4,25,spread<=15%TP,144,246.23400000000015,0.8207800000000005,0.19001973684210477,0.5277777777777778,0,395.09600000000023,0.25300930197219096,-1000000000.0,0.9688796680497925
B,4,25,lowSpread+close,110,239.65499999999952,0.7988499999999984,0.24952088082771906,0.5454545454545454,0,325.6410000000003,0.28521645157248404,-1000000000.0,0.6556016597510373
B,4,25,body+close,105,241.3059999999998,0.8043533333333327,0.23982068657008046,0.5428571428571428,0,353.85699999999997,0.21236236976444117,-1000000000.0,0.6265560165975104
B,4,25,trend+mom,167,248.49699999999962,0.8283233333333321,0.2223289728985433,0.5449101796407185,0,451.97900000000004,0.2328630618345827,-1000000000.0,0.979253112033195
B,4,25,trend+close,110,239.65499999999952,0.7988499999999984,0.24952088082771906,0.5454545454545454,0,313.7270000000003,0.30189458757802984,-1000000000.0,0.6597510373443983
B,4,25,trend+lowSpread,144,246.23400000000015,0.8207800000000005,0.19001973684210477,0.5277777777777778,0,427.09600000000023,0.2351433961122144,-1000000000.0,0.9854771784232366
B,4,25,break+trend,116,233.25099999999952,0.7775033333333318,0.3207264191879049,0.5431034482758621,1,508.80500000000006,0.13824271010825184,-1000000000.0,0.6307053941908713
B,4,25,break+close,80,242.6549999999993,0.8088499999999976,0.29837877223875353,0.55,1,425.96299999999997,0.15342383092168557,-1000000000.0,0.4190871369294606
B,4,25,prevRoom+trend,132,249.2469999999987,0.830823333333329,0.27436686473220684,0.5454545454545454,1,349.2570000000005,0.2419255720431044,-1000000000.0,0.6908713692946058
B,4,25,prevDist+trend,141,235.37300000000027,0.7845766666666676,0.23940981254503882,0.5177304964539007,0,436.3670000000002,0.20570359871595112,-1000000000.0,0.9315352697095436
B,4,25,early+trend,64,242.21600000000035,0.8073866666666678,0.20323684210526202,0.453125,0,371.5550000000003,0.1913797756074271,-1000000000.0,0.8423236514522822
B,4,25,lowSpread+body,149,243.4799999999998,0.8115999999999993,0.22555281304867889,0.5436241610738255,0,401.7579999999998,0.2054158617030851,-1000000000.0,0.8402489626556017
B,4,25,TPspread+close,110,239.65499999999952,0.7988499999999984,0.24952088082771906,0.5454545454545454,0,249.82500000000005,0.304279173907231,-1000000000.0,0.6410788381742739
B,4,30,ALL,6,299.3710000000001,0.9979033333333337,0.015226973684210216,0.3333333333333333,0,295.49199999999996,0.061381886562309626,-1000000000.0,1.0
B,4,30,spread<=0.5,6,299.3710000000001,0.9979033333333337,0.015226973684210216,0.3333333333333333,0,295.49199999999996,0.061381886562309626,-1000000000.0,0.9522821576763485
B,4,30,spread<=0.75,6,299.3710000000001,0.9979033333333337,0.015226973684210216,0.3333333333333333,0,295.49199999999996,0.061381886562309626,-1000000000.0,0.9813278008298755
B,4,30,spread<=1.0,6,299.3710000000001,0.9979033333333337,0.015226973684210216,0.3333333333333333,0,295.49199999999996,0.061381886562309626,-1000000000.0,0.9896265560165975
B,4,30,spread<=1.25,6,299.3710000000001,0.9979033333333337,0.015226973684210216,0.3333333333333333,0,295.49199999999996,0.061381886562309626,-1000000000.0,0.9979253112033195
B,4,30,body>=0.40,6,299.3710000000001,0.9979033333333337,0.015226973684210216,0.3333333333333333,0,299.60500000000025,0.23509663254103913,-1000000000.0,0.8464730290456431
B,4,30,body>=0.60,1,298.55899999999997,0.9951966666666666,0.004803333333333436,0.0,0,296.39200000000005,0.1637738404243308,-1000000000.0,0.6431535269709544
B,4,30,close>=0.70,1,298.55899999999997,0.9951966666666666,0.004803333333333436,0.0,0,294.6400000000003,0.22311255955723835,-1000000000.0,0.6639004149377593
B,4,30,close>=0.85,3,297.88300000000004,0.9929433333333335,0.010200928384166088,0.3333333333333333,0,385.0940000000003,0.14781824011252706,-1000000000.0,0.44190871369294604
B,4,30,trend>=2,6,299.3710000000001,0.9979033333333337,0.015226973684210216,0.3333333333333333,0,291.49199999999996,0.06217183156594277,-1000000000.0,0.995850622406639
B,4,30,trend=3,6,299.3710000000001,0.9979033333333337,0.015226973684210216,0.3333333333333333,0,291.49199999999996,0.06217183156594277,-1000000000.0,0.8568464730290456
B,4,30,mom>=0,6,299.3710000000001,0.9979033333333337,0.015226973684210216,0.3333333333333333,0,295.49199999999996,0.061381886562309626,-1000000000.0,0.983402489626556
B,4,30,mom>=0.15,6,299.3710000000001,0.9979033333333337,0.015226973684210216,0.3333333333333333,0,295.49199999999996,0.061381886562309626,-1000000000.0,0.9626556016597511
B,4,30,emaAligned,6,299.3710000000001,0.9979033333333337,0.015226973684210216,0.3333333333333333,0,295.49199999999996,0.061381886562309626,-1000000000.0,1.0
B,4,30,prevRoom>=0,5,296.6959999999999,0.9889866666666663,0.024026315789473972,0.4,0,298.15599999999995,0.028225385899040733,-1000000000.0,0.6950207468879668
B,4,30,prevDist>=0.25,6,299.3710000000001,0.9979033333333337,0.015226973684210216,0.3333333333333333,0,295.49199999999996,0.061381886562309626,-1000000000.0,0.9336099585062241
B,4,30,prevDist>=0.50,1,298.55899999999997,0.9951966666666666,0.004803333333333436,0.0,0,291.49199999999996,0.06217183156594277,-1000000000.0,0.8049792531120332
B,4,30,break>=0.05,5,299.6840000000002,0.9989466666666673,0.017278072358690614,0.4,0,291.49199999999996,0.06217183156594277,-1000000000.0,0.6327800829875518
B,4,30,break>=0.10,5,299.6840000000002,0.9989466666666673,0.017278072358690614,0.4,0,295.3399999999999,0.028486842105263428,-1000000000.0,0.4730290456431535
B,4,30,break<=0.25,6,299.3710000000001,0.9979033333333337,0.015226973684210216,0.3333333333333333,0,291.28900000000067,0.2280340494098055,-1000000000.0,0.7842323651452282
B,4,30,asiaRatio>=0.80,1,297.15599999999995,0.9905199999999998,0.00948000000000017,0.0,0,395.3599999999997,0.1872033120107072,-1000000000.0,0.6680497925311203
B,4,30,time<=12,5,297.2900000000002,0.9909666666666673,0.022072368421052004,0.2,0,295.3399999999999,0.028486842105263428,-1000000000.0,0.7780082987551867
B,4,30,time<=13,4,299.48900000000003,0.9982966666666667,0.014838815789473577,0.25,0,298.15599999999995,0.028225385899040733,-1000000000.0,0.8423236514522822
B,4,30,LONG,6,296.84000000000015,0.9894666666666672,0.026604099648141942,0.3333333333333333,0,397.97299999999996,0.26391247613290625,-1000000000.0,0.5456431535269709
B,4,30,SHORT,1,298.55899999999997,0.9951966666666666,0.004803333333333436,0.0,0,291.3399999999999,0.02886666666666694,-1000000000.0,0.45435684647302904
B,4,30,Thu-Fri,6,299.3710000000001,0.9979033333333337,0.015226973684210216,0.3333333333333333,0,295.49199999999996,0.061381886562309626,-1000000000.0,1.0
B,4,30,spread<=10%TP,6,299.3710000000001,0.9979033333333337,0.015226973684210216,0.3333333333333333,0,295.49199999999996,0.061381886562309626,-1000000000.0,0.8029045643153527
B,4,30,spread<=15%TP,6,299.3710000000001,0.9979033333333337,0.015226973684210216,0.3333333333333333,0,295.49199999999996,0.061381886562309626,-1000000000.0,0.9688796680497925
B,4,30,lowSpread+close,1,298.55899999999997,0.9951966666666666,0.004803333333333436,0.0,0,298.5540000000003,0.22083351819422542,-1000000000.0,0.6556016597510373
B,4,30,body+close,1,298.55899999999997,0.9951966666666666,0.004803333333333436,0.0,0,364.4029999999998,0.22299285521222736,-1000000000.0,0.6265560165975104
B,4,30,trend+mom,6,299.3710000000001,0.9979033333333337,0.015226973684210216,0.3333333333333333,0,291.49199999999996,0.06217183156594277,-1000000000.0,0.979253112033195
B,4,30,trend+close,1,298.55899999999997,0.9951966666666666,0.004803333333333436,0.0,0,299.29200000000014,0.20243459815539677,-1000000000.0,0.6597510373443983
B,4,30,trend+lowSpread,6,299.3710000000001,0.9979033333333337,0.015226973684210216,0.3333333333333333,0,291.49199999999996,0.06217183156594277,-1000000000.0,0.9854771784232366
B,4,30,break+trend,5,299.6840000000002,0.9989466666666673,0.017278072358690614,0.4,0,291.49199999999996,0.06217183156594277,-1000000000.0,0.6307053941908713
B,4,30,break+close,8,296.221,0.9874033333333333,0.03925416120704214,0.5,0,430.48299999999995,0.15534471663198596,-1000000000.0,0.4190871369294606
B,4,30,prevRoom+trend,5,296.6959999999999,0.9889866666666663,0.024026315789473972,0.4,0,294.15599999999995,0.028598224664482988,-1000000000.0,0.6908713692946058
B,4,30,prevDist+trend,6,299.3710000000001,0.9979033333333337,0.015226973684210216,0.3333333333333333,0,291.49199999999996,0.06217183156594277,-1000000000.0,0.9315352697095436
B,4,30,early+trend,4,299.48900000000003,0.9982966666666667,0.014838815789473577,0.25,0,298.15599999999995,0.028225385899040733,-1000000000.0,0.8423236514522822
B,4,30,lowSpread+body,6,299.3710000000001,0.9979033333333337,0.015226973684210216,0.3333333333333333,0,412.30399999999963,0.23044063622986663,-1000000000.0,0.8402489626556017
B,4,30,TPspread+close,1,298.55899999999997,0.9951966666666666,0.004803333333333436,0.0,0,299.2539999999999,0.16682026110125803,-1000000000.0,0.6410788381742739
B,5,8,ALL,228,78.71600000000035,0.2623866666666678,0.7501079365079354,0.4956140350877193,0,72.83900000000062,0.8010374384720846,-1000000000.0,1.0
B,5,8,spread<=0.5,239,75.23600000000056,0.25078666666666855,0.7611555555555538,0.497907949790795,0,79.35900000000083,0.7832278048807113,-1000000000.0,0.9522821576763485
B,5,8,spread<=0.75,220,77.71600000000035,0.2590533333333345,0.7532825396825386,0.4909090909090909,0,72.83900000000062,0.8010374384720846,-1000000000.0,0.9813278008298755
B,5,8,spread<=1.0,223,79.71600000000035,0.2657200000000012,0.7469333333333322,0.49327354260089684,0,73.83900000000062,0.7983058995777023,-1000000000.0,0.9896265560165975
B,5,8,spread<=1.25,225,76.71600000000035,0.25572000000000117,0.7564571428571417,0.49333333333333335,0,76.13200000000074,0.7920424808928833,-1000000000.0,0.9979253112033195
B,5,8,body>=0.40,292,72.95900000000006,0.24319666666666687,0.7683841269841268,0.5273972602739726,0,144.3870000000004,0.7818840936305622,-1000000000.0,0.8464730290456431
B,5,8,body>=0.60,310,129.53799999999978,0.4317933333333326,0.7183484312680662,0.5645161290322581,2,143.8980000000006,0.7724495754907675,-1000000000.0,0.6431535269709544
B,5,8,close>=0.70,255,78.9500000000005,0.2631666666666683,0.7682480787633619,0.5529411764705883,1,163.21400000000108,0.7143041260423623,-1000000000.0,0.6639004149377593
B,5,8,trend>=2,225,76.71600000000035,0.25572000000000117,0.7564571428571417,0.49333333333333335,0,75.13200000000074,0.7816526879282963,-1000000000.0,0.995850622406639
B,5,8,trend=3,196,78.29500000000144,0.2609833333333381,0.7514444444444399,0.4846938775510204,0,170.90000000000123,0.671286745745228,-1000000000.0,0.8568464730290456
B,5,8,mom>=0,282,76.57500000000095,0.2552500000000032,0.7809282405884231,0.5141843971631206,0,75.13200000000074,0.7947740197872656,-1000000000.0,0.983402489626556
B,5,8,mom>=0.15,276,78.71400000000108,0.2623800000000036,0.7758578958308985,0.5181159420289855,0,73.72000000000048,0.7986309527061342,-1000000000.0,0.9626556016597511
B,5,8,emaAligned,228,78.71600000000035,0.2623866666666678,0.7501079365079354,0.4956140350877193,0,72.83900000000062,0.8010374384720846,-1000000000.0,1.0
B,5,8,prevRoom>=0,187,74.32599999999957,0.24775333333333188,0.7750015135920575,0.4919786096256685,0,156.47000000000116,0.689168967286407,-1000000000.0,0.6950207468879668
B,5,8,prevDist>=0.25,204,76.73500000000058,0.25578333333333525,0.7563968253968235,0.4852941176470588,0,79.06400000000076,0.7840336088545543,-1000000000.0,0.9336099585062241
B,5,8,prevDist>=0.50,310,77.76900000000091,0.25923000000000307,0.7407699999999969,0.5387096774193548,0,79.06400000000076,0.7683201275259015,-1000000000.0,0.8049792531120332
B,5,8,break>=0.05,248,74.82800000000088,0.2494266666666696,0.8173768731390617,0.5282258064516129,1,211.24000000000228,0.6948551541061508,-1000000000.0,0.6327800829875518
B,5,8,break>=0.10,201,79.52100000000064,0.26507000000000214,0.7741618505317847,0.527363184079602,1,210.37600000000248,0.7329974733468885,-1000000000.0,0.4730290456431535
B,5,8,break<=0.25,240,78.60000000000059,0.26200000000000195,0.7513547370718682,0.5125,0,75.6330000000005,0.7783739275165255,-1000000000.0,0.7842323651452282
B,5,8,asiaRatio>=0.80,150,77.05600000000072,0.25685333333333576,0.7431466666666643,0.49333333333333335,0,74.8290000000004,0.7928689268789573,-1000000000.0,0.6680497925311203
B,5,8,time<=12,206,75.90700000000038,0.2530233333333346,0.7590253968253956,0.4854368932038835,0,143.1730000000009,0.7355174603174585,-1000000000.0,0.7780082987551867
B,5,8,time<=13,222,79.90400000000022,0.2663466666666674,0.7463365079365072,0.49099099099099097,0,76.76000000000067,0.7626821003685271,-1000000000.0,0.8423236514522822
B,5,8,LONG,263,130.7440000000006,0.43581333333333533,0.7132037264059627,0.5551330798479087,1,140.56800000000044,0.7307474275505463,-1000000000.0,0.5456431535269709
B,5,8,SHORT,101,78.17200000000003,0.26057333333333343,0.7394970024759976,0.44554455445544555,0,215.80100000000107,0.5918966666666643,-1000000000.0,0.45435684647302904
B,5,8,Thu-Fri,228,78.71600000000035,0.2623866666666678,0.7501079365079354,0.4956140350877193,0,72.83900000000062,0.8010374384720846,-1000000000.0,1.0
B,5,8,spread<=10%TP,239,75.23600000000056,0.25078666666666855,0.7611555555555538,0.497907949790795,0,79.35900000000083,0.7832278048807113,-1000000000.0,0.9522821576763485
B,5,8,spread<=15%TP,220,77.71600000000035,0.2590533333333345,0.7532825396825386,0.4909090909090909,0,72.83900000000062,0.8010374384720846,-1000000000.0,0.9813278008298755
B,5,8,lowSpread+close,233,79.79600000000028,0.2659866666666676,0.7657647079544176,0.5493562231759657,1,214.4660000000017,0.7146523964345142,-1000000000.0,0.6556016597510373
B,5,8,body+close,302,141.48200000000134,0.4716066666666711,0.7215282993314504,0.5761589403973509,2,220.76600000000144,0.7039312238961187,-1000000000.0,0.6265560165975104
B,5,8,trend+mom,261,75.57500000000095,0.25191666666666984,0.7837891189352931,0.5057471264367817,0,73.13200000000074,0.7874650531540777,-1000000000.0,0.979253112033195
B,5,8,trend+close,254,74.24300000000062,0.24747666666666873,0.7820651312429163,0.5511811023622047,0,163.60500000000138,0.7040517064240726,-1000000000.0,0.6597510373443983
B,5,8,trend+lowSpread,220,77.71600000000035,0.2590533333333345,0.7532825396825386,0.4909090909090909,0,75.13200000000074,0.7816526879282963,-1000000000.0,0.9854771784232366
B,5,8,break+trend,304,115.3630000000012,0.3845433333333373,0.7954117245082227,0.555921052631579,1,230.4460000000024,0.6771294266848602,-1000000000.0,0.6307053941908713
B,5,8,break+close,202,230.2970000000014,0.7676566666666713,0.6242550780362932,0.5891089108910891,2,335.94300000000135,0.5649104216466642,-1000000000.0,0.4190871369294606
B,5,8,prevRoom+trend,185,77.32599999999957,0.2577533333333319,0.7659199612520441,0.4918918918918919,0,162.3200000000013,0.673017150988614,-1000000000.0,0.6908713692946058
B,5,8,prevDist+trend,185,78.12500000000068,0.26041666666666896,0.7519841269841249,0.4756756756756757,0,143.63200000000097,0.7565461763355342,-1000000000.0,0.9315352697095436
B,5,8,early+trend,222,79.90400000000022,0.2663466666666674,0.7463365079365072,0.49099099099099097,0,76.76000000000067,0.7626821003685271,-1000000000.0,0.8423236514522822
B,5,8,lowSpread+body,254,78.66599999999994,0.2622199999999998,0.7502666666666669,0.5236220472440944,0,183.5670000000007,0.7882005488615405,-1000000000.0,0.8402489626556017
B,5,8,TPspread+close,314,145.10400000000095,0.48368000000000316,0.6998731895757114,0.5764331210191083,2,204.4660000000017,0.7333207333207314,-1000000000.0,0.6514522821576764
B,5,10,ALL,226,91.42000000000098,0.30473333333333663,0.7176294713042702,0.5088495575221239,0,98.48700000000144,0.7514122154745466,-1000000000.0,1.0
B,5,10,spread<=0.5,238,97.3860000000011,0.3246200000000037,0.6992021843408186,0.5126050420168067,0,90.16000000000145,0.772430121205693,-1000000000.0,0.9522821576763485
B,5,10,spread<=0.75,220,91.42000000000098,0.30473333333333663,0.7176294713042702,0.5045454545454545,0,94.19400000000132,0.7622480350138542,-1000000000.0,0.9813278008298755
B,5,10,spread<=1.0,221,96.42000000000098,0.3214000000000033,0.7021858851800235,0.5067873303167421,0,98.48700000000144,0.7514122154745466,-1000000000.0,0.9896265560165975
B,5,10,spread<=1.25,218,96.42000000000098,0.3214000000000033,0.7021858851800235,0.5045871559633027,0,98.48700000000144,0.7514122154745466,-1000000000.0,0.9979253112033195
B,5,10,body>=0.40,292,94.21700000000078,0.31405666666666926,0.7051120340781382,0.5445205479452054,0,254.2900000000011,0.6819957963817801,-1000000000.0,0.8464730290456431
B,5,10,body>=0.60,251,90.46199999999976,0.3015399999999992,0.7450690293617852,0.5617529880478087,1,271.4310000000005,0.6611659664293591,-1000000000.0,0.6431535269709544
B,5,10,close>=0.70,237,90.33600000000047,0.30112000000000155,0.7310692213344113,0.5654008438818565,0,203.97200000000157,0.7214789364738771,-1000000000.0,0.6639004149377593
B,5,10,trend>=2,218,96.42000000000098,0.3214000000000033,0.7021858851800235,0.5045871559633027,0,99.19400000000132,0.7363166093368675,-1000000000.0,0.995850622406639
B,5,10,trend=3,196,96.55500000000166,0.3218500000000055,0.7133488501891071,0.5,0,373.34000000000196,0.6417884414124551,-1000000000.0,0.8568464730290456
B,5,10,mom>=0,262,93.7230000000011,0.31241000000000363,0.7641280794871963,0.5229007633587787,0,95.9130000000016,0.757909163877569,-1000000000.0,0.983402489626556
B,5,10,mom>=0.15,256,98.78100000000131,0.3292700000000044,0.7675024536974899,0.52734375,0,96.07500000000118,0.7575002650270302,-1000000000.0,0.9626556016597511
B,5,10,emaAligned,226,91.42000000000098,0.30473333333333663,0.7176294713042702,0.5088495575221239,0,98.48700000000144,0.7514122154745466,-1000000000.0,1.0
B,5,10,prevRoom>=0,180,96.54099999999971,0.3218033333333324,0.7550398493817702,0.5055555555555555,0,187.0260000000012,0.6341390269842427,-1000000000.0,0.6950207468879668
B,5,10,prevDist>=0.25,213,99.35400000000163,0.33118000000000547,0.7149529626771215,0.5023474178403756,0,96.5220000000013,0.7563720070875771,-1000000000.0,0.9336099585062241
B,5,10,prevDist>=0.50,285,99.71300000000133,0.3323766666666711,0.7024247578972465,0.5543859649122806,0,201.36400000000162,0.707034602670089,-1000000000.0,0.8049792531120332
B,5,10,break>=0.05,305,208.0030000000013,0.6933433333333376,0.7095885740943402,0.5967213114754099,3,453.0990000000031,0.6600718567763768,-1000000000.0,0.6327800829875518
B,5,10,break>=0.10,228,178.05300000000148,0.5935100000000049,0.6590775757028728,0.5833333333333334,2,330.0770000000018,0.56933331178033,-1000000000.0,0.4730290456431535
B,5,10,break<=0.25,206,98.35700000000111,0.32785666666667035,0.6888549347859753,0.5194174757281553,0,99.50300000000152,0.733426028623016,-1000000000.0,0.7842323651452282
B,5,10,asiaRatio>=0.80,141,99.55900000000156,0.33186333333333856,0.6681366666666615,0.49645390070921985,0,92.448000000001,0.7481159372905436,-1000000000.0,0.6680497925311203
B,5,10,time<=12,180,95.24000000000046,0.31746666666666823,0.6976507936507922,0.4888888888888889,0,92.71700000000055,0.7056603174603157,-1000000000.0,0.7780082987551867
B,5,10,time<=13,222,90.88000000000079,0.302933333333336,0.711492063492061,0.5045045045045045,0,95.18200000000115,0.7057270411318013,-1000000000.0,0.8423236514522822
B,5,10,LONG,263,195.2530000000013,0.6508433333333377,0.6308772559687355,0.5931558935361216,3,211.0980000000011,0.6696895876137057,-1000000000.0,0.5456431535269709
B,5,10,SHORT,101,93.40700000000015,0.31135666666666717,0.6886433333333328,0.45544554455445546,0,232.2600000000009,0.5470333333333315,-1000000000.0,0.45435684647302904
B,5,10,Thu-Fri,226,91.42000000000098,0.30473333333333663,0.7176294713042702,0.5088495575221239,0,98.48700000000144,0.7514122154745466,-1000000000.0,1.0
B,5,10,spread<=10%TP,238,97.3860000000011,0.3246200000000037,0.6992021843408186,0.5126050420168067,0,90.16000000000145,0.772430121205693,-1000000000.0,0.9522821576763485
B,5,10,spread<=15%TP,220,91.42000000000098,0.30473333333333663,0.7176294713042702,0.5045454545454545,0,94.19400000000132,0.7622480350138542,-1000000000.0,0.9813278008298755
B,5,10,lowSpread+close,233,94.62900000000059,0.31543000000000193,0.7182889362563539,0.5665236051502146,1,229.80100000000175,0.6764555816336917,-1000000000.0,0.6556016597510373
B,5,10,body+close,241,91.81800000000112,0.3060600000000037,0.7280345014498987,0.5684647302904564,1,264.2660000000019,0.6163999443674231,-1000000000.0,0.6265560165975104
B,5,10,trend+mom,257,98.7230000000011,0.3290766666666703,0.7515446196900921,0.5214007782101168,0,99.19400000000132,0.7363166093368675,-1000000000.0,0.979253112033195
B,5,10,trend+close,235,95.33600000000047,0.3177866666666682,0.7161841932910185,0.5617021276595745,0,203.97200000000157,0.7147382840104911,-1000000000.0,0.6597510373443983
B,5,10,trend+lowSpread,220,91.42000000000098,0.30473333333333663,0.7176294713042702,0.5045454545454545,0,99.19400000000132,0.7363166093368675,-1000000000.0,0.9854771784232366
B,5,10,break+trend,304,208.55700000000138,0.6951900000000046,0.7320169379003438,0.5953947368421053,3,391.143000000003,0.6611517386947499,-1000000000.0,0.6307053941908713
B,5,10,prevRoom+trend,179,91.54099999999971,0.3051366666666657,0.767726694899127,0.5027932960893855,0,182.73300000000108,0.6302650689905576,-1000000000.0,0.6908713692946058
B,5,10,prevDist+trend,210,99.35400000000163,0.33118000000000547,0.7149529626771215,0.5,0,96.5220000000013,0.7434194786621481,-1000000000.0,0.9315352697095436
B,5,10,early+trend,222,90.88000000000079,0.302933333333336,0.711492063492061,0.5045045045045045,0,95.18200000000115,0.7057270411318013,-1000000000.0,0.8423236514522822
B,5,10,lowSpread+body,289,99.21700000000078,0.3307233333333359,0.6894626307898856,0.5467128027681661,0,253.083000000001,0.7191064082598936,-1000000000.0,0.8402489626556017
B,5,10,TPspread+close,232,94.62900000000059,0.31543000000000193,0.7182889362563539,0.5689655172413793,1,211.30000000000177,0.6939639188071255,-1000000000.0,0.6514522821576764
B,5,12,ALL,188,119.75800000000163,0.3991933333333388,0.6136838709677367,0.5,0,109.96400000000153,0.6975055292085215,-1000000000.0,1.0
B,5,12,spread<=0.5,188,119.75800000000163,0.3991933333333388,0.6136838709677367,0.5,0,117.39900000000125,0.6770529593644404,-1000000000.0,0.9522821576763485
B,5,12,spread<=0.75,188,119.75800000000163,0.3991933333333388,0.6136838709677367,0.5,0,118.38400000000115,0.6743433721019767,-1000000000.0,0.9813278008298755
B,5,12,spread<=1.0,188,119.75800000000163,0.3991933333333388,0.6136838709677367,0.5,0,118.89400000000137,0.6729404385955225,-1000000000.0,0.9896265560165975
B,5,12,spread<=1.25,188,119.75800000000163,0.3991933333333388,0.6136838709677367,0.5,0,117.34100000000126,0.6772125086651744,-1000000000.0,0.9979253112033195
B,5,12,body>=0.40,288,118.75100000000157,0.3958366666666719,0.6180939915032619,0.5590277777777778,1,302.6970000000015,0.5680509858030192,-1000000000.0,0.8464730290456431
B,5,12,body>=0.60,310,219.74200000000133,0.7324733333333378,0.5673746928333362,0.6129032258064516,2,332.5900000000013,0.5117136114141487,-1000000000.0,0.6431535269709544
B,5,12,close>=0.70,320,208.0070000000021,0.6933566666666737,0.6261793728347855,0.61875,2,267.40800000000195,0.5803698470911207,-1000000000.0,0.6639004149377593
B,5,12,trend>=2,188,119.75800000000163,0.3991933333333388,0.6136838709677367,0.5,0,118.67700000000127,0.6643028478971692,-1000000000.0,0.995850622406639
B,5,12,trend=3,160,109.0480000000016,0.36349333333333866,0.648232258064511,0.4875,0,421.1580000000024,0.569217871240434,-1000000000.0,0.8568464730290456
B,5,12,mom>=0,223,115.79900000000157,0.3859966666666719,0.6333328055982106,0.5201793721973094,0,113.76100000000133,0.6870605517104752,-1000000000.0,0.983402489626556
B,5,12,mom>=0.15,250,116.71400000000153,0.38904666666667176,0.6294240727981599,0.54,0,110.83900000000085,0.6950985354474513,-1000000000.0,0.9626556016597511
B,5,12,emaAligned,188,119.75800000000163,0.3991933333333388,0.6136838709677367,0.5,0,109.96400000000153,0.6975055292085215,-1000000000.0,1.0
B,5,12,prevRoom>=0,253,109.83800000000087,0.3661266666666696,0.7262317800243242,0.549407114624506,1,217.08300000000145,0.5354875297815149,-1000000000.0,0.6950207468879668
B,5,12,prevDist>=0.25,176,119.7380000000021,0.3991266666666737,0.6137483870967674,0.48863636363636365,0,253.03200000000174,0.6559979533675868,-1000000000.0,0.9336099585062241
B,5,12,prevDist>=0.50,285,109.19500000000289,0.363983333333343,0.640496085442051,0.5649122807017544,0,269.8430000000019,0.5259021203758647,-1000000000.0,0.8049792531120332
B,5,12,break>=0.05,305,255.92900000000145,0.8530966666666715,0.6548884447919956,0.6131147540983607,3,486.00500000000125,0.58493627938929,-1000000000.0,0.6327800829875518
B,5,12,break>=0.10,105,115.24800000000118,0.38416000000000394,0.6508757792951331,0.47619047619047616,0,475.34400000000073,0.373074595595153,-1000000000.0,0.4730290456431535
B,5,12,break<=0.25,271,117.77100000000223,0.3925700000000074,0.6460612362657122,0.5535055350553506,0,117.06400000000167,0.6605305587453993,-1000000000.0,0.7842323651452282
B,5,12,asiaRatio>=0.80,149,114.69600000000128,0.38232000000000427,0.6176799999999958,0.5033557046979866,0,116.36500000000069,0.6650055849195636,-1000000000.0,0.6680497925311203
B,5,12,time<=12,161,110.92900000000077,0.3697633333333359,0.6421645161290298,0.484472049689441,0,112.62200000000075,0.6367032258064492,-1000000000.0,0.7780082987551867
B,5,12,time<=13,171,113.45600000000036,0.37818666666666784,0.6340129032258053,0.4853801169590643,0,108.3970000000013,0.6798652088907761,-1000000000.0,0.8423236514522822
B,5,12,LONG,263,255.92700000000195,0.8530900000000066,0.5368780129293016,0.6083650190114068,3,252.54300000000103,0.5656641706841712,-1000000000.0,0.5456431535269709
B,5,12,SHORT,97,113.73900000000117,0.3791300000000039,0.6209382311183943,0.4639175257731959,0,237.04600000000073,0.43348333333333283,-1000000000.0,0.45435684647302904
B,5,12,Thu-Fri,188,119.75800000000163,0.3991933333333388,0.6136838709677367,0.5,0,109.96400000000153,0.6975055292085215,-1000000000.0,1.0
B,5,12,spread<=10%TP,188,119.75800000000163,0.3991933333333388,0.6136838709677367,0.5,0,117.39900000000125,0.6770529593644404,-1000000000.0,0.9522821576763485
B,5,12,spread<=15%TP,188,119.75800000000163,0.3991933333333388,0.6136838709677367,0.5,0,118.38400000000115,0.6743433721019767,-1000000000.0,0.9813278008298755
B,5,12,lowSpread+close,233,118.80800000000158,0.39602666666667197,0.6328360884224407,0.5708154506437768,1,251.2650000000017,0.584490281634269,-1000000000.0,0.6556016597510373
B,5,12,body+close,302,234.45900000000256,0.7815300000000085,0.541961205587361,0.6225165562913907,2,281.75800000000186,0.5309651624447772,-1000000000.0,0.6265560165975104
B,5,12,trend+mom,220,117.79900000000157,0.3926633333333386,0.6269999841679429,0.5181818181818182,0,119.66500000000133,0.6615081295753578,-1000000000.0,0.979253112033195
B,5,12,trend+close,235,111.80800000000158,0.3726933333333386,0.6544688688837133,0.5702127659574469,1,251.2650000000017,0.544860071452872,-1000000000.0,0.6597510373443983
B,5,12,trend+lowSpread,188,119.75800000000163,0.3991933333333388,0.6136838709677367,0.5,0,113.89400000000137,0.6778323395299859,-1000000000.0,0.9854771784232366
B,5,12,break+trend,304,246.00300000000152,0.8200100000000051,0.6498827004952614,0.6118421052631579,3,494.01900000000137,0.569283158851645,-1000000000.0,0.6307053941908713
B,5,12,break+close,202,239.977000000001,0.7999233333333367,0.5398133081292796,0.6386138613861386,3,386.0070000000005,0.477767144746707,-1000000000.0,0.4190871369294606
B,5,12,prevRoom+trend,250,111.83800000000087,0.37279333333333625,0.7212468345596277,0.548,1,223.77000000000112,0.537672756779393,-1000000000.0,0.6908713692946058
B,5,12,prevDist+trend,176,119.7380000000021,0.3991266666666737,0.6137483870967674,0.48863636363636365,0,112.84700000000134,0.6807939489256706,-1000000000.0,0.9315352697095436
B,5,12,early+trend,171,113.45600000000036,0.37818666666666784,0.6340129032258053,0.4853801169590643,0,108.3970000000013,0.6798652088907761,-1000000000.0,0.8423236514522822
B,5,12,lowSpread+body,287,113.75100000000157,0.3791700000000052,0.6341741090810816,0.5574912891986062,1,303.6970000000015,0.5645044597827384,-1000000000.0,0.8402489626556017
B,5,12,TPspread+close,232,114.05300000000148,0.3801766666666716,0.6475309271500627,0.5732758620689655,1,241.8410000000017,0.5667463082954882,-1000000000.0,0.6514522821576764
B,5,15,ALL,189,144.85900000000015,0.4828633333333338,0.532712903225806,0.4973544973544973,0,139.7760000000012,0.5941981860621723,-1000000000.0,1.0
B,5,15,spread<=0.5,189,144.85900000000015,0.4828633333333338,0.532712903225806,0.4973544973544973,0,149.50300000000107,0.5659584722044774,-1000000000.0,0.9522821576763485
B,5,15,spread<=0.75,189,144.85900000000015,0.4828633333333338,0.532712903225806,0.4973544973544973,0,140.47200000000112,0.5921775382935948,-1000000000.0,0.9813278008298755
B,5,15,spread<=1.0,189,144.85900000000015,0.4828633333333338,0.532712903225806,0.4973544973544973,0,139.7760000000012,0.5941981860621723,-1000000000.0,0.9896265560165975
B,5,15,spread<=1.25,189,144.85900000000015,0.4828633333333338,0.532712903225806,0.4973544973544973,0,145.01300000000128,0.5789939728954454,-1000000000.0,0.9979253112033195
B,5,15,body>=0.40,293,144.75800000000072,0.48252666666666905,0.5583940158450739,0.5631399317406144,0,287.4650000000013,0.5355414960922936,-1000000000.0,0.8464730290456431
B,5,15,body>=0.60,310,291.5770000000002,0.9719233333333341,0.37957940721608396,0.6258064516129033,2,288.2960000000012,0.40647416195746827,-1000000000.0,0.6431535269709544
B,5,15,close>=0.70,236,149.82500000000027,0.49941666666666756,0.5216773616831074,0.5889830508474576,1,279.8430000000021,0.46572576231858354,-1000000000.0,0.6639004149377593
B,5,15,trend>=2,189,144.85900000000015,0.4828633333333338,0.532712903225806,0.4973544973544973,0,142.7320000000011,0.5616769850628898,-1000000000.0,0.995850622406639
B,5,15,trend=3,193,149.61300000000074,0.4987100000000025,0.5344553974832892,0.5129533678756477,0,455.37300000000187,0.41998329402515433,-1000000000.0,0.8568464730290456
B,5,15,mom>=0,256,142.84200000000055,0.47614000000000184,0.5910925611033815,0.54296875,0,139.77900000000113,0.5941894763735148,-1000000000.0,0.983402489626556
B,5,15,mom>=0.15,250,146.01900000000023,0.4867300000000008,0.5693264670489137,0.548,0,141.85700000000065,0.5881565653633085,-1000000000.0,0.9626556016597511
B,5,15,emaAligned,189,144.85900000000015,0.4828633333333338,0.532712903225806,0.4973544973544973,0,139.7760000000012,0.5941981860621723,-1000000000.0,1.0
B,5,15,prevRoom>=0,252,143.9430000000002,0.4798100000000007,0.5992700486077468,0.5674603174603174,0,283.38300000000163,0.4247955044977666,-1000000000.0,0.6950207468879668
B,5,15,prevDist>=0.25,176,137.0170000000005,0.45672333333333504,0.5580096774193533,0.48863636363636365,0,145.2000000000014,0.5784510689691174,-1000000000.0,0.9336099585062241
B,5,15,prevDist>=0.50,245,145.19600000000082,0.4839866666666694,0.5473192266802166,0.563265306122449,0,282.09100000000103,0.5209715261399341,-1000000000.0,0.8049792531120332
B,5,15,break>=0.05,134,146.2029999999993,0.48734333333333096,0.5708797078989407,0.4925373134328358,0,329.67700000000036,0.4683836223883964,-1000000000.0,0.6327800829875518
B,5,15,break>=0.10,105,136.82899999999972,0.45609666666666576,0.5767922205657671,0.47619047619047616,0,300.92700000000036,0.3068665286919668,-1000000000.0,0.4730290456431535
B,5,15,break<=0.25,276,147.7990000000018,0.49266333333333934,0.5243674817050746,0.5688405797101449,0,147.73600000000147,0.5677250968504544,-1000000000.0,0.7842323651452282
B,5,15,asiaRatio>=0.80,149,147.5810000000008,0.49193666666666935,0.5080633333333306,0.5100671140939598,0,253.84400000000096,0.518041593256639,-1000000000.0,0.6680497925311203
B,5,15,time<=12,180,149.80600000000004,0.4993533333333335,0.5167548387096773,0.5055555555555555,0,270.39800000000105,0.459838709677417,-1000000000.0,0.7780082987551867
B,5,15,time<=13,236,149.90699999999993,0.49968999999999975,0.5164290322580648,0.5338983050847458,0,148.36800000000108,0.5299335935519813,-1000000000.0,0.8423236514522822
B,5,15,LONG,263,259.09900000000084,0.8636633333333361,0.496692878665391,0.6197718631178707,2,318.0850000000014,0.451794199070761,-1000000000.0,0.5456431535269709
B,5,15,SHORT,101,135.3979999999999,0.4513266666666664,0.5486733333333337,0.46534653465346537,0,272.69000000000074,0.3870633333333323,-1000000000.0,0.45435684647302904
B,5,15,Thu-Fri,189,144.85900000000015,0.4828633333333338,0.532712903225806,0.4973544973544973,0,139.7760000000012,0.5941981860621723,-1000000000.0,1.0
B,5,15,spread<=10%TP,189,144.85900000000015,0.4828633333333338,0.532712903225806,0.4973544973544973,0,149.50300000000107,0.5659584722044774,-1000000000.0,0.9522821576763485
B,5,15,spread<=15%TP,189,144.85900000000015,0.4828633333333338,0.532712903225806,0.4973544973544973,0,140.47200000000112,0.5921775382935948,-1000000000.0,0.9813278008298755
B,5,15,lowSpread+close,232,149.82500000000027,0.49941666666666756,0.5216773616831074,0.5862068965517241,1,279.8430000000021,0.46572576231858354,-1000000000.0,0.6556016597510373
B,5,15,body+close,302,267.45600000000104,0.8915200000000034,0.4161352379908922,0.6357615894039735,2,298.7470000000019,0.40657502705213167,-1000000000.0,0.6265560165975104
B,5,15,trend+mom,255,137.84200000000055,0.4594733333333352,0.6054058386721853,0.5411764705882353,0,146.5290000000009,0.5500165831367898,-1000000000.0,0.979253112033195
B,5,15,trend+close,234,139.82500000000027,0.46608333333333424,0.5536027838968162,0.5854700854700855,1,259.358000000002,0.501309692293642,-1000000000.0,0.6597510373443983
B,5,15,trend+lowSpread,189,144.85900000000015,0.4828633333333338,0.532712903225806,0.4973544973544973,0,137.7320000000011,0.5770317413521979,-1000000000.0,0.9854771784232366
B,5,15,break+trend,134,146.2029999999993,0.48734333333333096,0.5708797078989407,0.4925373134328358,0,328.33100000000036,0.4580255835613998,-1000000000.0,0.6307053941908713
B,5,15,break+close,202,278.789,0.9292966666666667,0.4156665080512044,0.6435643564356436,2,301.12600000000066,0.35747403058109734,-1000000000.0,0.4190871369294606
B,5,15,prevRoom+trend,249,148.9430000000002,0.49647666666666734,0.5853503042856105,0.5662650602409639,0,283.19000000000165,0.4250278430361222,-1000000000.0,0.6908713692946058
B,5,15,prevDist+trend,176,137.0170000000005,0.45672333333333504,0.5580096774193533,0.48863636363636365,0,143.42300000000114,0.5595549577437072,-1000000000.0,0.9315352697095436
B,5,15,early+trend,236,149.90699999999993,0.49968999999999975,0.5164290322580648,0.5338983050847458,0,148.36800000000108,0.5299335935519813,-1000000000.0,0.8423236514522822
B,5,15,lowSpread+body,290,149.75800000000072,0.4991933333333357,0.5431407661402242,0.5620689655172414,1,287.4650000000013,0.5426464627395214,-1000000000.0,0.8402489626556017
B,5,15,TPspread+close,314,231.38800000000106,0.7712933333333368,0.5153625131692356,0.6305732484076433,2,282.90800000000195,0.4436579252676023,-1000000000.0,0.6514522821576764
B,5,20,ALL,176,199.10500000000025,0.6636833333333342,0.3699009462324763,0.5,0,415.48900000000117,0.29395820889529006,-1000000000.0,1.0
B,5,20,spread<=0.5,176,199.10500000000025,0.6636833333333342,0.3699009462324763,0.5,0,379.7130000000011,0.29784821006270623,-1000000000.0,0.9522821576763485
B,5,20,spread<=0.75,176,199.10500000000025,0.6636833333333342,0.3699009462324763,0.5,0,383.2110000000009,0.2990932467180933,-1000000000.0,0.9813278008298755
B,5,20,spread<=1.0,176,199.10500000000025,0.6636833333333342,0.3699009462324763,0.5,0,391.151000000001,0.2970038440862929,-1000000000.0,0.9896265560165975
B,5,20,spread<=1.25,176,199.10500000000025,0.6636833333333342,0.3699009462324763,0.5,0,390.05200000000104,0.29769378180135997,-1000000000.0,0.9979253112033195
B,5,20,body>=0.40,293,195.78900000000044,0.6526300000000015,0.39439521180346043,0.5699658703071673,1,377.8190000000004,0.27292026500350913,-1000000000.0,0.8464730290456431
B,5,20,close>=0.70,235,196.9860000000001,0.6566200000000003,0.3936448229901898,0.6,1,312.15900000000124,0.32477287239405267,-1000000000.0,0.6639004149377593
B,5,20,trend>=2,176,199.10500000000025,0.6636833333333342,0.3699009462324763,0.5,0,389.91700000000105,0.30152551884630896,-1000000000.0,0.995850622406639
B,5,20,trend=3,158,198.962,0.6632066666666666,0.37369915448976754,0.4936708860759494,0,622.843000000001,0.2312270717303491,-1000000000.0,0.8568464730290456
B,5,20,mom>=0,184,195.10399999999936,0.6503466666666645,0.41488050431408335,0.5054347826086957,0,388.84900000000084,0.34090315844426927,-1000000000.0,0.983402489626556
B,5,20,emaAligned,176,199.10500000000025,0.6636833333333342,0.3699009462324763,0.5,0,415.48900000000117,0.29395820889529006,-1000000000.0,1.0
B,5,20,prevDist>=0.25,162,198.70600000000059,0.6623533333333352,0.37974928518809853,0.49382716049382713,0,412.53600000000097,0.26564834915331975,-1000000000.0,0.9336099585062241
B,5,20,break>=0.05,126,197.29299999999944,0.6576433333333315,0.43281672689429745,0.49206349206349204,1,536.6250000000005,0.25890321219590645,-1000000000.0,0.6327800829875518
B,5,20,break>=0.10,95,196.13099999999986,0.6537699999999995,0.3952360395917498,0.4842105263157895,0,395.6070000000002,0.15887770919792557,-1000000000.0,0.4730290456431535
B,5,20,asiaRatio>=0.80,116,196.35600000000068,0.6545200000000022,0.34547999999999773,0.4827586206896552,0,381.59000000000015,0.1807402949142344,-1000000000.0,0.6680497925311203
B,5,20,time<=12,145,195.5429999999999,0.6518099999999997,0.3588754098360659,0.4896551724137931,0,366.31900000000087,0.23394802313558294,-1000000000.0,0.7780082987551867
B,5,20,time<=13,152,198.48699999999963,0.6616233333333321,0.34922295081967336,0.4868421052631579,0,366.86600000000135,0.2623743206613703,-1000000000.0,0.8423236514522822
B,5,20,SHORT,87,196.70100000000002,0.6556700000000001,0.34438900498955044,0.4942528735632184,0,362.08600000000047,0.1709799999999988,-1000000000.0,0.45435684647302904
B,5,20,Thu-Fri,176,199.10500000000025,0.6636833333333342,0.3699009462324763,0.5,0,415.48900000000117,0.29395820889529006,-1000000000.0,1.0
B,5,20,spread<=10%TP,176,199.10500000000025,0.6636833333333342,0.3699009462324763,0.5,0,379.7130000000011,0.29784821006270623,-1000000000.0,0.9522821576763485
B,5,20,spread<=15%TP,176,199.10500000000025,0.6636833333333342,0.3699009462324763,0.5,0,383.2110000000009,0.2990932467180933,-1000000000.0,0.9813278008298755
B,5,20,lowSpread+close,231,197.9000000000001,0.659666666666667,0.3908313812644481,0.5974025974025974,1,313.07300000000123,0.32221313587327793,-1000000000.0,0.6556016597510373
B,5,20,trend+mom,184,195.10399999999936,0.6503466666666645,0.41488050431408335,0.5054347826086957,0,414.75400000000104,0.29860677365489174,-1000000000.0,0.979253112033195
B,5,20,trend+close,148,197.65199999999982,0.6588399999999994,0.391594765890252,0.5472972972972973,0,302.15900000000124,0.34358703432291376,-1000000000.0,0.6597510373443983
B,5,20,trend+lowSpread,176,199.10500000000025,0.6636833333333342,0.3699009462324763,0.5,0,401.40300000000116,0.304730833671546,-1000000000.0,0.9854771784232366
B,5,20,break+trend,126,197.29299999999944,0.6576433333333315,0.43281672689429745,0.49206349206349204,1,527.7690000000005,0.2508295197756143,-1000000000.0,0.6307053941908713
B,5,20,prevDist+trend,162,198.70600000000059,0.6623533333333352,0.37974928518809853,0.49382716049382713,0,396.04600000000073,0.2719489027031,-1000000000.0,0.9315352697095436
B,5,20,early+trend,152,198.48699999999963,0.6616233333333321,0.34922295081967336,0.4868421052631579,0,366.86600000000135,0.2623743206613703,-1000000000.0,0.8423236514522822
B,5,20,TPspread+close,231,194.9079999999999,0.649693333333333,0.40004124739510444,0.5974025974025974,1,315.3180000000011,0.3019228830362836,-1000000000.0,0.6514522821576764
B,5,25,ALL,146,249.2430000000004,0.8308100000000013,0.21123136808126888,0.5,0,444.246000000001,0.23744150897769062,-1000000000.0,1.0
B,5,25,spread<=0.5,146,249.2430000000004,0.8308100000000013,0.21123136808126888,0.5,0,421.3390000000011,0.24509133388914,-1000000000.0,0.9522821576763485
B,5,25,spread<=0.75,146,249.2430000000004,0.8308100000000013,0.21123136808126888,0.5,0,432.4050000000009,0.24143561094117189,-1000000000.0,0.9813278008298755
B,5,25,spread<=1.0,146,249.2430000000004,0.8308100000000013,0.21123136808126888,0.5,0,440.160000000001,0.2398110585459605,-1000000000.0,0.9896265560165975
B,5,25,spread<=1.25,146,249.2430000000004,0.8308100000000013,0.21123136808126888,0.5,0,439.246000000001,0.2403475919466361,-1000000000.0,0.9979253112033195
B,5,25,body>=0.40,149,245.48900000000003,0.8182966666666668,0.24066564592709505,0.5100671140939598,0,430.78800000000047,0.2432505573239577,-1000000000.0,0.8464730290456431
B,5,25,body>=0.60,126,248.50899999999956,0.8283633333333319,0.24198315646914367,0.5158730158730159,0,410.2480000000005,0.18284117569268601,-1000000000.0,0.6431535269709544
B,5,25,close>=0.70,116,248.04399999999964,0.8268133333333322,0.23647993498918168,0.5258620689655172,0,316.16800000000126,0.27477850034326334,-1000000000.0,0.6639004149377593
B,5,25,trend>=2,146,249.2430000000004,0.8308100000000013,0.21123136808126888,0.5,0,434.246000000001,0.24332569233628526,-1000000000.0,0.995850622406639
B,5,25,trend=3,128,238.89300000000048,0.7963100000000016,0.24800269455234528,0.4921875,0,526.410000000001,0.20567201200818333,-1000000000.0,0.8568464730290456
B,5,25,mom>=0,170,241.50599999999986,0.8050199999999995,0.27572028802524107,0.5176470588235295,0,468.0430000000008,0.2352811498075816,-1000000000.0,0.983402489626556
B,5,25,mom>=0.15,170,241.82299999999987,0.8060766666666662,0.2906627477897665,0.5176470588235295,0,454.08200000000056,0.23626084701856867,-1000000000.0,0.9626556016597511
B,5,25,emaAligned,146,249.2430000000004,0.8308100000000013,0.21123136808126888,0.5,0,444.246000000001,0.23744150897769062,-1000000000.0,1.0
B,5,25,prevRoom>=0,129,247.7699999999993,0.8258999999999976,0.2910039889431322,0.5116279069767442,1,404.92300000000114,0.22677763080366894,-1000000000.0,0.6950207468879668
B,5,25,prevDist>=0.25,141,241.81900000000064,0.8060633333333355,0.24517423930279328,0.48936170212765956,0,442.33300000000077,0.2516504402637192,-1000000000.0,0.9336099585062241
B,5,25,prevDist>=0.50,122,247.53800000000047,0.8251266666666682,0.22094900595764508,0.5,0,416.17400000000043,0.2628085383379442,-1000000000.0,0.8049792531120332
B,5,25,break>=0.05,116,238.73799999999983,0.7957933333333328,0.3136695156203742,0.5086206896551724,1,499.4910000000002,0.16315325297935332,-1000000000.0,0.6327800829875518
B,5,25,break>=0.10,83,247.25600000000009,0.824186666666667,0.23759366038666777,0.5060240963855421,0,396.22500000000014,0.12270239146690061,-1000000000.0,0.4730290456431535
B,5,25,asiaRatio>=0.80,39,244.17500000000086,0.8139166666666695,0.18608333333333046,0.4358974358974359,0,373.9350000000002,0.19968192121674302,-1000000000.0,0.6680497925311203
B,5,25,time<=12,60,247.51300000000083,0.8250433333333361,0.18848196721311203,0.43333333333333335,0,372.6250000000009,0.1797054928975149,-1000000000.0,0.7780082987551867
B,5,25,time<=13,63,246.6250000000009,0.8220833333333364,0.19139344262294783,0.42857142857142855,0,388.1720000000014,0.19368019179253126,-1000000000.0,0.8423236514522822
B,5,25,SHORT,66,249.9910000000002,0.8333033333333341,0.16677165721751588,0.5151515151515151,0,247.51700000000005,0.17494333333333315,-1000000000.0,0.45435684647302904
B,5,25,Thu-Fri,146,249.2430000000004,0.8308100000000013,0.21123136808126888,0.5,0,444.246000000001,0.23744150897769062,-1000000000.0,1.0
B,5,25,spread<=10%TP,146,249.2430000000004,0.8308100000000013,0.21123136808126888,0.5,0,421.3390000000011,0.24509133388914,-1000000000.0,0.9522821576763485
B,5,25,spread<=15%TP,146,249.2430000000004,0.8308100000000013,0.21123136808126888,0.5,0,432.4050000000009,0.24143561094117189,-1000000000.0,0.9813278008298755
B,5,25,lowSpread+close,116,248.04399999999964,0.8268133333333322,0.23647993498918168,0.5258620689655172,0,317.08200000000124,0.27410135565070126,-1000000000.0,0.6556016597510373
B,5,25,body+close,111,247.69499999999994,0.8256499999999998,0.2306796369803033,0.5225225225225225,0,384.83000000000084,0.2441012637370181,-1000000000.0,0.6265560165975104
B,5,25,trend+mom,170,241.50599999999986,0.8050199999999995,0.27572028802524107,0.5176470588235295,0,458.0430000000008,0.24105744349679017,-1000000000.0,0.979253112033195
B,5,25,trend+close,116,248.04399999999964,0.8268133333333322,0.23647993498918168,0.5258620689655172,0,306.16800000000126,0.2824117029374014,-1000000000.0,0.6597510373443983
B,5,25,trend+lowSpread,146,249.2430000000004,0.8308100000000013,0.21123136808126888,0.5,0,430.160000000001,0.2458147551941586,-1000000000.0,0.9854771784232366
B,5,25,break+trend,116,238.73799999999983,0.7957933333333328,0.3136695156203742,0.5086206896551724,1,494.4910000000002,0.1650190983737788,-1000000000.0,0.6307053941908713
B,5,25,break+close,80,247.74899999999957,0.8258299999999985,0.28384444836288225,0.525,1,413.97900000000027,0.1433277631893053,-1000000000.0,0.4190871369294606
B,5,25,prevRoom+trend,129,247.7699999999993,0.8258999999999976,0.2910039889431322,0.5116279069767442,1,394.92300000000114,0.2322739512214031,-1000000000.0,0.6908713692946058
B,5,25,prevDist+trend,141,241.81900000000064,0.8060633333333355,0.24517423930279328,0.48936170212765956,0,437.33300000000077,0.25444261000008866,-1000000000.0,0.9315352697095436
B,5,25,early+trend,63,246.6250000000009,0.8220833333333364,0.19139344262294783,0.42857142857142855,0,388.1720000000014,0.19368019179253126,-1000000000.0,0.8423236514522822
B,5,25,lowSpread+body,149,245.48900000000003,0.8182966666666668,0.24066564592709505,0.5100671140939598,0,436.70200000000045,0.24010080375890297,-1000000000.0,0.8402489626556017
B,5,25,TPspread+close,116,248.04399999999964,0.8268133333333322,0.23647993498918168,0.5258620689655172,0,319.32700000000114,0.2688496497301241,-1000000000.0,0.6514522821576764
B,5,30,ALL,7,296.3990000000001,0.9879966666666671,0.028199999999999625,0.2857142857142857,0,298.49199999999996,0.06080247690487599,-1000000000.0,1.0
B,5,30,spread<=0.5,7,296.3990000000001,0.9879966666666671,0.028199999999999625,0.2857142857142857,0,298.49199999999996,0.06080247690487599,-1000000000.0,0.9522821576763485
B,5,30,spread<=0.75,7,296.3990000000001,0.9879966666666671,0.028199999999999625,0.2857142857142857,0,298.49199999999996,0.06080247690487599,-1000000000.0,0.9813278008298755
B,5,30,spread<=1.0,7,296.3990000000001,0.9879966666666671,0.028199999999999625,0.2857142857142857,0,298.49199999999996,0.06080247690487599,-1000000000.0,0.9896265560165975
B,5,30,spread<=1.25,7,296.3990000000001,0.9879966666666671,0.028199999999999625,0.2857142857142857,0,298.49199999999996,0.06080247690487599,-1000000000.0,0.9979253112033195
B,5,30,body>=0.40,7,296.83899999999994,0.9894633333333331,0.02675737704918052,0.2857142857142857,0,436.3340000000003,0.24688361330716987,-1000000000.0,0.8464730290456431
B,5,30,body>=0.60,1,298.55899999999997,0.9951966666666666,0.004803333333333436,0.0,0,413.1690000000003,0.17889330166843279,-1000000000.0,0.6431535269709544
B,5,30,close>=0.70,1,298.55899999999997,0.9951966666666666,0.004803333333333436,0.0,0,286.9340000000004,0.19641636887091463,-1000000000.0,0.6639004149377593
B,5,30,close>=0.85,3,297.88300000000004,0.9929433333333335,0.010200928384166088,0.3333333333333333,0,293.1160000000002,0.11752450685228397,-1000000000.0,0.44190871369294604
B,5,30,trend>=2,7,296.3990000000001,0.9879966666666671,0.028199999999999625,0.2857142857142857,0,293.49199999999996,0.061774333793668056,-1000000000.0,0.995850622406639
B,5,30,trend=3,7,296.3990000000001,0.9879966666666671,0.028199999999999625,0.2857142857142857,0,293.49199999999996,0.061774333793668056,-1000000000.0,0.8568464730290456
B,5,30,mom>=0,7,296.3990000000001,0.9879966666666671,0.028199999999999625,0.2857142857142857,0,298.49199999999996,0.06080247690487599,-1000000000.0,0.983402489626556
B,5,30,mom>=0.15,7,296.3990000000001,0.9879966666666671,0.028199999999999625,0.2857142857142857,0,298.49199999999996,0.06080247690487599,-1000000000.0,0.9626556016597511
B,5,30,emaAligned,7,296.3990000000001,0.9879966666666671,0.028199999999999625,0.2857142857142857,0,298.49199999999996,0.06080247690487599,-1000000000.0,1.0
B,5,30,prevRoom>=0,5,297.6959999999999,0.9923199999999998,0.023947540983606845,0.4,0,299.15599999999995,0.028133690256517144,-1000000000.0,0.6950207468879668
B,5,30,prevDist>=0.25,7,296.3990000000001,0.9879966666666671,0.028199999999999625,0.2857142857142857,0,298.49199999999996,0.06080247690487599,-1000000000.0,0.9336099585062241
B,5,30,prevDist>=0.50,1,298.55899999999997,0.9951966666666666,0.004803333333333436,0.0,0,293.49199999999996,0.061774333793668056,-1000000000.0,0.8049792531120332
B,5,30,break>=0.05,6,297.15200000000004,0.9905066666666668,0.02876585619359814,0.3333333333333333,0,293.49199999999996,0.061774333793668056,-1000000000.0,0.6327800829875518
B,5,30,break>=0.10,6,297.15200000000004,0.9905066666666668,0.02876585619359814,0.3333333333333333,0,296.3399999999999,0.028393442622951088,-1000000000.0,0.4730290456431535
B,5,30,break<=0.25,8,293.1310000000001,0.9771033333333337,0.04008239158269779,0.375,0,392.9290000000012,0.22477647317439126,-1000000000.0,0.7842323651452282
B,5,30,asiaRatio>=0.80,1,297.15599999999995,0.9905199999999998,0.00948000000000017,0.0,0,293.95399999999995,0.14469189541494773,-1000000000.0,0.6680497925311203
B,5,30,time<=12,5,298.2900000000002,0.9943000000000006,0.021999999999999374,0.2,0,296.3399999999999,0.028393442622951088,-1000000000.0,0.7780082987551867
B,5,30,time<=13,5,299.4180000000001,0.9980600000000004,0.0183016393442619,0.2,0,299.15599999999995,0.028133690256517144,-1000000000.0,0.8423236514522822
B,5,30,LONG,6,297.84000000000015,0.9928000000000005,0.02651714479021232,0.3333333333333333,0,389.5020000000004,0.2217139553882374,-1000000000.0,0.5456431535269709
B,5,30,SHORT,1,298.55899999999997,0.9951966666666666,0.004803333333333436,0.0,0,291.3399999999999,0.02886666666666694,-1000000000.0,0.45435684647302904
B,5,30,Thu-Fri,7,296.3990000000001,0.9879966666666671,0.028199999999999625,0.2857142857142857,0,298.49199999999996,0.06080247690487599,-1000000000.0,1.0
B,5,30,spread<=10%TP,7,296.3990000000001,0.9879966666666671,0.028199999999999625,0.2857142857142857,0,298.49199999999996,0.06080247690487599,-1000000000.0,0.9522821576763485
B,5,30,spread<=15%TP,7,296.3990000000001,0.9879966666666671,0.028199999999999625,0.2857142857142857,0,298.49199999999996,0.06080247690487599,-1000000000.0,0.9813278008298755
B,5,30,lowSpread+close,1,298.55899999999997,0.9951966666666666,0.004803333333333436,0.0,0,287.8480000000004,0.19385663235013992,-1000000000.0,0.6556016597510373
B,5,30,body+close,1,298.55899999999997,0.9951966666666666,0.004803333333333436,0.0,0,390.37600000000066,0.2478721560434517,-1000000000.0,0.6265560165975104
B,5,30,trend+mom,7,296.3990000000001,0.9879966666666671,0.028199999999999625,0.2857142857142857,0,293.49199999999996,0.061774333793668056,-1000000000.0,0.979253112033195
B,5,30,trend+close,1,298.55899999999997,0.9951966666666666,0.004803333333333436,0.0,0,281.9340000000004,0.19920583523637406,-1000000000.0,0.6597510373443983
B,5,30,trend+lowSpread,7,296.3990000000001,0.9879966666666671,0.028199999999999625,0.2857142857142857,0,293.49199999999996,0.061774333793668056,-1000000000.0,0.9854771784232366
B,5,30,break+trend,6,297.15200000000004,0.9905066666666668,0.02876585619359814,0.3333333333333333,0,293.49199999999996,0.061774333793668056,-1000000000.0,0.6307053941908713
B,5,30,break+close,4,297.1550000000002,0.9905166666666674,0.014600839639472396,0.5,0,417.6220000000003,0.1436443217705337,-1000000000.0,0.4190871369294606
B,5,30,prevRoom+trend,5,297.6959999999999,0.9923199999999998,0.023947540983606845,0.4,0,294.15599999999995,0.028598224664482988,-1000000000.0,0.6908713692946058
B,5,30,prevDist+trend,7,296.3990000000001,0.9879966666666671,0.028199999999999625,0.2857142857142857,0,293.49199999999996,0.061774333793668056,-1000000000.0,0.9315352697095436
B,5,30,early+trend,5,299.4180000000001,0.9980600000000004,0.0183016393442619,0.2,0,299.15599999999995,0.028133690256517144,-1000000000.0,0.8423236514522822
B,5,30,lowSpread+body,7,296.83899999999994,0.9894633333333331,0.02675737704918052,0.2857142857142857,0,442.2480000000003,0.24361525667686693,-1000000000.0,0.8402489626556017
B,5,30,TPspread+close,1,298.55899999999997,0.9951966666666666,0.004803333333333436,0.0,0,295.0930000000003,0.1735663795131456,-1000000000.0,0.6514522821576764
B,6,8,ALL,189,73.79300000000057,0.2459766666666686,0.7664638063681026,0.4656084656084656,0,77.55200000000195,0.8145106124460002,-1000000000.0,1.0
B,6,8,spread<=0.5,189,73.79300000000057,0.2459766666666686,0.7664638063681026,0.4656084656084656,0,78.07200000000216,0.8132668729998465,-1000000000.0,0.9522821576763485
B,6,8,spread<=0.75,189,73.79300000000057,0.2459766666666686,0.7664638063681026,0.4656084656084656,0,187.3580000000029,0.7953761594282578,-1000000000.0,0.9813278008298755
B,6,8,spread<=1.0,189,73.79300000000057,0.2459766666666686,0.7664638063681026,0.4656084656084656,0,199.3580000000029,0.7953761594282578,-1000000000.0,0.9896265560165975
B,6,8,spread<=1.25,189,73.79300000000057,0.2459766666666686,0.7664638063681026,0.4656084656084656,0,199.3580000000029,0.7953761594282578,-1000000000.0,0.9979253112033195
B,6,8,body>=0.40,292,78.6040000000005,0.262013333333335,0.7512382073605676,0.5,1,203.36700000000178,0.8146542541049695,-1000000000.0,0.8464730290456431
B,6,8,body>=0.60,310,143.88299999999958,0.4796099999999986,0.7686211537761994,0.5419354838709678,2,288.40100000000143,0.6966511466496993,-1000000000.0,0.6431535269709544
B,6,8,close>=0.70,320,149.7840000000008,0.4992800000000026,0.715565881181546,0.55625,2,308.17800000000284,0.6879969510372429,-1000000000.0,0.6639004149377593
B,6,8,trend>=2,189,73.79300000000057,0.2459766666666686,0.7664638063681026,0.4656084656084656,0,199.3580000000029,0.7840108661075351,-1000000000.0,0.995850622406639
B,6,8,trend=3,229,77.93700000000104,0.25979000000000346,0.7533490937746224,0.4847161572052402,0,416.6010000000042,0.6192660805234184,-1000000000.0,0.8568464730290456
B,6,8,mom>=0,256,78.01700000000119,0.26005666666667066,0.7545137599667688,0.48828125,0,201.3580000000029,0.7953761594282578,-1000000000.0,0.983402489626556
B,6,8,mom>=0.15,252,79.08800000000133,0.2636266666666711,0.7567024644150245,0.49206349206349204,0,203.56600000000253,0.7872870694150081,-1000000000.0,0.9626556016597511
B,6,8,emaAligned,189,73.79300000000057,0.2459766666666686,0.7664638063681026,0.4656084656084656,0,77.55200000000195,0.8145106124460002,-1000000000.0,1.0
B,6,8,prevRoom>=0,174,79.54499999999985,0.2651499999999995,0.7573575167465867,0.46551724137931033,0,210.9010000000021,0.6554033887409292,-1000000000.0,0.6950207468879668
B,6,8,prevDist>=0.25,177,72.79100000000085,0.2426366666666695,0.7696348831100577,0.4519774011299435,0,218.86500000000296,0.7132582624959888,-1000000000.0,0.9336099585062241
B,6,8,prevDist>=0.50,249,78.02700000000073,0.26009000000000243,0.7399099999999976,0.4979919678714859,1,239.55300000000284,0.6698461476559981,-1000000000.0,0.8049792531120332
B,6,8,break>=0.05,305,139.97700000000123,0.4665900000000041,0.6833518146161899,0.5344262295081967,1,312.14100000000417,0.7176747471206265,-1000000000.0,0.6327800829875518
B,6,8,break>=0.10,228,101.92300000000091,0.3397433333333364,0.732765650483001,0.5219298245614035,1,280.04200000000424,0.715073577860748,-1000000000.0,0.4730290456431535
B,6,8,break<=0.25,206,78.23500000000081,0.26078333333333603,0.7555874211950216,0.47572815533980584,0,79.15900000000101,0.7849489532565023,-1000000000.0,0.7842323651452282
B,6,8,asiaRatio>=0.80,118,72.12400000000139,0.24041333333333795,0.7595866666666621,0.4491525423728814,0,146.29800000000114,0.7601630464518225,-1000000000.0,0.6680497925311203
B,6,8,time<=12,162,73.14700000000084,0.24382333333333614,0.7685082330899616,0.4506172839506173,0,192.57700000000182,0.7022672955974805,-1000000000.0,0.7780082987551867
B,6,8,time<=13,185,72.22800000000029,0.24076000000000097,0.7714166358103801,0.4540540540540541,0,201.0250000000019,0.6924134598750846,-1000000000.0,0.8423236514522822
B,6,8,LONG,263,141.44800000000146,0.4714933333333382,0.6625998756040351,0.532319391634981,1,216.04400000000123,0.6959646391208663,-1000000000.0,0.5456431535269709
B,6,8,SHORT,101,74.25600000000054,0.2475200000000018,0.7549961891375551,0.43564356435643564,0,257.0640000000019,0.6317099999999967,-1000000000.0,0.45435684647302904
B,6,8,Thu-Fri,189,73.79300000000057,0.2459766666666686,0.7664638063681026,0.4656084656084656,0,77.55200000000195,0.8145106124460002,-1000000000.0,1.0
B,6,8,spread<=10%TP,189,73.79300000000057,0.2459766666666686,0.7664638063681026,0.4656084656084656,0,78.84300000000167,0.8114227900902627,-1000000000.0,0.9688796680497925
B,6,8,spread<=15%TP,189,73.79300000000057,0.2459766666666686,0.7664638063681026,0.4656084656084656,0,199.3580000000029,0.7953761594282578,-1000000000.0,0.9896265560165975
B,6,8,lowSpread+close,316,149.7840000000008,0.4992800000000026,0.715565881181546,0.5569620253164557,2,322.17800000000284,0.6618951195719626,-1000000000.0,0.6556016597510373
B,6,8,body+close,302,173.32100000000105,0.5777366666666701,0.6651698847477906,0.5562913907284768,2,371.14800000000287,0.6134229585950495,-1000000000.0,0.6265560165975104
B,6,8,trend+mom,255,72.01700000000119,0.24005666666667064,0.773393202142184,0.48627450980392156,0,201.3580000000029,0.7840108661075351,-1000000000.0,0.979253112033195
B,6,8,trend+close,318,149.7840000000008,0.4992800000000026,0.715565881181546,0.5566037735849056,2,322.17800000000284,0.6274833897863445,-1000000000.0,0.6597510373443983
B,6,8,trend+lowSpread,189,73.79300000000057,0.2459766666666686,0.7664638063681026,0.4656084656084656,0,199.3580000000029,0.7840108661075351,-1000000000.0,0.9854771784232366
B,6,8,break+trend,304,141.97700000000123,0.47325666666667077,0.6833518146161899,0.5361842105263158,1,320.4540000000045,0.7220416065040024,-1000000000.0,0.6307053941908713
B,6,8,prevRoom+trend,172,75.02499999999964,0.2500833333333321,0.771145234696244,0.46511627906976744,0,178.9010000000021,0.6198412984887828,-1000000000.0,0.6908713692946058
B,6,8,prevDist+trend,177,72.79100000000085,0.2426366666666695,0.7696348831100577,0.4519774011299435,0,217.78300000000286,0.70511292773937,-1000000000.0,0.9315352697095436
B,6,8,early+trend,185,72.22800000000029,0.24076000000000097,0.7714166358103801,0.4540540540540541,0,201.0250000000019,0.6924134598750846,-1000000000.0,0.8423236514522822
B,6,8,lowSpread+body,289,78.6040000000005,0.262013333333335,0.7512382073605676,0.5017301038062284,1,205.24900000000184,0.8202877569139825,-1000000000.0,0.8402489626556017
B,6,8,TPspread+close,316,149.7840000000008,0.4992800000000026,0.715565881181546,0.5569620253164557,2,322.17800000000284,0.6618951195719626,-1000000000.0,0.6556016597510373
B,6,10,ALL,189,94.23100000000113,0.3141033333333371,0.7017827021244912,0.47619047619047616,0,270.26600000000303,0.7600800430081784,-1000000000.0,1.0
B,6,10,spread<=0.5,189,94.23100000000113,0.3141033333333371,0.7017827021244912,0.47619047619047616,0,90.24600000000191,0.7926647153694482,-1000000000.0,0.9522821576763485
B,6,10,spread<=0.75,189,94.23100000000113,0.3141033333333371,0.7017827021244912,0.47619047619047616,0,268.26600000000303,0.7600800430081784,-1000000000.0,0.9813278008298755
B,6,10,spread<=1.0,189,94.23100000000113,0.3141033333333371,0.7017827021244912,0.47619047619047616,0,270.26600000000303,0.7600800430081784,-1000000000.0,0.9896265560165975
B,6,10,spread<=1.25,189,94.23100000000113,0.3141033333333371,0.7017827021244912,0.47619047619047616,0,278.613000000003,0.7638777207500651,-1000000000.0,0.9979253112033195
B,6,10,body>=0.40,291,97.29700000000116,0.3243233333333372,0.6920795870637755,0.5189003436426117,1,274.54600000000187,0.7048038057671648,-1000000000.0,0.8464730290456431
B,6,10,body>=0.60,251,96.33699999999908,0.32112333333333026,0.7353582691441335,0.5378486055776892,1,369.2970000000014,0.637596185392499,-1000000000.0,0.6431535269709544
B,6,10,close>=0.70,255,95.55300000000034,0.3185100000000011,0.7087331585685529,0.5490196078431373,1,213.02900000000182,0.6870977868466462,-1000000000.0,0.6639004149377593
B,6,10,trend>=2,189,94.23100000000113,0.3141033333333371,0.7017827021244912,0.47619047619047616,0,99.49300000000176,0.7592052973721239,-1000000000.0,0.995850622406639
B,6,10,trend=3,223,92.0700000000013,0.30690000000000434,0.7464690996307289,0.5022421524663677,0,435.46900000000323,0.6492841345594187,-1000000000.0,0.8568464730290456
B,6,10,mom>=0,255,91.44000000000165,0.3048000000000055,0.7646713660333034,0.5058823529411764,0,277.4040000000032,0.750173457150335,-1000000000.0,0.983402489626556
B,6,10,mom>=0.15,250,96.17500000000177,0.32058333333333927,0.7506274827053279,0.508,0,277.96000000000276,0.7378086043936308,-1000000000.0,0.9626556016597511
B,6,10,emaAligned,189,94.23100000000113,0.3141033333333371,0.7017827021244912,0.47619047619047616,0,270.26600000000303,0.7600800430081784,-1000000000.0,1.0
B,6,10,prevRoom>=0,156,95.33099999999968,0.31776999999999894,0.7507210526453414,0.47435897435897434,0,189.58300000000145,0.604545130302452,-1000000000.0,0.6950207468879668
B,6,10,prevDist>=0.25,176,98.9910000000018,0.32997000000000604,0.6910007491571931,0.4659090909090909,0,271.86200000000304,0.7637054123225747,-1000000000.0,0.9336099585062241
B,6,10,prevDist>=0.50,233,93.14100000000144,0.3104700000000048,0.7030747405837028,0.5107296137339056,0,222.54600000000255,0.6465335310461358,-1000000000.0,0.8049792531120332
B,6,10,break>=0.05,305,230.80000000000177,0.7693333333333392,0.6471664278234738,0.5737704918032787,2,675.3490000000052,0.6700516424834345,-1000000000.0,0.6327800829875518
B,6,10,break>=0.10,228,180.14200000000096,0.6004733333333365,0.6462714874913438,0.5570175438596491,2,459.70000000000255,0.566682241431096,-1000000000.0,0.4730290456431535
B,6,10,break<=0.25,204,95.05500000000188,0.3168500000000063,0.7030403568951564,0.4950980392156863,0,97.71500000000196,0.7540313039625798,-1000000000.0,0.7842323651452282
B,6,10,asiaRatio>=0.80,151,99.15800000000263,0.33052666666667546,0.6694733333333246,0.48344370860927155,0,189.7060000000015,0.7159881951583749,-1000000000.0,0.6680497925311203
B,6,10,time<=12,180,96.12500000000091,0.3204166666666697,0.6957886708378006,0.4722222222222222,0,98.62900000000127,0.6898459119496816,-1000000000.0,0.7780082987551867
B,6,10,time<=13,222,91.68500000000063,0.30561666666666876,0.7098401486165288,0.4864864864864865,0,92.06700000000183,0.7530206131361751,-1000000000.0,0.8423236514522822
B,6,10,LONG,263,212.60800000000154,0.7086933333333385,0.5540551704655959,0.5665399239543726,3,321.8380000000011,0.5878809060771933,-1000000000.0,0.5456431535269709
B,6,10,SHORT,100,97.28500000000031,0.32428333333333437,0.6763779344206656,0.45,0,253.55600000000163,0.5747733333333304,-1000000000.0,0.45435684647302904
B,6,10,Thu-Fri,189,94.23100000000113,0.3141033333333371,0.7017827021244912,0.47619047619047616,0,270.26600000000303,0.7600800430081784,-1000000000.0,1.0
B,6,10,spread<=10%TP,189,94.23100000000113,0.3141033333333371,0.7017827021244912,0.47619047619047616,0,99.87700000000177,0.7705380158339921,-1000000000.0,0.9688796680497925
B,6,10,spread<=15%TP,189,94.23100000000113,0.3141033333333371,0.7017827021244912,0.47619047619047616,0,270.26600000000303,0.7600800430081784,-1000000000.0,0.9896265560165975
B,6,10,lowSpread+close,251,99.55300000000034,0.33184333333333443,0.6965402670243231,0.549800796812749,1,282.25600000000213,0.6854600203223464,-1000000000.0,0.6556016597510373
B,6,10,body+close,302,238.7720000000013,0.795906666666671,0.6597699064205449,0.5827814569536424,2,408.3250000000023,0.5962205743775786,-1000000000.0,0.6265560165975104
B,6,10,trend+mom,253,95.44000000000165,0.3181333333333388,0.7543770250898786,0.5059288537549407,0,277.3590000000029,0.7514533406262506,-1000000000.0,0.979253112033195
B,6,10,trend+close,253,95.55300000000034,0.3185100000000011,0.7087331585685529,0.5454545454545454,1,289.46300000000224,0.6620269663317131,-1000000000.0,0.6597510373443983
B,6,10,trend+lowSpread,189,94.23100000000113,0.3141033333333371,0.7017827021244912,0.47619047619047616,0,268.498000000003,0.7370167430648614,-1000000000.0,0.9854771784232366
B,6,10,break+trend,304,230.59400000000164,0.7686466666666721,0.6471664278234738,0.5723684210526315,2,654.818000000005,0.6696396626031533,-1000000000.0,0.6307053941908713
B,6,10,prevRoom+trend,146,99.33099999999968,0.33110333333333225,0.7402615401109229,0.4657534246575342,0,189.57700000000136,0.5816345056541118,-1000000000.0,0.6908713692946058
B,6,10,prevDist+trend,176,98.9910000000018,0.32997000000000604,0.6910007491571931,0.4659090909090909,0,90.30500000000188,0.7814422560299678,-1000000000.0,0.9315352697095436
B,6,10,early+trend,222,91.68500000000063,0.30561666666666876,0.7098401486165288,0.4864864864864865,0,92.06700000000183,0.7530206131361751,-1000000000.0,0.8423236514522822
B,6,10,lowSpread+body,290,91.29700000000116,0.3043233333333372,0.7110680705485419,0.5172413793103449,1,315.56400000000235,0.7166256706314857,-1000000000.0,0.8402489626556017
B,6,10,TPspread+close,251,99.55300000000034,0.33184333333333443,0.6965402670243231,0.549800796812749,1,282.25600000000213,0.6854600203223464,-1000000000.0,0.6556016597510373
B,6,12,ALL,174,119.26600000000212,0.3975533333333404,0.6160809131702727,0.4885057471264368,0,110.48200000000202,0.7149028189221779,-1000000000.0,1.0
B,6,12,spread<=0.5,174,119.26600000000212,0.3975533333333404,0.6160809131702727,0.4885057471264368,0,216.88100000000236,0.640125514806821,-1000000000.0,0.9522821576763485
B,6,12,spread<=0.75,174,119.26600000000212,0.3975533333333404,0.6160809131702727,0.4885057471264368,0,111.04600000000187,0.7134474251917255,-1000000000.0,0.9813278008298755
B,6,12,spread<=1.0,174,119.26600000000212,0.3975533333333404,0.6160809131702727,0.4885057471264368,0,223.07700000000273,0.6374882587917087,-1000000000.0,0.9896265560165975
B,6,12,spread<=1.25,174,119.26600000000212,0.3975533333333404,0.6160809131702727,0.4885057471264368,0,110.48200000000202,0.7149028189221779,-1000000000.0,0.9979253112033195
B,6,12,body>=0.40,163,115.74500000000171,0.38581666666667236,0.6274150662795209,0.4723926380368098,0,302.1700000000026,0.5982173842485636,-1000000000.0,0.8464730290456431
B,6,12,body>=0.60,310,254.53800000000138,0.8484600000000045,0.5547915524727564,0.5903225806451613,2,415.17600000000243,0.5091175124871283,-1000000000.0,0.6431535269709544
B,6,12,close>=0.70,320,242.90700000000197,0.8096900000000066,0.6048256259982605,0.596875,2,269.8100000000029,0.5687019625045252,-1000000000.0,0.6639004149377593
B,6,12,trend>=2,174,119.26600000000212,0.3975533333333404,0.6160809131702727,0.4885057471264368,0,110.48200000000202,0.6960805889019654,-1000000000.0,0.995850622406639
B,6,12,trend=3,159,117.8630000000012,0.39287666666667065,0.6205971917309895,0.48427672955974843,0,525.996000000004,0.507650113885186,-1000000000.0,0.8568464730290456
B,6,12,mom>=0,183,119.58600000000206,0.39862000000000686,0.6150508282526475,0.4918032786885246,0,222.04900000000248,0.6431730679906233,-1000000000.0,0.983402489626556
B,6,12,mom>=0.15,181,119.11700000000178,0.3970566666666726,0.6165605464600431,0.4972375690607735,0,306.47400000000243,0.6636156728357439,-1000000000.0,0.9626556016597511
B,6,12,emaAligned,174,119.26600000000212,0.3975533333333404,0.6160809131702727,0.4885057471264368,0,110.48200000000202,0.7149028189221779,-1000000000.0,1.0
B,6,12,prevRoom>=0,172,119.7480000000005,0.3991600000000017,0.7021105107615138,0.4883720930232558,1,217.38900000000217,0.47892812057460793,-1000000000.0,0.6950207468879668
B,6,12,prevDist>=0.25,164,112.0480000000025,0.37349333333334167,0.6393157660934593,0.4695121951219512,0,237.7270000000026,0.5900382944024065,-1000000000.0,0.9336099585062241
B,6,12,prevDist>=0.50,150,115.05000000000177,0.3835000000000059,0.616499999999994,0.4866666666666667,0,347.9390000000026,0.5246366127133237,-1000000000.0,0.8049792531120332
B,6,12,break>=0.05,305,239.71300000000133,0.7990433333333378,0.6575806321676274,0.5901639344262295,3,649.2930000000024,0.5939692094862636,-1000000000.0,0.6327800829875518
B,6,12,break>=0.10,101,118.88200000000097,0.3962733333333366,0.6272894289673486,0.45544554455445546,0,496.6810000000012,0.38624369988462526,-1000000000.0,0.4730290456431535
B,6,12,break<=0.25,271,115.35900000000288,0.3845300000000096,0.6595713914726776,0.5276752767527675,0,115.5950000000023,0.6760629294593656,-1000000000.0,0.7842323651452282
B,6,12,asiaRatio>=0.80,118,117.9600000000014,0.39320000000000466,0.6067999999999953,0.4576271186440678,0,220.38300000000118,0.597013056399637,-1000000000.0,0.6680497925311203
B,6,12,time<=12,155,119.87800000000175,0.3995933333333392,0.6141108757653153,0.47096774193548385,0,238.3570000000018,0.5528749999999951,-1000000000.0,0.7780082987551867
B,6,12,time<=13,164,114.66200000000094,0.3822066666666698,0.6309012599226118,0.4695121951219512,0,210.01100000000224,0.5870649182450985,-1000000000.0,0.8423236514522822
B,6,12,LONG,263,253.61100000000238,0.845370000000008,0.4957506028963785,0.5817490494296578,3,365.53000000000156,0.5180606386564514,-1000000000.0,0.5456431535269709
B,6,12,SHORT,96,116.95700000000124,0.3898566666666708,0.6127944010011409,0.4583333333333333,0,213.1510000000012,0.4909666666666658,-1000000000.0,0.45435684647302904
B,6,12,Thu-Fri,174,119.26600000000212,0.3975533333333404,0.6160809131702727,0.4885057471264368,0,110.48200000000202,0.7149028189221779,-1000000000.0,1.0
B,6,12,spread<=10%TP,174,119.26600000000212,0.3975533333333404,0.6160809131702727,0.4885057471264368,0,113.7440000000015,0.7064852757506596,-1000000000.0,0.9688796680497925
B,6,12,spread<=15%TP,174,119.26600000000212,0.3975533333333404,0.6160809131702727,0.4885057471264368,0,223.07700000000273,0.6374882587917087,-1000000000.0,0.9896265560165975
B,6,12,lowSpread+close,233,119.68600000000129,0.3989533333333376,0.6236904657100057,0.5493562231759657,1,269.8100000000029,0.5687019625045252,-1000000000.0,0.6556016597510373
B,6,12,body+close,302,280.4140000000027,0.9347133333333424,0.5349834737765522,0.5993377483443708,2,326.0600000000027,0.5067992317028824,-1000000000.0,0.6265560165975104
B,6,12,trend+mom,183,119.58600000000206,0.39862000000000686,0.6150508282526475,0.4918032786885246,0,222.04900000000248,0.6196152111002253,-1000000000.0,0.979253112033195
B,6,12,trend+close,235,113.68600000000129,0.37895333333333764,0.642555305421751,0.548936170212766,1,308.0580000000025,0.5440451492307347,-1000000000.0,0.6597510373443983
B,6,12,trend+lowSpread,174,119.26600000000212,0.3975533333333404,0.6160809131702727,0.4885057471264368,0,115.2110000000016,0.6830718191921262,-1000000000.0,0.9854771784232366
B,6,12,break+trend,304,229.63900000000126,0.7654633333333375,0.6575806321676274,0.5888157894736842,3,571.8160000000021,0.5913353561593452,-1000000000.0,0.6307053941908713
B,6,12,prevRoom+trend,146,117.23100000000045,0.3907700000000015,0.7083718916982582,0.4657534246575342,1,219.79800000000182,0.5213568482799218,-1000000000.0,0.6908713692946058
B,6,12,prevDist+trend,164,112.0480000000025,0.37349333333334167,0.6393157660934593,0.4695121951219512,0,237.7270000000026,0.5629724584896684,-1000000000.0,0.9315352697095436
B,6,12,early+trend,164,114.66200000000094,0.3822066666666698,0.6309012599226118,0.4695121951219512,0,210.01100000000224,0.5870649182450985,-1000000000.0,0.8423236514522822
B,6,12,lowSpread+body,163,115.74500000000171,0.38581666666667236,0.6274150662795209,0.4723926380368098,0,302.1700000000026,0.5868254745720153,-1000000000.0,0.8402489626556017
B,6,12,TPspread+close,233,119.68600000000129,0.3989533333333376,0.6236904657100057,0.5493562231759657,1,269.8100000000029,0.5687019625045252,-1000000000.0,0.6556016597510373
B,6,15,ALL,189,139.96700000000033,0.46655666666666773,0.5656840537437554,0.47619047619047616,0,306.8470000000027,0.5864866483055875,-1000000000.0,1.0
B,6,15,spread<=0.5,189,139.96700000000033,0.46655666666666773,0.5656840537437554,0.47619047619047616,0,145.8820000000012,0.6029816788408543,-1000000000.0,0.9522821576763485
B,6,15,spread<=0.75,189,139.96700000000033,0.46655666666666773,0.5656840537437554,0.47619047619047616,0,146.84400000000142,0.6003635928195825,-1000000000.0,0.9813278008298755
B,6,15,spread<=1.0,189,139.96700000000033,0.46655666666666773,0.5656840537437554,0.47619047619047616,0,145.1480000000015,0.6049792621460647,-1000000000.0,0.9896265560165975
B,6,15,spread<=1.25,189,139.96700000000033,0.46655666666666773,0.5656840537437554,0.47619047619047616,0,147.35400000000163,0.5989756262178684,-1000000000.0,0.9979253112033195
B,6,15,body>=0.40,291,145.80100000000107,0.4860033333333369,0.5306643403915576,0.5429553264604811,0,363.1090000000024,0.539161828661794,-1000000000.0,0.8464730290456431
B,6,15,close>=0.70,320,283.74600000000123,0.9458200000000041,0.45637544600312735,0.6125,2,318.79100000000244,0.4650750775424655,-1000000000.0,0.6639004149377593
B,6,15,trend>=2,189,139.96700000000033,0.46655666666666773,0.5656840537437554,0.47619047619047616,0,146.86700000000133,0.5729592519146969,-1000000000.0,0.995850622406639
B,6,15,trend=3,193,149.19100000000049,0.49730333333333493,0.5594602176256066,0.5025906735751295,0,519.4310000000032,0.36241323657897206,-1000000000.0,0.8568464730290456
B,6,15,mom>=0,221,148.60200000000054,0.49534000000000183,0.561783041290923,0.5113122171945701,0,145.9450000000013,0.6028102241429953,-1000000000.0,0.983402489626556
B,6,15,mom>=0.15,232,146.66900000000032,0.48889666666666776,0.5789934467545215,0.521551724137931,0,143.22900000000095,0.6102018266729056,-1000000000.0,0.9626556016597511
B,6,15,emaAligned,189,139.96700000000033,0.46655666666666773,0.5656840537437554,0.47619047619047616,0,306.8470000000027,0.5864866483055875,-1000000000.0,1.0
B,6,15,prevRoom>=0,147,145.91799999999944,0.48639333333333146,0.5605739840091563,0.47619047619047616,0,282.2290000000023,0.40457319172968376,-1000000000.0,0.6950207468879668
B,6,15,prevDist>=0.25,164,138.746000000001,0.46248666666667,0.5533744938098302,0.4695121951219512,0,330.7960000000023,0.5269592101109243,-1000000000.0,0.9336099585062241
B,6,15,prevDist>=0.50,180,145.3070000000007,0.484356666666669,0.5293776619002111,0.5111111111111111,0,355.12300000000164,0.41570296573147886,-1000000000.0,0.8049792531120332
B,6,15,break>=0.05,126,146.8809999999994,0.48960333333333134,0.5793641247694681,0.47619047619047616,0,582.1540000000018,0.48556376069897866,-1000000000.0,0.6327800829875518
B,6,15,break>=0.10,99,142.15899999999942,0.4738633333333314,0.5451785257230629,0.46464646464646464,0,441.0670000000007,0.3224237956407585,-1000000000.0,0.4730290456431535
B,6,15,break<=0.25,223,145.67000000000166,0.4855666666666722,0.5351887069394581,0.5201793721973094,0,141.8710000000017,0.5932177633012538,-1000000000.0,0.7842323651452282
B,6,15,asiaRatio>=0.80,139,137.60000000000105,0.45866666666667016,0.5413333333333299,0.48201438848920863,0,257.8980000000013,0.5125082089469145,-1000000000.0,0.6680497925311203
B,6,15,time<=12,171,148.59600000000023,0.49532000000000076,0.5216671924391759,0.47953216374269003,0,280.18400000000156,0.45883184218315576,-1000000000.0,0.7780082987551867
B,6,15,time<=13,182,145.72299999999996,0.4857433333333332,0.5309154235902324,0.47802197802197804,0,266.5470000000021,0.506504382429977,-1000000000.0,0.8423236514522822
B,6,15,LONG,263,277.3600000000015,0.9245333333333383,0.3712325449481493,0.5893536121673004,2,409.90500000000134,0.4331374125329126,-1000000000.0,0.5456431535269709
B,6,15,SHORT,98,146.37199999999984,0.48790666666666616,0.5120933333333338,0.45918367346938777,0,270.83800000000133,0.4361466666666646,-1000000000.0,0.45435684647302904
B,6,15,Thu-Fri,189,139.96700000000033,0.46655666666666773,0.5656840537437554,0.47619047619047616,0,306.8470000000027,0.5864866483055875,-1000000000.0,1.0
B,6,15,spread<=10%TP,189,139.96700000000033,0.46655666666666773,0.5656840537437554,0.47619047619047616,0,147.63800000000128,0.5982027193259348,-1000000000.0,0.9688796680497925
B,6,15,spread<=15%TP,189,139.96700000000033,0.46655666666666773,0.5656840537437554,0.47619047619047616,0,145.1480000000015,0.6049792621460647,-1000000000.0,0.9896265560165975
B,6,15,lowSpread+close,316,280.74600000000123,0.9358200000000041,0.4661330349679447,0.6107594936708861,2,333.6880000000026,0.4700254709035974,-1000000000.0,0.6556016597510373
B,6,15,body+close,302,296.39900000000125,0.9879966666666709,0.3551184215334813,0.6158940397350994,2,407.05100000000266,0.4052894098549398,-1000000000.0,0.6265560165975104
B,6,15,trend+mom,220,142.60200000000054,0.4753400000000018,0.5794766238285366,0.509090909090909,0,143.87000000000126,0.5816735384597457,-1000000000.0,0.979253112033195
B,6,15,trend+close,318,271.74600000000123,0.9058200000000041,0.4954058018623969,0.610062893081761,2,318.79100000000244,0.47953502896646455,-1000000000.0,0.6597510373443983
B,6,15,trend+lowSpread,189,139.96700000000033,0.46655666666666773,0.5656840537437554,0.47619047619047616,0,149.07300000000146,0.5665449322222117,-1000000000.0,0.9854771784232366
B,6,15,break+trend,126,146.8809999999994,0.48960333333333134,0.5793641247694681,0.47619047619047616,0,543.6930000000018,0.4745049474340637,-1000000000.0,0.6307053941908713
B,6,15,break+close,202,296.95000000000005,0.9898333333333335,0.40970035201684707,0.6287128712871287,2,484.88600000000156,0.3569502535582412,-1000000000.0,0.4190871369294606
B,6,15,prevRoom+trend,146,139.91799999999944,0.46639333333333144,0.5786427356089937,0.4726027397260274,0,283.299000000002,0.39544048476630217,-1000000000.0,0.6908713692946058
B,6,15,prevDist+trend,164,138.746000000001,0.46248666666667,0.5533744938098302,0.4695121951219512,0,381.0570000000025,0.4744648433638207,-1000000000.0,0.9315352697095436
B,6,15,early+trend,182,145.72299999999996,0.4857433333333332,0.5309154235902324,0.47802197802197804,0,266.5470000000021,0.506504382429977,-1000000000.0,0.8423236514522822
B,6,15,lowSpread+body,288,148.80100000000107,0.4960033333333369,0.5210072942888195,0.5416666666666666,1,363.40200000000254,0.5224429897350753,-1000000000.0,0.8402489626556017
B,6,15,TPspread+close,316,280.74600000000123,0.9358200000000041,0.4661330349679447,0.6107594936708861,2,333.6880000000026,0.4700254709035974,-1000000000.0,0.6556016597510373
B,6,20,ALL,174,198.9500000000005,0.6631666666666683,0.3732338236359682,0.4885057471264368,0,453.23000000000206,0.29805004481263325,-1000000000.0,1.0
B,6,20,spread<=0.5,174,198.9500000000005,0.6631666666666683,0.3732338236359682,0.4885057471264368,0,387.68000000000166,0.30617861497499044,-1000000000.0,0.9522821576763485
B,6,20,spread<=0.75,174,198.9500000000005,0.6631666666666683,0.3732338236359682,0.4885057471264368,0,390.00700000000165,0.2909324755300225,-1000000000.0,0.9813278008298755
B,6,20,spread<=1.0,174,198.9500000000005,0.6631666666666683,0.3732338236359682,0.4885057471264368,0,423.81800000000203,0.2778368374378267,-1000000000.0,0.9896265560165975
B,6,20,spread<=1.25,174,198.9500000000005,0.6631666666666683,0.3732338236359682,0.4885057471264368,0,422.8940000000018,0.3069730309607549,-1000000000.0,0.9979253112033195
B,6,20,body>=0.40,162,189.61599999999999,0.6320533333333332,0.41435873677708346,0.47530864197530864,0,499.4750000000013,0.26955268345928124,-1000000000.0,0.8464730290456431
B,6,20,trend>=2,174,198.9500000000005,0.6631666666666683,0.3732338236359682,0.4885057471264368,0,423.6980000000019,0.2703892462404601,-1000000000.0,0.995850622406639
B,6,20,trend=3,160,195.91799999999967,0.6530599999999989,0.41608523954996096,0.48125,1,644.8810000000021,0.26430227457860767,-1000000000.0,0.8568464730290456
B,6,20,mom>=0,184,185.29199999999946,0.6176399999999982,0.446684743009355,0.4891304347826087,0,501.5150000000019,0.3044401827053919,-1000000000.0,0.983402489626556
B,6,20,mom>=0.15,216,198.86599999999976,0.6628866666666658,0.41910985053177185,0.5231481481481481,1,424.53400000000147,0.3085948279260447,-1000000000.0,0.9626556016597511
B,6,20,emaAligned,174,198.9500000000005,0.6631666666666683,0.3732338236359682,0.4885057471264368,0,453.23000000000206,0.29805004481263325,-1000000000.0,1.0
B,6,20,prevRoom>=0,139,197.10699999999906,0.6570233333333302,0.4360734251529238,0.4748201438848921,1,372.06000000000154,0.2413003628176548,-1000000000.0,0.6950207468879668
B,6,20,prevDist>=0.25,161,189.7310000000009,0.6324366666666696,0.4048532451685544,0.4782608695652174,0,531.6020000000017,0.28855432561727096,-1000000000.0,0.9336099585062241
B,6,20,prevDist>=0.50,149,197.539,0.6584633333333333,0.36179953154026495,0.4899328859060403,0,527.622000000001,0.2873107043208641,-1000000000.0,0.8049792531120332
B,6,20,break>=0.05,119,199.3399999999997,0.6644666666666657,0.41072484332505743,0.4789915966386555,1,603.0530000000003,0.2980657358929604,-1000000000.0,0.6327800829875518
B,6,20,break>=0.10,92,194.13099999999986,0.6471033333333328,0.37407988960287436,0.4782608695652174,0,420.37600000000066,0.19202347605708878,-1000000000.0,0.4730290456431535
B,6,20,asiaRatio>=0.80,109,190.7720000000013,0.635906666666671,0.364093333333329,0.46788990825688076,0,387.7300000000005,0.21179411071036225,-1000000000.0,0.6680497925311203
B,6,20,time<=12,145,190.92100000000005,0.6364033333333335,0.3746999118977357,0.47586206896551725,0,383.8150000000012,0.2123588785507731,-1000000000.0,0.7780082987551867
B,6,20,time<=13,151,195.68499999999972,0.6522833333333324,0.35909696816855463,0.4768211920529801,0,366.3410000000017,0.22849240348371827,-1000000000.0,0.8423236514522822
B,6,20,SHORT,87,193.51300000000015,0.6450433333333339,0.3571573314021657,0.4827586206896552,0,373.23400000000106,0.22431333333333214,-1000000000.0,0.45435684647302904
B,6,20,Thu-Fri,174,198.9500000000005,0.6631666666666683,0.3732338236359682,0.4885057471264368,0,453.23000000000206,0.29805004481263325,-1000000000.0,1.0
B,6,20,spread<=10%TP,174,198.9500000000005,0.6631666666666683,0.3732338236359682,0.4885057471264368,0,382.2120000000016,0.3494841613008055,-1000000000.0,0.9688796680497925
B,6,20,spread<=15%TP,174,198.9500000000005,0.6631666666666683,0.3732338236359682,0.4885057471264368,0,423.81800000000203,0.2778368374378267,-1000000000.0,0.9896265560165975
B,6,20,trend+mom,184,185.29199999999946,0.6176399999999982,0.446684743009355,0.4891304347826087,0,515.5150000000019,0.27528705228412237,-1000000000.0,0.979253112033195
B,6,20,trend+close,234,196.67000000000007,0.655566666666667,0.38814430423853236,0.5769230769230769,2,358.05000000000155,0.29966105233088175,-1000000000.0,0.6597510373443983
B,6,20,trend+lowSpread,174,198.9500000000005,0.6631666666666683,0.3732338236359682,0.4885057471264368,0,386.7450000000015,0.2825050826383794,-1000000000.0,0.9854771784232366
B,6,20,break+trend,119,199.3399999999997,0.6644666666666657,0.41072484332505743,0.4789915966386555,1,602.4720000000004,0.2831090462458606,-1000000000.0,0.6307053941908713
B,6,20,prevRoom+trend,139,197.10699999999906,0.6570233333333302,0.4360734251529238,0.4748201438848921,1,375.2450000000015,0.24887229252143542,-1000000000.0,0.6908713692946058
B,6,20,prevDist+trend,161,189.7310000000009,0.6324366666666696,0.4048532451685544,0.4782608695652174,0,490.85600000000136,0.32218674923494633,-1000000000.0,0.9315352697095436
B,6,20,early+trend,151,195.68499999999972,0.6522833333333324,0.35909696816855463,0.4768211920529801,0,366.3410000000017,0.22849240348371827,-1000000000.0,0.8423236514522822
B,6,20,lowSpread+body,162,189.61599999999999,0.6320533333333332,0.41435873677708346,0.47530864197530864,0,478.78400000000124,0.30511650626915154,-1000000000.0,0.8402489626556017
B,6,25,ALL,146,249.35200000000054,0.8311733333333351,0.21444885846331235,0.4931506849315068,0,468.24700000000166,0.24504954585263494,-1000000000.0,1.0
B,6,25,spread<=0.5,146,249.35200000000054,0.8311733333333351,0.21444885846331235,0.4931506849315068,0,443.58400000000165,0.22519642409707513,-1000000000.0,0.9522821576763485
B,6,25,spread<=0.75,146,249.35200000000054,0.8311733333333351,0.21444885846331235,0.4931506849315068,0,449.40600000000154,0.2804146538950921,-1000000000.0,0.9813278008298755
B,6,25,spread<=1.0,146,249.35200000000054,0.8311733333333351,0.21444885846331235,0.4931506849315068,0,460.16100000000165,0.26731901580289635,-1000000000.0,0.9896265560165975
B,6,25,spread<=1.25,146,249.35200000000054,0.8311733333333351,0.21444885846331235,0.4931506849315068,0,462.24700000000166,0.2615740103222822,-1000000000.0,0.9979253112033195
B,6,25,body>=0.40,148,239.56100000000038,0.7985366666666679,0.2601003783491618,0.49324324324324326,0,475.06200000000104,0.2197736760336435,-1000000000.0,0.8464730290456431
B,6,25,body>=0.60,126,237.1979999999994,0.790659999999998,0.300344226463849,0.49206349206349204,0,458.324000000001,0.16709824555906436,-1000000000.0,0.6431535269709544
B,6,25,close>=0.70,110,249.10699999999974,0.8303566666666659,0.22500871101819442,0.509090909090909,1,369.05900000000156,0.24339352674166148,-1000000000.0,0.6639004149377593
B,6,25,trend>=2,146,249.35200000000054,0.8311733333333351,0.21444885846331235,0.4931506849315068,0,456.24700000000166,0.2491668953620576,-1000000000.0,0.995850622406639
B,6,25,trend=3,147,242.87000000000035,0.8095666666666678,0.2761493182326207,0.4965986394557823,1,591.0670000000016,0.25342496966658895,-1000000000.0,0.8568464730290456
B,6,25,mom>=0,168,249.11400000000003,0.8303800000000001,0.2561007656565424,0.5,0,491.04400000000146,0.24504954585263494,-1000000000.0,0.983402489626556
B,6,25,mom>=0.15,168,245.50800000000004,0.8183600000000001,0.28286796729634045,0.5059523809523809,1,472.0830000000012,0.24162071947518343,-1000000000.0,0.9626556016597511
B,6,25,emaAligned,146,249.35200000000054,0.8311733333333351,0.21444885846331235,0.4931506849315068,0,468.24700000000166,0.24504954585263494,-1000000000.0,1.0
B,6,25,prevRoom>=0,127,247.08199999999943,0.8236066666666647,0.29309407597718184,0.49606299212598426,1,380.63600000000156,0.2212779100700421,-1000000000.0,0.6950207468879668
B,6,25,prevDist>=0.25,141,238.9280000000008,0.7964266666666693,0.2505324705063094,0.48226950354609927,0,482.7520000000013,0.24504954585263494,-1000000000.0,0.9336099585062241
B,6,25,prevDist>=0.50,122,241.32000000000062,0.8044000000000021,0.22035376787012353,0.4918032786885246,0,452.0440000000008,0.26682009011728924,-1000000000.0,0.8049792531120332
B,6,25,break>=0.05,109,249.76800000000003,0.8325600000000001,0.26165306846399466,0.4954128440366973,1,605.3520000000008,0.1308480010469152,-1000000000.0,0.6327800829875518
B,6,25,break>=0.10,40,249.94800000000055,0.8331600000000018,0.18392320752252656,0.45,0,436.6940000000002,0.1017595085510596,-1000000000.0,0.4730290456431535
B,6,25,break<=0.25,175,247.3220000000008,0.8244066666666693,0.23746068940001128,0.5142857142857142,1,378.44200000000205,0.22008664187307306,-1000000000.0,0.7842323651452282
B,6,25,asiaRatio>=0.80,39,246.20500000000106,0.8206833333333369,0.17931666666666313,0.4358974358974359,0,369.0750000000005,0.21840072249929587,-1000000000.0,0.6680497925311203
B,6,25,time<=12,61,245.00200000000086,0.8166733333333362,0.19757505887130564,0.4262295081967213,0,246.5999999999999,0.23974769242152408,-1000000000.0,0.7780082987551867
B,6,25,time<=13,64,244.11400000000094,0.8137133333333365,0.2004834161407247,0.421875,0,427.8380000000018,0.20105900983803032,-1000000000.0,0.8423236514522822
B,6,25,SHORT,67,244.7030000000002,0.8156766666666674,0.1871061399807979,0.5074626865671642,0,243.39300000000026,0.18868999999999914,-1000000000.0,0.45435684647302904
B,6,25,Thu-Fri,146,249.35200000000054,0.8311733333333351,0.21444885846331235,0.4931506849315068,0,468.24700000000166,0.24504954585263494,-1000000000.0,1.0
B,6,25,spread<=10%TP,146,249.35200000000054,0.8311733333333351,0.21444885846331235,0.4931506849315068,0,249.3720000000003,0.3132102077125179,-1000000000.0,0.9688796680497925
B,6,25,spread<=15%TP,146,249.35200000000054,0.8311733333333351,0.21444885846331235,0.4931506849315068,0,460.16100000000165,0.26731901580289635,-1000000000.0,0.9896265560165975
B,6,25,lowSpread+close,110,249.10699999999974,0.8303566666666659,0.22500871101819442,0.509090909090909,1,366.97300000000155,0.2446525191309132,-1000000000.0,0.6556016597510373
B,6,25,body+close,105,246.75800000000004,0.8225266666666667,0.22288042981900907,0.5047619047619047,0,431.72100000000114,0.22395258270210114,-1000000000.0,0.6265560165975104
B,6,25,trend+mom,168,249.11400000000003,0.8303800000000001,0.2561007656565424,0.5,0,479.04400000000146,0.2491668953620576,-1000000000.0,0.979253112033195
B,6,25,trend+close,110,249.10699999999974,0.8303566666666659,0.22500871101819442,0.509090909090909,1,357.05900000000156,0.2508185885702661,-1000000000.0,0.6597510373443983
B,6,25,trend+lowSpread,146,249.35200000000054,0.8311733333333351,0.21444885846331235,0.4931506849315068,0,448.16100000000165,0.2718105394037493,-1000000000.0,0.9854771784232366
B,6,25,break+trend,109,249.76800000000003,0.8325600000000001,0.26165306846399466,0.4954128440366973,1,582.1100000000008,0.13601937157996083,-1000000000.0,0.6307053941908713
B,6,25,break+close,75,249.97599999999966,0.8332533333333322,0.25492837683975966,0.52,1,466.1140000000005,0.11933459919095184,-1000000000.0,0.4190871369294606
B,6,25,prevRoom+trend,127,247.08199999999943,0.8236066666666647,0.29309407597718184,0.49606299212598426,1,368.63600000000156,0.2280957613975979,-1000000000.0,0.6908713692946058
B,6,25,prevDist+trend,141,238.9280000000008,0.7964266666666693,0.2505324705063094,0.48226950354609927,0,476.7520000000013,0.2491668953620576,-1000000000.0,0.9315352697095436
B,6,25,early+trend,64,244.11400000000094,0.8137133333333365,0.2004834161407247,0.421875,0,427.8380000000018,0.20105900983803032,-1000000000.0,0.8423236514522822
B,6,25,lowSpread+body,148,239.56100000000038,0.7985366666666679,0.2601003783491618,0.49324324324324326,0,478.976000000001,0.21801543631294495,-1000000000.0,0.8402489626556017
B,6,25,TPspread+close,110,249.10699999999974,0.8303566666666659,0.22500871101819442,0.509090909090909,1,366.97300000000155,0.2446525191309132,-1000000000.0,0.6556016597510373
B,6,30,ALL,7,296.7260000000001,0.989086666666667,0.028169798281841716,0.2857142857142857,0,278.9640000000004,0.23171154894821713,-1000000000.0,1.0
B,6,30,spread<=0.5,7,296.7260000000001,0.989086666666667,0.028169798281841716,0.2857142857142857,0,294.29700000000025,0.18948327999603384,-1000000000.0,0.9522821576763485
B,6,30,spread<=0.75,7,296.7260000000001,0.989086666666667,0.028169798281841716,0.2857142857142857,0,297.0400000000002,0.1819288456559936,-1000000000.0,0.9813278008298755
B,6,30,spread<=1.0,7,296.7260000000001,0.989086666666667,0.028169798281841716,0.2857142857142857,0,295.7950000000003,0.1853576720334451,-1000000000.0,0.9896265560165975
B,6,30,spread<=1.25,7,296.7260000000001,0.989086666666667,0.028169798281841716,0.2857142857142857,0,295.06200000000035,0.18737641077615352,-1000000000.0,0.9979253112033195
B,6,30,body>=0.40,7,297.16599999999994,0.9905533333333332,0.026728720355553418,0.2857142857142857,0,475.60800000000086,0.2250160528318897,-1000000000.0,0.8464730290456431
B,6,30,body>=0.60,1,298.55899999999997,0.9951966666666666,0.004803333333333436,0.0,0,456.2450000000008,0.16502666688281195,-1000000000.0,0.6431535269709544
B,6,30,close>=0.70,1,298.55899999999997,0.9951966666666666,0.004803333333333436,0.0,0,292.29700000000025,0.2101532691289166,-1000000000.0,0.6639004149377593
B,6,30,close>=0.85,3,297.88300000000004,0.9929433333333335,0.010200928384166088,0.3333333333333333,0,288.595,0.15157047437616128,-1000000000.0,0.44190871369294604
B,6,30,trend>=2,7,296.7260000000001,0.989086666666667,0.028169798281841716,0.2857142857142857,0,295.49199999999996,0.061381886562309626,-1000000000.0,0.995850622406639
B,6,30,trend=3,7,296.7260000000001,0.989086666666667,0.028169798281841716,0.2857142857142857,0,295.49199999999996,0.061381886562309626,-1000000000.0,0.8568464730290456
B,6,30,mom>=0,7,296.7260000000001,0.989086666666667,0.028169798281841716,0.2857142857142857,0,278.9640000000004,0.23171154894821713,-1000000000.0,0.983402489626556
B,6,30,mom>=0.15,7,296.7260000000001,0.989086666666667,0.028169798281841716,0.2857142857142857,0,280.2090000000003,0.22828272257076562,-1000000000.0,0.9626556016597511
B,6,30,emaAligned,7,296.7260000000001,0.989086666666667,0.028169798281841716,0.2857142857142857,0,278.9640000000004,0.23171154894821713,-1000000000.0,1.0
B,6,30,prevRoom>=0,5,298.0229999999999,0.9934099999999997,0.02392189357639543,0.4,0,289.49199999999996,0.06257447800632113,-1000000000.0,0.6950207468879668
B,6,30,prevDist>=0.25,7,296.7260000000001,0.989086666666667,0.028169798281841716,0.2857142857142857,0,278.9640000000004,0.23171154894821713,-1000000000.0,0.9336099585062241
B,6,30,prevDist>=0.50,1,298.55899999999997,0.9951966666666666,0.004803333333333436,0.0,0,295.49199999999996,0.061381886562309626,-1000000000.0,0.8049792531120332
B,6,30,break>=0.05,6,297.47900000000004,0.9915966666666668,0.028735144312393664,0.3333333333333333,0,295.49199999999996,0.061381886562309626,-1000000000.0,0.6327800829875518
B,6,30,break>=0.10,6,297.47900000000004,0.9915966666666668,0.028735144312393664,0.3333333333333333,0,297.3399999999999,0.02830065359477151,-1000000000.0,0.4730290456431535
B,6,30,break<=0.25,8,294.4580000000001,0.981526666666667,0.039908965823057224,0.375,0,286.38500000000045,0.17648192133610088,-1000000000.0,0.7842323651452282
B,6,30,asiaRatio>=0.80,1,297.15599999999995,0.9905199999999998,0.00948000000000017,0.0,0,296.80500000000006,0.14633199302811176,-1000000000.0,0.6680497925311203
B,6,30,time<=12,5,298.6170000000002,0.9953900000000007,0.02197643837590455,0.2,0,297.3399999999999,0.02830065359477151,-1000000000.0,0.7780082987551867
B,6,30,time<=13,5,299.7450000000001,0.9991500000000004,0.01828203860123697,0.2,0,289.49199999999996,0.06257447800632113,-1000000000.0,0.8423236514522822
B,6,30,LONG,6,298.16700000000014,0.9938900000000005,0.026488833746897707,0.3333333333333333,0,402.3550000000005,0.2051911163348755,-1000000000.0,0.5456431535269709
B,6,30,SHORT,1,298.55899999999997,0.9951966666666666,0.004803333333333436,0.0,0,291.3399999999999,0.02886666666666694,-1000000000.0,0.45435684647302904
B,6,30,Thu-Fri,7,296.7260000000001,0.989086666666667,0.028169798281841716,0.2857142857142857,0,278.9640000000004,0.23171154894821713,-1000000000.0,1.0
B,6,30,spread<=10%TP,7,296.7260000000001,0.989086666666667,0.028169798281841716,0.2857142857142857,0,291.0400000000002,0.19845331012564088,-1000000000.0,0.9688796680497925
B,6,30,spread<=15%TP,7,296.7260000000001,0.989086666666667,0.028169798281841716,0.2857142857142857,0,295.7950000000003,0.1853576720334451,-1000000000.0,0.9896265560165975
B,6,30,lowSpread+close,1,298.55899999999997,0.9951966666666666,0.004803333333333436,0.0,0,290.21100000000024,0.2157900710139756,-1000000000.0,0.6556016597510373
B,6,30,body+close,1,298.55899999999997,0.9951966666666666,0.004803333333333436,0.0,0,432.26700000000096,0.22954193748065624,-1000000000.0,0.6265560165975104
B,6,30,trend+mom,7,296.7260000000001,0.989086666666667,0.028169798281841716,0.2857142857142857,0,295.49199999999996,0.061381886562309626,-1000000000.0,0.979253112033195
B,6,30,trend+close,1,298.55899999999997,0.9951966666666666,0.004803333333333436,0.0,0,297.9340000000004,0.18165287803377322,-1000000000.0,0.6597510373443983
B,6,30,trend+lowSpread,7,296.7260000000001,0.989086666666667,0.028169798281841716,0.2857142857142857,0,295.49199999999996,0.061381886562309626,-1000000000.0,0.9854771784232366
B,6,30,break+trend,6,297.47900000000004,0.9915966666666668,0.028735144312393664,0.3333333333333333,0,295.49199999999996,0.061381886562309626,-1000000000.0,0.6307053941908713
B,6,30,break+close,4,297.1550000000002,0.9905166666666674,0.014600839639472396,0.5,0,469.7570000000005,0.11957508312442118,-1000000000.0,0.4190871369294606
B,6,30,prevRoom+trend,5,298.0229999999999,0.9934099999999997,0.02392189357639543,0.4,0,294.15599999999995,0.028598224664482988,-1000000000.0,0.6908713692946058
B,6,30,prevDist+trend,7,296.7260000000001,0.989086666666667,0.028169798281841716,0.2857142857142857,0,295.49199999999996,0.061381886562309626,-1000000000.0,0.9315352697095436
B,6,30,early+trend,5,299.7450000000001,0.9991500000000004,0.01828203860123697,0.2,0,289.49199999999996,0.06257447800632113,-1000000000.0,0.8423236514522822
B,6,30,lowSpread+body,7,297.16599999999994,0.9905533333333332,0.026728720355553418,0.2857142857142857,0,479.52200000000084,0.22315893352676733,-1000000000.0,0.8402489626556017
B,6,30,TPspread+close,1,298.55899999999997,0.9951966666666666,0.004803333333333436,0.0,0,290.21100000000024,0.2157900710139756,-1000000000.0,0.6556016597510373
B,8,8,ALL,190,72.01500000000078,0.2400500000000026,0.7720907269740878,0.4421052631578947,0,72.45100000000207,0.8117808738754368,-1000000000.0,1.0
B,8,8,spread<=0.5,190,72.01500000000078,0.2400500000000026,0.7720907269740878,0.4421052631578947,0,142.12500000000296,0.7739297376918806,-1000000000.0,0.9522821576763485
B,8,8,spread<=0.75,190,72.01500000000078,0.2400500000000026,0.7720907269740878,0.4421052631578947,0,79.68800000000192,0.7929800041046484,-1000000000.0,0.9813278008298755
B,8,8,spread<=1.0,190,72.01500000000078,0.2400500000000026,0.7720907269740878,0.4421052631578947,0,72.45100000000207,0.8117808738754368,-1000000000.0,0.9896265560165975
B,8,8,spread<=1.25,190,72.01500000000078,0.2400500000000026,0.7720907269740878,0.4421052631578947,0,79.68800000000192,0.7929800041046484,-1000000000.0,0.9979253112033195
B,8,8,body>=0.40,243,78.51900000000046,0.2617300000000015,0.7515072108766019,0.45267489711934156,1,191.0570000000032,0.6838359132541016,-1000000000.0,0.8464730290456431
B,8,8,body>=0.60,251,78.87099999999964,0.26290333333333216,0.8122271054247997,0.47808764940239046,1,131.21000000000186,0.7129040432147697,-1000000000.0,0.6431535269709544
B,8,8,close>=0.70,320,137.2770000000014,0.4575900000000047,0.7173742364182967,0.503125,2,155.95700000000238,0.7324794534709386,-1000000000.0,0.6639004149377593
B,8,8,trend>=2,190,72.01500000000078,0.2400500000000026,0.7720907269740878,0.4421052631578947,0,72.40400000000113,0.8029206418334957,-1000000000.0,0.995850622406639
B,8,8,trend=3,187,75.52300000000128,0.2517433333333376,0.7609887936299927,0.44385026737967914,0,294.7190000000039,0.7044976508647789,-1000000000.0,0.8568464730290456
B,8,8,mom>=0,214,79.15100000000098,0.26383666666666994,0.7495070906162048,0.45794392523364486,0,72.45100000000207,0.8117808738754368,-1000000000.0,0.983402489626556
B,8,8,mom>=0.15,249,73.26200000000154,0.2442066666666718,0.7681442871565014,0.46184738955823296,0,135.19300000000248,0.7919382535480526,-1000000000.0,0.9626556016597511
B,8,8,emaAligned,190,72.01500000000078,0.2400500000000026,0.7720907269740878,0.4421052631578947,0,72.45100000000207,0.8117808738754368,-1000000000.0,1.0
B,8,8,prevRoom>=0,147,78.76899999999978,0.2625633333333326,0.7653862077387497,0.43537414965986393,0,219.97000000000457,0.5635734998884628,-1000000000.0,0.6950207468879668
B,8,8,prevDist>=0.25,175,74.45900000000097,0.2481966666666699,0.7643560847012922,0.4342857142857143,0,131.05300000000216,0.7612027153059355,-1000000000.0,0.9336099585062241
B,8,8,prevDist>=0.50,209,79.89600000000064,0.2663200000000021,0.7336799999999979,0.45454545454545453,0,141.15900000000124,0.7414608077367132,-1000000000.0,0.8049792531120332
B,8,8,break>=0.05,305,96.04900000000112,0.3201633333333371,0.7743013059948584,0.4819672131147541,2,162.10300000000257,0.7506959770957978,-1000000000.0,0.6327800829875518
B,8,8,break>=0.10,201,75.10700000000065,0.25035666666666884,0.7669380814368413,0.4577114427860697,2,109.05100000000198,0.810446410563494,-1000000000.0,0.4730290456431535
B,8,8,break<=0.25,173,77.14800000000014,0.25716000000000044,0.7634179101731401,0.4393063583815029,0,133.50500000000238,0.76715039577836,-1000000000.0,0.7842323651452282
B,8,8,asiaRatio>=0.80,151,79.60000000000196,0.26533333333333986,0.7346666666666601,0.4503311258278146,0,92.36500000000206,0.7811990624833499,-1000000000.0,0.6680497925311203
B,8,8,time<=12,172,79.28500000000076,0.26428333333333587,0.7490830144850458,0.43023255813953487,0,176.9480000000019,0.7167327461742988,-1000000000.0,0.7780082987551867
B,8,8,time<=13,182,76.61100000000033,0.2553700000000011,0.757545548624758,0.4340659340659341,0,138.2310000000016,0.743351584193437,-1000000000.0,0.8423236514522822
B,8,8,LONG,251,76.00200000000132,0.2533400000000044,0.761629657508464,0.46613545816733065,0,114.46200000000158,0.776627737345251,-1000000000.0,0.5456431535269709
B,8,8,SHORT,113,78.91600000000062,0.2630533333333354,0.7452761369871842,0.415929203539823,0,217.95700000000193,0.5914899999999981,-1000000000.0,0.45435684647302904
B,8,8,Thu-Fri,190,72.01500000000078,0.2400500000000026,0.7720907269740878,0.4421052631578947,0,72.45100000000207,0.8117808738754368,-1000000000.0,1.0
B,8,8,spread<=10%TP,190,72.01500000000078,0.2400500000000026,0.7720907269740878,0.4421052631578947,0,79.68800000000192,0.7929800041046484,-1000000000.0,0.983402489626556
B,8,8,spread<=15%TP,190,72.01500000000078,0.2400500000000026,0.7720907269740878,0.4421052631578947,0,72.45100000000207,0.8117808738754368,-1000000000.0,0.995850622406639
B,8,8,lowSpread+close,316,137.2770000000014,0.4575900000000047,0.7173742364182967,0.5031645569620253,2,155.95700000000238,0.7324794534709386,-1000000000.0,0.6556016597510373
B,8,8,body+close,302,186.761000000002,0.6225366666666734,0.6774764941307121,0.5066225165562914,2,430.0520000000049,0.5137116084390725,-1000000000.0,0.6265560165975104
B,8,8,trend+mom,213,72.76500000000078,0.2425500000000026,0.7697171665384919,0.45539906103286387,0,132.5450000000019,0.7674347074594738,-1000000000.0,0.979253112033195
B,8,8,trend+close,318,138.8910000000012,0.46297000000000404,0.7176199868507558,0.5031446540880503,1,288.78000000000316,0.5939438398395394,-1000000000.0,0.6597510373443983
B,8,8,trend+lowSpread,190,72.01500000000078,0.2400500000000026,0.7720907269740878,0.4421052631578947,0,72.40400000000113,0.8029206418334957,-1000000000.0,0.9854771784232366
B,8,8,break+trend,304,96.04900000000112,0.3201633333333371,0.7743013059948584,0.48355263157894735,2,192.66800000000308,0.7510299242319397,-1000000000.0,0.6307053941908713
B,8,8,break+close,202,279.0310000000022,0.9301033333333407,0.55224989881894,0.5297029702970297,3,463.01500000000283,0.48953634742473184,-1000000000.0,0.4190871369294606
B,8,8,prevRoom+trend,146,72.38299999999958,0.24127666666666528,0.7844069351490303,0.4315068493150685,0,181.31500000000278,0.6504429457655766,-1000000000.0,0.6908713692946058
B,8,8,prevDist+trend,175,74.45900000000097,0.2481966666666699,0.7643560847012922,0.4342857142857143,0,129.50900000000138,0.732226410985748,-1000000000.0,0.9315352697095436
B,8,8,early+trend,182,76.61100000000033,0.2553700000000011,0.757545548624758,0.4340659340659341,0,138.2310000000016,0.743351584193437,-1000000000.0,0.8423236514522822
B,8,8,lowSpread+body,321,72.804000000001,0.2426800000000033,0.7695937413958402,0.46417445482866043,1,191.0570000000032,0.6846110464828132,-1000000000.0,0.8402489626556017
B,8,8,TPspread+close,319,139.57000000000153,0.46523333333333844,0.7100559800335724,0.5047021943573667,2,155.95700000000238,0.7324794534709386,-1000000000.0,0.6618257261410788
B,8,10,ALL,189,97.99400000000128,0.3266466666666709,0.6898737582322947,0.455026455026455,0,92.59100000000217,0.7806170803597616,-1000000000.0,1.0
B,8,10,spread<=0.5,189,97.99400000000128,0.3266466666666709,0.6898737582322947,0.455026455026455,0,93.13500000000204,0.7793281396605116,-1000000000.0,0.9522821576763485
B,8,10,spread<=0.75,189,97.99400000000128,0.3266466666666709,0.6898737582322947,0.455026455026455,0,94.59100000000217,0.7758783277889884,-1000000000.0,0.9813278008298755
B,8,10,spread<=1.0,189,97.99400000000128,0.3266466666666709,0.6898737582322947,0.455026455026455,0,94.59100000000217,0.7758783277889884,-1000000000.0,0.9896265560165975
B,8,10,spread<=1.25,189,97.99400000000128,0.3266466666666709,0.6898737582322947,0.455026455026455,0,91.13500000000204,0.7840668922312849,-1000000000.0,0.9979253112033195
B,8,10,body>=0.40,191,97.06000000000131,0.3235333333333377,0.6928296321614232,0.45549738219895286,0,94.84100000000171,0.7751581273173794,-1000000000.0,0.8464730290456431
B,8,10,body>=0.60,250,92.8519999999994,0.3095066666666647,0.7660704973004848,0.496,0,180.223000000002,0.6690637570948335,-1000000000.0,0.6431535269709544
B,8,10,close>=0.70,255,95.9030000000007,0.319676666666669,0.7125959357122068,0.5019607843137255,0,250.06300000000306,0.6858337252902279,-1000000000.0,0.6639004149377593
B,8,10,trend>=2,189,97.99400000000128,0.3266466666666709,0.6898737582322947,0.455026455026455,0,95.07700000000136,0.757959237705374,-1000000000.0,0.995850622406639
B,8,10,trend=3,186,97.50200000000154,0.32500666666667183,0.7421018663506672,0.46236559139784944,0,292.824000000003,0.7201895806558308,-1000000000.0,0.8568464730290456
B,8,10,mom>=0,221,98.57300000000146,0.3285766666666715,0.7535299133117765,0.47058823529411764,0,92.59100000000217,0.7806170803597616,-1000000000.0,0.983402489626556
B,8,10,mom>=0.15,248,96.67800000000125,0.32226000000000415,0.7644499128972888,0.4798387096774194,0,92.72300000000178,0.7803043226900915,-1000000000.0,0.9626556016597511
B,8,10,emaAligned,189,97.99400000000128,0.3266466666666709,0.6898737582322947,0.455026455026455,0,92.59100000000217,0.7806170803597616,-1000000000.0,1.0
B,8,10,prevRoom>=0,155,94.31600000000003,0.31438666666666676,0.7549941031915491,0.45161290322580644,1,217.2160000000033,0.5605941283126643,-1000000000.0,0.6950207468879668
B,8,10,prevDist>=0.25,174,97.67400000000202,0.32558000000000675,0.6908864773514799,0.4482758620689655,0,91.40200000000209,0.7834342687630865,-1000000000.0,0.9336099585062241
B,8,10,prevDist>=0.50,178,99.60300000000097,0.33201000000000325,0.6810693461157891,0.46629213483146065,0,189.55000000000132,0.6807767601012953,-1000000000.0,0.8049792531120332
B,8,10,break>=0.05,305,153.19500000000107,0.5106500000000036,0.745047473918648,0.5245901639344263,2,354.21400000000335,0.6258005748564013,-1000000000.0,0.6327800829875518
B,8,10,break>=0.10,217,93.94000000000074,0.31313333333333576,0.7305862344880574,0.48847926267281105,1,165.5080000000014,0.657461697213223,-1000000000.0,0.4730290456431535
B,8,10,break<=0.25,173,98.72700000000123,0.3290900000000041,0.6972437395352226,0.45664739884393063,0,99.4580000000019,0.7469667712300532,-1000000000.0,0.7842323651452282
B,8,10,asiaRatio>=0.80,151,92.94800000000282,0.3098266666666761,0.690173333333324,0.45695364238410596,0,99.90000000000191,0.73653187331376,-1000000000.0,0.6680497925311203
B,8,10,time<=12,161,96.75800000000118,0.32252666666667057,0.6937853858301569,0.4472049689440994,0,96.04400000000032,0.6925303087054084,-1000000000.0,0.7780082987551867
B,8,10,time<=13,182,98.275000000001,0.32758333333333667,0.688984464255759,0.45054945054945056,0,93.4730000000011,0.7151733069246563,-1000000000.0,0.8423236514522822
B,8,10,LONG,214,98.14000000000169,0.327133333333339,0.7116506195075037,0.4953271028037383,1,167.86700000000178,0.7035477013285248,-1000000000.0,0.5456431535269709
B,8,10,SHORT,102,90.40500000000065,0.30135000000000217,0.7045993687140961,0.43137254901960786,0,212.75400000000172,0.5799333333333304,-1000000000.0,0.45435684647302904
B,8,10,Thu-Fri,189,97.99400000000128,0.3266466666666709,0.6898737582322947,0.455026455026455,0,92.59100000000217,0.7806170803597616,-1000000000.0,1.0
B,8,10,spread<=10%TP,189,97.99400000000128,0.3266466666666709,0.6898737582322947,0.455026455026455,0,94.59100000000217,0.7758783277889884,-1000000000.0,0.983402489626556
B,8,10,spread<=15%TP,189,97.99400000000128,0.3266466666666709,0.6898737582322947,0.455026455026455,0,91.13500000000204,0.7840668922312849,-1000000000.0,0.995850622406639
B,8,10,lowSpread+close,251,99.9030000000007,0.33301000000000236,0.7006086542178722,0.50199203187251,0,250.35600000000318,0.6851897437700796,-1000000000.0,0.6556016597510373
B,8,10,body+close,302,194.64400000000182,0.6488133333333395,0.666279019417411,0.5331125827814569,2,300.74000000000365,0.6339253206992208,-1000000000.0,0.6265560165975104
B,8,10,trend+mom,220,92.18700000000126,0.3072900000000042,0.7694973483456198,0.4681818181818182,0,95.07700000000136,0.757959237705374,-1000000000.0,0.979253112033195
B,8,10,trend+close,176,99.27499999999986,0.3309166666666662,0.7024906574124853,0.4772727272727273,0,250.35300000000234,0.6713581629281522,-1000000000.0,0.6597510373443983
B,8,10,trend+lowSpread,189,97.99400000000128,0.3266466666666709,0.6898737582322947,0.455026455026455,0,95.07700000000136,0.757959237705374,-1000000000.0,0.9854771784232366
B,8,10,break+trend,304,157.63700000000108,0.5254566666666702,0.7456945258469098,0.5230263157894737,2,353.38600000000315,0.6266168249032362,-1000000000.0,0.6307053941908713
B,8,10,prevRoom+trend,146,95.92999999999984,0.31976666666666614,0.7508013944523236,0.4452054794520548,1,215.7610000000027,0.5380193744164302,-1000000000.0,0.6908713692946058
B,8,10,prevDist+trend,174,97.67400000000202,0.32558000000000675,0.6908864773514799,0.4482758620689655,0,94.16400000000135,0.7602834929508592,-1000000000.0,0.9315352697095436
B,8,10,early+trend,182,98.275000000001,0.32758333333333667,0.688984464255759,0.45054945054945056,0,93.4730000000011,0.7151733069246563,-1000000000.0,0.8423236514522822
B,8,10,lowSpread+body,224,98.51900000000114,0.3283966666666705,0.688212265927378,0.46875,0,270.5720000000033,0.6792315059789625,-1000000000.0,0.8402489626556017
B,8,10,TPspread+close,254,95.9030000000007,0.319676666666669,0.7125959357122068,0.5039370078740157,0,302.0510000000031,0.6544192957083981,-1000000000.0,0.6618257261410788
B,8,12,ALL,176,118.70400000000222,0.3956800000000074,0.6178899998068519,0.4602272727272727,0,108.1930000000018,0.7211865542407083,-1000000000.0,1.0
B,8,12,spread<=0.5,176,118.70400000000222,0.3956800000000074,0.6178899998068519,0.4602272727272727,0,113.6160000000018,0.7072114789922854,-1000000000.0,0.9522821576763485
B,8,12,spread<=0.75,176,118.70400000000222,0.3956800000000074,0.6178899998068519,0.4602272727272727,0,113.63200000000143,0.707170246979752,-1000000000.0,0.9813278008298755
B,8,12,spread<=1.0,176,118.70400000000222,0.3956800000000074,0.6178899998068519,0.4602272727272727,0,110.12000000000194,0.7162206737310803,-1000000000.0,0.9896265560165975
B,8,12,spread<=1.25,176,118.70400000000222,0.3956800000000074,0.6178899998068519,0.4602272727272727,0,110.12000000000194,0.7162206737310803,-1000000000.0,0.9979253112033195
B,8,12,body>=0.40,163,114.61900000000173,0.38206333333333914,0.6310396775834152,0.44785276073619634,0,326.25900000000365,0.4865111835683534,-1000000000.0,0.8464730290456431
B,8,12,body>=0.60,310,207.94700000000194,0.6931566666666731,0.6546347513607154,0.5419354838709678,2,253.41200000000276,0.5077038624239233,-1000000000.0,0.6431535269709544
B,8,12,close>=0.70,175,117.41400000000112,0.3913800000000037,0.6262652627290177,0.49142857142857144,0,232.30600000000254,0.6694708137799119,-1000000000.0,0.6639004149377593
B,8,12,trend>=2,176,118.70400000000222,0.3956800000000074,0.6178899998068519,0.4602272727272727,0,119.07500000000118,0.6757887800999763,-1000000000.0,0.995850622406639
B,8,12,trend=3,169,119.25300000000175,0.3975100000000058,0.6545754208715162,0.46153846153846156,0,359.65300000000366,0.5388868012616849,-1000000000.0,0.8568464730290456
B,8,12,mom>=0,173,117.30100000000198,0.3910033333333399,0.6224062783675666,0.4682080924855491,0,108.19600000000173,0.7211788232383582,-1000000000.0,0.983402489626556
B,8,12,mom>=0.15,216,119.45000000000186,0.3981666666666729,0.6456677731205814,0.4861111111111111,0,115.65700000000152,0.70195182039335,-1000000000.0,0.9626556016597511
B,8,12,emaAligned,176,118.70400000000222,0.3956800000000074,0.6178899998068519,0.4602272727272727,0,108.1930000000018,0.7211865542407083,-1000000000.0,1.0
B,8,12,prevRoom>=0,147,119.8090000000011,0.399363333333337,0.7121097072774518,0.4489795918367347,1,182.1600000000028,0.48792991945440184,-1000000000.0,0.6950207468879668
B,8,12,prevDist>=0.25,161,118.62800000000243,0.39542666666667475,0.6181346449747873,0.453416149068323,0,212.165000000002,0.6207814497175573,-1000000000.0,0.9336099585062241
B,8,12,prevDist>=0.50,141,109.37900000000127,0.3645966666666709,0.6354033333333291,0.46099290780141844,0,232.4490000000012,0.594714697275075,-1000000000.0,0.8049792531120332
B,8,12,break>=0.05,305,200.59700000000157,0.6686566666666719,0.6394778155813395,0.5409836065573771,3,356.5580000000009,0.5361686762697438,-1000000000.0,0.6327800829875518
B,8,12,break>=0.10,105,115.5070000000012,0.3850233333333373,0.6480580379586751,0.44761904761904764,0,229.58300000000008,0.5297551973438933,-1000000000.0,0.4730290456431535
B,8,12,break<=0.25,175,116.11900000000196,0.38706333333333987,0.6341510289984691,0.46285714285714286,0,116.12600000000202,0.6756637489456495,-1000000000.0,0.7842323651452282
B,8,12,asiaRatio>=0.80,135,112.64900000000216,0.37549666666667386,0.6245033333333261,0.45925925925925926,0,157.96700000000192,0.610920435939703,-1000000000.0,0.6680497925311203
B,8,12,time<=12,161,113.01300000000197,0.37671000000000654,0.6362094162637469,0.4472049689440994,0,115.63100000000054,0.6356770620002125,-1000000000.0,0.7780082987551867
B,8,12,time<=13,153,109.3930000000014,0.364643333333338,0.6478622518943861,0.45098039215686275,0,198.88000000000216,0.6327287216534085,-1000000000.0,0.8423236514522822
B,8,12,LONG,263,157.23600000000192,0.5241200000000064,0.6251666915831917,0.5247148288973384,3,214.8110000000015,0.5799909999179778,-1000000000.0,0.5456431535269709
B,8,12,SHORT,98,112.26500000000078,0.37421666666666925,0.6331856469773278,0.4387755102040816,0,234.39100000000167,0.4803566666666658,-1000000000.0,0.45435684647302904
B,8,12,Thu-Fri,176,118.70400000000222,0.3956800000000074,0.6178899998068519,0.4602272727272727,0,108.1930000000018,0.7211865542407083,-1000000000.0,1.0
B,8,12,spread<=10%TP,176,118.70400000000222,0.3956800000000074,0.6178899998068519,0.4602272727272727,0,113.63200000000143,0.707170246979752,-1000000000.0,0.983402489626556
B,8,12,spread<=15%TP,176,118.70400000000222,0.3956800000000074,0.6178899998068519,0.4602272727272727,0,113.00400000000218,0.7087886034717303,-1000000000.0,0.995850622406639
B,8,12,lowSpread+close,145,110.70600000000127,0.36902000000000423,0.6476171681032804,0.4689655172413793,0,296.5160000000035,0.5852220064977472,-1000000000.0,0.6556016597510373
B,8,12,body+close,302,262.1310000000035,0.8737700000000117,0.5461676734185691,0.5529801324503312,2,346.3180000000041,0.44416804793094167,-1000000000.0,0.6265560165975104
B,8,12,trend+mom,173,117.30100000000198,0.3910033333333399,0.6224062783675666,0.4682080924855491,0,110.87200000000098,0.6981234820679791,-1000000000.0,0.979253112033195
B,8,12,trend+close,148,116.32000000000107,0.3877333333333369,0.6297475204033536,0.47297297297297297,0,231.84300000000212,0.653020430814763,-1000000000.0,0.6597510373443983
B,8,12,trend+lowSpread,176,118.70400000000222,0.3956800000000074,0.6178899998068519,0.4602272727272727,0,114.09400000000119,0.6893507879632725,-1000000000.0,0.9854771784232366
B,8,12,break+trend,304,200.3210000000015,0.6677366666666716,0.6394778155813395,0.5394736842105263,3,355.7300000000007,0.5369118304337416,-1000000000.0,0.6307053941908713
B,8,12,break+close,202,222.36600000000112,0.7412200000000038,0.5171955341267669,0.5792079207920792,3,438.82100000000105,0.4520806325291402,-1000000000.0,0.4190871369294606
B,8,12,prevRoom+trend,146,113.42300000000091,0.3780766666666697,0.72745469312431,0.4452054794520548,1,189.39000000000237,0.4711552558275872,-1000000000.0,0.6908713692946058
B,8,12,prevDist+trend,161,118.62800000000243,0.39542666666667475,0.6181346449747873,0.453416149068323,0,212.25700000000143,0.6082973023012643,-1000000000.0,0.9315352697095436
B,8,12,early+trend,153,109.3930000000014,0.364643333333338,0.6478622518943861,0.45098039215686275,0,198.88000000000216,0.6327287216534085,-1000000000.0,0.8423236514522822
B,8,12,lowSpread+body,163,114.61900000000173,0.38206333333333914,0.6310396775834152,0.44785276073619634,0,326.25900000000365,0.4865111835683534,-1000000000.0,0.8402489626556017
B,8,12,TPspread+close,236,113.76500000000169,0.3792166666666723,0.6378802154288796,0.5084745762711864,1,334.350000000004,0.5123418246387653,-1000000000.0,0.6618257261410788
B,8,15,ALL,177,144.69800000000055,0.4823266666666685,0.5342149143419993,0.4576271186440678,0,149.85000000000173,0.5882879813609946,-1000000000.0,1.0
B,8,15,spread<=0.5,177,144.69800000000055,0.4823266666666685,0.5342149143419993,0.4576271186440678,0,275.7690000000025,0.5594063214348475,-1000000000.0,0.9522821576763485
B,8,15,spread<=0.75,177,144.69800000000055,0.4823266666666685,0.5342149143419993,0.4576271186440678,0,149.24600000000055,0.5899474679092659,-1000000000.0,0.9813278008298755
B,8,15,spread<=1.0,177,144.69800000000055,0.4823266666666685,0.5342149143419993,0.4576271186440678,0,148.35400000000163,0.5923982328116718,-1000000000.0,0.9896265560165975
B,8,15,spread<=1.25,177,144.69800000000055,0.4823266666666685,0.5342149143419993,0.4576271186440678,0,147.11700000000155,0.5957968832424791,-1000000000.0,0.9979253112033195
B,8,15,body>=0.40,191,140.69100000000026,0.4689700000000009,0.5471135089198907,0.46596858638743455,0,355.0870000000032,0.4656553738065947,-1000000000.0,0.8464730290456431
B,8,15,body>=0.60,310,274.20100000000093,0.9140033333333364,0.45246644949501097,0.5580645161290323,2,291.2240000000022,0.3924298172733977,-1000000000.0,0.6431535269709544
B,8,15,close>=0.70,149,145.02499999999986,0.4834166666666662,0.5307029182010577,0.48322147651006714,0,273.7790000000027,0.4409363176180674,-1000000000.0,0.6639004149377593
B,8,15,trend>=2,177,144.69800000000055,0.4823266666666685,0.5342149143419993,0.4576271186440678,0,145.56700000000114,0.5686354113264769,-1000000000.0,0.995850622406639
B,8,15,trend=3,169,149.30800000000022,0.49769333333333404,0.5454080452070983,0.46153846153846156,0,409.105000000003,0.5131506149721234,-1000000000.0,0.8568464730290456
B,8,15,mom>=0,210,141.90400000000068,0.4730133333333356,0.5905426383430564,0.48095238095238096,0,265.0670000000025,0.5778557455600457,-1000000000.0,0.983402489626556
B,8,15,mom>=0.15,216,135.79000000000065,0.4526333333333355,0.6047388260635421,0.49074074074074076,0,278.1670000000022,0.5837463733075405,-1000000000.0,0.9626556016597511
B,8,15,emaAligned,177,144.69800000000055,0.4823266666666685,0.5342149143419993,0.4576271186440678,0,149.85000000000173,0.5882879813609946,-1000000000.0,1.0
B,8,15,prevRoom>=0,139,148.88100000000009,0.49627000000000027,0.5554251621456986,0.45323741007194246,0,316.476000000004,0.34434165616358736,-1000000000.0,0.6950207468879668
B,8,15,prevDist>=0.25,162,146.17800000000125,0.48726000000000413,0.5294507715979796,0.4506172839506173,0,270.627000000002,0.5395199577984862,-1000000000.0,0.9336099585062241
B,8,15,prevDist>=0.50,169,148.70900000000051,0.4956966666666684,0.5116673891056202,0.47928994082840237,0,148.01600000000053,0.5500459025164292,-1000000000.0,0.8049792531120332
B,8,15,break>=0.05,126,147.73799999999937,0.4924599999999979,0.550727105748121,0.46825396825396826,0,277.2250000000006,0.4231219315968951,-1000000000.0,0.6327800829875518
B,8,15,break>=0.10,100,141.45199999999954,0.47150666666666513,0.5474404914256477,0.45,0,250.17200000000025,0.4004973910094525,-1000000000.0,0.4730290456431535
B,8,15,break<=0.25,187,149.8010000000013,0.499336666666671,0.5280312291270173,0.47058823529411764,0,146.03100000000222,0.5851886990756732,-1000000000.0,0.7842323651452282
B,8,15,asiaRatio>=0.80,135,136.20300000000134,0.45401000000000447,0.5459899999999955,0.45925925925925926,0,187.5640000000019,0.532611080790632,-1000000000.0,0.6680497925311203
B,8,15,time<=12,161,147.47400000000016,0.4915800000000005,0.5252789276816002,0.453416149068323,0,148.74500000000012,0.5160025510370092,-1000000000.0,0.7780082987551867
B,8,15,time<=13,171,142.19799999999964,0.4739933333333321,0.5422624527609506,0.45614035087719296,0,258.540000000002,0.4568280727765345,-1000000000.0,0.8423236514522822
B,8,15,LONG,263,202.80200000000127,0.6760066666666709,0.449401714870741,0.532319391634981,2,256.0050000000015,0.465317727022458,-1000000000.0,0.5456431535269709
B,8,15,SHORT,101,147.41599999999994,0.49138666666666647,0.5111974693785519,0.44554455445544555,0,278.4650000000013,0.41978666666666564,-1000000000.0,0.45435684647302904
B,8,15,Thu-Fri,177,144.69800000000055,0.4823266666666685,0.5342149143419993,0.4576271186440678,0,149.85000000000173,0.5882879813609946,-1000000000.0,1.0
B,8,15,spread<=10%TP,177,144.69800000000055,0.4823266666666685,0.5342149143419993,0.4576271186440678,0,149.24600000000055,0.5899474679092659,-1000000000.0,0.983402489626556
B,8,15,spread<=15%TP,177,144.69800000000055,0.4823266666666685,0.5342149143419993,0.4576271186440678,0,267.86300000000256,0.5690555213645114,-1000000000.0,0.995850622406639
B,8,15,lowSpread+close,145,136.02499999999986,0.4534166666666662,0.5598266812501216,0.47586206896551725,0,306.3120000000031,0.42434559831747254,-1000000000.0,0.6556016597510373
B,8,15,body+close,302,282.9760000000017,0.943253333333339,0.504899323764607,0.5695364238410596,3,378.51300000000333,0.3719111715927751,-1000000000.0,0.6265560165975104
B,8,15,trend+mom,209,135.51800000000048,0.4517266666666683,0.6089691429626677,0.4784688995215311,0,149.36400000000094,0.5573836073929392,-1000000000.0,0.979253112033195
B,8,15,trend+close,148,138.63899999999967,0.4621299999999989,0.5513678460712053,0.4797297297297297,0,284.6420000000023,0.44562600758136817,-1000000000.0,0.6597510373443983
B,8,15,trend+lowSpread,177,144.69800000000055,0.4823266666666685,0.5342149143419993,0.4576271186440678,0,148.60200000000054,0.5596416728649858,-1000000000.0,0.9854771784232366
B,8,15,break+trend,126,147.73799999999937,0.4924599999999979,0.550727105748121,0.46825396825396826,0,276.9490000000005,0.4233890149297423,-1000000000.0,0.6307053941908713
B,8,15,break+close,202,289.4120000000007,0.964706666666669,0.3969825075842982,0.5891089108910891,3,272.23800000000074,0.3746672192695891,-1000000000.0,0.4190871369294606
B,8,15,prevRoom+trend,139,148.88100000000009,0.49627000000000027,0.5554251621456986,0.45323741007194246,0,284.4710000000032,0.3647765417295974,-1000000000.0,0.6908713692946058
B,8,15,prevDist+trend,162,146.17800000000125,0.48726000000000413,0.5294507715979796,0.4506172839506173,0,148.0890000000004,0.5611618665489222,-1000000000.0,0.9315352697095436
B,8,15,early+trend,171,142.19799999999964,0.4739933333333321,0.5422624527609506,0.45614035087719296,0,258.540000000002,0.4568280727765345,-1000000000.0,0.8423236514522822
B,8,15,lowSpread+body,188,139.69100000000026,0.46563666666666753,0.5503325242874701,0.4627659574468085,0,290.5720000000031,0.47868580418525025,-1000000000.0,0.8402489626556017
B,8,15,TPspread+close,319,274.1630000000016,0.913876666666672,0.5034527839081502,0.567398119122257,1,284.69700000000284,0.41833815287764936,-1000000000.0,0.6618257261410788
B,8,20,ALL,174,191.49000000000046,0.6383000000000015,0.3996312947948604,0.46551724137931033,0,383.5280000000016,0.3058938247031969,-1000000000.0,1.0
B,8,20,spread<=0.5,174,191.49000000000046,0.6383000000000015,0.3996312947948604,0.46551724137931033,0,389.2540000000015,0.3170907113977308,-1000000000.0,0.9522821576763485
B,8,20,spread<=0.75,174,191.49000000000046,0.6383000000000015,0.3996312947948604,0.46551724137931033,0,389.41600000000153,0.36835589423611914,-1000000000.0,0.9813278008298755
B,8,20,spread<=1.0,174,191.49000000000046,0.6383000000000015,0.3996312947948604,0.46551724137931033,0,374.9520000000016,0.3428528982530956,-1000000000.0,0.9896265560165975
B,8,20,spread<=1.25,174,191.49000000000046,0.6383000000000015,0.3996312947948604,0.46551724137931033,0,429.665000000002,0.3192986748928756,-1000000000.0,0.9979253112033195
B,8,20,body>=0.40,162,184.52099999999996,0.6150699999999999,0.4270139177850793,0.4506172839506173,0,521.3500000000017,0.30990497419901086,-1000000000.0,0.8464730290456431
B,8,20,close>=0.70,148,187.24800000000005,0.6241600000000002,0.4202938035014938,0.49324324324324326,1,352.205000000002,0.3213870720001822,-1000000000.0,0.6639004149377593
B,8,20,trend>=2,174,191.49000000000046,0.6383000000000015,0.3996312947948604,0.46551724137931033,0,431.00300000000175,0.3016054875677858,-1000000000.0,0.995850622406639
B,8,20,trend=3,160,187.72199999999975,0.6257399999999992,0.4451347836367953,0.45625,1,604.607000000002,0.3089414332926937,-1000000000.0,0.8568464730290456
B,8,20,mom>=0,173,199.28999999999996,0.6642999999999999,0.40759258873923626,0.4682080924855491,0,506.1690000000019,0.29599496639896516,-1000000000.0,0.983402489626556
B,8,20,mom>=0.15,215,196.10399999999981,0.6536799999999994,0.42972798492488734,0.49767441860465117,1,463.3570000000018,0.26668472704074964,-1000000000.0,0.9626556016597511
B,8,20,emaAligned,174,191.49000000000046,0.6383000000000015,0.3996312947948604,0.46551724137931033,0,383.5280000000016,0.3058938247031969,-1000000000.0,1.0
B,8,20,prevRoom>=0,139,192.54699999999912,0.6418233333333304,0.4620946091290318,0.45323741007194246,1,348.82500000000164,0.252861727333619,-1000000000.0,0.6950207468879668
B,8,20,prevDist>=0.25,159,196.16300000000092,0.6538766666666698,0.38517689684569373,0.4591194968553459,0,500.37800000000107,0.3119804719890434,-1000000000.0,0.9336099585062241
B,8,20,prevDist>=0.50,140,198.22500000000036,0.6607500000000012,0.36024257368224044,0.4642857142857143,0,393.2049999999999,0.30689823141486827,-1000000000.0,0.8049792531120332
B,8,20,break>=0.05,127,195.42299999999977,0.6514099999999993,0.4348963905869575,0.4645669291338583,1,481.4720000000002,0.2615353019932775,-1000000000.0,0.6327800829875518
B,8,20,break>=0.10,94,198.37699999999995,0.6612566666666665,0.3754580715032311,0.4574468085106383,0,342.5350000000001,0.18380855779706395,-1000000000.0,0.4730290456431535
B,8,20,break<=0.25,173,189.51400000000103,0.6317133333333368,0.4007291907121443,0.47398843930635837,0,346.41900000000214,0.2576454301965149,-1000000000.0,0.7842323651452282
B,8,20,asiaRatio>=0.80,116,198.33200000000102,0.6611066666666701,0.33889333333332994,0.45689655172413796,0,335.4310000000007,0.29451287793953,-1000000000.0,0.6680497925311203
B,8,20,time<=12,143,198.14300000000003,0.6604766666666667,0.3570772670194791,0.46153846153846156,0,355.40800000000104,0.3379484647071267,-1000000000.0,0.7780082987551867
B,8,20,time<=13,150,197.24699999999984,0.6574899999999995,0.358118420410356,0.46,0,387.92300000000137,0.24546670652643235,-1000000000.0,0.8423236514522822
B,8,20,LONG,263,278.76700000000073,0.9292233333333357,0.28019156133840717,0.5399239543726235,4,332.80100000000084,0.21719566157633852,-1000000000.0,0.5456431535269709
B,8,20,SHORT,97,191.88999999999987,0.6396333333333329,0.385592202793957,0.4536082474226804,0,379.0990000000006,0.2044418559666286,-1000000000.0,0.45435684647302904
B,8,20,Thu-Fri,174,191.49000000000046,0.6383000000000015,0.3996312947948604,0.46551724137931033,0,383.5280000000016,0.3058938247031969,-1000000000.0,1.0
B,8,20,spread<=10%TP,174,191.49000000000046,0.6383000000000015,0.3996312947948604,0.46551724137931033,0,377.0220000000015,0.36835589423611914,-1000000000.0,0.983402489626556
B,8,20,spread<=15%TP,174,191.49000000000046,0.6383000000000015,0.3996312947948604,0.46551724137931033,0,467.3820000000021,0.29641008457059065,-1000000000.0,0.995850622406639
B,8,20,lowSpread+close,143,199.16200000000003,0.6638733333333334,0.383408925558428,0.48951048951048953,1,364.11900000000196,0.344472582031216,-1000000000.0,0.6556016597510373
B,8,20,body+close,140,193.26200000000017,0.6442066666666673,0.39053679888490145,0.4857142857142857,0,440.6870000000022,0.2805473564992764,-1000000000.0,0.6265560165975104
B,8,20,trend+mom,173,199.28999999999996,0.6642999999999999,0.40759258873923626,0.4682080924855491,0,501.41100000000165,0.3016054875677858,-1000000000.0,0.979253112033195
B,8,20,trend+close,147,180.86199999999985,0.6028733333333328,0.4400643952879993,0.4897959183673469,1,365.5430000000017,0.32735542068821083,-1000000000.0,0.6597510373443983
B,8,20,trend+lowSpread,174,191.49000000000046,0.6383000000000015,0.3996312947948604,0.46551724137931033,0,371.2570000000012,0.3493516014805273,-1000000000.0,0.9854771784232366
B,8,20,break+trend,127,195.42299999999977,0.6514099999999993,0.4348963905869575,0.4645669291338583,1,481.19600000000014,0.26167792209844926,-1000000000.0,0.6307053941908713
B,8,20,prevRoom+trend,139,192.54699999999912,0.6418233333333304,0.4620946091290318,0.45323741007194246,1,369.5200000000016,0.24361169761758109,-1000000000.0,0.6908713692946058
B,8,20,prevDist+trend,159,196.16300000000092,0.6538766666666698,0.38517689684569373,0.4591194968553459,0,485.99200000000087,0.31573756456506863,-1000000000.0,0.9315352697095436
B,8,20,early+trend,150,197.24699999999984,0.6574899999999995,0.358118420410356,0.46,0,387.92300000000137,0.24546670652643235,-1000000000.0,0.8423236514522822
B,8,20,lowSpread+body,162,184.52099999999996,0.6150699999999999,0.4270139177850793,0.4506172839506173,0,521.2640000000017,0.309953203548278,-1000000000.0,0.8402489626556017
B,8,20,TPspread+close,148,191.52499999999986,0.6384166666666662,0.40705252240677453,0.49324324324324326,1,382.944000000002,0.2759526413009648,-1000000000.0,0.6618257261410788
B,8,25,ALL,71,249.77300000000105,0.8325766666666702,0.18194918890238646,0.4507042253521127,0,244.13600000000042,0.2888407278913343,-1000000000.0,1.0
B,8,25,spread<=0.5,71,249.77300000000105,0.8325766666666702,0.18194918890238646,0.4507042253521127,0,413.61800000000153,0.26636430104895736,-1000000000.0,0.9522821576763485
B,8,25,spread<=0.75,71,249.77300000000105,0.8325766666666702,0.18194918890238646,0.4507042253521127,0,227.2950000000003,0.33789794723457783,-1000000000.0,0.9813278008298755
B,8,25,spread<=1.0,71,249.77300000000105,0.8325766666666702,0.18194918890238646,0.4507042253521127,0,228.0500000000004,0.3356986597454647,-1000000000.0,0.9896265560165975
B,8,25,spread<=1.25,71,249.77300000000105,0.8325766666666702,0.18194918890238646,0.4507042253521127,0,236.13600000000042,0.31214443638524475,-1000000000.0,0.9979253112033195
B,8,25,body>=0.40,66,249.6460000000011,0.832153333333337,0.18236513639474697,0.4393939393939394,0,467.73200000000134,0.2504765820655623,-1000000000.0,0.8464730290456431
B,8,25,body>=0.60,126,248.83099999999945,0.8294366666666648,0.27661411531451024,0.47619047619047616,0,404.1790000000012,0.2055328596268504,-1000000000.0,0.6431535269709544
B,8,25,close>=0.70,110,239.1329999999998,0.7971099999999993,0.25966161514527725,0.4727272727272727,1,248.46900000000028,0.29062161861229985,-1000000000.0,0.6639004149377593
B,8,25,trend>=2,71,249.77300000000105,0.8325766666666702,0.18194918890238646,0.4507042253521127,0,237.75000000000023,0.2943156420020952,-1000000000.0,0.995850622406639
B,8,25,trend=3,134,249.8500000000006,0.8328333333333353,0.2614979900685737,0.4701492537313433,1,229.75000000000023,0.3014742769232637,-1000000000.0,0.8568464730290456
B,8,25,mom>=0,167,242.81799999999998,0.8093933333333333,0.27820170210489165,0.47904191616766467,0,244.13600000000042,0.2888407278913343,-1000000000.0,0.983402489626556
B,8,25,mom>=0.15,167,247.46500000000015,0.8248833333333339,0.28036978230651605,0.48502994011976047,1,438.5650000000012,0.2701249370071633,-1000000000.0,0.9626556016597511
B,8,25,emaAligned,71,249.77300000000105,0.8325766666666702,0.18194918890238646,0.4507042253521127,0,244.13600000000042,0.2888407278913343,-1000000000.0,1.0
B,8,25,prevRoom>=0,126,249.93899999999962,0.8331299999999987,0.30176250219998574,0.47619047619047616,1,396.02700000000164,0.1837986261030586,-1000000000.0,0.6950207468879668
B,8,25,prevDist>=0.25,67,246.41500000000133,0.8213833333333378,0.19294723362165372,0.43283582089552236,0,244.13600000000042,0.2888407278913343,-1000000000.0,0.9336099585062241
B,8,25,prevDist>=0.50,56,246.81100000000083,0.8227033333333361,0.17729666666666388,0.44642857142857145,0,238.74800000000027,0.2741169996381951,-1000000000.0,0.8049792531120332
B,8,25,break>=0.05,114,249.56500000000005,0.8318833333333335,0.2783342683145477,0.4824561403508772,1,467.8810000000001,0.20937711819057564,-1000000000.0,0.6327800829875518
B,8,25,break>=0.10,38,249.62900000000081,0.8320966666666694,0.18496473814809705,0.4473684210526316,0,338.153,0.1798063235661781,-1000000000.0,0.4730290456431535
B,8,25,break<=0.25,133,249.75000000000068,0.8325000000000022,0.210254204862746,0.46616541353383456,0,248.0170000000005,0.25361280808931896,-1000000000.0,0.7842323651452282
B,8,25,asiaRatio>=0.80,39,246.6180000000013,0.8220600000000043,0.17793999999999566,0.4358974358974359,0,227.55000000000018,0.3056805733970847,-1000000000.0,0.6680497925311203
B,8,25,time<=12,60,249.08200000000124,0.8302733333333375,0.18421233628208036,0.4166666666666667,0,243.7840000000001,0.2522628355146318,-1000000000.0,0.7780082987551867
B,8,25,time<=13,63,248.19400000000132,0.8273133333333378,0.18712069355149946,0.4126984126984127,0,244.81500000000028,0.2553405057169186,-1000000000.0,0.8423236514522822
B,8,25,LONG,90,244.95400000000018,0.816513333333334,0.22772027504626663,0.4444444444444444,1,334.1980000000008,0.22475906888023842,-1000000000.0,0.5456431535269709
B,8,25,SHORT,76,245.36300000000028,0.8178766666666676,0.21437833995587785,0.4868421052631579,0,245.70000000000005,0.18099999999999986,-1000000000.0,0.45435684647302904
B,8,25,Thu-Fri,71,249.77300000000105,0.8325766666666702,0.18194918890238646,0.4507042253521127,0,244.13600000000042,0.2888407278913343,-1000000000.0,1.0
B,8,25,spread<=10%TP,71,249.77300000000105,0.8325766666666702,0.18194918890238646,0.4507042253521127,0,227.2950000000003,0.33789794723457783,-1000000000.0,0.983402489626556
B,8,25,spread<=15%TP,71,249.77300000000105,0.8325766666666702,0.18194918890238646,0.4507042253521127,0,248.41300000000024,0.276381982737778,-1000000000.0,0.995850622406639
B,8,25,lowSpread+close,110,239.1329999999998,0.7971099999999993,0.25966161514527725,0.4727272727272727,1,240.38300000000027,0.3137071286433337,-1000000000.0,0.6556016597510373
B,8,25,body+close,104,246.04100000000017,0.8201366666666672,0.22409508612370807,0.47115384615384615,0,443.0970000000016,0.20212847131583683,-1000000000.0,0.6265560165975104
B,8,25,trend+mom,167,242.81799999999998,0.8093933333333333,0.27820170210489165,0.47904191616766467,0,237.75000000000023,0.2943156420020952,-1000000000.0,0.979253112033195
B,8,25,trend+close,110,239.1329999999998,0.7971099999999993,0.25966161514527725,0.4727272727272727,1,242.08300000000008,0.296018634569919,-1000000000.0,0.6597510373443983
B,8,25,trend+lowSpread,71,249.77300000000105,0.8325766666666702,0.18194918890238646,0.4507042253521127,0,246.66400000000021,0.26785730186668694,-1000000000.0,0.9854771784232366
B,8,25,break+trend,114,249.56500000000005,0.8318833333333335,0.2783342683145477,0.4824561403508772,1,467.605,0.2094802478477516,-1000000000.0,0.6307053941908713
B,8,25,break+close,81,239.6609999999996,0.7988699999999986,0.29540897625109686,0.49382716049382713,1,457.1870000000006,0.13968106742954212,-1000000000.0,0.4190871369294606
B,8,25,prevRoom+trend,126,249.93899999999962,0.8331299999999987,0.30176250219998574,0.47619047619047616,1,389.3650000000014,0.18685596290645892,-1000000000.0,0.6908713692946058
B,8,25,prevDist+trend,67,246.41500000000133,0.8213833333333378,0.19294723362165372,0.43283582089552236,0,237.75000000000023,0.2943156420020952,-1000000000.0,0.9315352697095436
B,8,25,early+trend,63,248.19400000000132,0.8273133333333378,0.18712069355149946,0.4126984126984127,0,244.81500000000028,0.2553405057169186,-1000000000.0,0.8423236514522822
B,8,25,lowSpread+body,66,249.6460000000011,0.832153333333337,0.18236513639474697,0.4393939393939394,0,467.6460000000013,0.25051684754773085,-1000000000.0,0.8402489626556017
B,8,25,TPspread+close,110,239.1329999999998,0.7971099999999993,0.25966161514527725,0.4727272727272727,1,382.128000000002,0.2451871879130825,-1000000000.0,0.6618257261410788
B,8,30,ALL,7,296.7260000000001,0.989086666666667,0.028169798281841716,0.2857142857142857,0,291.29300000000035,0.15147410521041776,-1000000000.0,1.0
B,8,30,spread<=0.5,7,296.7260000000001,0.989086666666667,0.028169798281841716,0.2857142857142857,0,291.29300000000035,0.15147410521041776,-1000000000.0,0.9522821576763485
B,8,30,spread<=0.75,7,296.7260000000001,0.989086666666667,0.028169798281841716,0.2857142857142857,0,291.29300000000035,0.15147410521041776,-1000000000.0,0.9813278008298755
B,8,30,spread<=1.0,7,296.7260000000001,0.989086666666667,0.028169798281841716,0.2857142857142857,0,291.29300000000035,0.15147410521041776,-1000000000.0,0.9896265560165975
B,8,30,spread<=1.25,7,296.7260000000001,0.989086666666667,0.028169798281841716,0.2857142857142857,0,291.29300000000035,0.15147410521041776,-1000000000.0,0.9979253112033195
B,8,30,body>=0.40,7,297.16599999999994,0.9905533333333332,0.026728720355553418,0.2857142857142857,0,296.71600000000035,0.1320870615696469,-1000000000.0,0.8464730290456431
B,8,30,body>=0.60,1,298.55899999999997,0.9951966666666666,0.004803333333333436,0.0,0,296.3470000000002,0.10850024367204746,-1000000000.0,0.6431535269709544
B,8,30,close>=0.70,1,298.55899999999997,0.9951966666666666,0.004803333333333436,0.0,0,292.22700000000054,0.16569263667586862,-1000000000.0,0.6639004149377593
B,8,30,close>=0.85,3,297.88300000000004,0.9929433333333335,0.010200928384166088,0.3333333333333333,0,292.0980000000004,0.10982098776719207,-1000000000.0,0.44190871369294604
B,8,30,trend>=2,7,296.7260000000001,0.989086666666667,0.028169798281841716,0.2857142857142857,0,295.155,0.06144766423195211,-1000000000.0,0.995850622406639
B,8,30,trend=3,7,296.7260000000001,0.989086666666667,0.028169798281841716,0.2857142857142857,0,295.155,0.06144766423195211,-1000000000.0,0.8568464730290456
B,8,30,mom>=0,7,296.7260000000001,0.989086666666667,0.028169798281841716,0.2857142857142857,0,291.29300000000035,0.15147410521041776,-1000000000.0,0.983402489626556
B,8,30,mom>=0.15,7,296.7260000000001,0.989086666666667,0.028169798281841716,0.2857142857142857,0,291.29300000000035,0.15147410521041776,-1000000000.0,0.9626556016597511
B,8,30,emaAligned,7,296.7260000000001,0.989086666666667,0.028169798281841716,0.2857142857142857,0,291.29300000000035,0.15147410521041776,-1000000000.0,1.0
B,8,30,prevRoom>=0,5,298.0229999999999,0.9934099999999997,0.02392189357639543,0.4,0,289.87800000000016,0.06249636160180094,-1000000000.0,0.6950207468879668
B,8,30,prevDist>=0.25,7,296.7260000000001,0.989086666666667,0.028169798281841716,0.2857142857142857,0,291.29300000000035,0.15147410521041776,-1000000000.0,0.9336099585062241
B,8,30,prevDist>=0.50,1,298.55899999999997,0.9951966666666666,0.004803333333333436,0.0,0,295.155,0.06144766423195211,-1000000000.0,0.8049792531120332
B,8,30,break>=0.05,6,297.47900000000004,0.9915966666666668,0.028735144312393664,0.3333333333333333,0,295.155,0.06144766423195211,-1000000000.0,0.6327800829875518
B,8,30,break>=0.10,6,297.47900000000004,0.9915966666666668,0.028735144312393664,0.3333333333333333,0,295.00299999999993,0.028518456315060055,-1000000000.0,0.4730290456431535
B,8,30,break<=0.25,8,296.4580000000001,0.9881933333333336,0.03965040265890937,0.375,0,272.2900000000004,0.18056516897890373,-1000000000.0,0.7842323651452282
B,8,30,asiaRatio>=0.80,1,297.15599999999995,0.9905199999999998,0.00948000000000017,0.0,0,291.6640000000002,0.11005062078350837,-1000000000.0,0.6680497925311203
B,8,30,time<=12,5,298.6170000000002,0.9953900000000007,0.02197643837590455,0.2,0,295.00299999999993,0.028518456315060055,-1000000000.0,0.7780082987551867
B,8,30,time<=13,5,299.7450000000001,0.9991500000000004,0.01828203860123697,0.2,0,297.81899999999996,0.02825642213659037,-1000000000.0,0.8423236514522822
B,8,30,LONG,6,298.16700000000014,0.9938900000000005,0.026488833746897707,0.3333333333333333,0,294.6170000000004,0.18317141874882148,-1000000000.0,0.5456431535269709
B,8,30,SHORT,1,298.55899999999997,0.9951966666666666,0.004803333333333436,0.0,0,291.3399999999999,0.02886666666666694,-1000000000.0,0.45435684647302904
B,8,30,Thu-Fri,7,296.7260000000001,0.989086666666667,0.028169798281841716,0.2857142857142857,0,291.29300000000035,0.15147410521041776,-1000000000.0,1.0
B,8,30,spread<=10%TP,7,296.7260000000001,0.989086666666667,0.028169798281841716,0.2857142857142857,0,291.29300000000035,0.15147410521041776,-1000000000.0,0.983402489626556
B,8,30,spread<=15%TP,7,296.7260000000001,0.989086666666667,0.028169798281841716,0.2857142857142857,0,291.29300000000035,0.15147410521041776,-1000000000.0,0.995850622406639
B,8,30,lowSpread+close,1,298.55899999999997,0.9951966666666666,0.004803333333333436,0.0,0,297.3240000000005,0.15114071426328157,-1000000000.0,0.6556016597510373
B,8,30,body+close,1,298.55899999999997,0.9951966666666666,0.004803333333333436,0.0,0,289.10600000000045,0.15531038996327348,-1000000000.0,0.6265560165975104
B,8,30,trend+mom,7,296.7260000000001,0.989086666666667,0.028169798281841716,0.2857142857142857,0,295.155,0.06144766423195211,-1000000000.0,0.979253112033195
B,8,30,trend+close,1,298.55899999999997,0.9951966666666666,0.004803333333333436,0.0,0,293.75500000000034,0.1457556044748553,-1000000000.0,0.6597510373443983
B,8,30,trend+lowSpread,7,296.7260000000001,0.989086666666667,0.028169798281841716,0.2857142857142857,0,295.155,0.06144766423195211,-1000000000.0,0.9854771784232366
B,8,30,break+trend,6,297.47900000000004,0.9915966666666668,0.028735144312393664,0.3333333333333333,0,295.155,0.06144766423195211,-1000000000.0,0.6307053941908713
B,8,30,break+close,4,297.1550000000002,0.9905166666666674,0.014600839639472396,0.5,0,455.8300000000006,0.14213117135641323,-1000000000.0,0.4190871369294606
B,8,30,prevRoom+trend,5,298.0229999999999,0.9934099999999997,0.02392189357639543,0.4,0,294.15599999999995,0.028598224664482988,-1000000000.0,0.6908713692946058
B,8,30,prevDist+trend,7,296.7260000000001,0.989086666666667,0.028169798281841716,0.2857142857142857,0,295.155,0.06144766423195211,-1000000000.0,0.9315352697095436
B,8,30,early+trend,5,299.7450000000001,0.9991500000000004,0.01828203860123697,0.2,0,297.81899999999996,0.02825642213659037,-1000000000.0,0.8423236514522822
B,8,30,lowSpread+body,7,297.16599999999994,0.9905533333333332,0.026728720355553418,0.2857142857142857,0,296.63000000000034,0.1323386169717992,-1000000000.0,0.8402489626556017
B,8,30,TPspread+close,1,298.55899999999997,0.9951966666666666,0.004803333333333436,0.0,0,275.22600000000057,0.21423044969066024,-1000000000.0,0.6618257261410788
B,10,8,ALL,259,72.01200000000154,0.2400400000000051,0.7721002212158278,0.44015444015444016,0,137.04800000000296,0.7330267855966434,-1000000000.0,1.0
B,10,8,spread<=0.5,241,74.38600000000156,0.24795333333333852,0.7645871112503551,0.43983402489626555,0,151.49600000000373,0.6844148144244258,-1000000000.0,0.9522821576763485
B,10,8,spread<=0.75,219,74.54000000000156,0.24846666666667186,0.7640997401742461,0.4383561643835616,0,143.61100000000283,0.7732644698876089,-1000000000.0,0.9813278008298755
B,10,8,spread<=1.0,221,76.54000000000156,0.25513333333333854,0.7577702456793239,0.43891402714932126,0,137.20200000000295,0.7326209831486533,-1000000000.0,0.9896265560165975
B,10,8,spread<=1.25,256,78.01200000000154,0.2600400000000051,0.7531117377310612,0.44140625,0,143.5060000000028,0.7651774068169492,-1000000000.0,0.9979253112033195
B,10,8,body>=0.40,408,190.2670000000021,0.6342233333333404,0.7415473813211869,0.46078431372549017,2,220.39400000000296,0.6708718616667196,-1000000000.0,0.8464730290456431
B,10,8,body>=0.60,310,190.9910000000002,0.6366366666666674,0.6984672844658701,0.4774193548387097,2,289.3870000000022,0.6048223175680617,-1000000000.0,0.6431535269709544
B,10,8,close>=0.70,320,146.65100000000166,0.4888366666666722,0.6895670778794791,0.478125,3,240.33600000000274,0.682139218870545,-1000000000.0,0.6639004149377593
B,10,8,trend>=2,257,73.62600000000134,0.24542000000000447,0.7669923191584261,0.4396887159533074,0,144.25500000000216,0.7517260623675542,-1000000000.0,0.995850622406639
B,10,8,trend=3,223,77.67200000000184,0.25890666666667284,0.7692522503787714,0.4349775784753363,0,409.11700000000496,0.6175572792149334,-1000000000.0,0.8568464730290456
B,10,8,mom>=0,256,76.47000000000139,0.2549000000000046,0.7694902379251368,0.4453125,0,142.98600000000306,0.7648111305814255,-1000000000.0,0.983402489626556
B,10,8,mom>=0.15,252,77.27900000000182,0.2575966666666727,0.7686825390173618,0.4523809523809524,0,139.82200000000307,0.7864685092622619,-1000000000.0,0.9626556016597511
B,10,8,emaAligned,259,72.01200000000154,0.2400400000000051,0.7721002212158278,0.44015444015444016,0,137.04800000000296,0.7330267855966434,-1000000000.0,1.0
B,10,8,prevRoom>=0,335,135.64100000000144,0.45213666666667146,0.7922209195231249,0.45671641791044776,2,191.58400000000302,0.680187247917371,-1000000000.0,0.6950207468879668
B,10,8,prevDist>=0.25,243,72.80200000000218,0.2426733333333406,0.7696000708903314,0.43621399176954734,0,137.29600000000232,0.6701537569664912,-1000000000.0,0.9336099585062241
B,10,8,prevDist>=0.50,233,72.77500000000168,0.24258333333333895,0.7574166666666611,0.44206008583690987,0,136.2780000000016,0.691094669440947,-1000000000.0,0.8049792531120332
B,10,8,break>=0.05,305,107.09200000000192,0.35697333333333975,0.7237204311792886,0.46557377049180326,2,248.6820000000041,0.7874016356394764,-1000000000.0,0.6327800829875518
B,10,8,break>=0.10,213,76.28500000000122,0.2542833333333374,0.7607420649855688,0.4413145539906103,2,132.002000000002,0.8449695405575707,-1000000000.0,0.4730290456431535
B,10,8,break<=0.25,203,73.83300000000008,0.24611000000000027,0.7776743933946412,0.42857142857142855,0,135.07600000000207,0.7639881151584081,-1000000000.0,0.7842323651452282
B,10,8,asiaRatio>=0.80,163,72.0760000000023,0.24025333333334098,0.759746666666659,0.43558282208588955,0,105.15100000000257,0.7317021834920514,-1000000000.0,0.6680497925311203
B,10,8,time<=12,206,73.58700000000113,0.24529000000000376,0.7671157443010779,0.42718446601941745,0,79.65200000000073,0.7438751852959407,-1000000000.0,0.7780082987551867
B,10,8,time<=13,225,79.99800000000118,0.26666000000000395,0.7468265496976046,0.43555555555555553,0,147.27400000000148,0.73337096846077,-1000000000.0,0.8423236514522822
B,10,8,LONG,263,106.483000000002,0.35494333333334,0.7513175844409453,0.4600760456273764,1,142.86200000000144,0.7933228524866245,-1000000000.0,0.5456431535269709
B,10,8,SHORT,114,77.13200000000052,0.25710666666666837,0.7653065571276422,0.39473684210526316,0,228.7610000000018,0.6581566666666648,-1000000000.0,0.45435684647302904
B,10,8,Thu-Fri,259,72.01200000000154,0.2400400000000051,0.7721002212158278,0.44015444015444016,0,137.04800000000296,0.7330267855966434,-1000000000.0,1.0
B,10,8,spread<=10%TP,221,76.54000000000156,0.25513333333333854,0.7577702456793239,0.43891402714932126,0,137.20200000000295,0.7326209831486533,-1000000000.0,0.9896265560165975
B,10,8,spread<=15%TP,256,78.01200000000154,0.2600400000000051,0.7531117377310612,0.44140625,0,143.5060000000028,0.7651774068169492,-1000000000.0,0.9979253112033195
B,10,8,lowSpread+close,316,143.51700000000164,0.4783900000000055,0.7433578105062681,0.4778481012658228,2,247.88900000000285,0.6736143967196471,-1000000000.0,0.6556016597510373
B,10,8,body+close,302,185.85600000000295,0.6195200000000098,0.722372461029754,0.48013245033112584,1,320.71700000000374,0.5918437989657034,-1000000000.0,0.6265560165975104
B,10,8,trend+mom,255,78.0840000000012,0.260280000000004,0.7646250259990379,0.44313725490196076,0,142.31600000000253,0.7462004525474405,-1000000000.0,0.979253112033195
B,10,8,trend+close,318,140.27900000000136,0.4675966666666712,0.7744631029452859,0.4779874213836478,2,293.0970000000025,0.640554120706268,-1000000000.0,0.6597510373443983
B,10,8,trend+lowSpread,219,78.15400000000136,0.26051333333333787,0.7526623436219223,0.4383561643835616,0,136.06700000000205,0.7610146124751658,-1000000000.0,0.9854771784232366
B,10,8,break+trend,304,107.09200000000192,0.35697333333333975,0.7237204311792886,0.46710526315789475,2,244.26000000000408,0.7999242026170207,-1000000000.0,0.6307053941908713
B,10,8,prevRoom+trend,189,74.60400000000027,0.2486800000000009,0.8086041422410575,0.42328042328042326,1,266.93300000000363,0.6255761845309572,-1000000000.0,0.6908713692946058
B,10,8,prevDist+trend,203,78.944000000002,0.26314666666667336,0.750162193296426,0.43349753694581283,0,140.2730000000015,0.660257880210303,-1000000000.0,0.9315352697095436
B,10,8,early+trend,225,79.99800000000118,0.26666000000000395,0.7468265496976046,0.43555555555555553,0,147.27400000000148,0.73337096846077,-1000000000.0,0.8423236514522822
B,10,8,lowSpread+body,320,79.37000000000103,0.2645666666666701,0.7531244362328815,0.45,1,190.5300000000027,0.7218982579537061,-1000000000.0,0.8402489626556017
B,10,8,TPspread+close,320,146.65100000000166,0.4888366666666722,0.6895670778794791,0.478125,3,240.33600000000274,0.682139218870545,-1000000000.0,0.6639004149377593
B,10,10,ALL,258,98.14800000000241,0.32716000000000806,0.7230321193342414,0.4573643410852713,0,97.01500000000237,0.7611650389831586,-1000000000.0,1.0
B,10,10,spread<=0.5,241,90.52200000000244,0.3017400000000081,0.744552242596631,0.45228215767634855,0,98.21900000000255,0.7582009891654571,-1000000000.0,0.9522821576763485
B,10,10,spread<=0.75,220,90.23000000000252,0.30076666666667506,0.7453762494144406,0.45,0,97.88400000000206,0.7590257040233734,-1000000000.0,0.9813278008298755
B,10,10,spread<=1.0,252,98.14800000000241,0.32716000000000806,0.7230321193342414,0.45634920634920634,0,96.39200000000233,0.7626987624353413,-1000000000.0,0.9896265560165975
B,10,10,spread<=1.25,256,98.14800000000241,0.32716000000000806,0.7230321193342414,0.45703125,0,96.39200000000233,0.7626987624353413,-1000000000.0,0.9979253112033195
B,10,10,body>=0.40,315,95.17700000000195,0.3172566666666732,0.7371062546266061,0.4666666666666667,0,246.04500000000326,0.6903366412565699,-1000000000.0,0.8464730290456431
B,10,10,body>=0.60,310,252.83900000000062,0.8427966666666687,0.6690445574753241,0.5032258064516129,2,253.94000000000233,0.5704577593228267,-1000000000.0,0.6431535269709544
B,10,10,close>=0.70,247,98.54700000000093,0.3284900000000031,0.7511539937780266,0.48582995951417,1,189.86500000000206,0.7653079912005639,-1000000000.0,0.6639004149377593
B,10,10,trend>=2,257,91.76200000000222,0.3058733333333407,0.7410530355620967,0.45525291828793774,0,92.19700000000171,0.7590899470346417,-1000000000.0,0.995850622406639
B,10,10,trend=3,223,91.5970000000018,0.30532333333333933,0.7753351074919322,0.452914798206278,1,324.99200000000315,0.6974820174481059,-1000000000.0,0.8568464730290456
B,10,10,mom>=0,255,96.33200000000193,0.3211066666666731,0.7491380298121846,0.4627450980392157,1,93.42700000000264,0.7699981043867389,-1000000000.0,0.983402489626556
B,10,10,mom>=0.15,253,90.9360000000022,0.30312000000000733,0.7734032373813836,0.466403162055336,1,99.93100000000277,0.7539863269662005,-1000000000.0,0.9626556016597511
B,10,10,emaAligned,258,98.14800000000241,0.32716000000000806,0.7230321193342414,0.4573643410852713,0,97.01500000000237,0.7611650389831586,-1000000000.0,1.0
B,10,10,prevRoom>=0,186,99.64700000000107,0.33215666666667026,0.7766012778836425,0.44623655913978494,1,188.0110000000027,0.5913940650253272,-1000000000.0,0.6950207468879668
B,10,10,prevDist>=0.25,243,91.03900000000294,0.30346333333334313,0.7637369624398823,0.45267489711934156,0,179.08700000000226,0.7242892065750662,-1000000000.0,0.9336099585062241
B,10,10,prevDist>=0.50,233,94.69100000000253,0.3156366666666751,0.7498157126438242,0.4592274678111588,0,193.84700000000134,0.6754691624397842,-1000000000.0,0.8049792531120332
B,10,10,break>=0.05,305,229.24500000000376,0.7641500000000125,0.6280281545002803,0.5081967213114754,3,378.5760000000041,0.7122288203260804,-1000000000.0,0.6327800829875518
B,10,10,break>=0.10,218,98.44900000000075,0.32816333333333586,0.693763220107003,0.46788990825688076,2,187.38300000000118,0.7451467537101395,-1000000000.0,0.4730290456431535
B,10,10,break<=0.25,202,95.16200000000163,0.3172066666666721,0.7134486019018665,0.4504950495049505,0,93.82800000000202,0.7620221572924232,-1000000000.0,0.7842323651452282
B,10,10,asiaRatio>=0.80,163,92.78400000000329,0.30928000000001094,0.690719999999989,0.44785276073619634,0,91.74000000000206,0.7588213953341593,-1000000000.0,0.6680497925311203
B,10,10,time<=12,206,93.48800000000142,0.3116266666666714,0.7041341093293539,0.44660194174757284,0,97.12900000000059,0.6897322783334224,-1000000000.0,0.7780082987551867
B,10,10,time<=13,228,91.33300000000122,0.3044433333333374,0.7109541396476332,0.4517543859649123,0,97.96900000000119,0.7350176755860504,-1000000000.0,0.8423236514522822
B,10,10,LONG,263,137.06700000000228,0.4568900000000076,0.6903641144474981,0.49429657794676807,2,169.22000000000185,0.7050996768883718,-1000000000.0,0.5456431535269709
B,10,10,SHORT,113,93.41700000000083,0.3113900000000028,0.6979874884826119,0.415929203539823,0,223.62200000000144,0.633293333333332,-1000000000.0,0.45435684647302904
B,10,10,Thu-Fri,258,98.14800000000241,0.32716000000000806,0.7230321193342414,0.4573643410852713,0,97.01500000000237,0.7611650389831586,-1000000000.0,1.0
B,10,10,spread<=10%TP,252,98.14800000000241,0.32716000000000806,0.7230321193342414,0.45634920634920634,0,96.39200000000233,0.7626987624353413,-1000000000.0,0.9896265560165975
B,10,10,spread<=15%TP,256,98.14800000000241,0.32716000000000806,0.7230321193342414,0.45703125,0,96.39200000000233,0.7626987624353413,-1000000000.0,0.9979253112033195
B,10,10,lowSpread+close,243,98.54700000000093,0.3284900000000031,0.7511539937780266,0.48559670781893005,1,206.108000000002,0.7016224231097635,-1000000000.0,0.6556016597510373
B,10,10,body+close,240,99.43200000000161,0.33144000000000534,0.7273370444511432,0.48333333333333334,1,300.786000000003,0.6179652854689481,-1000000000.0,0.6265560165975104
B,10,10,trend+mom,253,99.94600000000173,0.33315333333333913,0.7397266695138548,0.4624505928853755,1,92.19700000000171,0.7590899470346417,-1000000000.0,0.979253112033195
B,10,10,trend+close,248,99.60700000000065,0.3320233333333355,0.7484773342491193,0.4798387096774194,1,190.15500000000134,0.7484866278507625,-1000000000.0,0.6597510373443983
B,10,10,trend+lowSpread,220,93.84400000000232,0.3128133333333411,0.735177754073466,0.45,0,92.61800000000153,0.7579898772677472,-1000000000.0,0.9854771784232366
B,10,10,break+trend,304,228.69300000000362,0.762310000000012,0.6288057204121599,0.506578947368421,3,377.2150000000038,0.7130367325969668,-1000000000.0,0.6307053941908713
B,10,10,prevRoom+trend,155,98.3560000000009,0.3278533333333363,0.7794955722452616,0.43870967741935485,1,167.64200000000164,0.568221148917951,-1000000000.0,0.6908713692946058
B,10,10,prevDist+trend,210,96.73500000000286,0.3224500000000095,0.7489547892839561,0.44761904761904764,0,178.4230000000016,0.6566893909898778,-1000000000.0,0.9315352697095436
B,10,10,early+trend,228,91.33300000000122,0.3044433333333374,0.7109541396476332,0.4517543859649123,0,97.96900000000119,0.7350176755860504,-1000000000.0,0.8423236514522822
B,10,10,lowSpread+body,312,95.17700000000195,0.3172566666666732,0.7371062546266061,0.46794871794871795,0,242.6310000000028,0.7061586478281306,-1000000000.0,0.8402489626556017
B,10,10,TPspread+close,247,98.54700000000093,0.3284900000000031,0.7511539937780266,0.48582995951417,1,189.86500000000206,0.7653079912005639,-1000000000.0,0.6639004149377593
B,10,12,ALL,175,117.45700000000215,0.3915233333333405,0.6219041119702237,0.45714285714285713,0,217.8530000000028,0.6473191818485169,-1000000000.0,1.0
B,10,12,spread<=0.5,175,117.45700000000215,0.3915233333333405,0.6219041119702237,0.45714285714285713,0,220.32200000000284,0.6022278448951336,-1000000000.0,0.9522821576763485
B,10,12,spread<=0.75,175,117.45700000000215,0.3915233333333405,0.6219041119702237,0.45714285714285713,0,109.96200000000158,0.7087361668088138,-1000000000.0,0.9813278008298755
B,10,12,spread<=1.0,175,117.45700000000215,0.3915233333333405,0.6219041119702237,0.45714285714285713,0,113.15800000000172,0.7002707040955214,-1000000000.0,0.9896265560165975
B,10,12,spread<=1.25,175,117.45700000000215,0.3915233333333405,0.6219041119702237,0.45714285714285713,0,220.66900000000282,0.6039104149855101,-1000000000.0,0.9979253112033195
B,10,12,body>=0.40,408,221.33200000000397,0.7377733333333466,0.6409652701997345,0.5049019607843137,1,317.8440000000037,0.5381268650479517,-1000000000.0,0.8464730290456431
B,10,12,body>=0.60,310,242.49900000000162,0.8083300000000054,0.5652599052463537,0.5225806451612903,2,323.53300000000263,0.47741790648788446,-1000000000.0,0.6431535269709544
B,10,12,close>=0.70,250,118.02600000000189,0.39342000000000626,0.6665480065093521,0.496,2,244.36600000000226,0.600897895402624,-1000000000.0,0.6639004149377593
B,10,12,trend>=2,175,117.45700000000215,0.3915233333333405,0.6219041119702237,0.45714285714285713,0,216.80500000000234,0.6378433060461295,-1000000000.0,0.995850622406639
B,10,12,trend=3,223,110.81100000000242,0.3693700000000081,0.6873075848601858,0.4663677130044843,1,406.4880000000039,0.4531290103827512,-1000000000.0,0.8568464730290456
B,10,12,mom>=0,253,112.4330000000025,0.374776666666675,0.6623116453270559,0.4743083003952569,0,217.79400000000282,0.6160716650685718,-1000000000.0,0.983402489626556
B,10,12,mom>=0.15,253,119.61000000000286,0.39870000000000955,0.7061403185506694,0.4782608695652174,1,294.6980000000035,0.6004905331682906,-1000000000.0,0.9626556016597511
B,10,12,emaAligned,175,117.45700000000215,0.3915233333333405,0.6219041119702237,0.45714285714285713,0,217.8530000000028,0.6473191818485169,-1000000000.0,1.0
B,10,12,prevRoom>=0,253,117.60400000000186,0.39201333333333954,0.71656701058258,0.47035573122529645,1,185.2110000000025,0.5262501647844581,-1000000000.0,0.6950207468879668
B,10,12,prevDist>=0.25,175,117.52600000000302,0.3917533333333434,0.6353351846967676,0.44571428571428573,0,215.86100000000215,0.5367291617821751,-1000000000.0,0.9336099585062241
B,10,12,prevDist>=0.50,150,114.41900000000169,0.38139666666667227,0.6186033333333277,0.46,0,305.45300000000225,0.501928866870476,-1000000000.0,0.8049792531120332
B,10,12,break>=0.05,305,219.96000000000208,0.733200000000007,0.5828039326675208,0.5245901639344263,4,479.79200000000174,0.5896761775951309,-1000000000.0,0.6327800829875518
B,10,12,break>=0.10,228,162.08000000000175,0.5402666666666724,0.6018490456487094,0.4956140350877193,2,260.7039999999995,0.6841033753553957,-1000000000.0,0.4730290456431535
B,10,12,break<=0.25,207,116.46300000000178,0.38821000000000594,0.64882915915354,0.45893719806763283,1,119.35800000000177,0.6673856340288883,-1000000000.0,0.7842323651452282
B,10,12,asiaRatio>=0.80,151,115.83200000000215,0.38610666666667387,0.6138933333333262,0.45695364238410596,0,157.1660000000022,0.5996553156612389,-1000000000.0,0.6680497925311203
B,10,12,time<=12,212,114.07800000000248,0.38026000000000826,0.6580846650921284,0.45754716981132076,0,118.71200000000113,0.6267692868775631,-1000000000.0,0.7780082987551867
B,10,12,time<=13,182,114.13500000000226,0.38045000000000756,0.6325976810213219,0.45054945054945056,0,192.83700000000204,0.666089494644664,-1000000000.0,0.8423236514522822
B,10,12,LONG,263,201.60800000000222,0.6720266666666741,0.6112880194968999,0.5133079847908745,2,270.3650000000016,0.6170150018613321,-1000000000.0,0.5456431535269709
B,10,12,SHORT,103,108.9140000000009,0.3630466666666697,0.6487257058447851,0.4174757281553398,0,210.59700000000112,0.5294399999999981,-1000000000.0,0.45435684647302904
B,10,12,Thu-Fri,175,117.45700000000215,0.3915233333333405,0.6219041119702237,0.45714285714285713,0,217.8530000000028,0.6473191818485169,-1000000000.0,1.0
B,10,12,spread<=10%TP,175,117.45700000000215,0.3915233333333405,0.6219041119702237,0.45714285714285713,0,113.15800000000172,0.7002707040955214,-1000000000.0,0.9896265560165975
B,10,12,spread<=15%TP,175,117.45700000000215,0.3915233333333405,0.6219041119702237,0.45714285714285713,0,220.66900000000282,0.6039104149855101,-1000000000.0,0.9979253112033195
B,10,12,lowSpread+close,233,112.6440000000016,0.3754800000000053,0.6817534580960087,0.48497854077253216,1,237.39500000000248,0.641538430882195,-1000000000.0,0.6556016597510373
B,10,12,body+close,302,229.10700000000338,0.7636900000000113,0.588698372892175,0.5231788079470199,3,323.9100000000037,0.5523271130151598,-1000000000.0,0.6265560165975104
B,10,12,trend+mom,220,117.05700000000229,0.39019000000000764,0.6484236324482072,0.4681818181818182,0,223.53600000000256,0.5980832424970047,-1000000000.0,0.979253112033195
B,10,12,trend+close,235,111.98200000000134,0.3732733333333378,0.6836237681945538,0.4851063829787234,1,230.66300000000183,0.6178299278784827,-1000000000.0,0.6597510373443983
B,10,12,trend+lowSpread,175,117.45700000000215,0.3915233333333405,0.6219041119702237,0.45714285714285713,0,113.66400000000135,0.6883885931100248,-1000000000.0,0.9854771784232366
B,10,12,break+trend,304,219.68400000000202,0.7322800000000067,0.5828039326675208,0.5230263157894737,4,478.68800000000147,0.590354255049887,-1000000000.0,0.6307053941908713
B,10,12,prevRoom+trend,189,118.2720000000013,0.3942400000000043,0.7149570888373105,0.455026455026455,1,180.656000000002,0.5272594107567269,-1000000000.0,0.6908713692946058
B,10,12,prevDist+trend,175,117.52600000000302,0.3917533333333434,0.6353351846967676,0.44571428571428573,0,212.96200000000158,0.5378229342371644,-1000000000.0,0.9315352697095436
B,10,12,early+trend,182,114.13500000000226,0.38045000000000756,0.6325976810213219,0.45054945054945056,0,192.83700000000204,0.666089494644664,-1000000000.0,0.8423236514522822
B,10,12,lowSpread+body,295,118.07400000000325,0.39358000000001087,0.6498730844047932,0.4711864406779661,0,325.13300000000345,0.5180996548180504,-1000000000.0,0.8402489626556017
B,10,12,TPspread+close,250,118.02600000000189,0.39342000000000626,0.6665480065093521,0.496,2,244.36600000000226,0.600897895402624,-1000000000.0,0.6639004149377593
B,10,15,ALL,189,139.75400000000013,0.46584666666666713,0.550129726319313,0.4497354497354497,0,274.8720000000026,0.5281458911786029,-1000000000.0,1.0
B,10,15,spread<=0.5,189,139.75400000000013,0.46584666666666713,0.550129726319313,0.4497354497354497,0,279.5850000000023,0.5373494039650973,-1000000000.0,0.9522821576763485
B,10,15,spread<=0.75,189,139.75400000000013,0.46584666666666713,0.550129726319313,0.4497354497354497,0,141.9710000000009,0.6002100733848831,-1000000000.0,0.9813278008298755
B,10,15,spread<=1.0,189,139.75400000000013,0.46584666666666713,0.550129726319313,0.4497354497354497,0,146.08000000000152,0.5886391412335159,-1000000000.0,0.9896265560165975
B,10,15,spread<=1.25,189,139.75400000000013,0.46584666666666713,0.550129726319313,0.4497354497354497,0,146.08000000000152,0.5886391412335159,-1000000000.0,0.9979253112033195
B,10,15,body>=0.40,408,280.07600000000184,0.9335866666666728,0.49064876035717764,0.5196078431372549,2,273.78600000000233,0.42850170279741,-1000000000.0,0.8464730290456431
B,10,15,body>=0.60,310,285.99700000000007,0.9533233333333335,0.4573249444683508,0.5387096774193548,2,336.66800000000217,0.36617321541770814,-1000000000.0,0.6431535269709544
B,10,15,close>=0.70,320,235.9790000000014,0.7865966666666714,0.4897637641164143,0.5375,1,289.3230000000026,0.4864146569700866,-1000000000.0,0.6639004149377593
B,10,15,close>=0.85,213,298.76700000000255,0.9958900000000085,0.35571353470852163,0.568075117370892,4,272.81800000000203,0.31257034222594465,-1000000000.0,0.44190871369294604
B,10,15,trend>=2,189,139.75400000000013,0.46584666666666713,0.550129726319313,0.4497354497354497,0,276.0850000000021,0.5068230962538689,-1000000000.0,0.995850622406639
B,10,15,trend=3,180,149.62900000000036,0.49876333333333456,0.5183419495644661,0.46111111111111114,1,462.15300000000343,0.4568907646598118,-1000000000.0,0.8568464730290456
B,10,15,mom>=0,221,144.43100000000095,0.48143666666666984,0.5604107633636557,0.4751131221719457,0,279.3110000000024,0.5163693912377395,-1000000000.0,0.983402489626556
B,10,15,mom>=0.15,247,149.84400000000073,0.4994800000000024,0.5671175257255425,0.48582995951417,1,280.14600000000223,0.524371685250213,-1000000000.0,0.9626556016597511
B,10,15,emaAligned,189,139.75400000000013,0.46584666666666713,0.550129726319313,0.4497354497354497,0,274.8720000000026,0.5281458911786029,-1000000000.0,1.0
B,10,15,prevRoom>=0,152,146.60199999999986,0.48867333333333285,0.5575094095879706,0.45394736842105265,0,261.3520000000028,0.40455657261012984,-1000000000.0,0.6950207468879668
B,10,15,prevDist>=0.25,176,135.86500000000137,0.4528833333333379,0.6070926621051816,0.4431818181818182,0,283.6310000000017,0.4794516690414893,-1000000000.0,0.9336099585062241
B,10,15,prevDist>=0.50,171,147.18000000000143,0.49060000000000475,0.5331605708141259,0.47368421052631576,0,293.4000000000008,0.46784910679876957,-1000000000.0,0.8049792531120332
B,10,15,break>=0.05,305,278.82300000000055,0.9294100000000018,0.5232265725482457,0.5344262295081967,3,277.69200000000046,0.5005650303250223,-1000000000.0,0.6327800829875518
B,10,15,break>=0.10,101,145.60199999999986,0.48533999999999955,0.5341630406961867,0.43564356435643564,0,265.2179999999996,0.5435343721637381,-1000000000.0,0.4730290456431535
B,10,15,break<=0.25,223,147.2690000000016,0.490896666666672,0.541783345156749,0.4663677130044843,0,242.38700000000313,0.5433726171471455,-1000000000.0,0.7842323651452282
B,10,15,asiaRatio>=0.80,139,143.2630000000015,0.47754333333333837,0.5224566666666616,0.45323741007194246,0,166.9500000000021,0.5759203745494919,-1000000000.0,0.6680497925311203
B,10,15,time<=12,171,146.30000000000064,0.4876666666666688,0.5290580517231369,0.45614035087719296,0,255.85300000000097,0.49194340862796826,-1000000000.0,0.7780082987551867
B,10,15,time<=13,182,138.8770000000004,0.4629233333333347,0.5529528027966792,0.45604395604395603,0,240.6830000000018,0.49410194146823977,-1000000000.0,0.8423236514522822
B,10,15,LONG,263,233.14800000000196,0.7771600000000065,0.41656439446790156,0.5209125475285171,2,267.29500000000144,0.5299879857958636,-1000000000.0,0.5456431535269709
B,10,15,SHORT,103,147.87799999999993,0.49292666666666646,0.512895851587359,0.42718446601941745,0,276.505000000001,0.46790666666666464,-1000000000.0,0.45435684647302904
B,10,15,Thu-Fri,189,139.75400000000013,0.46584666666666713,0.550129726319313,0.4497354497354497,0,274.8720000000026,0.5281458911786029,-1000000000.0,1.0
B,10,15,spread<=10%TP,189,139.75400000000013,0.46584666666666713,0.550129726319313,0.4497354497354497,0,146.08000000000152,0.5886391412335159,-1000000000.0,0.9896265560165975
B,10,15,spread<=15%TP,189,139.75400000000013,0.46584666666666713,0.550129726319313,0.4497354497354497,0,146.08000000000152,0.5886391412335159,-1000000000.0,0.9979253112033195
B,10,15,lowSpread+close,169,143.61500000000024,0.47871666666666746,0.5291326913682242,0.47928994082840237,0,289.3230000000026,0.4864146569700866,-1000000000.0,0.6556016597510373
B,10,15,body+close,302,274.41600000000153,0.9147200000000051,0.435264146674927,0.5397350993377483,2,270.7520000000022,0.4244107973454242,-1000000000.0,0.6265560165975104
B,10,15,trend+mom,220,138.04500000000075,0.4601500000000025,0.5798471507400482,0.4727272727272727,0,277.12400000000184,0.5450259476110465,-1000000000.0,0.979253112033195
B,10,15,trend+close,318,244.31700000000114,0.8143900000000038,0.5008901610158654,0.5345911949685535,1,272.3910000000019,0.4819545783049023,-1000000000.0,0.6597510373443983
B,10,15,trend+lowSpread,189,139.75400000000013,0.46584666666666713,0.550129726319313,0.4497354497354497,0,147.29300000000103,0.5490151652005618,-1000000000.0,0.9854771784232366
B,10,15,break+trend,304,278.5470000000005,0.9284900000000016,0.5232265725482457,0.5328947368421053,3,276.6320000000005,0.4713578243938267,-1000000000.0,0.6307053941908713
B,10,15,prevRoom+trend,146,145.87599999999952,0.48625333333333176,0.5597007041722142,0.4452054794520548,0,257.2590000000023,0.39731385693469945,-1000000000.0,0.6908713692946058
B,10,15,prevDist+trend,176,135.86500000000137,0.4528833333333379,0.6070926621051816,0.4431818181818182,0,285.12000000000126,0.429451046071223,-1000000000.0,0.9315352697095436
B,10,15,early+trend,182,138.8770000000004,0.4629233333333347,0.5529528027966792,0.45604395604395603,0,240.6830000000018,0.49410194146823977,-1000000000.0,0.8423236514522822
B,10,15,lowSpread+body,405,275.07600000000184,0.9169200000000062,0.5067438371950744,0.5185185185185185,2,279.0450000000026,0.4492857905003684,-1000000000.0,0.8402489626556017
B,10,15,TPspread+close,320,235.9790000000014,0.7865966666666714,0.4897637641164143,0.5375,1,289.3230000000026,0.4864146569700866,-1000000000.0,0.6639004149377593
B,10,20,ALL,177,194.51600000000053,0.6483866666666684,0.40605982882494973,0.4519774011299435,1,527.7890000000016,0.3076360194632174,-1000000000.0,1.0
B,10,20,spread<=0.5,177,194.51600000000053,0.6483866666666684,0.40605982882494973,0.4519774011299435,1,538.5740000000017,0.29681258088111123,-1000000000.0,0.9522821576763485
B,10,20,spread<=0.75,177,194.51600000000053,0.6483866666666684,0.40605982882494973,0.4519774011299435,1,389.55300000000125,0.3596562207400386,-1000000000.0,0.9813278008298755
B,10,20,spread<=1.0,177,194.51600000000053,0.6483866666666684,0.40605982882494973,0.4519774011299435,1,385.43300000000136,0.3227958940688249,-1000000000.0,0.9896265560165975
B,10,20,spread<=1.25,177,194.51600000000053,0.6483866666666684,0.40605982882494973,0.4519774011299435,1,524.6620000000019,0.2963561160930592,-1000000000.0,0.9979253112033195
B,10,20,trend>=2,177,194.51600000000053,0.6483866666666684,0.40605982882494973,0.4519774011299435,1,503.9740000000015,0.3187066425924153,-1000000000.0,0.995850622406639
B,10,20,trend=3,183,191.10400000000027,0.6370133333333342,0.4458617380033465,0.4644808743169399,1,584.4290000000015,0.2754764287808467,-1000000000.0,0.8568464730290456
B,10,20,mom>=0,221,185.32700000000023,0.6177566666666674,0.4627486563425848,0.4796380090497738,1,553.4770000000015,0.32161768371393534,-1000000000.0,0.983402489626556
B,10,20,emaAligned,177,194.51600000000053,0.6483866666666684,0.40605982882494973,0.4519774011299435,1,527.7890000000016,0.3076360194632174,-1000000000.0,1.0
B,10,20,prevRoom>=0,156,197.10999999999967,0.6570333333333322,0.45866152544793504,0.4551282051282051,1,351.99300000000153,0.28721954275855094,-1000000000.0,0.6950207468879668
B,10,20,prevDist>=0.25,162,193.04200000000105,0.6434733333333369,0.4280965684372051,0.4506172839506173,0,520.8940000000007,0.34554161809589284,-1000000000.0,0.9336099585062241
B,10,20,prevDist>=0.50,172,185.02400000000057,0.6167466666666686,0.4330173964471653,0.47674418604651164,0,504.2160000000001,0.3108959013420387,-1000000000.0,0.8049792531120332
B,10,20,break>=0.10,93,199.85400000000004,0.6661800000000001,0.36009861680327937,0.45161290322580644,0,361.4669999999994,0.3376805516542929,-1000000000.0,0.4730290456431535
B,10,20,asiaRatio>=0.80,135,183.48200000000134,0.6116066666666711,0.38839333333332887,0.4666666666666667,0,327.9330000000009,0.2958269752362494,-1000000000.0,0.6680497925311203
B,10,20,time<=12,171,199.7030000000002,0.6656766666666674,0.3849198282606156,0.4619883040935672,0,366.18300000000045,0.26658978293968205,-1000000000.0,0.7780082987551867
B,10,20,time<=13,182,195.702,0.65234,0.39557480032861686,0.46153846153846156,0,358.1950000000013,0.2647384856318031,-1000000000.0,0.8423236514522822
B,10,20,SHORT,103,182.19299999999998,0.6073099999999999,0.41771468201589734,0.4368932038834951,0,361.5200000000002,0.21357976602318562,-1000000000.0,0.45435684647302904
B,10,20,Thu-Fri,177,194.51600000000053,0.6483866666666684,0.40605982882494973,0.4519774011299435,1,527.7890000000016,0.3076360194632174,-1000000000.0,1.0
B,10,20,spread<=10%TP,177,194.51600000000053,0.6483866666666684,0.40605982882494973,0.4519774011299435,1,385.43300000000136,0.3227958940688249,-1000000000.0,0.9896265560165975
B,10,20,spread<=15%TP,177,194.51600000000053,0.6483866666666684,0.40605982882494973,0.4519774011299435,1,524.6620000000019,0.2963561160930592,-1000000000.0,0.9979253112033195
B,10,20,lowSpread+close,145,195.39700000000016,0.6513233333333339,0.4169185732488635,0.47586206896551725,1,360.37200000000166,0.34102819782099963,-1000000000.0,0.6556016597510373
B,10,20,trend+mom,219,198.94100000000003,0.6631366666666668,0.42328252462647253,0.4794520547945205,1,556.4530000000011,0.30948451056922055,-1000000000.0,0.979253112033195
B,10,20,trend+close,170,198.98199999999997,0.6632733333333333,0.40622062540471693,0.48823529411764705,1,367.7960000000014,0.3066730136749174,-1000000000.0,0.6597510373443983
B,10,20,trend+lowSpread,177,194.51600000000053,0.6483866666666684,0.40605982882494973,0.4519774011299435,1,470.8800000000017,0.3288650080965699,-1000000000.0,0.9854771784232366
B,10,20,prevRoom+trend,151,193.88299999999936,0.6462766666666645,0.4675240857309227,0.4503311258278146,1,415.270000000002,0.24162339731573768,-1000000000.0,0.6908713692946058
B,10,20,prevDist+trend,162,193.04200000000105,0.6434733333333369,0.4280965684372051,0.4506172839506173,0,524.4200000000005,0.3435302274903425,-1000000000.0,0.9315352697095436
B,10,20,early+trend,182,195.702,0.65234,0.39557480032861686,0.46153846153846156,0,358.1950000000013,0.2647384856318031,-1000000000.0,0.8423236514522822
B,10,25,ALL,157,246.0430000000008,0.820143333333336,0.24872595808867665,0.46496815286624205,1,465.3160000000014,0.25660335918806126,-1000000000.0,1.0
B,10,25,spread<=0.5,157,246.0430000000008,0.820143333333336,0.24872595808867665,0.46496815286624205,1,439.1310000000012,0.25601741022850877,-1000000000.0,0.9522821576763485
B,10,25,spread<=0.75,157,246.0430000000008,0.820143333333336,0.24872595808867665,0.46496815286624205,1,232.03800000000047,0.3294397114751063,-1000000000.0,0.9813278008298755
B,10,25,spread<=1.0,157,246.0430000000008,0.820143333333336,0.24872595808867665,0.46496815286624205,1,234.79300000000057,0.3214781121039423,-1000000000.0,0.9896265560165975
B,10,25,spread<=1.25,157,246.0430000000008,0.820143333333336,0.24872595808867665,0.46496815286624205,1,248.8790000000006,0.2807713648290923,-1000000000.0,0.9979253112033195
B,10,25,body>=0.40,149,244.33800000000042,0.8144600000000014,0.2648172107717763,0.4563758389261745,0,464.60600000000113,0.30705996707743216,-1000000000.0,0.8464730290456431
B,10,25,close>=0.70,118,239.50799999999958,0.7983599999999986,0.28528756143486933,0.4576271186440678,1,368.4670000000017,0.2657008662742275,-1000000000.0,0.6639004149377593
B,10,25,trend>=2,157,246.0430000000008,0.820143333333336,0.24872595808867665,0.46496815286624205,1,448.65400000000113,0.2614279405270131,-1000000000.0,0.995850622406639
B,10,25,trend=3,148,240.7770000000005,0.8025900000000017,0.30182650123090915,0.4594594594594595,1,242.4930000000004,0.26439253753981445,-1000000000.0,0.8568464730290456
B,10,25,mom>=0,171,240.75700000000006,0.8025233333333336,0.30206056459701935,0.4678362573099415,1,475.89900000000125,0.25660335918806126,-1000000000.0,0.983402489626556
B,10,25,mom>=0.15,181,241.03299999999967,0.8034433333333323,0.3160729233170195,0.4696132596685083,1,461.8630000000012,0.22752545977875158,-1000000000.0,0.9626556016597511
B,10,25,emaAligned,157,246.0430000000008,0.820143333333336,0.24872595808867665,0.46496815286624205,1,465.3160000000014,0.25660335918806126,-1000000000.0,1.0
B,10,25,prevRoom>=0,129,247.6039999999996,0.8253466666666653,0.31998593854705754,0.4573643410852713,1,419.83200000000147,0.19304717062213525,-1000000000.0,0.6950207468879668
B,10,25,prevDist>=0.25,147,246.5220000000013,0.8217400000000044,0.26965749548946194,0.46258503401360546,0,479.68800000000056,0.2891776954468397,-1000000000.0,0.9336099585062241
B,10,25,prevDist>=0.50,138,231.9220000000007,0.7730733333333357,0.28930441790697137,0.47101449275362317,0,241.49100000000044,0.26743212498103985,-1000000000.0,0.8049792531120332
B,10,25,break>=0.05,116,240.08500000000026,0.8002833333333342,0.3068439363099622,0.47413793103448276,1,570.1469999999999,0.23953656153253838,-1000000000.0,0.6327800829875518
B,10,25,break>=0.10,38,249.9090000000008,0.8330300000000026,0.184050541987721,0.4473684210526316,0,381.6909999999998,0.20017075687195268,-1000000000.0,0.4730290456431535
B,10,25,break<=0.25,170,247.81600000000094,0.8260533333333364,0.22733522693613384,0.47058823529411764,1,396.118000000002,0.23733787159222192,-1000000000.0,0.7842323651452282
B,10,25,asiaRatio>=0.80,90,246.92400000000157,0.8230800000000053,0.17691999999999478,0.4666666666666667,0,233.9530000000002,0.28701993697696665,-1000000000.0,0.6680497925311203
B,10,25,time<=12,63,249.67500000000086,0.8322500000000029,0.1825700057949382,0.4126984126984127,0,248.12400000000025,0.248948902590739,-1000000000.0,0.7780082987551867
B,10,25,time<=13,64,249.4200000000012,0.831400000000004,0.1831053264205222,0.40625,0,420.01400000000126,0.23104939868825086,-1000000000.0,0.8423236514522822
B,10,25,LONG,116,238.27000000000066,0.7942333333333356,0.2672087687680284,0.4827586206896552,1,382.6070000000009,0.21998069148950936,-1000000000.0,0.5456431535269709
B,10,25,SHORT,83,249.9820000000002,0.833273333333334,0.2010623439961904,0.46987951807228917,0,249.70000000000005,0.1695379744309486,-1000000000.0,0.45435684647302904
B,10,25,Thu-Fri,157,246.0430000000008,0.820143333333336,0.24872595808867665,0.46496815286624205,1,465.3160000000014,0.25660335918806126,-1000000000.0,1.0
B,10,25,spread<=10%TP,157,246.0430000000008,0.820143333333336,0.24872595808867665,0.46496815286624205,1,234.79300000000057,0.3214781121039423,-1000000000.0,0.9896265560165975
B,10,25,spread<=15%TP,157,246.0430000000008,0.820143333333336,0.24872595808867665,0.46496815286624205,1,248.8790000000006,0.2807713648290923,-1000000000.0,0.9979253112033195
B,10,25,lowSpread+close,118,239.50799999999958,0.7983599999999986,0.28528756143486933,0.4576271186440678,1,245.12600000000043,0.3056038707557377,-1000000000.0,0.6556016597510373
B,10,25,body+close,105,248.21000000000026,0.8273666666666676,0.24143052737096884,0.45714285714285713,1,439.3500000000013,0.1950997983647155,-1000000000.0,0.6265560165975104
B,10,25,trend+mom,171,240.75700000000006,0.8025233333333336,0.30206056459701935,0.4678362573099415,1,464.237000000001,0.2614279405270131,-1000000000.0,0.979253112033195
B,10,25,trend+close,118,239.50799999999958,0.7983599999999986,0.28528756143486933,0.4576271186440678,1,361.8050000000014,0.2705960417748543,-1000000000.0,0.6597510373443983
B,10,25,trend+lowSpread,157,246.0430000000008,0.820143333333336,0.24872595808867665,0.46496815286624205,1,228.40700000000038,0.32752244958044996,-1000000000.0,0.9854771784232366
B,10,25,break+trend,116,240.08500000000026,0.8002833333333342,0.3068439363099622,0.47413793103448276,1,569.8709999999999,0.23963723074767984,-1000000000.0,0.6307053941908713
B,10,25,break+close,81,249.08699999999976,0.8302899999999992,0.2794226980678509,0.48148148148148145,1,456.7100000000005,0.1447591315007519,-1000000000.0,0.4190871369294606
B,10,25,prevRoom+trend,129,247.6039999999996,0.8253466666666653,0.31998593854705754,0.4573643410852713,1,413.1700000000012,0.19608153095868924,-1000000000.0,0.6908713692946058
B,10,25,prevDist+trend,147,246.5220000000013,0.8217400000000044,0.26965749548946194,0.46258503401360546,0,466.88000000000056,0.29220190096882587,-1000000000.0,0.9315352697095436
B,10,25,early+trend,64,249.4200000000012,0.831400000000004,0.1831053264205222,0.40625,0,420.01400000000126,0.23104939868825086,-1000000000.0,0.8423236514522822
B,10,25,lowSpread+body,149,244.33800000000042,0.8144600000000014,0.2648172107717763,0.4563758389261745,0,462.2420000000011,0.27100058777053526,-1000000000.0,0.8402489626556017
B,10,25,TPspread+close,118,239.50799999999958,0.7983599999999986,0.28528756143486933,0.4576271186440678,1,368.4670000000017,0.2657008662742275,-1000000000.0,0.6639004149377593
B,10,30,ALL,7,296.7260000000001,0.989086666666667,0.028169798281841716,0.2857142857142857,0,297.9440000000002,0.06090749776214448,-1000000000.0,1.0
B,10,30,spread<=0.5,7,296.7260000000001,0.989086666666667,0.028169798281841716,0.2857142857142857,0,297.9440000000002,0.06090749776214448,-1000000000.0,0.9522821576763485
B,10,30,spread<=0.75,7,296.7260000000001,0.989086666666667,0.028169798281841716,0.2857142857142857,0,297.9440000000002,0.06090749776214448,-1000000000.0,0.9813278008298755
B,10,30,spread<=1.0,7,296.7260000000001,0.989086666666667,0.028169798281841716,0.2857142857142857,0,297.9440000000002,0.06090749776214448,-1000000000.0,0.9896265560165975
B,10,30,spread<=1.25,7,296.7260000000001,0.989086666666667,0.028169798281841716,0.2857142857142857,0,297.9440000000002,0.06090749776214448,-1000000000.0,0.9979253112033195
B,10,30,body>=0.40,7,297.16599999999994,0.9905533333333332,0.026728720355553418,0.2857142857142857,0,491.81100000000083,0.19893305635058672,-1000000000.0,0.8464730290456431
B,10,30,body>=0.60,1,298.55899999999997,0.9951966666666666,0.004803333333333436,0.0,0,298.68700000000035,0.1023789345883144,-1000000000.0,0.6431535269709544
B,10,30,close>=0.70,1,298.55899999999997,0.9951966666666666,0.004803333333333436,0.0,0,298.9700000000007,0.1530738854297087,-1000000000.0,0.6639004149377593
B,10,30,close>=0.85,3,297.88300000000004,0.9929433333333335,0.010200928384166088,0.3333333333333333,0,298.75500000000056,0.08603236079626222,-1000000000.0,0.44190871369294604
B,10,30,trend>=2,7,296.7260000000001,0.989086666666667,0.028169798281841716,0.2857142857142857,0,291.558,0.06215863253581766,-1000000000.0,0.995850622406639
B,10,30,trend=3,7,296.7260000000001,0.989086666666667,0.028169798281841716,0.2857142857142857,0,291.558,0.06215863253581766,-1000000000.0,0.8568464730290456
B,10,30,mom>=0,7,296.7260000000001,0.989086666666667,0.028169798281841716,0.2857142857142857,0,297.9440000000002,0.06090749776214448,-1000000000.0,0.983402489626556
B,10,30,mom>=0.15,7,296.7260000000001,0.989086666666667,0.028169798281841716,0.2857142857142857,0,297.9440000000002,0.06090749776214448,-1000000000.0,0.9626556016597511
B,10,30,emaAligned,7,296.7260000000001,0.989086666666667,0.028169798281841716,0.2857142857142857,0,297.9440000000002,0.06090749776214448,-1000000000.0,1.0
B,10,30,prevRoom>=0,5,298.0229999999999,0.9934099999999997,0.02392189357639543,0.4,0,289.87800000000016,0.06249636160180094,-1000000000.0,0.6950207468879668
B,10,30,prevDist>=0.25,7,296.7260000000001,0.989086666666667,0.028169798281841716,0.2857142857142857,0,297.9440000000002,0.06090749776214448,-1000000000.0,0.9336099585062241
B,10,30,prevDist>=0.50,1,298.55899999999997,0.9951966666666666,0.004803333333333436,0.0,0,291.558,0.06215863253581766,-1000000000.0,0.8049792531120332
B,10,30,break>=0.05,6,297.47900000000004,0.9915966666666668,0.028735144312393664,0.3333333333333333,0,291.558,0.06215863253581766,-1000000000.0,0.6327800829875518
B,10,30,break>=0.10,6,297.47900000000004,0.9915966666666668,0.028735144312393664,0.3333333333333333,0,295.00299999999993,0.028518456315060055,-1000000000.0,0.4730290456431535
B,10,30,break<=0.25,8,298.4580000000001,0.9948600000000003,0.03939516829847635,0.375,0,276.69300000000044,0.1782038830626117,-1000000000.0,0.7842323651452282
B,10,30,asiaRatio>=0.80,1,297.15599999999995,0.9905199999999998,0.00948000000000017,0.0,0,294.06700000000023,0.10382039045024283,-1000000000.0,0.6680497925311203
B,10,30,time<=12,5,298.6170000000002,0.9953900000000007,0.02197643837590455,0.2,0,295.00299999999993,0.028518456315060055,-1000000000.0,0.7780082987551867
B,10,30,time<=13,5,299.7450000000001,0.9991500000000004,0.01828203860123697,0.2,0,297.81899999999996,0.02825642213659037,-1000000000.0,0.8423236514522822
B,10,30,LONG,6,298.16700000000014,0.9938900000000005,0.026488833746897707,0.3333333333333333,0,295.3600000000006,0.17824759965166753,-1000000000.0,0.5456431535269709
B,10,30,SHORT,1,298.55899999999997,0.9951966666666666,0.004803333333333436,0.0,0,291.3399999999999,0.02886666666666694,-1000000000.0,0.45435684647302904
B,10,30,Thu-Fri,7,296.7260000000001,0.989086666666667,0.028169798281841716,0.2857142857142857,0,297.9440000000002,0.06090749776214448,-1000000000.0,1.0
B,10,30,spread<=10%TP,7,296.7260000000001,0.989086666666667,0.028169798281841716,0.2857142857142857,0,297.9440000000002,0.06090749776214448,-1000000000.0,0.9896265560165975
B,10,30,spread<=15%TP,7,296.7260000000001,0.989086666666667,0.028169798281841716,0.2857142857142857,0,297.9440000000002,0.06090749776214448,-1000000000.0,0.9979253112033195
B,10,30,lowSpread+close,1,298.55899999999997,0.9951966666666666,0.004803333333333436,0.0,0,294.77000000000066,0.16497170019772975,-1000000000.0,0.6556016597510373
B,10,30,body+close,1,298.55899999999997,0.9951966666666666,0.004803333333333436,0.0,0,295.8490000000006,0.13748156008932744,-1000000000.0,0.6265560165975104
B,10,30,trend+mom,7,296.7260000000001,0.989086666666667,0.028169798281841716,0.2857142857142857,0,291.558,0.06215863253581766,-1000000000.0,0.979253112033195
B,10,30,trend+close,1,298.55899999999997,0.9951966666666666,0.004803333333333436,0.0,0,298.4980000000005,0.13883215048179504,-1000000000.0,0.6597510373443983
B,10,30,trend+lowSpread,7,296.7260000000001,0.989086666666667,0.028169798281841716,0.2857142857142857,0,291.558,0.06215863253581766,-1000000000.0,0.9854771784232366
B,10,30,break+trend,6,297.47900000000004,0.9915966666666668,0.028735144312393664,0.3333333333333333,0,291.558,0.06215863253581766,-1000000000.0,0.6307053941908713
B,10,30,break+close,4,297.1550000000002,0.9905166666666674,0.014600839639472396,0.5,0,479.73700000000053,0.1244153518147312,-1000000000.0,0.4190871369294606
B,10,30,prevRoom+trend,5,298.0229999999999,0.9934099999999997,0.02392189357639543,0.4,0,294.15599999999995,0.028598224664482988,-1000000000.0,0.6908713692946058
B,10,30,prevDist+trend,7,296.7260000000001,0.989086666666667,0.028169798281841716,0.2857142857142857,0,291.558,0.06215863253581766,-1000000000.0,0.9315352697095436
B,10,30,early+trend,5,299.7450000000001,0.9991500000000004,0.01828203860123697,0.2,0,297.81899999999996,0.02825642213659037,-1000000000.0,0.8423236514522822
B,10,30,lowSpread+body,7,297.16599999999994,0.9905533333333332,0.026728720355553418,0.2857142857142857,0,299.73600000000033,0.12515469213346736,-1000000000.0,0.8402489626556017
B,10,30,TPspread+close,1,298.55899999999997,0.9951966666666666,0.004803333333333436,0.0,0,298.9700000000007,0.1530738854297087,-1000000000.0,0.6639004149377593
B,12,8,ALL,263,79.98000000000161,0.2666000000000054,0.7468835151480576,0.4372623574144487,0,79.55900000000156,0.8145754479518174,-1000000000.0,1.0
B,12,8,spread<=0.5,268,72.15000000000168,0.2405000000000056,0.7716634860956776,0.4291044776119403,0,144.0860000000032,0.7469799210225079,-1000000000.0,0.9522821576763485
B,12,8,spread<=0.75,251,78.0040000000015,0.2600133333333383,0.7531370557090411,0.4342629482071713,0,79.05900000000156,0.7900510671521064,-1000000000.0,0.9813278008298755
B,12,8,spread<=1.0,256,78.0040000000015,0.2600133333333383,0.7531370557090411,0.43359375,0,77.20500000000152,0.7949745460918856,-1000000000.0,0.9896265560165975
B,12,8,spread<=1.25,260,78.0040000000015,0.2600133333333383,0.7531370557090411,0.4346153846153846,0,77.20500000000152,0.7949745460918856,-1000000000.0,0.9979253112033195
B,12,8,body>=0.40,242,79.95100000000093,0.2665033333333364,0.7558733183103379,0.43388429752066116,0,218.2830000000024,0.7782112270146209,-1000000000.0,0.8464730290456431
B,12,8,body>=0.60,310,272.91000000000076,0.9097000000000025,0.7442848184254045,0.4645161290322581,2,273.2630000000024,0.6629168472467868,-1000000000.0,0.6431535269709544
B,12,8,close>=0.70,237,74.05900000000042,0.24686333333333474,0.8016806227623149,0.4472573839662447,1,172.7780000000023,0.7433615557784268,-1000000000.0,0.6639004149377593
B,12,8,trend>=2,263,72.84400000000142,0.24281333333333804,0.7694671515059405,0.43346007604562736,0,147.96600000000217,0.76852992189825,-1000000000.0,0.995850622406639
B,12,8,trend=3,247,78.08700000000226,0.2602900000000075,0.7950865057351159,0.4251012145748988,0,420.991000000005,0.6929100762530481,-1000000000.0,0.8568464730290456
B,12,8,mom>=0,282,77.18200000000161,0.2572733333333387,0.780661918916917,0.43617021276595747,0,75.55900000000156,0.823898066488912,-1000000000.0,0.983402489626556
B,12,8,mom>=0.15,276,75.76700000000233,0.2525566666666744,0.7850959547540507,0.4420289855072464,0,146.61500000000342,0.7811467896247194,-1000000000.0,0.9626556016597511
B,12,8,emaAligned,263,79.98000000000161,0.2666000000000054,0.7468835151480576,0.4372623574144487,0,79.55900000000156,0.8145754479518174,-1000000000.0,1.0
B,12,8,prevRoom>=0,335,142.3170000000016,0.4743900000000053,0.8077993449356761,0.4388059701492537,3,205.2150000000031,0.6937225265011611,-1000000000.0,0.6950207468879668
B,12,8,prevDist>=0.25,269,76.25800000000208,0.25419333333334027,0.7586627044031062,0.4275092936802974,1,222.80100000000334,0.6546156284377134,-1000000000.0,0.9336099585062241
B,12,8,prevDist>=0.50,249,72.78900000000158,0.24263000000000526,0.7601585565162332,0.43373493975903615,0,231.60400000000186,0.6823013436654585,-1000000000.0,0.8049792531120332
B,12,8,break>=0.05,305,111.64600000000223,0.3721533333333408,0.7810193878243514,0.45901639344262296,2,314.21400000000517,0.8206396377461264,-1000000000.0,0.6327800829875518
B,12,8,break>=0.10,228,83.69900000000143,0.27899666666667144,0.8075646933373927,0.4342105263157895,2,183.10300000000234,0.8534514733495173,-1000000000.0,0.4730290456431535
B,12,8,break<=0.25,207,79.58800000000042,0.2652933333333347,0.7645980112039836,0.4251207729468599,0,79.35900000000038,0.787182519569746,-1000000000.0,0.7842323651452282
B,12,8,asiaRatio>=0.80,163,75.56400000000212,0.2518800000000071,0.7481199999999929,0.43558282208588955,0,115.02700000000209,0.7474197104757224,-1000000000.0,0.6680497925311203
B,12,8,time<=12,212,78.25000000000114,0.26083333333333714,0.7564240245287976,0.42452830188679247,0,147.75100000000134,0.7487390890210948,-1000000000.0,0.7780082987551867
B,12,8,time<=13,236,79.84600000000091,0.26615333333333635,0.7473075912792196,0.4279661016949153,0,146.6050000000016,0.7704699519309937,-1000000000.0,0.8423236514522822
B,12,8,LONG,263,154.20000000000164,0.5140000000000055,0.6976000398230342,0.4448669201520912,2,149.93000000000052,0.765863135626723,-1000000000.0,0.5456431535269709
B,12,8,SHORT,116,73.50500000000034,0.2450166666666678,0.7728073537411595,0.3879310344827586,0,216.75400000000195,0.6314899999999981,-1000000000.0,0.45435684647302904
B,12,8,Thu-Fri,263,79.98000000000161,0.2666000000000054,0.7468835151480576,0.4372623574144487,0,79.55900000000156,0.8145754479518174,-1000000000.0,1.0
B,12,8,spread<=10%TP,262,75.23000000000161,0.250766666666672,0.7619160645734977,0.4351145038167939,0,79.55900000000156,0.8128305384600872,-1000000000.0,0.995850622406639
B,12,8,spread<=15%TP,260,78.0040000000015,0.2600133333333383,0.7531370557090411,0.4346153846153846,0,77.20500000000152,0.7949745460918856,-1000000000.0,0.9979253112033195
B,12,8,lowSpread+close,233,75.2290000000005,0.250763333333335,0.7985475306145934,0.44635193133047213,1,172.26600000000212,0.7444634794099543,-1000000000.0,0.6556016597510373
B,12,8,body+close,241,78.68900000000099,0.26229666666666995,0.7740256905815532,0.44813278008298757,0,207.41300000000228,0.698323456289757,-1000000000.0,0.6265560165975104
B,12,8,trend+mom,281,75.98000000000138,0.25326666666667125,0.7840777979231868,0.43416370106761565,0,144.52700000000232,0.7544079764360542,-1000000000.0,0.979253112033195
B,12,8,trend+close,248,75.76400000000012,0.2525466666666671,0.7971148773675595,0.45161290322580644,1,170.62700000000154,0.7091987560486542,-1000000000.0,0.6597510373443983
B,12,8,trend+lowSpread,254,79.6180000000013,0.2653933333333377,0.7480291536516395,0.4330708661417323,0,79.66100000000074,0.7704419642728476,-1000000000.0,0.9854771784232366
B,12,8,break+trend,304,111.71400000000222,0.37238000000000737,0.8085805189415609,0.4605263157894737,2,381.44500000000653,0.8097298363964286,-1000000000.0,0.6307053941908713
B,12,8,prevRoom+trend,203,79.83200000000011,0.26610666666666705,0.8128307265962201,0.4187192118226601,1,203.19000000000233,0.6918844148895154,-1000000000.0,0.6908713692946058
B,12,8,prevDist+trend,246,75.18000000000188,0.25060000000000626,0.7620743019358699,0.43089430894308944,0,199.42900000000236,0.6780089559739373,-1000000000.0,0.9315352697095436
B,12,8,early+trend,236,79.84600000000091,0.26615333333333635,0.7473075912792196,0.4279661016949153,0,146.6050000000016,0.7704699519309937,-1000000000.0,0.8423236514522822
B,12,8,lowSpread+body,240,75.95100000000093,0.2531700000000031,0.7680871333565366,0.43333333333333335,0,223.07600000000275,0.7612550773721737,-1000000000.0,0.8402489626556017
B,12,8,TPspread+close,237,74.05900000000042,0.24686333333333474,0.8016806227623149,0.4472573839662447,1,172.7780000000023,0.7433615557784268,-1000000000.0,0.6639004149377593
B,12,10,ALL,264,92.46300000000201,0.3082100000000067,0.7434540737760584,0.45075757575757575,1,91.21700000000214,0.7722910935479478,-1000000000.0,1.0
B,12,10,spread<=0.5,247,92.69100000000208,0.3089700000000069,0.7428214696946521,0.4493927125506073,1,99.52700000000232,0.7515464844003487,-1000000000.0,0.9522821576763485
B,12,10,spread<=0.75,251,97.2370000000019,0.32412333333333965,0.7302082321767912,0.450199203187251,1,94.62500000000205,0.7637835570888607,-1000000000.0,0.9813278008298755
B,12,10,spread<=1.0,256,91.2370000000019,0.3041233333333397,0.7468557080032691,0.44921875,1,91.37500000000205,0.7718966713764294,-1000000000.0,0.9896265560165975
B,12,10,spread<=1.25,260,95.2370000000019,0.317456666666673,0.7357573907856172,0.45,1,99.521000000002,0.7515614624574958,-1000000000.0,0.9979253112033195
B,12,10,body>=0.40,298,94.84100000000171,0.3161366666666724,0.7641821179126662,0.45302013422818793,0,180.15500000000225,0.7395436067729073,-1000000000.0,0.8464730290456431
B,12,10,body>=0.60,310,272.1130000000003,0.9070433333333343,0.7425787963522732,0.4935483870967742,2,274.0090000000023,0.6214317029492525,-1000000000.0,0.6431535269709544
B,12,10,close>=0.70,250,98.86900000000105,0.3295633333333368,0.7575629026048675,0.472,1,191.791000000002,0.7708576238287798,-1000000000.0,0.6639004149377593
B,12,10,trend>=2,262,96.07700000000182,0.32025666666667274,0.7334267441699105,0.45038167938931295,1,99.74700000000121,0.7354808426680218,-1000000000.0,0.995850622406639
B,12,10,trend=3,246,98.1030000000028,0.3270100000000093,0.7850155371379173,0.44715447154471544,1,448.43600000000424,0.6148970353691705,-1000000000.0,0.8568464730290456
B,12,10,mom>=0,259,91.09800000000178,0.3036600000000059,0.7802760237528962,0.4594594594594595,1,97.82300000000237,0.7558002526298923,-1000000000.0,0.983402489626556
B,12,10,mom>=0.15,252,99.94800000000191,0.3331600000000064,0.7669970812857215,0.46825396825396826,1,188.99600000000328,0.7388058281522736,-1000000000.0,0.9626556016597511
B,12,10,emaAligned,264,92.46300000000201,0.3082100000000067,0.7434540737760584,0.45075757575757575,1,91.21700000000214,0.7722910935479478,-1000000000.0,1.0
B,12,10,prevRoom>=0,254,93.97200000000066,0.3132400000000022,0.8003734553542391,0.4448818897637795,1,167.72200000000225,0.6314633232940712,-1000000000.0,0.6950207468879668
B,12,10,prevDist>=0.25,269,90.9130000000032,0.303043333333344,0.7798423518870482,0.4423791821561338,0,186.93800000000215,0.6776547358120334,-1000000000.0,0.9336099585062241
B,12,10,prevDist>=0.50,234,95.858000000002,0.3195266666666733,0.7619883549143958,0.452991452991453,0,192.25600000000145,0.7089805323186585,-1000000000.0,0.8049792531120332
B,12,10,break>=0.05,305,208.14800000000287,0.6938266666666763,0.6774820486275017,0.5016393442622951,3,559.8200000000058,0.7283048992840178,-1000000000.0,0.6327800829875518
B,12,10,break>=0.10,228,161.4470000000017,0.5381566666666724,0.7205867621898185,0.47368421052631576,2,227.10000000000105,0.8085497354512928,-1000000000.0,0.4730290456431535
B,12,10,break<=0.25,207,94.64300000000162,0.31547666666667207,0.720068974900467,0.4444444444444444,0,93.6110000000017,0.755801638232375,-1000000000.0,0.7842323651452282
B,12,10,asiaRatio>=0.80,165,92.04700000000298,0.3068233333333433,0.6931766666666568,0.44242424242424244,0,98.69000000000187,0.7356996901454426,-1000000000.0,0.6680497925311203
B,12,10,time<=12,220,96.4940000000015,0.3216466666666717,0.7201174129699525,0.4409090909090909,0,94.28300000000036,0.703898999733052,-1000000000.0,0.7780082987551867
B,12,10,time<=13,237,94.9930000000013,0.31664333333333766,0.7347549653341042,0.4472573839662447,0,99.3640000000014,0.7540817665009261,-1000000000.0,0.8423236514522822
B,12,10,LONG,263,179.5190000000025,0.598396666666675,0.641008191556392,0.4828897338403042,3,185.51300000000128,0.716539351436207,-1000000000.0,0.5456431535269709
B,12,10,SHORT,114,93.50400000000081,0.31168000000000273,0.7078958466753069,0.41228070175438597,0,189.83700000000135,0.573293333333332,-1000000000.0,0.45435684647302904
B,12,10,Thu-Fri,264,92.46300000000201,0.3082100000000067,0.7434540737760584,0.45075757575757575,1,91.21700000000214,0.7722910935479478,-1000000000.0,1.0
B,12,10,spread<=10%TP,262,90.46300000000201,0.30154333333334005,0.7490032323848843,0.45038167938931295,1,99.521000000002,0.7515614624574958,-1000000000.0,0.995850622406639
B,12,10,spread<=15%TP,260,95.2370000000019,0.317456666666673,0.7357573907856172,0.45,1,99.521000000002,0.7515614624574958,-1000000000.0,0.9979253112033195
B,12,10,lowSpread+close,233,95.21500000000083,0.31738333333333607,0.7665228916194409,0.4678111587982833,1,193.791000000002,0.766415933232505,-1000000000.0,0.6556016597510373
B,12,10,body+close,235,99.05000000000132,0.33016666666667105,0.7356721213479752,0.4723404255319149,1,196.94900000000257,0.6930766293920863,-1000000000.0,0.6265560165975104
B,12,10,trend+mom,258,94.71200000000158,0.3157066666666719,0.7715592302979688,0.4573643410852713,1,190.60600000000272,0.7179623854378787,-1000000000.0,0.979253112033195
B,12,10,trend+close,235,95.26800000000026,0.31756000000000084,0.7663929300929583,0.46382978723404256,1,194.98500000000126,0.7462021707335107,-1000000000.0,0.6597510373443983
B,12,10,trend+lowSpread,254,94.8510000000017,0.31617000000000567,0.7368283783971211,0.44881889763779526,1,98.27900000000136,0.7393738331636087,-1000000000.0,0.9854771784232366
B,12,10,break+trend,304,213.50700000000256,0.7116900000000086,0.6592109633763225,0.5,3,556.1640000000054,0.7290988613981297,-1000000000.0,0.6307053941908713
B,12,10,prevRoom+trend,252,97.3100000000004,0.324366666666668,0.7932824771263894,0.44047619047619047,1,168.2880000000016,0.6307904847113304,-1000000000.0,0.6908713692946058
B,12,10,prevDist+trend,267,94.527000000003,0.31509000000001,0.7710905810701119,0.4419475655430712,0,185.7530000000013,0.6800751415971946,-1000000000.0,0.9315352697095436
B,12,10,early+trend,237,94.9930000000013,0.31664333333333766,0.7347549653341042,0.4472573839662447,0,99.3640000000014,0.7540817665009261,-1000000000.0,0.8423236514522822
B,12,10,lowSpread+body,312,97.93900000000212,0.32646333333334043,0.7564790802105475,0.4583333333333333,0,265.133000000003,0.7478339980323472,-1000000000.0,0.8402489626556017
B,12,10,TPspread+close,250,98.86900000000105,0.3295633333333368,0.7575629026048675,0.472,1,191.791000000002,0.7708576238287798,-1000000000.0,0.6639004149377593
B,12,12,ALL,263,113.69300000000317,0.37897666666667723,0.6620725117553619,0.46387832699619774,0,227.76100000000292,0.6387023228499906,-1000000000.0,1.0
B,12,12,spread<=0.5,241,111.00100000000293,0.3700033333333431,0.6700738908935201,0.4605809128630705,0,227.286000000003,0.6254102290395778,-1000000000.0,0.9522821576763485
B,12,12,spread<=0.75,218,109.23600000000306,0.3641200000000102,0.6753199659971036,0.4541284403669725,0,111.96400000000153,0.7008277977586902,-1000000000.0,0.9813278008298755
B,12,12,spread<=1.0,220,113.99100000000317,0.3799700000000106,0.6611867721628021,0.45454545454545453,0,221.12800000000288,0.6269512566600544,-1000000000.0,0.9896265560165975
B,12,12,spread<=1.25,258,118.63700000000313,0.3954566666666771,0.647377556904303,0.46124031007751937,0,227.93800000000283,0.6415915019819471,-1000000000.0,0.9979253112033195
B,12,12,body>=0.40,298,118.56500000000278,0.39521666666667593,0.6582569997290545,0.46308724832214765,0,331.1910000000039,0.5852423224834,-1000000000.0,0.8464730290456431
B,12,12,close>=0.70,236,116.9080000000015,0.38969333333333833,0.6971295336787527,0.4788135593220339,1,238.25000000000273,0.5975432186357396,-1000000000.0,0.6639004149377593
B,12,12,trend>=2,260,114.08100000000286,0.38027000000000954,0.6609192669167279,0.46153846153846156,0,226.71300000000247,0.6406036004410288,-1000000000.0,0.995850622406639
B,12,12,mom>=0,262,118.39900000000216,0.3946633333333405,0.67918331955941,0.46946564885496184,0,331.18900000000417,0.6203914350149742,-1000000000.0,0.983402489626556
B,12,12,mom>=0.15,345,118.21400000000313,0.3940466666666771,0.734857609380706,0.4782608695652174,1,226.91600000000312,0.6621236133121996,-1000000000.0,0.9626556016597511
B,12,12,emaAligned,263,113.69300000000317,0.37897666666667723,0.6620725117553619,0.46387832699619774,0,227.76100000000292,0.6387023228499906,-1000000000.0,1.0
B,12,12,prevRoom>=0,254,119.28600000000142,0.39762000000000475,0.7257963298829695,0.4566929133858268,2,228.89000000000374,0.5557419305524286,-1000000000.0,0.6950207468879668
B,12,12,prevDist>=0.25,177,115.4170000000031,0.3847233333333437,0.67452871423938,0.4406779661016949,0,221.73700000000235,0.5576138602920848,-1000000000.0,0.9336099585062241
B,12,12,prevDist>=0.50,388,239.25200000000336,0.7975066666666779,0.6177108136206012,0.5077319587628866,2,238.00600000000168,0.48816517117465913,-1000000000.0,0.8049792531120332
B,12,12,break>=0.10,228,159.16900000000146,0.5305633333333382,0.6166783861342853,0.49122807017543857,1,327.14099999999894,0.7028549866708504,-1000000000.0,0.4730290456431535
B,12,12,break<=0.25,277,113.50400000000195,0.37834666666667316,0.66473687941586,0.4584837545126354,1,116.53200000000197,0.6875867948504804,-1000000000.0,0.7842323651452282
B,12,12,asiaRatio>=0.80,163,108.7010000000023,0.3623366666666743,0.6376633333333257,0.4539877300613497,0,183.2260000000024,0.5828826422737051,-1000000000.0,0.6680497925311203
B,12,12,time<=12,220,115.8410000000024,0.3861366666666747,0.6312792437215445,0.45454545454545453,0,218.79600000000164,0.6339189653833759,-1000000000.0,0.7780082987551867
B,12,12,time<=13,301,112.2980000000025,0.374326666666675,0.6752760058526482,0.46511627906976744,0,219.46400000000244,0.6642247547278556,-1000000000.0,0.8423236514522822
B,12,12,LONG,263,229.87100000000237,0.7662366666666746,0.5654219488341884,0.5019011406844106,3,226.72600000000102,0.6426219060775584,-1000000000.0,0.5456431535269709
B,12,12,SHORT,103,119.5290000000009,0.398430000000003,0.6356134232443552,0.4174757281553398,0,252.75700000000188,0.4803566666666658,-1000000000.0,0.45435684647302904
B,12,12,Thu-Fri,263,113.69300000000317,0.37897666666667723,0.6620725117553619,0.46387832699619774,0,227.76100000000292,0.6387023228499906,-1000000000.0,1.0
B,12,12,spread<=10%TP,261,113.69300000000317,0.37897666666667723,0.6620725117553619,0.46360153256704983,0,227.76100000000292,0.6387023228499906,-1000000000.0,0.995850622406639
B,12,12,spread<=15%TP,258,118.63700000000313,0.3954566666666771,0.647377556904303,0.46124031007751937,0,227.93800000000283,0.6415915019819471,-1000000000.0,0.9979253112033195
B,12,12,lowSpread+close,231,116.9080000000015,0.38969333333333833,0.6971295336787527,0.47619047619047616,1,234.5490000000027,0.6372586747162534,-1000000000.0,0.6556016597510373
B,12,12,body+close,235,118.45000000000232,0.3948333333333411,0.6611590106815664,0.4851063829787234,2,334.1610000000037,0.5797521268014201,-1000000000.0,0.6265560165975104
B,12,12,trend+mom,261,112.01300000000197,0.37337666666667324,0.696486973486332,0.4674329501915709,0,333.9390000000037,0.6373527215912718,-1000000000.0,0.979253112033195
B,12,12,trend+close,235,108.68900000000122,0.3622966666666707,0.7184222797927431,0.4723404255319149,1,245.13100000000168,0.6246863054458411,-1000000000.0,0.6597510373443983
B,12,12,trend+lowSpread,216,119.60500000000297,0.39868333333334327,0.6445003893687401,0.4537037037037037,0,216.9760000000024,0.6166695253323864,-1000000000.0,0.9854771784232366
B,12,12,prevRoom+trend,252,112.62400000000116,0.3754133333333372,0.741110321888064,0.4523809523809524,1,194.9490000000019,0.5648387096774182,-1000000000.0,0.6908713692946058
B,12,12,prevDist+trend,177,115.4170000000031,0.3847233333333437,0.67452871423938,0.4406779661016949,0,220.96500000000196,0.5333356395000207,-1000000000.0,0.9315352697095436
B,12,12,early+trend,301,112.2980000000025,0.374326666666675,0.6752760058526482,0.46511627906976744,0,219.46400000000244,0.6642247547278556,-1000000000.0,0.8423236514522822
B,12,12,lowSpread+body,295,118.56500000000278,0.39521666666667593,0.6582569997290545,0.4610169491525424,0,313.5230000000038,0.5874143257071112,-1000000000.0,0.8402489626556017
B,12,12,TPspread+close,236,116.9080000000015,0.38969333333333833,0.6971295336787527,0.4788135593220339,1,238.25000000000273,0.5975432186357396,-1000000000.0,0.6639004149377593
B,12,15,ALL,259,147.4610000000016,0.491536666666672,0.554776921985341,0.4671814671814672,0,285.49100000000226,0.5363940564970077,-1000000000.0,1.0
B,12,15,spread<=0.5,217,149.99800000000118,0.4999933333333373,0.5471170597239771,0.4608294930875576,0,321.48000000000275,0.5468357143035116,-1000000000.0,0.9522821576763485
B,12,15,spread<=0.75,217,148.38800000000128,0.49462666666667093,0.5519780680963844,0.4608294930875576,0,140.21600000000103,0.6006868996391762,-1000000000.0,0.9813278008298755
B,12,15,spread<=1.0,220,138.1430000000014,0.4604766666666713,0.5829103853481329,0.4590909090909091,0,285.04500000000235,0.5553179189105265,-1000000000.0,0.9896265560165975
B,12,15,spread<=1.25,225,144.1430000000014,0.4804766666666713,0.5647948261963034,0.4622222222222222,0,290.39600000000246,0.5299087245863586,-1000000000.0,0.9979253112033195
B,12,15,close>=0.70,237,147.83100000000036,0.4927700000000012,0.5339927938492368,0.4936708860759494,0,277.7200000000021,0.5158802497733902,-1000000000.0,0.6639004149377593
B,12,15,trend>=2,225,149.7570000000012,0.499190000000004,0.5478447013499088,0.4622222222222222,0,283.54600000000187,0.5265066879657045,-1000000000.0,0.995850622406639
B,12,15,trend=3,183,145.46300000000065,0.48487666666666884,0.5540051632051103,0.45901639344262296,1,513.1280000000031,0.41005033781409994,-1000000000.0,0.8568464730290456
B,12,15,mom>=0,258,146.69000000000096,0.4889666666666699,0.5798605740864833,0.47674418604651164,0,385.4080000000031,0.5427260917451905,-1000000000.0,0.983402489626556
B,12,15,mom>=0.15,278,147.1970000000008,0.49065666666666935,0.587517093729682,0.4784172661870504,1,286.09100000000217,0.5359007289398438,-1000000000.0,0.9626556016597511
B,12,15,emaAligned,259,147.4610000000016,0.491536666666672,0.554776921985341,0.4671814671814672,0,285.49100000000226,0.5363940564970077,-1000000000.0,1.0
B,12,15,prevRoom>=0,335,256.18700000000104,0.8539566666666701,0.5796665455848622,0.49850746268656715,3,259.79400000000237,0.41953971593897904,-1000000000.0,0.6950207468879668
B,12,15,prevDist>=0.25,176,144.26500000000124,0.48088333333333744,0.5855347267111954,0.4431818181818182,0,306.1900000000019,0.44457201610830205,-1000000000.0,0.9336099585062241
B,12,15,prevDist>=0.50,172,148.70000000000118,0.4956666666666706,0.5635200187859556,0.47093023255813954,0,298.9230000000009,0.3541912706207022,-1000000000.0,0.8049792531120332
B,12,15,break>=0.10,100,149.60999999999967,0.4986999999999989,0.5213399027386751,0.44,0,302.8479999999988,0.5891029073730748,-1000000000.0,0.4730290456431535
B,12,15,break<=0.25,279,141.04900000000202,0.4701633333333401,0.5665312419329004,0.46953405017921146,0,256.64500000000317,0.5395210894328941,-1000000000.0,0.7842323651452282
B,12,15,asiaRatio>=0.80,162,143.93300000000158,0.47977666666667196,0.5223488808137092,0.4567901234567901,0,218.57100000000196,0.488563804824412,-1000000000.0,0.6680497925311203
B,12,15,time<=12,220,146.60600000000068,0.48868666666666893,0.5355822565470393,0.4636363636363636,0,266.68300000000113,0.5105591922182627,-1000000000.0,0.7780082987551867
B,12,15,time<=13,302,142.85800000000086,0.4761933333333362,0.5613479696015949,0.4768211920529801,0,269.06900000000155,0.5489289421534387,-1000000000.0,0.8423236514522822
B,12,15,LONG,263,252.24200000000155,0.8408066666666718,0.462450739091463,0.5095057034220533,3,288.33600000000115,0.5105815529495843,-1000000000.0,0.5456431535269709
B,12,15,SHORT,113,137.48800000000006,0.4582933333333335,0.5500841007114196,0.4247787610619469,0,279.3620000000012,0.4145733333333313,-1000000000.0,0.45435684647302904
B,12,15,Thu-Fri,259,147.4610000000016,0.491536666666672,0.554776921985341,0.4671814671814672,0,285.49100000000226,0.5363940564970077,-1000000000.0,1.0
B,12,15,spread<=10%TP,259,137.29100000000153,0.4576366666666718,0.5854827947476922,0.4671814671814672,0,290.39600000000246,0.5299087245863586,-1000000000.0,0.995850622406639
B,12,15,spread<=15%TP,225,144.1430000000014,0.4804766666666713,0.5647948261963034,0.4622222222222222,0,290.39600000000246,0.5299087245863586,-1000000000.0,0.9979253112033195
B,12,15,lowSpread+close,232,147.09800000000018,0.4903266666666673,0.5363034274924415,0.49137931034482757,0,288.0760000000023,0.5098616903811215,-1000000000.0,0.6556016597510373
B,12,15,body+close,302,278.4890000000014,0.9282966666666713,0.43752436755745167,0.5298013245033113,2,300.9980000000021,0.45511580037223687,-1000000000.0,0.6265560165975104
B,12,15,trend+mom,257,140.30400000000077,0.46768000000000254,0.5981509168084397,0.47470817120622566,0,289.69100000000185,0.5439230052347707,-1000000000.0,0.979253112033195
B,12,15,trend+close,234,146.43599999999992,0.4881199999999997,0.5383902480542447,0.49145299145299143,0,284.7650000000017,0.5156493797203107,-1000000000.0,0.6597510373443983
B,12,15,trend+lowSpread,216,149.7570000000012,0.499190000000004,0.5478447013499088,0.4583333333333333,0,288.32100000000196,0.5272173786127238,-1000000000.0,0.9854771784232366
B,12,15,break+trend,304,299.5899999999999,0.998633333333333,0.5247026224214482,0.5296052631578947,4,449.34500000000025,0.4776082002987684,-1000000000.0,0.6307053941908713
B,12,15,break+close,202,279.2089999999996,0.9306966666666654,0.45935719697132027,0.5594059405940595,3,510.0420000000006,0.39863434452208313,-1000000000.0,0.4190871369294606
B,12,15,prevRoom+trend,333,264.5250000000008,0.8817500000000026,0.5593394296803208,0.4954954954954955,3,257.3270000000016,0.44021080219366365,-1000000000.0,0.6908713692946058
B,12,15,prevDist+trend,176,144.26500000000124,0.48088333333333744,0.5855347267111954,0.4431818181818182,0,305.96800000000167,0.4683052584910655,-1000000000.0,0.9315352697095436
B,12,15,early+trend,302,142.85800000000086,0.4761933333333362,0.5613479696015949,0.4768211920529801,0,269.06900000000155,0.5489289421534387,-1000000000.0,0.8423236514522822
B,12,15,lowSpread+body,405,285.5920000000019,0.9519733333333398,0.4787899077430161,0.508641975308642,2,388.49400000000287,0.43768432372541544,-1000000000.0,0.8402489626556017
B,12,15,TPspread+close,237,147.83100000000036,0.4927700000000012,0.5339927938492368,0.4936708860759494,0,277.7200000000021,0.5158802497733902,-1000000000.0,0.6639004149377593
B,12,20,ALL,226,190.55500000000052,0.6351833333333351,0.4380864477851362,0.4690265486725664,1,581.5190000000018,0.3526500754366618,-1000000000.0,1.0
B,12,20,spread<=0.5,216,196.5310000000004,0.6551033333333347,0.42046426317682917,0.4675925925925926,1,580.331000000002,0.32736192205389564,-1000000000.0,0.9522821576763485
B,12,20,spread<=0.75,217,193.7140000000004,0.6457133333333347,0.42877110622261266,0.46543778801843316,1,571.7990000000023,0.3514833865301155,-1000000000.0,0.9813278008298755
B,12,20,spread<=1.0,219,198.4690000000005,0.6615633333333351,0.4147494382486328,0.4657534246575342,1,545.6700000000023,0.3167955572893949,-1000000000.0,0.9896265560165975
B,12,20,spread<=1.25,224,198.55500000000052,0.6618500000000017,0.4144958392064115,0.46875,1,582.7370000000019,0.3284311866771821,-1000000000.0,0.9979253112033195
B,12,20,trend>=2,225,184.16900000000032,0.6138966666666678,0.45691765108310384,0.4666666666666667,1,578.4090000000015,0.3251406735060827,-1000000000.0,0.995850622406639
B,12,20,trend=3,194,185.97700000000032,0.6199233333333344,0.47633501809120193,0.4639175257731959,1,821.4140000000029,0.3070372407190528,-1000000000.0,0.8568464730290456
B,12,20,emaAligned,226,190.55500000000052,0.6351833333333351,0.4380864477851362,0.4690265486725664,1,581.5190000000018,0.3526500754366618,-1000000000.0,1.0
B,12,20,prevDist>=0.25,164,187.70100000000093,0.6256700000000031,0.45932423090217656,0.4451219512195122,1,761.0410000000013,0.3597241976983014,-1000000000.0,0.9336099585062241
B,12,20,prevDist>=0.50,178,198.62600000000043,0.6620866666666682,0.405218776575994,0.47752808988764045,0,651.8170000000007,0.33639896263393904,-1000000000.0,0.8049792531120332
B,12,20,break>=0.10,95,191.36599999999999,0.6378866666666666,0.4079443603951459,0.4421052631578947,0,398.95099999999843,0.3249671821355458,-1000000000.0,0.4730290456431535
B,12,20,asiaRatio>=0.80,138,193.40900000000124,0.6446966666666708,0.3641605765026503,0.463768115942029,0,358.35100000000057,0.2593695111161468,-1000000000.0,0.6680497925311203
B,12,20,SHORT,103,194.6099999999999,0.6486999999999997,0.38645800164569694,0.4368932038834951,0,477.38700000000085,0.20414531640457306,-1000000000.0,0.45435684647302904
B,12,20,Thu-Fri,226,190.55500000000052,0.6351833333333351,0.4380864477851362,0.4690265486725664,1,581.5190000000018,0.3526500754366618,-1000000000.0,1.0
B,12,20,spread<=10%TP,224,194.4690000000005,0.6482300000000016,0.4265447425379952,0.46875,1,585.0410000000018,0.35016475502817906,-1000000000.0,0.995850622406639
B,12,20,spread<=15%TP,224,198.55500000000052,0.6618500000000017,0.4144958392064115,0.46875,1,582.7370000000019,0.3284311866771821,-1000000000.0,0.9979253112033195
B,12,20,trend+lowSpread,218,192.0830000000003,0.6402766666666677,0.4335806415466004,0.463302752293578,1,545.4950000000022,0.32126045886795573,-1000000000.0,0.9854771784232366
B,12,20,prevDist+trend,164,187.70100000000093,0.6256700000000031,0.45932423090217656,0.4451219512195122,1,571.9260000000008,0.35949014729005313,-1000000000.0,0.9315352697095436
B,12,25,ALL,174,237.61600000000044,0.7920533333333348,0.29931174399471566,0.45977011494252873,1,490.6930000000018,0.26995244116910744,-1000000000.0,1.0
B,12,25,spread<=0.5,174,237.61600000000044,0.7920533333333348,0.29931174399471566,0.45977011494252873,1,487.86100000000124,0.24584622330111394,-1000000000.0,0.9522821576763485
B,12,25,spread<=0.75,174,237.61600000000044,0.7920533333333348,0.29931174399471566,0.45977011494252873,1,236.39400000000046,0.3214712163310291,-1000000000.0,0.9813278008298755
B,12,25,spread<=1.0,174,237.61600000000044,0.7920533333333348,0.29931174399471566,0.45977011494252873,1,241.14900000000057,0.307822797308778,-1000000000.0,0.9896265560165975
B,12,25,spread<=1.25,174,237.61600000000044,0.7920533333333348,0.29931174399471566,0.45977011494252873,1,477.5430000000015,0.30036414419367835,-1000000000.0,0.9979253112033195
B,12,25,body>=0.40,162,241.97299999999996,0.8065766666666665,0.2924083317980983,0.4444444444444444,0,477.23900000000117,0.30157229901430593,-1000000000.0,0.8464730290456431
B,12,25,close>=0.70,148,244.78800000000024,0.8159600000000008,0.2880447902275861,0.4864864864864865,1,379.7220000000016,0.24829339087300098,-1000000000.0,0.6639004149377593
B,12,25,trend>=2,174,237.61600000000044,0.7920533333333348,0.29931174399471566,0.45977011494252873,1,490.0810000000015,0.29851184090543265,-1000000000.0,0.995850622406639
B,12,25,trend=3,150,240.19300000000044,0.8006433333333348,0.3236762449140488,0.4533333333333333,1,734.705000000002,0.2277443440422291,-1000000000.0,0.8568464730290456
B,12,25,mom>=0,173,245.41599999999994,0.8180533333333332,0.31173314711516165,0.4624277456647399,1,624.0530000000022,0.24841955746051347,-1000000000.0,0.983402489626556
B,12,25,emaAligned,174,237.61600000000044,0.7920533333333348,0.29931174399471566,0.45977011494252873,1,490.6930000000018,0.26995244116910744,-1000000000.0,1.0
B,12,25,prevRoom>=0,139,238.435999999999,0.7947866666666634,0.36127511384945343,0.4460431654676259,1,444.3970000000013,0.21316874823674833,-1000000000.0,0.6950207468879668
B,12,25,prevDist>=0.25,151,248.39400000000114,0.8279800000000038,0.2844970618734865,0.45695364238410596,1,477.3260000000007,0.33391538677217303,-1000000000.0,0.9336099585062241
B,12,25,prevDist>=0.50,138,239.65800000000058,0.7988600000000019,0.2823493478026518,0.47101449275362317,0,244.4730000000004,0.2731221735601318,-1000000000.0,0.8049792531120332
B,12,25,break>=0.05,116,244.95500000000015,0.8165166666666672,0.30715402956874477,0.47413793103448276,1,710.5269999999996,0.22077205814310832,-1000000000.0,0.6327800829875518
B,12,25,break>=0.10,83,248.14200000000028,0.827140000000001,0.232288543822686,0.46987951807228917,0,425.04699999999957,0.18840334144469564,-1000000000.0,0.4730290456431535
B,12,25,asiaRatio>=0.80,39,249.86000000000126,0.8328666666666709,0.1671333333333291,0.4358974358974359,0,237.6260000000002,0.27065409889904135,-1000000000.0,0.6680497925311203
B,12,25,time<=12,143,243.77600000000007,0.8125866666666669,0.27417808504683566,0.46153846153846156,0,249.46900000000005,0.2598501121488674,-1000000000.0,0.7780082987551867
B,12,25,time<=13,150,242.87999999999988,0.8095999999999997,0.2749114835535558,0.46,0,458.6560000000013,0.220728462788124,-1000000000.0,0.8423236514522822
B,12,25,SHORT,87,241.90499999999997,0.8063499999999999,0.23735225778789507,0.45977011494252873,0,248.51100000000042,0.20332696450553864,-1000000000.0,0.45435684647302904
B,12,25,Thu-Fri,174,237.61600000000044,0.7920533333333348,0.29931174399471566,0.45977011494252873,1,490.6930000000018,0.26995244116910744,-1000000000.0,1.0
B,12,25,spread<=10%TP,174,237.61600000000044,0.7920533333333348,0.29931174399471566,0.45977011494252873,1,477.21300000000133,0.30566657117125373,-1000000000.0,0.995850622406639
B,12,25,spread<=15%TP,174,237.61600000000044,0.7920533333333348,0.29931174399471566,0.45977011494252873,1,477.5430000000015,0.30036414419367835,-1000000000.0,0.9979253112033195
B,12,25,lowSpread+close,143,249.70200000000023,0.8323400000000007,0.2737526357885547,0.4825174825174825,1,249.48200000000043,0.2979496963659591,-1000000000.0,0.6556016597510373
B,12,25,body+close,113,247.20899999999983,0.8240299999999995,0.2596804044058204,0.45132743362831856,1,444.60500000000116,0.2151289127629482,-1000000000.0,0.6265560165975104
B,12,25,trend+mom,173,245.41599999999994,0.8180533333333332,0.31173314711516165,0.4624277456647399,1,577.8280000000018,0.24218787943544792,-1000000000.0,0.979253112033195
B,12,25,trend+close,147,238.40200000000004,0.7946733333333335,0.30661819239438665,0.48299319727891155,1,373.0600000000013,0.25260074213918415,-1000000000.0,0.6597510373443983
B,12,25,trend+lowSpread,174,237.61600000000044,0.7920533333333348,0.29931174399471566,0.45977011494252873,1,234.76300000000037,0.3135705221545816,-1000000000.0,0.9854771784232366
B,12,25,break+trend,116,244.95500000000015,0.8165166666666672,0.30715402956874477,0.47413793103448276,1,710.2509999999995,0.22084726495821547,-1000000000.0,0.6307053941908713
B,12,25,prevRoom+trend,139,238.435999999999,0.7947866666666634,0.36127511384945343,0.4460431654676259,1,437.73500000000104,0.2163966396639667,-1000000000.0,0.6908713692946058
B,12,25,prevDist+trend,151,248.39400000000114,0.8279800000000038,0.2844970618734865,0.45695364238410596,1,585.4150000000011,0.3147188969048852,-1000000000.0,0.9315352697095436
B,12,25,early+trend,150,242.87999999999988,0.8095999999999997,0.2749114835535558,0.46,0,458.6560000000013,0.220728462788124,-1000000000.0,0.8423236514522822
B,12,25,lowSpread+body,162,241.97299999999996,0.8065766666666665,0.2924083317980983,0.4444444444444444,0,479.640000000001,0.31345510220435346,-1000000000.0,0.8402489626556017
B,12,25,TPspread+close,148,244.78800000000024,0.8159600000000008,0.2880447902275861,0.4864864864864865,1,379.7220000000016,0.24829339087300098,-1000000000.0,0.6639004149377593
B,12,30,ALL,7,296.7260000000001,0.989086666666667,0.028169798281841716,0.2857142857142857,0,297.9440000000002,0.06090749776214448,-1000000000.0,1.0
B,12,30,spread<=0.5,7,296.7260000000001,0.989086666666667,0.028169798281841716,0.2857142857142857,0,297.9440000000002,0.06090749776214448,-1000000000.0,0.9522821576763485
B,12,30,spread<=0.75,7,296.7260000000001,0.989086666666667,0.028169798281841716,0.2857142857142857,0,297.9440000000002,0.06090749776214448,-1000000000.0,0.9813278008298755
B,12,30,spread<=1.0,7,296.7260000000001,0.989086666666667,0.028169798281841716,0.2857142857142857,0,297.9440000000002,0.06090749776214448,-1000000000.0,0.9896265560165975
B,12,30,spread<=1.25,7,296.7260000000001,0.989086666666667,0.028169798281841716,0.2857142857142857,0,297.9440000000002,0.06090749776214448,-1000000000.0,0.9979253112033195
B,12,30,body>=0.40,7,297.16599999999994,0.9905533333333332,0.026728720355553418,0.2857142857142857,0,529.5430000000008,0.20227303045049105,-1000000000.0,0.8464730290456431
B,12,30,body>=0.60,1,298.55899999999997,0.9951966666666666,0.004803333333333436,0.0,0,297.04300000000035,0.09743550788490161,-1000000000.0,0.6431535269709544
B,12,30,close>=0.70,1,298.55899999999997,0.9951966666666666,0.004803333333333436,0.0,0,280.41100000000074,0.21091450408315937,-1000000000.0,0.6639004149377593
B,12,30,close>=0.85,3,297.88300000000004,0.9929433333333335,0.010200928384166088,0.3333333333333333,0,296.14000000000055,0.11036208569531632,-1000000000.0,0.44190871369294604
B,12,30,trend>=2,7,296.7260000000001,0.989086666666667,0.028169798281841716,0.2857142857142857,0,291.558,0.06215863253581766,-1000000000.0,0.995850622406639
B,12,30,trend=3,7,296.7260000000001,0.989086666666667,0.028169798281841716,0.2857142857142857,0,291.558,0.06215863253581766,-1000000000.0,0.8568464730290456
B,12,30,mom>=0,7,296.7260000000001,0.989086666666667,0.028169798281841716,0.2857142857142857,0,297.9440000000002,0.06090749776214448,-1000000000.0,0.983402489626556
B,12,30,mom>=0.15,7,296.7260000000001,0.989086666666667,0.028169798281841716,0.2857142857142857,0,297.9440000000002,0.06090749776214448,-1000000000.0,0.9626556016597511
B,12,30,emaAligned,7,296.7260000000001,0.989086666666667,0.028169798281841716,0.2857142857142857,0,297.9440000000002,0.06090749776214448,-1000000000.0,1.0
B,12,30,prevRoom>=0,5,298.0229999999999,0.9934099999999997,0.02392189357639543,0.4,0,289.87800000000016,0.06249636160180094,-1000000000.0,0.6950207468879668
B,12,30,prevDist>=0.25,7,296.7260000000001,0.989086666666667,0.028169798281841716,0.2857142857142857,0,297.9440000000002,0.06090749776214448,-1000000000.0,0.9336099585062241
B,12,30,prevDist>=0.50,1,298.55899999999997,0.9951966666666666,0.004803333333333436,0.0,0,291.558,0.06215863253581766,-1000000000.0,0.8049792531120332
B,12,30,break>=0.05,6,297.47900000000004,0.9915966666666668,0.028735144312393664,0.3333333333333333,0,291.558,0.06215863253581766,-1000000000.0,0.6327800829875518
B,12,30,break>=0.10,6,297.47900000000004,0.9915966666666668,0.028735144312393664,0.3333333333333333,0,295.00299999999993,0.028518456315060055,-1000000000.0,0.4730290456431535
B,12,30,break<=0.25,10,296.9820000000002,0.9899400000000007,0.050259355672245716,0.4,0,277.04900000000043,0.17801565944417555,-1000000000.0,0.7842323651452282
B,12,30,asiaRatio>=0.80,1,297.15599999999995,0.9905199999999998,0.00948000000000017,0.0,0,293.74000000000024,0.09842329968355494,-1000000000.0,0.6680497925311203
B,12,30,time<=12,5,298.6170000000002,0.9953900000000007,0.02197643837590455,0.2,0,295.00299999999993,0.028518456315060055,-1000000000.0,0.7780082987551867
B,12,30,time<=13,5,299.7450000000001,0.9991500000000004,0.01828203860123697,0.2,0,297.81899999999996,0.02825642213659037,-1000000000.0,0.8423236514522822
B,12,30,LONG,6,298.16700000000014,0.9938900000000005,0.026488833746897707,0.3333333333333333,0,295.7160000000006,0.17347666043383814,-1000000000.0,0.5456431535269709
B,12,30,SHORT,1,298.55899999999997,0.9951966666666666,0.004803333333333436,0.0,0,291.3399999999999,0.02886666666666694,-1000000000.0,0.45435684647302904
B,12,30,Thu-Fri,7,296.7260000000001,0.989086666666667,0.028169798281841716,0.2857142857142857,0,297.9440000000002,0.06090749776214448,-1000000000.0,1.0
B,12,30,spread<=10%TP,7,296.7260000000001,0.989086666666667,0.028169798281841716,0.2857142857142857,0,297.9440000000002,0.06090749776214448,-1000000000.0,0.995850622406639
B,12,30,spread<=15%TP,7,296.7260000000001,0.989086666666667,0.028169798281841716,0.2857142857142857,0,297.9440000000002,0.06090749776214448,-1000000000.0,0.9979253112033195
B,12,30,lowSpread+close,1,298.55899999999997,0.9951966666666666,0.004803333333333436,0.0,0,299.12600000000066,0.15824989728783548,-1000000000.0,0.6556016597510373
B,12,30,body+close,1,298.55899999999997,0.9951966666666666,0.004803333333333436,0.0,0,290.56800000000044,0.15375609415136215,-1000000000.0,0.6265560165975104
B,12,30,trend+mom,7,296.7260000000001,0.989086666666667,0.028169798281841716,0.2857142857142857,0,291.558,0.06215863253581766,-1000000000.0,0.979253112033195
B,12,30,trend+close,1,298.55899999999997,0.9951966666666666,0.004803333333333436,0.0,0,298.9400000000005,0.14337948741460668,-1000000000.0,0.6597510373443983
B,12,30,trend+lowSpread,7,296.7260000000001,0.989086666666667,0.028169798281841716,0.2857142857142857,0,291.558,0.06215863253581766,-1000000000.0,0.9854771784232366
B,12,30,break+trend,6,297.47900000000004,0.9915966666666668,0.028735144312393664,0.3333333333333333,0,291.558,0.06215863253581766,-1000000000.0,0.6307053941908713
B,12,30,break+close,4,297.1550000000002,0.9905166666666674,0.014600839639472396,0.5,0,492.14800000000037,0.1383761513739293,-1000000000.0,0.4190871369294606
B,12,30,prevRoom+trend,5,298.0229999999999,0.9934099999999997,0.02392189357639543,0.4,0,294.15599999999995,0.028598224664482988,-1000000000.0,0.6908713692946058
B,12,30,prevDist+trend,7,296.7260000000001,0.989086666666667,0.028169798281841716,0.2857142857142857,0,291.558,0.06215863253581766,-1000000000.0,0.9315352697095436
B,12,30,early+trend,5,299.7450000000001,0.9991500000000004,0.01828203860123697,0.2,0,297.81899999999996,0.02825642213659037,-1000000000.0,0.8423236514522822
B,12,30,lowSpread+body,7,297.16599999999994,0.9905533333333332,0.026728720355553418,0.2857142857142857,0,521.4570000000008,0.2053934427793302,-1000000000.0,0.8402489626556017
B,12,30,TPspread+close,1,298.55899999999997,0.9951966666666666,0.004803333333333436,0.0,0,280.41100000000074,0.21091450408315937,-1000000000.0,0.6639004149377593
B,15,8,ALL,288,73.26300000000151,0.24421000000000503,0.7837414212973168,0.4270833333333333,0,156.5930000000062,0.7794369607105317,-1000000000.0,1.0
B,15,8,spread<=0.5,269,79.6190000000015,0.26539666666667167,0.764979706294734,0.4275092936802974,0,244.1540000000066,0.6943287707471375,-1000000000.0,0.9522821576763485
B,15,8,spread<=0.75,256,75.27000000000135,0.2509000000000045,0.7778171352667661,0.4296875,0,153.69100000000458,0.7692110053494835,-1000000000.0,0.9813278008298755
B,15,8,spread<=1.0,281,79.13100000000145,0.26377000000000483,0.7664201903918488,0.42704626334519574,0,156.3900000000051,0.7315134309768981,-1000000000.0,0.9896265560165975
B,15,8,spread<=1.25,287,74.26300000000151,0.24754333333333836,0.7807896096229017,0.4250871080139373,0,155.80600000000595,0.7428637851249179,-1000000000.0,0.9979253112033195
B,15,8,body>=0.40,408,228.15300000000343,0.7605100000000115,0.7522744751311814,0.4411764705882353,2,236.6800000000046,0.7898368986886708,-1000000000.0,0.8464730290456431
B,15,8,close>=0.70,320,151.04700000000184,0.5034900000000061,0.756556309251191,0.459375,2,210.04000000000337,0.731274794602116,-1000000000.0,0.6639004149377593
B,15,8,trend>=2,287,74.87700000000132,0.2495900000000044,0.7789771972548113,0.4250871080139373,0,328.9630000000077,0.7375199089874838,-1000000000.0,0.995850622406639
B,15,8,mom>=0,282,79.63500000000181,0.265450000000006,0.7768333795724093,0.43617021276595747,0,334.9420000000091,0.7554934127261518,-1000000000.0,0.983402489626556
B,15,8,mom>=0.15,464,156.1230000000064,0.5204100000000214,0.7663008700321907,0.4482758620689655,2,502.71200000001204,0.7606268114507854,-1000000000.0,0.9626556016597511
B,15,8,emaAligned,288,73.26300000000151,0.24421000000000503,0.7837414212973168,0.4270833333333333,0,156.5930000000062,0.7794369607105317,-1000000000.0,1.0
B,15,8,prevRoom>=0,335,144.9350000000029,0.48311666666667635,0.8037789548580884,0.43582089552238806,3,290.10300000000666,0.6745607680590253,-1000000000.0,0.6950207468879668
B,15,8,prevDist>=0.25,450,145.85900000000447,0.48619666666668154,0.724728225128519,0.44,2,419.13800000000947,0.6949194344984614,-1000000000.0,0.9336099585062241
B,15,8,prevDist>=0.50,388,164.30400000000486,0.5476800000000162,0.7305608362255853,0.4484536082474227,1,347.64300000000685,0.6989329836806942,-1000000000.0,0.8049792531120332
B,15,8,break>=0.05,305,216.79700000000594,0.7226566666666865,0.8236383113405022,0.4557377049180328,2,524.997000000016,0.8495108285861135,-1000000000.0,0.6327800829875518
B,15,8,break>=0.10,215,79.26800000000094,0.2642266666666698,0.7779085274966635,0.4325581395348837,2,217.9000000000051,0.8716686462675021,-1000000000.0,0.4730290456431535
B,15,8,break<=0.25,223,79.70900000000097,0.2656966666666699,0.77035327605778,0.4170403587443946,0,78.75400000000059,0.8011594027258068,-1000000000.0,0.7842323651452282
B,15,8,asiaRatio>=0.80,322,140.19500000000448,0.4673166666666816,0.677493333333326,0.43167701863354035,1,142.28700000000322,0.7723202501107489,-1000000000.0,0.6680497925311203
B,15,8,time<=12,225,76.85500000000093,0.2561833333333364,0.7672858851493516,0.41333333333333333,0,151.64300000000276,0.7102402054907692,-1000000000.0,0.7780082987551867
B,15,8,time<=13,243,74.01000000000067,0.24670000000000225,0.7761871064902994,0.41975308641975306,0,267.00200000000586,0.7599600989990287,-1000000000.0,0.8423236514522822
B,15,8,LONG,263,164.20500000000243,0.5473500000000081,0.6950743449411492,0.4448669201520912,1,279.4190000000033,0.7254557729750636,-1000000000.0,0.5456431535269709
B,15,8,SHORT,219,151.8460000000025,0.5061533333333417,0.7527663306621147,0.4292237442922374,2,152.15500000000247,0.6102699999999982,-1000000000.0,0.45435684647302904
B,15,8,Thu-Fri,288,73.26300000000151,0.24421000000000503,0.7837414212973168,0.4270833333333333,0,156.5930000000062,0.7794369607105317,-1000000000.0,1.0
B,15,8,spread<=10%TP,287,74.26300000000151,0.24754333333333836,0.7807896096229017,0.4250871080139373,0,155.80600000000595,0.7428637851249179,-1000000000.0,0.9979253112033195
B,15,8,spread<=15%TP,288,73.26300000000151,0.24421000000000503,0.7837414212973168,0.4270833333333333,0,156.5930000000062,0.7794369607105317,-1000000000.0,1.0
B,15,8,lowSpread+close,316,157.27300000000196,0.5242433333333398,0.7608280538519127,0.4588607594936709,2,157.42100000000232,0.7786520352093006,-1000000000.0,0.6556016597510373
B,15,8,body+close,302,173.37200000000303,0.5779066666666768,0.7785737933579702,0.4602649006622517,2,224.82700000000386,0.7268181506690311,-1000000000.0,0.6265560165975104
B,15,8,trend+mom,282,73.24900000000162,0.24416333333333873,0.7947293052087577,0.4326241134751773,0,331.2880000000084,0.7375199089874838,-1000000000.0,0.979253112033195
B,15,8,trend+close,318,179.55100000000198,0.5985033333333399,0.7497513767587229,0.4591194968553459,2,175.6660000000029,0.7062314540059317,-1000000000.0,0.6597510373443983
B,15,8,trend+lowSpread,281,75.73100000000136,0.2524366666666712,0.7764563500848606,0.4234875444839858,0,157.31300000000465,0.7061909440615057,-1000000000.0,0.9854771784232366
B,15,8,break+trend,304,223.20700000000647,0.7440233333333549,0.8258656475930833,0.45723684210526316,2,571.0350000000178,0.848316608418457,-1000000000.0,0.6307053941908713
B,15,8,prevRoom+trend,333,146.5590000000027,0.488530000000009,0.8064940198547572,0.43543543543543545,3,290.9140000000061,0.6575258207539898,-1000000000.0,0.6908713692946058
B,15,8,prevDist+trend,449,148.30700000000434,0.4943566666666811,0.7462643464536256,0.43875278396436523,2,328.2380000000069,0.6767688342373999,-1000000000.0,0.9315352697095436
B,15,8,early+trend,243,74.01000000000067,0.24670000000000225,0.7761871064902994,0.41975308641975306,0,267.00200000000586,0.7599600989990287,-1000000000.0,0.8423236514522822
B,15,8,lowSpread+body,405,232.52700000000345,0.7750900000000115,0.7470427899530687,0.4419753086419753,2,236.7530000000047,0.7959700520928098,-1000000000.0,0.8402489626556017
B,15,8,TPspread+close,320,151.04700000000184,0.5034900000000061,0.756556309251191,0.459375,2,210.04000000000337,0.731274794602116,-1000000000.0,0.6639004149377593
B,15,10,ALL,287,95.32000000000244,0.31773333333334147,0.7565460805247021,0.445993031358885,1,241.34100000000535,0.7303849027400678,-1000000000.0,1.0
B,15,10,spread<=0.5,268,93.41200000000254,0.3113733333333418,0.761419245425655,0.44402985074626866,1,243.69800000000578,0.7008249454858464,-1000000000.0,0.9522821576763485
B,15,10,spread<=0.75,253,95.57500000000209,0.3185833333333403,0.7558947927627832,0.44664031620553357,1,278.4830000000047,0.7296391966522245,-1000000000.0,0.9813278008298755
B,15,10,spread<=1.0,262,95.8010000000022,0.31933666666667404,0.755317573020846,0.44656488549618323,1,241.83800000000542,0.6805872271024851,-1000000000.0,0.9896265560165975
B,15,10,spread<=1.25,266,95.8010000000022,0.31933666666667404,0.755317573020846,0.4473684210526316,1,241.89400000000455,0.7168983731047823,-1000000000.0,0.9979253112033195
B,15,10,body>=0.40,324,91.194000000002,0.3039800000000067,0.7943635674856538,0.4506172839506173,1,371.13100000000554,0.7376521401630093,-1000000000.0,0.8464730290456431
B,15,10,body>=0.60,310,298.0490000000025,0.9934966666666749,0.7277023843897688,0.4870967741935484,2,292.42700000000355,0.6320940667523869,-1000000000.0,0.6431535269709544
B,15,10,close>=0.70,320,200.08200000000238,0.666940000000008,0.7565158118590661,0.4875,2,224.03500000000327,0.742919319285537,-1000000000.0,0.6639004149377593
B,15,10,trend>=2,268,94.72400000000198,0.3157466666666733,0.7580683060388375,0.44776119402985076,1,242.03600000000392,0.752943835972553,-1000000000.0,0.995850622406639
B,15,10,mom>=0,282,97.6910000000023,0.32563666666667435,0.7851254393566756,0.45390070921985815,1,264.4340000000059,0.7071828890036846,-1000000000.0,0.983402489626556
B,15,10,mom>=0.15,464,241.8800000000067,0.806266666666689,0.7626205303028688,0.48060344827586204,2,369.67500000000723,0.7248774157515585,-1000000000.0,0.9626556016597511
B,15,10,emaAligned,287,95.32000000000244,0.31773333333334147,0.7565460805247021,0.445993031358885,1,241.34100000000535,0.7303849027400678,-1000000000.0,1.0
B,15,10,prevRoom>=0,335,174.27200000000266,0.5809066666666756,0.7583708125096364,0.4626865671641791,3,176.15000000000305,0.6478658229885466,-1000000000.0,0.6950207468879668
B,15,10,prevDist>=0.25,450,197.865000000005,0.6595500000000167,0.7547903327873667,0.4688888888888889,3,309.14300000000503,0.7060428639435368,-1000000000.0,0.9336099585062241
B,15,10,prevDist>=0.50,388,206.70800000000372,0.6890266666666791,0.70316994598996,0.48195876288659795,2,269.6630000000039,0.6089586110652847,-1000000000.0,0.8049792531120332
B,15,10,break>=0.10,228,148.9000000000019,0.4963333333333397,0.7050979705650632,0.47368421052631576,2,319.8150000000028,0.7907409197847166,-1000000000.0,0.4730290456431535
B,15,10,break<=0.25,279,97.11600000000271,0.32372000000000906,0.7247021405063327,0.44086021505376344,1,188.06600000000435,0.7578132337889043,-1000000000.0,0.7842323651452282
B,15,10,asiaRatio>=0.80,322,180.97700000000532,0.6032566666666844,0.6598008205987995,0.46273291925465837,2,180.1490000000033,0.701514092595212,-1000000000.0,0.6680497925311203
B,15,10,time<=12,226,90.46600000000103,0.3015533333333368,0.7795109396364074,0.4336283185840708,0,180.02500000000236,0.6799716412619611,-1000000000.0,0.7780082987551867
B,15,10,time<=13,365,95.22000000000207,0.3174000000000069,0.7679044123023772,0.44931506849315067,0,172.05500000000302,0.752633150253102,-1000000000.0,0.8423236514522822
B,15,10,LONG,263,190.16000000000236,0.6338666666666746,0.6685310313508128,0.4828897338403042,3,290.82100000000287,0.6953262011977287,-1000000000.0,0.5456431535269709
B,15,10,SHORT,126,95.5400000000011,0.31846666666667034,0.7243882104850149,0.3968253968253968,0,187.37900000000195,0.5747633333333321,-1000000000.0,0.45435684647302904
B,15,10,Thu-Fri,287,95.32000000000244,0.31773333333334147,0.7565460805247021,0.445993031358885,1,241.34100000000535,0.7303849027400678,-1000000000.0,1.0
B,15,10,spread<=10%TP,266,95.8010000000022,0.31933666666667404,0.755317573020846,0.4473684210526316,1,241.89400000000455,0.7168983731047823,-1000000000.0,0.9979253112033195
B,15,10,spread<=15%TP,287,95.32000000000244,0.31773333333334147,0.7565460805247021,0.445993031358885,1,241.34100000000535,0.7303849027400678,-1000000000.0,1.0
B,15,10,lowSpread+close,252,94.23000000000116,0.3141000000000039,0.780032261001302,0.4642857142857143,1,224.03500000000327,0.742919319285537,-1000000000.0,0.6556016597510373
B,15,10,body+close,302,234.18400000000383,0.7806133333333461,0.7227966341699856,0.4867549668874172,2,243.2570000000037,0.6951450378852706,-1000000000.0,0.6265560165975104
B,15,10,trend+mom,263,97.09500000000185,0.32365000000000615,0.7864363609169372,0.45627376425855515,1,193.8550000000041,0.7301187933041684,-1000000000.0,0.979253112033195
B,15,10,trend+close,318,201.75800000000186,0.6725266666666728,0.7526034067804108,0.48427672955974843,2,224.04900000000248,0.7257960328702386,-1000000000.0,0.6597510373443983
B,15,10,trend+lowSpread,258,94.41500000000201,0.31471666666667336,0.758857513562105,0.44573643410852715,1,242.99700000000416,0.7200611422013179,-1000000000.0,0.9854771784232366
B,15,10,prevRoom+trend,333,173.4470000000024,0.5781566666666746,0.7595149868076057,0.4594594594594595,3,176.7160000000024,0.6471894716236725,-1000000000.0,0.6908713692946058
B,15,10,prevDist+trend,449,232.03500000000508,0.773450000000017,0.7667068381477009,0.46770601336302897,3,308.72300000000405,0.7041063738832007,-1000000000.0,0.9315352697095436
B,15,10,early+trend,365,95.22000000000207,0.3174000000000069,0.7679044123023772,0.44931506849315067,0,172.05500000000302,0.752633150253102,-1000000000.0,0.8423236514522822
B,15,10,lowSpread+body,320,99.69700000000216,0.3323233333333405,0.775189865425546,0.453125,1,298.3780000000045,0.7469303286616964,-1000000000.0,0.8402489626556017
B,15,10,TPspread+close,320,200.08200000000238,0.666940000000008,0.7565158118590661,0.4875,2,224.03500000000327,0.742919319285537,-1000000000.0,0.6639004149377593
B,15,12,ALL,482,276.15400000000636,0.9205133333333545,0.6235135592233435,0.487551867219917,3,282.16300000000547,0.6830980253287503,-1000000000.0,1.0
B,15,12,spread<=0.5,247,116.7650000000026,0.3892166666666753,0.6762615858510465,0.4574898785425101,0,298.9950000000051,0.6442109342614836,-1000000000.0,0.9522821576763485
B,15,12,spread<=0.75,219,113.10900000000265,0.37703000000000886,0.6863980791677812,0.4520547945205479,0,300.55600000000527,0.6175915108803542,-1000000000.0,0.9813278008298755
B,15,12,spread<=1.0,256,119.24200000000269,0.3974733333333423,0.6693939452751293,0.45703125,0,275.47800000000484,0.6602205327551753,-1000000000.0,0.9896265560165975
B,15,12,spread<=1.25,481,273.9460000000063,0.9131533333333542,0.6651020164856584,0.4864864864864865,2,281.1370000000056,0.6940299127199595,-1000000000.0,0.9979253112033195
B,15,12,body>=0.40,408,273.0360000000055,0.9101200000000184,0.6321055366157854,0.49019607843137253,2,325.5900000000049,0.6157329592020943,-1000000000.0,0.8464730290456431
B,15,12,body>=0.60,310,252.6720000000032,0.8422400000000106,0.6285004800236298,0.5064516129032258,2,394.61700000000496,0.4607226249100846,-1000000000.0,0.6431535269709544
B,15,12,close>=0.70,236,112.37300000000118,0.3745766666666706,0.7186511036333745,0.4745762711864407,1,289.6630000000041,0.6089577844794258,-1000000000.0,0.6639004149377593
B,15,12,trend>=2,480,281.29300000000603,0.9376433333333535,0.6412191517618202,0.48541666666666666,2,280.83900000000494,0.6846487400317839,-1000000000.0,0.995850622406639
B,15,12,mom>=0,474,278.93800000000647,0.9297933333333549,0.6898015845994631,0.4957805907172996,3,431.15900000000715,0.6594976175456655,-1000000000.0,0.983402489626556
B,15,12,mom>=0.15,464,276.4450000000063,0.9214833333333543,0.6479793900811486,0.5,3,430.213000000007,0.6605153870024202,-1000000000.0,0.9626556016597511
B,15,12,emaAligned,482,276.15400000000636,0.9205133333333545,0.6235135592233435,0.487551867219917,3,282.16300000000547,0.6830980253287503,-1000000000.0,1.0
B,15,12,prevRoom>=0,335,200.51800000000367,0.6683933333333456,0.6766472624083343,0.47761194029850745,3,308.22500000000537,0.5576668846051591,-1000000000.0,0.6950207468879668
B,15,12,prevDist>=0.25,177,113.1090000000031,0.37703000000001036,0.6973737017000244,0.4406779661016949,0,546.2590000000077,0.5958360554449792,-1000000000.0,0.9336099585062241
B,15,12,prevDist>=0.50,388,297.3210000000058,0.9910700000000194,0.5954449419987464,0.5025773195876289,3,638.576000000008,0.42505245374533057,-1000000000.0,0.8049792531120332
B,15,12,break>=0.10,228,186.77600000000166,0.6225866666666722,0.6187184595745683,0.49122807017543857,2,474.6039999999998,0.7150159300467492,-1000000000.0,0.4730290456431535
B,15,12,break<=0.25,279,113.819000000002,0.3793966666666734,0.6875816598776833,0.45161290322580644,1,117.39200000000233,0.7329560189081794,-1000000000.0,0.7842323651452282
B,15,12,asiaRatio>=0.80,167,118.36800000000244,0.3945600000000081,0.6054399999999919,0.4550898203592814,0,241.5470000000039,0.6093888254027348,-1000000000.0,0.6680497925311203
B,15,12,time<=12,375,230.47000000000435,0.7682333333333479,0.6219896403414098,0.48533333333333334,1,232.3050000000028,0.6184669451042346,-1000000000.0,0.7780082987551867
B,15,12,time<=13,406,211.89800000000469,0.7063266666666823,0.6410949895567458,0.4827586206896552,2,218.52400000000398,0.7146988862065466,-1000000000.0,0.8423236514522822
B,15,12,SHORT,114,118.45100000000139,0.3948366666666713,0.6559617306038956,0.41228070175438597,0,217.21200000000226,0.4542433333333315,-1000000000.0,0.45435684647302904
B,15,12,Thu-Fri,482,276.15400000000636,0.9205133333333545,0.6235135592233435,0.487551867219917,3,282.16300000000547,0.6830980253287503,-1000000000.0,1.0
B,15,12,spread<=10%TP,481,273.9460000000063,0.9131533333333542,0.6651020164856584,0.4864864864864865,2,281.1370000000056,0.6940299127199595,-1000000000.0,0.9979253112033195
B,15,12,spread<=15%TP,482,276.15400000000636,0.9205133333333545,0.6235135592233435,0.487551867219917,3,282.16300000000547,0.6830980253287503,-1000000000.0,1.0
B,15,12,lowSpread+close,232,116.63300000000118,0.3887766666666706,0.7079853182710383,0.4698275862068966,1,250.9300000000037,0.6440298543938415,-1000000000.0,0.6556016597510373
B,15,12,body+close,302,231.4880000000037,0.771626666666679,0.6768718690631202,0.5099337748344371,3,329.35400000000436,0.6002405028919521,-1000000000.0,0.6265560165975104
B,15,12,trend+mom,472,277.3010000000063,0.9243366666666877,0.6937707712347049,0.4936440677966102,3,429.83500000000663,0.6609389211040164,-1000000000.0,0.979253112033195
B,15,12,trend+close,234,114.71100000000092,0.3823700000000031,0.7127974402115108,0.4700854700854701,1,293.95100000000366,0.6470649278771293,-1000000000.0,0.6597510373443983
B,15,12,trend+lowSpread,220,114.47800000000257,0.3815933333333419,0.6826024393016408,0.45,0,275.5710000000049,0.6002245929253202,-1000000000.0,0.9854771784232366
B,15,12,prevRoom+trend,333,205.8560000000034,0.686186666666678,0.6648500037570855,0.4744744744744745,4,306.90100000000484,0.5589962694091546,-1000000000.0,0.6908713692946058
B,15,12,prevDist+trend,177,113.1090000000031,0.37703000000001036,0.6973737017000244,0.4406779661016949,0,568.2970000000078,0.5965899868501803,-1000000000.0,0.9315352697095436
B,15,12,early+trend,406,211.89800000000469,0.7063266666666823,0.6410949895567458,0.4827586206896552,2,218.52400000000398,0.7146988862065466,-1000000000.0,0.8423236514522822
B,15,12,lowSpread+body,405,272.6990000000053,0.9089966666666843,0.6330418740084336,0.4888888888888889,1,334.640000000006,0.5697991012973358,-1000000000.0,0.8402489626556017
B,15,12,TPspread+close,236,112.37300000000118,0.3745766666666706,0.7186511036333745,0.4745762711864407,1,289.6630000000041,0.6089577844794258,-1000000000.0,0.6639004149377593
B,15,15,spread<=0.5,338,147.85500000000184,0.4928500000000061,0.5692372683836341,0.47041420118343197,0,366.0040000000042,0.5539409903074677,-1000000000.0,0.9522821576763485
B,15,15,spread<=0.75,219,144.8000000000011,0.4826666666666703,0.5781377461834265,0.45662100456621,0,393.93900000000394,0.520917264360365,-1000000000.0,0.9813278008298755
B,15,15,spread<=1.0,256,146.60500000000138,0.48868333333333797,0.5728790350774939,0.4609375,0,369.7100000000039,0.5372423495684238,-1000000000.0,0.9896265560165975
B,15,15,body>=0.60,310,297.5230000000015,0.9917433333333383,0.47060635909118237,0.5225806451612903,1,302.68800000000306,0.400658324785614,-1000000000.0,0.6431535269709544
B,15,15,close>=0.70,320,288.7160000000017,0.9623866666666724,0.49766238444973926,0.525,2,279.3990000000033,0.5074036673141197,-1000000000.0,0.6639004149377593
B,15,15,prevRoom>=0,335,273.9110000000021,0.9130366666666737,0.4993171883091094,0.4955223880597015,4,289.96000000000345,0.4140770987611594,-1000000000.0,0.6950207468879668
B,15,15,break>=0.10,105,144.19599999999946,0.48065333333333154,0.5729170985990599,0.4380952380952381,0,397.21299999999906,0.6217098048129124,-1000000000.0,0.4730290456431535
B,15,15,break<=0.25,378,284.1740000000045,0.9472466666666818,0.5030806555250587,0.4894179894179894,1,283.5680000000041,0.5045297884295793,-1000000000.0,0.7842323651452282
B,15,15,asiaRatio>=0.80,165,145.47000000000162,0.4849000000000054,0.5287169385877353,0.45454545454545453,0,271.83400000000233,0.5287576671674046,-1000000000.0,0.6680497925311203
B,15,15,time<=12,375,278.89700000000244,0.9296566666666748,0.4943404866933155,0.5013333333333333,2,277.55700000000184,0.514964282646189,-1000000000.0,0.7780082987551867
B,15,15,time<=13,406,273.4900000000023,0.911633333333341,0.5479045395248889,0.4975369458128079,2,280.49800000000346,0.5886520334353292,-1000000000.0,0.8423236514522822
B,15,15,LONG,263,294.35800000000154,0.9811933333333385,0.4369704087309142,0.5095057034220533,3,414.5320000000024,0.5145778180602906,-1000000000.0,0.5456431535269709
B,15,15,SHORT,114,145.24000000000046,0.48413333333333486,0.5336321718021487,0.42105263157894735,0,327.646000000002,0.39270999999999806,-1000000000.0,0.45435684647302904
B,15,15,lowSpread+close,316,259.2130000000018,0.8640433333333393,0.5160585290093086,0.5221518987341772,1,289.9360000000031,0.5196864389751282,-1000000000.0,0.6556016597510373
B,15,15,body+close,302,294.944000000002,0.9831466666666734,0.45001485463284063,0.5264900662251656,2,299.25000000000296,0.44469809006675454,-1000000000.0,0.6265560165975104
B,15,15,trend+close,318,282.05400000000145,0.9401800000000048,0.5068786363371023,0.5220125786163522,2,289.39800000000264,0.49515282846715214,-1000000000.0,0.6597510373443983
B,15,15,trend+lowSpread,220,146.169000000001,0.4872300000000033,0.5741492833003129,0.45454545454545453,0,370.3240000000035,0.5192143760655541,-1000000000.0,0.9854771784232366
B,15,15,prevRoom+trend,333,269.5090000000016,0.8983633333333387,0.5146979130288198,0.4924924924924925,3,291.9530000000034,0.41545245176895373,-1000000000.0,0.6908713692946058
B,15,15,early+trend,406,273.4900000000023,0.911633333333341,0.5479045395248889,0.4975369458128079,2,280.49800000000346,0.5886520334353292,-1000000000.0,0.8423236514522822
B,15,15,TPspread+close,320,288.7160000000017,0.9623866666666724,0.49766238444973926,0.525,2,279.3990000000033,0.5074036673141197,-1000000000.0,0.6639004149377593
B,15,20,spread<=0.75,219,181.76700000000028,0.6058900000000009,0.48035689781355784,0.4611872146118721,1,685.8660000000041,0.35530241921091826,-1000000000.0,0.9813278008298755
B,15,20,spread<=1.0,221,189.5220000000004,0.6317400000000013,0.45818657945293184,0.46153846153846156,1,754.387000000005,0.344990745741118,-1000000000.0,0.9896265560165975
B,15,20,prevDist>=0.25,176,194.9200000000003,0.6497333333333344,0.45862172401151036,0.4431818181818182,1,880.1820000000043,0.35033295106942397,-1000000000.0,0.9336099585062241
B,15,20,break>=0.10,95,197.6959999999999,0.6589866666666664,0.39459750790836495,0.4421052631578947,0,508.3049999999994,0.3453384629225573,-1000000000.0,0.4730290456431535
B,15,20,asiaRatio>=0.80,139,194.4490000000012,0.6481633333333373,0.3684321641662569,0.460431654676259,0,557.113000000001,0.27164989579137966,-1000000000.0,0.6680497925311203
B,15,20,trend+lowSpread,220,183.1360000000002,0.610453333333334,0.47644314335376486,0.4590909090909091,1,653.8450000000043,0.4000956984720359,-1000000000.0,0.9854771784232366
B,15,20,prevDist+trend,176,194.9200000000003,0.6497333333333344,0.45862172401151036,0.4431818181818182,1,866.6210000000044,0.367164766084323,-1000000000.0,0.9315352697095436
B,15,25,ALL,176,248.28200000000038,0.8276066666666679,0.2902010337572044,0.45454545454545453,1,678.186000000004,0.2984815529319447,-1000000000.0,1.0
B,15,25,spread<=0.5,176,248.28200000000038,0.8276066666666679,0.2902010337572044,0.45454545454545453,1,489.9770000000028,0.2821270407716909,-1000000000.0,0.9522821576763485
B,15,25,spread<=0.75,176,248.28200000000038,0.8276066666666679,0.2902010337572044,0.45454545454545453,1,248.39400000000046,0.304981644804584,-1000000000.0,0.9813278008298755
B,15,25,spread<=1.0,176,248.28200000000038,0.8276066666666679,0.2902010337572044,0.45454545454545453,1,486.1570000000031,0.3142143238609644,-1000000000.0,0.9896265560165975
B,15,25,spread<=1.25,176,248.28200000000038,0.8276066666666679,0.2902010337572044,0.45454545454545453,1,535.9010000000037,0.3057541831438245,-1000000000.0,0.9979253112033195
B,15,25,trend>=2,176,248.28200000000038,0.8276066666666679,0.2902010337572044,0.45454545454545453,1,539.3680000000033,0.30280498340872763,-1000000000.0,0.995850622406639
B,15,25,trend=3,160,242.77499999999986,0.8092499999999996,0.3345877335555268,0.45,1,903.2980000000041,0.20366784909221097,-1000000000.0,0.8568464730290456
B,15,25,emaAligned,176,248.28200000000038,0.8276066666666679,0.2902010337572044,0.45454545454545453,1,678.186000000004,0.2984815529319447,-1000000000.0,1.0
B,15,25,prevRoom>=0,147,247.62899999999922,0.8254299999999974,0.3448517622905299,0.4489795918367347,1,462.08600000000206,0.20009529262135298,-1000000000.0,0.6950207468879668
B,15,25,prevDist>=0.25,161,230.16200000000094,0.7672066666666698,0.3607392429814125,0.453416149068323,1,699.7180000000021,0.35057892500531057,-1000000000.0,0.9336099585062241
B,15,25,prevDist>=0.50,139,246.33800000000042,0.8211266666666681,0.2835512692245054,0.4676258992805755,0,705.3850000000018,0.32410180757116125,-1000000000.0,0.8049792531120332
B,15,25,break>=0.05,117,243.212,0.8107066666666666,0.3153258657237856,0.4700854700854701,1,724.5590000000011,0.23713138139681783,-1000000000.0,0.6327800829875518
B,15,25,break>=0.10,85,244.91500000000042,0.8163833333333347,0.24999923442748906,0.4588235294117647,0,453.6700000000001,0.2326538325437849,-1000000000.0,0.4730290456431535
B,15,25,asiaRatio>=0.80,116,248.91700000000105,0.8297233333333368,0.1915208049811132,0.45689655172413796,0,249.6260000000002,0.24296112088311997,-1000000000.0,0.6680497925311203
B,15,25,time<=12,171,236.7489999999998,0.7891633333333327,0.3211420346039828,0.4619883040935672,0,477.8260000000016,0.23766659345994204,-1000000000.0,0.7780082987551867
B,15,25,time<=13,153,240.4259999999997,0.801419999999999,0.3088227684346717,0.45098039215686275,0,476.67700000000195,0.21503279966970942,-1000000000.0,0.8423236514522822
B,15,25,SHORT,96,247.26999999999975,0.8242333333333325,0.2399293014677644,0.4479166666666667,0,457.82300000000123,0.19447825860318985,-1000000000.0,0.45435684647302904
B,15,25,Thu-Fri,176,248.28200000000038,0.8276066666666679,0.2902010337572044,0.45454545454545453,1,678.186000000004,0.2984815529319447,-1000000000.0,1.0
B,15,25,spread<=10%TP,176,248.28200000000038,0.8276066666666679,0.2902010337572044,0.45454545454545453,1,535.9010000000037,0.3057541831438245,-1000000000.0,0.9979253112033195
B,15,25,spread<=15%TP,176,248.28200000000038,0.8276066666666679,0.2902010337572044,0.45454545454545453,1,678.186000000004,0.2984815529319447,-1000000000.0,1.0
B,15,25,lowSpread+close,144,249.44900000000007,0.8314966666666669,0.29290292222609604,0.4791666666666667,1,385.5190000000023,0.28235655748952954,-1000000000.0,0.6556016597510373
B,15,25,trend+lowSpread,176,248.28200000000038,0.8276066666666679,0.2902010337572044,0.45454545454545453,1,249.76300000000037,0.28843666490031467,-1000000000.0,0.9854771784232366
B,15,25,break+trend,117,243.212,0.8107066666666666,0.3153258657237856,0.4700854700854701,1,724.283000000001,0.2372105628017783,-1000000000.0,0.6307053941908713
B,15,25,prevRoom+trend,146,241.24299999999903,0.8041433333333301,0.3617471042981817,0.4452054794520548,1,469.48300000000177,0.20646821400534363,-1000000000.0,0.6908713692946058
B,15,25,prevDist+trend,161,230.16200000000094,0.7672066666666698,0.3607392429814125,0.453416149068323,1,738.6850000000022,0.35165717991613893,-1000000000.0,0.9315352697095436
B,15,25,early+trend,153,240.4259999999997,0.801419999999999,0.3088227684346717,0.45098039215686275,0,476.67700000000195,0.21503279966970942,-1000000000.0,0.8423236514522822
B,15,30,ALL,7,296.7260000000001,0.989086666666667,0.028169798281841716,0.2857142857142857,0,297.9440000000002,0.06090749776214448,-1000000000.0,1.0
B,15,30,spread<=0.5,7,296.7260000000001,0.989086666666667,0.028169798281841716,0.2857142857142857,0,297.9440000000002,0.06090749776214448,-1000000000.0,0.9522821576763485
B,15,30,spread<=0.75,7,296.7260000000001,0.989086666666667,0.028169798281841716,0.2857142857142857,0,297.9440000000002,0.06090749776214448,-1000000000.0,0.9813278008298755
B,15,30,spread<=1.0,7,296.7260000000001,0.989086666666667,0.028169798281841716,0.2857142857142857,0,297.9440000000002,0.06090749776214448,-1000000000.0,0.9896265560165975
B,15,30,spread<=1.25,7,296.7260000000001,0.989086666666667,0.028169798281841716,0.2857142857142857,0,297.9440000000002,0.06090749776214448,-1000000000.0,0.9979253112033195
B,15,30,body>=0.40,7,297.16599999999994,0.9905533333333332,0.026728720355553418,0.2857142857142857,0,583.1760000000017,0.19203373242593919,-1000000000.0,0.8464730290456431
B,15,30,body>=0.60,1,298.55899999999997,0.9951966666666666,0.004803333333333436,0.0,0,291.88400000000047,0.11561826792266414,-1000000000.0,0.6431535269709544
B,15,30,close>=0.70,1,298.55899999999997,0.9951966666666666,0.004803333333333436,0.0,0,289.77400000000057,0.2047085041799086,-1000000000.0,0.6639004149377593
B,15,30,close>=0.85,3,297.88300000000004,0.9929433333333335,0.010200928384166088,0.3333333333333333,0,299.5030000000004,0.12394516156395421,-1000000000.0,0.44190871369294604
B,15,30,trend>=2,7,296.7260000000001,0.989086666666667,0.028169798281841716,0.2857142857142857,0,291.558,0.06215863253581766,-1000000000.0,0.995850622406639
B,15,30,trend=3,7,296.7260000000001,0.989086666666667,0.028169798281841716,0.2857142857142857,0,291.558,0.06215863253581766,-1000000000.0,0.8568464730290456
B,15,30,mom>=0,7,296.7260000000001,0.989086666666667,0.028169798281841716,0.2857142857142857,0,297.9440000000002,0.06090749776214448,-1000000000.0,0.983402489626556
B,15,30,mom>=0.15,7,296.7260000000001,0.989086666666667,0.028169798281841716,0.2857142857142857,0,297.9440000000002,0.06090749776214448,-1000000000.0,0.9626556016597511
B,15,30,emaAligned,7,296.7260000000001,0.989086666666667,0.028169798281841716,0.2857142857142857,0,297.9440000000002,0.06090749776214448,-1000000000.0,1.0
B,15,30,prevRoom>=0,5,298.0229999999999,0.9934099999999997,0.02392189357639543,0.4,0,289.87800000000016,0.06249636160180094,-1000000000.0,0.6950207468879668
B,15,30,prevDist>=0.25,7,296.7260000000001,0.989086666666667,0.028169798281841716,0.2857142857142857,0,297.9440000000002,0.06090749776214448,-1000000000.0,0.9336099585062241
B,15,30,prevDist>=0.50,1,298.55899999999997,0.9951966666666666,0.004803333333333436,0.0,0,291.558,0.06215863253581766,-1000000000.0,0.8049792531120332
B,15,30,break>=0.05,6,297.47900000000004,0.9915966666666668,0.028735144312393664,0.3333333333333333,0,291.558,0.06215863253581766,-1000000000.0,0.6327800829875518
B,15,30,break>=0.10,6,297.47900000000004,0.9915966666666668,0.028735144312393664,0.3333333333333333,0,295.00299999999993,0.028518456315060055,-1000000000.0,0.4730290456431535
B,15,30,break<=0.25,10,299.9820000000002,0.9999400000000006,0.049781753447915064,0.4,0,283.04900000000043,0.17490212768438307,-1000000000.0,0.7842323651452282
B,15,30,asiaRatio>=0.80,1,297.15599999999995,0.9905199999999998,0.00948000000000017,0.0,0,299.74000000000024,0.09098077273002965,-1000000000.0,0.6680497925311203
B,15,30,time<=12,5,298.6170000000002,0.9953900000000007,0.02197643837590455,0.2,0,295.00299999999993,0.028518456315060055,-1000000000.0,0.7780082987551867
B,15,30,time<=13,5,299.7450000000001,0.9991500000000004,0.01828203860123697,0.2,0,297.81899999999996,0.02825642213659037,-1000000000.0,0.8423236514522822
B,15,30,LONG,6,298.16700000000014,0.9938900000000005,0.026488833746897707,0.3333333333333333,0,280.8390000000006,0.22359254221543926,-1000000000.0,0.5456431535269709
B,15,30,SHORT,1,298.55899999999997,0.9951966666666666,0.004803333333333436,0.0,0,291.3399999999999,0.02886666666666694,-1000000000.0,0.45435684647302904
B,15,30,Thu-Fri,7,296.7260000000001,0.989086666666667,0.028169798281841716,0.2857142857142857,0,297.9440000000002,0.06090749776214448,-1000000000.0,1.0
B,15,30,spread<=10%TP,7,296.7260000000001,0.989086666666667,0.028169798281841716,0.2857142857142857,0,297.9440000000002,0.06090749776214448,-1000000000.0,0.9979253112033195
B,15,30,spread<=15%TP,7,296.7260000000001,0.989086666666667,0.028169798281841716,0.2857142857142857,0,297.9440000000002,0.06090749776214448,-1000000000.0,1.0
B,15,30,lowSpread+close,1,298.55899999999997,0.9951966666666666,0.004803333333333436,0.0,0,297.24200000000064,0.18421240414752305,-1000000000.0,0.6556016597510373
B,15,30,body+close,1,298.55899999999997,0.9951966666666666,0.004803333333333436,0.0,0,466.0340000000017,0.23557133341768713,-1000000000.0,0.6265560165975104
B,15,30,trend+mom,7,296.7260000000001,0.989086666666667,0.028169798281841716,0.2857142857142857,0,291.558,0.06215863253581766,-1000000000.0,0.979253112033195
B,15,30,trend+close,1,298.55899999999997,0.9951966666666666,0.004803333333333436,0.0,0,295.02500000000055,0.17585257112208566,-1000000000.0,0.6597510373443983
B,15,30,trend+lowSpread,7,296.7260000000001,0.989086666666667,0.028169798281841716,0.2857142857142857,0,291.558,0.06215863253581766,-1000000000.0,0.9854771784232366
B,15,30,break+trend,6,297.47900000000004,0.9915966666666668,0.028735144312393664,0.3333333333333333,0,291.558,0.06215863253581766,-1000000000.0,0.6307053941908713
B,15,30,break+close,4,297.1550000000002,0.9905166666666674,0.014600839639472396,0.5,0,517.3860000000009,0.13222193967182352,-1000000000.0,0.4190871369294606
B,15,30,prevRoom+trend,5,298.0229999999999,0.9934099999999997,0.02392189357639543,0.4,0,294.15599999999995,0.028598224664482988,-1000000000.0,0.6908713692946058
B,15,30,prevDist+trend,7,296.7260000000001,0.989086666666667,0.028169798281841716,0.2857142857142857,0,291.558,0.06215863253581766,-1000000000.0,0.9315352697095436
B,15,30,early+trend,5,299.7450000000001,0.9991500000000004,0.01828203860123697,0.2,0,297.81899999999996,0.02825642213659037,-1000000000.0,0.8423236514522822
B,15,30,lowSpread+body,7,297.16599999999994,0.9905533333333332,0.026728720355553418,0.2857142857142857,0,584.2250000000017,0.19687157392453572,-1000000000.0,0.8402489626556017
B,15,30,TPspread+close,1,298.55899999999997,0.9951966666666666,0.004803333333333436,0.0,0,289.77400000000057,0.2047085041799086,-1000000000.0,0.6639004149377593
B,20,8,ALL,288,74.89200000000187,0.24964000000000625,0.78385835293438,0.4270833333333333,0,236.223000000007,0.7850551373887027,-1000000000.0,1.0
B,20,8,spread<=0.5,269,77.20200000000204,0.25734000000000684,0.7771915900662285,0.4275092936802974,0,253.97200000000862,0.7251441940016699,-1000000000.0,0.9522821576763485
B,20,8,spread<=0.75,259,75.91400000000158,0.2530466666666719,0.780908815423017,0.42857142857142855,0,162.59000000000424,0.7950924132394023,-1000000000.0,0.9813278008298755
B,20,8,spread<=1.0,283,74.48000000000206,0.24826666666667355,0.7850474032814263,0.42402826855123676,0,155.05600000000595,0.769906873863482,-1000000000.0,0.9896265560165975
B,20,8,spread<=1.25,287,74.89200000000187,0.24964000000000625,0.78385835293438,0.4250871080139373,0,155.05900000000543,0.7993196188507744,-1000000000.0,0.9979253112033195
B,20,8,body>=0.40,408,148.19000000000347,0.4939666666666782,0.8021597780215932,0.4338235294117647,1,239.7680000000048,0.8334839207705358,-1000000000.0,0.8464730290456431
B,20,8,close>=0.70,320,160.8800000000008,0.5362666666666693,0.8000786650774733,0.45,2,161.97400000000175,0.8010228367321686,-1000000000.0,0.6639004149377593
B,20,8,trend>=2,288,76.70000000000164,0.25566666666667215,0.7786403844211265,0.4236111111111111,0,154.44400000000496,0.8085525637244281,-1000000000.0,0.995850622406639
B,20,8,trend=3,250,76.1990000000028,0.253996666666676,0.8145955599676811,0.424,1,676.5160000000149,0.68538500920449,-1000000000.0,0.8568464730290456
B,20,8,mom>=0,474,148.4420000000057,0.49480666666668566,0.7642554720425669,0.4388185654008439,1,236.8340000000078,0.7719447462565713,-1000000000.0,0.983402489626556
B,20,8,mom>=0.15,464,150.56400000000644,0.5018800000000215,0.7673105351893519,0.4418103448275862,2,339.7920000000099,0.760102999133715,-1000000000.0,0.9626556016597511
B,20,8,emaAligned,288,74.89200000000187,0.24964000000000625,0.78385835293438,0.4270833333333333,0,236.223000000007,0.7850551373887027,-1000000000.0,1.0
B,20,8,prevRoom>=0,206,76.96399999999994,0.2565466666666665,0.8175097156325057,0.4174757281553398,1,226.04400000000555,0.7125204983129076,-1000000000.0,0.6950207468879668
B,20,8,prevDist>=0.25,450,143.77200000000562,0.4792400000000187,0.724088875577928,0.43333333333333335,2,399.30800000001045,0.7883487761831722,-1000000000.0,0.9336099585062241
B,20,8,prevDist>=0.50,388,256.37700000000723,0.854590000000024,0.6838898497230692,0.44329896907216493,2,420.2190000000103,0.7303162168736932,-1000000000.0,0.8049792531120332
B,20,8,break>=0.05,305,238.84300000000349,0.796143333333345,0.8411494893817533,0.4491803278688525,3,464.04200000000765,0.8524567794344692,-1000000000.0,0.6327800829875518
B,20,8,break>=0.10,217,78.0740000000003,0.2602466666666677,0.806413540191865,0.423963133640553,2,172.62800000000243,0.8941280779969695,-1000000000.0,0.4730290456431535
B,20,8,break<=0.25,222,74.6090000000006,0.24869666666666868,0.7784577650688433,0.4189189189189189,0,150.7220000000034,0.8015434278677193,-1000000000.0,0.7842323651452282
B,20,8,asiaRatio>=0.80,322,137.37300000000505,0.45791000000001686,0.7159199999999903,0.4254658385093168,1,136.3380000000036,0.763282125592921,-1000000000.0,0.6680497925311203
B,20,8,time<=12,226,73.47100000000046,0.24490333333333486,0.7703543252941236,0.41150442477876104,0,317.00100000000566,0.667870472818469,-1000000000.0,0.7780082987551867
B,20,8,time<=13,406,219.63000000000488,0.7321000000000163,0.7534698619470722,0.43349753694581283,1,328.0740000000071,0.7371177164600374,-1000000000.0,0.8423236514522822
B,20,8,LONG,263,227.02200000000266,0.7567400000000089,0.6216844246526766,0.44106463878326996,2,345.96600000000444,0.6381072646701906,-1000000000.0,0.5456431535269709
B,20,8,SHORT,219,150.12700000000245,0.5004233333333415,0.7466211817400557,0.4200913242009132,2,149.77400000000284,0.6495166666666592,-1000000000.0,0.45435684647302904
B,20,8,Thu-Fri,288,74.89200000000187,0.24964000000000625,0.78385835293438,0.4270833333333333,0,236.223000000007,0.7850551373887027,-1000000000.0,1.0
B,20,8,spread<=10%TP,288,74.89200000000187,0.24964000000000625,0.78385835293438,0.4270833333333333,0,236.223000000007,0.7850551373887027,-1000000000.0,1.0
B,20,8,spread<=15%TP,288,74.89200000000187,0.24964000000000625,0.78385835293438,0.4270833333333333,0,236.223000000007,0.7850551373887027,-1000000000.0,1.0
B,20,8,lowSpread+close,316,146.3870000000013,0.48795666666667104,0.8067485101311075,0.44936708860759494,2,79.87200000000053,0.846440752261899,-1000000000.0,0.6556016597510373
B,20,8,body+close,302,176.2780000000023,0.587593333333341,0.7828301363031117,0.4503311258278146,2,181.42800000000216,0.8175134140260553,-1000000000.0,0.6265560165975104
B,20,8,trend+mom,472,155.34800000000564,0.5178266666666854,0.7632552584047037,0.4385593220338983,1,248.4790000000071,0.7561652610227376,-1000000000.0,0.979253112033195
B,20,8,trend+close,318,146.14900000000057,0.4871633333333352,0.7948820023837913,0.449685534591195,2,161.68200000000138,0.7698912533249875,-1000000000.0,0.6597510373443983
B,20,8,trend+lowSpread,282,73.27800000000184,0.24426000000000614,0.7885164288084908,0.4219858156028369,0,153.85700000000497,0.7646578584193837,-1000000000.0,0.9854771784232366
B,20,8,break+trend,304,242.7620000000038,0.8092066666666794,0.85600367111648,0.4506578947368421,3,543.5940000000089,0.8487295731672647,-1000000000.0,0.6307053941908713
B,20,8,prevRoom+trend,205,78.02799999999957,0.2600933333333319,0.8149868521824909,0.4146341463414634,1,150.47500000000286,0.7617995191253664,-1000000000.0,0.6908713692946058
B,20,8,prevDist+trend,449,146.0260000000053,0.48675333333335097,0.7373041573853903,0.43207126948775054,2,310.4310000000071,0.7720008729390161,-1000000000.0,0.9315352697095436
B,20,8,early+trend,406,219.63000000000488,0.7321000000000163,0.7534698619470722,0.43349753694581283,1,328.0740000000071,0.7371177164600374,-1000000000.0,0.8423236514522822
B,20,8,lowSpread+body,405,155.11700000000337,0.5170566666666779,0.8101023056831262,0.4345679012345679,1,239.51800000000503,0.8598391164237884,-1000000000.0,0.8402489626556017
B,20,8,TPspread+close,320,160.8800000000008,0.5362666666666693,0.8000786650774733,0.45,2,161.97400000000175,0.8010228367321686,-1000000000.0,0.6639004149377593
B,20,10,ALL,288,93.09100000000262,0.3103033333333421,0.7728163490424844,0.4444444444444444,1,247.43800000000465,0.7867617553368462,-1000000000.0,1.0
B,20,10,spread<=0.5,269,98.3760000000027,0.32792000000000904,0.7599185866883315,0.4423791821561338,1,278.06800000000635,0.7299061275477114,-1000000000.0,0.9522821576763485
B,20,10,spread<=0.75,259,94.80200000000218,0.31600666666667393,0.7686407442387097,0.444015444015444,1,278.472000000005,0.7068863359557552,-1000000000.0,0.9813278008298755
B,20,10,spread<=1.0,262,90.56800000000226,0.30189333333334084,0.7789735968039854,0.44656488549618323,1,257.19100000000526,0.7023820001579651,-1000000000.0,0.9896265560165975
B,20,10,spread<=1.25,266,92.8340000000021,0.3094466666666737,0.7734435439194994,0.4473684210526316,1,258.4790000000048,0.6972878728293936,-1000000000.0,0.9979253112033195
B,20,10,body>=0.40,408,252.46800000000462,0.8415600000000154,0.8011851442475549,0.4632352941176471,2,256.0420000000033,0.7901254112691151,-1000000000.0,0.8464730290456431
B,20,10,body>=0.60,310,266.9810000000007,0.8899366666666689,0.7861003293539187,0.4806451612903226,2,267.3110000000024,0.6878891171709596,-1000000000.0,0.6431535269709544
B,20,10,close>=0.70,290,91.43700000000058,0.30479000000000195,0.7883049952769892,0.46551724137931033,1,197.01000000000204,0.7711772561224587,-1000000000.0,0.6639004149377593
B,20,10,trend>=2,287,92.90600000000245,0.3096866666666748,0.7732678317360551,0.4425087108013937,1,255.013000000004,0.7708312991669924,-1000000000.0,0.995850622406639
B,20,10,trend=3,250,99.46400000000313,0.3315466666666771,0.7934288681204507,0.444,1,574.3080000000084,0.603261705155045,-1000000000.0,0.8568464730290456
B,20,10,mom>=0,474,259.61900000000605,0.8653966666666868,0.7627407418063977,0.4704641350210971,3,260.0150000000051,0.7529235011648302,-1000000000.0,0.983402489626556
B,20,10,mom>=0.15,464,256.80700000000616,0.8560233333333539,0.7476927445690693,0.47413793103448276,3,372.6970000000074,0.7132450565312259,-1000000000.0,0.9626556016597511
B,20,10,emaAligned,288,93.09100000000262,0.3103033333333421,0.7728163490424844,0.4444444444444444,1,247.43800000000465,0.7867617553368462,-1000000000.0,1.0
B,20,10,prevRoom>=0,335,150.16700000000174,0.5005566666666724,0.7870993919978223,0.4537313432835821,2,151.87800000000266,0.7507299966251372,-1000000000.0,0.6950207468879668
B,20,10,prevDist>=0.25,450,189.66500000000474,0.6322166666666824,0.774510810332657,0.4622222222222222,3,279.3290000000054,0.7130119810532136,-1000000000.0,0.9336099585062241
B,20,10,prevDist>=0.50,388,261.0330000000049,0.8701100000000164,0.6493055888127922,0.47680412371134023,1,420.7610000000059,0.6374144031267936,-1000000000.0,0.8049792531120332
B,20,10,break>=0.10,228,174.38300000000095,0.5812766666666698,0.7658874558759667,0.4649122807017544,2,266.73100000000113,0.8209127873428252,-1000000000.0,0.4730290456431535
B,20,10,break<=0.25,223,91.9480000000026,0.306493333333342,0.7458820668155319,0.43946188340807174,1,174.45600000000445,0.7691470413615635,-1000000000.0,0.7842323651452282
B,20,10,asiaRatio>=0.80,322,178.7340000000056,0.5957800000000187,0.6806053815177753,0.45652173913043476,1,181.11700000000337,0.7244056534344027,-1000000000.0,0.6680497925311203
B,20,10,time<=12,226,96.56500000000096,0.3218833333333366,0.7675915830920539,0.4336283185840708,0,179.90200000000186,0.6573262130842267,-1000000000.0,0.7780082987551867
B,20,10,time<=13,365,91.48700000000167,0.30495666666667226,0.77949945288812,0.4465753424657534,1,178.2660000000035,0.7797668966883442,-1000000000.0,0.8423236514522822
B,20,10,SHORT,192,99.47200000000203,0.3315733333333401,0.6829567584279086,0.421875,1,177.0410000000022,0.6589466666666612,-1000000000.0,0.45435684647302904
B,20,10,Thu-Fri,288,93.09100000000262,0.3103033333333421,0.7728163490424844,0.4444444444444444,1,247.43800000000465,0.7867617553368462,-1000000000.0,1.0
B,20,10,spread<=10%TP,288,93.09100000000262,0.3103033333333421,0.7728163490424844,0.4444444444444444,1,247.43800000000465,0.7867617553368462,-1000000000.0,1.0
B,20,10,spread<=15%TP,288,93.09100000000262,0.3103033333333421,0.7728163490424844,0.4444444444444444,1,247.43800000000465,0.7867617553368462,-1000000000.0,1.0
B,20,10,lowSpread+close,233,94.21800000000053,0.3140600000000018,0.7818664221814734,0.4592274678111588,1,203.99900000000252,0.7548139942559186,-1000000000.0,0.6556016597510373
B,20,10,body+close,275,95.65300000000184,0.3188433333333395,0.7818402842715504,0.4618181818181818,1,217.8450000000023,0.7704547799925362,-1000000000.0,0.6265560165975104
B,20,10,trend+close,287,99.23199999999997,0.33077333333333325,0.770258005963957,0.4634146341463415,1,196.69100000000117,0.7638753072993303,-1000000000.0,0.6597510373443983
B,20,10,trend+lowSpread,261,94.18200000000206,0.3139400000000069,0.7701538213739181,0.4444444444444444,1,257.9530000000043,0.7091706384361287,-1000000000.0,0.9854771784232366
B,20,10,prevRoom+trend,333,152.3730000000014,0.5079100000000047,0.782412974112107,0.45045045045045046,2,152.444000000002,0.7498608901080636,-1000000000.0,0.6908713692946058
B,20,10,prevDist+trend,403,96.22600000000352,0.3207533333333451,0.7898302715524044,0.4491315136476427,2,236.83500000000436,0.7277153149564566,-1000000000.0,0.9315352697095436
B,20,10,early+trend,365,91.48700000000167,0.30495666666667226,0.77949945288812,0.4465753424657534,1,178.2660000000035,0.7797668966883442,-1000000000.0,0.8423236514522822
B,20,10,lowSpread+body,405,256.5950000000046,0.8553166666666819,0.7840853703000036,0.4641975308641975,3,294.163000000005,0.8246279112591334,-1000000000.0,0.8402489626556017
B,20,10,TPspread+close,290,91.43700000000058,0.30479000000000195,0.7883049952769892,0.46551724137931033,1,197.01000000000204,0.7711772561224587,-1000000000.0,0.6639004149377593
B,20,12,ALL,482,292.9430000000059,0.9764766666666863,0.6322625958332571,0.48132780082987553,2,292.0020000000045,0.6613626300641967,-1000000000.0,1.0
B,20,12,spread<=0.75,220,110.8230000000026,0.3694100000000086,0.6874016281076997,0.45,0,314.3480000000043,0.6077205508337373,-1000000000.0,0.9813278008298755
B,20,12,spread<=1.0,261,119.86600000000271,0.39955333333334236,0.6618940432469573,0.4559386973180077,0,290.9830000000047,0.6068296151617313,-1000000000.0,0.9896265560165975
B,20,12,spread<=1.25,481,227.59500000000548,0.7586500000000183,0.6548281911982837,0.4802494802494803,2,229.08200000000443,0.6444463803467139,-1000000000.0,0.9979253112033195
B,20,12,body>=0.40,408,287.1700000000051,0.9572333333333503,0.6150841949327982,0.48284313725490197,4,348.4950000000051,0.6091451155004397,-1000000000.0,0.8464730290456431
B,20,12,close>=0.70,236,118.1090000000006,0.3936966666666687,0.7121932081798139,0.4703389830508475,1,261.13000000000284,0.6698564006807111,-1000000000.0,0.6639004149377593
B,20,12,trend>=2,480,285.6540000000057,0.9521800000000189,0.6164271892858502,0.4791666666666667,3,289.3370000000043,0.6661209347259676,-1000000000.0,0.995850622406639
B,20,12,mom>=0,474,294.92200000000616,0.9830733333333539,0.621558881121356,0.48945147679324896,3,286.6380000000054,0.6222425598532499,-1000000000.0,0.983402489626556
B,20,12,mom>=0.15,464,291.89800000000537,0.9729933333333513,0.7047039147246995,0.49353448275862066,3,440.80200000000696,0.5698860363232285,-1000000000.0,0.9626556016597511
B,20,12,emaAligned,482,292.9430000000059,0.9764766666666863,0.6322625958332571,0.48132780082987553,2,292.0020000000045,0.6613626300641967,-1000000000.0,1.0
B,20,12,prevRoom>=0,335,178.42300000000296,0.5947433333333432,0.6523392185071895,0.46865671641791046,3,204.267000000003,0.6356022351523807,-1000000000.0,0.6950207468879668
B,20,12,prevDist>=0.25,178,119.6430000000023,0.39881000000000766,0.6766020824097958,0.43820224719101125,0,547.4040000000075,0.5790737447911675,-1000000000.0,0.9336099585062241
B,20,12,break>=0.10,228,182.5480000000009,0.6084933333333363,0.6580900749663907,0.4824561403508772,2,381.0399999999988,0.7370314548167465,-1000000000.0,0.4730290456431535
B,20,12,break<=0.25,378,218.19300000000567,0.7273100000000189,0.7026430113741765,0.4656084656084656,2,217.07600000000548,0.6461045041670511,-1000000000.0,0.7842323651452282
B,20,12,asiaRatio>=0.80,322,206.47100000000455,0.6882366666666818,0.606697908644518,0.4782608695652174,1,264.41200000000345,0.5733180465871782,-1000000000.0,0.6680497925311203
B,20,12,time<=12,375,224.26400000000376,0.7475466666666792,0.5981625775938479,0.48533333333333334,2,294.1830000000043,0.5842107083962756,-1000000000.0,0.7780082987551867
B,20,12,time<=13,406,208.9830000000045,0.6966100000000149,0.6016393700115946,0.4802955665024631,2,316.3550000000057,0.6956909097084466,-1000000000.0,0.8423236514522822
B,20,12,SHORT,116,114.1810000000014,0.380603333333338,0.661230217833764,0.4051724137931034,0,223.05700000000206,0.4810666666666642,-1000000000.0,0.45435684647302904
B,20,12,Thu-Fri,482,292.9430000000059,0.9764766666666863,0.6322625958332571,0.48132780082987553,2,292.0020000000045,0.6613626300641967,-1000000000.0,1.0
B,20,12,spread<=10%TP,482,292.9430000000059,0.9764766666666863,0.6322625958332571,0.48132780082987553,2,292.0020000000045,0.6613626300641967,-1000000000.0,1.0
B,20,12,spread<=15%TP,482,292.9430000000059,0.9764766666666863,0.6322625958332571,0.48132780082987553,2,292.0020000000045,0.6613626300641967,-1000000000.0,1.0
B,20,12,lowSpread+close,233,108.84800000000087,0.3628266666666696,0.7347603173674851,0.463519313304721,1,112.38600000000156,0.7154107559773687,-1000000000.0,0.6556016597510373
B,20,12,body+close,302,227.43000000000347,0.7581000000000115,0.6705703284983947,0.5,2,289.53700000000345,0.6444433852300215,-1000000000.0,0.6265560165975104
B,20,12,trend+mom,472,291.01400000000535,0.9700466666666845,0.7032419836438831,0.4872881355932203,3,295.49400000000537,0.5981505824220178,-1000000000.0,0.979253112033195
B,20,12,trend+close,234,117.86900000000037,0.3928966666666679,0.7127780377020088,0.4658119658119658,1,259.7050000000029,0.6272324025934707,-1000000000.0,0.6597510373443983
B,20,12,trend+lowSpread,220,114.95800000000258,0.38319333333334193,0.6757380360034015,0.45,0,289.93500000000427,0.6083014151980423,-1000000000.0,0.9854771784232366
B,20,12,prevRoom+trend,333,178.44500000000266,0.5948166666666755,0.6522863792370446,0.46546546546546547,3,202.4330000000025,0.6371651924887842,-1000000000.0,0.6908713692946058
B,20,12,prevDist+trend,178,119.6430000000023,0.39881000000000766,0.6766020824097958,0.43820224719101125,0,442.29800000000614,0.5858070278541458,-1000000000.0,0.9315352697095436
B,20,12,early+trend,406,208.9830000000045,0.6966100000000149,0.6016393700115946,0.4802955665024631,2,316.3550000000057,0.6956909097084466,-1000000000.0,0.8423236514522822
B,20,12,lowSpread+body,405,288.66200000000526,0.9622066666666842,0.6572566198535834,0.48148148148148145,2,347.55300000000534,0.6489150261344022,-1000000000.0,0.8402489626556017
B,20,12,TPspread+close,236,118.1090000000006,0.3936966666666687,0.7121932081798139,0.4703389830508475,1,261.13000000000284,0.6698564006807111,-1000000000.0,0.6639004149377593
B,20,15,spread<=0.75,255,148.01900000000114,0.4933966666666705,0.5764968770653834,0.4588235294117647,0,367.27400000000375,0.528386941865498,-1000000000.0,0.9813278008298755
B,20,15,close>=0.70,320,277.0990000000013,0.9236633333333376,0.5179285365477881,0.515625,3,291.5780000000027,0.5095416194745849,-1000000000.0,0.6639004149377593
B,20,15,prevRoom>=0,335,263.333000000001,0.87777666666667,0.460116996078704,0.48656716417910445,2,261.7150000000029,0.44066379677277057,-1000000000.0,0.6950207468879668
B,20,15,break>=0.10,105,140.27799999999934,0.46759333333333114,0.5511965702585124,0.4380952380952381,0,363.2809999999986,0.6371444998527288,-1000000000.0,0.4730290456431535
B,20,15,break<=0.25,378,279.5500000000045,0.9318333333333484,0.5052940705177528,0.48148148148148145,2,278.8670000000043,0.533787133766131,-1000000000.0,0.7842323651452282
B,20,15,asiaRatio>=0.80,322,262.228000000003,0.8740933333333434,0.49545658024049516,0.48757763975155277,1,297.46100000000206,0.49713768214309195,-1000000000.0,0.6680497925311203
B,20,15,time<=13,406,274.06900000000314,0.9135633333333438,0.5566079871859994,0.49507389162561577,1,393.8820000000039,0.5505845282598235,-1000000000.0,0.8423236514522822
B,20,15,LONG,263,294.0790000000022,0.9802633333333407,0.43862739629955655,0.5057034220532319,4,471.17600000000266,0.5139110160276344,-1000000000.0,0.5456431535269709
B,20,15,SHORT,123,144.59300000000053,0.48197666666666844,0.5261498631797976,0.4146341463414634,0,284.7020000000018,0.33953333333333074,-1000000000.0,0.45435684647302904
B,20,15,lowSpread+close,316,286.2150000000015,0.9540500000000051,0.48310586351811147,0.5126582278481012,2,290.53100000000313,0.48108795052864484,-1000000000.0,0.6556016597510373
B,20,15,body+close,302,289.51900000000137,0.9650633333333379,0.4414463753790257,0.5165562913907285,3,293.8420000000026,0.44016768892549857,-1000000000.0,0.6265560165975104
B,20,15,trend+close,318,283.69200000000114,0.9456400000000038,0.48638019406208804,0.5125786163522013,3,283.92900000000236,0.4860707296054375,-1000000000.0,0.6597510373443983
B,20,15,trend+lowSpread,263,146.7640000000008,0.489213333333336,0.580087608115337,0.4600760456273764,0,342.70100000000343,0.5619927843246848,-1000000000.0,0.9854771784232366
B,20,15,prevRoom+trend,333,261.72600000000057,0.8724200000000019,0.4759060273254594,0.48348348348348347,2,263.742000000002,0.4364505869397238,-1000000000.0,0.6908713692946058
B,20,15,early+trend,406,274.06900000000314,0.9135633333333438,0.5566079871859994,0.49507389162561577,1,393.8820000000039,0.5505845282598235,-1000000000.0,0.8423236514522822
B,20,15,TPspread+close,320,277.0990000000013,0.9236633333333376,0.5179285365477881,0.515625,3,291.5780000000027,0.5095416194745849,-1000000000.0,0.6639004149377593
B,20,20,break>=0.10,100,198.2949999999994,0.6609833333333313,0.3975231897135832,0.44,0,370.2049999999988,0.42090837289636424,-1000000000.0,0.4730290456431535
B,20,25,ALL,189,249.09199999999964,0.8303066666666655,0.295821153748299,0.4497354497354497,1,552.3130000000035,0.373578502574935,-1000000000.0,1.0
B,20,25,spread<=0.5,189,249.09199999999964,0.8303066666666655,0.295821153748299,0.4497354497354497,1,571.7920000000036,0.3112823878179001,-1000000000.0,0.9522821576763485
B,20,25,spread<=0.75,189,249.09199999999964,0.8303066666666655,0.295821153748299,0.4497354497354497,1,246.9970000000003,0.3188769882415232,-1000000000.0,0.9813278008298755
B,20,25,spread<=1.0,189,249.09199999999964,0.8303066666666655,0.295821153748299,0.4497354497354497,1,547.5380000000039,0.31102949790126394,-1000000000.0,0.9896265560165975
B,20,25,spread<=1.25,189,249.09199999999964,0.8303066666666655,0.295821153748299,0.4497354497354497,1,704.2680000000039,0.31768046653778403,-1000000000.0,0.9979253112033195
B,20,25,trend>=2,189,249.09199999999964,0.8303066666666655,0.295821153748299,0.4497354497354497,1,546.2970000000032,0.3765699788628513,-1000000000.0,0.995850622406639
B,20,25,trend=3,194,242.68600000000015,0.8089533333333339,0.3419416417428845,0.4639175257731959,1,838.8880000000045,0.20844997777393137,-1000000000.0,0.8568464730290456
B,20,25,emaAligned,189,249.09199999999964,0.8303066666666655,0.295821153748299,0.4497354497354497,1,552.3130000000035,0.373578502574935,-1000000000.0,1.0
B,20,25,prevDist>=0.25,161,244.10400000000095,0.8136800000000032,0.3293588214931336,0.453416149068323,1,802.4620000000034,0.37344243762051355,-1000000000.0,0.9336099585062241
B,20,25,prevDist>=0.50,141,240.20300000000043,0.8006766666666681,0.2992379818772723,0.46099290780141844,0,700.3440000000026,0.3547781413264634,-1000000000.0,0.8049792531120332
B,20,25,break>=0.05,119,240.71499999999992,0.8023833333333331,0.32724152676193413,0.46218487394957986,1,759.9290000000005,0.23772711014652761,-1000000000.0,0.6327800829875518
B,20,25,break>=0.10,85,247.49500000000035,0.8249833333333345,0.24803954632321845,0.4588235294117647,0,441.6799999999996,0.2794954383591789,-1000000000.0,0.4730290456431535
B,20,25,asiaRatio>=0.80,118,243.333000000001,0.8111100000000033,0.21572779485989485,0.4491525423728814,0,245.6320000000003,0.2556154918479905,-1000000000.0,0.6680497925311203
B,20,25,time<=12,180,242.25599999999963,0.8075199999999988,0.31311527469038003,0.46111111111111114,1,470.55600000000186,0.2723603156348567,-1000000000.0,0.7780082987551867
B,20,25,SHORT,97,244.9839999999997,0.8166133333333323,0.2384706248057212,0.44329896907216493,0,445.8680000000013,0.17809557772604787,-1000000000.0,0.45435684647302904
B,20,25,Thu-Fri,189,249.09199999999964,0.8303066666666655,0.295821153748299,0.4497354497354497,1,552.3130000000035,0.373578502574935,-1000000000.0,1.0
B,20,25,spread<=10%TP,189,249.09199999999964,0.8303066666666655,0.295821153748299,0.4497354497354497,1,552.3130000000035,0.373578502574935,-1000000000.0,1.0
B,20,25,spread<=15%TP,189,249.09199999999964,0.8303066666666655,0.295821153748299,0.4497354497354497,1,552.3130000000035,0.373578502574935,-1000000000.0,1.0
B,20,25,trend+lowSpread,189,249.09199999999964,0.8303066666666655,0.295821153748299,0.4497354497354497,1,546.0000000000036,0.31175897389758,-1000000000.0,0.9854771784232366
B,20,25,break+trend,119,240.71499999999992,0.8023833333333331,0.32724152676193413,0.46218487394957986,1,759.6530000000005,0.2378066899619047,-1000000000.0,0.6307053941908713
B,20,25,prevDist+trend,161,244.10400000000095,0.8136800000000032,0.3293588214931336,0.453416149068323,1,798.9510000000034,0.34628007764646535,-1000000000.0,0.9315352697095436
B,20,30,ALL,7,296.7260000000001,0.989086666666667,0.028169798281841716,0.2857142857142857,0,297.9440000000002,0.06090749776214448,-1000000000.0,1.0
B,20,30,spread<=0.5,7,296.7260000000001,0.989086666666667,0.028169798281841716,0.2857142857142857,0,297.9440000000002,0.06090749776214448,-1000000000.0,0.9522821576763485
B,20,30,spread<=0.75,7,296.7260000000001,0.989086666666667,0.028169798281841716,0.2857142857142857,0,297.9440000000002,0.06090749776214448,-1000000000.0,0.9813278008298755
B,20,30,spread<=1.0,7,296.7260000000001,0.989086666666667,0.028169798281841716,0.2857142857142857,0,297.9440000000002,0.06090749776214448,-1000000000.0,0.9896265560165975
B,20,30,spread<=1.25,7,296.7260000000001,0.989086666666667,0.028169798281841716,0.2857142857142857,0,297.9440000000002,0.06090749776214448,-1000000000.0,0.9979253112033195
B,20,30,body>=0.40,7,297.16599999999994,0.9905533333333332,0.026728720355553418,0.2857142857142857,0,588.8600000000017,0.22633795628086428,-1000000000.0,0.8464730290456431
B,20,30,body>=0.60,1,298.55899999999997,0.9951966666666666,0.004803333333333436,0.0,0,287.4490000000003,0.14205340807000894,-1000000000.0,0.6431535269709544
B,20,30,close>=0.70,1,298.55899999999997,0.9951966666666666,0.004803333333333436,0.0,0,289.1530000000005,0.2176638654552734,-1000000000.0,0.6639004149377593
B,20,30,close>=0.85,3,297.88300000000004,0.9929433333333335,0.010200928384166088,0.3333333333333333,0,517.7990000000018,0.16793532494203037,-1000000000.0,0.44190871369294604
B,20,30,trend>=2,7,296.7260000000001,0.989086666666667,0.028169798281841716,0.2857142857142857,0,291.558,0.06215863253581766,-1000000000.0,0.995850622406639
B,20,30,trend=3,7,296.7260000000001,0.989086666666667,0.028169798281841716,0.2857142857142857,0,291.558,0.06215863253581766,-1000000000.0,0.8568464730290456
B,20,30,mom>=0,7,296.7260000000001,0.989086666666667,0.028169798281841716,0.2857142857142857,0,297.9440000000002,0.06090749776214448,-1000000000.0,0.983402489626556
B,20,30,mom>=0.15,7,296.7260000000001,0.989086666666667,0.028169798281841716,0.2857142857142857,0,297.9440000000002,0.06090749776214448,-1000000000.0,0.9626556016597511
B,20,30,emaAligned,7,296.7260000000001,0.989086666666667,0.028169798281841716,0.2857142857142857,0,297.9440000000002,0.06090749776214448,-1000000000.0,1.0
B,20,30,prevRoom>=0,5,298.0229999999999,0.9934099999999997,0.02392189357639543,0.4,0,289.87800000000016,0.06249636160180094,-1000000000.0,0.6950207468879668
B,20,30,prevDist>=0.25,7,296.7260000000001,0.989086666666667,0.028169798281841716,0.2857142857142857,0,297.9440000000002,0.06090749776214448,-1000000000.0,0.9336099585062241
B,20,30,prevDist>=0.50,1,298.55899999999997,0.9951966666666666,0.004803333333333436,0.0,0,291.558,0.06215863253581766,-1000000000.0,0.8049792531120332
B,20,30,break>=0.05,6,297.47900000000004,0.9915966666666668,0.028735144312393664,0.3333333333333333,0,291.558,0.06215863253581766,-1000000000.0,0.6327800829875518
B,20,30,break>=0.10,6,297.47900000000004,0.9915966666666668,0.028735144312393664,0.3333333333333333,0,295.00299999999993,0.028518456315060055,-1000000000.0,0.4730290456431535
B,20,30,break<=0.25,10,296.54100000000017,0.9884700000000005,0.05033033686994973,0.4,0,293.04900000000043,0.16994808086129667,-1000000000.0,0.7842323651452282
B,20,30,asiaRatio>=0.80,1,297.15599999999995,0.9905199999999998,0.00948000000000017,0.0,0,299.98000000000025,0.09091460088490205,-1000000000.0,0.6680497925311203
B,20,30,time<=12,5,298.6170000000002,0.9953900000000007,0.02197643837590455,0.2,0,295.00299999999993,0.028518456315060055,-1000000000.0,0.7780082987551867
B,20,30,time<=13,5,299.7450000000001,0.9991500000000004,0.01828203860123697,0.2,0,297.81899999999996,0.02825642213659037,-1000000000.0,0.8423236514522822
B,20,30,LONG,6,298.16700000000014,0.9938900000000005,0.026488833746897707,0.3333333333333333,0,281.07900000000063,0.22344428604581723,-1000000000.0,0.5456431535269709
B,20,30,SHORT,1,298.55899999999997,0.9951966666666666,0.004803333333333436,0.0,0,291.3399999999999,0.02886666666666694,-1000000000.0,0.45435684647302904
B,20,30,Thu-Fri,7,296.7260000000001,0.989086666666667,0.028169798281841716,0.2857142857142857,0,297.9440000000002,0.06090749776214448,-1000000000.0,1.0
B,20,30,spread<=10%TP,7,296.7260000000001,0.989086666666667,0.028169798281841716,0.2857142857142857,0,297.9440000000002,0.06090749776214448,-1000000000.0,1.0
B,20,30,spread<=15%TP,7,296.7260000000001,0.989086666666667,0.028169798281841716,0.2857142857142857,0,297.9440000000002,0.06090749776214448,-1000000000.0,1.0
B,20,30,lowSpread+close,1,298.55899999999997,0.9951966666666666,0.004803333333333436,0.0,0,282.56500000000074,0.2354884443265991,-1000000000.0,0.6556016597510373
B,20,30,body+close,1,298.55899999999997,0.9951966666666666,0.004803333333333436,0.0,0,441.06400000000144,0.2780024945988401,-1000000000.0,0.6265560165975104
B,20,30,trend+mom,7,296.7260000000001,0.989086666666667,0.028169798281841716,0.2857142857142857,0,291.558,0.06215863253581766,-1000000000.0,0.979253112033195
B,20,30,trend+close,1,298.55899999999997,0.9951966666666666,0.004803333333333436,0.0,0,294.40400000000045,0.18945200651953611,-1000000000.0,0.6597510373443983
B,20,30,trend+lowSpread,7,296.7260000000001,0.989086666666667,0.028169798281841716,0.2857142857142857,0,291.558,0.06215863253581766,-1000000000.0,0.9854771784232366
B,20,30,break+trend,6,297.47900000000004,0.9915966666666668,0.028735144312393664,0.3333333333333333,0,291.558,0.06215863253581766,-1000000000.0,0.6307053941908713
B,20,30,break+close,4,297.1550000000002,0.9905166666666674,0.014600839639472396,0.5,0,534.1120000000003,0.12753018623818388,-1000000000.0,0.4190871369294606
B,20,30,prevRoom+trend,5,298.0229999999999,0.9934099999999997,0.02392189357639543,0.4,0,294.15599999999995,0.028598224664482988,-1000000000.0,0.6908713692946058
B,20,30,prevDist+trend,7,296.7260000000001,0.989086666666667,0.028169798281841716,0.2857142857142857,0,291.558,0.06215863253581766,-1000000000.0,0.9315352697095436
B,20,30,early+trend,5,299.7450000000001,0.9991500000000004,0.01828203860123697,0.2,0,297.81899999999996,0.02825642213659037,-1000000000.0,0.8423236514522822
B,20,30,lowSpread+body,7,297.16599999999994,0.9905533333333332,0.026728720355553418,0.2857142857142857,0,590.6350000000018,0.22566099541503054,-1000000000.0,0.8402489626556017
B,20,30,TPspread+close,1,298.55899999999997,0.9951966666666666,0.004803333333333436,0.0,0,289.1530000000005,0.2176638654552734,-1000000000.0,0.6639004149377593
C,15,25,Thu-Fri,522,385.676999999999,1.2855899999999967,0.3151699152701343,0.5057471264367817,3,387.68100000000004,0.31149727617306483,0.06710208079852209,0.4003067484662577
C,30,20,Thu-Fri,522,379.30799999999863,1.2643599999999955,0.4152940009812213,0.4827586206896552,3,381.1089999999997,0.3864760550505307,-0.07933050190932806,0.4003067484662577
C,30,20,trend+mom,667,416.1689999999994,1.387229999999998,0.4936367058023611,0.4707646176911544,3,419.53800000000024,0.6009157033136311,-0.0837327767951167,0.5115030674846626
C,15,25,break>=0.10,600,379.6320000000003,1.265440000000001,0.4337621671656477,0.48333333333333334,3,366.3199999999997,0.47934317619934,-0.0984210676499157,0.4601226993865031
C,20,20,Thu-Fri,522,371.2079999999987,1.2373599999999958,0.4151377043285219,0.49233716475095785,3,371.94000000000005,0.3383143784172193,-0.09963055910703861,0.4003067484662577
C,25,20,Thu-Fri,522,377.6599999999987,1.2588666666666624,0.4430031537919124,0.4827586206896552,3,380.6779999999999,0.37747286623933,-0.11252280407191717,0.4003067484662577
C,20,25,break>=0.10,600,394.5250000000003,1.3150833333333345,0.48014983457480925,0.47333333333333333,3,412.1439999999993,0.4821873440938529,-0.12119767810314791,0.4601226993865031
C,15,20,Thu-Fri,522,372.07299999999873,1.2402433333333291,0.44969461200617405,0.5019157088122606,3,380.67899999999986,0.3327873414017759,-0.13806276085758057,0.4003067484662577
C,20,20,break>=0.05,632,402.80799999999886,1.3426933333333295,0.5368619704398749,0.47310126582278483,2,490.9479999999976,0.5288780773532566,-0.2513451394480588,0.48466257668711654
C,15,20,mom>=0.15,615,350.3179999999977,1.167726666666659,0.4604310369501155,0.5008130081300813,2,364.2529999999997,0.4514187552829954,-0.2912665098668997,0.47162576687116564
C,15,20,break>=0.05,632,329.2119999999993,1.097373333333331,0.5261114008058788,0.48417721518987344,2,328.9329999999991,0.5277731537530274,-0.43966145296889525,0.48466257668711654
C,10,20,break>=0.10,600,326.66399999999885,1.088879999999996,0.5215104682975448,0.52,2,328.42699999999854,0.5567530253722739,-0.44166849289998267,0.4601226993865031
C,15,20,break>=0.10,600,325.7179999999994,1.0857266666666647,0.570891422065114,0.48,2,285.05899999999906,0.5731264582923381,-0.506357077594297,0.4601226993865031
C,20,20,break>=0.10,600,315.3809999999994,1.051269999999998,0.5721708863540425,0.47,2,318.8649999999984,0.6493139236719874,-0.540151851230546,0.4601226993865031
C,30,15,mom>=0.15,615,341.3319999999994,1.1377733333333315,0.6482945705509235,0.4634146341463415,2,394.8060000000023,0.7249116194615994,-0.5562555718121989,0.47162576687116564
C,25,20,break>=0.10,600,326.3449999999996,1.0878166666666653,0.6531684874925758,0.46166666666666667,2,286.0979999999986,0.7242807309079661,-0.6069949949812841,0.4601226993865031
C,10,15,mom>=0.15,615,303.03699999999776,1.010123333333326,0.6455876463736255,0.5317073170731708,2,364.328,0.6636931210661884,-0.6718728110056154,0.47162576687116564
C,30,20,break>=0.10,600,315.82699999999886,1.0527566666666628,0.7015787634475721,0.46166666666666667,2,351.218999999998,0.6567078317961572,-0.7005062953340517,0.4601226993865031
C,10,10,ALL,277,99.36099999999851,0.33120333333332835,0.7284907011187123,0.41155234657039713,0,96.50700000000097,0.7835331114241348,-1000000000.0,1.0
C,10,10,spread<=0.5,276,99.97899999999913,0.3332633333333304,0.7268019827411918,0.41304347826086957,0,97.08700000000249,0.8015307280157115,-1000000000.0,0.9440184049079755
C,10,10,spread<=0.75,277,96.628999999999,0.3220966666666633,0.7359560386711076,0.41155234657039713,0,94.32400000000189,0.807178967208319,-1000000000.0,0.9754601226993865
C,10,10,spread<=1.0,277,96.628999999999,0.3220966666666633,0.7359560386711076,0.41155234657039713,0,92.69700000000171,0.8105049480864847,-1000000000.0,0.9846625766871165
C,10,10,spread<=1.25,277,99.36099999999851,0.33120333333332835,0.7284907011187123,0.41155234657039713,0,96.69500000000153,0.7831114241366595,-1000000000.0,0.9900306748466258
C,10,10,body>=0.40,188,96.753999999999,0.32251333333333,0.7431291548966745,0.40425531914893614,0,147.6300000000017,0.6956872849449257,-1000000000.0,0.6134969325153374
C,10,10,body>=0.60,79,95.493999999999,0.31831333333333,0.6903747511494175,0.3291139240506329,0,254.0270000000014,0.5689094811764492,-1000000000.0,0.38650306748466257
C,10,10,trend>=2,213,99.4859999999976,0.33161999999999203,0.7082205400586044,0.39436619718309857,0,198.13800000000128,0.7626650164114377,-1000000000.0,0.6441717791411042
C,10,10,mom>=0,540,94.418999999996,0.3147299999999867,0.7797745942743667,0.4777777777777778,2,92.74299999999948,0.8624968308872485,-1000000000.0,0.5575153374233128
C,10,10,mom>=0.15,448,97.37699999999654,0.3245899999999885,0.7375014152393049,0.47544642857142855,0,92.53500000000122,0.8385771553573838,-1000000000.0,0.47162576687116564
C,10,10,emaAligned,258,90.38499999999794,0.30128333333332646,0.7369715276807808,0.4108527131782946,0,97.46100000000024,0.8161432355138352,-1000000000.0,0.7032208588957055
C,10,10,prevRoom>=0,168,92.77599999999916,0.30925333333333055,0.6991874663605914,0.40476190476190477,0,150.11100000000215,0.8278883907966003,-1000000000.0,0.691717791411043
C,10,10,prevDist>=0.25,216,98.1780000000008,0.32726000000000266,0.7435340154802222,0.4074074074074074,0,99.22000000000276,0.783180184215984,-1000000000.0,0.9033742331288344
C,10,10,prevDist>=0.50,323,95.99200000000019,0.31997333333333394,0.7566329389275241,0.43962848297213625,0,96.20200000000273,0.7897752477519259,-1000000000.0,0.8251533742331288
C,10,10,break>=0.05,244,99.97200000000043,0.3332400000000014,0.6970545454545441,0.4139344262295082,0,157.7510000000027,0.8884234604461075,-1000000000.0,0.48466257668711654
C,10,10,break>=0.10,489,97.7450000000008,0.3258166666666693,0.7973533302096841,0.4601226993865031,2,94.59100000000149,0.9016581432413677,-1000000000.0,0.4601226993865031
C,10,10,break<=0.25,175,99.34599999999864,0.3311533333333288,0.7307528653547545,0.42857142857142855,0,96.72700000000123,0.6775766666666626,-1000000000.0,0.5774539877300614
C,10,10,asiaRatio>=0.80,280,97.29199999999878,0.3243066666666626,0.7208504289444272,0.4357142857142857,0,99.41800000000171,0.7659943556947901,-1000000000.0,0.6993865030674846
C,10,10,time>=13,277,99.36099999999851,0.33120333333332835,0.7284907011187123,0.41155234657039713,0,96.50700000000097,0.7835331114241348,-1000000000.0,1.0
C,10,10,LONG,261,91.4390000000003,0.30479666666666766,0.776879004826532,0.42911877394636017,0,99.26900000000182,0.8431380294954643,-1000000000.0,0.5245398773006135
C,10,10,SHORT,193,90.98299999999767,0.3032766666666589,0.70500100512941,0.41968911917098445,0,169.04300000000126,0.6009999999999999,-1000000000.0,0.4754601226993865
C,10,10,Mon-Wed,157,97.85599999999909,0.3261866666666636,0.7505111848781081,0.4012738853503185,0,95.43899999999917,0.7477120969404771,-1000000000.0,0.5996932515337423
C,10,10,Thu-Fri,292,92.14300000000003,0.30714333333333343,0.6997445272124136,0.4520547945205479,0,202.1510000000012,0.731266154969317,-1000000000.0,0.4003067484662577
C,10,10,spread<=10%TP,277,96.628999999999,0.3220966666666633,0.7359560386711076,0.41155234657039713,0,92.69700000000171,0.8105049480864847,-1000000000.0,0.9846625766871165
C,10,10,spread<=15%TP,277,99.36099999999851,0.33120333333332835,0.7284907011187123,0.41155234657039713,0,94.23400000000152,0.7936415476117449,-1000000000.0,0.9938650306748467
C,10,10,trend+mom,494,99.26099999999678,0.3308699999999893,0.7947443842703795,0.4716599190283401,1,92.88999999999965,0.8418174727918907,-1000000000.0,0.5115030674846626
C,10,10,trend+lowSpread,213,99.4859999999976,0.33161999999999203,0.7082205400586044,0.39436619718309857,0,199.57200000000103,0.7333389680921951,-1000000000.0,0.6349693251533742
C,10,10,break+trend,159,92.58999999999992,0.30863333333333304,0.7291826927295543,0.37735849056603776,0,191.63200000000347,0.8046998705357429,-1000000000.0,0.39033742331288346
C,10,10,prevRoom+trend,201,99.59899999999902,0.3319966666666634,0.7472658252259681,0.39800995024875624,0,265.80100000000016,0.6893730402015262,-1000000000.0,0.43328220858895705
C,10,10,prevDist+trend,198,95.50099999999861,0.31833666666666205,0.7185377081841339,0.3888888888888889,0,190.17900000000122,0.7583075674806307,-1000000000.0,0.5943251533742331
C,10,10,lowSpread+body,188,96.753999999999,0.32251333333333,0.7431291548966745,0.40425531914893614,0,147.6300000000017,0.6956872849449257,-1000000000.0,0.6050613496932515
C,10,12,ALL,236,118.58799999999906,0.39529333333333017,0.6524486386682721,0.4110169491525424,0,193.4509999999991,0.686831052184624,-1000000000.0,1.0
C,10,12,spread<=0.5,235,118.97599999999943,0.39658666666666476,0.651311509041355,0.4127659574468085,0,215.11499999999978,0.6560262720736355,-1000000000.0,0.9440184049079755
C,10,12,spread<=0.75,235,118.97599999999943,0.39658666666666476,0.651311509041355,0.4127659574468085,0,118.55700000000002,0.6965375843719044,-1000000000.0,0.9754601226993865
C,10,12,spread<=1.0,235,118.97599999999943,0.39658666666666476,0.651311509041355,0.4127659574468085,0,192.50599999999918,0.6914183182698929,-1000000000.0,0.9846625766871165
C,10,12,spread<=1.25,236,118.58799999999906,0.39529333333333017,0.6524486386682721,0.4110169491525424,0,118.00299999999993,0.6990694341374097,-1000000000.0,0.9900306748466258
C,10,12,body>=0.40,265,112.28799999999751,0.37429333333332504,0.7360177919043133,0.4339622641509434,0,109.92799999999988,0.6373449458960155,-1000000000.0,0.6134969325153374
C,10,12,body>=0.60,84,118.70399999999904,0.3956799999999968,0.6448476217260993,0.32142857142857145,0,295.30099999999925,0.542234098706784,-1000000000.0,0.38650306748466257
C,10,12,trend>=2,237,116.69699999999784,0.3889899999999928,0.6695184530687196,0.39662447257383965,0,251.96999999999912,0.7090860868604275,-1000000000.0,0.6441717791411042
C,10,12,mom>=0,349,109.60999999999603,0.36536666666665346,0.745113177097633,0.46418338108882523,1,119.09499999999912,0.796142812149099,-1000000000.0,0.5575153374233128
C,10,12,mom>=0.15,524,108.43199999999638,0.36143999999998794,0.7064502330920381,0.48854961832061067,0,112.59500000000003,0.7907397288788282,-1000000000.0,0.47162576687116564
C,10,12,emaAligned,270,109.26599999999871,0.3642199999999957,0.6796432466664346,0.4148148148148148,0,119.5659999999998,0.7633190677345417,-1000000000.0,0.7032208588957055
C,10,12,prevRoom>=0,168,113.55099999999925,0.3785033333333308,0.6284471813934034,0.40476190476190477,0,228.79800000000023,0.5754822871799232,-1000000000.0,0.691717791411043
C,10,12,prevDist>=0.25,203,118.60100000000011,0.39533666666666706,0.6752525943977439,0.4088669950738916,0,117.96699999999987,0.6780051478997612,-1000000000.0,0.9033742331288344
C,10,12,prevDist>=0.50,324,112.03200000000015,0.3734400000000005,0.6996122887831878,0.4382716049382716,0,115.48199999999997,0.6847880380933667,-1000000000.0,0.8251533742331288
C,10,12,break>=0.05,310,119.72700000000032,0.39909000000000106,0.6358180535108103,0.43870967741935485,0,224.70699999999806,0.7448927697420951,-1000000000.0,0.48466257668711654
C,10,12,break>=0.10,302,115.47300000000018,0.3849100000000006,0.648757741303581,0.44370860927152317,0,119.19999999999914,0.793004525421199,-1000000000.0,0.4601226993865031
C,10,12,break<=0.25,218,118.60099999999738,0.39533666666665795,0.6662116751754837,0.44954128440366975,0,117.47300000000064,0.6084233333333312,-1000000000.0,0.5774539877300614
C,10,12,asiaRatio>=0.80,274,119.31499999999846,0.39771666666666156,0.6480591115568448,0.43795620437956206,0,116.28600000000006,0.6802993396273106,-1000000000.0,0.6993865030674846
C,10,12,time>=13,236,118.58799999999906,0.39529333333333017,0.6524486386682721,0.4110169491525424,0,193.4509999999991,0.686831052184624,-1000000000.0,1.0
C,10,12,LONG,211,115.91499999999974,0.38638333333333247,0.6894124519040123,0.4218009478672986,0,205.11599999999953,0.7221224006626027,-1000000000.0,0.5245398773006135
C,10,12,SHORT,185,118.89399999999773,0.39631333333332575,0.6170934996006571,0.42702702702702705,0,119.53299999999945,0.6015566666666685,-1000000000.0,0.4754601226993865
C,10,12,Mon-Wed,161,115.1059999999984,0.38368666666666135,0.7158451869004335,0.40372670807453415,0,108.2439999999981,0.7057211522776998,-1000000000.0,0.5996932515337423
C,10,12,Thu-Fri,306,112.2470000000003,0.37415666666666764,0.6929509501678205,0.46078431372549017,0,119.9320000000007,0.7209131315011741,-1000000000.0,0.4003067484662577
C,10,12,spread<=10%TP,235,118.97599999999943,0.39658666666666476,0.651311509041355,0.4127659574468085,0,192.50599999999918,0.6914183182698929,-1000000000.0,0.9846625766871165
C,10,12,spread<=15%TP,236,118.58799999999906,0.39529333333333017,0.6524486386682721,0.4110169491525424,0,195.17099999999937,0.6825110232144175,-1000000000.0,0.9938650306748467
C,10,12,trend+mom,312,114.30799999999704,0.3810266666666568,0.7577245077467682,0.4551282051282051,1,113.24799999999937,0.7973958873769605,-1000000000.0,0.5115030674846626
C,10,12,trend+lowSpread,237,116.69699999999784,0.3889899999999928,0.6695184530687196,0.39662447257383965,0,251.96399999999926,0.7026791009986727,-1000000000.0,0.6349693251533742
C,10,12,break+trend,240,109.05600000000004,0.3635200000000001,0.6364799999999998,0.42083333333333334,0,260.2509999999995,0.6689881346109955,-1000000000.0,0.39033742331288346
C,10,12,prevRoom+trend,168,119.34499999999866,0.3978166666666622,0.7075465225126355,0.3869047619047619,0,234.9069999999997,0.6151339369930213,-1000000000.0,0.43328220858895705
C,10,12,prevDist+trend,201,119.72999999999911,0.399099999999997,0.6527129174667468,0.38308457711442784,0,214.72199999999953,0.7056053360608266,-1000000000.0,0.5943251533742331
C,10,12,lowSpread+body,265,112.28799999999751,0.37429333333332504,0.7360177919043133,0.4339622641509434,0,111.92799999999988,0.6307468989179211,-1000000000.0,0.6050613496932515
C,10,15,ALL,320,149.81999999999857,0.49939999999999524,0.5618632072712859,0.421875,0,144.71699999999987,0.6494496497330609,-1000000000.0,1.0
C,10,15,spread<=0.5,320,135.38999999999874,0.45129999999999576,0.604062606010275,0.421875,0,144.50600000000122,0.5949274123243444,-1000000000.0,0.9440184049079755
C,10,15,spread<=0.75,320,147.0399999999986,0.49013333333332865,0.5699930983658382,0.421875,0,149.40200000000073,0.6184490442199875,-1000000000.0,0.9754601226993865
C,10,15,spread<=1.0,320,147.0399999999986,0.49013333333332865,0.5699930983658382,0.421875,0,145.19100000000026,0.6076629367114599,-1000000000.0,0.9846625766871165
C,10,15,spread<=1.25,320,149.81999999999857,0.49939999999999524,0.5618632072712859,0.421875,0,143.84700000000043,0.6139713873972503,-1000000000.0,0.9900306748466258
C,10,15,body>=0.40,265,148.26299999999742,0.4942099999999914,0.6457318311609241,0.4377358490566038,0,313.77900000000136,0.659810692702103,-1000000000.0,0.6134969325153374
C,10,15,body>=0.60,178,143.7239999999979,0.47907999999999296,0.6155179609001374,0.4101123595505618,0,412.38099999999963,0.4545913878651817,-1000000000.0,0.38650306748466257
C,10,15,trend>=2,229,138.18799999999874,0.46062666666666247,0.5706407081625777,0.3930131004366812,0,441.1649999999995,0.5907241193894986,-1000000000.0,0.6441717791411042
C,10,15,mom>=0,548,145.03799999999615,0.4834599999999872,0.6903378702962427,0.5145985401459854,2,147.6699999999987,0.7774405131513125,-1000000000.0,0.5575153374233128
C,10,15,emaAligned,263,143.75399999999945,0.47917999999999816,0.56057345479,0.4144486692015209,0,143.38799999999947,0.7465053169390704,-1000000000.0,0.7032208588957055
C,10,15,prevRoom>=0,212,144.61499999999774,0.48204999999999243,0.5453702364709871,0.419811320754717,0,202.1700000000012,0.6223626398842494,-1000000000.0,0.691717791411043
C,10,15,prevDist>=0.25,292,139.9179999999999,0.466393333333333,0.6024966476510838,0.4178082191780822,0,149.22800000000166,0.6503200892313139,-1000000000.0,0.9033742331288344
C,10,15,prevDist>=0.50,332,149.15899999999897,0.49719666666666323,0.5853699894368194,0.4427710843373494,0,149.9690000000012,0.5871511394231008,-1000000000.0,0.8251533742331288
C,10,15,break>=0.05,632,206.74099999999908,0.6891366666666636,0.6457261540777464,0.5063291139240507,1,215.28199999999742,0.7643547473819873,-1000000000.0,0.48466257668711654
C,10,15,break>=0.10,588,143.96399999999926,0.47987999999999753,0.7277389876922392,0.5017006802721088,1,199.39399999999773,0.7730880044400821,-1000000000.0,0.4601226993865031
C,10,15,break<=0.25,215,148.06199999999717,0.49353999999999054,0.601666917762528,0.4558139534883721,0,144.4440000000011,0.6201461097874599,-1000000000.0,0.5774539877300614
C,10,15,asiaRatio>=0.80,276,148.18499999999835,0.4939499999999945,0.5377322880824608,0.4420289855072464,0,148.94400000000041,0.5979647749510754,-1000000000.0,0.6993865030674846
C,10,15,time>=13,320,149.81999999999857,0.49939999999999524,0.5618632072712859,0.421875,0,144.71699999999987,0.6494496497330609,-1000000000.0,1.0
C,10,15,LONG,212,149.36699999999905,0.49788999999999684,0.5997797498472743,0.42452830188679247,0,145.0970000000002,0.6853030674367617,-1000000000.0,0.5245398773006135
C,10,15,SHORT,186,135.23799999999824,0.45079333333332744,0.5659578018987279,0.42473118279569894,0,135.692,0.6079444328872241,-1000000000.0,0.4754601226993865
C,10,15,Mon-Wed,168,148.1829999999984,0.493943333333328,0.6547886677553828,0.40476190476190477,0,141.88199999999847,0.6962231833169218,-1000000000.0,0.5996932515337423
C,10,15,Thu-Fri,522,235.06599999999912,0.7835533333333304,0.627055710781227,0.5153256704980843,2,254.71600000000103,0.5089953035976286,-1000000000.0,0.4003067484662577
C,10,15,spread<=10%TP,320,147.0399999999986,0.49013333333332865,0.5699930983658382,0.421875,0,145.19100000000026,0.6076629367114599,-1000000000.0,0.9846625766871165
C,10,15,spread<=15%TP,320,149.81999999999857,0.49939999999999524,0.5618632072712859,0.421875,0,145.346,0.6087822524641878,-1000000000.0,0.9938650306748467
C,10,15,trend+mom,515,141.43699999999694,0.4714566666666565,0.6909473895819314,0.5106796116504855,2,291.3639999999989,0.6675046680135972,-1000000000.0,0.5115030674846626
C,10,15,trend+lowSpread,229,138.18799999999874,0.46062666666666247,0.5706407081625777,0.3930131004366812,0,449.7189999999996,0.5920861290404877,-1000000000.0,0.6349693251533742
C,10,15,break+trend,509,220.83799999999928,0.7361266666666643,0.5633093641655939,0.5049115913555993,2,252.69099999999844,0.7281709955110118,-1000000000.0,0.39033742331288346
C,10,15,prevRoom+trend,162,141.8289999999986,0.4727633333333286,0.6162728721432686,0.38271604938271603,0,357.7340000000013,0.5927419475644202,-1000000000.0,0.43328220858895705
C,10,15,prevDist+trend,215,140.8429999999994,0.46947666666666465,0.5644147682639451,0.386046511627907,0,246.01699999999937,0.6808293144111218,-1000000000.0,0.5943251533742331
C,10,15,lowSpread+body,265,148.26299999999742,0.4942099999999914,0.6457318311609241,0.4377358490566038,0,264.4630000000011,0.6426052251874994,-1000000000.0,0.6050613496932515
C,10,20,ALL,277,198.83999999999787,0.662799999999993,0.4023839722050296,0.4151624548736462,0,185.99799999999982,0.4442312978832761,-1000000000.0,1.0
C,10,20,spread<=0.5,276,198.2639999999983,0.6608799999999944,0.4062458821979226,0.4166666666666667,0,380.18800000000033,0.42038965433889197,-1000000000.0,0.9440184049079755
C,10,20,spread<=0.75,277,194.91399999999817,0.6497133333333273,0.41627834545215464,0.4151624548736462,0,190.365,0.4400123549397699,-1000000000.0,0.9754601226993865
C,10,20,spread<=1.0,277,194.91399999999817,0.6497133333333273,0.41627834545215464,0.4151624548736462,0,195.75,0.4241715571636591,-1000000000.0,0.9846625766871165
C,10,20,spread<=1.25,277,198.83999999999787,0.662799999999993,0.4023839722050296,0.4151624548736462,0,191.00900000000001,0.42925824996713174,-1000000000.0,0.9900306748466258
C,10,20,body>=0.40,219,197.77799999999843,0.6592599999999947,0.48167580430430335,0.4246575342465753,0,181.82600000000002,0.3970486801963128,-1000000000.0,0.6134969325153374
C,10,20,body>=0.60,79,198.10699999999952,0.660356666666665,0.42959603812156455,0.34177215189873417,0,366.07899999999927,0.4440166730127261,-1000000000.0,0.38650306748466257
C,10,20,trend>=2,215,199.5499999999986,0.665166666666662,0.3978684755254913,0.39069767441860465,0,622.2419999999993,0.4310074927771618,-1000000000.0,0.6441717791411042
C,10,20,mom>=0,226,182.26299999999856,0.6075433333333286,0.508636330550264,0.42920353982300885,1,376.6349999999993,0.4874098522371865,-1000000000.0,0.5575153374233128
C,10,20,mom>=0.15,186,198.00099999999838,0.660003333333328,0.42560289633925624,0.41397849462365593,0,389.84999999999945,0.4127761267777953,-1000000000.0,0.47162576687116564
C,10,20,emaAligned,258,195.48499999999922,0.6516166666666641,0.41445084454349224,0.4108527131782946,0,193.32399999999961,0.5405907654285793,-1000000000.0,0.7032208588957055
C,10,20,prevRoom>=0,168,197.3199999999988,0.6577333333333293,0.3906510078098734,0.4107142857142857,0,322.34300000000053,0.41778370367889567,-1000000000.0,0.691717791411043
C,10,20,prevDist>=0.25,216,197.93699999999922,0.6597899999999974,0.41177362123995076,0.41203703703703703,0,300.42100000000073,0.4938337093490337,-1000000000.0,0.9033742331288344
C,10,20,prevDist>=0.50,324,189.34999999999923,0.6311666666666641,0.44369689633695214,0.44135802469135804,0,199.79300000000035,0.3996352010000415,-1000000000.0,0.8251533742331288
C,10,20,break>=0.05,198,194.3320000000001,0.6477733333333336,0.39840322945140866,0.398989898989899,0,423.50499999999784,0.5014382372391065,-1000000000.0,0.48466257668711654
C,10,20,break<=0.25,199,193.7889999999975,0.645963333333325,0.4229928659052274,0.4472361809045226,0,198.99200000000133,0.41371721177444276,-1000000000.0,0.5774539877300614
C,10,20,asiaRatio>=0.80,253,191.87699999999813,0.6395899999999938,0.3994648054834023,0.43873517786561267,0,199.356,0.38780248126765815,-1000000000.0,0.6993865030674846
C,10,20,time>=13,277,198.83999999999787,0.662799999999993,0.4023839722050296,0.4151624548736462,0,185.99799999999982,0.4442312978832761,-1000000000.0,1.0
C,10,20,LONG,205,192.01199999999835,0.6400399999999945,0.4295645353915309,0.4292682926829268,0,295.4479999999994,0.4647844647478127,-1000000000.0,0.5245398773006135
C,10,20,SHORT,186,185.82899999999836,0.6194299999999945,0.45656248994739385,0.42473118279569894,0,193.85300000000007,0.4440518628347893,-1000000000.0,0.4754601226993865
C,10,20,Mon-Wed,159,194.34499999999844,0.6478166666666615,0.4662787121153908,0.4088050314465409,0,323.73800000000006,0.3930632859204292,-1000000000.0,0.5996932515337423
C,10,20,Thu-Fri,244,194.05499999999915,0.6468499999999971,0.4929675721859195,0.4713114754098361,1,370.6909999999998,0.3867348331475639,-1000000000.0,0.4003067484662577
C,10,20,spread<=10%TP,277,194.91399999999817,0.6497133333333273,0.41627834545215464,0.4151624548736462,0,195.75,0.4241715571636591,-1000000000.0,0.9846625766871165
C,10,20,spread<=15%TP,277,198.83999999999787,0.662799999999993,0.4023839722050296,0.4151624548736462,0,189.692,0.4331934932530151,-1000000000.0,0.9938650306748467
C,10,20,trend+mom,523,193.98399999999765,0.6466133333333255,0.4929397803254919,0.51434034416826,2,384.9249999999993,0.45800816039595593,-1000000000.0,0.5115030674846626
C,10,20,trend+lowSpread,215,199.5499999999986,0.665166666666662,0.3978684755254913,0.39069767441860465,0,624.8799999999987,0.4188297939435446,-1000000000.0,0.6349693251533742
C,10,20,break+trend,159,180.4409999999998,0.6014699999999994,0.44954942862546776,0.37735849056603776,0,397.3919999999989,0.48394732867901386,-1000000000.0,0.39033742331288346
C,10,20,prevRoom+trend,159,192.29899999999907,0.6409966666666636,0.46995573294230103,0.3836477987421384,0,337.01,0.4622533586710918,-1000000000.0,0.43328220858895705
C,10,20,prevDist+trend,198,193.68299999999886,0.6456099999999961,0.408111750486665,0.3888888888888889,0,441.6359999999993,0.5685944130127305,-1000000000.0,0.5943251533742331
C,10,20,lowSpread+body,219,197.77799999999843,0.6592599999999947,0.48167580430430335,0.4246575342465753,0,181.82600000000002,0.3970486801963128,-1000000000.0,0.6050613496932515
C,10,25,ALL,184,242.22499999999923,0.8074166666666641,0.2835106131238332,0.42391304347826086,0,248.80800000000045,0.18765324879278203,-1000000000.0,1.0
C,10,25,spread<=0.5,183,243.41899999999941,0.8113966666666648,0.28251283653534537,0.4262295081967213,0,247.9880000000005,0.20404416484786117,-1000000000.0,0.9440184049079755
C,10,25,spread<=0.75,183,243.41899999999941,0.8113966666666648,0.28251283653534537,0.4262295081967213,0,247.9880000000005,0.20404416484786117,-1000000000.0,0.9754601226993865
C,10,25,spread<=1.0,183,243.41899999999941,0.8113966666666648,0.28251283653534537,0.4262295081967213,0,247.9880000000005,0.20404416484786117,-1000000000.0,0.9846625766871165
C,10,25,spread<=1.25,184,242.22499999999923,0.8074166666666641,0.2835106131238332,0.42391304347826086,0,248.80800000000045,0.18765324879278203,-1000000000.0,0.9900306748466258
C,10,25,body>=0.40,132,245.58899999999926,0.8186299999999975,0.35637572987535987,0.4090909090909091,0,241.81900000000041,0.1981065128001052,-1000000000.0,0.6134969325153374
C,10,25,body>=0.60,58,242.04899999999975,0.8068299999999992,0.30307506262416967,0.3448275862068966,0,248.7320000000002,0.17518238493168836,-1000000000.0,0.38650306748466257
C,10,25,trend>=2,192,246.28399999999897,0.8209466666666633,0.26865742555440913,0.3958333333333333,0,974.7019999999991,0.35461632335105814,-1000000000.0,0.6441717791411042
C,10,25,mom>=0,203,247.67299999999818,0.8255766666666606,0.33229720731237544,0.43349753694581283,1,476.5069999999994,0.3664007779544533,-1000000000.0,0.5575153374233128
C,10,25,mom>=0.15,164,249.10099999999807,0.8303366666666602,0.2773627763546902,0.40853658536585363,0,688.9639999999995,0.3590419006791687,-1000000000.0,0.47162576687116564
C,10,25,emaAligned,184,245.60299999999938,0.8186766666666646,0.26432908290874035,0.3967391304347826,0,599.9070000000004,0.44498915750419366,-1000000000.0,0.7032208588957055
C,10,25,prevRoom>=0,81,242.7239999999997,0.809079999999999,0.23804441319211353,0.43209876543209874,0,485.4430000000016,0.29783824517440993,-1000000000.0,0.691717791411043
C,10,25,prevDist>=0.25,110,246.22100000000023,0.8207366666666674,0.2682839125343983,0.44545454545454544,0,248.0750000000005,0.20376492489408024,-1000000000.0,0.9033742331288344
C,10,25,prevDist>=0.50,269,249.07200000000012,0.8302400000000004,0.268235930100009,0.4312267657992565,0,248.0750000000005,0.20376492489408024,-1000000000.0,0.8251533742331288
C,10,25,break>=0.05,121,249.81900000000041,0.8327300000000014,0.2266312103941775,0.38016528925619836,0,661.9239999999975,0.40472609315647134,-1000000000.0,0.48466257668711654
C,10,25,break>=0.10,191,248.02099999999996,0.8267366666666666,0.23219730858411347,0.41361256544502617,0,519.7629999999983,0.4229266909635449,-1000000000.0,0.4601226993865031
C,10,25,break<=0.25,134,249.95499999999902,0.8331833333333301,0.25575848885819014,0.44029850746268656,0,239.46500000000037,0.2017833333333321,-1000000000.0,0.5774539877300614
C,10,25,asiaRatio>=0.80,70,246.67600000000016,0.8222533333333338,0.22795530656317434,0.45714285714285713,0,450.9460000000006,0.4185146711574013,-1000000000.0,0.6993865030674846
C,10,25,time>=13,184,242.22499999999923,0.8074166666666641,0.2835106131238332,0.42391304347826086,0,248.80800000000045,0.18765324879278203,-1000000000.0,1.0
C,10,25,LONG,69,245.06200000000013,0.8168733333333338,0.2719618782790558,0.4057971014492754,0,249.12600000000066,0.3135682185771865,-1000000000.0,0.5245398773006135
C,10,25,SHORT,154,247.3969999999988,0.8246566666666627,0.27651330161339116,0.4155844155844156,0,395.59500000000025,0.33910332081007727,-1000000000.0,0.4754601226993865
C,10,25,Mon-Wed,126,248.31799999999885,0.8277266666666628,0.32792937139021966,0.4365079365079365,0,241.41200000000003,0.23835905137192595,-1000000000.0,0.5996932515337423
C,10,25,Thu-Fri,189,236.05199999999945,0.7868399999999982,0.3872551182778395,0.4444444444444444,1,240.65999999999985,0.33912575448848725,-1000000000.0,0.4003067484662577
C,10,25,spread<=10%TP,183,243.41899999999941,0.8113966666666648,0.28251283653534537,0.4262295081967213,0,247.9880000000005,0.20404416484786117,-1000000000.0,0.9846625766871165
C,10,25,spread<=15%TP,184,242.22499999999923,0.8074166666666641,0.2835106131238332,0.42391304347826086,0,248.80800000000045,0.18765324879278203,-1000000000.0,0.9938650306748467
C,10,25,trend+mom,177,239.7399999999982,0.7991333333333273,0.37333688827549116,0.4180790960451977,1,595.2159999999992,0.3717732641410149,-1000000000.0,0.5115030674846626
C,10,25,trend+lowSpread,192,246.28399999999897,0.8209466666666633,0.26865742555440913,0.3958333333333333,0,951.0579999999989,0.3345147412874463,-1000000000.0,0.6349693251533742
C,10,25,break+trend,103,249.2940000000001,0.8309800000000003,0.23950751359035455,0.36893203883495146,0,457.04599999999914,0.31269426318931415,-1000000000.0,0.39033742331288346
C,10,25,prevRoom+trend,128,243.5189999999991,0.811729999999997,0.32877524131886315,0.390625,0,573.2270000000001,0.2771565323774987,-1000000000.0,0.43328220858895705
C,10,25,prevDist+trend,159,249.97499999999968,0.8332499999999989,0.2483740705215907,0.3836477987421384,0,869.7569999999989,0.34163680270557184,-1000000000.0,0.5943251533742331
C,10,25,lowSpread+body,132,245.58899999999926,0.8186299999999975,0.35637572987535987,0.4090909090909091,0,241.81900000000041,0.1981065128001052,-1000000000.0,0.6050613496932515
C,10,30,ALL,6,292.17700000000013,0.9739233333333338,0.06594822349954893,0.3333333333333333,0,294.72299999999996,0.017590000000000147,-1000000000.0,1.0
C,10,30,spread<=0.5,6,292.17700000000013,0.9739233333333338,0.06594822349954893,0.3333333333333333,0,280.54300000000035,0.09955385800487807,-1000000000.0,0.9440184049079755
C,10,30,spread<=0.75,6,292.17700000000013,0.9739233333333338,0.06594822349954893,0.3333333333333333,0,280.54300000000035,0.09955385800487807,-1000000000.0,0.9754601226993865
C,10,30,spread<=1.0,6,292.17700000000013,0.9739233333333338,0.06594822349954893,0.3333333333333333,0,280.54300000000035,0.09955385800487807,-1000000000.0,0.9846625766871165
C,10,30,spread<=1.25,6,292.17700000000013,0.9739233333333338,0.06594822349954893,0.3333333333333333,0,294.72299999999996,0.017590000000000147,-1000000000.0,0.9900306748466258
C,10,30,body>=0.40,2,298.999,0.9966633333333335,0.012572406094991564,0.5,0,290.54300000000035,0.03653335986205007,-1000000000.0,0.6134969325153374
C,10,30,body>=0.60,2,298.999,0.9966633333333335,0.012572406094991564,0.5,0,271.5600000000002,0.09948269001193787,-1000000000.0,0.38650306748466257
C,10,30,trend>=2,1,296.8620000000001,0.9895400000000003,0.010459999999999733,0.0,0,294.72299999999996,0.017590000000000147,-1000000000.0,0.6441717791411042
C,10,30,mom>=0,1,296.193,0.9873099999999999,0.012690000000000055,0.0,0,297.22900000000004,0.04599756066247311,-1000000000.0,0.5575153374233128
C,10,30,mom>=0.15,1,296.193,0.9873099999999999,0.012690000000000055,0.0,0,297.4820000000002,0.04518551803825897,-1000000000.0,0.47162576687116564
C,10,30,emaAligned,1,296.8620000000001,0.9895400000000003,0.010459999999999733,0.0,0,299.3860000000004,0.03907433560148846,-1000000000.0,0.7032208588957055
C,10,30,prevRoom>=0,2,298.999,0.9966633333333335,0.012572406094991564,0.5,0,297.433,0.04053870967741938,-1000000000.0,0.691717791411043
C,10,30,prevDist>=0.25,5,295.98400000000015,0.9866133333333338,0.05377774083617286,0.4,0,280.54300000000035,0.09955385800487807,-1000000000.0,0.9033742331288344
C,10,30,prevDist>=0.50,5,295.98400000000015,0.9866133333333338,0.05377774083617286,0.4,0,280.54300000000035,0.09955385800487807,-1000000000.0,0.8251533742331288
C,10,30,break>=0.05,3,298.7550000000001,0.9958500000000003,0.03627419354838674,0.3333333333333333,0,513.0849999999987,0.37013945039314483,-1000000000.0,0.48466257668711654
C,10,30,break>=0.10,3,298.7550000000001,0.9958500000000003,0.03627419354838674,0.3333333333333333,0,491.92699999999877,0.3821282889244066,-1000000000.0,0.4601226993865031
C,10,30,break<=0.25,16,298.5600000000004,0.9952000000000013,0.11103700439479139,0.5,0,288.9830000000002,0.036723333333332754,-1000000000.0,0.5774539877300614
C,10,30,asiaRatio>=0.80,1,293.971,0.9799033333333333,0.020096666666666655,0.0,0,280.54300000000035,0.09955385800487807,-1000000000.0,0.6993865030674846
C,10,30,time>=13,6,292.17700000000013,0.9739233333333338,0.06594822349954893,0.3333333333333333,0,294.72299999999996,0.017590000000000147,-1000000000.0,1.0
C,10,30,LONG,18,291.92300000000046,0.9730766666666681,0.1327457026909786,0.4444444444444444,0,280.54300000000035,0.09955385800487807,-1000000000.0,0.5245398773006135
C,10,30,SHORT,2,298.999,0.9966633333333335,0.012572406094991564,0.5,0,294.72299999999996,0.017590000000000147,-1000000000.0,0.4754601226993865
C,10,30,Mon-Wed,4,299.12200000000007,0.9970733333333336,0.043745963952098,0.5,0,294.72299999999996,0.017590000000000147,-1000000000.0,0.5996932515337423
C,10,30,Thu-Fri,1,296.193,0.9873099999999999,0.012690000000000055,0.0,0,296.5130000000004,0.04829567338554304,-1000000000.0,0.4003067484662577
C,10,30,spread<=10%TP,6,292.17700000000013,0.9739233333333338,0.06594822349954893,0.3333333333333333,0,280.54300000000035,0.09955385800487807,-1000000000.0,0.9846625766871165
C,10,30,spread<=15%TP,6,292.17700000000013,0.9739233333333338,0.06594822349954893,0.3333333333333333,0,294.72299999999996,0.017590000000000147,-1000000000.0,0.9938650306748467
C,10,30,trend+mom,1,296.8620000000001,0.9895400000000003,0.010459999999999733,0.0,0,297.22900000000004,0.04599756066247311,-1000000000.0,0.5115030674846626
C,10,30,trend+lowSpread,1,296.8620000000001,0.9895400000000003,0.010459999999999733,0.0,0,297.47900000000004,0.04519514700218296,-1000000000.0,0.6349693251533742
C,10,30,break+trend,1,296.8620000000001,0.9895400000000003,0.010459999999999733,0.0,0,515.3279999999988,0.32646155651612785,-1000000000.0,0.39033742331288346
C,10,30,prevRoom+trend,1,296.8620000000001,0.9895400000000003,0.010459999999999733,0.0,0,288.366,0.07027595167702151,-1000000000.0,0.43328220858895705
C,10,30,prevDist+trend,1,296.8620000000001,0.9895400000000003,0.010459999999999733,0.0,0,297.56600000000003,0.04491590704840202,-1000000000.0,0.5943251533742331
C,10,30,lowSpread+body,2,298.999,0.9966633333333335,0.012572406094991564,0.5,0,290.54300000000035,0.03653335986205007,-1000000000.0,0.6050613496932515
C,15,10,ALL,193,96.12499999999909,0.32041666666666363,0.7363700938783034,0.41450777202072536,0,93.46300000000065,0.8586744005649202,-1000000000.0,1.0
C,15,10,spread<=0.5,183,99.26099999999929,0.3308699999999976,0.7277693824546603,0.4207650273224044,0,96.0840000000021,0.8593313539818315,-1000000000.0,0.9440184049079755
C,15,10,spread<=0.75,183,99.26099999999929,0.3308699999999976,0.7277693824546603,0.4207650273224044,0,92.18000000000143,0.826158128587914,-1000000000.0,0.9754601226993865
C,15,10,spread<=1.0,183,99.26099999999929,0.3308699999999976,0.7277693824546603,0.4207650273224044,0,90.11900000000173,0.860263938485677,-1000000000.0,0.9846625766871165
C,15,10,spread<=1.25,193,96.12499999999909,0.32041666666666363,0.7363700938783034,0.41450777202072536,0,99.1800000000012,0.8074077526244019,-1000000000.0,0.9900306748466258
C,15,10,body>=0.40,188,92.04099999999949,0.3068033333333316,0.748883438327874,0.40425531914893614,0,93.46200000000022,0.6932453721937769,-1000000000.0,0.6134969325153374
C,15,10,body>=0.60,74,95.8919999999996,0.31963999999999865,0.6890842946909728,0.33783783783783783,0,99.6080000000004,0.6730733884731513,-1000000000.0,0.38650306748466257
C,15,10,trend>=2,229,97.67399999999884,0.32557999999999615,0.7232811667781032,0.3930131004366812,0,93.36699999999882,0.7862217714145743,-1000000000.0,0.6441717791411042
C,15,10,mom>=0,352,97.02899999999522,0.32342999999998406,0.7727296150206685,0.4403409090909091,0,91.84199999999805,0.9061287859662338,-1000000000.0,0.5575153374233128
C,15,10,mom>=0.15,320,95.71499999999651,0.31904999999998834,0.7302480652488906,0.428125,0,96.50200000000018,0.8417089177543139,-1000000000.0,0.47162576687116564
C,15,10,emaAligned,270,99.02299999999877,0.3300766666666626,0.6980453741538122,0.4148148148148148,0,94.32500000000005,0.8319780542764765,-1000000000.0,0.7032208588957055
C,15,10,prevRoom>=0,155,99.49199999999973,0.3316399999999991,0.6774118242125956,0.4064516129032258,0,94.67400000000202,0.8249523432689797,-1000000000.0,0.691717791411043
C,15,10,prevDist>=0.25,203,93.85500000000025,0.3128500000000008,0.7588868022925722,0.4088669950738916,0,92.18100000000095,0.81588066927789,-1000000000.0,0.9033742331288344
C,15,10,prevDist>=0.50,270,92.602000000001,0.3086733333333367,0.7489732795146535,0.42592592592592593,0,96.2090000000012,0.8078352731100388,-1000000000.0,0.8251533742331288
C,15,10,break>=0.05,610,97.73100000000159,0.3257700000000053,0.7941634249440266,0.42950819672131146,2,94.81500000000256,0.9043251703055336,-1000000000.0,0.48466257668711654
C,15,10,break>=0.10,488,92.24600000000055,0.3074866666666685,0.7994787307811858,0.4262295081967213,2,94.06100000000151,0.8998264073782173,-1000000000.0,0.4601226993865031
C,15,10,break<=0.25,152,94.35899999999833,0.3145299999999944,0.7410984500314203,0.4342105263157895,0,94.9350000000004,0.6835499999999987,-1000000000.0,0.5774539877300614
C,15,10,asiaRatio>=0.80,152,98.85699999999997,0.3295233333333332,0.7101231266365815,0.4144736842105263,0,95.36300000000097,0.7887694256906402,-1000000000.0,0.6993865030674846
C,15,10,time>=13,193,96.12499999999909,0.32041666666666363,0.7363700938783034,0.41450777202072536,0,93.46300000000065,0.8586744005649202,-1000000000.0,1.0
C,15,10,LONG,602,97.30900000000179,0.3243633333333393,0.7733695411681639,0.4435215946843854,1,99.44100000000435,0.9000551781530651,-1000000000.0,0.5245398773006135
C,15,10,SHORT,188,97.34099999999876,0.3244699999999959,0.6843861253234289,0.425531914893617,0,99.94400000000019,0.6967470029401678,-1000000000.0,0.4754601226993865
C,15,10,Mon-Wed,143,97.18699999999922,0.32395666666666406,0.7345147006198232,0.4125874125874126,0,99.9309999999989,0.8037123972461495,-1000000000.0,0.5996932515337423
C,15,10,Thu-Fri,292,94.98299999999972,0.31660999999999906,0.692029596389293,0.4349315068493151,0,213.19400000000178,0.757490720581416,-1000000000.0,0.4003067484662577
C,15,10,spread<=10%TP,193,96.12499999999909,0.32041666666666363,0.7363700938783034,0.41450777202072536,0,98.14100000000144,0.8574661060642347,-1000000000.0,0.9938650306748467
C,15,10,spread<=15%TP,193,96.12499999999909,0.32041666666666363,0.7363700938783034,0.41450777202072536,0,92.53500000000122,0.8603061836044865,-1000000000.0,0.9984662576687117
C,15,10,trend+mom,317,91.59699999999725,0.3053233333333242,0.8080270782902167,0.42586750788643535,1,94.75499999999829,0.8641737108651019,-1000000000.0,0.5115030674846626
C,15,10,trend+lowSpread,229,97.67399999999884,0.32557999999999615,0.7232811667781032,0.3930131004366812,0,93.85899999999879,0.818297093032262,-1000000000.0,0.6349693251533742
C,15,10,break+trend,158,99.06700000000023,0.3302233333333341,0.6959437477364652,0.379746835443038,0,99.64300000000253,0.8623047914113028,-1000000000.0,0.39033742331288346
C,15,10,prevRoom+trend,202,99.81999999999971,0.3327333333333324,0.725099349238392,0.3910891089108911,0,91.1390000000008,0.7777135512320497,-1000000000.0,0.43328220858895705
C,15,10,prevDist+trend,199,94.98499999999899,0.3166166666666633,0.704159243524738,0.3869346733668342,0,97.99199999999996,0.7889136133831078,-1000000000.0,0.5943251533742331
C,15,10,lowSpread+body,188,92.04099999999949,0.3068033333333316,0.748883438327874,0.40425531914893614,0,99.93299999999999,0.6720066955494295,-1000000000.0,0.6050613496932515
C,15,12,ALL,222,117.7469999999987,0.3924899999999957,0.6571201435036117,0.4099099099099099,0,108.43999999999983,0.7511445651799752,-1000000000.0,1.0
C,15,12,spread<=0.5,220,118.23499999999922,0.39411666666666406,0.6556990850480212,0.41363636363636364,0,112.4300000000012,0.7854774143569642,-1000000000.0,0.9440184049079755
C,15,12,spread<=0.75,220,118.23499999999922,0.39411666666666406,0.6556990850480212,0.41363636363636364,0,117.85900000000038,0.7468685836032326,-1000000000.0,0.9754601226993865
C,15,12,spread<=1.0,220,118.23499999999922,0.39411666666666406,0.6556990850480212,0.41363636363636364,0,111.85900000000038,0.7597550708327238,-1000000000.0,0.9846625766871165
C,15,12,spread<=1.25,222,117.7469999999987,0.3924899999999957,0.6571201435036117,0.4099099099099099,0,108.06200000000013,0.7520120251058503,-1000000000.0,0.9900306748466258
C,15,12,body>=0.40,281,111.04999999999723,0.37016666666665743,0.7252298617365643,0.43416370106761565,0,112.99599999999987,0.6272235418316187,-1000000000.0,0.6134969325153374
C,15,12,body>=0.60,81,119.71999999999935,0.39906666666666446,0.6084177749285353,0.3333333333333333,0,119.02299999999946,0.6073403272631324,-1000000000.0,0.38650306748466257
C,15,12,trend>=2,212,116.16299999999933,0.3872099999999978,0.6127900000000023,0.39622641509433965,0,119.16099999999938,0.7143066071437146,-1000000000.0,0.6441717791411042
C,15,12,mom>=0,349,111.67699999999695,0.3722566666666565,0.7300727527614689,0.4469914040114613,1,113.57599999999888,0.8226987333393709,-1000000000.0,0.5575153374233128
C,15,12,mom>=0.15,361,113.24899999999798,0.37749666666665993,0.6743612968154737,0.4376731301939058,1,116.23199999999997,0.7941043614121047,-1000000000.0,0.47162576687116564
C,15,12,emaAligned,274,119.35399999999913,0.3978466666666638,0.6547828400860787,0.41605839416058393,0,112.84999999999991,0.7677596471839959,-1000000000.0,0.7032208588957055
C,15,12,prevRoom>=0,155,119.64999999999964,0.3988333333333321,0.6084905042995706,0.4064516129032258,0,117.30200000000082,0.7615677314969124,-1000000000.0,0.691717791411043
C,15,12,prevDist>=0.25,203,113.46199999999999,0.37820666666666664,0.6911808734751201,0.4088669950738916,0,115.77000000000021,0.7387684184398757,-1000000000.0,0.9033742331288344
C,15,12,prevDist>=0.50,270,114.21800000000053,0.38072666666666843,0.6821468127855901,0.42592592592592593,0,111.93200000000047,0.7474287519462046,-1000000000.0,0.8251533742331288
C,15,12,break>=0.05,611,119.97299999999973,0.3999099999999991,0.7280849472479414,0.4500818330605565,2,187.64499999999907,0.8175789226404541,-1000000000.0,0.48466257668711654
C,15,12,break>=0.10,310,113.38900000000012,0.37796333333333376,0.6716198761649355,0.43548387096774194,0,111.2389999999998,0.8371179397371961,-1000000000.0,0.4601226993865031
C,15,12,break<=0.25,150,118.16199999999867,0.3938733333333289,0.659979166306972,0.44,0,116.91299999999978,0.6336221619843,-1000000000.0,0.5774539877300614
C,15,12,asiaRatio>=0.80,189,118.50599999999963,0.39501999999999876,0.6490582800284302,0.42328042328042326,0,117.89200000000073,0.7252760824833543,-1000000000.0,0.6993865030674846
C,15,12,time>=13,222,117.7469999999987,0.3924899999999957,0.6571201435036117,0.4099099099099099,0,108.43999999999983,0.7511445651799752,-1000000000.0,1.0
C,15,12,LONG,621,114.43399999999929,0.38144666666666427,0.6999223806077404,0.463768115942029,1,224.97099999999864,0.7925000734710693,-1000000000.0,0.5245398773006135
C,15,12,SHORT,182,116.78199999999788,0.38927333333332625,0.6178749525542261,0.42857142857142855,0,119.80799999999977,0.6006400000000007,-1000000000.0,0.4754601226993865
C,15,12,Mon-Wed,161,109.94099999999867,0.3664699999999956,0.7065242634477374,0.40372670807453415,0,114.57799999999747,0.727272510883826,-1000000000.0,0.5996932515337423
C,15,12,Thu-Fri,270,111.62699999999995,0.37208999999999987,0.6723050231473999,0.4444444444444444,0,117.22400000000084,0.7238903701749578,-1000000000.0,0.4003067484662577
C,15,12,spread<=10%TP,222,117.7469999999987,0.3924899999999957,0.6571201435036117,0.4099099099099099,0,116.08199999999965,0.7609400774748395,-1000000000.0,0.9938650306748467
C,15,12,spread<=15%TP,222,117.7469999999987,0.3924899999999957,0.6571201435036117,0.4099099099099099,0,108.15699999999993,0.7997496801571533,-1000000000.0,0.9984662576687117
C,15,12,trend+mom,306,119.9459999999981,0.3998199999999936,0.72918651644804,0.434640522875817,1,118.06399999999894,0.7909272661912562,-1000000000.0,0.5115030674846626
C,15,12,trend+lowSpread,212,116.16299999999933,0.3872099999999978,0.6127900000000023,0.39622641509433965,0,115.76799999999935,0.75506508014421,-1000000000.0,0.6349693251533742
C,15,12,break+trend,248,116.97200000000043,0.3899066666666681,0.6100933333333319,0.4112903225806452,0,113.76800000000026,0.797412634109424,-1000000000.0,0.39033742331288346
C,15,12,prevRoom+trend,184,116.37699999999995,0.3879233333333332,0.6886850496490329,0.391304347826087,0,117.36200000000053,0.72253206454282,-1000000000.0,0.43328220858895705
C,15,12,prevDist+trend,196,117.37999999999965,0.39126666666666554,0.6087333333333345,0.3877551020408163,0,109.20000000000005,0.7339939637091762,-1000000000.0,0.5943251533742331
C,15,12,lowSpread+body,281,111.04999999999723,0.37016666666665743,0.7252298617365643,0.43416370106761565,0,116.44799999999987,0.6158353127474276,-1000000000.0,0.6050613496932515
C,15,15,ALL,269,147.01699999999892,0.49005666666666303,0.5695744842810416,0.4163568773234201,0,147.96400000000085,0.6750001098239718,-1000000000.0,1.0
C,15,15,spread<=0.5,268,146.99699999999916,0.4899899999999972,0.569633038804085,0.417910447761194,0,149.28500000000236,0.6538896694348948,-1000000000.0,0.9440184049079755
C,15,15,spread<=0.75,268,148.2109999999991,0.4940366666666637,0.5660787792553064,0.417910447761194,0,148.7870000000014,0.6003540184315174,-1000000000.0,0.9754601226993865
C,15,15,spread<=1.0,268,148.2109999999991,0.4940366666666637,0.5660787792553064,0.417910447761194,0,146.19900000000098,0.6073054577393829,-1000000000.0,0.9846625766871165
C,15,15,spread<=1.25,269,147.01699999999892,0.49005666666666303,0.5695744842810416,0.4163568773234201,0,148.03500000000076,0.6091846298031839,-1000000000.0,0.9900306748466258
C,15,15,body>=0.40,280,140.94299999999748,0.4698099999999916,0.6489763897190742,0.4392857142857143,0,145.74900000000116,0.6842813262224825,-1000000000.0,0.6134969325153374
C,15,15,body>=0.60,179,136.17599999999834,0.45391999999999444,0.6211914266242032,0.40782122905027934,0,142.24300000000085,0.6190559084725046,-1000000000.0,0.38650306748466257
C,15,15,trend>=2,229,144.77199999999925,0.48257333333333086,0.574697853688918,0.3930131004366812,0,281.6180000000006,0.6387478148760777,-1000000000.0,0.6441717791411042
C,15,15,mom>=0,479,147.53299999999854,0.4917766666666618,0.6909468736056459,0.46555323590814196,1,139.41600000000017,0.7809512287477152,-1000000000.0,0.5575153374233128
C,15,15,mom>=0.15,543,142.4139999999975,0.47471333333332494,0.7117574790973912,0.4732965009208103,1,148.423,0.7403549099255119,-1000000000.0,0.47162576687116564
C,15,15,emaAligned,266,142.07299999999987,0.4735766666666662,0.550455957827857,0.41353383458646614,0,148.47900000000118,0.6927643531412795,-1000000000.0,0.7032208588957055
C,15,15,prevRoom>=0,170,148.2169999999992,0.494056666666664,0.5250307637090802,0.40588235294117647,0,148.99600000000123,0.5895155602574229,-1000000000.0,0.691717791411043
C,15,15,prevDist>=0.25,248,149.22399999999993,0.4974133333333331,0.5801793234997064,0.4153225806451613,0,141.13400000000138,0.6318960480741106,-1000000000.0,0.9033742331288344
C,15,15,prevDist>=0.50,324,145.9630000000002,0.486543333333334,0.5770720753350241,0.44135802469135804,0,146.6560000000013,0.6064563738578544,-1000000000.0,0.8251533742331288
C,15,15,break>=0.05,618,143.1149999999991,0.477049999999997,0.7346336343964818,0.46763754045307443,1,230.9949999999983,0.7855126999059284,-1000000000.0,0.48466257668711654
C,15,15,break>=0.10,479,140.5409999999997,0.46846999999999905,0.7232393409307084,0.4613778705636743,1,147.97599999999875,0.80739213511811,-1000000000.0,0.4601226993865031
C,15,15,break<=0.25,172,144.96699999999828,0.4832233333333276,0.5804272512307899,0.4418604651162791,0,145.4770000000019,0.5604472967011658,-1000000000.0,0.5774539877300614
C,15,15,asiaRatio>=0.80,266,144.53599999999915,0.4817866666666638,0.555425685381303,0.4398496240601504,0,136.97400000000175,0.6230702763391757,-1000000000.0,0.6993865030674846
C,15,15,time>=13,269,147.01699999999892,0.49005666666666303,0.5695744842810416,0.4163568773234201,0,147.96400000000085,0.6750001098239718,-1000000000.0,1.0
C,15,15,LONG,621,145.69700000000057,0.48565666666666857,0.7565549391792541,0.4863123993558776,1,289.1789999999992,0.7963737687364095,-1000000000.0,0.5245398773006135
C,15,15,SHORT,185,143.02199999999766,0.4767399999999922,0.5670368991290679,0.42702702702702705,0,147.72999999999956,0.5699234636692616,-1000000000.0,0.4754601226993865
C,15,15,Mon-Wed,159,145.30799999999886,0.4843599999999962,0.5950325238145696,0.4088050314465409,0,137.00799999999936,0.7387786230433387,-1000000000.0,0.5996932515337423
C,15,15,Thu-Fri,522,253.0309999999995,0.843436666666665,0.5997948110310749,0.48659003831417624,2,241.2770000000014,0.5364373198847232,-1000000000.0,0.4003067484662577
C,15,15,spread<=10%TP,269,147.01699999999892,0.49005666666666303,0.5695744842810416,0.4163568773234201,0,148.42600000000198,0.705844231771579,-1000000000.0,0.9938650306748467
C,15,15,spread<=15%TP,269,147.01699999999892,0.49005666666666303,0.5695744842810416,0.4163568773234201,0,149.3080000000018,0.7077881156572519,-1000000000.0,0.9984662576687117
C,15,15,trend+mom,494,136.70199999999954,0.4556733333333318,0.7112671742826667,0.46153846153846156,0,141.03900000000021,0.7481711748226518,-1000000000.0,0.5115030674846626
C,15,15,trend+lowSpread,229,144.77199999999925,0.48257333333333086,0.574697853688918,0.3930131004366812,0,280.48400000000015,0.6420987123492269,-1000000000.0,0.6349693251533742
C,15,15,break+trend,409,148.20700000000056,0.4940233333333352,0.5663190359979158,0.44987775061124696,1,141.68499999999926,0.7901336058774744,-1000000000.0,0.39033742331288346
C,15,15,prevRoom+trend,155,148.89599999999928,0.4963199999999976,0.5735532929501245,0.38064516129032255,0,224.83200000000215,0.588490739062279,-1000000000.0,0.43328220858895705
C,15,15,prevDist+trend,214,147.44799999999964,0.4914933333333321,0.5241985969395988,0.3878504672897196,0,142.82600000000048,0.6538155764327184,-1000000000.0,0.5943251533742331
C,15,15,lowSpread+body,280,140.94299999999748,0.4698099999999916,0.6489763897190742,0.4392857142857143,0,149.12099999999987,0.5080463182897872,-1000000000.0,0.6050613496932515
C,15,20,ALL,236,198.22599999999875,0.6607533333333292,0.4061338150747965,0.4152542372881356,0,196.12099999999987,0.44234219632798505,-1000000000.0,1.0
C,15,20,spread<=0.5,235,199.41999999999894,0.6647333333333297,0.40255670498428964,0.41702127659574467,0,402.61100000000147,0.5317963512119631,-1000000000.0,0.9440184049079755
C,15,20,spread<=0.75,235,199.41999999999894,0.6647333333333297,0.40255670498428964,0.41702127659574467,0,183.86300000000006,0.4849256507659033,-1000000000.0,0.9754601226993865
C,15,20,spread<=1.0,235,199.41999999999894,0.6647333333333297,0.40255670498428964,0.41702127659574467,0,185.38700000000017,0.48065631268139025,-1000000000.0,0.9846625766871165
C,15,20,spread<=1.25,236,198.22599999999875,0.6607533333333292,0.4061338150747965,0.4152542372881356,0,199.19999999999982,0.43358725230105216,-1000000000.0,0.9900306748466258
C,15,20,body>=0.40,265,194.58699999999794,0.6486233333333264,0.4891670451353488,0.4377358490566038,0,189.67899999999986,0.37100742804085507,-1000000000.0,0.6134969325153374
C,15,20,body>=0.60,79,189.2749999999994,0.6309166666666647,0.44011418091463256,0.34177215189873417,0,198.85399999999936,0.34058230534553907,-1000000000.0,0.38650306748466257
C,15,20,trend>=2,213,194.20799999999895,0.6473599999999965,0.40355090646085773,0.39436619718309857,0,615.7130000000006,0.4088377844651766,-1000000000.0,0.6441717791411042
C,15,20,mom>=0,352,198.88599999999838,0.662953333333328,0.5030881162490898,0.46875,1,199.5849999999998,0.5473133888271454,-1000000000.0,0.5575153374233128
C,15,20,emaAligned,266,188.67099999999937,0.6289033333333313,0.44211867814732575,0.41353383458646614,0,191.27600000000052,0.5152845178211672,-1000000000.0,0.7032208588957055
C,15,20,prevRoom>=0,157,190.72899999999913,0.6357633333333305,0.39652270210410057,0.40764331210191085,0,195.11800000000108,0.4543466466807948,-1000000000.0,0.691717791411043
C,15,20,prevDist>=0.25,215,198.3869999999995,0.6612899999999983,0.41235381935805077,0.413953488372093,0,194.6070000000002,0.4436700447392114,-1000000000.0,0.9033742331288344
C,15,20,prevDist>=0.50,323,197.3589999999997,0.6578633333333324,0.41361503881819345,0.44272445820433437,0,199.6070000000002,0.42937636683294933,-1000000000.0,0.8251533742331288
C,15,20,break<=0.25,150,197.60899999999833,0.6586966666666612,0.4047025154390764,0.44666666666666666,0,196.6310000000003,0.3445633333333323,-1000000000.0,0.5774539877300614
C,15,20,asiaRatio>=0.80,93,195.7389999999998,0.6524633333333327,0.38609020198218585,0.43010752688172044,0,198.10500000000025,0.4207219008965274,-1000000000.0,0.6993865030674846
C,15,20,time>=13,236,198.22599999999875,0.6607533333333292,0.4061338150747965,0.4152542372881356,0,196.12099999999987,0.44234219632798505,-1000000000.0,1.0
C,15,20,LONG,211,194.00799999999867,0.6466933333333289,0.43051715129420265,0.4265402843601896,0,320.621999999998,0.6336944064976291,-1000000000.0,0.5245398773006135
C,15,20,SHORT,184,199.36499999999864,0.6645499999999955,0.3992008028134668,0.42934782608695654,0,196.12799999999993,0.4301321463023444,-1000000000.0,0.4754601226993865
C,15,20,Mon-Wed,143,193.4469999999992,0.6448233333333306,0.4582393977668324,0.4195804195804196,0,194.20499999999947,0.3989061735884567,-1000000000.0,0.5996932515337423
C,15,20,spread<=10%TP,236,198.22599999999875,0.6607533333333292,0.4061338150747965,0.4152542372881356,0,196.74299999999994,0.44057357821016985,-1000000000.0,0.9938650306748467
C,15,20,spread<=15%TP,236,198.22599999999875,0.6607533333333292,0.4061338150747965,0.4152542372881356,0,199.81500000000005,0.43656789016436365,-1000000000.0,0.9984662576687117
C,15,20,trend+mom,316,196.55799999999863,0.6551933333333287,0.47995989067828987,0.45569620253164556,1,191.5659999999998,0.5305640847193056,-1000000000.0,0.5115030674846626
C,15,20,trend+lowSpread,213,194.20799999999895,0.6473599999999965,0.40355090646085773,0.39436619718309857,0,198.59300000000007,0.47246690184244605,-1000000000.0,0.6349693251533742
C,15,20,break+trend,159,189.99400000000014,0.6333133333333338,0.42090536685279467,0.37735849056603776,0,291.90699999999947,0.48273478924520163,-1000000000.0,0.39033742331288346
C,15,20,prevRoom+trend,144,191.0359999999996,0.6367866666666654,0.4520238310371448,0.375,0,196.11400000000026,0.43876669127789397,-1000000000.0,0.43328220858895705
C,15,20,prevDist+trend,195,199.3809999999994,0.6646033333333313,0.3797063124163899,0.38974358974358975,0,411.68700000000104,0.4157740691805757,-1000000000.0,0.5943251533742331
C,15,20,lowSpread+body,265,194.58699999999794,0.6486233333333264,0.4891670451353488,0.4377358490566038,0,189.67899999999986,0.37100742804085507,-1000000000.0,0.6050613496932515
C,15,25,ALL,141,247.3719999999994,0.8245733333333313,0.26025119617224934,0.4326241134751773,0,247.78400000000033,0.3652358360061064,-1000000000.0,1.0
C,15,25,spread<=0.5,140,248.56599999999958,0.8285533333333319,0.25932525611304175,0.4357142857142857,0,237.86200000000053,0.35781703906089624,-1000000000.0,0.9440184049079755
C,15,25,spread<=0.75,140,248.56599999999958,0.8285533333333319,0.25932525611304175,0.4357142857142857,0,248.55500000000006,0.32894793680277384,-1000000000.0,0.9754601226993865
C,15,25,spread<=1.0,140,248.56599999999958,0.8285533333333319,0.25932525611304175,0.4357142857142857,0,244.5850000000005,0.3396661950992985,-1000000000.0,0.9846625766871165
C,15,25,spread<=1.25,141,247.3719999999994,0.8245733333333313,0.26025119617224934,0.4326241134751773,0,240.3290000000004,0.341778981647079,-1000000000.0,0.9900306748466258
C,15,25,body>=0.40,133,246.62899999999922,0.822096666666664,0.35254554093893736,0.40601503759398494,0,241.81900000000041,0.1981065128001052,-1000000000.0,0.6134969325153374
C,15,25,body>=0.60,52,248.8959999999995,0.8296533333333317,0.26375199668698046,0.36538461538461536,0,248.7320000000002,0.17518238493168836,-1000000000.0,0.38650306748466257
C,15,25,trend>=2,162,247.0639999999994,0.8235466666666647,0.253486102424182,0.3950617283950617,0,242.35400000000027,0.38039382116980475,-1000000000.0,0.6441717791411042
C,15,25,mom>=0,206,249.61999999999875,0.8320666666666625,0.3116247773163257,0.4320388349514563,1,227.74799999999982,0.5015440778976904,-1000000000.0,0.5575153374233128
C,15,25,mom>=0.15,143,249.02799999999843,0.8300933333333281,0.2599113182201858,0.3986013986013986,0,247.72400000000016,0.39193912616593,-1000000000.0,0.47162576687116564
C,15,25,emaAligned,180,246.5969999999993,0.8219899999999977,0.27083727586696427,0.4,0,249.41900000000078,0.3592730075139668,-1000000000.0,0.7032208588957055
C,15,25,prevRoom>=0,79,249.7929999999999,0.832643333333333,0.20964087960765782,0.43037974683544306,0,246.2630000000015,0.4198177440406316,-1000000000.0,0.691717791411043
C,15,25,prevDist>=0.25,110,247.74900000000002,0.8258300000000001,0.2661376319624639,0.44545454545454544,0,247.6920000000007,0.31809810123968557,-1000000000.0,0.9033742331288344
C,15,25,prevDist>=0.50,188,246.46600000000035,0.8215533333333345,0.26771033577067394,0.425531914893617,0,248.46100000000115,0.31598102616198026,-1000000000.0,0.8251533742331288
C,15,25,break>=0.05,123,247.71800000000007,0.8257266666666669,0.22598767669445396,0.37398373983739835,0,492.9599999999996,0.41564508792792565,-1000000000.0,0.48466257668711654
C,15,25,break<=0.25,101,249.9379999999992,0.833126666666664,0.24706130441331675,0.45544554455445546,0,244.46500000000037,0.19579384373468176,-1000000000.0,0.5774539877300614
C,15,25,asiaRatio>=0.80,45,248.35099999999943,0.8278366666666648,0.2210795383264349,0.4444444444444444,0,240.68400000000065,0.3235108942504433,-1000000000.0,0.6993865030674846
C,15,25,time>=13,141,247.3719999999994,0.8245733333333313,0.26025119617224934,0.4326241134751773,0,247.78400000000033,0.3652358360061064,-1000000000.0,1.0
C,15,25,LONG,69,243.45899999999983,0.8115299999999994,0.2853607847971961,0.4057971014492754,0,453.13300000000027,0.4569832281289935,-1000000000.0,0.5245398773006135
C,15,25,SHORT,132,246.50299999999925,0.8216766666666642,0.2571474205398513,0.4166666666666667,0,245.73099999999954,0.2860060901198279,-1000000000.0,0.4754601226993865
C,15,25,Mon-Wed,126,241.7009999999991,0.805669999999997,0.3330932810184862,0.4365079365079365,0,246.5179999999998,0.25639633443734594,-1000000000.0,0.5996932515337423
C,15,25,spread<=10%TP,141,247.3719999999994,0.8245733333333313,0.26025119617224934,0.4326241134751773,0,237.30300000000034,0.3987031612661273,-1000000000.0,0.9938650306748467
C,15,25,spread<=15%TP,141,247.3719999999994,0.8245733333333313,0.26025119617224934,0.4326241134751773,0,493.44100000000253,0.46528304824177075,-1000000000.0,0.9984662576687117
C,15,25,trend+mom,177,242.87099999999873,0.8095699999999958,0.35742802943114355,0.4180790960451977,1,229.60500000000002,0.4621662329266089,-1000000000.0,0.5115030674846626
C,15,25,trend+lowSpread,162,247.0639999999994,0.8235466666666647,0.253486102424182,0.3950617283950617,0,241.29700000000025,0.3913081865399989,-1000000000.0,0.6349693251533742
C,15,25,break+trend,132,248.53100000000063,0.8284366666666688,0.24248677184169848,0.3787878787878788,0,390.4409999999998,0.36306665075719124,-1000000000.0,0.39033742331288346
C,15,25,prevRoom+trend,105,247.7669999999996,0.8258899999999987,0.28929410448596177,0.3904761904761905,0,231.46700000000033,0.3898133063389369,-1000000000.0,0.43328220858895705
C,15,25,prevDist+trend,139,249.2909999999997,0.830969999999999,0.2371289552604196,0.38848920863309355,0,247.4370000000008,0.36434002980013186,-1000000000.0,0.5943251533742331
C,15,25,lowSpread+body,133,246.62899999999922,0.822096666666664,0.35254554093893736,0.40601503759398494,0,241.81900000000041,0.1981065128001052,-1000000000.0,0.6050613496932515
C,15,30,ALL,5,295.693,0.9856433333333333,0.040627484061450406,0.4,0,294.72299999999996,0.017590000000000147,-1000000000.0,1.0
C,15,30,spread<=0.5,5,295.693,0.9856433333333333,0.040627484061450406,0.4,0,290.54300000000035,0.09359118745378925,-1000000000.0,0.9440184049079755
C,15,30,spread<=0.75,5,295.693,0.9856433333333333,0.040627484061450406,0.4,0,290.54300000000035,0.09359118745378925,-1000000000.0,0.9754601226993865
C,15,30,spread<=1.0,5,295.693,0.9856433333333333,0.040627484061450406,0.4,0,290.54300000000035,0.09359118745378925,-1000000000.0,0.9846625766871165
C,15,30,spread<=1.25,5,295.693,0.9856433333333333,0.040627484061450406,0.4,0,294.72299999999996,0.017590000000000147,-1000000000.0,0.9900306748466258
C,15,30,body>=0.40,2,298.999,0.9966633333333335,0.012572406094991564,0.5,0,290.54300000000035,0.03653335986205007,-1000000000.0,0.6134969325153374
C,15,30,body>=0.60,2,298.999,0.9966633333333335,0.012572406094991564,0.5,0,271.5600000000002,0.09948269001193787,-1000000000.0,0.38650306748466257
C,15,30,trend>=2,1,296.8620000000001,0.9895400000000003,0.010459999999999733,0.0,0,294.72299999999996,0.017590000000000147,-1000000000.0,0.6441717791411042
C,15,30,mom>=0,1,296.193,0.9873099999999999,0.012690000000000055,0.0,0,289.9820000000002,0.09534134265917557,-1000000000.0,0.5575153374233128
C,15,30,mom>=0.15,1,296.193,0.9873099999999999,0.012690000000000055,0.0,0,294.5320000000004,0.08114667922868364,-1000000000.0,0.47162576687116564
C,15,30,emaAligned,1,296.8620000000001,0.9895400000000003,0.010459999999999733,0.0,0,292.0220000000006,0.08897714191231659,-1000000000.0,0.7032208588957055
C,15,30,prevRoom>=0,2,298.999,0.9966633333333335,0.012572406094991564,0.5,0,295.799,0.06863121701784665,-1000000000.0,0.691717791411043
C,15,30,prevDist>=0.25,4,299.5,0.9983333333333333,0.028275716626380676,0.5,0,290.54300000000035,0.09359118745378925,-1000000000.0,0.9033742331288344
C,15,30,prevDist>=0.50,4,299.5,0.9983333333333333,0.028275716626380676,0.5,0,290.54300000000035,0.09359118745378925,-1000000000.0,0.8251533742331288
C,15,30,break>=0.05,3,294.164,0.9805466666666667,0.03681947814242506,0.3333333333333333,0,485.5459999999998,0.40097960607087013,-1000000000.0,0.48466257668711654
C,15,30,break>=0.10,3,294.164,0.9805466666666667,0.03681947814242506,0.3333333333333333,0,391.8299999999999,0.4409895207009115,-1000000000.0,0.4601226993865031
C,15,30,break<=0.25,4,298.8309999999999,0.996103333333333,0.030446279382898355,0.5,0,288.9830000000002,0.036723333333332754,-1000000000.0,0.5774539877300614
C,15,30,asiaRatio>=0.80,1,293.971,0.9799033333333333,0.020096666666666655,0.0,0,290.54300000000035,0.09359118745378925,-1000000000.0,0.6993865030674846
C,15,30,time>=13,5,295.693,0.9856433333333333,0.040627484061450406,0.4,0,294.72299999999996,0.017590000000000147,-1000000000.0,1.0
C,15,30,LONG,2,299.8319999999999,0.9994399999999996,0.018260758523815607,0.5,0,290.54300000000035,0.09359118745378925,-1000000000.0,0.5245398773006135
C,15,30,SHORT,2,298.999,0.9966633333333335,0.012572406094991564,0.5,0,294.72299999999996,0.017590000000000147,-1000000000.0,0.4754601226993865
C,15,30,Mon-Wed,4,294.53099999999995,0.9817699999999998,0.044397579611634645,0.5,0,294.72299999999996,0.017590000000000147,-1000000000.0,0.5996932515337423
C,15,30,Thu-Fri,1,296.193,0.9873099999999999,0.012690000000000055,0.0,0,295.0160000000003,0.06805660854182416,-1000000000.0,0.4003067484662577
C,15,30,spread<=10%TP,5,295.693,0.9856433333333333,0.040627484061450406,0.4,0,294.72299999999996,0.017590000000000147,-1000000000.0,0.9938650306748467
C,15,30,spread<=15%TP,5,295.693,0.9856433333333333,0.040627484061450406,0.4,0,294.72299999999996,0.017590000000000147,-1000000000.0,0.9984662576687117
C,15,30,trend+mom,1,296.8620000000001,0.9895400000000003,0.010459999999999733,0.0,0,289.9820000000002,0.09534134265917557,-1000000000.0,0.5115030674846626
C,15,30,trend+lowSpread,1,296.8620000000001,0.9895400000000003,0.010459999999999733,0.0,0,289.9520000000002,0.09543493384662928,-1000000000.0,0.6349693251533742
C,15,30,break+trend,1,296.8620000000001,0.9895400000000003,0.010459999999999733,0.0,0,282.27600000000007,0.29830265787668164,-1000000000.0,0.39033742331288346
C,15,30,prevRoom+trend,1,296.8620000000001,0.9895400000000003,0.010459999999999733,0.0,0,293.366,0.069161037304506,-1000000000.0,0.43328220858895705
C,15,30,prevDist+trend,1,296.8620000000001,0.9895400000000003,0.010459999999999733,0.0,0,290.0390000000002,0.09516351940301332,-1000000000.0,0.5943251533742331
C,15,30,lowSpread+body,2,298.999,0.9966633333333335,0.012572406094991564,0.5,0,290.54300000000035,0.03653335986205007,-1000000000.0,0.6050613496932515
C,20,10,ALL,188,99.6459999999995,0.3321533333333317,0.7135777912555098,0.4095744680851064,0,93.6909999999989,0.819639089523049,-1000000000.0,1.0
C,20,10,spread<=0.5,192,96.4200000000003,0.321400000000001,0.7228505974435103,0.4114583333333333,0,97.66600000000335,0.8912491328636563,-1000000000.0,0.9440184049079755
C,20,10,spread<=0.75,192,96.4200000000003,0.321400000000001,0.7228505974435103,0.4114583333333333,0,97.7060000000015,0.8555918154999413,-1000000000.0,0.9754601226993865
C,20,10,spread<=1.0,192,96.4200000000003,0.321400000000001,0.7228505974435103,0.4114583333333333,0,93.21800000000098,0.8562457784206728,-1000000000.0,0.9846625766871165
C,20,10,spread<=1.25,188,99.6459999999995,0.3321533333333317,0.7135777912555098,0.4095744680851064,0,92.8159999999998,0.8213235180878756,-1000000000.0,0.9900306748466258
C,20,10,body>=0.40,192,97.22800000000029,0.3240933333333343,0.7373784847428967,0.40625,0,91.17199999999957,0.7007614546409366,-1000000000.0,0.6134969325153374
C,20,10,body>=0.60,74,94.8929999999998,0.3163099999999993,0.6923234052487216,0.33783783783783783,0,93.72699999999963,0.697730893517116,-1000000000.0,0.38650306748466257
C,20,10,trend>=2,212,96.98399999999856,0.3232799999999952,0.6783176888122354,0.3915094339622642,0,212.16499999999974,0.807514426839255,-1000000000.0,0.6441717791411042
C,20,10,mom>=0,387,98.32799999999679,0.3277599999999893,0.8266245135672255,0.42118863049095606,0,97.38399999999865,0.9265716918279122,-1000000000.0,0.5575153374233128
C,20,10,mom>=0.15,312,96.73299999999722,0.3224433333333241,0.7569980531306968,0.4198717948717949,1,99.03599999999983,0.8903672248525755,-1000000000.0,0.47162576687116564
C,20,10,emaAligned,257,97.51899999999932,0.3250633333333311,0.6921671001792997,0.4085603112840467,0,94.84100000000058,0.8704341993275866,-1000000000.0,0.7032208588957055
C,20,10,prevRoom>=0,155,98.35800000000017,0.3278600000000006,0.6810886524132829,0.4064516129032258,0,94.65600000000086,0.8021673476638814,-1000000000.0,0.691717791411043
C,20,10,prevDist>=0.25,179,97.26000000000136,0.32420000000000454,0.7389238595031307,0.40782122905027934,0,93.27200000000198,0.836897713084622,-1000000000.0,0.9033742331288344
C,20,10,prevDist>=0.50,270,96.93200000000206,0.32310666666667354,0.7247587109671101,0.4222222222222222,0,97.96000000000208,0.8286999311022555,-1000000000.0,0.8251533742331288
C,20,10,break>=0.05,610,98.53100000000245,0.3284366666666748,0.8174550682429105,0.419672131147541,2,95.95200000000273,0.9126987665261544,-1000000000.0,0.48466257668711654
C,20,10,break>=0.10,489,92.84600000000182,0.30948666666667274,0.8044890490198734,0.4171779141104294,2,98.46200000000294,0.9096889348720546,-1000000000.0,0.4601226993865031
C,20,10,break<=0.25,151,99.19499999999857,0.3306499999999952,0.7278294677865031,0.4370860927152318,0,90.97099999999978,0.7065451612903233,-1000000000.0,0.5774539877300614
C,20,10,asiaRatio>=0.80,253,99.19599999999946,0.3306533333333315,0.7091290821069068,0.43478260869565216,0,96.09700000000043,0.8266764303248155,-1000000000.0,0.6993865030674846
C,20,10,time>=13,188,99.6459999999995,0.3321533333333317,0.7135777912555098,0.4095744680851064,0,93.6909999999989,0.819639089523049,-1000000000.0,1.0
C,20,10,LONG,602,92.78900000000203,0.30929666666667344,0.7901669817550221,0.4318936877076412,2,96.25900000000297,0.8992297159224112,-1000000000.0,0.5245398773006135
C,20,10,SHORT,188,97.85699999999883,0.3261899999999961,0.6827130712215279,0.425531914893617,0,91.56499999999983,0.757516293136095,-1000000000.0,0.4754601226993865
C,20,10,Mon-Wed,143,90.20299999999975,0.3006766666666658,0.7453281120744908,0.40559440559440557,0,99.49499999999853,0.8043485955652764,-1000000000.0,0.5996932515337423
C,20,10,Thu-Fri,292,94.02199999999903,0.3134066666666634,0.7025702671496153,0.4246575342465753,0,270.3930000000014,0.7401428056205499,-1000000000.0,0.4003067484662577
C,20,10,spread<=10%TP,188,99.6459999999995,0.3321533333333317,0.7135777912555098,0.4095744680851064,0,96.64000000000078,0.8759702657193303,-1000000000.0,0.9969325153374233
C,20,10,spread<=15%TP,188,99.6459999999995,0.3321533333333317,0.7135777912555098,0.4095744680851064,0,94.77299999999946,0.8192445014075491,-1000000000.0,0.9984662576687117
C,20,10,trend+mom,317,95.06999999999834,0.31689999999999446,0.7790554720199713,0.416403785488959,0,93.80199999999877,0.8983682933171547,-1000000000.0,0.5115030674846626
C,20,10,trend+lowSpread,212,96.98399999999856,0.3232799999999952,0.6783176888122354,0.3915094339622642,0,210.79700000000093,0.8229598332012646,-1000000000.0,0.6349693251533742
C,20,10,break+trend,158,97.66400000000044,0.32554666666666815,0.6777233669038141,0.37341772151898733,0,97.2240000000022,0.8811364075379032,-1000000000.0,0.39033742331288346
C,20,10,prevRoom+trend,276,96.61099999999988,0.32203666666666625,0.7248608085209396,0.39855072463768115,0,98.39700000000062,0.7776283704227658,-1000000000.0,0.43328220858895705
C,20,10,prevDist+trend,199,94.52999999999952,0.3150999999999984,0.6849000000000016,0.38190954773869346,0,95.78899999999999,0.8434492835102766,-1000000000.0,0.5943251533742331
C,20,10,lowSpread+body,192,97.22800000000029,0.3240933333333343,0.7373784847428967,0.40625,0,98.57699999999977,0.676457266640411,-1000000000.0,0.6050613496932515
C,20,12,ALL,193,119.10299999999984,0.3970099999999995,0.6415345905892417,0.40932642487046633,0,116.58399999999824,0.7670263000657483,-1000000000.0,1.0
C,20,12,spread<=0.5,221,114.75599999999986,0.3825199999999995,0.6546177970131651,0.4072398190045249,0,110.952,0.8137836236600465,-1000000000.0,0.9440184049079755
C,20,12,spread<=0.75,221,114.75599999999986,0.3825199999999995,0.6546177970131651,0.4072398190045249,0,118.90299999999934,0.7752365721890168,-1000000000.0,0.9754601226993865
C,20,12,spread<=1.0,221,114.75599999999986,0.3825199999999995,0.6546177970131651,0.4072398190045249,0,109.76099999999929,0.7925177783574736,-1000000000.0,0.9846625766871165
C,20,12,spread<=1.25,193,119.10299999999984,0.3970099999999995,0.6415345905892417,0.40932642487046633,0,117.00099999999907,0.7585995592932202,-1000000000.0,0.9900306748466258
C,20,12,body>=0.40,290,117.13999999999828,0.3904666666666609,0.693505637204245,0.43448275862068964,0,118.31299999999942,0.609682633940356,-1000000000.0,0.6134969325153374
C,20,12,body>=0.60,79,119.0179999999998,0.396726666666666,0.6107138885436371,0.3291139240506329,0,113.79099999999949,0.6246008181578274,-1000000000.0,0.38650306748466257
C,20,12,trend>=2,212,114.07999999999925,0.38026666666666414,0.6197333333333358,0.3915094339622642,0,114.58599999999933,0.7868667065952922,-1000000000.0,0.6441717791411042
C,20,12,mom>=0,351,108.94999999999754,0.3631666666666585,0.7824489518811866,0.4358974358974359,1,110.93499999999904,0.8723560200990234,-1000000000.0,0.5575153374233128
C,20,12,mom>=0.15,289,110.29999999999836,0.3676666666666612,0.7241569029547501,0.43252595155709345,1,290.4849999999997,0.8352202254068654,-1000000000.0,0.47162576687116564
C,20,12,emaAligned,242,118.78299999999945,0.3959433333333315,0.6233893468611306,0.4049586776859504,0,116.81100000000083,0.8115200733195308,-1000000000.0,0.7032208588957055
C,20,12,prevRoom>=0,154,117.57900000000018,0.3919300000000006,0.6152670706647639,0.4090909090909091,0,117.44199999999887,0.716729418972344,-1000000000.0,0.691717791411043
C,20,12,prevDist>=0.25,203,112.39800000000082,0.3746600000000027,0.6845039269293581,0.4039408866995074,0,118.05099999999993,0.7539307176490941,-1000000000.0,0.9033742331288344
C,20,12,prevDist>=0.50,270,114.29700000000139,0.38099000000000466,0.6717433384837153,0.4222222222222222,0,118.98900000000026,0.7519755204305595,-1000000000.0,0.8251533742331288
C,20,12,break>=0.05,593,117.61099999999988,0.39203666666666626,0.743659657198655,0.4350758853288364,2,208.6939999999986,0.8569436280789556,-1000000000.0,0.48466257668711654
C,20,12,break>=0.10,560,114.9280000000008,0.38309333333333595,0.7889668874415388,0.4303571428571429,1,111.66200000000003,0.8543957584363797,-1000000000.0,0.4601226993865031
C,20,12,break<=0.25,150,117.80299999999875,0.3926766666666625,0.6610122182127943,0.44,0,116.86399999999912,0.6301772151898762,-1000000000.0,0.5774539877300614
C,20,12,asiaRatio>=0.80,253,113.24299999999926,0.3774766666666642,0.6646440416962826,0.43478260869565216,0,108.56400000000053,0.7649417572424535,-1000000000.0,0.6993865030674846
C,20,12,time>=13,193,119.10299999999984,0.3970099999999995,0.6415345905892417,0.40932642487046633,0,116.58399999999824,0.7670263000657483,-1000000000.0,1.0
C,20,12,LONG,444,116.44800000000168,0.3881600000000056,0.6854457050243065,0.44144144144144143,2,114.78299999999967,0.8393479471841142,-1000000000.0,0.5245398773006135
C,20,12,SHORT,184,114.44699999999784,0.38148999999999283,0.6255153593445355,0.42934782608695654,0,111.67699999999968,0.6512774554561189,-1000000000.0,0.4754601226993865
C,20,12,Mon-Wed,143,117.63799999999947,0.3921266666666649,0.6773983008550581,0.40559440559440557,0,110.9919999999961,0.740035741806445,-1000000000.0,0.5996932515337423
C,20,12,Thu-Fri,264,118.06199999999967,0.3935399999999989,0.6663539199782961,0.4356060606060606,0,114.12000000000057,0.7480360856836269,-1000000000.0,0.4003067484662577
C,20,12,spread<=10%TP,193,119.10299999999984,0.3970099999999995,0.6415345905892417,0.40932642487046633,0,115.83399999999824,0.807710248957079,-1000000000.0,0.9969325153374233
C,20,12,spread<=15%TP,193,119.10299999999984,0.3970099999999995,0.6415345905892417,0.40932642487046633,0,117.45099999999866,0.7959145020234636,-1000000000.0,0.9984662576687117
C,20,12,trend+mom,315,109.20199999999818,0.3640066666666606,0.7589647150229365,0.4222222222222222,1,115.06199999999876,0.8279320653027304,-1000000000.0,0.5115030674846626
C,20,12,trend+lowSpread,212,114.07999999999925,0.38026666666666414,0.6197333333333358,0.3915094339622642,0,113.03799999999933,0.8010524833679479,-1000000000.0,0.6349693251533742
C,20,12,break+trend,159,118.9830000000004,0.39661000000000135,0.6033899999999986,0.3710691823899371,0,116.08700000000022,0.8273355078704259,-1000000000.0,0.39033742331288346
C,20,12,prevRoom+trend,201,119.69000000000074,0.39896666666666913,0.6652608498665948,0.39303482587064675,0,118.61100000000101,0.6992553075501186,-1000000000.0,0.43328220858895705
C,20,12,prevDist+trend,196,119.90999999999985,0.3996999999999995,0.6003000000000005,0.3826530612244898,0,109.08199999999988,0.8056892046193393,-1000000000.0,0.5943251533742331
C,20,12,lowSpread+body,290,117.13999999999828,0.3904666666666609,0.693505637204245,0.43448275862068964,0,111.55599999999959,0.6319741356558477,-1000000000.0,0.6050613496932515
C,20,15,ALL,238,148.81499999999937,0.4960499999999979,0.549610488659684,0.40756302521008403,0,139.6629999999991,0.7062781023525027,-1000000000.0,1.0
C,20,15,spread<=0.5,267,148.87399999999934,0.49624666666666445,0.549431924797378,0.4157303370786517,0,145.91400000000226,0.8498912098595226,-1000000000.0,0.9440184049079755
C,20,15,spread<=0.75,266,149.67099999999937,0.4989033333333312,0.5470197994031755,0.41353383458646614,0,140.0049999999992,0.699756597077022,-1000000000.0,0.9754601226993865
C,20,15,spread<=1.0,266,149.67099999999937,0.4989033333333312,0.5470197994031755,0.41353383458646614,0,140.0939999999996,0.7056384934601051,-1000000000.0,0.9846625766871165
C,20,15,spread<=1.25,238,148.81499999999937,0.4960499999999979,0.549610488659684,0.40756302521008403,0,149.7079999999994,0.6378712709627964,-1000000000.0,0.9900306748466258
C,20,15,body>=0.40,290,144.90799999999786,0.4830266666666595,0.6637131996305512,0.4379310344827586,0,135.26699999999914,0.5547322474883822,-1000000000.0,0.6134969325153374
C,20,15,body>=0.60,179,138.57999999999856,0.46193333333332853,0.6197923096972481,0.40782122905027934,0,145.35299999999893,0.5589121575077477,-1000000000.0,0.38650306748466257
C,20,15,trend>=2,229,140.85499999999956,0.4695166666666652,0.5344036545619232,0.388646288209607,0,148.66000000000076,0.745989761675311,-1000000000.0,0.6441717791411042
C,20,15,mom>=0,472,149.2589999999982,0.497529999999994,0.768630514748627,0.451271186440678,1,147.81299999999828,0.8193224822272005,-1000000000.0,0.5575153374233128
C,20,15,mom>=0.15,615,296.8019999999974,0.9893399999999913,0.7372412656559035,0.47479674796747967,2,289.5389999999993,0.7687228151016586,-1000000000.0,0.47162576687116564
C,20,15,emaAligned,266,145.3200000000004,0.48440000000000133,0.529685907082867,0.40977443609022557,0,146.79400000000032,0.7480640643664268,-1000000000.0,0.7032208588957055
C,20,15,prevRoom>=0,173,148.32099999999946,0.49440333333333153,0.5246974901940692,0.4046242774566474,0,145.78400000000056,0.6522095941522791,-1000000000.0,0.691717791411043
C,20,15,prevDist>=0.25,248,143.90800000000058,0.4796933333333353,0.5820260877899721,0.4112903225806452,0,144.36599999999976,0.6733061778682966,-1000000000.0,0.9033742331288344
C,20,15,prevDist>=0.50,337,144.0270000000005,0.4800900000000017,0.560849109818975,0.4362017804154303,0,137.43800000000056,0.6889839330165184,-1000000000.0,0.8251533742331288
C,20,15,break>=0.05,617,140.128999999999,0.46709666666666333,0.6792505951290995,0.4554294975688817,1,238.4099999999969,0.8238862605801819,-1000000000.0,0.48466257668711654
C,20,15,break>=0.10,480,146.51800000000026,0.4883933333333342,0.7425629149894309,0.45,1,147.820999999999,0.8074377355393657,-1000000000.0,0.4601226993865031
C,20,15,break<=0.25,172,149.60799999999836,0.4986933333333278,0.5669949726636817,0.4418604651162791,0,290.88200000000074,0.5784280570148294,-1000000000.0,0.5774539877300614
C,20,15,asiaRatio>=0.80,282,143.282999999999,0.47760999999999665,0.5592797536841293,0.43617021276595747,0,147.0570000000016,0.6278507728593228,-1000000000.0,0.6993865030674846
C,20,15,time>=13,238,148.81499999999937,0.4960499999999979,0.549610488659684,0.40756302521008403,0,139.6629999999991,0.7062781023525027,-1000000000.0,1.0
C,20,15,LONG,623,145.039,0.4834633333333333,0.6890577768249562,0.47191011235955055,2,268.07700000000045,0.7640350506086788,-1000000000.0,0.5245398773006135
C,20,15,SHORT,185,143.54799999999864,0.4784933333333288,0.5448887648892125,0.42702702702702705,0,149.22499999999968,0.6149201196334619,-1000000000.0,0.4754601226993865
C,20,15,Mon-Wed,161,144.72799999999916,0.48242666666666384,0.6393601937659028,0.40372670807453415,0,146.57899999999813,0.7516510960431332,-1000000000.0,0.5996932515337423
C,20,15,Thu-Fri,522,255.06199999999967,0.8502066666666656,0.5826674995116284,0.47701149425287354,1,251.90500000000156,0.48446230627503095,-1000000000.0,0.4003067484662577
C,20,15,spread<=10%TP,238,148.81499999999937,0.4960499999999979,0.549610488659684,0.40756302521008403,0,149.6199999999992,0.7187308486199742,-1000000000.0,0.9969325153374233
C,20,15,spread<=15%TP,238,148.81499999999937,0.4960499999999979,0.549610488659684,0.40756302521008403,0,141.66699999999946,0.681913097365799,-1000000000.0,0.9984662576687117
C,20,15,trend+mom,500,149.08799999999837,0.4969599999999946,0.7110669677031779,0.45,1,146.2419999999995,0.7753975872157767,-1000000000.0,0.5115030674846626
C,20,15,trend+lowSpread,229,140.85499999999956,0.4695166666666652,0.5344036545619232,0.388646288209607,0,269.6109999999994,0.6780277446821439,-1000000000.0,0.6349693251533742
C,20,15,break+trend,475,138.9939999999997,0.4633133333333323,0.6835882189572995,0.4442105263157895,1,217.6889999999978,0.8073521412150803,-1000000000.0,0.39033742331288346
C,20,15,prevRoom+trend,144,149.5539999999994,0.49851333333333137,0.5618582222261301,0.375,0,149.8690000000015,0.6274676980745575,-1000000000.0,0.43328220858895705
C,20,15,prevDist+trend,214,148.90800000000013,0.4963600000000004,0.5106266206130468,0.38317757009345793,0,149.33899999999971,0.6822310787490883,-1000000000.0,0.5943251533742331
C,20,15,lowSpread+body,290,144.90799999999786,0.4830266666666595,0.6637131996305512,0.4379310344827586,0,145.18199999999933,0.521041171813146,-1000000000.0,0.6050613496932515
C,20,20,ALL,236,196.50199999999927,0.6550066666666642,0.4013009764940689,0.4110169491525424,0,188.36999999999944,0.49254181674178427,-1000000000.0,1.0
C,20,20,spread<=0.5,235,197.69599999999946,0.6589866666666648,0.3983450349526926,0.4127659574468085,0,444.66299999999865,0.655221811664262,-1000000000.0,0.9440184049079755
C,20,20,spread<=0.75,235,197.69599999999946,0.6589866666666648,0.3983450349526926,0.4127659574468085,0,192.44999999999982,0.4888174670633239,-1000000000.0,0.9754601226993865
C,20,20,spread<=1.0,235,197.69599999999946,0.6589866666666648,0.3983450349526926,0.4127659574468085,0,199.54600000000005,0.46996918827029316,-1000000000.0,0.9846625766871165
C,20,20,spread<=1.25,236,196.50199999999927,0.6550066666666642,0.4013009764940689,0.4110169491525424,0,198.67599999999948,0.4647780325051266,-1000000000.0,0.9900306748466258
C,20,20,body>=0.40,281,188.14299999999776,0.6271433333333258,0.5084672699912284,0.4377224199288256,0,182.36199999999985,0.3952712561347667,-1000000000.0,0.6134969325153374
C,20,20,body>=0.60,79,193.2759999999996,0.644253333333332,0.43661167142774,0.34177215189873417,0,191.01799999999912,0.3790556684274695,-1000000000.0,0.38650306748466257
C,20,20,trend>=2,210,199.90199999999936,0.6663399999999978,0.3514644622951249,0.3904761904761905,0,491.43499999999926,0.4692020834976058,-1000000000.0,0.6441717791411042
C,20,20,mom>=0,380,192.94199999999864,0.6431399999999955,0.5667505731614503,0.45789473684210524,1,191.5399999999995,0.6461239730038825,-1000000000.0,0.5575153374233128
C,20,20,mom>=0.15,172,198.63799999999856,0.6621266666666619,0.37753084330629294,0.4011627906976744,0,472.8279999999993,0.5102847301803681,-1000000000.0,0.47162576687116564
C,20,20,emaAligned,258,190.72799999999984,0.6357599999999994,0.41178357306752916,0.4069767441860465,0,187.72200000000043,0.583569216571869,-1000000000.0,0.7032208588957055
C,20,20,prevRoom>=0,157,195.8669999999995,0.6528899999999983,0.3799754354198466,0.40764331210191085,0,189.23099999999954,0.4838300518813119,-1000000000.0,0.691717791411043
C,20,20,prevDist>=0.25,203,198.81600000000003,0.6627200000000001,0.4011963062688619,0.4088669950738916,0,194.0150000000001,0.474671085586793,-1000000000.0,0.9033742331288344
C,20,20,prevDist>=0.50,324,181.0250000000001,0.6034166666666669,0.4480776852952835,0.4382716049382716,0,186.53100000000018,0.4949353001860168,-1000000000.0,0.8251533742331288
C,20,20,break<=0.25,151,192.97299999999836,0.6432433333333278,0.41866847416780056,0.44370860927152317,0,193.92600000000016,0.35357999999999945,-1000000000.0,0.5774539877300614
C,20,20,asiaRatio>=0.80,130,198.43699999999967,0.6614566666666656,0.37762827750595995,0.4307692307692308,0,189.66599999999994,0.4637492260149456,-1000000000.0,0.6993865030674846
C,20,20,time>=13,236,196.50199999999927,0.6550066666666642,0.4013009764940689,0.4110169491525424,0,188.36999999999944,0.49254181674178427,-1000000000.0,1.0
C,20,20,LONG,94,192.09799999999996,0.6403266666666665,0.4267442554461355,0.39361702127659576,0,194.17899999999736,0.6481952202278864,-1000000000.0,0.5245398773006135
C,20,20,SHORT,185,189.25199999999882,0.6308399999999961,0.44460161408657684,0.42702702702702705,0,182.4599999999998,0.49761002687343103,-1000000000.0,0.4754601226993865
C,20,20,Mon-Wed,142,196.2999999999995,0.6543333333333317,0.45307841902607404,0.4154929577464789,0,193.9379999999992,0.6530619911663544,-1000000000.0,0.5996932515337423
C,20,20,spread<=10%TP,236,196.50199999999927,0.6550066666666642,0.4013009764940689,0.4110169491525424,0,198.9919999999995,0.4786254021820023,-1000000000.0,0.9969325153374233
C,20,20,spread<=15%TP,236,196.50199999999927,0.6550066666666642,0.4013009764940689,0.4110169491525424,0,192.06399999999962,0.4874739819608272,-1000000000.0,0.9984662576687117
C,20,20,trend+mom,317,196.80899999999883,0.6560299999999961,0.5160402691165203,0.444794952681388,1,198.71799999999985,0.5569996410840601,-1000000000.0,0.5115030674846626
C,20,20,trend+lowSpread,210,199.90199999999936,0.6663399999999978,0.3514644622951249,0.3904761904761905,0,198.69700000000012,0.5202166422384751,-1000000000.0,0.6349693251533742
C,20,20,break+trend,159,182.27300000000037,0.6075766666666679,0.41820833971707116,0.3710691823899371,0,331.454999999999,0.46369035145992216,-1000000000.0,0.39033742331288346
C,20,20,prevRoom+trend,142,199.44399999999996,0.6648133333333331,0.41774635222953416,0.38028169014084506,0,197.81000000000017,0.4539361264551528,-1000000000.0,0.43328220858895705
C,20,20,prevDist+trend,192,197.82499999999982,0.6594166666666661,0.34938613887436276,0.3854166666666667,0,398.3489999999995,0.44417729261751376,-1000000000.0,0.5943251533742331
C,20,20,lowSpread+body,281,188.14299999999776,0.6271433333333258,0.5084672699912284,0.4377224199288256,0,182.36199999999985,0.3952712561347667,-1000000000.0,0.6050613496932515
C,20,25,ALL,118,244.6089999999997,0.8153633333333323,0.2648710866945363,0.4406779661016949,0,234.28800000000047,0.4169358571705873,-1000000000.0,1.0
C,20,25,spread<=0.5,117,245.80299999999988,0.819343333333333,0.26392403357519545,0.4444444444444444,0,244.5650000000005,0.3992493226463335,-1000000000.0,0.9440184049079755
C,20,25,spread<=0.75,117,245.80299999999988,0.819343333333333,0.26392403357519545,0.4444444444444444,0,245.25800000000004,0.39754703401383984,-1000000000.0,0.9754601226993865
C,20,25,spread<=1.0,117,245.80299999999988,0.819343333333333,0.26392403357519545,0.4444444444444444,0,232.08700000000044,0.4299003436510524,-1000000000.0,0.9846625766871165
C,20,25,spread<=1.25,118,244.6089999999997,0.8153633333333323,0.2648710866945363,0.4406779661016949,0,228.74400000000014,0.43073301113428347,-1000000000.0,0.9900306748466258
C,20,25,body>=0.40,183,249.0619999999999,0.8302066666666663,0.34931342222965456,0.41530054644808745,0,241.81900000000041,0.1981065128001052,-1000000000.0,0.6134969325153374
C,20,25,body>=0.60,58,233.88999999999965,0.7796333333333322,0.3182242173380764,0.3448275862068966,0,248.7320000000002,0.17518238493168836,-1000000000.0,0.38650306748466257
C,20,25,trend>=2,159,248.21499999999992,0.827383333333333,0.20846275025032862,0.389937106918239,0,236.6930000000002,0.44804290794613144,-1000000000.0,0.6441717791411042
C,20,25,mom>=0,203,239.96699999999896,0.7998899999999965,0.3126793723899732,0.42857142857142855,1,237.08699999999976,0.49672460347111413,-1000000000.0,0.5575153374233128
C,20,25,mom>=0.15,110,249.50799999999958,0.831693333333332,0.21812022700422712,0.39090909090909093,0,244.26,0.4648444004311744,-1000000000.0,0.47162576687116564
C,20,25,emaAligned,177,247.17399999999998,0.8239133333333333,0.23770077224840264,0.3954802259887006,0,241.94400000000064,0.43333067889581534,-1000000000.0,0.7032208588957055
C,20,25,prevRoom>=0,81,245.99699999999984,0.8199899999999994,0.22128698140562583,0.43209876543209874,0,246.8919999999996,0.3520830326330852,-1000000000.0,0.691717791411043
C,20,25,prevDist>=0.25,107,248.1380000000006,0.8271266666666687,0.2526459090060283,0.4392523364485981,0,237.40600000000063,0.40639595939390827,-1000000000.0,0.9033742331288344
C,20,25,prevDist>=0.50,104,245.44300000000067,0.8181433333333356,0.2516753559559728,0.4423076923076923,0,246.94200000000046,0.38255238285742826,-1000000000.0,0.8251533742331288
C,20,25,break>=0.05,62,248.22000000000048,0.8274000000000016,0.1953475254553767,0.3870967741935484,0,703.1569999999986,0.4403964463947686,-1000000000.0,0.48466257668711654
C,20,25,break<=0.25,105,240.21999999999935,0.8007333333333312,0.2763367977104996,0.4380952380952381,0,249.46500000000037,0.1926254842499418,-1000000000.0,0.5774539877300614
C,20,25,asiaRatio>=0.80,69,249.69799999999987,0.8323266666666662,0.2168548488269981,0.463768115942029,0,249.58700000000067,0.3201505770576995,-1000000000.0,0.6993865030674846
C,20,25,time>=13,118,244.6089999999997,0.8153633333333323,0.2648710866945363,0.4406779661016949,0,234.28800000000047,0.4169358571705873,-1000000000.0,1.0
C,20,25,LONG,69,231.59699999999998,0.77199,0.3088719785138763,0.391304347826087,0,408.22499999999945,0.5226284651791783,-1000000000.0,0.5245398773006135
C,20,25,SHORT,138,246.60499999999956,0.8220166666666652,0.27628760088041165,0.42028985507246375,0,246.26899999999955,0.3219167143927057,-1000000000.0,0.4754601226993865
C,20,25,Mon-Wed,115,249.82699999999954,0.8327566666666651,0.3141670418483108,0.43478260869565216,0,240.53799999999978,0.31380335370202395,-1000000000.0,0.5996932515337423
C,20,25,Thu-Fri,247,235.55499999999893,0.7851833333333298,0.3894058789983938,0.4574898785425101,2,236.5970000000002,0.32647942974914934,-1000000000.0,0.4003067484662577
C,20,25,spread<=10%TP,118,244.6089999999997,0.8153633333333323,0.2648710866945363,0.4406779661016949,0,247.587,0.3977143079554058,-1000000000.0,0.9969325153374233
C,20,25,spread<=15%TP,118,244.6089999999997,0.8153633333333323,0.2648710866945363,0.4406779661016949,0,247.5940000000005,0.3838216921920644,-1000000000.0,0.9984662576687117
C,20,25,trend+mom,177,232.570999999999,0.7752366666666634,0.3621148830078168,0.4124293785310734,1,238.84799999999996,0.46892336289836645,-1000000000.0,0.5115030674846626
C,20,25,trend+lowSpread,159,248.21499999999992,0.827383333333333,0.20846275025032862,0.389937106918239,0,245.548,0.43435413796757455,-1000000000.0,0.6349693251533742
C,20,25,break+trend,65,248.21399999999971,0.827379999999999,0.2077332618354532,0.36923076923076925,0,240.4789999999996,0.43411246732037784,-1000000000.0,0.39033742331288346
C,20,25,prevRoom+trend,103,246.43200000000002,0.8214400000000001,0.2805703308829974,0.39805825242718446,0,243.02700000000027,0.3488493597730058,-1000000000.0,0.43328220858895705
C,20,25,prevDist+trend,136,248.16499999999996,0.8272166666666666,0.19793865078262027,0.3897058823529412,0,235.98100000000045,0.4472775054281243,-1000000000.0,0.5943251533742331
C,20,25,lowSpread+body,183,249.0619999999999,0.8302066666666663,0.34931342222965456,0.41530054644808745,0,241.81900000000041,0.1981065128001052,-1000000000.0,0.6050613496932515
C,20,30,ALL,5,295.693,0.9856433333333333,0.040627484061450406,0.4,0,294.72299999999996,0.017590000000000147,-1000000000.0,1.0
C,20,30,spread<=0.5,5,295.693,0.9856433333333333,0.040627484061450406,0.4,0,298.06300000000056,0.098262555855062,-1000000000.0,0.9440184049079755
C,20,30,spread<=0.75,5,295.693,0.9856433333333333,0.040627484061450406,0.4,0,298.06300000000056,0.098262555855062,-1000000000.0,0.9754601226993865
C,20,30,spread<=1.0,5,295.693,0.9856433333333333,0.040627484061450406,0.4,0,298.06300000000056,0.098262555855062,-1000000000.0,0.9846625766871165
C,20,30,spread<=1.25,5,295.693,0.9856433333333333,0.040627484061450406,0.4,0,294.72299999999996,0.017590000000000147,-1000000000.0,0.9900306748466258
C,20,30,body>=0.40,2,298.999,0.9966633333333335,0.012572406094991564,0.5,0,290.54300000000035,0.03653335986205007,-1000000000.0,0.6134969325153374
C,20,30,body>=0.60,2,298.999,0.9966633333333335,0.012572406094991564,0.5,0,271.5600000000002,0.09948269001193787,-1000000000.0,0.38650306748466257
C,20,30,trend>=2,1,296.8620000000001,0.9895400000000003,0.010459999999999733,0.0,0,294.72299999999996,0.017590000000000147,-1000000000.0,0.6441717791411042
C,20,30,mom>=0,1,296.193,0.9873099999999999,0.012690000000000055,0.0,0,299.9820000000002,0.09245695718862634,-1000000000.0,0.5575153374233128
C,20,30,mom>=0.15,1,296.193,0.9873099999999999,0.012690000000000055,0.0,0,293.9220000000007,0.34710551042575893,-1000000000.0,0.47162576687116564
C,20,30,emaAligned,1,296.8620000000001,0.9895400000000003,0.010459999999999733,0.0,0,295.92500000000064,0.10473070069552123,-1000000000.0,0.7032208588957055
C,20,30,prevRoom>=0,2,298.999,0.9966633333333335,0.012572406094991564,0.5,0,294.81899999999996,0.07869062500000013,-1000000000.0,0.691717791411043
C,20,30,prevDist>=0.25,4,299.5,0.9983333333333333,0.028275716626380676,0.5,0,298.06300000000056,0.098262555855062,-1000000000.0,0.9033742331288344
C,20,30,prevDist>=0.50,4,299.5,0.9983333333333333,0.028275716626380676,0.5,0,298.06300000000056,0.098262555855062,-1000000000.0,0.8251533742331288
C,20,30,break>=0.05,3,294.164,0.9805466666666667,0.03681947814242506,0.3333333333333333,0,499.61899999999923,0.3947411343942207,-1000000000.0,0.48466257668711654
C,20,30,break>=0.10,3,294.164,0.9805466666666667,0.03681947814242506,0.3333333333333333,0,465.2389999999996,0.43104432359374206,-1000000000.0,0.4601226993865031
C,20,30,break<=0.25,4,298.8309999999999,0.996103333333333,0.030446279382898355,0.5,0,288.9830000000002,0.036723333333332754,-1000000000.0,0.5774539877300614
C,20,30,asiaRatio>=0.80,1,293.971,0.9799033333333333,0.020096666666666655,0.0,0,298.06300000000056,0.098262555855062,-1000000000.0,0.6993865030674846
C,20,30,time>=13,5,295.693,0.9856433333333333,0.040627484061450406,0.4,0,294.72299999999996,0.017590000000000147,-1000000000.0,1.0
C,20,30,LONG,2,299.8319999999999,0.9994399999999996,0.018260758523815607,0.5,0,294.23900000000026,0.10983139863799883,-1000000000.0,0.5245398773006135
C,20,30,SHORT,2,298.999,0.9966633333333335,0.012572406094991564,0.5,0,294.72299999999996,0.017590000000000147,-1000000000.0,0.4754601226993865
C,20,30,Mon-Wed,4,294.53099999999995,0.9817699999999998,0.044397579611634645,0.5,0,294.72299999999996,0.017590000000000147,-1000000000.0,0.5996932515337423
C,20,30,Thu-Fri,1,296.193,0.9873099999999999,0.012690000000000055,0.0,0,287.0660000000005,0.10727080482646992,-1000000000.0,0.4003067484662577
C,20,30,spread<=10%TP,5,295.693,0.9856433333333333,0.040627484061450406,0.4,0,294.72299999999996,0.017590000000000147,-1000000000.0,0.9969325153374233
C,20,30,spread<=15%TP,5,295.693,0.9856433333333333,0.040627484061450406,0.4,0,294.72299999999996,0.017590000000000147,-1000000000.0,0.9984662576687117
C,20,30,trend+mom,1,296.8620000000001,0.9895400000000003,0.010459999999999733,0.0,0,299.9820000000002,0.09245695718862634,-1000000000.0,0.5115030674846626
C,20,30,trend+lowSpread,1,296.8620000000001,0.9895400000000003,0.010459999999999733,0.0,0,299.9520000000002,0.09254771693849238,-1000000000.0,0.6349693251533742
C,20,30,break+trend,1,296.8620000000001,0.9895400000000003,0.010459999999999733,0.0,0,277.2729999999999,0.3475299970114767,-1000000000.0,0.39033742331288346
C,20,30,prevRoom+trend,1,296.8620000000001,0.9895400000000003,0.010459999999999733,0.0,0,298.366,0.06808094626799482,-1000000000.0,0.43328220858895705
C,20,30,prevDist+trend,1,296.8620000000001,0.9895400000000003,0.010459999999999733,0.0,0,293.94200000000023,0.11072992016167359,-1000000000.0,0.5943251533742331
C,20,30,lowSpread+body,2,298.999,0.9966633333333335,0.012572406094991564,0.5,0,290.54300000000035,0.03653335986205007,-1000000000.0,0.6050613496932515
C,25,10,ALL,176,99.4739999999997,0.33157999999999904,0.7140721876176718,0.42613636363636365,0,97.28300000000058,0.8853736963839856,-1000000000.0,1.0
C,25,10,spread<=0.5,181,93.91499999999996,0.3130499999999999,0.7300509630668675,0.4198895027624309,0,95.53100000000359,0.924193357684098,-1000000000.0,0.9440184049079755
C,25,10,spread<=0.75,181,93.91499999999996,0.3130499999999999,0.7300509630668675,0.4198895027624309,0,97.05700000000115,0.8856095258411883,-1000000000.0,0.9754601226993865
C,25,10,spread<=1.0,181,93.91499999999996,0.3130499999999999,0.7300509630668675,0.4198895027624309,0,95.93700000000104,0.8904753750256856,-1000000000.0,0.9846625766871165
C,25,10,spread<=1.25,176,99.4739999999997,0.33157999999999904,0.7140721876176718,0.42613636363636365,0,97.04600000000187,0.8856210074723596,-1000000000.0,0.9900306748466258
C,25,10,body>=0.40,187,96.70499999999947,0.32234999999999825,0.7224263334041363,0.40641711229946526,0,95.42999999999961,0.6867861362741254,-1000000000.0,0.6134969325153374
C,25,10,body>=0.60,74,94.8929999999998,0.3163099999999993,0.6923234052487216,0.33783783783783783,0,96.46700000000055,0.720534555483451,-1000000000.0,0.38650306748466257
C,25,10,trend>=2,213,95.82999999999902,0.31943333333333007,0.68056666666667,0.38967136150234744,0,198.38400000000183,0.8505434550349704,-1000000000.0,0.6441717791411042
C,25,10,mom>=0,387,91.03399999999806,0.3034466666666602,0.8019424150519797,0.4134366925064599,0,97.73900000000049,0.9132707570207566,-1000000000.0,0.5575153374233128
C,25,10,mom>=0.15,290,95.80299999999806,0.3193433333333269,0.7460651939969395,0.4206896551724138,1,92.59400000000142,0.8958428948102536,-1000000000.0,0.47162576687116564
C,25,10,emaAligned,241,99.54599999999937,0.3318199999999979,0.685768580014649,0.4066390041493776,0,94.4800000000007,0.895095422305324,-1000000000.0,0.7032208588957055
C,25,10,prevRoom>=0,153,98.2639999999999,0.3275466666666663,0.6813934335868858,0.4117647058823529,0,95.34100000000103,0.8077213178232016,-1000000000.0,0.691717791411043
C,25,10,prevDist>=0.25,169,94.80300000000125,0.3160100000000042,0.7455192129598531,0.41420118343195267,0,97.47100000000205,0.8325654820800319,-1000000000.0,0.9033742331288344
C,25,10,prevDist>=0.50,188,95.72000000000185,0.3190666666666728,0.7282002209154029,0.4148936170212766,0,99.91000000000122,0.828375797053648,-1000000000.0,0.8251533742331288
C,25,10,break>=0.05,534,91.6250000000025,0.305416666666675,0.854271572578718,0.40636704119850187,2,99.3910000000019,0.9138882126200697,-1000000000.0,0.48466257668711654
C,25,10,break>=0.10,490,94.62700000000223,0.31542333333334077,0.8639163367411627,0.41020408163265304,2,90.11900000000378,0.9374024072417275,-1000000000.0,0.4601226993865031
C,25,10,break<=0.25,151,97.78699999999822,0.32595666666666073,0.7316927281258016,0.4370860927152318,0,97.13900000000012,0.6964406249999996,-1000000000.0,0.5774539877300614
C,25,10,asiaRatio>=0.80,129,97.4340000000002,0.3247800000000007,0.7142957678334222,0.4263565891472868,0,99.9740000000013,0.8587822166222641,-1000000000.0,0.6993865030674846
C,25,10,time>=13,176,99.4739999999997,0.33157999999999904,0.7140721876176718,0.42613636363636365,0,97.28300000000058,0.8853736963839856,-1000000000.0,1.0
C,25,10,LONG,444,99.92100000000187,0.33307000000000625,0.7749369888438109,0.43243243243243246,2,99.1630000000041,0.9130422200747446,-1000000000.0,0.5245398773006135
C,25,10,SHORT,185,94.9669999999985,0.3165566666666617,0.692083471133337,0.42702702702702705,0,90.33799999999997,0.7125492804027078,-1000000000.0,0.4754601226993865
C,25,10,Mon-Wed,133,96.56799999999907,0.32189333333333026,0.70882117927302,0.41353383458646614,0,94.37699999999882,0.7650308596638449,-1000000000.0,0.5996932515337423
C,25,10,Thu-Fri,283,98.47699999999918,0.3282566666666639,0.7005767903456803,0.42402826855123676,0,192.32700000000182,0.8091899929217587,-1000000000.0,0.4003067484662577
C,25,10,spread<=10%TP,176,99.4739999999997,0.33157999999999904,0.7140721876176718,0.42613636363636365,0,95.88700000000085,0.890526207628811,-1000000000.0,0.9984662576687117
C,25,10,spread<=15%TP,176,99.4739999999997,0.33157999999999904,0.7140721876176718,0.42613636363636365,0,96.84100000000035,0.8319211196812013,-1000000000.0,0.9992331288343558
C,25,10,trend+mom,351,99.75899999999888,0.3325299999999963,0.7829008789816977,0.4017094017094017,0,97.13099999999872,0.9034925347330907,-1000000000.0,0.5115030674846626
C,25,10,trend+lowSpread,213,95.82999999999902,0.31943333333333007,0.68056666666667,0.38967136150234744,0,192.977000000001,0.8624942323509938,-1000000000.0,0.6349693251533742
C,25,10,break+trend,159,91.27300000000037,0.30424333333333453,0.6957566666666655,0.3710691823899371,0,97.18200000000365,0.9046133672025111,-1000000000.0,0.39033742331288346
C,25,10,prevRoom+trend,278,93.72900000000004,0.31243000000000015,0.7330684779358365,0.3920863309352518,0,90.3970000000013,0.8274586526440334,-1000000000.0,0.43328220858895705
C,25,10,prevDist+trend,195,98.18999999999937,0.3272999999999979,0.6727000000000021,0.38461538461538464,0,93.16400000000112,0.8670003411931465,-1000000000.0,0.5943251533742331
C,25,10,lowSpread+body,187,96.70499999999947,0.32234999999999825,0.7224263334041363,0.40641711229946526,0,91.99999999999977,0.6980438492844965,-1000000000.0,0.6050613496932515
C,25,12,ALL,184,116.0329999999999,0.3867766666666663,0.6507743982086216,0.41304347826086957,0,119.99299999999926,0.7515317923264413,-1000000000.0,1.0
C,25,12,spread<=0.5,183,117.22700000000009,0.390756666666667,0.6471808052778263,0.41530054644808745,0,113.66999999999894,0.7686582504156925,-1000000000.0,0.9440184049079755
C,25,12,spread<=0.75,183,117.22700000000009,0.390756666666667,0.6471808052778263,0.41530054644808745,0,115.22499999999945,0.765493506678526,-1000000000.0,0.9754601226993865
C,25,12,spread<=1.0,183,117.22700000000009,0.390756666666667,0.6471808052778263,0.41530054644808745,0,109.60999999999967,0.7769211826169077,-1000000000.0,0.9846625766871165
C,25,12,spread<=1.25,184,116.0329999999999,0.3867766666666663,0.6507743982086216,0.41304347826086957,0,113.73999999999955,0.7644798118157674,-1000000000.0,0.9900306748466258
C,25,12,body>=0.40,188,112.51499999999919,0.3750499999999973,0.691736347795595,0.40425531914893614,0,110.00399999999945,0.6370942201108494,-1000000000.0,0.6134969325153374
C,25,12,body>=0.60,79,119.0179999999998,0.396726666666666,0.6107138885436371,0.3291139240506329,0,108.27699999999959,0.6427916336764335,-1000000000.0,0.38650306748466257
C,25,12,trend>=2,209,117.40499999999929,0.39134999999999764,0.6086500000000024,0.3923444976076555,0,116.0119999999988,0.8123797171108189,-1000000000.0,0.6441717791411042
C,25,12,mom>=0,350,115.15599999999881,0.3838533333333294,0.7561344399008089,0.43142857142857144,0,118.44599999999991,0.8681240132626408,-1000000000.0,0.5575153374233128
C,25,12,mom>=0.15,289,109.95199999999909,0.36650666666666365,0.7307401267053438,0.42560553633217996,1,119.3850000000009,0.8367353357876239,-1000000000.0,0.47162576687116564
C,25,12,emaAligned,184,119.75800000000004,0.39919333333333346,0.6202980342422321,0.391304347826087,0,118.52000000000066,0.8385802910512293,-1000000000.0,0.7032208588957055
C,25,12,prevRoom>=0,152,117.4889999999998,0.39162999999999937,0.6155615617187814,0.4144736842105263,0,116.61599999999885,0.7173308641556383,-1000000000.0,0.691717791411043
C,25,12,prevDist>=0.25,178,114.80800000000113,0.3826933333333371,0.6777391665590639,0.4101123595505618,0,117.85200000000032,0.7567805180063969,-1000000000.0,0.9033742331288344
C,25,12,prevDist>=0.50,231,119.46000000000163,0.39820000000000544,0.6569153977380383,0.4199134199134199,0,111.25000000000045,0.7704055309049623,-1000000000.0,0.8251533742331288
C,25,12,break>=0.05,595,116.59600000000046,0.38865333333333485,0.8101855394187831,0.426890756302521,2,179.04199999999878,0.8749557467252592,-1000000000.0,0.48466257668711654
C,25,12,break>=0.10,321,108.91600000000085,0.36305333333333617,0.7273384987044833,0.4205607476635514,0,117.24099999999976,0.8558534744131037,-1000000000.0,0.4601226993865031
C,25,12,break<=0.25,137,118.58999999999901,0.3952999999999967,0.6587475612493331,0.4233576642335766,0,118.02899999999931,0.6379478527607383,-1000000000.0,0.5774539877300614
C,25,12,asiaRatio>=0.80,130,119.01699999999983,0.39672333333333276,0.647545013030088,0.4230769230769231,0,113.58400000000051,0.7462836260640937,-1000000000.0,0.6993865030674846
C,25,12,time>=13,184,116.0329999999999,0.3867766666666663,0.6507743982086216,0.41304347826086957,0,119.99299999999926,0.7515317923264413,-1000000000.0,1.0
C,25,12,LONG,449,119.84500000000116,0.3994833333333372,0.6763430231930055,0.43875278396436523,2,111.36399999999958,0.8534414234201041,-1000000000.0,0.5245398773006135
C,25,12,SHORT,182,113.48499999999763,0.3782833333333254,0.6286631414996872,0.42857142857142855,0,118.70999999999935,0.6043000000000022,-1000000000.0,0.4754601226993865
C,25,12,Mon-Wed,142,114.53199999999947,0.3817733333333316,0.6763681985668114,0.4084507042253521,0,116.17299999999545,0.8105339552482292,-1000000000.0,0.5996932515337423
C,25,12,Thu-Fri,267,118.27399999999943,0.3942466666666648,0.6784774476969254,0.4344569288389513,0,119.61300000000051,0.7621639140860804,-1000000000.0,0.4003067484662577
C,25,12,spread<=10%TP,184,116.0329999999999,0.3867766666666663,0.6507743982086216,0.41304347826086957,0,118.00399999999922,0.7556503931203437,-1000000000.0,0.9984662576687117
C,25,12,spread<=15%TP,184,116.0329999999999,0.3867766666666663,0.6507743982086216,0.41304347826086957,0,117.60199999999895,0.7564828101737121,-1000000000.0,0.9992331288343558
C,25,12,trend+mom,314,119.07299999999896,0.39690999999999654,0.7535628691703696,0.42038216560509556,0,118.59499999999889,0.8465238648628375,-1000000000.0,0.5115030674846626
C,25,12,trend+lowSpread,209,117.40499999999929,0.39134999999999764,0.6086500000000024,0.3923444976076555,0,114.72699999999872,0.8227544003571905,-1000000000.0,0.6349693251533742
C,25,12,break+trend,157,118.61500000000046,0.39538333333333486,0.6046166666666651,0.37579617834394907,0,113.23400000000083,0.8503870007901201,-1000000000.0,0.39033742331288346
C,25,12,prevRoom+trend,268,117.14600000000041,0.39048666666666804,0.6723756998786217,0.41044776119402987,0,111.02000000000089,0.7664536378285342,-1000000000.0,0.43328220858895705
C,25,12,prevDist+trend,180,119.61400000000049,0.398713333333335,0.6012866666666651,0.38333333333333336,0,113.67600000000039,0.8170490885125374,-1000000000.0,0.5943251533742331
C,25,12,lowSpread+body,188,112.51499999999919,0.3750499999999973,0.691736347795595,0.40425531914893614,0,119.55599999999959,0.6055819477434697,-1000000000.0,0.6050613496932515
C,25,15,ALL,236,142.7369999999994,0.475789999999998,0.5680055929833505,0.4110169491525424,0,145.52799999999866,0.8006378361791222,-1000000000.0,1.0
C,25,15,spread<=0.5,235,143.93099999999959,0.47976999999999864,0.5643919446512575,0.4127659574468085,0,148.09800000000064,0.88303494072295,-1000000000.0,0.9440184049079755
C,25,15,spread<=0.75,235,143.93099999999959,0.47976999999999864,0.5643919446512575,0.4127659574468085,0,137.04600000000028,0.725832878208629,-1000000000.0,0.9754601226993865
C,25,15,spread<=1.0,235,143.93099999999959,0.47976999999999864,0.5643919446512575,0.4127659574468085,0,146.13699999999972,0.6834758161808827,-1000000000.0,0.9846625766871165
C,25,15,spread<=1.25,236,142.7369999999994,0.475789999999998,0.5680055929833505,0.4110169491525424,0,143.05299999999966,0.615890856756206,-1000000000.0,0.9900306748466258
C,25,15,body>=0.40,290,144.0049999999976,0.4800166666666587,0.6612826592151496,0.4379310344827586,0,137.18499999999926,0.5635637705596049,-1000000000.0,0.6134969325153374
C,25,15,body>=0.60,178,146.9619999999984,0.489873333333328,0.6022517828869959,0.4101123595505618,0,149.02199999999903,0.5485713939511456,-1000000000.0,0.38650306748466257
C,25,15,trend>=2,227,148.4299999999996,0.49476666666666536,0.5093644843748978,0.3920704845814978,0,267.92000000000075,0.6387659069881427,-1000000000.0,0.6441717791411042
C,25,15,mom>=0,546,139.8339999999996,0.466113333333332,0.7359948948767524,0.44871794871794873,1,135.59700000000066,0.7920753820086013,-1000000000.0,0.5575153374233128
C,25,15,mom>=0.15,542,137.63899999999853,0.4587966666666618,0.7124889811708597,0.45202952029520294,1,147.66300000000047,0.7465017227438228,-1000000000.0,0.47162576687116564
C,25,15,emaAligned,258,140.88900000000035,0.46963000000000116,0.544026409048982,0.4069767441860465,0,145.8850000000018,0.7807233117040234,-1000000000.0,0.7032208588957055
C,25,15,prevRoom>=0,169,146.0189999999991,0.486729999999997,0.5320743712666983,0.40828402366863903,0,149.83099999999922,0.5901889992068068,-1000000000.0,0.691717791411043
C,25,15,prevDist>=0.25,215,148.26400000000058,0.4942133333333353,0.5693742938550492,0.40930232558139534,0,147.64999999999918,0.6699636770047519,-1000000000.0,0.9033742331288344
C,25,15,prevDist>=0.50,322,141.13100000000054,0.47043666666666845,0.5696792665115689,0.4409937888198758,0,147.87600000000134,0.6986697748724355,-1000000000.0,0.8251533742331288
C,25,15,break>=0.05,618,144.87499999999886,0.4829166666666629,0.7537638648577928,0.44660194174757284,1,222.63199999999733,0.8487848534659118,-1000000000.0,0.48466257668711654
C,25,15,break>=0.10,579,140.6509999999996,0.4688366666666654,0.7643725049043351,0.44559585492227977,1,135.19299999999862,0.8214519665073049,-1000000000.0,0.4601226993865031
C,25,15,break<=0.25,172,149.22899999999822,0.4974299999999941,0.568091898666038,0.4418604651162791,0,401.2050000000006,0.5466189500254385,-1000000000.0,0.5774539877300614
C,25,15,asiaRatio>=0.80,266,140.15999999999917,0.46719999999999723,0.5688857036519859,0.4398496240601504,0,136.4410000000014,0.6546077279815274,-1000000000.0,0.6993865030674846
C,25,15,time>=13,236,142.7369999999994,0.475789999999998,0.5680055929833505,0.4110169491525424,0,145.52799999999866,0.8006378361791222,-1000000000.0,1.0
C,25,15,LONG,625,149.91199999999958,0.49970666666666524,0.7172122643466984,0.4672,2,241.10499999999934,0.7974551721781841,-1000000000.0,0.5245398773006135
C,25,15,SHORT,184,147.87099999999828,0.4929033333333276,0.5297217531238817,0.42934782608695654,0,143.41799999999967,0.526579520697169,-1000000000.0,0.4754601226993865
C,25,15,Mon-Wed,142,146.80599999999959,0.489353333333332,0.5863629319696276,0.4154929577464789,0,140.95199999999727,0.8316910658419538,-1000000000.0,0.5996932515337423
C,25,15,Thu-Fri,522,229.74399999999946,0.7658133333333316,0.6256651427714905,0.4674329501915709,1,241.400000000001,0.6128554529118001,-1000000000.0,0.4003067484662577
C,25,15,spread<=10%TP,236,142.7369999999994,0.475789999999998,0.5680055929833505,0.4110169491525424,0,147.41099999999938,0.6041892661131831,-1000000000.0,0.9984662576687117
C,25,15,spread<=15%TP,236,142.7369999999994,0.475789999999998,0.5680055929833505,0.4110169491525424,0,149.70199999999954,0.7907202370966847,-1000000000.0,0.9992331288343558
C,25,15,trend+mom,499,146.69699999999943,0.4889899999999981,0.6797463242116302,0.44288577154308617,1,146.34899999999993,0.7647462585799483,-1000000000.0,0.5115030674846626
C,25,15,trend+lowSpread,227,148.4299999999996,0.49476666666666536,0.5093644843748978,0.3920704845814978,0,267.61100000000056,0.7047523298748352,-1000000000.0,0.6349693251533742
C,25,15,break+trend,475,136.84200000000033,0.4561400000000011,0.6890018158719476,0.4357894736842105,2,137.39799999999832,0.796546572115223,-1000000000.0,0.39033742331288346
C,25,15,prevRoom+trend,144,149.5539999999994,0.49851333333333137,0.5618582222261301,0.375,0,141.62199999999984,0.6352054484009233,-1000000000.0,0.43328220858895705
C,25,15,prevDist+trend,199,146.84899999999993,0.48949666666666647,0.5141343691479011,0.38190954773869346,0,240.35000000000127,0.8113121528970133,-1000000000.0,0.5943251533742331
C,25,15,lowSpread+body,290,144.0049999999976,0.4800166666666587,0.6612826592151496,0.4379310344827586,0,140.6979999999994,0.5358339931380336,-1000000000.0,0.6050613496932515
C,25,20,ALL,188,199.29099999999903,0.6643033333333301,0.3928034977072987,0.4148936170212766,0,198.77100000000019,0.46714901898759564,-1000000000.0,1.0
C,25,20,spread<=0.5,192,192.2289999999996,0.6407633333333319,0.4143198817848072,0.4166666666666667,0,659.4169999999974,0.6349687063482398,-1000000000.0,0.9440184049079755
C,25,20,spread<=0.75,192,192.2289999999996,0.6407633333333319,0.4143198817848072,0.4166666666666667,0,197.89599999999973,0.4768946102402798,-1000000000.0,0.9754601226993865
C,25,20,spread<=1.0,192,192.2289999999996,0.6407633333333319,0.4143198817848072,0.4166666666666667,0,190.10300000000007,0.4974941185800003,-1000000000.0,0.9846625766871165
C,25,20,spread<=1.25,188,199.29099999999903,0.6643033333333301,0.3928034977072987,0.4148936170212766,0,196.76499999999987,0.4725265593124471,-1000000000.0,0.9900306748466258
C,25,20,body>=0.40,265,189.45799999999804,0.6315266666666601,0.5045411871157437,0.4377358490566038,0,184.45499999999993,0.3883306804616003,-1000000000.0,0.6134969325153374
C,25,20,body>=0.60,79,198.2759999999996,0.6609199999999987,0.4303395966212736,0.34177215189873417,0,194.24999999999932,0.36973562964789625,-1000000000.0,0.38650306748466257
C,25,20,trend>=2,193,198.72599999999989,0.6624199999999996,0.35098221721451894,0.38860103626943004,0,450.12799999999925,0.437415260567255,-1000000000.0,0.6441717791411042
C,25,20,mom>=0,210,198.013999999999,0.6600466666666633,0.4230529413478647,0.4238095238095238,1,194.7670000000005,0.5832987449775557,-1000000000.0,0.5575153374233128
C,25,20,mom>=0.15,167,198.35499999999843,0.6611833333333281,0.37441653630721483,0.40119760479041916,0,384.5690000000002,0.5217087354885501,-1000000000.0,0.47162576687116564
C,25,20,emaAligned,239,198.48999999999933,0.6616333333333311,0.3764920965999072,0.4100418410041841,0,190.1460000000004,0.5853265989741436,-1000000000.0,0.7032208588957055
C,25,20,prevRoom>=0,157,194.65799999999922,0.6488599999999974,0.39163101194811023,0.40764331210191085,0,189.60199999999986,0.4661173966176531,-1000000000.0,0.691717791411043
C,25,20,prevDist>=0.25,178,192.36000000000035,0.6412000000000012,0.4206408009107822,0.4157303370786517,0,193.71300000000042,0.4780749614038481,-1000000000.0,0.9033742331288344
C,25,20,prevDist>=0.50,270,192.35100000000057,0.6411700000000019,0.4135461446995322,0.42592592592592593,0,195.58000000000038,0.4730446637621875,-1000000000.0,0.8251533742331288
C,25,20,break>=0.05,198,185.18700000000035,0.6172900000000012,0.3996810176315561,0.3939393939393939,0,450.6749999999977,0.5765319683249641,-1000000000.0,0.48466257668711654
C,25,20,break<=0.25,151,192.59399999999823,0.6419799999999941,0.4198102123813873,0.44370860927152317,0,189.4640000000004,0.3788065573770479,-1000000000.0,0.5774539877300614
C,25,20,asiaRatio>=0.80,129,188.32199999999966,0.6277399999999989,0.4093526533684616,0.43410852713178294,0,191.9250000000004,0.46340051835635643,-1000000000.0,0.6993865030674846
C,25,20,time>=13,188,199.29099999999903,0.6643033333333301,0.3928034977072987,0.4148936170212766,0,198.77100000000019,0.46714901898759564,-1000000000.0,1.0
C,25,20,LONG,94,191.71899999999982,0.6390633333333328,0.42787526111608515,0.39361702127659576,0,327.6339999999991,0.6491197464637255,-1000000000.0,0.5245398773006135
C,25,20,SHORT,182,193.72099999999864,0.6457366666666622,0.40221560489408337,0.42857142857142855,0,187.58599999999956,0.41123076391918745,-1000000000.0,0.4754601226993865
C,25,20,Mon-Wed,134,190.301999999999,0.6343399999999967,0.4692292888639754,0.417910447761194,0,196.00499999999965,0.40917681741316464,-1000000000.0,0.5996932515337423
C,25,20,spread<=10%TP,188,199.29099999999903,0.6643033333333301,0.3928034977072987,0.4148936170212766,0,180.3109999999997,0.5166352574705194,-1000000000.0,0.9984662576687117
C,25,20,spread<=15%TP,188,199.29099999999903,0.6643033333333301,0.3928034977072987,0.4148936170212766,0,196.6169999999995,0.4729233070532646,-1000000000.0,0.9992331288343558
C,25,20,trend+mom,429,187.56499999999846,0.6252166666666615,0.5277914845622473,0.4405594405594406,2,189.6929999999993,0.6017605478566299,-1000000000.0,0.5115030674846626
C,25,20,trend+lowSpread,193,198.72599999999989,0.6624199999999996,0.35098221721451894,0.38860103626943004,0,450.3520000000001,0.5214925800448529,-1000000000.0,0.6349693251533742
C,25,20,break+trend,156,194.81900000000041,0.6493966666666681,0.3740855568585228,0.3782051282051282,0,308.02599999999893,0.50272109135737,-1000000000.0,0.39033742331288346
C,25,20,prevRoom+trend,142,199.44399999999996,0.6648133333333331,0.41774635222953416,0.38028169014084506,0,194.80800000000045,0.45787276673902016,-1000000000.0,0.43328220858895705
C,25,20,prevDist+trend,170,191.3470000000002,0.6378233333333341,0.36643842419988054,0.38823529411764707,0,531.2229999999993,0.4816028210049811,-1000000000.0,0.5943251533742331
C,25,20,lowSpread+body,265,189.45799999999804,0.6315266666666601,0.5045411871157437,0.4377358490566038,0,184.45499999999993,0.3883306804616003,-1000000000.0,0.6050613496932515
C,25,25,ALL,117,247.80999999999972,0.8260333333333324,0.25440180043566685,0.4444444444444444,0,240.3740000000007,0.39689079130264493,-1000000000.0,1.0
C,25,25,spread<=0.5,116,249.0039999999999,0.830013333333333,0.253491146966944,0.4482758620689655,0,245.65100000000075,0.39170453279185696,-1000000000.0,0.9440184049079755
C,25,25,spread<=0.75,116,249.0039999999999,0.830013333333333,0.253491146966944,0.4482758620689655,0,245.65100000000075,0.39170453279185696,-1000000000.0,0.9754601226993865
C,25,25,spread<=1.0,116,249.0039999999999,0.830013333333333,0.253491146966944,0.4482758620689655,0,245.65100000000075,0.39170453279185696,-1000000000.0,0.9846625766871165
C,25,25,spread<=1.25,117,247.80999999999972,0.8260333333333324,0.25440180043566685,0.4444444444444444,0,240.3740000000007,0.39689079130264493,-1000000000.0,0.9900306748466258
C,25,25,body>=0.40,132,246.53199999999947,0.8217733333333316,0.35528480160255854,0.4090909090909091,0,241.81900000000041,0.1981065128001052,-1000000000.0,0.6134969325153374
C,25,25,body>=0.60,58,238.88999999999965,0.7962999999999988,0.3136528184795738,0.3448275862068966,0,248.7320000000002,0.17518238493168836,-1000000000.0,0.38650306748466257
C,25,25,trend>=2,109,248.75399999999968,0.8291799999999989,0.2015471280232385,0.4036697247706422,0,237.4970000000003,0.44970469042891087,-1000000000.0,0.6441717791411042
C,25,25,mom>=0,201,247.14199999999892,0.823806666666663,0.2799102590250885,0.42786069651741293,1,228.25800000000004,0.5106789373155062,-1000000000.0,0.5575153374233128
C,25,25,mom>=0.15,79,249.34899999999948,0.8311633333333316,0.21358871171216656,0.4050632911392405,0,248.70100000000048,0.4306543442478455,-1000000000.0,0.47162576687116564
C,25,25,emaAligned,159,246.01799999999957,0.8200599999999986,0.22719448144146157,0.4025157232704403,0,248.27900000000045,0.4222226876480631,-1000000000.0,0.7032208588957055
C,25,25,prevRoom>=0,81,245.6179999999997,0.8187266666666657,0.23236458759809775,0.43209876543209874,0,247.25000000000023,0.3265291669390505,-1000000000.0,0.691717791411043
C,25,25,prevDist>=0.25,104,248.74400000000014,0.8291466666666671,0.2508207287468902,0.4423076923076923,0,238.49200000000087,0.3987738103641246,-1000000000.0,0.9033742331288344
C,25,25,prevDist>=0.50,103,248.6440000000007,0.8288133333333356,0.2419159120704884,0.44660194174757284,0,240.4810000000009,0.3937596426302561,-1000000000.0,0.8251533742331288
C,25,25,break>=0.05,62,246.17900000000054,0.8205966666666685,0.2019638162480023,0.3870967741935484,0,684.1759999999988,0.45860044999177846,-1000000000.0,0.48466257668711654
C,25,25,break>=0.10,118,246.6800000000003,0.8222666666666676,0.2003397291891567,0.3813559322033898,0,382.6189999999997,0.5831500862125426,-1000000000.0,0.4601226993865031
C,25,25,break<=0.25,105,239.8409999999992,0.7994699999999973,0.27747853592408644,0.4380952380952381,0,248.3680000000004,0.2089762821554025,-1000000000.0,0.5774539877300614
C,25,25,asiaRatio>=0.80,69,249.31899999999973,0.8310633333333325,0.2180435328064239,0.463768115942029,0,227.54400000000078,0.3708205678386941,-1000000000.0,0.6993865030674846
C,25,25,time>=13,117,247.80999999999972,0.8260333333333324,0.25440180043566685,0.4444444444444444,0,240.3740000000007,0.39689079130264493,-1000000000.0,1.0
C,25,25,LONG,69,231.21799999999985,0.7707266666666661,0.310002984183826,0.391304347826087,0,537.167999999999,0.5245588609813968,-1000000000.0,0.5245398773006135
C,25,25,SHORT,128,246.80499999999938,0.8226833333333313,0.2384089611651993,0.4140625,0,243.6070000000002,0.23539972442538912,-1000000000.0,0.4754601226993865
C,25,25,Mon-Wed,103,247.01599999999962,0.8233866666666654,0.32117761185416516,0.4563106796116505,0,226.62400000000002,0.32498540502543594,-1000000000.0,0.5996932515337423
C,25,25,Thu-Fri,244,241.25699999999915,0.8041899999999972,0.3800825333525194,0.45491803278688525,2,233.25900000000024,0.3631744766356164,-1000000000.0,0.4003067484662577
C,25,25,spread<=10%TP,117,247.80999999999972,0.8260333333333324,0.25440180043566685,0.4444444444444444,0,240.3740000000007,0.39689079130264493,-1000000000.0,0.9984662576687117
C,25,25,spread<=15%TP,117,247.80999999999972,0.8260333333333324,0.25440180043566685,0.4444444444444444,0,240.3740000000007,0.39689079130264493,-1000000000.0,0.9992331288343558
C,25,25,trend+mom,175,239.74599999999896,0.7991533333333298,0.31887244874767184,0.4114285714285714,1,246.68900000000008,0.4548297344303522,-1000000000.0,0.5115030674846626
C,25,25,trend+lowSpread,109,248.75399999999968,0.8291799999999989,0.2015471280232385,0.4036697247706422,0,245.70600000000013,0.43756094657760636,-1000000000.0,0.6349693251533742
C,25,25,break+trend,65,246.17299999999977,0.820576666666666,0.2090954362178925,0.36923076923076925,0,248.54699999999957,0.4359178615684203,-1000000000.0,0.39033742331288346
C,25,25,prevRoom+trend,103,246.43200000000002,0.8214400000000001,0.2805703308829974,0.39805825242718446,0,242.56899999999996,0.33600952589510563,-1000000000.0,0.43328220858895705
C,25,25,prevDist+trend,102,249.73800000000028,0.832460000000001,0.1874951198563269,0.4019607843137255,0,491.3110000000006,0.4026330058948237,-1000000000.0,0.5943251533742331
C,25,25,lowSpread+body,132,246.53199999999947,0.8217733333333316,0.35528480160255854,0.4090909090909091,0,241.81900000000041,0.1981065128001052,-1000000000.0,0.6050613496932515
C,25,30,ALL,5,295.693,0.9856433333333333,0.040627484061450406,0.4,0,294.72299999999996,0.017590000000000147,-1000000000.0,1.0
C,25,30,spread<=0.5,5,295.693,0.9856433333333333,0.040627484061450406,0.4,0,295.49600000000055,0.1322799176609114,-1000000000.0,0.9440184049079755
C,25,30,spread<=0.75,5,295.693,0.9856433333333333,0.040627484061450406,0.4,0,295.49600000000055,0.1322799176609114,-1000000000.0,0.9754601226993865
C,25,30,spread<=1.0,5,295.693,0.9856433333333333,0.040627484061450406,0.4,0,295.49600000000055,0.1322799176609114,-1000000000.0,0.9846625766871165
C,25,30,spread<=1.25,5,295.693,0.9856433333333333,0.040627484061450406,0.4,0,294.72299999999996,0.017590000000000147,-1000000000.0,0.9900306748466258
C,25,30,body>=0.40,2,298.999,0.9966633333333335,0.012572406094991564,0.5,0,290.54300000000035,0.03653335986205007,-1000000000.0,0.6134969325153374
C,25,30,body>=0.60,2,298.999,0.9966633333333335,0.012572406094991564,0.5,0,271.5600000000002,0.09948269001193787,-1000000000.0,0.38650306748466257
C,25,30,trend>=2,1,296.8620000000001,0.9895400000000003,0.010459999999999733,0.0,0,294.72299999999996,0.017590000000000147,-1000000000.0,0.6441717791411042
C,25,30,mom>=0,1,296.193,0.9873099999999999,0.012690000000000055,0.0,0,289.4590000000005,0.38924453934708425,-1000000000.0,0.5575153374233128
C,25,30,mom>=0.15,1,296.193,0.9873099999999999,0.012690000000000055,0.0,0,297.43400000000065,0.32694905627501775,-1000000000.0,0.47162576687116564
C,25,30,emaAligned,1,296.8620000000001,0.9895400000000003,0.010459999999999733,0.0,0,290.8270000000007,0.3233654557552795,-1000000000.0,0.7032208588957055
C,25,30,prevRoom>=0,2,298.999,0.9966633333333335,0.012572406094991564,0.5,0,299.81899999999996,0.07748000000000012,-1000000000.0,0.691717791411043
C,25,30,prevDist>=0.25,4,299.5,0.9983333333333333,0.028275716626380676,0.5,0,295.49600000000055,0.1322799176609114,-1000000000.0,0.9033742331288344
C,25,30,prevDist>=0.50,4,299.5,0.9983333333333333,0.028275716626380676,0.5,0,295.49600000000055,0.1322799176609114,-1000000000.0,0.8251533742331288
C,25,30,break>=0.05,3,294.164,0.9805466666666667,0.03681947814242506,0.3333333333333333,0,523.2719999999997,0.41994800467958016,-1000000000.0,0.48466257668711654
C,25,30,break>=0.10,3,294.164,0.9805466666666667,0.03681947814242506,0.3333333333333333,0,452.3289999999995,0.4522626633545755,-1000000000.0,0.4601226993865031
C,25,30,break<=0.25,4,298.8309999999999,0.996103333333333,0.030446279382898355,0.5,0,288.9830000000002,0.036723333333332754,-1000000000.0,0.5774539877300614
C,25,30,asiaRatio>=0.80,1,293.971,0.9799033333333333,0.020096666666666655,0.0,0,295.49600000000055,0.1322799176609114,-1000000000.0,0.6993865030674846
C,25,30,time>=13,5,295.693,0.9856433333333333,0.040627484061450406,0.4,0,294.72299999999996,0.017590000000000147,-1000000000.0,1.0
C,25,30,LONG,2,299.8319999999999,0.9994399999999996,0.018260758523815607,0.5,0,290.41400000000067,0.26449910346154865,-1000000000.0,0.5245398773006135
C,25,30,SHORT,2,298.999,0.9966633333333335,0.012572406094991564,0.5,0,294.72299999999996,0.017590000000000147,-1000000000.0,0.4754601226993865
C,25,30,Mon-Wed,4,294.53099999999995,0.9817699999999998,0.044397579611634645,0.5,0,294.72299999999996,0.017590000000000147,-1000000000.0,0.5996932515337423
C,25,30,Thu-Fri,1,296.193,0.9873099999999999,0.012690000000000055,0.0,0,292.0660000000005,0.10562836844683877,-1000000000.0,0.4003067484662577
C,25,30,spread<=10%TP,5,295.693,0.9856433333333333,0.040627484061450406,0.4,0,294.72299999999996,0.017590000000000147,-1000000000.0,0.9984662576687117
C,25,30,spread<=15%TP,5,295.693,0.9856433333333333,0.040627484061450406,0.4,0,294.72299999999996,0.017590000000000147,-1000000000.0,0.9992331288343558
C,25,30,trend+mom,1,296.8620000000001,0.9895400000000003,0.010459999999999733,0.0,0,296.44700000000057,0.36330932161527035,-1000000000.0,0.5115030674846626
C,25,30,trend+lowSpread,1,296.8620000000001,0.9895400000000003,0.010459999999999733,0.0,0,285.61600000000044,0.35374854624195007,-1000000000.0,0.6349693251533742
C,25,30,break+trend,1,296.8620000000001,0.9895400000000003,0.010459999999999733,0.0,0,297.0419999999999,0.32585753775344883,-1000000000.0,0.39033742331288346
C,25,30,prevRoom+trend,1,296.8620000000001,0.9895400000000003,0.010459999999999733,0.0,0,293.7260000000001,0.20704605582851884,-1000000000.0,0.43328220858895705
C,25,30,prevDist+trend,1,296.8620000000001,0.9895400000000003,0.010459999999999733,0.0,0,284.79900000000043,0.34498699399032623,-1000000000.0,0.5943251533742331
C,25,30,lowSpread+body,2,298.999,0.9966633333333335,0.012572406094991564,0.5,0,290.54300000000035,0.03653335986205007,-1000000000.0,0.6050613496932515
C,30,10,ALL,176,99.4739999999997,0.33157999999999904,0.7140721876176718,0.42613636363636365,0,90.90600000000018,0.9230828458991647,-1000000000.0,1.0
C,30,10,spread<=0.5,181,93.91499999999996,0.3130499999999999,0.7300509630668675,0.4198895027624309,0,93.9930000000038,0.934332668926068,-1000000000.0,0.9440184049079755
C,30,10,spread<=0.75,181,93.91499999999996,0.3130499999999999,0.7300509630668675,0.4198895027624309,0,96.3920000000021,0.9491405409911654,-1000000000.0,0.9754601226993865
C,30,10,spread<=1.0,181,93.91499999999996,0.3130499999999999,0.7300509630668675,0.4198895027624309,0,93.14800000000173,0.9011595826860537,-1000000000.0,0.9846625766871165
C,30,10,spread<=1.25,176,99.4739999999997,0.33157999999999904,0.7140721876176718,0.42613636363636365,0,90.2580000000014,0.9044007757414493,-1000000000.0,0.9900306748466258
C,30,10,body>=0.40,187,96.70499999999947,0.32234999999999825,0.7224263334041363,0.40641711229946526,0,90.2639999999999,0.7037416305632147,-1000000000.0,0.6134969325153374
C,30,10,body>=0.60,74,94.8929999999998,0.3163099999999993,0.6923234052487216,0.33783783783783783,0,98.16000000000054,0.7214070420216708,-1000000000.0,0.38650306748466257
C,30,10,trend>=2,213,95.82999999999902,0.31943333333333007,0.68056666666667,0.38967136150234744,0,210.99500000000262,0.8786135316141467,-1000000000.0,0.6441717791411042
C,30,10,mom>=0,391,98.17799999999829,0.32725999999999433,0.8392985166973869,0.4092071611253197,0,98.36700000000155,0.9222205265950326,-1000000000.0,0.5575153374233128
C,30,10,mom>=0.15,294,96.47799999999847,0.32159333333332824,0.7618138860840461,0.41836734693877553,1,97.65500000000179,0.8982860011623842,-1000000000.0,0.47162576687116564
C,30,10,emaAligned,241,99.54599999999937,0.3318199999999979,0.685768580014649,0.4066390041493776,0,92.3820000000012,0.907722826868676,-1000000000.0,0.7032208588957055
C,30,10,prevRoom>=0,153,98.2639999999999,0.3275466666666663,0.6813934335868858,0.4117647058823529,0,99.62000000000171,0.8057601229158955,-1000000000.0,0.691717791411043
C,30,10,prevDist>=0.25,169,94.80300000000125,0.3160100000000042,0.7455192129598531,0.41420118343195267,0,94.47000000000276,0.8812265835198236,-1000000000.0,0.9033742331288344
C,30,10,prevDist>=0.50,188,95.72000000000185,0.3190666666666728,0.7282002209154029,0.4148936170212766,0,95.55900000000406,0.8798574266388344,-1000000000.0,0.8251533742331288
C,30,10,break>=0.05,595,97.08800000000247,0.3236266666666749,0.8650310842221132,0.41008403361344536,2,164.08900000000563,0.950537838234245,-1000000000.0,0.48466257668711654
C,30,10,break>=0.10,505,97.56900000000246,0.3252300000000082,0.8740152701720288,0.403960396039604,2,97.49900000000275,0.9326112409749958,-1000000000.0,0.4601226993865031
C,30,10,break<=0.25,151,97.78699999999822,0.32595666666666073,0.7316927281258016,0.4370860927152318,0,98.10100000000034,0.7072048947918218,-1000000000.0,0.5774539877300614
C,30,10,asiaRatio>=0.80,129,97.4340000000002,0.3247800000000007,0.7142957678334222,0.4263565891472868,0,97.9010000000012,0.8358800444577794,-1000000000.0,0.6993865030674846
C,30,10,time>=13,176,99.4739999999997,0.33157999999999904,0.7140721876176718,0.42613636363636365,0,90.90600000000018,0.9230828458991647,-1000000000.0,1.0
C,30,10,LONG,442,99.10800000000154,0.33036000000000515,0.7508772635410238,0.4298642533936652,2,96.33200000000602,0.9074975105603076,-1000000000.0,0.5245398773006135
C,30,10,SHORT,185,94.9669999999985,0.3165566666666617,0.692083471133337,0.42702702702702705,0,96.31399999999985,0.7118702377996438,-1000000000.0,0.4754601226993865
C,30,10,Mon-Wed,133,96.56799999999907,0.32189333333333026,0.70882117927302,0.41353383458646614,0,96.08699999999726,0.8694118798263701,-1000000000.0,0.5996932515337423
C,30,10,Thu-Fri,282,99.93299999999908,0.33310999999999696,0.6972727190109952,0.425531914893617,0,272.54900000000134,0.8383307693190811,-1000000000.0,0.4003067484662577
C,30,10,spread<=10%TP,176,99.4739999999997,0.33157999999999904,0.7140721876176718,0.42613636363636365,0,91.70700000000079,0.9015329409983597,-1000000000.0,0.9984662576687117
C,30,10,spread<=15%TP,176,99.4739999999997,0.33157999999999904,0.7140721876176718,0.42613636363636365,0,90.90600000000018,0.9230828458991647,-1000000000.0,0.9992331288343558
C,30,10,trend+mom,316,99.99399999999878,0.33331333333332924,0.7944523470839281,0.41139240506329117,0,91.84199999999987,0.9218682474163659,-1000000000.0,0.5115030674846626
C,30,10,trend+lowSpread,213,95.82999999999902,0.31943333333333007,0.68056666666667,0.38967136150234744,0,216.65000000000327,0.8624705037966682,-1000000000.0,0.6349693251533742
C,30,10,break+trend,159,91.27300000000037,0.30424333333333453,0.6957566666666655,0.3710691823899371,0,185.01600000000758,0.9358776794183891,-1000000000.0,0.39033742331288346
C,30,10,prevRoom+trend,254,97.3639999999998,0.32454666666666604,0.7227163341734666,0.39763779527559057,0,94.72900000000186,0.8468452009480697,-1000000000.0,0.43328220858895705
C,30,10,prevDist+trend,195,98.18999999999937,0.3272999999999979,0.6727000000000021,0.38461538461538464,0,98.68400000000247,0.8940590445517955,-1000000000.0,0.5943251533742331
C,30,10,lowSpread+body,187,96.70499999999947,0.32234999999999825,0.7224263334041363,0.40641711229946526,0,99.60899999999992,0.67307010634108,-1000000000.0,0.6050613496932515
C,30,12,ALL,184,116.0329999999999,0.3867766666666663,0.6507743982086216,0.41304347826086957,0,113.01899999999841,0.823057521687468,-1000000000.0,1.0
C,30,12,spread<=0.5,183,117.22700000000009,0.390756666666667,0.6471808052778263,0.41530054644808745,0,113.62899999999513,0.8782968477717249,-1000000000.0,0.9440184049079755
C,30,12,spread<=0.75,183,117.22700000000009,0.390756666666667,0.6471808052778263,0.41530054644808745,0,209.09299999999484,0.8694923198767365,-1000000000.0,0.9754601226993865
C,30,12,spread<=1.0,183,117.22700000000009,0.390756666666667,0.6471808052778263,0.41530054644808745,0,114.47599999999989,0.8263489222274473,-1000000000.0,0.9846625766871165
C,30,12,spread<=1.25,184,116.0329999999999,0.3867766666666663,0.6507743982086216,0.41304347826086957,0,111.86099999999942,0.8248704857898379,-1000000000.0,0.9900306748466258
C,30,12,body>=0.40,188,112.51499999999919,0.3750499999999973,0.691736347795595,0.40425531914893614,0,111.8299999999997,0.6310702032198483,-1000000000.0,0.6134969325153374
C,30,12,body>=0.60,79,119.0179999999998,0.396726666666666,0.6107138885436371,0.3291139240506329,0,118.92299999999977,0.607670229612036,-1000000000.0,0.38650306748466257
C,30,12,trend>=2,209,117.40499999999929,0.39134999999999764,0.6086500000000024,0.3923444976076555,0,117.0939999999996,0.8503797558931168,-1000000000.0,0.6441717791411042
C,30,12,mom>=0,351,116.26999999999884,0.38756666666666284,0.7751372635479477,0.42735042735042733,0,119.39500000000021,0.878613903865099,-1000000000.0,0.5575153374233128
C,30,12,mom>=0.15,291,112.4739999999988,0.3749133333333293,0.7580298864521368,0.422680412371134,1,110.93700000000194,0.8585703412940106,-1000000000.0,0.47162576687116564
C,30,12,emaAligned,184,119.75800000000004,0.39919333333333346,0.6202980342422321,0.391304347826087,0,112.43800000000078,0.8598669435145548,-1000000000.0,0.7032208588957055
C,30,12,prevRoom>=0,152,117.4889999999998,0.39162999999999937,0.6155615617187814,0.4144736842105263,0,108.49399999999923,0.7357369206899004,-1000000000.0,0.691717791411043
C,30,12,prevDist>=0.25,178,114.80800000000113,0.3826933333333371,0.6777391665590639,0.4101123595505618,0,116.93600000000038,0.8166187314362059,-1000000000.0,0.9033742331288344
C,30,12,prevDist>=0.50,231,119.46000000000163,0.39820000000000544,0.6569153977380383,0.4199134199134199,0,119.85700000000088,0.8120379634479479,-1000000000.0,0.8251533742331288
C,30,12,break>=0.05,620,109.7699999999993,0.36589999999999767,0.8630066892971259,0.4258064516129032,2,202.54599999999868,0.8665787725960523,-1000000000.0,0.48466257668711654
C,30,12,break>=0.10,310,117.25300000000084,0.39084333333333615,0.7167439309863327,0.42258064516129035,0,114.7089999999996,0.8672804224478659,-1000000000.0,0.4601226993865031
C,30,12,break<=0.25,137,118.58999999999901,0.3952999999999967,0.6587475612493331,0.4233576642335766,0,109.85999999999945,0.673035714285716,-1000000000.0,0.5774539877300614
C,30,12,asiaRatio>=0.80,130,119.01699999999983,0.39672333333333276,0.647545013030088,0.4230769230769231,0,112.44600000000128,0.7632391800983269,-1000000000.0,0.6993865030674846
C,30,12,time>=13,184,116.0329999999999,0.3867766666666663,0.6507743982086216,0.41304347826086957,0,113.01899999999841,0.823057521687468,-1000000000.0,1.0
C,30,12,LONG,442,114.44800000000214,0.38149333333334046,0.6908481901674711,0.43665158371040724,2,112.76799999999889,0.8375824020717015,-1000000000.0,0.5245398773006135
C,30,12,SHORT,182,113.48499999999763,0.3782833333333254,0.6286631414996872,0.42857142857142855,0,119.03599999999938,0.6032133333333354,-1000000000.0,0.4754601226993865
C,30,12,Mon-Wed,142,114.53199999999947,0.3817733333333316,0.6763681985668114,0.4084507042253521,0,118.57399999999507,0.8104099145698268,-1000000000.0,0.5996932515337423
C,30,12,Thu-Fri,280,117.04799999999977,0.39015999999999923,0.6776212142912226,0.4357142857142857,0,117.4150000000011,0.7840433182452711,-1000000000.0,0.4003067484662577
C,30,12,spread<=10%TP,184,116.0329999999999,0.3867766666666663,0.6507743982086216,0.41304347826086957,0,119.98599999999897,0.8121499906846851,-1000000000.0,0.9984662576687117
C,30,12,spread<=15%TP,184,116.0329999999999,0.3867766666666663,0.6507743982086216,0.41304347826086957,0,118.0709999999981,0.8151481135310088,-1000000000.0,0.9992331288343558
C,30,12,trend+mom,315,117.11699999999905,0.39038999999999685,0.7873661926825386,0.4158730158730159,0,118.7009999999998,0.8770774716074136,-1000000000.0,0.5115030674846626
C,30,12,trend+lowSpread,209,117.40499999999929,0.39134999999999764,0.6086500000000024,0.3923444976076555,0,279.97500000000105,0.820600885717016,-1000000000.0,0.6349693251533742
C,30,12,break+trend,157,118.61500000000046,0.39538333333333486,0.6046166666666651,0.37579617834394907,0,118.59700000000134,0.853024718744654,-1000000000.0,0.39033742331288346
C,30,12,prevRoom+trend,208,117.89300000000094,0.3929766666666698,0.6702865517029192,0.3894230769230769,0,108.02200000000016,0.793670803870558,-1000000000.0,0.43328220858895705
C,30,12,prevDist+trend,180,119.61400000000049,0.398713333333335,0.6012866666666651,0.38333333333333336,0,210.48500000000058,0.8251344715107607,-1000000000.0,0.5943251533742331
C,30,12,lowSpread+body,188,112.51499999999919,0.3750499999999973,0.691736347795595,0.40425531914893614,0,114.66399999999976,0.6217207706518882,-1000000000.0,0.6050613496932515
C,30,15,ALL,237,141.35799999999904,0.47119333333333013,0.5721791449514886,0.4092827004219409,0,147.46299999999974,0.6119027065722022,-1000000000.0,1.0
C,30,15,spread<=0.5,236,143.7459999999994,0.4791533333333314,0.5649518482873025,0.4110169491525424,0,282.95199999999954,0.8656512688680869,-1000000000.0,0.9440184049079755
C,30,15,spread<=0.75,236,143.7459999999994,0.4791533333333314,0.5649518482873025,0.4110169491525424,0,273.55499999999756,0.860603796024565,-1000000000.0,0.9754601226993865
C,30,15,spread<=1.0,236,143.7459999999994,0.4791533333333314,0.5649518482873025,0.4110169491525424,0,146.79099999999812,0.8625340057218601,-1000000000.0,0.9846625766871165
C,30,15,spread<=1.25,237,141.35799999999904,0.47119333333333013,0.5721791449514886,0.4092827004219409,0,142.62199999999984,0.6246433872682678,-1000000000.0,0.9900306748466258
C,30,15,body>=0.40,291,149.77399999999784,0.49924666666665946,0.6435123697451842,0.436426116838488,0,143.46999999999957,0.5282997156055315,-1000000000.0,0.6134969325153374
C,30,15,body>=0.60,178,147.79599999999868,0.49265333333332895,0.5944961931545412,0.4101123595505618,0,135.78699999999935,0.5921871433548382,-1000000000.0,0.38650306748466257
C,30,15,trend>=2,227,148.4299999999996,0.49476666666666536,0.5093644843748978,0.3920704845814978,0,381.3060000000021,0.7397175068031615,-1000000000.0,0.6441717791411042
C,30,15,mom>=0,546,149.30000000000064,0.4976666666666688,0.7280950811252804,0.44871794871794873,1,147.83100000000195,0.815761432422426,-1000000000.0,0.5575153374233128
C,30,15,emaAligned,258,140.88900000000035,0.46963000000000116,0.544026409048982,0.4069767441860465,0,285.4970000000028,0.7961473063924637,-1000000000.0,0.7032208588957055
C,30,15,prevRoom>=0,169,149.59299999999917,0.49864333333333055,0.520621298741254,0.40828402366863903,0,148.27899999999954,0.6146795904578773,-1000000000.0,0.691717791411043
C,30,15,prevDist>=0.25,203,149.57000000000062,0.4985666666666687,0.5655810792363601,0.4088669950738916,0,147.27599999999984,0.83490311168108,-1000000000.0,0.9033742331288344
C,30,15,prevDist>=0.50,322,147.6340000000007,0.4921133333333357,0.5498510520875562,0.4409937888198758,0,143.89400000000114,0.8210309247577158,-1000000000.0,0.8251533742331288
C,30,15,break>=0.05,618,144.0369999999989,0.4801233333333297,0.7645030492291112,0.44660194174757284,2,266.2689999999968,0.826246514076106,-1000000000.0,0.48466257668711654
C,30,15,break>=0.10,579,146.66999999999962,0.4888999999999987,0.761538561589939,0.44559585492227977,1,224.71699999999714,0.8324219618801485,-1000000000.0,0.4601226993865031
C,30,15,break<=0.25,172,144.21899999999823,0.4807299999999941,0.5825921605969172,0.4418604651162791,0,447.6790000000026,0.5352772527624252,-1000000000.0,0.5774539877300614
C,30,15,asiaRatio>=0.80,266,135.14999999999918,0.4504999999999973,0.5842958251181928,0.4398496240601504,0,206.96900000000142,0.6431440508043216,-1000000000.0,0.6993865030674846
C,30,15,time>=13,237,141.35799999999904,0.47119333333333013,0.5721791449514886,0.4092827004219409,0,147.46299999999974,0.6119027065722022,-1000000000.0,1.0
C,30,15,LONG,646,148.41500000000065,0.4947166666666688,0.7330799887775433,0.46904024767801855,2,285.416000000002,0.7765654838566419,-1000000000.0,0.5245398773006135
C,30,15,SHORT,184,147.87099999999828,0.4929033333333276,0.5297217531238817,0.42934782608695654,0,139.39399999999955,0.5545663705502667,-1000000000.0,0.4754601226993865
C,30,15,Mon-Wed,137,144.76799999999935,0.4825599999999978,0.5959383948956426,0.41605839416058393,0,136.83699999999703,0.8430375942609541,-1000000000.0,0.5996932515337423
C,30,15,Thu-Fri,522,253.80199999999968,0.8460066666666656,0.5939009238759815,0.4674329501915709,1,251.6390000000008,0.6348362869305969,-1000000000.0,0.4003067484662577
C,30,15,spread<=10%TP,237,141.35799999999904,0.47119333333333013,0.5721791449514886,0.4092827004219409,0,148.35299999999984,0.6135604081303071,-1000000000.0,0.9984662576687117
C,30,15,spread<=15%TP,237,141.35799999999904,0.47119333333333013,0.5721791449514886,0.4092827004219409,0,146.66399999999703,0.8632323690107544,-1000000000.0,0.9992331288343558
C,30,15,trend+mom,500,136.61900000000014,0.4553966666666671,0.6965613589317594,0.442,1,146.55100000000084,0.8001906050004488,-1000000000.0,0.5115030674846626
C,30,15,trend+lowSpread,227,148.4299999999996,0.49476666666666536,0.5093644843748978,0.3920704845814978,0,478.31700000000205,0.7085844411084277,-1000000000.0,0.6349693251533742
C,30,15,break+trend,496,136.65500000000065,0.45551666666666885,0.6991336511046765,0.4375,1,205.21199999999976,0.8419017323915114,-1000000000.0,0.39033742331288346
C,30,15,prevRoom+trend,144,149.5539999999994,0.49851333333333137,0.5618582222261301,0.375,0,137.69100000000049,0.7016039025912517,-1000000000.0,0.43328220858895705
C,30,15,prevDist+trend,199,146.84899999999993,0.48949666666666647,0.5141343691479011,0.38190954773869346,0,290.31400000000235,0.7374745081397107,-1000000000.0,0.5943251533742331
C,30,15,lowSpread+body,291,149.77399999999784,0.49924666666665946,0.6435123697451842,0.436426116838488,0,143.3439999999996,0.527104776986014,-1000000000.0,0.6050613496932515
C,30,20,ALL,184,197.50199999999927,0.6583399999999976,0.39825419313559957,0.41847826086956524,0,190.93299999999977,0.5110237531211993,-1000000000.0,1.0
C,30,20,spread<=0.5,183,198.69599999999946,0.6623199999999982,0.3946163338055867,0.4207650273224044,0,717.4759999999958,0.6184987036025125,-1000000000.0,0.9440184049079755
C,30,20,spread<=0.75,183,198.69599999999946,0.6623199999999982,0.3946163338055867,0.4207650273224044,0,195.41699999999992,0.50621348723443,-1000000000.0,0.9754601226993865
C,30,20,spread<=1.0,183,198.69599999999946,0.6623199999999982,0.3946163338055867,0.4207650273224044,0,199.8720000000003,0.4949564373648138,-1000000000.0,0.9846625766871165
C,30,20,spread<=1.25,184,197.50199999999927,0.6583399999999976,0.39825419313559957,0.41847826086956524,0,195.9739999999997,0.4981138357129147,-1000000000.0,0.9900306748466258
C,30,20,body>=0.40,192,196.92899999999963,0.6564299999999987,0.4781665116500933,0.4114583333333333,0,189.45499999999993,0.3717502321262773,-1000000000.0,0.6134969325153374
C,30,20,body>=0.60,79,193.26599999999962,0.6442199999999988,0.4366243987756901,0.34177215189873417,0,186.00899999999956,0.44615453327378335,-1000000000.0,0.38650306748466257
C,30,20,trend>=2,193,198.72599999999989,0.6624199999999996,0.35098221721451894,0.38860103626943004,0,1122.3579999999988,0.475722013875482,-1000000000.0,0.6441717791411042
C,30,20,mom>=0,211,198.68999999999915,0.6622999999999971,0.4210833017685979,0.4218009478672986,1,473.82800000000066,0.5583047493527518,-1000000000.0,0.5575153374233128
C,30,20,mom>=0.15,172,192.78299999999854,0.6426099999999951,0.39198983196246,0.4011627906976744,0,541.6380000000008,0.4935392676198378,-1000000000.0,0.47162576687116564
C,30,20,emaAligned,239,198.48999999999933,0.6616333333333311,0.3764920965999072,0.4100418410041841,0,397.80200000000127,0.6591135398778849,-1000000000.0,0.7032208588957055
C,30,20,prevRoom>=0,156,199.74799999999937,0.6658266666666646,0.36579279076191623,0.41025641025641024,0,197.038,0.4528819508077458,-1000000000.0,0.691717791411043
C,30,20,prevDist>=0.25,169,198.82700000000023,0.6627566666666674,0.4011631759341245,0.42011834319526625,0,198.4020000000005,0.48943496151500326,-1000000000.0,0.9033742331288344
C,30,20,prevDist>=0.50,270,187.34100000000058,0.624470000000002,0.4288210006402621,0.42592592592592593,0,199.89600000000064,0.4855903220078579,-1000000000.0,0.8251533742331288
C,30,20,break>=0.05,198,185.18700000000035,0.6172900000000012,0.3996810176315561,0.3939393939393939,0,581.9989999999971,0.5481019919728941,-1000000000.0,0.48466257668711654
C,30,20,break<=0.25,150,196.86099999999828,0.6562033333333276,0.4069558668474212,0.44666666666666666,0,190.40000000000055,0.38580645161290145,-1000000000.0,0.5774539877300614
C,30,20,asiaRatio>=0.80,95,198.70399999999972,0.6623466666666658,0.376790866892486,0.43157894736842106,0,188.72300000000064,0.48324091948357617,-1000000000.0,0.6993865030674846
C,30,20,time>=13,184,197.50199999999927,0.6583399999999976,0.39825419313559957,0.41847826086956524,0,190.93299999999977,0.5110237531211993,-1000000000.0,1.0
C,30,20,LONG,90,199.12099999999987,0.6637366666666662,0.40578633243807843,0.4,0,182.41699999999855,0.6785943336387386,-1000000000.0,0.5245398773006135
C,30,20,SHORT,182,193.72099999999864,0.6457366666666622,0.40221560489408337,0.42857142857142855,0,198.56199999999944,0.3957462865976704,-1000000000.0,0.4754601226993865
C,30,20,Mon-Wed,128,198.99599999999919,0.6633199999999972,0.43711548416113155,0.421875,0,199.3109999999997,0.4081318727004384,-1000000000.0,0.5996932515337423
C,30,20,spread<=10%TP,184,197.50199999999927,0.6583399999999976,0.39825419313559957,0.41847826086956524,0,194.62699999999995,0.5015634803764648,-1000000000.0,0.9984662576687117
C,30,20,spread<=15%TP,184,197.50199999999927,0.6583399999999976,0.39825419313559957,0.41847826086956524,0,190.93299999999977,0.5110237531211993,-1000000000.0,0.9992331288343558
C,30,20,trend+lowSpread,193,198.72599999999989,0.6624199999999996,0.35098221721451894,0.38860103626943004,0,1147.0669999999993,0.5013759233878963,-1000000000.0,0.6349693251533742
C,30,20,break+trend,156,194.81900000000041,0.6493966666666681,0.3740855568585228,0.3782051282051282,0,369.521999999999,0.4595225578382238,-1000000000.0,0.39033742331288346
C,30,20,prevRoom+trend,142,199.44399999999996,0.6648133333333331,0.41774635222953416,0.38028169014084506,0,198.26000000000067,0.47735540675910604,-1000000000.0,0.43328220858895705
C,30,20,prevDist+trend,170,191.3470000000002,0.6378233333333341,0.36643842419988054,0.38823529411764707,0,604.2109999999986,0.46750711732994177,-1000000000.0,0.5943251533742331
C,30,20,lowSpread+body,192,196.92899999999963,0.6564299999999987,0.4781665116500933,0.4114583333333333,0,189.45499999999993,0.3717502321262773,-1000000000.0,0.6050613496932515
C,30,25,ALL,117,242.79999999999973,0.8093333333333325,0.26024100056365607,0.4444444444444444,0,247.91000000000076,0.4112715925660293,-1000000000.0,1.0
C,30,25,spread<=0.5,116,243.99399999999991,0.813313333333333,0.2573566115149078,0.4482758620689655,0,248.1870000000008,0.4179083474251286,-1000000000.0,0.9440184049079755
C,30,25,spread<=0.75,116,243.99399999999991,0.813313333333333,0.2573566115149078,0.4482758620689655,0,243.96100000000047,0.42781990332363096,-1000000000.0,0.9754601226993865
C,30,25,spread<=1.0,116,243.99399999999991,0.813313333333333,0.2573566115149078,0.4482758620689655,0,238.3700000000008,0.44093289646809825,-1000000000.0,0.9846625766871165
C,30,25,spread<=1.25,117,242.79999999999973,0.8093333333333325,0.26024100056365607,0.4444444444444444,0,244.45300000000066,0.41948116097593324,-1000000000.0,0.9900306748466258
C,30,25,body>=0.40,132,241.52199999999948,0.8050733333333316,0.360001483919351,0.4090909090909091,0,241.81900000000041,0.1981065128001052,-1000000000.0,0.6134969325153374
C,30,25,body>=0.60,58,233.87999999999965,0.7795999999999988,0.31823349365981773,0.3448275862068966,0,248.7320000000002,0.17518238493168836,-1000000000.0,0.38650306748466257
C,30,25,trend>=2,109,248.75399999999968,0.8291799999999989,0.2015471280232385,0.4036697247706422,0,1039.7770000000007,0.43662756514290246,-1000000000.0,0.6441717791411042
C,30,25,mom>=0,203,234.11199999999894,0.7803733333333298,0.3178753532822488,0.42857142857142855,1,237.70100000000093,0.5139187959469528,-1000000000.0,0.5575153374233128
C,30,25,mom>=0.15,79,249.34899999999948,0.8311633333333316,0.21358871171216656,0.4050632911392405,0,570.2210000000005,0.39732367862134127,-1000000000.0,0.47162576687116564
C,30,25,emaAligned,159,246.01799999999957,0.8200599999999986,0.22719448144146157,0.4025157232704403,0,247.064000000001,0.4537003869541167,-1000000000.0,0.7032208588957055
C,30,25,prevRoom>=0,79,248.3209999999999,0.8277366666666663,0.21157173836428575,0.43037974683544306,0,247.65700000000038,0.35190041033370906,-1000000000.0,0.691717791411043
C,30,25,prevDist>=0.25,103,248.58700000000022,0.828623333333334,0.25129358897904325,0.44660194174757284,0,241.02800000000093,0.42504508458727197,-1000000000.0,0.9033742331288344
C,30,25,prevDist>=0.50,103,243.6340000000007,0.8121133333333357,0.25719076801121826,0.44660194174757284,0,248.75500000000125,0.4066128832189898,-1000000000.0,0.8251533742331288
C,30,25,break>=0.05,62,246.17900000000054,0.8205966666666685,0.2019638162480023,0.3870967741935484,0,718.3089999999984,0.47486245935137,-1000000000.0,0.48466257668711654
C,30,25,break>=0.10,118,246.6800000000003,0.8222666666666676,0.2003397291891567,0.3813559322033898,0,562.343999999998,0.5188307000872793,-1000000000.0,0.4601226993865031
C,30,25,break<=0.25,103,249.04599999999914,0.8301533333333304,0.24974845609278673,0.44660194174757284,0,247.9780000000003,0.22259806948959612,-1000000000.0,0.5774539877300614
C,30,25,asiaRatio>=0.80,66,249.88599999999974,0.8329533333333324,0.21626521139129407,0.4696969696969697,0,227.54600000000096,0.3943895882681699,-1000000000.0,0.6993865030674846
C,30,25,time>=13,117,242.79999999999973,0.8093333333333325,0.26024100056365607,0.4444444444444444,0,247.91000000000076,0.4112715925660293,-1000000000.0,1.0
C,30,25,LONG,67,247.84399999999982,0.826146666666666,0.2603879438973444,0.40298507462686567,0,497.1079999999997,0.5104717158235565,-1000000000.0,0.5245398773006135
C,30,25,SHORT,128,246.80499999999938,0.8226833333333313,0.2384089611651993,0.4140625,0,246.91300000000024,0.24860699863362593,-1000000000.0,0.4754601226993865
C,30,25,Mon-Wed,103,242.00599999999963,0.8066866666666654,0.3256612953112339,0.4563106796116505,0,236.62400000000002,0.30867083097167736,-1000000000.0,0.5996932515337423
C,30,25,Thu-Fri,247,244.21699999999896,0.8140566666666632,0.3783628306194833,0.4534412955465587,2,245.5010000000002,0.36037465478609815,-1000000000.0,0.4003067484662577
C,30,25,spread<=10%TP,117,242.79999999999973,0.8093333333333325,0.26024100056365607,0.4444444444444444,0,248.07500000000073,0.4108797560639657,-1000000000.0,0.9984662576687117
C,30,25,spread<=15%TP,117,242.79999999999973,0.8093333333333325,0.26024100056365607,0.4444444444444444,0,248.07500000000073,0.4108797560639657,-1000000000.0,0.9992331288343558
C,30,25,trend+mom,175,244.74599999999896,0.8158199999999965,0.30466725760261976,0.4114285714285714,1,243.95500000000038,0.48644836696243365,-1000000000.0,0.5115030674846626
C,30,25,trend+lowSpread,109,248.75399999999968,0.8291799999999989,0.2015471280232385,0.4036697247706422,0,1040.0530000000006,0.4531948610560861,-1000000000.0,0.6349693251533742
C,30,25,break+trend,65,246.17299999999977,0.820576666666666,0.2090954362178925,0.36923076923076925,0,476.7179999999996,0.4186685438632891,-1000000000.0,0.39033742331288346
C,30,25,prevRoom+trend,103,246.43200000000002,0.8214400000000001,0.2805703308829974,0.39805825242718446,0,249.2180000000003,0.3532181044326784,-1000000000.0,0.43328220858895705
C,30,25,prevDist+trend,102,249.73800000000028,0.832460000000001,0.1874951198563269,0.4019607843137255,0,745.9779999999996,0.38256879719614767,-1000000000.0,0.5943251533742331
C,30,25,lowSpread+body,132,241.52199999999948,0.8050733333333316,0.360001483919351,0.4090909090909091,0,241.81900000000041,0.1981065128001052,-1000000000.0,0.6050613496932515
C,30,30,ALL,5,295.693,0.9856433333333333,0.040627484061450406,0.4,0,294.72299999999996,0.017590000000000147,-1000000000.0,1.0
C,30,30,spread<=0.5,5,295.693,0.9856433333333333,0.040627484061450406,0.4,0,298.59100000000035,0.14217462127850286,-1000000000.0,0.9440184049079755
C,30,30,spread<=0.75,5,295.693,0.9856433333333333,0.040627484061450406,0.4,0,298.59100000000035,0.14217462127850286,-1000000000.0,0.9754601226993865
C,30,30,spread<=1.0,5,295.693,0.9856433333333333,0.040627484061450406,0.4,0,298.59100000000035,0.14217462127850286,-1000000000.0,0.9846625766871165
C,30,30,spread<=1.25,5,295.693,0.9856433333333333,0.040627484061450406,0.4,0,294.72299999999996,0.017590000000000147,-1000000000.0,0.9900306748466258
C,30,30,body>=0.40,2,298.999,0.9966633333333335,0.012572406094991564,0.5,0,290.54300000000035,0.03653335986205007,-1000000000.0,0.6134969325153374
C,30,30,body>=0.60,2,298.999,0.9966633333333335,0.012572406094991564,0.5,0,271.5600000000002,0.09948269001193787,-1000000000.0,0.38650306748466257
C,30,30,trend>=2,1,296.8620000000001,0.9895400000000003,0.010459999999999733,0.0,0,294.72299999999996,0.017590000000000147,-1000000000.0,0.6441717791411042
C,30,30,mom>=0,1,296.193,0.9873099999999999,0.012690000000000055,0.0,0,527.2410000000009,0.38081620675348593,-1000000000.0,0.5575153374233128
C,30,30,mom>=0.15,1,296.193,0.9873099999999999,0.012690000000000055,0.0,0,289.20600000000104,0.3705455376478637,-1000000000.0,0.47162576687116564
C,30,30,emaAligned,1,296.8620000000001,0.9895400000000003,0.010459999999999733,0.0,0,297.8350000000016,0.3415828451420333,-1000000000.0,0.7032208588957055
C,30,30,prevRoom>=0,2,298.999,0.9966633333333335,0.012572406094991564,0.5,0,275.05700000000047,0.2896768828700393,-1000000000.0,0.691717791411043
C,30,30,prevDist>=0.25,4,299.5,0.9983333333333333,0.028275716626380676,0.5,0,298.67800000000034,0.14192467801849584,-1000000000.0,0.9033742331288344
C,30,30,prevDist>=0.50,4,299.5,0.9983333333333333,0.028275716626380676,0.5,0,298.67800000000034,0.14192467801849584,-1000000000.0,0.8251533742331288
C,30,30,break>=0.05,3,294.164,0.9805466666666667,0.03681947814242506,0.3333333333333333,0,815.4859999999981,0.4329418233862745,-1000000000.0,0.48466257668711654
C,30,30,break>=0.10,3,294.164,0.9805466666666667,0.03681947814242506,0.3333333333333333,0,454.1179999999995,0.49028251609226287,-1000000000.0,0.4601226993865031
C,30,30,break<=0.25,4,298.8309999999999,0.996103333333333,0.030446279382898355,0.5,0,288.9830000000002,0.036723333333332754,-1000000000.0,0.5774539877300614
C,30,30,asiaRatio>=0.80,1,293.971,0.9799033333333333,0.020096666666666655,0.0,0,298.59100000000035,0.14217462127850286,-1000000000.0,0.6993865030674846
C,30,30,time>=13,5,295.693,0.9856433333333333,0.040627484061450406,0.4,0,294.72299999999996,0.017590000000000147,-1000000000.0,1.0
C,30,30,LONG,2,299.8319999999999,0.9994399999999996,0.018260758523815607,0.5,0,638.3769999999997,0.46375838188304036,-1000000000.0,0.5245398773006135
C,30,30,SHORT,2,298.999,0.9966633333333335,0.012572406094991564,0.5,0,294.72299999999996,0.017590000000000147,-1000000000.0,0.4754601226993865
C,30,30,Mon-Wed,4,294.53099999999995,0.9817699999999998,0.044397579611634645,0.5,0,294.72299999999996,0.017590000000000147,-1000000000.0,0.5996932515337423
C,30,30,Thu-Fri,1,296.193,0.9873099999999999,0.012690000000000055,0.0,0,294.60200000000054,0.10481440066120422,-1000000000.0,0.4003067484662577
C,30,30,spread<=10%TP,5,295.693,0.9856433333333333,0.040627484061450406,0.4,0,294.72299999999996,0.017590000000000147,-1000000000.0,0.9984662576687117
C,30,30,spread<=15%TP,5,295.693,0.9856433333333333,0.040627484061450406,0.4,0,294.72299999999996,0.017590000000000147,-1000000000.0,0.9992331288343558
C,30,30,trend+mom,1,296.8620000000001,0.9895400000000003,0.010459999999999733,0.0,0,536.0490000000004,0.3918976586644726,-1000000000.0,0.5115030674846626
C,30,30,trend+lowSpread,1,296.8620000000001,0.9895400000000003,0.010459999999999733,0.0,0,297.3170000000009,0.3599120763669699,-1000000000.0,0.6349693251533742
C,30,30,break+trend,1,296.8620000000001,0.9895400000000003,0.010459999999999733,0.0,0,487.69599999999923,0.3309127377819955,-1000000000.0,0.39033742331288346
C,30,30,prevRoom+trend,1,296.8620000000001,0.9895400000000003,0.010459999999999733,0.0,0,280.99100000000067,0.2709485755798853,-1000000000.0,0.43328220858895705
C,30,30,prevDist+trend,1,296.8620000000001,0.9895400000000003,0.010459999999999733,0.0,0,583.6049999999998,0.32798714290399783,-1000000000.0,0.5943251533742331
C,30,30,lowSpread+body,2,298.999,0.9966633333333335,0.012572406094991564,0.5,0,290.54300000000035,0.03653335986205007,-1000000000.0,0.6050613496932515
