key,family,variant,exit,tp,sl,rr,horizon_min,train_score,train_n,train_R,train_evR,train_wr,train_pf,train_ddR,train_streak,train_pos_years,oos_n,oos_R,oos_evR,oos_wr,oos_pf,oos_ddR,oos_streak,oos_pos_years,all_n,all_R,all_evR,all_pf,n_2018,R_2018,wr_2018,n_2019,R_2019,wr_2019,n_2020,R_2020,wr_2020,n_2021,R_2021,wr_2021,n_2022,R_2022,wr_2022,n_2023,R_2023,wr_2023,n_2024,R_2024,wr_2024,n_2025,R_2025,wr_2025,n_2026,R_2026,wr_2026
asia_break_10_16|thu_fri|TP20_SL20|H480,asia_break_10_16,thu_fri,TP20_SL20,20.0,20.0,1.0,480,1.035264740957138,482,16.594350000000112,0.034428112033195256,0.5124481327800829,1.1852340520294233,5.175600000000043,6,4,324,28.258799999999997,0.08721851851851851,0.5432098765432098,1.2972854977218715,6.653499999999987,7,4,806,44.85315000000011,0.05564906947890833,1.2429196073806634,97,0.9954500000000048,0.4845360824742268,97,-3.0886000000000196,0.422680412371134,91,4.649300000000039,0.5384615384615384,97,8.26295000000001,0.5360824742268041,100,5.775250000000074,0.58,98,5.14575000000001,0.4897959183673469,99,10.776850000000069,0.6060606060606061,81,6.336199999999918,0.5185185185185185,46,6.0,0.5652173913043478
asia_break_10_16|thu_fri|TP25_SL20|H480,asia_break_10_16,thu_fri,TP25_SL20,25.0,20.0,1.25,480,0.9728683992049805,482,15.2611500000001,0.03166213692946079,0.508298755186722,1.168169073216907,5.059449999999972,6,4,324,34.639600000000044,0.10691234567901248,0.5308641975308642,1.3565441375139922,7.6710000000000065,7,4,806,49.900750000000144,0.06191160049627809,1.2655671076398103,97,1.015100000000006,0.4845360824742268,97,-2.8166000000000166,0.422680412371134,91,6.402500000000031,0.5384615384615384,97,6.511050000000011,0.5257731958762887,100,4.149100000000067,0.57,98,7.663000000000024,0.4897959183673469,99,11.961250000000122,0.6060606060606061,81,2.68784999999989,0.4691358024691358,46,12.32750000000001,0.5652173913043478
asia_break_10_16|thu_fri|TP15_SL20|H480,asia_break_10_16,thu_fri,TP15_SL20,15.0,20.0,0.75,480,0.904081413909437,482,14.181750000000113,0.029422717842323885,0.5186721991701245,1.1612832605676984,6.2757500000000395,6,4,324,22.196999999999992,0.06850925925925923,0.5679012345679012,1.2489999394242612,8.189499999999999,7,4,806,36.37875000000011,0.04513492555831279,1.2054422610042173,97,0.5391500000000061,0.4845360824742268,97,-3.9295500000000176,0.422680412371134,91,3.7463000000000304,0.5384615384615384,97,6.610900000000027,0.5463917525773195,100,7.214950000000067,0.6,98,4.124049999999989,0.4897959183673469,99,7.718550000000039,0.6161616161616161,81,5.6043999999999645,0.5679012345679012,46,4.75,0.6304347826086957
asia_break_10_16|thu_fri|TP20_SL20|H720,asia_break_10_16,thu_fri,TP20_SL20,20.0,20.0,1.0,720,0.8541569778425876,482,14.942850000000044,0.03100176348547727,0.487551867219917,1.152447805001967,6.464049999999986,8,3,324,33.71315000000003,0.10405293209876551,0.5370370370370371,1.3385653241477662,7.059200000000034,11,4,806,48.65600000000008,0.06036724565756833,1.24623986473407,97,-0.3663000000000008,0.4639175257731959,97,-3.3311500000000023,0.44329896907216493,91,6.859149999999988,0.5164835164835165,97,7.450800000000016,0.5051546391752577,100,4.330350000000042,0.51,98,7.92344999999999,0.4897959183673469,99,13.522200000000067,0.5959595959595959,81,6.267499999999973,0.5061728395061729,46,6.0,0.5652173913043478
asia_break_09_14|thu_fri|TP25_SL20|H480,asia_break_09_14,thu_fri,TP25_SL20,25.0,20.0,1.25,480,0.8052608775101137,442,11.073999999999977,0.025054298642533883,0.4796380090497738,1.1405695644171387,4.6392999999999915,7,4,290,22.14045,0.07634637931034483,0.5344827586206896,1.2609461995031044,11.73634999999997,6,4,732,33.214449999999985,0.045374931693989054,1.20298967830966,96,0.44854999999998846,0.4166666666666667,87,-1.6938500000000316,0.3793103448275862,80,3.0473500000000175,0.5125,91,8.121650000000022,0.5274725274725275,88,1.1502999999999817,0.5681818181818182,90,2.417099999999993,0.4777777777777778,88,13.822249999999986,0.625,78,1.65110000000002,0.5128205128205128,34,4.25,0.5
asia_break_09_14|thu_fri|TP20_SL20|H480,asia_break_09_14,thu_fri,TP20_SL20,20.0,20.0,1.0,480,0.7985338485517767,442,11.050299999999957,0.02500067873303158,0.4819004524886878,1.142072139831189,5.032649999999979,7,4,290,22.71194999999998,0.07831706896551717,0.5448275862068965,1.2751636180363894,8.61949999999997,5,4,732,33.76224999999993,0.04612329234972668,1.2105937962553475,96,0.27504999999998714,0.4166666666666667,87,-1.8316500000000246,0.3793103448275862,80,1.8601000000000107,0.5125,91,7.846950000000014,0.5274725274725275,88,2.8998499999999696,0.5795454545454546,90,1.1700000000000041,0.4777777777777778,88,14.252899999999952,0.625,78,5.28905000000002,0.5384615384615384,34,2.0,0.5294117647058824
asia_break_10_16|thu_fri|TP30_SL25|H480,asia_break_10_16,thu_fri,TP30_SL25,30.0,25.0,1.2,480,0.7846886311738878,482,11.211800000000085,0.023260995850622582,0.5062240663900415,1.1523066749332878,5.097079999999975,6,4,324,28.242479999999922,0.08716814814814791,0.5370370370370371,1.3381767551197419,12.102000000000015,7,4,806,39.45428,0.048950719602977665,1.2510975815275363,97,0.8120800000000056,0.4845360824742268,97,-2.1091600000000197,0.422680412371134,91,4.62372000000004,0.5274725274725275,97,6.468880000000008,0.5257731958762887,100,1.4162800000000515,0.57,98,6.428480000000008,0.4897959183673469,99,9.498000000000092,0.6161616161616161,81,0.3011999999998629,0.4691358024691358,46,12.014799999999957,0.5869565217391305
asia_break_10_16|thu_fri|TP15_SL25|H480,asia_break_10_16,thu_fri,TP15_SL25,15.0,25.0,0.6,480,0.7669480350777388,482,10.811040000000082,0.0224295435684649,0.5186721991701245,1.1525282834445008,5.065800000000036,6,4,324,19.25423999999998,0.05942666666666661,0.5864197530864198,1.262251317914263,8.374799999999999,7,4,806,30.065280000000065,0.03730183622828792,1.2083555443195457,97,0.43132000000000537,0.4845360824742268,97,-3.1888400000000185,0.422680412371134,91,3.323880000000026,0.5384615384615384,97,5.722240000000019,0.5463917525773195,100,4.522440000000051,0.6,98,2.6859999999999866,0.4897959183673469,99,6.891000000000031,0.6262626262626263,81,2.8772399999999663,0.5802469135802469,46,6.799999999999999,0.717391304347826
asia_break_10_16|thu_fri|TP40_SL30|H480,asia_break_10_16,thu_fri,TP40_SL30,40.0,30.0,1.3333333333333333,480,0.7211446468376699,482,9.571966666666732,0.01985885200553264,0.5062240663900415,1.1547575612718888,4.386533333333318,6,4,324,28.285033333333253,0.08729948559670757,0.5401234567901234,1.3915333295497367,8.435899999999995,7,4,806,37.856999999999985,0.04696898263027294,1.2823188472086053,97,0.676733333333338,0.4845360824742268,97,-1.833433333333354,0.422680412371134,91,3.6658000000000364,0.5274725274725275,97,5.576566666666674,0.5257731958762887,100,1.4863000000000355,0.57,98,6.560599999999999,0.4897959183673469,99,9.859066666666747,0.6161616161616161,81,0.38669999999988236,0.48148148148148145,46,11.478666666666626,0.5869565217391305
asia_break_10_16|thu_fri|TP15_SL20|H720,asia_break_10_16,thu_fri,TP15_SL20,15.0,20.0,0.75,720,0.7053472830279964,482,12.164250000000017,0.025237033195020783,0.495850622406639,1.1268918906231908,7.606499999999993,8,3,324,25.53984999999998,0.07882669753086413,0.5709876543209876,1.2755619165584116,7.896000000000004,11,4,806,37.7041,0.04677928039702233,1.1999730569585445,97,-0.8242499999999942,0.4639175257731959,97,-4.115700000000027,0.44329896907216493,91,5.874699999999995,0.5274725274725275,97,5.874150000000021,0.5154639175257731,100,5.355350000000019,0.53,98,6.172049999999992,0.5,99,8.63430000000003,0.6060606060606061,81,5.983499999999959,0.5802469135802469,46,4.75,0.6304347826086957
asia_break_10_16|thu_fri|TP20_SL20|H1440,asia_break_10_16,thu_fri,TP20_SL20,20.0,20.0,1.0,1440,0.7024199739513874,482,11.709150000000044,0.02429284232365154,0.483402489626556,1.1067502801144713,6.1511499999999835,8,3,324,38.57439999999989,0.11905679012345645,0.5493827160493827,1.3707150274304545,6.0,9,4,806,50.28354999999994,0.06238653846153839,1.23525419859096,97,-1.2929999999999389,0.422680412371134,97,-2.9377499999999936,0.44329896907216493,91,4.306650000000025,0.5164835164835165,97,8.84269999999998,0.5360824742268041,100,2.7905499999999734,0.5,98,8.640349999999954,0.5,99,15.726250000000004,0.5959595959595959,81,8.207799999999931,0.5432098765432098,46,6.0,0.5652173913043478
asia_break_10_16|thu_fri|TP25_SL20|H720,asia_break_10_16,thu_fri,TP25_SL20,25.0,20.0,1.25,720,0.6710845835901283,482,11.150900000000023,0.023134647302904612,0.47925311203319504,1.1116662819581382,6.610549999999991,8,3,324,37.238200000000084,0.11493271604938297,0.5246913580246914,1.362285113876269,7.5543499999999995,11,4,806,48.38910000000011,0.060036104218362425,1.2387861797522437,97,-0.18470000000000902,0.4639175257731959,97,-3.477650000000006,0.4329896907216495,91,8.407899999999984,0.5164835164835165,97,3.4999000000000025,0.4845360824742268,100,2.905450000000051,0.5,98,9.606849999999998,0.4897959183673469,99,16.7264000000001,0.5959595959595959,81,0.6549499999999853,0.4691358024691358,46,10.25,0.5434782608695652
impulse60_cont_840|s040|TP40_SL30|H480,impulse60_cont_840,s040,TP40_SL30,40.0,30.0,1.3333333333333333,480,0.6691671978274532,659,11.191899999999865,0.01698315629742013,0.5007587253414264,1.1372808611776983,7.617566666666673,8,4,481,-26.04076666666662,-0.05413880803880794,0.46361746361746364,0.8202244320966804,30.76339999999995,8,1,1140,-14.848866666666758,-0.01302532163742698,0.9344064984193774,117,-3.044000000000052,0.4358974358974359,132,3.999233333333291,0.5303030303030303,123,1.4322333333332995,0.4634146341463415,145,0.11913333333334974,0.4827586206896552,142,8.685299999999977,0.5774647887323944,134,-5.192033333333408,0.4552238805970149,139,8.523966666666698,0.5683453237410072,130,-11.325799999999996,0.4307692307692308,78,-18.04689999999992,0.34615384615384615
impulse60_cont_840|s040|TP20_SL20|H1440,impulse60_cont_840,s040,TP20_SL20,20.0,20.0,1.0,1440,0.6681663189011815,659,14.771299999999883,0.022414719271623494,0.4992412746585736,1.100603328471607,11.157500000000008,9,3,481,-20.26409999999994,-0.042129106029105905,0.4698544698544699,0.8943229090886338,25.779799999999952,8,1,1140,-5.492800000000054,-0.004818245614035135,0.9837770490195801,117,-1.2973500000000626,0.46153846153846156,132,3.1201499999999553,0.5,123,7.960799999999994,0.5121951219512195,145,-3.02615000000003,0.4689655172413793,142,8.013850000000026,0.5492957746478874,134,-10.301800000000028,0.44776119402985076,139,11.052800000000001,0.5251798561151079,130,-11.015099999999915,0.45384615384615384,78,-10.0,0.4358974358974359
asia_break_09_14|thu_fri|TP15_SL20|H480,asia_break_09_14,thu_fri,TP15_SL20,15.0,20.0,0.75,480,0.6638878087632709,442,9.92684999999997,0.022458936651583643,0.48642533936651583,1.1299785264425906,4.951999999999987,7,3,290,14.016849999999998,0.048333965517241374,0.5551724137931034,1.1762243556056216,9.43514999999995,5,3,732,23.943699999999964,0.03270997267759558,1.1535710987167183,96,-0.002200000000005198,0.4166666666666667,87,-1.908750000000032,0.3793103448275862,80,2.433349999999996,0.5125,91,4.742850000000022,0.5274725274725275,88,4.6615999999999875,0.6022727272727273,90,0.5725999999999878,0.4777777777777778,88,12.211499999999953,0.6363636363636364,78,1.9827500000000553,0.5512820512820513,34,-0.75,0.5588235294117647
trend_pullback_840|f025|TP15_SL15|H1440,trend_pullback_840,f025,TP15_SL15,15.0,15.0,1.0,1440,0.6496921326427608,727,17.059733333333337,0.023465933058230175,0.5061898211829436,1.080633228089413,15.942999999999968,9,3,550,-25.187333333333335,-0.04579515151515152,0.4709090909090909,0.8976076378669346,42.4793333333333,10,2,1277,-8.127600000000001,-0.006364604541895067,0.9822370991895277,133,4.275599999999985,0.46616541353383456,137,0.11619999999998099,0.4744525547445255,154,-3.0624000000000096,0.4935064935064935,153,-4.120799999999949,0.5032679738562091,150,19.851133333333323,0.5866666666666667,160,1.0149333333333126,0.50625,153,2.0722000000000342,0.477124183006536,144,-3.2744666666666804,0.4930555555555556,93,-25.0,0.3655913978494624
asia_compression_break|r070|TP15_SL15|H1440,asia_compression_break,r070,TP15_SL15,15.0,15.0,1.0,1440,0.6431305396680389,220,6.661733333333361,0.030280606060606185,0.5136363636363637,1.1065928497901238,9.821466666666705,5,4,176,24.090733333333326,0.13687916666666664,0.5738636363636364,1.389764293349239,6.383600000000023,5,4,396,30.752466666666685,0.07765774410774415,1.2473943221590684,34,1.5503999999999754,0.5588235294117647,58,-6.661933333333324,0.41379310344827586,45,0.07500000000003038,0.4888888888888889,40,5.998866666666679,0.6,43,5.6994,0.5581395348837209,46,4.851266666666697,0.5652173913043478,45,6.757866666666648,0.5777777777777777,50,1.4815999999999798,0.52,35,11.0,0.6571428571428571
trend_pullback_840|f025|TP40_SL30|H480,trend_pullback_840,f025,TP40_SL30,40.0,30.0,1.3333333333333333,480,0.6303033631480575,727,12.655433333333223,0.017407748739110347,0.5020632737276479,1.1398241071856035,7.135033333333362,10,3,550,-20.67819999999997,-0.03759672727272721,0.45636363636363636,0.868576944050513,32.46849999999994,11,1,1277,-8.022766666666747,-0.0062825110937092775,0.9676306083562233,133,-0.7665666666667069,0.43609022556390975,137,0.698499999999937,0.48175182481751827,154,0.9231666666666491,0.4805194805194805,153,-2.234099999999997,0.49673202614379086,150,14.03443333333334,0.6066666666666667,160,-4.797466666666704,0.425,153,4.070566666666719,0.5163398692810458,144,-0.40503333333340485,0.4861111111111111,93,-19.54626666666658,0.3655913978494624
impulse60_cont_840|s040|TP30_SL25|H1440,impulse60_cont_840,s040,TP30_SL25,30.0,25.0,1.2,1440,0.6231649416097595,659,12.68311999999991,0.019246009104703962,0.48710166919575115,1.1044776611196188,8.786320000000014,9,3,481,-21.989439999999945,-0.04571609147609136,0.446985446985447,0.8778896574181787,31.789720000000024,8,1,1140,-9.30632000000005,-0.008163438596491272,0.9691306008651626,117,-1.3791200000000483,0.46153846153846156,132,3.017279999999965,0.49242424242424243,123,7.220720000000002,0.4878048780487805,145,-2.9696800000000447,0.46206896551724136,142,6.793920000000034,0.528169014084507,134,-8.157960000000049,0.4552238805970149,139,10.583960000000024,0.5179856115107914,130,-7.144639999999927,0.4230769230769231,78,-17.2708,0.34615384615384615
asia_break_09_14|thu_fri|TP40_SL30|H480,asia_break_09_14,thu_fri,TP40_SL30,40.0,30.0,1.3333333333333333,480,0.6078922890502928,442,6.697066666666692,0.015151734539969892,0.47737556561085975,1.1264190620253278,3.729233333333317,7,4,290,20.93923333333333,0.0722042528735632,0.5517241379310345,1.3412794263774863,12.368033333333331,7,4,732,27.636300000000016,0.03775450819672133,1.2417234636391017,96,0.2990333333333258,0.4166666666666667,87,-1.2477000000000094,0.3793103448275862,80,1.4637333333333644,0.5,91,6.096700000000018,0.5274725274725275,88,0.08529999999999138,0.5681818181818182,90,3.205433333333319,0.4777777777777778,88,12.26583333333332,0.6363636363636364,78,1.1936333333333389,0.5384615384615384,34,4.274333333333349,0.5588235294117647
trend_pullback_840|f025|TP10_SL20|H1440,trend_pullback_840,f025,TP10_SL20,10.0,20.0,0.5,1440,0.5892810075285296,727,13.04874999999995,0.017948762035763344,0.562585969738652,1.086878290497567,10.136400000000016,7,3,550,-33.01735000000006,-0.06003154545454556,0.58,0.8184376465826747,38.598350000000046,6,0,1277,-19.96860000000011,-0.015637118245888888,0.9398621370073909,133,4.269949999999961,0.47368421052631576,137,-3.409350000000029,0.48905109489051096,154,0.008399999999982644,0.5844155844155844,153,-3.8962499999999847,0.5751633986928104,150,16.076000000000022,0.6733333333333333,160,-7.23865000000003,0.54375,153,-0.07835000000004588,0.6013071895424836,144,-10.70034999999998,0.6111111111111112,93,-15.0,0.5591397849462365
asia_compression_break|r070|TP15_SL15|H720,asia_compression_break,r070,TP15_SL15,15.0,15.0,1.0,720,0.5879657385614335,220,6.5071333333333,0.029577878787878636,0.5136363636363637,1.118569493625524,7.630600000000005,5,3,176,24.25806666666663,0.13782992424242402,0.5681818181818182,1.4142236075046577,5.727866666666706,5,4,396,30.765199999999925,0.0776898989898988,1.2711950664239207,34,1.8113333333333381,0.5882352941176471,58,-4.266333333333311,0.43103448275862066,45,-0.4334000000000139,0.4888888888888889,40,2.3554666666666133,0.475,43,7.040066666666674,0.627906976744186,46,2.6331333333333538,0.5217391304347826,45,7.300333333333295,0.5777777777777777,50,3.324599999999978,0.54,35,11.0,0.6571428571428571
impulse60_cont_840|s040|TP25_SL20|H1440,impulse60_cont_840,s040,TP25_SL20,25.0,20.0,1.25,1440,0.5770814549182988,659,12.493849999999906,0.018958801213960402,0.48861911987860396,1.084102039737916,11.09535000000001,9,3,481,-28.84359999999997,-0.05996590436590431,0.4365904365904366,0.8594715053624613,35.513799999999975,8,1,1140,-16.349750000000064,-0.014341885964912336,0.9537890387902433,117,-1.4739000000000602,0.46153846153846156,132,2.7414499999999506,0.49242424242424243,123,7.440799999999989,0.4878048780487805,145,-3.879900000000022,0.46206896551724136,142,7.665400000000048,0.5352112676056338,134,-9.960500000000053,0.44776119402985076,139,11.935500000000022,0.5035971223021583,130,-13.568599999999947,0.4076923076923077,78,-17.25,0.34615384615384615
impulse60_cont_840|s040|TP40_SL30|H1440,impulse60_cont_840,s040,TP40_SL30,40.0,30.0,1.3333333333333333,1440,0.5768207614776858,659,11.524933333333255,0.017488517956499628,0.48710166919575115,1.1135754955385833,8.989466666666662,9,3,481,-28.77943333333331,-0.05983250173250168,0.43451143451143454,0.8293671717634861,32.30709999999999,8,1,1140,-17.25450000000005,-0.015135526315789518,0.936126783217534,117,-0.9960333333333738,0.46153846153846156,132,2.468933333333309,0.49242424242424243,123,5.513999999999995,0.4878048780487805,145,-1.758466666666694,0.46206896551724136,142,6.29650000000002,0.528169014084507,134,-7.448166666666716,0.4552238805970149,139,7.579466666666681,0.5107913669064749,130,-11.625966666666594,0.4,78,-17.284766666666673,0.32051282051282054
asia_break_09_14|thu_fri|TP15_SL25|H480,asia_break_09_14,thu_fri,TP15_SL25,15.0,25.0,0.6,480,0.5760176193950379,442,7.852839999999995,0.017766606334841617,0.48642533936651583,1.1283415572971012,4.211479999999985,7,3,290,15.518079999999983,0.05351062068965511,0.5793103448275863,1.2459079467885703,7.971319999999961,4,3,732,23.370919999999977,0.03192748633879778,1.1880319517833287,96,-0.0017600000000037586,0.4166666666666667,87,-1.5554000000000183,0.3793103448275862,80,2.7339200000000066,0.5125,91,3.875160000000014,0.5274725274725275,88,2.8009199999999965,0.6022727272727273,90,-0.31076000000001025,0.4777777777777778,88,11.168439999999965,0.6477272727272727,78,3.8824000000000334,0.5897435897435898,34,0.7779999999999927,0.6470588235294118
asia_break_09_14|thu_fri|TP30_SL25|H480,asia_break_09_14,thu_fri,TP30_SL25,30.0,25.0,1.2,480,0.5646281082942908,442,7.6879200000000205,0.017393484162895975,0.47737556561085975,1.120894224001339,4.348519999999995,7,3,290,27.288919999999948,0.09409972413793086,0.5551724137931034,1.3985666805515704,9.988119999999999,6,4,732,34.976839999999974,0.047782568306010895,1.2648561530022466,96,0.3588399999999913,0.4166666666666667,87,-1.2440400000000138,0.3793103448275862,80,2.5346800000000353,0.5,91,6.958040000000008,0.5274725274725275,88,-0.9195999999999998,0.5681818181818182,90,2.20959999999999,0.4777777777777778,88,13.393919999999973,0.6363636363636364,78,5.310599999999996,0.5512820512820513,34,6.374799999999995,0.5588235294117647
impulse60_cont_840|s040|TP15_SL20|H1440,impulse60_cont_840,s040,TP15_SL20,15.0,20.0,0.75,1440,0.5631623200825299,659,12.686849999999879,0.019251669195750953,0.511380880121396,1.0879978026299761,12.576450000000005,9,3,481,-26.24969999999996,-0.05457318087318079,0.5051975051975052,0.8556884946955985,32.201749999999976,8,1,1140,-13.56285000000008,-0.011897236842105332,0.9584048993393869,117,-0.8908000000000816,0.4700854700854701,132,3.549899999999968,0.5,123,4.9938499999999975,0.5365853658536586,145,-3.8309000000000313,0.47586206896551725,142,8.864800000000024,0.5704225352112676,134,-6.893899999999996,0.4925373134328358,139,7.305199999999978,0.539568345323741,130,-13.410999999999945,0.5,78,-13.25,0.47435897435897434
impulse60_cont_840|s040|TP40_SL30|H720,impulse60_cont_840,s040,TP40_SL30,40.0,30.0,1.3333333333333333,720,0.557829934677999,659,10.173433333333165,0.015437683358623923,0.48710166919575115,1.1192736882172645,6.821700000000012,8,3,481,-28.65896666666668,-0.05958205128205131,0.47401247401247404,0.8123606785638678,33.72570000000001,15,1,1140,-18.48553333333352,-0.01621538011695923,0.9223392200060601,117,-3.1829333333333802,0.4358974358974359,132,3.1020666666665644,0.5,123,2.3764666666666443,0.4796747967479675,145,-0.19766666666666133,0.46206896551724136,142,8.075499999999996,0.5492957746478874,134,-4.155633333333336,0.4925373134328358,139,7.872033333333281,0.5755395683453237,130,-12.715833333333304,0.4461538461538462,78,-19.659533333333325,0.3076923076923077
asia_expansion_fade_10|r140|TP20_SL20|H1440,asia_expansion_fade_10,r140,TP20_SL20,20.0,20.0,1.0,1440,0.546842366821582,261,6.3894999999999635,0.024480842911877253,0.5325670498084292,1.0894212286374643,7.102799999999967,8,3,241,-17.36035000000013,-0.0720346473029051,0.45228215767634855,0.8301260818724884,28.57220000000012,8,1,502,-10.970850000000166,-0.021854282868526226,0.9368218557559488,41,-2.871749999999986,0.4878048780487805,52,-0.6710500000000024,0.5384615384615384,68,0.40180000000000327,0.5294117647058824,41,6.007699999999977,0.6341463414634146,59,3.522799999999972,0.4915254237288136,61,-0.3917000000000368,0.4426229508196721,72,-2.6227500000000417,0.4861111111111111,72,-20.34590000000005,0.3611111111111111,36,6.0,0.5833333333333334
asia_expansion_fade_10|r140|TP25_SL20|H1440,asia_expansion_fade_10,r140,TP25_SL20,25.0,20.0,1.25,1440,0.5428256632281583,261,6.411449999999933,0.024564942528735374,0.5287356321839081,1.0896418562153811,7.464100000000006,8,3,241,-15.900750000000151,-0.06597821576763549,0.42738589211618255,0.8499929245283004,28.901750000000142,8,2,502,-9.489300000000217,-0.018902988047809197,0.9465460662973424,41,-3.248699999999985,0.4878048780487805,52,-0.6047500000000127,0.5384615384615384,68,1.1866999999999965,0.5147058823529411,41,4.910549999999989,0.6341463414634146,59,4.167649999999947,0.4915254237288136,61,0.8164499999999644,0.4262295081967213,72,-3.1843000000000528,0.4722222222222222,72,-20.282900000000062,0.3333333333333333,36,6.75,0.5277777777777778
asia_break_10_16|thu_fri|TP20_SL15|H480,asia_break_10_16,thu_fri,TP20_SL15,20.0,15.0,1.3333333333333333,480,0.5420869152631457,482,9.34493333333354,0.019387828492393237,0.49377593360995853,1.0731643282274108,9.213066666666661,6,3,324,31.05633333333337,0.09585288065843633,0.5092592592592593,1.2532848271054924,6.286533333333349,7,4,806,40.40126666666691,0.050125641025641335,1.161385883119274,97,1.130066666666668,0.4845360824742268,97,-4.330000000000004,0.422680412371134,91,-0.969466666666599,0.4945054945054945,97,7.585800000000016,0.5154639175257731,100,5.92853333333346,0.55,98,6.3466666666666685,0.4897959183673469,99,9.58760000000009,0.5555555555555556,81,5.12206666666661,0.4691358024691358,46,10.0,0.5217391304347826
trend_pullback_840|f025|TP10_SL20|H480,trend_pullback_840,f025,TP10_SL20,10.0,20.0,0.5,480,0.5384382029318651,727,9.694949999999816,0.013335557083906211,0.53232462173315,1.0773770520587813,10.440200000000015,10,4,550,-32.931500000000064,-0.05987545454545466,0.5454545454545454,0.8016238633272962,36.68865000000007,8,1,1277,-23.236550000000253,-0.018196202036022124,0.9202316166910252,133,0.597399999999936,0.44360902255639095,137,0.9977999999999038,0.49635036496350365,154,0.4038999999999642,0.538961038961039,153,-5.2974500000000155,0.5359477124183006,150,12.993300000000023,0.6333333333333333,160,-12.796550000000046,0.4625,153,1.5668000000000024,0.5751633986928104,144,-6.778250000000048,0.5972222222222222,93,-14.923499999999967,0.5591397849462365
asia_break_09_14|thu_fri|TP20_SL15|H480,asia_break_09_14,thu_fri,TP20_SL15,20.0,15.0,1.3333333333333333,480,0.5360065221101842,442,8.435533333333307,0.019084917043740515,0.47058823529411764,1.0780905935559042,8.056599999999966,7,3,290,28.08006666666665,0.09682781609195397,0.5206896551724138,1.2684157834733503,8.492666666666633,6,4,732,36.51559999999996,0.04988469945355185,1.1717278347050537,96,0.16953333333331078,0.4166666666666667,87,-2.9856666666666882,0.3793103448275862,80,-0.36686666666664713,0.4875,91,8.298266666666692,0.5164835164835165,88,3.320266666666642,0.5568181818181818,90,1.1536666666666702,0.4777777777777778,88,16.335199999999986,0.6022727272727273,78,7.257866666666661,0.5,34,3.333333333333332,0.47058823529411764
asia_break_10_16|thu_fri|TP25_SL20|H1440,asia_break_10_16,thu_fri,TP25_SL20,25.0,20.0,1.25,1440,0.534847052379282,482,8.44645000000005,0.017523755186722095,0.475103734439834,1.0759052358432286,7.003950000000043,8,3,324,44.28579999999995,0.13668456790123443,0.5308641975308642,1.4101471261046492,7.598849999999992,9,4,806,52.73225000000002,0.0654246277915633,1.2405101626373165,97,-1.1205499999999469,0.422680412371134,97,-2.846949999999992,0.44329896907216493,91,5.0057000000000365,0.5164835164835165,97,5.562149999999972,0.5051546391752577,100,1.8460999999999785,0.49,98,10.428349999999968,0.5,99,22.065850000000047,0.5959595959595959,81,1.5415999999999475,0.48148148148148145,46,10.25,0.5434782608695652
trend_pullback_840|f025|TP10_SL25|H1440,trend_pullback_840,f025,TP10_SL25,10.0,25.0,0.4,1440,0.5279681784626086,727,10.735439999999965,0.014766767537826637,0.5653370013755158,1.089122739438537,8.534120000000017,7,3,550,-28.234719999999996,-0.051335854545454536,0.6036363636363636,0.813999203683399,31.767760000000017,6,1,1277,-17.49928000000003,-0.013703429913860634,0.9357248398674597,133,3.6114799999999656,0.47368421052631576,137,-2.351120000000019,0.48905109489051096,154,0.49636000000000546,0.5974025974025974,153,-3.715040000000009,0.5751633986928104,150,12.693760000000019,0.6733333333333333,160,-5.780480000000025,0.55,153,2.3819599999999976,0.6339869281045751,144,-8.836199999999973,0.6388888888888888,93,-16.000000000000004,0.5913978494623656
asia_break_10_16|thu_fri|TP15_SL25|H720,asia_break_10_16,thu_fri,TP15_SL25,15.0,25.0,0.6,720,0.5269267642793658,482,7.990080000000015,0.016576929460580946,0.495850622406639,1.1018729647923422,6.492399999999998,8,3,324,21.473679999999973,0.0662767901234567,0.5925925925925926,1.279659975078452,8.207599999999996,11,4,806,29.46375999999999,0.03655553349875929,1.1898233154718598,97,-0.659399999999996,0.4639175257731959,97,-3.6997600000000235,0.44329896907216493,91,5.0923599999999976,0.5274725274725275,97,4.310880000000015,0.5154639175257731,100,2.946000000000022,0.53,98,4.779840000000004,0.5,99,7.320000000000008,0.6262626262626263,81,2.573839999999963,0.5925925925925926,46,6.799999999999999,0.717391304347826
asia_break_09_14|thu_fri|TP20_SL20|H720,asia_break_09_14,thu_fri,TP20_SL20,20.0,20.0,1.0,720,0.5183517952721979,442,8.027450000000048,0.018161651583710515,0.49547511312217196,1.0872221829857285,8.061299999999964,8,3,290,28.85650000000003,0.0995051724137932,0.5310344827586206,1.3206616253937917,8.961000000000025,11,4,732,36.88395000000007,0.05038790983606567,1.2026312319736305,96,-0.9669500000000193,0.4583333333333333,87,-4.235749999999996,0.45977011494252873,80,5.026150000000042,0.55,91,7.6898500000000345,0.5054945054945055,88,0.514149999999983,0.5113636363636364,90,3.1038499999999885,0.43333333333333335,88,18.32385000000004,0.6363636363636364,78,5.428800000000002,0.5256410256410257,34,2.0,0.5294117647058824
asia_break_10_16|thu_fri|TP15_SL20|H1440,asia_break_10_16,thu_fri,TP15_SL20,15.0,20.0,0.75,1440,0.497712834426199,482,7.708400000000074,0.015992531120332103,0.491701244813278,1.0720566776565787,7.187099999999975,8,3,324,26.365999999999943,0.08137654320987636,0.5802469135802469,1.271548483444049,7.75,9,4,806,34.07440000000001,0.042275930521091826,1.166972522919618,97,-1.6051499999999468,0.422680412371134,97,-3.6359999999999895,0.44329896907216493,91,3.8327000000000466,0.5274725274725275,97,5.326499999999988,0.5463917525773195,100,3.7903499999999783,0.52,98,5.444649999999978,0.5102040816326531,99,9.26885000000002,0.6060606060606061,81,6.902499999999941,0.6049382716049383,46,4.75,0.6304347826086957
trend_pullback_840|f025|TP25_SL20|H480,trend_pullback_840,f025,TP25_SL20,25.0,20.0,1.25,480,0.48629754965240546,727,13.880399999999801,0.019092709766162036,0.5006877579092159,1.1038650451814875,13.951400000000056,10,2,550,-10.13879999999999,-0.018434181818181797,0.4636363636363636,0.9484297439950927,29.814499999999953,10,1,1277,3.7415999999998135,0.002929992169146291,1.0113299247063876,133,-1.0867000000000642,0.43609022556390975,137,1.2541499999999133,0.48175182481751827,154,-2.205350000000022,0.4675324675324675,153,-4.446050000000012,0.49673202614379086,150,20.36434999999999,0.6133333333333333,160,-10.277550000000065,0.425,153,5.576200000000132,0.5163398692810458,144,-3.811450000000103,0.4652777777777778,93,-1.625999999999956,0.44086021505376344
trend_pullback_840|f025|TP40_SL30|H1440,trend_pullback_840,f025,TP40_SL30,40.0,30.0,1.3333333333333333,1440,0.4806192928466555,727,10.220700000000015,0.014058734525447062,0.5006877579092159,1.0887225607524178,10.412666666666672,7,3,550,-15.956599999999973,-0.02901199999999995,0.45636363636363636,0.9137734633707709,33.71473333333333,12,1,1277,-5.735899999999959,-0.004491699295223147,0.9808964333947446,133,1.2016333333333398,0.45864661654135336,137,-1.8118000000000096,0.4744525547445255,154,0.036300000000041854,0.4805194805194805,153,-1.4231333333333478,0.5098039215686274,150,12.21769999999999,0.5733333333333334,160,-1.582600000000033,0.5,153,7.345700000000109,0.48366013071895425,144,-4.015266666666703,0.4583333333333333,93,-17.70443333333335,0.3333333333333333
impulse60_cont_840|s040|TP20_SL20|H720,impulse60_cont_840,s040,TP20_SL20,20.0,20.0,1.0,720,0.4804570902322133,659,10.774999999999771,0.016350531107738653,0.48710166919575115,1.0848684145753116,13.083400000000017,8,3,481,-13.311250000000062,-0.027674116424116553,0.5051975051975052,0.9231150886764817,23.663850000000025,15,1,1140,-2.5362500000002948,-0.0022247807017546444,0.9915484645780269,117,-4.35670000000008,0.4358974358974359,132,4.386799999999857,0.5,123,2.541449999999998,0.4715447154471545,145,-3.647000000000003,0.46206896551724136,142,11.850450000000002,0.5563380281690141,134,-7.681900000000032,0.4925373134328358,139,12.812699999999914,0.5827338129496403,130,-9.178049999999962,0.47692307692307695,78,-9.263999999999987,0.4358974358974359
asia_break_09_14|thu_fri|TP15_SL20|H720,asia_break_09_14,thu_fri,TP15_SL20,15.0,20.0,0.75,720,0.4803727913513436,442,7.233750000000036,0.016365950226244427,0.504524886877828,1.080220708836671,7.98304999999997,8,3,290,16.23040000000002,0.05596689655172421,0.5517241379310345,1.189098721547053,8.786999999999992,11,3,732,23.464150000000053,0.03205484972677603,1.1333164586593216,96,-1.649050000000022,0.4583333333333333,87,-3.461450000000013,0.45977011494252873,80,5.406800000000034,0.5625,91,4.309700000000044,0.5054945054945055,88,2.627749999999991,0.5454545454545454,90,1.0575000000000148,0.4444444444444444,88,13.054899999999998,0.6477272727272727,78,2.8680000000000065,0.5641025641025641,34,-0.75,0.5588235294117647
trend_pullback_840|f025|TP15_SL20|H1440,trend_pullback_840,f025,TP15_SL20,15.0,20.0,0.75,1440,0.46643614486348145,727,13.74435000000001,0.01890557083906466,0.5213204951856947,1.0839333472363737,14.673350000000026,7,2,550,-22.61949999999998,-0.0411263636363636,0.5145454545454545,0.8897405506611205,34.31184999999998,9,0,1277,-8.875149999999977,-0.006949999999999981,0.9759416548229322,133,2.9061499999999905,0.46616541353383456,137,-1.1597500000000194,0.4744525547445255,154,-4.188599999999974,0.5064935064935064,153,-3.6443499999999736,0.5228758169934641,150,19.830899999999986,0.6266666666666667,160,-3.1255999999999986,0.5125,153,-0.361849999999982,0.5032679738562091,144,-4.882050000000003,0.5486111111111112,93,-14.25,0.4838709677419355
trend_pullback_840|f025|TP10_SL25|H480,trend_pullback_840,f025,TP10_SL25,10.0,25.0,0.4,480,0.45504388222234904,727,6.798719999999841,0.00935174690508919,0.5337001375515819,1.0670985733341896,8.70176000000001,10,4,550,-28.20688000000003,-0.05128523636363642,0.5581818181818182,0.7942774657198152,30.454400000000017,8,1,1277,-21.408160000000194,-0.016764416601409704,0.9102140938326156,133,0.5530399999999462,0.44360902255639095,137,0.8589999999999239,0.49635036496350365,154,0.034319999999970596,0.5454545454545454,153,-4.644120000000012,0.5359477124183006,150,9.99648000000001,0.6333333333333333,160,-9.290480000000032,0.4625,153,2.8783600000000025,0.5816993464052288,144,-6.055960000000032,0.6180555555555556,93,-15.738799999999975,0.5913978494623656
trend_pullback_840|f025|TP15_SL20|H480,trend_pullback_840,f025,TP15_SL20,15.0,20.0,0.75,480,0.4549884354320421,727,12.968999999999792,0.01783906464924318,0.5103163686382394,1.0985542489123603,13.714400000000056,10,2,550,-21.065650000000055,-0.038301181818181915,0.49818181818181817,0.8854439758659409,31.17349999999997,9,1,1277,-8.09665000000026,-0.006340368050117666,0.9743356197817935,133,-0.39155000000007456,0.43609022556390975,137,1.7252499999998925,0.48175182481751827,154,-4.043300000000011,0.4805194805194805,153,-3.7160500000000183,0.5098039215686274,150,19.394650000000002,0.6333333333333333,160,-10.004650000000016,0.43125,153,2.720299999999998,0.5294117647058824,144,-1.107800000000065,0.5416666666666666,93,-12.673499999999969,0.4946236559139785
trend_pullback_840|f025|TP30_SL25|H480,trend_pullback_840,f025,TP30_SL25,30.0,25.0,1.2,480,0.43021216927705336,727,11.300599999999832,0.015544154057771434,0.5006877579092159,1.103661572658866,11.30908000000005,10,2,550,-4.699199999999985,-0.008543999999999973,0.4709090909090909,0.9718997989118229,27.749879999999976,9,1,1277,6.601399999999844,0.005169459671104028,1.0238969480946727,133,-0.9198800000000484,0.43609022556390975,137,1.0381999999999243,0.48175182481751827,154,-1.4366000000000174,0.474025974025974,153,-3.6835600000000164,0.49673202614379086,150,16.302439999999986,0.6066666666666667,160,-6.68064000000004,0.425,153,6.484520000000084,0.5228758169934641,144,-0.05960000000008381,0.4861111111111111,93,-4.443479999999944,0.44086021505376344
impulse60_cont_840|s040|TP10_SL25|H1440,impulse60_cont_840,s040,TP10_SL25,10.0,25.0,0.4,1440,0.4273347940907093,659,6.2338399999998675,0.009459544764794943,0.5462822458270106,1.0584033241844297,9.812120000000016,7,4,481,-20.495159999999956,-0.04260948024948016,0.6070686070686071,0.8415524415190438,25.467959999999955,8,1,1140,-14.261320000000083,-0.012509929824561476,0.9395930899535744,117,0.9758799999999432,0.47863247863247865,132,0.5804399999999721,0.5151515151515151,123,3.912039999999989,0.5934959349593496,145,-4.56140000000004,0.5241379310344828,142,5.326880000000004,0.6126760563380281,134,-7.664320000000005,0.5298507462686567,139,9.928479999999972,0.6762589928057554,130,-10.091719999999931,0.6230769230769231,78,-12.667599999999984,0.5897435897435898
asia_break_09_14|thu_fri|TP15_SL15|H480,asia_break_09_14,thu_fri,TP15_SL15,15.0,15.0,1.0,480,0.4268444552951248,442,6.337999999999993,0.014339366515837088,0.4751131221719457,1.0595226915000318,8.43519999999997,7,3,290,16.825466666666713,0.0580188505747128,0.5310344827586206,1.1655820618011552,9.712199999999942,5,3,732,23.16346666666671,0.03164408014571955,1.1113122661919252,96,-0.20013333333334515,0.4166666666666667,87,-3.0884666666666982,0.3793103448275862,80,0.1312000000000051,0.4875,91,4.1594666666667015,0.5164835164835165,88,5.335933333333333,0.5795454545454546,90,0.3571333333333164,0.4777777777777778,88,13.258200000000002,0.6136363636363636,78,3.2101333333333972,0.5128205128205128,34,0.0,0.5
asia_break_10_16|thu_fri|TP20_SL15|H1440,asia_break_10_16,thu_fri,TP20_SL15,20.0,15.0,1.3333333333333333,1440,0.41902564223361205,482,6.723600000000072,0.013949377593361146,0.46265560165975106,1.0449652708888508,9.081266666666554,8,3,324,45.23199999999987,0.13960493827160453,0.5030864197530864,1.3447641560727526,6.885066666666647,9,4,806,51.95559999999994,0.06446104218362275,1.1850760588332379,97,-2.0970666666665845,0.422680412371134,97,-4.571533333333308,0.4329896907216495,91,0.053000000000018144,0.4725274725274725,97,11.117066666666641,0.5154639175257731,100,2.2221333333333084,0.47,98,11.941133333333282,0.4897959183673469,99,17.15486666666665,0.5353535353535354,81,6.1359999999999335,0.4691358024691358,46,10.0,0.5217391304347826
asia_compression_break|r070|TP15_SL20|H720,asia_compression_break,r070,TP15_SL20,15.0,20.0,0.75,720,0.4157209266523114,220,3.94749999999998,0.017943181818181726,0.5181818181818182,1.0932126547247418,7.27080000000003,5,3,176,19.536649999999973,0.11100369318181803,0.6022727272727273,1.4149763323098743,4.138049999999998,4,4,396,23.484149999999953,0.059303409090908976,1.262602966508942,34,1.5821500000000015,0.5882352941176471,58,-3.4667999999999775,0.43103448275862066,45,-1.2971000000000117,0.4888888888888889,40,0.6862499999999618,0.475,43,6.443000000000008,0.6511627906976745,46,2.0306500000000143,0.5217391304347826,45,3.7455499999999686,0.5777777777777777,50,1.5104499999999916,0.58,35,12.25,0.7714285714285715
impulse60_cont_840|s040|TP15_SL25|H1440,impulse60_cont_840,s040,TP15_SL25,15.0,25.0,0.6,1440,0.4143908510562174,659,8.998639999999893,0.013654992412746423,0.511380880121396,1.0772490246265893,12.773080000000014,9,3,481,-26.859639999999942,-0.05584124740124728,0.5239085239085239,0.8272827469484711,30.673399999999962,8,1,1140,-17.86100000000005,-0.015667543859649167,0.934334780926476,117,-0.9126400000000654,0.4700854700854701,132,3.7503599999999815,0.5,123,2.8365999999999985,0.5365853658536586,145,-4.255120000000044,0.47586206896551725,142,7.5794400000000195,0.5704225352112676,134,-5.843200000000009,0.5,139,6.303719999999983,0.5611510791366906,130,-12.652559999999939,0.5230769230769231,78,-14.667599999999982,0.5
trend_pullback_840|f025|TP20_SL20|H480,trend_pullback_840,f025,TP20_SL20,20.0,20.0,1.0,480,0.4131617518574838,727,12.601999999999792,0.017334250343878668,0.5034387895460798,1.0947609639269913,15.54485000000006,10,2,550,-12.31335000000007,-0.02238790909090922,0.48,0.9353092359687862,29.950499999999966,10,1,1277,0.28864999999971985,0.0002260375880968832,1.0008927440614266,133,-0.9870000000000685,0.43609022556390975,137,1.6703499999999056,0.48175182481751827,154,-2.8348000000000075,0.474025974025974,153,-5.255000000000029,0.49673202614379086,150,20.008449999999996,0.62,160,-11.518500000000051,0.425,153,6.025050000000033,0.5228758169934641,144,-5.3964000000000825,0.4861111111111111,93,-1.423499999999967,0.4946236559139785
asia_break_10_16|thu_fri|TP30_SL25|H720,asia_break_10_16,thu_fri,TP30_SL25,30.0,25.0,1.2,720,0.41268566840026694,482,5.477080000000051,0.011363236514522927,0.47717842323651455,1.0667025526110685,6.008599999999998,8,3,324,30.453320000000012,0.09399172839506177,0.5308641975308642,1.3425069449911713,12.055880000000002,11,3,806,35.93040000000006,0.04457866004962787,1.210088583540418,97,0.05223999999999247,0.4639175257731959,97,-3.50228000000001,0.4329896907216495,91,6.056040000000002,0.5054945054945055,97,3.1696000000000084,0.4845360824742268,100,-0.29851999999994383,0.5,98,8.662720000000007,0.4897959183673469,99,13.889880000000074,0.6161616161616161,81,-2.5468800000000376,0.4691358024691358,46,10.447599999999962,0.5434782608695652
asia_break_09_14|thu_fri|TP25_SL20|H720,asia_break_09_14,thu_fri,TP25_SL20,25.0,20.0,1.25,720,0.4108990733335671,442,7.556950000000043,0.017097171945701456,0.48868778280542985,1.0807593372924233,8.313350000000003,8,2,290,28.85145000000002,0.09948775862068973,0.5137931034482759,1.306931951765701,12.261699999999998,11,3,732,36.40840000000006,0.0497382513661203,1.1941023557736399,96,-0.6836500000000223,0.4583333333333333,87,-4.793100000000005,0.4482758620689655,80,6.133400000000039,0.55,91,7.362150000000031,0.4945054945054945,88,-0.46185000000000453,0.5,90,3.7021499999999836,0.43333333333333335,88,21.267400000000045,0.6363636363636364,78,-0.36810000000000453,0.47435897435897434,34,4.25,0.5
asia_break_10_16|thu_fri|TP20_SL15|H720,asia_break_10_16,thu_fri,TP20_SL15,20.0,15.0,1.3333333333333333,720,0.4097906391234989,482,6.57960000000007,0.01365062240663915,0.470954356846473,1.0473453566828417,9.291399999999992,8,3,324,38.58166666666669,0.11907921810699597,0.49691358024691357,1.3036875957345992,7.925600000000029,11,4,806,45.16126666666676,0.05603134822167092,1.1697700925313783,97,-0.7356666666666729,0.4639175257731959,97,-4.657999999999977,0.4329896907216495,91,0.4803333333333128,0.4835164835164835,97,7.043999999999989,0.4845360824742268,100,4.448933333333418,0.49,98,10.065933333333318,0.47959183673469385,99,13.290600000000081,0.5353535353535354,81,5.225133333333295,0.4567901234567901,46,10.0,0.5217391304347826
impulse60_cont_840|s040|TP20_SL20|H480,impulse60_cont_840,s040,TP20_SL20,20.0,20.0,1.0,480,0.4097870709632276,659,11.053349999999774,0.016772913505310735,0.4992412746585736,1.090454685503361,13.25875000000002,8,2,481,-12.294800000000077,-0.025560914760914922,0.4885654885654886,0.9276575188272969,23.834400000000002,8,1,1140,-1.2414500000003033,-0.0010889912280704415,0.9957506468843856,117,-4.309250000000089,0.4358974358974359,132,5.248499999999932,0.5227272727272727,123,-0.7812000000000341,0.45528455284552843,145,-1.2268999999999788,0.4827586206896552,142,12.12219999999994,0.5845070422535211,134,-8.7449000000001,0.4552238805970149,139,14.7818,0.5683453237410072,130,-8.877699999999981,0.46923076923076923,78,-9.453999999999997,0.4358974358974359
trend_pullback_840|f025|TP40_SL30|H720,trend_pullback_840,f025,TP40_SL30,40.0,30.0,1.3333333333333333,720,0.4068328651732797,727,10.389899999999942,0.014291471801925642,0.5034387895460798,1.1078065191578899,10.671233333333326,8,2,550,-18.891500000000015,-0.03434818181818185,0.4727272727272727,0.8866098620579544,30.921633333333315,10,1,1277,-8.501600000000074,-0.00665747846515276,0.9676722671000216,133,-1.0498666666667,0.45864661654135336,137,0.2056999999999557,0.48905109489051096,154,-1.0965999999999898,0.4935064935064935,153,-2.7865999999999778,0.46405228758169936,150,15.117266666666652,0.6066666666666667,160,-3.069500000000008,0.4875,153,6.368800000000019,0.5359477124183006,144,-3.928900000000055,0.4722222222222222,93,-18.261899999999972,0.34408602150537637
impulse60_cont_840|s040|TP30_SL25|H720,impulse60_cont_840,s040,TP30_SL25,30.0,25.0,1.2,720,0.4066503204187062,659,7.857559999999773,0.011923459787556559,0.48558421851289835,1.076372200906096,10.31408000000004,8,3,481,-27.941120000000012,-0.058089646569646596,0.4760914760914761,0.8308839728979732,35.328960000000045,15,1,1140,-20.083560000000233,-0.017617157894737046,0.925090334442207,117,-3.819520000000056,0.4358974358974359,132,3.722479999999877,0.5,123,0.7035599999999798,0.4715447154471545,145,-1.8616400000000146,0.46206896551724136,142,9.11267999999999,0.5492957746478874,134,-4.728880000000018,0.4925373134328358,139,9.273919999999933,0.5755395683453237,130,-13.19975999999995,0.4461538461538462,78,-19.28639999999998,0.32051282051282054
trend_pullback_840|f025|TP25_SL20|H1440,trend_pullback_840,f025,TP25_SL20,25.0,20.0,1.25,1440,0.4052661952022125,727,12.039750000000016,0.016560866574965635,0.49793672627235214,1.0715154218725313,14.371099999999998,8,2,550,-1.4590000000000107,-0.0026527272727272923,0.4690909090909091,0.9934280981461064,31.325999999999976,10,1,1277,10.580750000000002,0.008285630383711827,1.027105278225053,133,1.578200000000015,0.45864661654135336,137,-2.4370500000000224,0.4744525547445255,154,-2.4564999999999833,0.461038961038961,153,-3.663099999999986,0.5098039215686274,150,19.01819999999999,0.58,160,-4.494300000000054,0.49375,153,7.133600000000081,0.47058823529411764,144,-3.34830000000004,0.4583333333333333,93,-0.75,0.44086021505376344
trend_pullback_840|f025|TP20_SL20|H1440,trend_pullback_840,f025,TP20_SL20,20.0,20.0,1.0,1440,0.40347560171238495,727,12.770049999999985,0.017565405777166417,0.5075653370013755,1.0766445656694907,16.364549999999998,7,2,550,-6.414149999999912,-0.011662090909090749,0.4890909090909091,0.9699585147750868,32.32599999999998,10,1,1277,6.35590000000006,0.004977212216131605,1.016720611832492,133,2.4454500000000157,0.45864661654135336,137,-2.2188500000000326,0.4744525547445255,154,-2.4123499999999813,0.487012987012987,153,-4.983749999999998,0.5098039215686274,150,19.939549999999976,0.6,160,-4.603450000000021,0.49375,153,4.933250000000077,0.49019607843137253,144,-3.7439499999999732,0.4861111111111111,93,-3.0,0.4838709677419355
asia_break_10_16|thu_fri|TP15_SL15|H480,asia_break_10_16,thu_fri,TP15_SL15,15.0,15.0,1.0,480,0.3941891211989044,482,6.461466666666881,0.01340553250345826,0.5,1.051341896496196,10.026066666666644,6,3,324,22.042800000000003,0.06803333333333335,0.5308641975308642,1.1888730975137727,6.254866666666688,7,4,806,28.504266666666883,0.0353650951199341,1.1175149379668983,97,0.5216666666666702,0.4845360824742268,97,-5.451266666666667,0.422680412371134,91,-1.5067999999999453,0.4945054945054945,97,5.383066666666703,0.5257731958762887,100,7.514800000000119,0.57,98,4.984399999999975,0.4897959183673469,99,5.843200000000054,0.5656565656565656,81,3.2151999999999727,0.5061728395061729,46,8.0,0.5869565217391305
impulse60_cont_840|s040|TP15_SL20|H720,impulse60_cont_840,s040,TP15_SL20,15.0,20.0,0.75,720,0.3826683375073994,659,8.481899999999758,0.012870864946888858,0.4946889226100152,1.0675996193591248,13.417300000000022,8,3,481,-19.02635000000005,-0.03955582120582131,0.5280665280665281,0.8855417102434553,28.65595000000003,8,1,1140,-10.544450000000293,-0.009249517543859906,0.9638519976626833,117,-4.022350000000086,0.4358974358974359,132,4.281099999999856,0.5,123,0.14500000000000424,0.4878048780487805,145,-3.1491000000000104,0.4689655172413793,142,11.227249999999994,0.5704225352112676,134,-5.296149999999991,0.5074626865671642,139,9.216649999999914,0.5899280575539568,130,-10.432849999999986,0.5153846153846153,78,-12.513999999999987,0.47435897435897434
impulse60_cont_840|s040|TP30_SL25|H480,impulse60_cont_840,s040,TP30_SL25,30.0,25.0,1.2,480,0.3781344804396411,659,9.140599999999795,0.013870409711684059,0.4992412746585736,1.092841289194428,10.433400000000049,8,2,481,-26.205519999999947,-0.05448133056133045,0.4656964656964657,0.8342013363847361,34.07663999999998,8,1,1140,-17.064920000000146,-0.014969228070175568,0.9334727741168459,117,-3.652800000000061,0.4358974358974359,132,4.599079999999949,0.5303030303030303,123,-0.7324400000000518,0.45528455284552843,145,-1.0074799999999957,0.4827586206896552,142,9.934239999999955,0.5774647887323944,134,-5.976800000000077,0.4552238805970149,139,10.049120000000057,0.5683453237410072,130,-11.16503999999999,0.43846153846153846,78,-19.112799999999933,0.34615384615384615
asia_compression_break|r070|TP15_SL15|H480,asia_compression_break,r070,TP15_SL15,15.0,15.0,1.0,480,0.369885108785605,220,4.021999999999829,0.018281818181817403,0.4954545454545455,1.0806196205145029,10.49346666666667,6,3,176,17.031666666666663,0.0967708333333333,0.5397727272727273,1.29827891983276,5.673666666666653,9,3,396,21.053666666666487,0.053165824915824465,1.196784573530088,34,4.45033333333328,0.6176470588235294,58,-3.522866666666717,0.39655172413793105,45,-2.950733333333316,0.4444444444444444,40,1.9609999999999521,0.5,43,4.08426666666663,0.5813953488372093,46,-0.7922000000000329,0.45652173913043476,45,5.822200000000021,0.5333333333333333,50,1.0016666666666731,0.54,35,11.0,0.6571428571428571
asia_expansion_fade_10|r140|TP15_SL20|H1440,asia_expansion_fade_10,r140,TP15_SL20,15.0,20.0,0.75,1440,0.36309103488431904,261,3.50124999999997,0.013414750957854292,0.5478927203065134,1.0500242531009318,6.909049999999979,8,3,241,-13.526700000000073,-0.05612738589211649,0.5020746887966805,0.85447900888185,23.19040000000008,8,2,502,-10.025450000000102,-0.019971015936255183,0.9384732791165584,41,-2.574749999999983,0.4878048780487805,52,-1.0911500000000047,0.5384615384615384,68,1.015649999999995,0.5735294117647058,41,5.052449999999988,0.6341463414634146,59,1.099049999999977,0.5084745762711864,61,-1.371850000000018,0.45901639344262296,72,1.8361999999999852,0.5555555555555556,72,-16.49105000000004,0.4305555555555556,36,2.5,0.6111111111111112
trend_pullback_840|f025|TP25_SL20|H720,trend_pullback_840,f025,TP25_SL20,25.0,20.0,1.25,720,0.3629646406509121,727,12.19849999999991,0.016779229711141555,0.5020632737276479,1.0865328411231918,17.78394999999999,8,2,550,-8.224650000000166,-0.014953909090909392,0.48727272727272725,0.9594608382426,30.245849999999972,10,1,1277,3.973849999999743,0.003111863743147802,1.0115568885610977,133,-1.4986500000000547,0.45864661654135336,137,0.50829999999994,0.48905109489051096,154,-3.0029499999999882,0.4805194805194805,153,-5.964899999999965,0.46405228758169936,150,22.15669999999998,0.6133333333333333,160,-8.417050000000074,0.4875,153,6.264049999999974,0.5424836601307189,144,-5.7483000000000875,0.4583333333333333,93,-0.3233499999999818,0.44086021505376344
asia_compression_break|r070|TP15_SL25|H480,asia_compression_break,r070,TP15_SL25,15.0,25.0,0.6,480,0.3617152754263088,220,3.004559999999919,0.013657090909090541,0.5045454545454545,1.1013114077502917,6.740959999999996,6,3,176,12.682239999999982,0.07205818181818172,0.5795454545454546,1.3523173273950002,3.734720000000001,9,2,396,15.686799999999906,0.03961313131313107,1.2389338421880247,34,2.6701999999999675,0.6176470588235294,58,-2.344280000000026,0.39655172413793105,45,-1.9815599999999727,0.4444444444444444,40,1.4461999999999622,0.5,43,3.213999999999987,0.627906976744186,46,-0.8757200000000287,0.45652173913043476,45,4.22184000000002,0.5555555555555556,50,-0.4638800000000082,0.56,35,9.799999999999999,0.8
asia_break_10_16|thu_fri|TP10_SL20|H480,asia_break_10_16,thu_fri,TP10_SL20,10.0,20.0,0.5,480,0.3605527531713929,482,3.647400000000073,0.0075672199170125996,0.5311203319502075,1.0421224280506693,8.933750000000009,6,4,324,16.444899999999986,0.05075586419753082,0.6265432098765432,1.2116237411238453,7.5,7,3,806,20.09230000000006,0.024928411910670047,1.1222913274089596,97,0.018250000000011812,0.4845360824742268,97,-5.49810000000001,0.422680412371134,91,0.25555000000002814,0.5494505494505495,97,3.264450000000045,0.5773195876288659,100,5.6072500000000005,0.62,98,-0.37124999999998703,0.5,99,11.094299999999999,0.6868686868686869,81,5.2218499999999715,0.6790123456790124,46,0.5,0.6739130434782609
trend_pullback_840|f025|TP10_SL20|H720,trend_pullback_840,f025,TP10_SL20,10.0,20.0,0.5,720,0.35986494547202663,727,8.213899999999912,0.01129834938101776,0.5364511691884457,1.0628937848560727,13.1567,8,3,550,-33.648700000000105,-0.06117945454545474,0.5709090909090909,0.8018010005165738,37.70710000000009,8,1,1277,-25.434800000000187,-0.019917619420516983,0.9153222913532005,133,0.37144999999991346,0.46616541353383456,137,0.5170499999999714,0.5036496350364964,154,-0.6313999999999848,0.5584415584415584,153,-6.6888499999999915,0.5032679738562091,150,14.645650000000002,0.64,160,-11.987650000000066,0.51875,153,1.9199499999999379,0.6013071895424836,144,-9.112650000000007,0.6041666666666666,93,-14.468349999999964,0.5591397849462365
trend_pullback_840|f025|TP15_SL25|H1440,trend_pullback_840,f025,TP15_SL25,15.0,25.0,0.6,1440,0.3534016895826819,727,10.082560000000012,0.013868720770288874,0.5240715268225584,1.0759731894790585,13.048960000000008,7,2,550,-23.30991999999994,-0.04238167272727262,0.5345454545454545,0.8665473699493648,32.04244,8,1,1277,-13.227359999999926,-0.010358151918559065,0.956967429912532,133,2.3204399999999894,0.46616541353383456,137,-0.5514400000000119,0.4744525547445255,154,-3.8612399999999636,0.5194805194805194,153,-3.522879999999997,0.5228758169934641,150,15.697679999999991,0.6266666666666667,160,-2.690039999999999,0.51875,153,1.2907600000000645,0.5294117647058824,144,-5.710640000000003,0.5694444444444444,93,-16.199999999999996,0.5161290322580645
asia_compression_break|r070|TP15_SL20|H480,asia_compression_break,r070,TP15_SL20,15.0,20.0,0.75,480,0.34817866372188294,220,3.397549999999876,0.015443409090908527,0.5045454545454545,1.0907731972534631,9.26925000000001,6,3,176,13.94324999999999,0.07922301136363631,0.5681818181818182,1.307083856858277,4.150249999999994,9,2,396,17.340799999999867,0.04378989898989865,1.2093431046419731,34,3.33774999999996,0.6176470588235294,58,-2.892150000000038,0.39655172413793105,45,-2.183199999999988,0.4444444444444444,40,0.47074999999996386,0.5,43,4.6643999999999775,0.627906976744186,46,-0.8446500000000354,0.45652173913043476,45,3.5386500000000183,0.5333333333333333,50,-1.0007499999999938,0.56,35,12.25,0.7714285714285715
impulse60_cont_840|s040|TP10_SL20|H1440,impulse60_cont_840,s040,TP10_SL20,10.0,20.0,0.5,1440,0.3466772102065747,659,6.450449999999854,0.00978823975720767,0.5447647951441578,1.0480430167271122,10.28035,7,3,481,-18.546299999999984,-0.03855779625779623,0.5904365904365905,0.8775767641209217,24.461449999999964,8,1,1140,-12.095850000000132,-0.010610394736842221,0.9576709050528354,117,1.2198499999999284,0.47863247863247865,132,-0.4125000000000463,0.5151515151515151,123,5.338149999999984,0.5934959349593496,145,-4.2254500000000235,0.5241379310344828,142,4.530400000000008,0.6056338028169014,134,-9.4203,0.5223880597014925,139,11.502799999999967,0.6546762589928058,130,-10.128799999999956,0.6,78,-10.5,0.5769230769230769
trend_pullback_840|f025|TP30_SL25|H1440,trend_pullback_840,f025,TP30_SL25,30.0,25.0,1.2,1440,0.34382166356725785,727,10.10208000000002,0.013895570839064677,0.49793672627235214,1.072786275767161,13.693400000000004,8,2,550,6.610840000000033,0.012019709090909152,0.4818181818181818,1.0343176452926224,29.410240000000023,8,2,1277,16.712920000000057,0.01308764291307757,1.0504270372524018,133,1.258080000000009,0.45864661654135336,137,-1.7196000000000187,0.4744525547445255,154,-2.540119999999943,0.4675324675324675,153,-2.0132400000000166,0.5098039215686274,150,15.116959999999988,0.5733333333333334,160,-2.645400000000045,0.5,153,8.776920000000127,0.49019607843137253,144,2.8825199999999667,0.4791666666666667,93,-2.403200000000016,0.44086021505376344
asia_break_09_14|thu_fri|TP15_SL25|H720,asia_break_09_14,thu_fri,TP15_SL25,15.0,25.0,0.6,720,0.34299233621650815,442,4.286480000000034,0.009697918552036276,0.504524886877828,1.0582093727508528,7.502439999999972,8,3,290,17.080080000000024,0.05889682758620698,0.5758620689655173,1.248370765211039,7.52039999999997,11,4,732,21.366560000000064,0.029189289617486427,1.1500381861963995,96,-1.3192400000000186,0.4583333333333333,87,-3.285160000000006,0.45977011494252873,80,4.70712000000003,0.5625,91,3.136800000000039,0.5054945054945055,88,1.0469599999999883,0.5454545454545454,90,0.7656800000000101,0.4444444444444444,88,11.410600000000002,0.6590909090909091,78,3.70380000000001,0.6025641025641025,34,1.2,0.6470588235294118
asia_break_09_14|thu_fri|TP20_SL15|H720,asia_break_09_14,thu_fri,TP20_SL15,20.0,15.0,1.3333333333333333,720,0.3426039075764066,442,5.778400000000023,0.013073303167420865,0.4819004524886878,1.0466672409708615,12.105333333333316,8,3,290,36.95373333333336,0.12742666666666677,0.496551724137931,1.3292530082695488,10.17086666666667,11,4,732,42.73213333333338,0.05837723132969041,1.1810250996513263,96,-1.536533333333364,0.4583333333333333,87,-5.971733333333334,0.4482758620689655,80,3.5978666666667154,0.525,91,8.048200000000023,0.4835164835164835,88,1.6405999999999796,0.5,90,3.5847333333333147,0.4222222222222222,88,22.010800000000074,0.5909090909090909,78,8.024866666666634,0.48717948717948717,34,3.333333333333332,0.47058823529411764
asia_break_10_16|thu_fri|TP10_SL20|H720,asia_break_10_16,thu_fri,TP10_SL20,10.0,20.0,0.5,720,0.3347139685204933,482,4.990750000000002,0.0103542531120332,0.529045643153527,1.054006425690643,9.56065000000001,6,3,324,18.501350000000002,0.057102932098765435,0.6388888888888888,1.2316156012396164,7.5,8,4,806,23.492100000000004,0.029146526054590578,1.1363521995056587,97,-1.4086000000000005,0.4742268041237113,97,-5.808600000000024,0.4639175257731959,91,3.3289500000000203,0.5494505494505495,97,2.8572000000000233,0.5463917525773195,100,6.021799999999985,0.61,98,0.9103499999999948,0.5204081632653061,99,10.92995000000003,0.696969696969697,81,6.161049999999977,0.691358024691358,46,0.5,0.6739130434782609
impulse60_cont_840|s040|TP15_SL20|H480,impulse60_cont_840,s040,TP15_SL20,15.0,20.0,0.75,480,0.33470519931660614,659,9.219799999999747,0.013990591805765928,0.5053110773899848,1.0761751637140557,13.312150000000033,8,2,481,-17.513050000000092,-0.03640966735966755,0.5093555093555093,0.8927011503055733,28.227350000000023,8,1,1140,-8.293250000000342,-0.007274780701754685,0.9708242729946722,117,-3.759400000000086,0.4358974358974359,132,4.9958999999999145,0.5227272727272727,123,-2.3598500000000397,0.4634146341463415,145,-0.9156499999999819,0.4896551724137931,142,11.25879999999994,0.5985915492957746,134,-6.322200000000047,0.4701492537313433,139,10.552399999999967,0.5755395683453237,130,-9.039250000000015,0.5,78,-12.703999999999997,0.47435897435897434
trend_pullback_840|f025|TP20_SL15|H1440,trend_pullback_840,f025,TP20_SL15,20.0,15.0,1.3333333333333333,1440,0.3327670594804847,727,12.646466666666623,0.017395414947271832,0.49105914718019256,1.0584578651417047,20.530400000000007,9,2,550,-4.259533333333326,-0.0077446060606060465,0.4490909090909091,0.9832451443619112,38.0,11,2,1277,8.38693333333329,0.006567684677629828,1.0178232446539404,133,3.661333333333353,0.45864661654135336,137,-1.2959333333333691,0.4744525547445255,154,-2.796200000000034,0.4675324675324675,153,-6.23999999999998,0.49019607843137253,150,19.317266666666647,0.56,160,-0.9555333333333866,0.4875,153,9.515000000000093,0.46405228758169936,144,0.8476666666666395,0.4444444444444444,93,-13.666666666666668,0.3655913978494624
trend_pullback_840|f025|TP15_SL15|H480,trend_pullback_840,f025,TP15_SL15,15.0,15.0,1.0,480,0.33200217996589965,727,11.58139999999971,0.01593039889958695,0.4965612104539202,1.0655691484061474,18.042800000000017,13,2,550,-33.15786666666677,-0.06028703030303049,0.45636363636363636,0.8567801566420241,42.0,10,1,1277,-21.576466666667056,-0.016896215087444835,0.9471354291298645,133,-0.03913333333343849,0.43609022556390975,137,2.232866666666512,0.48175182481751827,154,-5.323133333333331,0.4675324675324675,153,-6.022866666666687,0.49019607843137253,150,20.733666666666657,0.6,160,-9.225,0.43125,153,3.446133333333258,0.5098039215686274,144,-2.379000000000027,0.4861111111111111,93,-25.0,0.3655913978494624
asia_break_10_16|thu_fri|TP10_SL25|H480,asia_break_10_16,thu_fri,TP10_SL25,10.0,25.0,0.4,480,0.3268056103497848,482,2.3835600000000534,0.004945145228215878,0.5311203319502075,1.0341451367432828,7.239440000000011,6,4,324,11.634439999999977,0.03590876543209869,0.6388888888888888,1.1782017043244055,8.623199999999988,7,3,806,14.018000000000033,0.017392059553349916,1.1037642022532925,97,0.014600000000009605,0.4845360824742268,97,-4.443680000000013,0.422680412371134,91,0.5312800000000253,0.5494505494505495,97,3.045080000000035,0.5773195876288659,100,3.236279999999998,0.62,98,-0.9102399999999937,0.5,99,9.17348,0.696969696969697,81,3.1711999999999714,0.691358024691358,46,0.19999999999999962,0.717391304347826
asia_break_10_16|thu_fri|TP10_SL20|H1440,asia_break_10_16,thu_fri,TP10_SL20,10.0,20.0,0.5,1440,0.32547972195252495,482,4.922250000000075,0.010212136929460736,0.5414937759336099,1.049348140365371,9.90614999999991,8,3,324,19.504050000000007,0.06019768518518521,0.6574074074074074,1.2403298118977986,7.5,6,4,806,24.426300000000083,0.03030558312655097,1.135025974187504,97,-1.5046999999999573,0.4329896907216495,97,-4.96774999999999,0.4639175257731959,91,2.137200000000042,0.5824175824175825,97,3.039300000000014,0.5979381443298969,100,6.2181999999999675,0.63,98,0.6931999999999904,0.5408163265306123,99,10.955650000000048,0.7171717171717171,81,7.355199999999967,0.7160493827160493,46,0.5,0.6739130434782609
impulse60_cont_840|s040|TP20_SL15|H1440,impulse60_cont_840,s040,TP20_SL15,20.0,15.0,1.3333333333333333,1440,0.3215202787680829,659,9.851199999999857,0.014948710166919357,0.48103186646433993,1.0503700512126872,20.820133333333306,9,3,481,-12.896133333333236,-0.026811088011087808,0.4365904365904366,0.9425936686314327,25.93513333333331,8,2,1140,-3.04493333333337,-0.002670994152046816,0.9927540071574684,117,-1.5478666666667624,0.46153846153846156,132,7.698666666666623,0.5,123,6.652866666666642,0.4878048780487805,145,-8.091933333333344,0.4413793103448276,142,5.139466666666699,0.5140845070422535,134,-8.428866666666694,0.44029850746268656,139,12.658466666666719,0.4892086330935252,130,0.20760000000008594,0.43846153846153846,78,-17.33333333333334,0.3333333333333333
prevclose_cont_840|all|TP40_SL30|H480,prevclose_cont_840,all,TP40_SL30,40.0,30.0,1.3333333333333333,480,0.3202318196137621,1304,7.607933333333155,0.005834304703476346,0.47929447852760737,1.045690457649274,9.30590000000009,11,3,949,20.650433333333275,0.02176020372321736,0.48261327713382507,1.0837037207178235,18.285400000000102,8,4,2253,28.258366666666433,0.012542550673176401,1.068385932560377,260,-1.2532666666667331,0.45,261,-4.4723000000000415,0.44061302681992337,262,5.778833333333333,0.5076335877862596,261,1.7790333333332775,0.4789272030651341,260,5.7756333333333245,0.5192307692307693,260,1.7627666666665998,0.45,262,8.804333333333382,0.5,261,0.9851666666665526,0.4942528735632184,166,9.098166666666742,0.4879518072289157
asia_break_10_16|thu_fri|TP15_SL25|H1440,asia_break_10_16,thu_fri,TP15_SL25,15.0,25.0,0.6,1440,0.31940508227890724,482,3.465800000000062,0.007190456431535398,0.491701244813278,1.0392580902838666,5.753959999999989,8,3,324,22.966039999999957,0.0708828395061727,0.6049382716049383,1.2849287046746285,8.599999999999984,9,4,806,26.431840000000022,0.03279384615384618,1.1565077342478798,97,-1.2841199999999569,0.422680412371134,97,-2.9130799999999994,0.44329896907216493,91,3.0932800000000413,0.5274725274725275,97,3.2255999999999947,0.5463917525773195,100,1.3441199999999838,0.52,98,4.082959999999983,0.5102040816326531,99,7.984560000000038,0.6262626262626263,81,4.098519999999935,0.6296296296296297,46,6.799999999999999,0.717391304347826
trend_pullback_840|f025|TP15_SL25|H480,trend_pullback_840,f025,TP15_SL25,15.0,25.0,0.6,480,0.31461706780971854,727,8.692319999999828,0.011956423658871842,0.5116918844566712,1.0811698183401905,12.26648000000005,10,2,550,-20.314200000000024,-0.036934909090909136,0.5109090909090909,0.8682765892051928,28.338799999999967,9,1,1277,-11.621880000000203,-0.009100924040720599,0.9555239843083988,133,-0.36376000000005676,0.43609022556390975,137,1.4409599999999134,0.48175182481751827,154,-4.12344000000001,0.487012987012987,153,-3.379000000000015,0.5098039215686274,150,15.117559999999994,0.6333333333333333,160,-7.056960000000008,0.43125,153,3.6011599999999993,0.5359477124183006,144,-2.3196000000000456,0.5625,93,-14.538799999999975,0.5268817204301075
trend_pullback_840|f025|TP30_SL25|H720,trend_pullback_840,f025,TP30_SL25,30.0,25.0,1.2,720,0.31431270030068426,727,9.721519999999916,0.013372104539202087,0.5020632737276479,1.0840514051335959,14.869919999999997,8,2,550,-3.929400000000066,-0.007144363636363756,0.4890909090909091,0.9774823561934348,27.934120000000004,10,1,1277,5.792119999999857,0.004535724353954469,1.0199614867084477,133,-1.25984000000004,0.45864661654135336,137,0.44683999999994795,0.48905109489051096,154,-2.581839999999984,0.487012987012987,153,-4.78855999999998,0.46405228758169936,150,17.904919999999972,0.6066666666666667,160,-5.144600000000038,0.4875,153,8.13992000000001,0.5424836601307189,144,-3.7424400000000615,0.4722222222222222,93,-3.1822799999999756,0.43010752688172044
asia_compression_break|r070|TP30_SL25|H480,asia_compression_break,r070,TP30_SL25,30.0,25.0,1.2,480,0.314297590073557,220,2.573799999999954,0.0116990909090907,0.4909090909090909,1.0823351473638536,7.712999999999993,6,3,176,16.26547999999992,0.09241749999999954,0.5170454545454546,1.3814631052924335,5.538760000000002,9,3,396,18.83927999999987,0.047573939393939065,1.2549301919248435,34,2.5325599999999664,0.6176470588235294,58,-2.847400000000025,0.39655172413793105,45,-1.6280399999999553,0.4222222222222222,40,2.265999999999976,0.5,43,2.250679999999993,0.5813953488372093,46,-0.09164000000002509,0.45652173913043476,45,3.385200000000004,0.5111111111111111,50,2.4339199999999614,0.52,35,10.537999999999974,0.6
trend_pullback_840|f025|TP15_SL20|H720,trend_pullback_840,f025,TP15_SL20,15.0,20.0,0.75,720,0.3077005681617277,727,10.77699999999991,0.014823933975240592,0.5116918844566712,1.0782213125314133,17.842699999999994,8,2,550,-20.10380000000014,-0.03655236363636389,0.5272727272727272,0.8925747085838218,30.718349999999962,9,1,1277,-9.326800000000233,-0.007303680501174811,0.9712949024969072,133,-0.7793000000000687,0.45864661654135336,137,1.566149999999948,0.48905109489051096,154,-4.757099999999991,0.5,153,-5.966949999999975,0.477124183006536,150,20.714199999999995,0.6266666666666667,160,-9.136150000000033,0.49375,153,3.6567499999999082,0.5620915032679739,144,-2.406050000000052,0.5486111111111112,93,-12.218349999999964,0.4946236559139785
asia_compression_break|r070|TP25_SL20|H480,asia_compression_break,r070,TP25_SL20,25.0,20.0,1.25,480,0.30544725155342917,220,3.0250999999999046,0.013750454545454111,0.4909090909090909,1.077204005798401,10.263049999999996,6,3,176,15.807549999999924,0.08981562499999957,0.5113636363636364,1.304957827885296,4.860550000000012,9,4,396,18.832649999999834,0.04755719696969655,1.2069103609819531,34,3.1656999999999584,0.6176470588235294,58,-3.5210500000000375,0.39655172413793105,45,-1.9527499999999796,0.4222222222222222,40,1.99074999999998,0.5,43,3.342449999999985,0.5813953488372093,46,0.11849999999997185,0.45652173913043476,45,2.7765499999999976,0.4888888888888889,50,0.7619999999999667,0.52,35,12.150499999999987,0.6
impulse60_cont_840|s040|TP25_SL20|H720,impulse60_cont_840,s040,TP25_SL20,25.0,20.0,1.25,720,0.29905058087483966,659,6.413499999999772,0.009732169954476132,0.48406676783004554,1.0503079582820833,13.389700000000015,8,3,481,-26.75165000000005,-0.055616735966736074,0.4760914760914761,0.8565496335806512,36.46780000000001,15,1,1140,-20.338150000000283,-0.0178404824561406,0.9352230350513788,117,-4.554850000000078,0.4358974358974359,132,3.234249999999849,0.49242424242424243,123,0.6740499999999892,0.4715447154471545,145,-3.40904999999999,0.46206896551724136,142,10.469100000000005,0.5492957746478874,134,-5.954100000000041,0.4925373134328358,139,11.06089999999996,0.5755395683453237,130,-13.739449999999962,0.43846153846153846,78,-18.119000000000007,0.3333333333333333
impulse60_cont_840|s040|TP25_SL20|H480,impulse60_cont_840,s040,TP25_SL20,25.0,20.0,1.25,480,0.29784035192052394,659,8.24539999999977,0.012511987860394187,0.4977238239757208,1.0672858514389028,13.120800000000035,8,2,481,-21.9038,-0.04553804573804574,0.46153846153846156,0.8783095517929422,33.51329999999999,8,1,1140,-13.658400000000228,-0.011981052631579147,0.9548540700055425,117,-4.408950000000084,0.4358974358974359,132,4.049299999999937,0.5227272727272727,123,-0.8557000000000474,0.45528455284552843,145,-2.0663999999999776,0.4827586206896552,142,11.52714999999994,0.5774647887323944,134,-7.250800000000108,0.4552238805970149,139,14.500750000000075,0.5611510791366906,130,-11.585749999999983,0.4307692307692308,78,-17.567999999999984,0.34615384615384615
asia_compression_break|r070|TP15_SL25|H720,asia_compression_break,r070,TP15_SL25,15.0,25.0,0.6,720,0.2968112780914236,220,2.0977199999999914,0.00953509090909087,0.5181818181818182,1.060038122713925,6.441640000000005,5,3,176,17.509039999999985,0.09948318181818173,0.6193181818181818,1.4658711389910017,3.028120000000002,4,4,396,19.606759999999976,0.04951202020202014,1.2703514073557658,34,1.2657200000000013,0.5882352941176471,58,-3.297599999999984,0.43103448275862066,45,-1.4971600000000038,0.4888888888888889,40,0.8555599999999683,0.475,43,4.771200000000007,0.6511627906976745,46,1.7306400000000117,0.5217391304347826,45,4.474119999999975,0.6,50,1.5042799999999992,0.6,35,9.799999999999999,0.8
asia_compression_break|r070|TP15_SL20|H1440,asia_compression_break,r070,TP15_SL20,15.0,20.0,0.75,1440,0.28936734776841866,220,2.564250000000027,0.011655681818181942,0.5227272727272727,1.051833240181399,8.92539999999999,5,3,176,22.23174999999999,0.12631676136363632,0.6193181818181818,1.461309971541303,3.369849999999996,4,4,396,24.796000000000014,0.06261616161616165,1.2538914111472212,34,1.3807999999999763,0.5588235294117647,58,-5.953249999999992,0.41379310344827586,45,-1.291549999999972,0.4888888888888889,40,3.328550000000007,0.6,43,5.099700000000007,0.6046511627906976,46,4.158000000000027,0.5652173913043478,45,3.2125499999999763,0.5777777777777777,50,2.611199999999985,0.6,35,12.25,0.7714285714285715
impulse60_cont_840|s040|TP15_SL25|H480,impulse60_cont_840,s040,TP15_SL25,15.0,25.0,0.6,480,0.2893314842639706,659,7.574839999999782,0.011494446130500428,0.5083459787556904,1.07812505801488,12.091160000000055,8,2,481,-21.78280000000004,-0.045286486486486574,0.5197505197505198,0.8452834712960308,28.824840000000005,8,1,1140,-14.207960000000261,-0.012463122807017772,0.9402398052808164,117,-3.133160000000061,0.4358974358974359,132,5.182239999999938,0.5303030303030303,123,-3.1678400000000426,0.4634146341463415,145,-0.6420800000000064,0.4896551724137931,142,9.335679999999954,0.6056338028169014,134,-5.556560000000038,0.4701492537313433,139,8.782519999999977,0.5827338129496403,130,-10.977960000000003,0.5153846153846153,78,-14.030799999999982,0.5
asia_break_09_14|thu_fri|TP15_SL15|H720,asia_break_09_14,thu_fri,TP15_SL15,15.0,15.0,1.0,720,0.2890984716391558,442,4.613666666666678,0.010438159879336375,0.49095022624434387,1.037918636430383,11.862333333333318,8,3,290,19.947133333333372,0.06878321839080473,0.5172413793103449,1.1846589751913514,8.921333333333344,11,3,732,24.560800000000047,0.03355300546448094,1.1069282240102354,96,-2.446000000000034,0.4583333333333333,87,-4.939333333333358,0.4482758620689655,80,4.4387333333333725,0.5375,91,3.4348666666667045,0.4835164835164835,88,4.125399999999992,0.5340909090909091,90,0.8562666666666852,0.43333333333333335,88,14.985533333333358,0.6022727272727273,78,4.105333333333329,0.5256410256410257,34,0.0,0.5
asia_break_09_14|thu_fri|TP10_SL25|H480,asia_break_09_14,thu_fri,TP10_SL25,10.0,25.0,0.4,480,0.2879490108279578,442,2.584239999999964,0.005846696832579104,0.497737556561086,1.042920245512892,5.570319999999992,7,3,290,11.933199999999959,0.04114896551724124,0.6344827586206897,1.212238445799623,7.223199999999988,4,2,732,14.517439999999924,0.019832568306010826,1.1246820133890179,96,-0.48032000000000996,0.4166666666666667,87,-2.5370000000000257,0.3793103448275862,80,0.26052000000000675,0.525,91,3.586240000000007,0.5714285714285714,88,1.7547999999999873,0.6022727272727273,90,-2.20228,0.5,88,12.180879999999968,0.7045454545454546,78,3.7545999999999915,0.6923076923076923,34,-1.8000000000000003,0.6764705882352942
trend_pullback_840|f025|TP10_SL25|H720,trend_pullback_840,f025,TP10_SL25,10.0,25.0,0.4,720,0.2863670216577826,727,5.5616799999999245,0.007650178817056292,0.5378266850068776,1.0525236407757996,11.360599999999994,8,3,550,-29.656440000000035,-0.05392080000000007,0.5818181818181818,0.7896039681226645,32.078200000000024,8,1,1277,-24.09476000000011,-0.018868253719655528,0.9023888733145248,133,0.4118799999999283,0.46616541353383456,137,0.5087999999999752,0.5036496350364964,154,-0.6998399999999847,0.564935064935065,153,-5.991599999999989,0.5032679738562091,150,11.332439999999998,0.64,160,-8.913200000000032,0.51875,153,3.8848399999999668,0.6078431372549019,144,-9.253400000000003,0.6180555555555556,93,-15.374679999999973,0.5913978494623656
impulse60_cont_840|s040|TP15_SL15|H1440,impulse60_cont_840,s040,TP15_SL15,15.0,15.0,1.0,1440,0.2862304686004412,659,9.26213333333318,0.014054830551340183,0.4946889226100152,1.0483148974527319,21.615599999999986,9,3,481,-20.2595999999999,-0.04211975051975031,0.47193347193347196,0.9053912192351952,32.95579999999997,8,1,1140,-10.99746666666671,-0.00964690058479536,0.9729022495328257,117,-1.0058000000001206,0.4700854700854701,132,8.27166666666664,0.5,123,4.183999999999985,0.5203252032520326,145,-8.80720000000001,0.4482758620689655,142,6.6194666666666935,0.5352112676056338,134,-3.884999999999991,0.48507462686567165,139,7.2790000000000425,0.5035971223021583,130,-3.6535999999999453,0.4846153846153846,78,-20.0,0.3717948717948718
impulse60_fade_600|s040|TP20_SL15|H480,impulse60_fade_600,s040,TP20_SL15,20.0,15.0,1.3333333333333333,480,0.2847188859348301,728,7.195733333333399,0.009884249084249175,0.5068681318681318,1.0413413256219242,20.68273333333328,7,4,517,-10.337999999999731,-0.019996131528045902,0.4758220502901354,0.9514597903821722,35.772133333333386,10,2,1245,-3.1422666666663357,-0.002523908969209908,0.9918811765559035,150,7.548600000000034,0.56,145,8.519733333333352,0.5448275862068965,148,-10.991466666666645,0.4527027027027027,132,0.08560000000009804,0.5151515151515151,153,2.0332666666665595,0.46405228758169936,140,7.776399999999952,0.55,144,4.291733333333725,0.5,136,-17.93633333333337,0.41911764705882354,97,-4.469800000000039,0.41237113402061853
asia_compression_break|r070|TP40_SL30|H480,asia_compression_break,r070,TP40_SL30,40.0,30.0,1.3333333333333333,480,0.27985830489154473,220,1.7968999999999664,0.00816772727272712,0.4909090909090909,1.0677716580276344,6.3228666666666555,6,3,176,13.598566666666631,0.07726458333333314,0.5170454545454546,1.3617489924494657,7.373233333333324,9,4,396,15.395466666666596,0.0388774410774409,1.2401594046452795,34,2.110466666666639,0.6176470588235294,58,-2.3728333333333542,0.39655172413793105,45,-0.9305333333332856,0.4222222222222222,40,1.9307333333333112,0.5,43,1.0590666666666568,0.5813953488372093,46,0.09029999999997895,0.45652173913043476,45,2.5509666666666666,0.5111111111111111,50,0.7187666666666399,0.5,35,10.238533333333345,0.6285714285714286
trend_pullback_840|f025|TP20_SL20|H720,trend_pullback_840,f025,TP20_SL20,20.0,20.0,1.0,720,0.27411321794035554,727,10.845849999999917,0.014918638239339638,0.5048143053645117,1.0774045356430828,20.2412,8,2,550,-9.127700000000186,-0.01659581818181852,0.5054545454545455,0.9530392979535299,29.64084999999995,10,1,1277,1.7181499999997332,0.0013454581049332289,1.0051366573893012,133,-1.3005000000000564,0.45864661654135336,137,1.1898499999999446,0.48905109489051096,154,-3.395949999999982,0.487012987012987,153,-7.726599999999984,0.46405228758169936,150,22.079049999999995,0.62,160,-10.00900000000006,0.4875,153,7.062349999999924,0.5490196078431373,144,-5.212700000000087,0.4861111111111111,93,-0.9683499999999636,0.4946236559139785
prevclose_cont_840|all|TP30_SL25|H1440,prevclose_cont_840,all,TP30_SL25,30.0,25.0,1.2,1440,0.26705495293186216,1304,10.36807999999995,0.007950981595091985,0.4723926380368098,1.0426256612723364,17.905840000000087,8,3,949,43.263920000000084,0.04558895679662812,0.4994731296101159,1.1367938428491824,25.699719999999903,8,4,2253,53.632000000000026,0.0238047048379938,1.0958558844524802,260,-4.872960000000037,0.4076923076923077,261,-7.017040000000033,0.4521072796934866,262,7.334080000000112,0.4961832061068702,261,7.3045199999999255,0.49808429118773945,260,7.619479999999985,0.5076923076923077,260,2.842919999999932,0.49230769230769234,262,12.218360000000128,0.5267175572519084,261,6.977440000000026,0.47509578544061304,166,21.225200000000008,0.5060240963855421
prevclose_cont_840|all|TP30_SL25|H480,prevclose_cont_840,all,TP30_SL25,30.0,25.0,1.2,480,0.26651621170874784,1304,6.41015999999974,0.004915766871165445,0.47776073619631904,1.0322222416589693,10.496080000000154,11,3,949,24.293239999999933,0.025598777660695397,0.48366701791359323,1.0872474775589474,22.393960000000124,8,3,2253,30.703399999999668,0.013627785175321646,1.0643169516855955,260,-1.5039200000000814,0.45,261,-4.4755600000000495,0.44061302681992337,262,4.69371999999999,0.5038167938931297,261,0.10687999999989994,0.4789272030651341,260,7.589039999999977,0.5153846153846153,260,0.7910799999999298,0.45,262,8.678960000000078,0.5038167938931297,261,-4.125480000000122,0.4789272030651341,166,18.94868000000004,0.5120481927710844
asia_break_10_16|mon|TP15_SL15|H1440,asia_break_10_16,mon,TP15_SL15,15.0,15.0,1.0,1440,0.2659584488588238,223,1.6997999999999738,0.00762242152466356,0.4977578475336323,1.027752108592084,6.227933333333325,6,3,147,-4.0129333333332715,-0.02729886621315151,0.47619047619047616,0.9358534841317468,13.097533333333335,5,2,370,-2.313133333333292,-0.0062517117117116,0.9813168102937664,40,1.6881999999999908,0.525,46,-3.2160000000000157,0.4782608695652174,44,5.690200000000005,0.5227272727272727,45,-4.624333333333334,0.4222222222222222,48,2.1617333333333284,0.5416666666666666,43,-9.855666666666654,0.37209302325581395,45,1.501400000000058,0.4888888888888889,41,6.341333333333326,0.5853658536585366,18,-2.0,0.4444444444444444
asia_break_10_16|thu_fri|TP40_SL30|H720,asia_break_10_16,thu_fri,TP40_SL30,40.0,30.0,1.3333333333333333,720,0.25422473030368953,482,3.6507666666666947,0.007574204702627998,0.47717842323651455,1.0521668263890611,5.499766666666672,8,2,324,29.774433333333345,0.09189639917695477,0.5308641975308642,1.3836923049167242,7.392333333333326,11,4,806,33.42520000000003,0.041470471464019894,1.226485154385045,97,-0.02120000000000643,0.4639175257731959,97,-3.411166666666683,0.4329896907216495,91,3.7949666666666726,0.5054945054945055,97,3.7797333333333425,0.4845360824742268,100,-0.4915666666666311,0.5,98,8.488000000000012,0.4897959183673469,99,12.549633333333372,0.6060606060606061,81,0.3954666666666524,0.49382716049382713,46,8.341333333333308,0.5217391304347826
asia_break_10_16|thu_fri|TP15_SL15|H720,asia_break_10_16,thu_fri,TP15_SL15,15.0,15.0,1.0,720,0.2540072688502336,482,3.55960000000003,0.007385062240663962,0.47925311203319504,1.0261746585146814,10.224199999999975,8,3,324,26.581266666666643,0.08204094650205754,0.5277777777777778,1.2216577116474543,7.196266666666663,11,4,806,30.14086666666667,0.03739561621174525,1.1177771114671906,97,-1.3462666666666647,0.4639175257731959,97,-5.704066666666676,0.4329896907216495,91,0.26879999999998083,0.4945054945054945,97,4.858866666666669,0.4948453608247423,100,5.482266666666723,0.51,98,7.730733333333319,0.4897959183673469,99,7.10673333333337,0.5454545454545454,81,3.7437999999999496,0.5185185185185185,46,8.0,0.5869565217391305
trend_pullback_840|f025|TP20_SL15|H480,trend_pullback_840,f025,TP20_SL15,20.0,15.0,1.3333333333333333,480,0.24610941582803608,727,10.425399999999708,0.014340302613479653,0.4896836313617607,1.0585186618254412,20.816733333333364,13,2,550,-19.55233333333349,-0.03554969696969725,0.44181818181818183,0.9176203449111736,38.00000000000001,11,1,1277,-9.126933333333778,-0.007147167841295049,0.978033819548847,133,-0.8330666666667639,0.43609022556390975,137,2.1596666666665287,0.48175182481751827,154,-4.045133333333329,0.461038961038961,153,-8.408133333333367,0.477124183006536,150,21.552066666666647,0.5866666666666667,160,-11.243466666666716,0.425,153,8.976266666666636,0.5032679738562091,144,-3.6184666666667367,0.4444444444444444,93,-13.666666666666668,0.3655913978494624
impulse60_cont_840|s040|TP15_SL25|H720,impulse60_cont_840,s040,TP15_SL25,15.0,25.0,0.6,720,0.24595326694846958,659,6.734399999999774,0.010219119878603604,0.4977238239757208,1.0668264425676,12.649800000000042,8,2,481,-22.647200000000005,-0.047083575883575896,0.5384615384615384,0.8420804832251304,28.986560000000004,8,1,1140,-15.912800000000226,-0.013958596491228268,0.9348328131250393,117,-3.3935200000000623,0.4358974358974359,132,4.504799999999886,0.5075757575757576,123,-1.1662000000000083,0.4878048780487805,145,-2.7900000000000267,0.4689655172413793,142,9.579319999999989,0.5774647887323944,134,-4.822359999999983,0.5074626865671642,139,8.064679999999935,0.5971223021582733,130,-12.010719999999985,0.5307692307692308,78,-13.878799999999973,0.5
asia_break_09_14|thu_fri|TP15_SL20|H1440,asia_break_09_14,thu_fri,TP15_SL20,15.0,20.0,0.75,1440,0.24330745503776602,442,2.6997500000000496,0.006108031674208257,0.48642533936651583,1.0271059645170153,8.70184999999993,6,3,290,17.72049999999998,0.061105172413793034,0.5517241379310345,1.1990891814598372,8.5,9,2,732,20.42025000000003,0.027896516393442667,1.1082683792867418,96,-3.2356999999999747,0.3958333333333333,87,-4.150999999999964,0.4367816091954023,80,5.04975000000003,0.5625,91,3.479350000000011,0.5384615384615384,88,1.5573499999999512,0.5113636363636364,90,-0.4038499999999767,0.4444444444444444,88,13.672049999999967,0.625,78,5.202299999999991,0.5897435897435898,34,-0.75,0.5588235294117647
trend_pullback_840|f025|TP5_SL15|H480,trend_pullback_840,f025,TP5_SL15,5.0,15.0,0.3333333333333333,480,0.2424959215326428,727,3.8760666666665533,0.005331591013296497,0.6217331499312242,1.0291778306500459,9.806333333333335,6,3,550,-13.26193333333344,-0.024112606060606254,0.6872727272727273,0.9034357118308709,28.139333333333333,7,2,1277,-9.385866666666885,-0.007349934742887146,0.9652607846944917,133,-2.6600000000000676,0.46616541353383456,137,2.504266666666564,0.5766423357664233,154,1.9810666666666727,0.6753246753246753,153,-4.4813333333332945,0.6535947712418301,150,6.532066666666678,0.7133333333333334,160,1.8973333333333016,0.66875,153,6.6467333333332705,0.7254901960784313,144,-15.472666666666681,0.6597222222222222,93,-6.333333333333336,0.6989247311827957
asia_break_10_16|mon|TP5_SL15|H1440,asia_break_10_16,mon,TP5_SL15,5.0,15.0,0.3333333333333333,1440,0.23192847752229434,223,0.9529333333333818,0.004273243647234896,0.6591928251121076,1.0213017081305358,5.076333333333331,5,3,147,-5.893533333333322,-0.040092063492063415,0.6870748299319728,0.8508074519486355,10.084799999999998,4,2,370,-4.940599999999942,-0.013352972972972816,0.9413494633059224,40,2.457266666666676,0.625,46,-3.628133333333335,0.5652173913043478,44,5.0750000000000135,0.7954545454545454,45,-3.6378000000000013,0.5777777777777777,48,0.6866000000000279,0.7291666666666666,43,-7.751466666666663,0.5348837209302325,45,3.5246000000000093,0.7777777777777778,41,0.33333333333333215,0.7560975609756098,18,-2.0000000000000004,0.6666666666666666
asia_mid_cont_840|all|TP40_SL30|H480,asia_mid_cont_840,all,TP40_SL30,40.0,30.0,1.3333333333333333,480,0.22956770807770197,1305,7.993133333333205,0.006125006385695943,0.4704980842911877,1.0479308850525446,10.752200000000022,14,2,949,14.331366666666664,0.01510154548647699,0.4720758693361433,1.0569580794597406,19.10480000000004,8,3,2254,22.32449999999987,0.009904392191659214,1.0533598623503815,261,-1.5059000000000042,0.4521072796934866,261,-3.2062000000000586,0.42528735632183906,262,4.390599999999977,0.4770992366412214,261,-1.8600333333333596,0.47509578544061304,260,10.174666666666653,0.5230769230769231,260,0.25416666666662113,0.4269230769230769,262,2.816000000000062,0.4770992366412214,261,-0.9659666666668008,0.4942528735632184,166,12.227166666666783,0.5
asia_break_10_16|thu_fri|TP10_SL25|H720,asia_break_10_16,thu_fri,TP10_SL25,10.0,25.0,0.4,720,0.22343686630589207,482,2.2884400000000014,0.0047478008298755215,0.529045643153527,1.0302574029119795,8.456680000000008,6,3,324,12.562359999999998,0.03877271604938271,0.6512345679012346,1.1854431997940431,8.69079999999999,8,4,806,14.8508,0.01842531017369727,1.1035802954439122,97,-1.1268800000000003,0.4742268041237113,97,-5.054080000000021,0.4639175257731959,91,3.055760000000019,0.5494505494505495,97,1.8973200000000183,0.5463917525773195,100,3.5163199999999875,0.61,98,0.5704800000000072,0.5204081632653061,99,8.476000000000015,0.7070707070707071,81,3.315879999999979,0.7037037037037037,46,0.19999999999999962,0.717391304347826
asia_break_09_14|mon|TP5_SL15|H1440,asia_break_09_14,mon,TP5_SL15,5.0,15.0,0.3333333333333333,1440,0.2156733478974751,209,1.0445333333333382,0.0049977671451355895,0.6411483253588517,1.025012332158918,6.7720666666666585,5,3,135,-12.914200000000001,-0.09566074074074075,0.6444444444444445,0.6876327310548337,13.635266666666634,4,0,344,-11.869666666666665,-0.03450484496124031,0.8571704760957394,41,2.7326666666666517,0.5853658536585366,41,-2.59980000000002,0.5121951219512195,40,4.767933333333348,0.8,41,-4.027533333333335,0.5853658536585366,46,0.17126666666669318,0.717391304347826,40,-7.836333333333323,0.5,43,-2.4112000000000093,0.6976744186046512,36,-1.333333333333334,0.7222222222222222,16,-1.333333333333334,0.6875
asia_break_09_14|thu_fri|TP10_SL20|H480,asia_break_09_14,thu_fri,TP10_SL20,10.0,20.0,0.5,480,0.21353399452797128,442,3.341099999999928,0.007559049773755494,0.497737556561086,1.0444578690800839,7.618500000000007,7,2,290,14.76089999999996,0.050899655172413655,0.6206896551724138,1.215684698717367,6.5,4,2,732,18.101999999999883,0.02472950819672115,1.1260677577635396,96,-0.6004000000000134,0.4166666666666667,87,-3.1357500000000407,0.3793103448275862,80,-0.6584000000000052,0.525,91,4.381700000000012,0.5714285714285714,88,3.3539499999999753,0.6022727272727273,90,-1.7918,0.5,88,14.229699999999958,0.6931818181818182,78,3.323000000000002,0.6666666666666666,34,-1.0,0.6470588235294118
asia_compression_break|r070|TP15_SL25|H1440,asia_compression_break,r070,TP15_SL25,15.0,25.0,0.6,1440,0.20197410142516703,220,1.1570800000000214,0.005259454545454643,0.5272727272727272,1.0285879186963431,8.116919999999991,5,3,176,19.47132000000002,0.11063250000000012,0.6420454545454546,1.4983879637355835,3.0,4,4,396,20.628400000000045,0.05209191919191931,1.2593363291118875,34,1.1046399999999812,0.5588235294117647,58,-5.762599999999992,0.41379310344827586,45,-0.8784799999999728,0.5111111111111111,40,2.570799999999999,0.6,43,4.122720000000008,0.6046511627906976,46,2.8260000000000223,0.5652173913043478,45,4.012959999999994,0.6,50,2.8323600000000075,0.64,35,9.799999999999999,0.8
trend_pullback_840|f025|TP15_SL25|H720,trend_pullback_840,f025,TP15_SL25,15.0,25.0,0.6,720,0.200848946914732,727,7.036519999999926,0.009678844566712416,0.5130674002751031,1.0625993277208048,15.509400000000005,8,2,550,-20.42052000000007,-0.03712821818181831,0.5381818181818182,0.8704702533187184,27.974679999999964,8,1,1277,-13.384000000000139,-0.010480814408770665,0.9504400702548288,133,-0.6843600000000517,0.45864661654135336,137,1.3480799999999544,0.48905109489051096,154,-4.4003999999999905,0.5064935064935064,153,-5.414079999999977,0.477124183006536,150,16.18727999999999,0.6266666666666667,160,-6.632000000000008,0.49375,153,5.074279999999945,0.5686274509803921,144,-4.688120000000036,0.5625,93,-14.174679999999972,0.5268817204301075
impulse60_cont_840|s040|TP20_SL15|H720,impulse60_cont_840,s040,TP20_SL15,20.0,15.0,1.3333333333333333,720,0.19917193759453344,659,5.935333333333073,0.0090065756196253,0.47040971168437024,1.034655885700582,18.597799999999992,8,3,481,-7.332666666666782,-0.015244629244629484,0.4760914760914761,0.9644123853570177,28.11933333333336,15,1,1140,-1.3973333333337177,-0.0012257309941523839,0.996296593395991,117,-5.876800000000109,0.4358974358974359,132,7.742666666666476,0.5,123,1.6153333333333184,0.4634146341463415,145,-9.422933333333292,0.42758620689655175,142,11.877066666666675,0.5211267605633803,134,-5.560400000000025,0.4925373134328358,139,15.6381999999999,0.5611510791366906,130,-0.07713333333331907,0.45384615384615384,78,-17.33333333333334,0.3333333333333333
asia_break_10_16|thu_fri|TP10_SL25|H1440,asia_break_10_16,thu_fri,TP10_SL25,10.0,25.0,0.4,1440,0.18405870325490703,482,1.4909600000000598,0.003093278008298879,0.5414937759336099,1.0181286808532168,8.498559999999937,8,3,324,13.941960000000012,0.04303074074074078,0.6759259259259259,1.2020996857893163,9.199999999999994,6,4,806,15.432920000000077,0.019147543424317712,1.1020501925824677,97,-1.2037599999999657,0.4329896907216495,97,-3.978479999999999,0.4639175257731959,91,1.9368800000000375,0.5824175824175825,97,1.3617600000000136,0.5979381443298969,100,3.3745599999999745,0.63,98,0.28179999999999406,0.5408163265306123,99,8.77600000000005,0.7373737373737373,81,4.684159999999974,0.7407407407407407,46,0.19999999999999962,0.717391304347826
asia_break_10_16|mon|TP15_SL15|H720,asia_break_10_16,mon,TP15_SL15,15.0,15.0,1.0,720,0.1764142022466353,223,0.5280000000000951,0.002367713004484731,0.484304932735426,1.0094335352649864,6.722000000000025,6,3,147,1.0664000000000824,0.007254421768708044,0.46938775510204084,1.0197561725688598,12.098199999999952,12,2,370,1.594400000000178,0.00430918918918967,1.014501321526606,40,1.1638000000000375,0.5,46,-2.085866666666667,0.4782608695652174,44,4.710600000000038,0.5454545454545454,45,-4.162933333333331,0.37777777777777777,48,0.9024000000000194,0.5208333333333334,43,-10.053866666666652,0.27906976744186046,45,5.041200000000086,0.5333333333333333,41,8.079066666666646,0.6097560975609756,18,-2.0,0.4444444444444444
asia_compression_break|r070|TP20_SL20|H480,asia_compression_break,r070,TP20_SL20,20.0,20.0,1.0,480,0.17451361425485376,220,1.099099999999896,0.004995909090908618,0.4909090909090909,1.02805028685763,9.67985000000001,6,3,176,15.01299999999992,0.08530113636363591,0.5340909090909091,1.3093665126668597,5.110550000000012,9,3,396,16.112099999999817,0.04068712121212075,1.1836944798509637,34,3.1656999999999584,0.6176470588235294,58,-3.5210500000000375,0.39655172413793105,45,-2.5491999999999844,0.4222222222222222,40,1.6611999999999738,0.5,43,2.3424499999999857,0.5813953488372093,46,-0.6315000000000281,0.45652173913043476,45,2.458449999999993,0.4888888888888889,50,0.035549999999966,0.54,35,13.150499999999987,0.6857142857142857
impulse60_cont_840|s040|TP10_SL25|H720,impulse60_cont_840,s040,TP10_SL25,10.0,25.0,0.4,720,0.17195303615015875,659,2.1225999999998075,0.0032209408194230765,0.5204855842185129,1.0223003974694396,10.346120000000031,8,3,481,-21.50223999999998,-0.04470320166320162,0.5945945945945946,0.8248617040304977,25.877159999999996,8,1,1140,-19.379640000000165,-0.016999684210526462,0.9110842472678308,117,-1.7935600000000709,0.4444444444444444,132,2.601279999999906,0.5227272727272727,123,0.2823200000000094,0.5365853658536586,145,-4.338120000000025,0.4896551724137931,142,5.370679999999985,0.5985915492957746,134,-7.245160000000005,0.5223880597014925,139,8.859079999999958,0.6546762589928058,130,-11.237359999999953,0.6076923076923076,78,-11.878799999999973,0.5897435897435898
asia_mid_cont_840|all|TP30_SL25|H1440,asia_mid_cont_840,all,TP30_SL25,30.0,25.0,1.2,1440,0.17004932995551852,1305,6.21496000000006,0.0047624214559387435,0.4704980842911877,1.025232423991249,16.469239999999967,7,3,949,22.381320000000045,0.023584109589041145,0.48788198103266595,1.0689045681834835,23.14740000000004,9,3,2254,28.596280000000103,0.012686903283052397,1.0500701177893417,261,-4.014399999999976,0.42911877394636017,261,-8.292120000000015,0.4521072796934866,262,3.953080000000102,0.4961832061068702,261,3.3971599999999373,0.4789272030651341,260,11.171240000000017,0.49615384615384617,260,-3.5882800000000774,0.4807692307692308,262,4.606360000000121,0.5038167938931297,261,3.7156400000000005,0.47509578544061304,166,17.647599999999997,0.4939759036144578
asia_expansion_fade_10|r140|TP20_SL15|H1440,asia_expansion_fade_10,r140,TP20_SL15,20.0,15.0,1.3333333333333333,1440,0.16944365796163496,261,2.6438666666666255,0.010129757343550289,0.4942528735632184,1.0286370985386828,15.995666666666635,8,3,241,-26.70940000000024,-0.11082738589211719,0.3983402489626556,0.7878231645218999,38.156533333333584,8,1,502,-24.065533333333615,-0.04793930942895142,0.8897117950999168,41,-3.4747999999999903,0.4878048780487805,52,0.061999999999989286,0.5384615384615384,68,-6.967133333333322,0.4264705882352941,41,5.150333333333294,0.5609756097560976,59,7.873466666666657,0.4915254237288136,61,1.0331333333332613,0.4426229508196721,72,-4.1904666666667705,0.4444444444444444,72,-20.218733333333397,0.3194444444444444,36,-3.333333333333335,0.3888888888888889
asia_break_10_16|thu_fri|TP30_SL25|H1440,asia_break_10_16,thu_fri,TP30_SL25,30.0,25.0,1.2,1440,0.1647941412833445,482,2.106760000000058,0.004370871369294726,0.470954356846473,1.0227712639956013,6.381360000000023,8,2,324,37.50475999999997,0.11575543209876533,0.5370370370370371,1.4002767215371061,12.795880000000004,9,3,806,39.61152000000002,0.04914580645161293,1.212718773480867,97,-0.6964399999999563,0.422680412371134,97,-2.7242400000000084,0.44329896907216493,91,2.6696000000000475,0.5054945054945055,97,4.166479999999983,0.5051546391752577,100,-1.3086400000000062,0.48,98,8.969319999999971,0.5,99,17.715960000000067,0.5959595959595959,81,-1.1617200000000585,0.49382716049382713,46,11.981199999999985,0.5652173913043478
asia_break_09_14|mon|TP15_SL15|H1440,asia_break_09_14,mon,TP15_SL15,15.0,15.0,1.0,1440,0.15615760138482854,209,0.28760000000003405,0.0013760765550240863,0.49282296650717705,1.00494946702019,6.981733333333341,5,3,135,-15.526200000000077,-0.11500888888888947,0.4148148148148148,0.7529964268782743,16.792866666666722,5,1,344,-15.238600000000044,-0.044298255813953615,0.8740252038873902,41,3.9108666666666365,0.5609756097560976,41,-4.227933333333325,0.43902439024390244,40,2.885266666666681,0.475,41,-3.34666666666667,0.43902439024390244,46,1.066066666666711,0.5434782608695652,40,-9.345466666666667,0.35,43,-5.522066666666737,0.37209302325581395,36,1.341333333333326,0.5277777777777778,16,-2.0,0.4375
prevclose_cont_840|all|TP40_SL30|H1440,prevclose_cont_840,all,TP40_SL30,40.0,30.0,1.3333333333333333,1440,0.15451192365390942,1304,5.6403333333332935,0.004325408997954979,0.47392638036809814,1.0274366905783072,16.478000000000034,8,3,949,27.677800000000126,0.029165226554267783,0.48998946259220233,1.0936559728249768,22.184299999999975,10,4,2253,33.31813333333342,0.014788341470631789,1.0664896481272597,260,-4.060800000000033,0.4076923076923077,261,-6.780333333333353,0.4521072796934866,262,6.039233333333433,0.5,261,5.827166666666606,0.49808429118773945,260,4.615066666666635,0.5115384615384615,260,3.7057333333332734,0.49230769230769234,262,9.031366666666809,0.5229007633587787,261,2.9301333333333552,0.47509578544061304,166,12.010566666666689,0.4578313253012048
asia_break_10_16|all|TP40_SL30|H480,asia_break_10_16,all,TP40_SL30,40.0,30.0,1.3333333333333333,480,0.15330659500033517,1191,0.7633666666668515,0.0006409459837672976,0.4794290512174643,1.0047799642666322,7.317933333333327,13,3,801,29.19589999999991,0.03644931335830201,0.48813982521847693,1.1561516616709533,16.761933333333303,9,3,1992,29.959266666666757,0.015039792503346765,1.0864194408886845,232,1.5134333333333263,0.4870689655172414,239,-5.1432333333333276,0.4351464435146444,231,3.8979000000001163,0.48484848484848486,241,-1.2356999999999911,0.45228215767634855,248,1.7309666666667227,0.5362903225806451,241,-1.8496666666666737,0.42323651452282157,240,11.124400000000083,0.5291666666666667,206,3.6784333333332144,0.49029126213592233,114,16.242733333333288,0.5350877192982456
asia_break_09_14|thu_fri|TP20_SL20|H1440,asia_break_09_14,thu_fri,TP20_SL20,20.0,20.0,1.0,1440,0.1524127654144757,442,2.7217500000000534,0.006157805429864374,0.4751131221719457,1.0263465999648622,9.487799999999911,6,2,290,33.5287,0.11561620689655172,0.5310344827586206,1.3595839046449039,8.791800000000011,9,4,732,36.250450000000065,0.049522472677595714,1.184435045581602,96,-2.8655499999999625,0.3958333333333333,87,-4.635049999999944,0.4367816091954023,80,2.95935000000002,0.5375,91,7.802700000000015,0.5384615384615384,88,-0.5397000000000736,0.4772727272727273,90,2.210550000000011,0.43333333333333335,88,19.724049999999966,0.6136363636363636,78,9.594100000000026,0.5512820512820513,34,2.0,0.5294117647058824
asia_break_10_16|thu_fri|TP40_SL30|H1440,asia_break_10_16,thu_fri,TP40_SL30,40.0,30.0,1.3333333333333333,1440,0.14556992300225738,482,1.4925333333333783,0.0030965421853389593,0.470954356846473,1.0190469627419532,5.7481666666666715,8,2,324,29.489833333333358,0.09101800411522641,0.5277777777777778,1.3485894792917688,9.13509999999999,9,3,806,30.982366666666742,0.03843966087675774,1.190124508335364,97,-0.8370333333332985,0.422680412371134,97,-2.0296000000000127,0.44329896907216493,91,0.8040333333333662,0.5054945054945055,97,5.1565999999999965,0.5051546391752577,100,-1.6014666666666697,0.48,98,9.59426666666665,0.5,99,13.390233333333448,0.5858585858585859,81,-2.8236666666667296,0.48148148148148145,46,9.328999999999995,0.5434782608695652
asia_mid_cont_840|all|TP30_SL25|H480,asia_mid_cont_840,all,TP30_SL25,30.0,25.0,1.2,480,0.13988221646350402,1305,5.990719999999827,0.004590590038314044,0.4689655172413793,1.030015720535219,12.797000000000047,14,2,949,11.465159999999997,0.01208130663856691,0.4720758693361433,1.040357373014913,20.45916000000012,8,2,2254,17.45587999999982,0.007744401064773656,1.0360899585615948,261,-1.8070800000000056,0.4521072796934866,261,-2.9562400000000713,0.42528735632183906,262,2.4847599999999668,0.4732824427480916,261,-4.107320000000043,0.47509578544061304,260,12.376599999999979,0.5192307692307693,260,-2.5263200000000534,0.4269230769230769,262,3.593360000000102,0.4847328244274809,261,-4.72416000000012,0.4827586206896552,166,15.122280000000057,0.5060240963855421
asia_compression_break|r070|TP20_SL15|H480,asia_compression_break,r070,TP20_SL15,20.0,15.0,1.3333333333333333,480,0.13666086882471695,220,1.0393999999998553,0.004724545454544797,0.4818181818181818,1.019932675601487,11.826800000000004,6,3,176,19.139333333333248,0.10874621212121163,0.5113636363636364,1.3176709075900634,7.559866666666707,9,3,396,20.1787333333331,0.050956397306396714,1.1795349355869809,34,4.220933333333278,0.6176470588235294,58,-4.361400000000049,0.39655172413793105,45,-3.690066666666644,0.4222222222222222,40,3.548266666666631,0.5,43,1.3216666666666388,0.5348837209302325,46,-0.5080000000000235,0.45652173913043476,45,4.381933333333321,0.4888888888888889,50,2.383399999999951,0.52,35,12.882000000000001,0.6
impulse60_cont_840|s040|TP20_SL15|H480,impulse60_cont_840,s040,TP20_SL15,20.0,15.0,1.3333333333333333,480,0.13295123939431347,659,6.1365333333330545,0.009311886697015256,0.48254931714719274,1.0368941985267637,18.231533333333303,8,2,481,-7.038133333333397,-0.014632293832293964,0.4594594594594595,0.9653076427882041,28.762333333333356,8,1,1140,-0.901600000000343,-0.000790877192982757,0.9975579671322301,117,-5.631533333333467,0.4358974358974359,132,8.22893333333324,0.5227272727272727,123,-2.5585333333333757,0.44715447154471544,145,-5.873466666666614,0.45517241379310347,142,11.97113333333327,0.5422535211267606,134,-6.861600000000088,0.4552238805970149,139,18.503266666666676,0.539568345323741,130,-1.3464666666666494,0.45384615384615384,78,-17.33333333333334,0.3333333333333333
impulse60_cont_840|s040|TP10_SL25|H480,impulse60_cont_840,s040,TP10_SL25,10.0,25.0,0.4,480,0.1291067307244497,659,2.776159999999794,0.004212685887708336,0.5265553869499241,1.0301754553774627,9.671480000000045,8,2,481,-19.632160000000024,-0.0408153014553015,0.5821205821205822,0.8361375245015472,24.193599999999996,8,1,1140,-16.85600000000023,-0.014785964912280902,0.920419003201746,117,-1.9675600000000748,0.4444444444444444,132,3.3261199999999382,0.5454545454545454,123,-0.6938800000000439,0.5121951219512195,145,-2.954519999999993,0.503448275862069,142,5.0659999999999705,0.6126760563380281,134,-7.625840000000043,0.5,139,8.372399999999997,0.6402877697841727,130,-8.347919999999993,0.6,78,-12.030799999999982,0.5897435897435898
trend_pullback_840|f025|TP5_SL15|H1440,trend_pullback_840,f025,TP5_SL15,5.0,15.0,0.3333333333333333,1440,0.12848685576448787,727,3.8832666666666444,0.005341494727189332,0.657496561210454,1.0262123357144592,12.051866666666655,6,2,550,-11.820599999999953,-0.021491999999999914,0.7127272727272728,0.9165507315677315,29.812666666666622,6,2,1277,-7.937333333333306,-0.006215609501435635,0.9726106810522321,133,-2.13373333333337,0.5037593984962406,137,-0.28486666666666194,0.583941605839416,154,0.5658666666666545,0.7207792207792207,153,-2.8155999999999826,0.7058823529411765,150,8.551600000000004,0.7466666666666667,160,5.854733333333353,0.73125,153,5.804000000000008,0.7516339869281046,144,-17.14599999999998,0.6597222222222222,93,-6.333333333333336,0.6989247311827957
asia_compression_break|r070|TP20_SL15|H720,asia_compression_break,r070,TP20_SL15,20.0,15.0,1.3333333333333333,720,0.12683118548576527,220,0.5727999999999893,0.002603636363636315,0.4863636363636364,1.0096600868193555,10.247933333333307,6,3,176,26.083533333333307,0.1482018939393938,0.5170454545454546,1.4166809552969983,7.254066666666677,8,4,396,26.656333333333286,0.06731397306397295,1.2186847793271518,34,2.1470666666666602,0.5882352941176471,58,-6.24446666666663,0.43103448275862066,45,-0.903266666666665,0.4444444444444444,40,3.6987333333332875,0.475,43,1.8747333333333394,0.5348837209302325,46,3.7633333333333665,0.5217391304347826,45,5.518533333333334,0.4888888888888889,50,2.80166666666661,0.48,35,14.0,0.6
asia_mid_cont_840|all|TP40_SL30|H1440,asia_mid_cont_840,all,TP40_SL30,40.0,30.0,1.3333333333333333,1440,0.12485656106683618,1305,3.233433333333366,0.002477726692209476,0.47203065134099614,1.0156236007645987,13.851699999999957,7,3,949,11.182300000000094,0.011783245521601786,0.4794520547945205,1.0369228849046406,20.274266666666662,10,2,2254,14.415733333333462,0.00639562259686489,1.0282764674736804,261,-3.1920999999999813,0.42911877394636017,261,-7.801366666666672,0.4521072796934866,262,3.86890000000008,0.5,261,3.028199999999945,0.4789272030651341,260,7.329799999999992,0.5,260,-1.0619333333333993,0.4807692307692308,262,0.5213666666668173,0.5,261,-3.0837000000000376,0.47126436781609193,166,14.806566666666708,0.4578313253012048
asia_compression_break|r070|TP25_SL20|H720,asia_compression_break,r070,TP25_SL20,25.0,20.0,1.25,720,0.12284709478245637,220,0.24014999999998132,0.0010915909090908242,0.4909090909090909,1.0051759254270163,8.958600000000024,6,3,176,21.643299999999954,0.12297329545454519,0.5170454545454546,1.3874238897048479,6.130250000000023,5,4,396,21.883449999999936,0.05526123737373721,1.2139936428091913,34,1.3417499999999907,0.5882352941176471,58,-4.950399999999968,0.43103448275862066,45,-0.8491000000000097,0.4444444444444444,40,2.067149999999981,0.475,43,2.6307499999999893,0.5581395348837209,46,3.254750000000024,0.5217391304347826,45,3.8187999999999986,0.4888888888888889,50,0.35924999999995233,0.46,35,14.210499999999978,0.6285714285714286
trend_pullback_840|f025|TP15_SL15|H720,trend_pullback_840,f025,TP15_SL15,15.0,15.0,1.0,720,0.12196801445435068,727,8.283933333333136,0.011394681338835125,0.49793672627235214,1.044854666966036,23.61580000000001,9,2,550,-30.077800000000234,-0.054686909090909515,0.48545454545454547,0.8708188798043807,42.0,10,1,1277,-21.793866666667103,-0.017066457843905328,0.9478013972404865,133,-0.3941333333334269,0.45864661654135336,137,2.5362666666665836,0.48905109489051096,154,-6.369866666666697,0.487012987012987,153,-8.757866666666617,0.45751633986928103,150,21.2695333333333,0.5933333333333334,160,-7.263600000000043,0.49375,153,5.095733333333191,0.5490196078431373,144,-2.9099333333333863,0.4861111111111111,93,-25.0,0.3655913978494624
impulse60_cont_840|s040|TP10_SL20|H720,impulse60_cont_840,s040,TP10_SL20,10.0,20.0,0.5,720,0.12158767250619124,659,1.3993999999997944,0.0021235204855839067,0.5174506828528073,1.0117151904430015,11.684550000000035,8,3,481,-17.387500000000003,-0.036148648648648654,0.5883575883575883,0.8779617738725545,23.38975,8,1,1140,-15.988100000000202,-0.014024649122807195,0.9389598499738088,117,-2.2419500000000894,0.4444444444444444,132,1.9016999999998807,0.5151515151515151,123,1.2056500000000252,0.5365853658536586,145,-5.084250000000009,0.4896551724137931,142,5.618249999999988,0.5915492957746479,134,-8.324650000000021,0.5223880597014925,139,10.167299999999955,0.6474820143884892,130,-9.46614999999995,0.6,78,-9.763999999999987,0.5769230769230769
impulse60_fade_600|s040|TP15_SL15|H480,impulse60_fade_600,s040,TP15_SL15,15.0,15.0,1.0,480,0.1204181705262799,728,4.649733333333325,0.006386996336996326,0.510989010989011,1.0269279386339822,19.819866666666677,7,3,517,-1.4281333333330934,-0.002762346872984707,0.5106382978723404,0.9927641432255139,24.94160000000002,9,3,1245,3.221600000000234,0.0025876305220885413,1.0087060356370237,150,7.14900000000001,0.56,145,7.741933333333342,0.5448275862068965,148,-12.307400000000007,0.4527027027027027,132,4.03486666666675,0.5303030303030303,153,-1.9686666666667723,0.47058823529411764,140,5.004599999999967,0.55,144,7.74200000000034,0.5208333333333334,136,-16.70493333333337,0.45588235294117646,97,2.5301999999999687,0.5154639175257731
asia_break_09_14|thu_fri|TP25_SL20|H1440,asia_break_09_14,thu_fri,TP25_SL20,25.0,20.0,1.25,1440,0.11701597098604397,442,1.7599500000000718,0.0039817873303169046,0.47058823529411764,1.0168246813615958,8.67074999999992,6,2,290,34.974000000000046,0.12060000000000017,0.5103448275862069,1.3579486575901871,12.347849999999994,9,4,732,36.73395000000012,0.050182991803278856,1.1815707916485436,96,-2.6282499999999693,0.3958333333333333,87,-5.0085999999999435,0.4367816091954023,80,3.3570500000000276,0.5375,91,7.50535000000002,0.5274725274725275,88,-1.4656000000000633,0.4659090909090909,90,2.550850000000014,0.43333333333333335,88,25.082949999999983,0.6136363636363636,78,3.09020000000005,0.48717948717948717,34,4.25,0.5
asia_break_09_14|thu_fri|TP20_SL15|H1440,asia_break_09_14,thu_fri,TP20_SL15,20.0,15.0,1.3333333333333333,1440,0.11166374822038197,442,1.4998666666667706,0.003393363499246087,0.45475113122171945,1.0110818305856168,13.459599999999893,6,3,290,42.10553333333331,0.1451914942528735,0.49310344827586206,1.363342913817067,10.773000000000017,9,4,732,43.60540000000008,0.059570218579235085,1.1735687525773364,96,-4.19379999999995,0.3958333333333333,87,-6.618266666666599,0.42528735632183906,80,2.158066666666688,0.4875,91,9.939333333333357,0.5164835164835165,88,0.21453333333327684,0.45454545454545453,90,3.5708000000000073,0.4222222222222222,88,24.468999999999987,0.5795454545454546,78,10.732399999999988,0.48717948717948717,34,3.333333333333332,0.47058823529411764
asia_break_09_14|thu_fri|TP10_SL20|H720,asia_break_09_14,thu_fri,TP10_SL20,10.0,20.0,0.5,720,0.10968449833498481,442,0.7575499999999931,0.0017139140271493056,0.5361990950226244,1.0087638469765565,11.20674999999999,5,3,290,16.091000000000022,0.0554862068965518,0.6344827586206897,1.225278798438407,6.5,8,2,732,16.84855000000001,0.023017144808743183,1.1067259611547415,96,-2.3556000000000257,0.46875,87,-5.25540000000001,0.47126436781609193,80,1.9242500000000415,0.6,91,3.1985000000000117,0.5494505494505495,88,3.2457999999999747,0.6022727272727273,90,-2.222199999999986,0.4777777777777778,88,15.313850000000002,0.75,78,3.999350000000004,0.6794871794871795,34,-1.0,0.6470588235294118
asia_break_10_16|all|TP30_SL25|H480,asia_break_10_16,all,TP30_SL25,30.0,25.0,1.2,480,0.10854398800227066,1191,0.6636800000002316,0.0005572460117550224,0.47858942065491183,1.0034977226435813,10.092439999999936,13,3,801,29.453679999999892,0.03677113607989999,0.48813982521847693,1.138406013805226,16.9692,9,3,1992,30.117360000000122,0.015119156626506085,1.0748159470705798,232,2.016119999999992,0.4870689655172414,239,-5.880919999999987,0.4351464435146444,231,2.24752000000014,0.4805194805194805,241,-1.1777599999999921,0.45228215767634855,248,3.4587200000000755,0.5362903225806451,241,-4.293959999999998,0.42323651452282157,240,10.338280000000076,0.5291666666666667,206,8.984159999999846,0.5,114,14.425199999999968,0.5175438596491229
asia_mid_cont_840|all|TP40_SL30|H720,asia_mid_cont_840,all,TP40_SL30,40.0,30.0,1.3333333333333333,720,0.10839388617829865,1305,4.682033333333271,0.0035877650063856482,0.4835249042145594,1.0268232561283808,12.438533333333323,12,2,949,6.707399999999955,0.007067860906217024,0.47102212855637515,1.0249012936243198,22.07800000000001,7,2,2254,11.389433333333232,0.005052987281869224,1.0256570333241894,261,-2.3047333333333277,0.46360153256704983,261,-3.835400000000057,0.4521072796934866,262,5.241133333333332,0.5038167938931297,261,-3.5386333333333244,0.4674329501915709,260,9.119666666666648,0.5307692307692308,260,-1.1609000000000087,0.45,262,2.294133333333358,0.4847328244274809,261,-5.657466666666751,0.47509578544061304,166,11.23163333333336,0.4759036144578313
asia_break_09_14|mon|TP15_SL15|H720,asia_break_09_14,mon,TP15_SL15,15.0,15.0,1.0,720,0.09999311453651853,209,0.39833333333340326,0.0019059011164277667,0.4880382775119617,1.007524108629241,5.937666666666655,6,2,135,-12.297266666666657,-0.09109086419753079,0.4074074074074074,0.7809197477344803,13.536333333333312,6,1,344,-11.898933333333252,-0.03458992248061992,0.8909078017999082,41,1.2538666666666811,0.4878048780487805,41,-2.4088666666666843,0.4634146341463415,40,4.49713333333337,0.575,41,-2.0997333333333406,0.43902439024390244,46,-0.8440666666666256,0.4782608695652174,40,-9.038333333333322,0.3,43,-1.3619999999999894,0.4186046511627907,36,0.10306666666665487,0.5,16,-2.0,0.4375
asia_break_09_14|thu_fri|TP15_SL15|H1440,asia_break_09_14,thu_fri,TP15_SL15,15.0,15.0,1.0,1440,0.09603821956367128,442,1.0127333333334256,0.0022912518853697413,0.4660633484162896,1.0077070362282967,12.911599999999908,6,3,290,21.349266666666665,0.07361816091954022,0.5137931034482759,1.1913528829698745,8.606399999999985,9,3,732,22.36200000000009,0.030549180327868977,1.092034589179413,96,-4.687333333333299,0.3958333333333333,87,-5.972866666666626,0.42528735632183906,80,4.6119333333333685,0.5125,91,4.383733333333339,0.5164835164835165,88,2.677266666666643,0.48863636363636365,90,0.08493333333335573,0.43333333333333335,88,16.732999999999993,0.5909090909090909,78,4.53133333333332,0.5256410256410257,34,0.0,0.5
asia_break_09_14|mon|TP5_SL15|H480,asia_break_09_14,mon,TP5_SL15,5.0,15.0,0.3333333333333333,480,0.09597929735428079,209,0.04833333333339984,0.0002312599681023916,0.5789473684210527,1.001320053894616,4.508533333333315,6,2,135,-12.680800000000016,-0.09393185185185196,0.562962962962963,0.6643900029112592,13.014133333333314,5,0,344,-12.632466666666616,-0.03672228682170528,0.8302064991912983,41,0.6137333333332807,0.5365853658536586,41,-0.9013333333332871,0.4634146341463415,40,2.878933333333375,0.725,41,-2.2501333333333298,0.5365853658536586,46,-0.29286666666663924,0.6304347826086957,40,-7.912200000000015,0.325,43,-1.2919333333333283,0.627906976744186,36,-2.1433333333333393,0.6944444444444444,16,-1.333333333333334,0.6875
prevclose_cont_840|all|TP40_SL30|H720,prevclose_cont_840,all,TP40_SL30,40.0,30.0,1.3333333333333333,720,0.09484034700447347,1304,2.7092999999998613,0.002077684049079648,0.48619631901840493,1.0154561130744193,9.551866666666779,11,2,949,19.195866666666614,0.020227467509659234,0.4868282402528978,1.073183734411907,19.53900000000009,9,4,2253,21.905166666666478,0.009722666074863062,1.0500590244845152,260,-1.3487333333334008,0.46153846153846156,261,-5.1683666666667,0.4559386973180077,262,4.472433333333314,0.5038167938931297,261,-0.3260999999999967,0.4827586206896552,260,5.080066666666644,0.5269230769230769,260,1.404333333333299,0.48846153846153845,262,10.629966666666713,0.5076335877862596,261,1.2043666666666297,0.47509578544061304,166,5.957199999999975,0.46987951807228917
asia_break_09_14|mon|TP15_SL15|H480,asia_break_09_14,mon,TP15_SL15,15.0,15.0,1.0,480,0.09295002028343152,209,-0.6557333333333029,-0.0031374800637957076,0.4784688995215311,0.9863852169700331,6.597933333333276,6,3,135,-15.574400000000136,-0.11536592592592693,0.37777777777777777,0.7172465378386799,15.701666666666782,6,0,344,-16.230133333333438,-0.047180620155039064,0.8427991021962089,41,1.5220666666665843,0.5365853658536586,41,-4.06573333333331,0.3902439024390244,40,2.668466666666715,0.55,41,-1.423999999999993,0.4146341463414634,46,0.6434666666667,0.5,40,-8.175600000000031,0.25,43,-3.316733333333392,0.3953488372093023,36,-2.082066666666712,0.4722222222222222,16,-2.0,0.4375
asia_compression_break|r070|TP40_SL30|H1440,asia_compression_break,r070,TP40_SL30,40.0,30.0,1.3333333333333333,1440,0.09058451869707865,220,-1.650999999999969,-0.007504545454545313,0.4909090909090909,0.9543120799487879,7.264499999999983,6,4,176,27.422199999999997,0.1558079545454545,0.5625,1.635123544239298,7.185866666666634,5,4,396,25.771200000000032,0.06507878787878796,1.324931841459473,34,0.391633333333319,0.5588235294117647,58,-5.9769999999999746,0.41379310344827586,45,1.0130666666666899,0.4666666666666667,40,2.8772333333333413,0.6,43,0.044066666666655305,0.46511627906976744,46,4.065233333333359,0.5652173913043478,45,5.050933333333355,0.5333333333333333,50,3.0076999999999616,0.54,35,15.298333333333328,0.6285714285714286
asia_expansion_fade_10|r140|TP15_SL25|H1440,asia_expansion_fade_10,r140,TP15_SL25,15.0,25.0,0.6,1440,0.08981040216273281,261,0.4151999999999749,0.0015908045977010533,0.5517241379310345,1.0070398367951512,6.486519999999991,8,2,241,-12.487360000000043,-0.05181477178423254,0.5311203319502075,0.8434343105064367,19.069520000000065,8,2,502,-12.07216000000006,-0.024048127490039962,0.912985037834284,41,-2.259799999999986,0.4878048780487805,52,-1.1284000000000018,0.5384615384615384,68,0.36739999999998696,0.5882352941176471,41,3.979999999999991,0.6341463414634146,59,-0.5440000000000142,0.5084745762711864,61,-2.453880000000018,0.45901639344262296,72,0.27988000000000257,0.5555555555555556,72,-12.71336000000003,0.5,36,2.4,0.6666666666666666
asia_break_09_14|thu_fri|TP30_SL25|H720,asia_break_09_14,thu_fri,TP30_SL25,30.0,25.0,1.2,720,0.07774207068570348,442,0.5882800000000659,0.001330950226244493,0.4841628959276018,1.0076542229378964,7.451359999999969,8,2,290,28.65408000000005,0.09880717241379328,0.5241379310344828,1.3673594348316394,12.990919999999996,11,3,732,29.24236000000012,0.03994857923497284,1.1888345534694458,96,-0.34692000000001855,0.4583333333333333,87,-4.552639999999992,0.4482758620689655,80,4.104840000000058,0.5375,91,4.538440000000017,0.4945054945054945,88,-3.1554399999999987,0.48863636363636365,90,3.939839999999977,0.43333333333333335,88,19.117280000000058,0.6477272727272727,78,-0.5610399999999942,0.48717948717948717,34,6.15800000000001,0.5294117647058824
asia_break_10_16|thu_fri|TP15_SL15|H1440,asia_break_10_16,thu_fri,TP15_SL15,15.0,15.0,1.0,1440,0.0754367797647214,482,1.5690000000001136,0.003255186721991937,0.470954356846473,1.0107039404236011,10.544666666666537,8,2,324,27.850799999999936,0.08595925925925905,0.5308641975308642,1.224628224754045,6.775466666666652,9,4,806,29.419800000000045,0.03650099255583132,1.1087335863650656,97,-2.5132666666665955,0.422680412371134,97,-5.502533333333303,0.4329896907216495,91,-0.2455999999999532,0.4835164835164835,97,6.608533333333314,0.5257731958762887,100,3.22186666666665,0.49,98,7.6801999999999815,0.5,99,9.211666666666678,0.5454545454545454,81,2.958933333333274,0.5185185185185185,46,8.0,0.5869565217391305
impulse60_cont_840|s040|TP10_SL20|H480,impulse60_cont_840,s040,TP10_SL20,10.0,20.0,0.5,480,0.07375671694664701,659,2.0144999999997704,0.0030569044006066317,0.5235204855842185,1.0174046921391164,11.213199999999983,8,2,481,-16.16530000000005,-0.033607692307692415,0.5738045738045738,0.884392695670581,22.236650000000008,8,1,1140,-14.150800000000277,-0.012412982456140594,0.9446313113557488,117,-2.459450000000096,0.4444444444444444,132,2.6757499999999137,0.5378787878787878,123,-0.017400000000043603,0.5121951219512195,145,-3.806199999999967,0.503448275862069,142,5.621799999999963,0.6056338028169014,134,-8.908800000000054,0.5,139,9.961700000000008,0.6330935251798561,130,-7.264200000000005,0.5846153846153846,78,-9.953999999999997,0.5769230769230769
asia_break_10_16|mon|TP15_SL25|H1440,asia_break_10_16,mon,TP15_SL25,15.0,25.0,0.6,1440,0.07361741810486093,223,-1.3598800000000113,-0.006098116591928302,0.4977578475336323,0.9652465920765457,4.557839999999988,6,3,147,6.337120000000059,0.04310965986394598,0.564625850340136,1.1789107795020763,6.3724400000000045,5,2,370,4.977240000000045,0.013452000000000124,1.0667638185184813,40,1.0129199999999945,0.525,46,-2.5138800000000083,0.4782608695652174,44,1.912880000000014,0.5227272727272727,45,-2.8216800000000157,0.4222222222222222,48,1.0498800000000028,0.5416666666666666,43,-5.035320000000012,0.3953488372093023,45,1.9984400000000364,0.5333333333333333,41,9.774000000000031,0.7560975609756098,18,-0.40000000000000024,0.6111111111111112
asia_compression_break|r070|TP10_SL25|H480,asia_compression_break,r070,TP10_SL25,10.0,25.0,0.4,480,0.06722614037891908,220,-0.8134400000000646,-0.003697454545454839,0.509090909090909,0.9723462699556671,7.4934,6,3,176,6.696959999999935,0.03805090909090872,0.6193181818181818,1.2034110817634183,5.603920000000016,5,2,396,5.883519999999872,0.014857373737373414,1.0943802287126645,34,2.582359999999971,0.6176470588235294,58,-2.9004000000000265,0.39655172413793105,45,-2.8908399999999803,0.4666666666666667,40,0.33071999999997415,0.5,43,2.0647199999999986,0.627906976744186,46,-0.5361200000000272,0.4782608695652174,45,3.729039999999996,0.6222222222222222,50,-2.095960000000032,0.6,35,5.6000000000000005,0.8285714285714286
asia_break_10_16|all|TP40_SL30|H720,asia_break_10_16,all,TP40_SL30,40.0,30.0,1.3333333333333333,720,0.0650090074559673,1191,-1.2166666666665638,-0.0010215505177720938,0.4760705289672544,0.993115511902243,9.223966666666653,10,3,801,29.359133333333276,0.03665310029130247,0.4893882646691635,1.1442304086566997,16.103900000000007,9,3,1992,28.142466666666714,0.01412774431057566,1.0740040157815816,232,0.4897000000000238,0.4698275862068966,239,-6.0869666666666875,0.4560669456066946,231,5.777500000000069,0.48917748917748916,241,-5.983966666666651,0.42738589211618255,248,4.587066666666685,0.5362903225806451,241,-0.73756666666665,0.42738589211618255,240,13.990500000000035,0.525,206,2.4870999999999306,0.5097087378640777,114,13.61909999999996,0.5087719298245614
trend_pullback_840|f025|TP20_SL15|H720,trend_pullback_840,f025,TP20_SL15,20.0,15.0,1.3333333333333333,720,0.0646640946120377,727,8.042399999999807,0.011062448418156543,0.49105914718019256,1.0429749451752033,26.813800000000015,9,2,550,-12.472733333333675,-0.02267769696969759,0.4672727272727273,0.9479383021115069,38.0,11,1,1277,-4.430333333333868,-0.0034693291568785186,0.9896176456435499,133,-1.0890666666667435,0.45864661654135336,137,2.0345333333332434,0.48905109489051096,154,-4.55500000000002,0.474025974025974,153,-11.437399999999965,0.4444444444444444,150,23.089333333333293,0.5866666666666667,160,-8.42740000000008,0.4875,153,11.165666666666533,0.5359477124183006,144,-1.5443333333334577,0.4375,93,-13.666666666666668,0.3655913978494624
asia_break_10_16|mon|TP40_SL30|H1440,asia_break_10_16,mon,TP40_SL30,40.0,30.0,1.3333333333333333,1440,0.06347136131897362,223,-1.31310000000001,-0.0058883408071749325,0.4618834080717489,0.963485205636142,5.419599999999992,6,3,147,17.850300000000036,0.1214306122448982,0.4965986394557823,1.5172111055092936,5.847833333333341,5,2,370,16.537200000000034,0.044695135135135226,1.234658861669255,40,0.8440999999999954,0.525,46,-2.182833333333346,0.4782608695652174,44,2.100466666666678,0.4090909090909091,45,-2.6418666666666764,0.4222222222222222,48,0.5670333333333394,0.4791666666666667,43,-4.145233333333341,0.3953488372093023,45,1.6541000000000248,0.4444444444444444,41,22.86343333333335,0.7317073170731707,18,-2.521999999999996,0.3333333333333333
asia_break_10_16|mon|TP40_SL30|H720,asia_break_10_16,mon,TP40_SL30,40.0,30.0,1.3333333333333333,720,0.05406410081047093,223,-0.6138333333332644,-0.0027526158445437864,0.4663677130044843,0.9812021056908187,4.07139999999997,6,2,147,12.972266666666668,0.0882467120181406,0.4965986394557823,1.4166225958193006,6.279800000000008,12,2,370,12.358433333333402,0.033401171171171355,1.1937328770523383,40,0.5819000000000187,0.5,46,-1.047200000000005,0.4782608695652174,44,2.7311666666666947,0.5,45,-1.973433333333325,0.37777777777777777,48,-0.9062666666666477,0.4791666666666667,43,-4.54636666666667,0.27906976744186046,45,4.027299999999999,0.5333333333333333,41,17.214666666666684,0.7560975609756098,18,-3.7233333333333434,0.3333333333333333
impulse60_cont_840|s040|TP15_SL15|H480,impulse60_cont_840,s040,TP15_SL15,15.0,15.0,1.0,480,0.0505882285921887,659,4.3584666666663665,0.006613758219524077,0.48861911987860396,1.0263973619192688,18.96486666666665,8,2,481,-13.786266666666732,-0.028661677061677198,0.4802494802494803,0.9296232933238537,31.952933333333384,8,1,1140,-9.427800000000374,-0.00827000000000033,0.9738843841481377,117,-4.89840000000013,0.4358974358974359,132,7.892133333333215,0.5227272727272727,123,-4.330066666666714,0.45528455284552843,145,-5.125133333333285,0.46206896551724136,142,10.819933333333271,0.5563380281690141,134,-3.631333333333349,0.4701492537313433,139,12.073599999999974,0.5467625899280576,130,-2.2285333333333552,0.4846153846153846,78,-20.0,0.3717948717948718
trend_pullback_840|f025|TP5_SL15|H720,trend_pullback_840,f025,TP5_SL15,5.0,15.0,0.3333333333333333,720,0.04912671328802695,727,1.1010666666665694,0.0015145346171479635,0.6258596973865199,1.007987055128863,10.220466666666697,6,2,550,-12.927266666666746,-0.023504121212121358,0.7,0.9063733651105116,28.85179999999996,7,2,1277,-11.82620000000018,-0.00926092404072058,0.9571404134494529,133,-2.7048666666667964,0.48120300751879697,137,1.841133333333345,0.5693430656934306,154,-0.6378666666666819,0.6818181818181818,153,-5.2151333333332826,0.6470588235294118,150,7.817799999999986,0.7266666666666667,160,2.943733333333326,0.69375,153,6.6474666666665705,0.7450980392156863,144,-16.18513333333331,0.6597222222222222,93,-6.333333333333336,0.6989247311827957
asia_break_10_16|all|TP15_SL25|H480,asia_break_10_16,all,TP15_SL25,15.0,25.0,0.6,480,0.04875435924626806,1191,-0.061679999999791235,-5.178841309806149e-05,0.491183879093199,0.9996641116351785,12.626079999999954,13,3,801,19.75672000000005,0.024665068664169853,0.5405742821473158,1.1048363252375923,13.30544,7,3,1992,19.695040000000255,0.009887068273092497,1.052931498743945,232,1.7073999999999885,0.4870689655172414,239,-7.174759999999979,0.4351464435146444,231,0.8223200000001105,0.5064935064935064,241,-1.266759999999986,0.46473029045643155,248,5.850120000000077,0.5604838709677419,241,-7.680519999999995,0.4315352697095436,240,10.080280000000103,0.55,206,7.273759999999946,0.5825242718446602,114,10.083199999999998,0.6754385964912281
asia_compression_break|r070|TP20_SL15|H1440,asia_compression_break,r070,TP20_SL15,20.0,15.0,1.3333333333333333,1440,0.04613621843899307,220,-0.09299999999995379,-0.0004227272727270627,0.4863636363636364,0.9986263857994886,12.487933333333308,6,3,176,29.57873333333336,0.168060984848485,0.5397727272727273,1.4417122883309088,7.493133333333329,8,4,396,29.4857333333334,0.07445892255892272,1.2189506471698885,34,1.3234666666666424,0.5588235294117647,58,-8.904733333333295,0.41379310344827586,45,-0.8625999999999767,0.4444444444444444,40,7.835733333333352,0.6,43,0.5151333333333233,0.46511627906976744,46,7.076000000000052,0.5652173913043478,45,4.785866666666665,0.5333333333333333,50,3.716866666666644,0.48,35,14.0,0.6
asia_break_09_14|mon|TP5_SL15|H720,asia_break_09_14,mon,TP5_SL15,5.0,15.0,0.3333333333333333,720,0.0454108149464698,209,-0.37219999999993303,-0.0017808612440188183,0.6028708133971292,0.9906121364578028,5.79773333333334,6,2,135,-13.106799999999934,-0.09708740740740691,0.5925925925925926,0.6639994257627456,13.440133333333227,6,0,344,-13.478999999999866,-0.03918313953488333,0.828631800567542,41,1.889866666666709,0.5365853658536586,41,-1.682200000000012,0.5121951219512195,40,3.9840666666666946,0.75,41,-3.1858666666666835,0.5609756097560976,46,-1.378066666666641,0.6521739130434783,40,-8.394399999999997,0.4,43,-1.1957333333332683,0.6511627906976745,36,-2.183333333333334,0.6944444444444444,16,-1.333333333333334,0.6875
asia_expansion_fade_10|r140|TP15_SL15|H1440,asia_expansion_fade_10,r140,TP15_SL15,15.0,15.0,1.0,1440,0.04457572628588602,261,1.2957333333333136,0.004964495530012696,0.5134099616858238,1.0144442322284142,13.234466666666641,8,2,241,-21.73766666666684,-0.0901977869986176,0.44813278008298757,0.8129721011148873,31.78726666666685,8,1,502,-20.441933333333523,-0.04072098273572415,0.9007349323015396,41,-3.0787999999999864,0.4878048780487805,52,-0.4981333333333467,0.5384615384615384,68,-3.645799999999994,0.4852941176470588,41,4.209999999999975,0.5609756097560976,59,4.308466666666664,0.5084745762711864,61,-0.27373333333337846,0.45901639344262296,72,1.4214666666665985,0.5138888888888888,72,-16.885400000000057,0.3888888888888889,36,-6.0,0.4166666666666667
asia_break_09_14|thu_fri|TP5_SL15|H720,asia_break_09_14,thu_fri,TP5_SL15,5.0,15.0,0.3333333333333333,720,0.04447020326048845,442,0.8102666666667382,0.001833182503770901,0.6425339366515838,1.0090837409706321,10.392466666666635,5,2,290,18.430333333333305,0.06355287356321829,0.7689655172413793,1.3316219733819548,5.6666666666666785,3,3,732,19.240600000000043,0.026284972677595688,1.1328990992982262,96,-3.162200000000015,0.4895833333333333,87,-2.325199999999996,0.5977011494252874,80,0.47920000000005114,0.7125,91,-2.1239999999999637,0.6593406593406593,88,7.942466666666662,0.7727272727272727,90,4.670599999999996,0.7222222222222222,88,7.919533333333309,0.7954545454545454,78,6.506866666666668,0.8076923076923077,34,-0.6666666666666676,0.7352941176470589
asia_break_10_16|mon|TP15_SL20|H1440,asia_break_10_16,mon,TP15_SL20,15.0,20.0,0.75,1440,0.043112271425361254,223,-1.7052500000000232,-0.0076468609865471895,0.4977578475336323,0.9651400377986039,5.048249999999996,6,3,147,2.4234000000000595,0.01648571428571469,0.5306122448979592,1.0519271810958848,8.271050000000002,5,2,370,0.7181500000000343,0.0019409459459460386,1.0075131020276435,40,1.2661499999999934,0.525,46,-2.856000000000006,0.4782608695652174,44,2.9346500000000106,0.5227272727272727,45,-3.611800000000028,0.4222222222222222,48,0.5617500000000064,0.5416666666666666,43,-6.5996500000000085,0.3953488372093023,45,3.0510500000000658,0.5333333333333333,41,6.472000000000003,0.6585365853658537,18,-0.5,0.5555555555555556
asia_compression_break|r070|TP40_SL30|H720,asia_compression_break,r070,TP40_SL30,40.0,30.0,1.3333333333333333,720,0.040211607106599795,220,-1.6596666666666726,-0.007543939393939421,0.4909090909090909,0.9474215547337494,5.158533333333351,5,3,176,20.607299999999974,0.11708693181818167,0.5227272727272727,1.509685541435615,8.172533333333316,5,4,396,18.947633333333293,0.04784755892255882,1.2631727832852133,34,0.8944999999999936,0.5882352941176471,58,-4.07039999999998,0.43103448275862066,45,1.3496666666666737,0.4666666666666667,40,0.5040333333333215,0.475,43,-0.33746666666668246,0.5348837209302325,46,2.424966666666683,0.5217391304347826,45,4.901833333333335,0.5111111111111111,50,0.6527333333333143,0.46,35,12.62776666666664,0.6285714285714286
asia_break_10_16|all|TP15_SL25|H720,asia_break_10_16,all,TP15_SL25,15.0,25.0,0.6,720,0.03853531190014353,1191,0.05128000000010058,4.305625524777547e-05,0.491183879093199,1.0002550158251051,13.533439999999931,8,3,801,20.946520000000014,0.02615046192259677,0.550561797752809,1.104276183146368,14.235720000000013,8,3,1992,20.99780000000011,0.010541064257028169,1.052238406436287,232,0.7318400000000288,0.4698275862068966,239,-7.263880000000018,0.4602510460251046,231,1.7555200000000513,0.5151515151515151,241,-5.482559999999957,0.44813278008298757,248,10.31036,0.5604838709677419,241,-7.366079999999982,0.43983402489626555,240,9.894520000000075,0.5583333333333333,206,7.618079999999915,0.5970873786407767,114,10.8,0.6842105263157895
asia_expansion_fade_10|r140|TP20_SL20|H720,asia_expansion_fade_10,r140,TP20_SL20,20.0,20.0,1.0,720,0.03638940049290146,261,0.40820000000003165,0.0015639846743296232,0.5325670498084292,1.006152274058037,10.00719999999992,7,2,241,-12.825300000000153,-0.05321701244813341,0.44813278008298757,0.8605570520330182,25.01970000000013,6,2,502,-12.41710000000012,-0.024735258964143667,0.9215719341328289,41,-2.355649999999991,0.4878048780487805,52,-0.7567999999999986,0.5384615384615384,68,-2.1290999999999713,0.5,41,4.407600000000003,0.6097560975609756,59,1.2421499999999923,0.5423728813559322,61,1.3951499999999557,0.5081967213114754,72,-4.7312,0.4166666666666667,72,-15.489250000000107,0.3611111111111111,36,6.0,0.5833333333333334
asia_break_09_14|thu_fri|TP5_SL15|H480,asia_break_09_14,thu_fri,TP5_SL15,5.0,15.0,0.3333333333333333,480,0.03251045824648002,442,1.581466666666687,0.0035779788838612827,0.6040723981900452,1.0192737997546295,8.437799999999973,7,1,290,17.820666666666583,0.06145057471264339,0.7655172413793103,1.3230984379929225,5.666666666666675,3,3,732,19.402133333333275,0.026505646630236714,1.1414065145766308,96,-1.3417333333333479,0.4375,87,-1.5974666666666673,0.5287356321839081,80,-0.8375333333333259,0.6625,91,-0.2701999999999621,0.6813186813186813,88,5.628399999999994,0.7272727272727273,90,4.4214666666666265,0.7222222222222222,88,7.818999999999958,0.7840909090909091,78,6.246866666666662,0.8076923076923077,34,-0.6666666666666676,0.7352941176470589
asia_break_09_14|thu_fri|TP10_SL25|H720,asia_break_09_14,thu_fri,TP10_SL25,10.0,25.0,0.4,720,0.030537041297274387,442,-1.2152399999999925,-0.0027494117647058657,0.5361990950226244,0.9828775673645229,9.882359999999986,5,3,290,12.376440000000029,0.042677379310344925,0.6482758620689655,1.208927377696749,7.29079999999999,8,2,732,11.161200000000033,0.015247540983606603,1.0857158918916265,96,-1.884480000000022,0.46875,87,-4.720320000000002,0.47126436781609193,80,1.921080000000039,0.6,91,1.8921200000000127,0.5494505494505495,88,1.5763599999999773,0.6022727272727273,90,-1.85807999999999,0.4777777777777778,88,12.62564000000001,0.7613636363636364,78,3.4088800000000075,0.7051282051282052,34,-1.8000000000000003,0.6764705882352942
asia_break_10_16|all|TP15_SL25|H1440,asia_break_10_16,all,TP15_SL25,15.0,25.0,0.6,1440,0.027707375196155182,1191,0.5795599999999936,0.00048661628883290816,0.4987405541561713,1.0026031237844737,15.307120000000026,8,3,801,26.388079999999984,0.03294392009987514,0.5792759051186017,1.1228611113076947,9.371879999999978,7,4,1992,26.967639999999978,0.013537971887550189,1.0616515990719764,232,0.47815999999997016,0.4698275862068966,239,-6.752280000000001,0.4686192468619247,231,2.162080000000042,0.5151515151515151,241,-6.824120000000022,0.47717842323651455,248,11.515719999999998,0.5604838709677419,241,0.05923999999998042,0.4979253112033195,240,7.180080000000043,0.5625,206,8.348759999999963,0.6359223300970874,114,10.8,0.6842105263157895
asia_expansion_fade_10|r140|TP30_SL25|H1440,asia_expansion_fade_10,r140,TP30_SL25,30.0,25.0,1.2,1440,0.023077651317766984,261,0.06779999999995234,0.00025977011494234616,0.5210727969348659,1.0010846833748428,9.4224,8,2,241,-17.6502800000001,-0.07323767634854814,0.4315352697095436,0.8206182666856909,26.44320000000011,8,1,502,-17.582480000000146,-0.03502486055776922,0.8907253989700541,41,-2.7989599999999877,0.4878048780487805,52,-0.7174400000000061,0.5384615384615384,68,-2.67956000000001,0.4852941176470588,41,3.824999999999991,0.6341463414634146,59,2.4387599999999647,0.4915254237288136,61,-0.023520000000025743,0.4262295081967213,72,-5.679920000000029,0.4583333333333333,72,-13.346840000000046,0.3888888888888889,36,1.3999999999999986,0.4722222222222222
asia_break_09_14|thu_fri|TP10_SL20|H1440,asia_break_09_14,thu_fri,TP10_SL20,10.0,20.0,0.5,1440,0.021812270928488503,442,-0.3207999999999398,-0.0007257918552034837,0.5339366515837104,0.9965733543048044,13.482899999999939,5,3,290,16.29920000000002,0.056204137931034556,0.6413793103448275,1.224414617405929,6.5,6,2,732,15.978400000000077,0.021828415300546553,1.0961111969929467,96,-3.2833499999999853,0.40625,87,-6.2383999999999675,0.4482758620689655,80,1.629850000000034,0.6,91,3.033200000000022,0.6043956043956044,88,4.537899999999956,0.625,90,-2.6971999999999765,0.4888888888888889,88,14.74955,0.75,78,5.246849999999995,0.6923076923076923,34,-1.0,0.6470588235294118
asia_mid_cont_840|all|TP30_SL25|H720,asia_mid_cont_840,all,TP30_SL25,30.0,25.0,1.2,720,0.010649782644121808,1305,2.4453199999999384,0.0018738084291187267,0.481992337164751,1.011756291894037,14.626159999999981,12,2,949,6.59151999999993,0.00694575342465746,0.4731296101159115,1.0223309399001914,26.098680000000066,7,2,2254,9.036839999999854,0.004009245785270565,1.0179596263155055,261,-2.765679999999993,0.46360153256704983,261,-3.963120000000072,0.4521072796934866,262,3.788400000000011,0.5,261,-5.867079999999987,0.4674329501915709,260,11.25279999999998,0.5269230769230769,260,-3.8705200000000026,0.45,262,4.4298800000000025,0.49236641221374045,261,-9.704360000000072,0.45977011494252873,166,15.736519999999999,0.5
asia_compression_break|r070|TP20_SL20|H720,asia_compression_break,r070,TP20_SL20,20.0,20.0,1.0,720,0.010629188005375906,220,-1.23995000000001,-0.00563613636363641,0.4909090909090909,0.97327549975753,9.36189999999998,6,3,176,19.65574999999999,0.11168039772727267,0.5454545454545454,1.3790474133484003,5.130250000000023,4,3,396,18.41579999999998,0.0465045454545454,1.1874321586636152,34,1.833949999999993,0.5882352941176471,58,-4.950399999999968,0.43103448275862066,45,-1.8100000000000027,0.4444444444444444,40,1.6936999999999678,0.475,43,1.9927999999999997,0.5581395348837209,46,2.8783000000000247,0.5217391304347826,45,2.4091999999999985,0.4888888888888889,50,-0.6317500000000331,0.5,35,15.0,0.7142857142857143
asia_expansion_fade_10|r140|TP10_SL20|H1440,asia_expansion_fade_10,r140,TP10_SL20,10.0,20.0,0.5,1440,0.009091844517326225,261,-0.3871000000000211,-0.001483141762452188,0.5938697318007663,0.9938686649338635,8.381399999999973,8,2,241,-11.367350000000044,-0.0471674273858923,0.5933609958506224,0.855998940959103,18.549300000000038,4,1,502,-11.754450000000066,-0.023415239043824834,0.9172653274823933,41,-3.074749999999983,0.4878048780487805,52,-2.8865999999999983,0.5384615384615384,68,2.995600000000002,0.6617647058823529,41,3.8875999999999746,0.6829268292682927,59,-1.3089500000000158,0.576271186440678,61,-0.6686000000000261,0.5573770491803278,72,2.5925999999999934,0.6527777777777778,72,-11.791350000000012,0.5416666666666666,36,-1.5,0.6388888888888888
asia_mid_cont_840|all|TP10_SL25|H1440,asia_mid_cont_840,all,TP10_SL25,10.0,25.0,0.4,1440,0.009087728801227046,1305,0.7332000000000001,0.0005618390804597702,0.5310344827586206,1.003405067624866,16.792640000000016,6,3,949,-28.931759999999944,-0.030486575342465693,0.6174920969441517,0.8825699613969695,37.73824000000001,8,0,2254,-28.19855999999994,-0.012510452528837595,0.9389245705051776,261,0.10983999999998728,0.4367816091954023,261,-12.943480000000035,0.46360153256704983,262,4.783040000000049,0.6068702290076335,261,-2.8058800000000215,0.5478927203065134,260,11.589680000000026,0.6,260,-12.769400000000047,0.5269230769230769,262,-2.351359999999958,0.6259541984732825,261,-6.503399999999948,0.6628352490421456,166,-7.307599999999985,0.6746987951807228
impulse60_cont_840|s040|TP15_SL15|H720,impulse60_cont_840,s040,TP15_SL15,15.0,15.0,1.0,720,0.008572962392681571,659,3.544533333333054,0.00537865452706078,0.4779969650986343,1.0208977363798963,19.5788,8,2,481,-14.81526666666674,-0.030800970200970355,0.498960498960499,0.9254922668919707,32.10880000000003,8,1,1140,-11.270733333333686,-0.009886608187134813,0.9694108502361833,117,-5.4310000000001155,0.4358974358974359,132,7.601733333333142,0.5,123,-1.2466000000000046,0.4796747967479675,145,-8.4257333333333,0.43448275862068964,142,11.046133333333334,0.5352112676056338,134,-2.3793999999999724,0.5074626865671642,139,9.980999999999902,0.5683453237410072,130,-2.4168666666666763,0.49230769230769234,78,-20.0,0.3717948717948718
asia_break_09_14|mon|TP40_SL30|H1440,asia_break_09_14,mon,TP40_SL30,40.0,30.0,1.3333333333333333,1440,0.004168797497174512,209,-1.9381666666666442,-0.009273524720893035,0.45933014354066987,0.9439004458440796,6.036366666666662,7,3,135,3.93789999999996,0.029169629629629334,0.42962962962962964,1.105588352273996,9.479600000000033,6,1,344,1.9997333333333163,0.005813178294573593,1.0278345627024654,41,1.9554333333333183,0.5609756097560976,41,-2.2524000000000037,0.43902439024390244,40,0.7432666666666812,0.375,41,-2.6462000000000065,0.4146341463414634,46,0.26173333333336624,0.5,40,-5.791000000000016,0.325,43,-2.084633333333356,0.3488372093023256,36,13.13786666666665,0.6666666666666666,16,-1.3243333333333194,0.375
prevclose_cont_840|all|TP15_SL25|H480,prevclose_cont_840,all,TP15_SL25,15.0,25.0,0.6,480,0.004016495248209739,1304,0.6544799999997455,0.0005019018404906024,0.48773006134969327,1.00336173957387,11.65200000000014,11,2,949,-15.730840000000093,-0.016576227608008528,0.5216016859852476,0.9382613891254162,27.26892000000008,7,0,2253,-15.076360000000342,-0.006691682201509251,0.9664583944962817,260,-1.7384800000000828,0.45,261,-4.219160000000064,0.4444444444444444,262,-0.010440000000026206,0.5190839694656488,261,0.33895999999992443,0.4904214559386973,260,6.283599999999998,0.5346153846153846,260,-2.5353600000000727,0.45384615384615384,262,-0.44344000000000117,0.5114503816793893,261,-10.627920000000051,0.5440613026819924,166,-2.124119999999967,0.608433734939759
asia_break_09_14|thu_fri|TP15_SL25|H1440,asia_break_09_14,thu_fri,TP15_SL25,15.0,25.0,0.6,1440,0.002632117445738172,442,-0.7915199999999469,-0.0017907692307691106,0.48868778280542985,0.990421422555256,7.853559999999937,6,2,290,18.107160000000004,0.062438482758620704,0.5793103448275863,1.253256769072484,6.999999999999982,9,3,732,17.31564000000006,0.023655245901639425,1.11234318923746,96,-2.5885599999999798,0.3958333333333333,87,-3.5754799999999713,0.4367816091954023,80,4.3214800000000295,0.575,91,1.6092000000000097,0.5384615384615384,88,-0.5581600000000329,0.5113636363636364,90,-0.5646399999999815,0.4444444444444444,88,12.134159999999993,0.6477272727272727,78,5.337639999999991,0.6282051282051282,34,1.2,0.6470588235294118
asia_break_10_16|all|TP40_SL30|H1440,asia_break_10_16,all,TP40_SL30,40.0,30.0,1.3333333333333333,1440,-0.0015071852462024693,1191,0.019200000000009432,1.6120906801015477e-05,0.47439126784214947,1.0000973413475456,10.805533333333308,8,2,801,38.97213333333336,0.04865434873075326,0.49563046192259674,1.173635364012829,15.646500000000035,8,4,1992,38.991333333333365,0.019573962516733618,1.0924639735225499,232,-0.4452666666666871,0.4698275862068966,239,-5.209200000000023,0.4686192468619247,231,6.825933333333386,0.47619047619047616,241,-4.458966666666684,0.44813278008298757,248,3.3067000000000166,0.5080645161290323,241,5.054599999999974,0.4854771784232365,240,11.730133333333477,0.5083333333333333,206,4.966633333333279,0.49514563106796117,114,17.22076666666663,0.49122807017543857
asia_break_09_14|mon|TP40_SL30|H480,asia_break_09_14,mon,TP40_SL30,40.0,30.0,1.3333333333333333,480,-0.004953736280966202,209,-1.386533333333273,-0.0066341307814989136,0.45454545454545453,0.9496513992447004,3.9316999999999775,6,2,135,-0.18336666666676127,-0.0013582716049389723,0.3925925925925926,0.9941421016874041,6.331966666666677,6,2,344,-1.5699000000000305,-0.004563662790697763,0.9733196845290761,41,0.7610333333332922,0.5365853658536586,41,-2.038766666666652,0.3902439024390244,40,2.243066666666709,0.5,41,-1.2869333333333244,0.3902439024390244,46,-1.0649333333332984,0.45652173913043476,40,-4.732233333333337,0.225,43,0.037933333333307895,0.3953488372093023,36,6.093733333333301,0.5555555555555556,16,-1.5828000000000286,0.4375
asia_break_09_14|thu_fri|TP40_SL30|H720,asia_break_09_14,thu_fri,TP40_SL30,40.0,30.0,1.3333333333333333,720,-0.008002134773145417,442,-1.2225999999999355,-0.0027660633484161436,0.4841628959276018,0.9815850845108972,7.077733333333299,8,2,290,23.596633333333358,0.08136770114942538,0.5172413793103449,1.3323870532735642,11.796800000000008,11,4,732,22.37403333333342,0.03056561930783254,1.162858504359338,96,-0.35383333333334877,0.4583333333333333,87,-4.707766666666657,0.4482758620689655,80,3.1173000000000526,0.5375,91,3.811966666666695,0.4945054945054945,88,-3.090266666666677,0.48863636363636365,90,4.809133333333306,0.43333333333333335,88,15.978200000000022,0.6363636363636364,78,0.5173000000000061,0.5,34,2.292000000000022,0.47058823529411764
asia_expansion_fade_10|r140|TP25_SL20|H720,asia_expansion_fade_10,r140,TP25_SL20,25.0,20.0,1.25,720,-0.011568369014222174,261,-0.10469999999998092,-0.0004011494252872832,0.5325670498084292,0.9984219914407731,10.984799999999927,7,2,241,-9.712350000000143,-0.04030020746888026,0.4315352697095436,0.8983442814438932,23.65675000000012,6,2,502,-9.817050000000124,-0.01955587649402415,0.9393601437509973,41,-2.355649999999991,0.4878048780487805,52,-0.7926499999999919,0.5384615384615384,68,-2.407349999999984,0.5,41,4.163700000000007,0.6097560975609756,59,1.2872499999999836,0.5423728813559322,61,3.318649999999957,0.5081967213114754,72,-4.428899999999986,0.4166666666666667,72,-15.35210000000011,0.3333333333333333,36,6.75,0.5277777777777778
impulse60_fade_600|s040|TP15_SL15|H720,impulse60_fade_600,s040,TP15_SL15,15.0,15.0,1.0,720,-0.014875217731945278,728,3.773666666666717,0.005183608058608128,0.5192307692307693,1.019231951846903,26.57219999999999,8,3,517,1.673200000000115,0.003236363636363859,0.5183752417794971,1.0079199809905315,27.089999999999964,9,3,1245,5.446866666666827,0.0043749933065597,1.0133671431651907,150,8.375733333333331,0.6,145,11.431733333333387,0.5586206896551724,148,-13.117599999999978,0.43243243243243246,132,3.360466666666693,0.5303030303030303,153,-6.276666666666719,0.477124183006536,140,11.001200000000015,0.5785714285714286,144,5.914000000000078,0.5347222222222222,136,-17.44953333333333,0.4411764705882353,97,2.2075333333333518,0.5154639175257731
asia_break_09_14|mon|TP10_SL20|H1440,asia_break_09_14,mon,TP10_SL20,10.0,20.0,0.5,1440,-0.019101444672013176,209,-1.913999999999975,-0.009157894736841986,0.5311004784688995,0.9562297685597565,7.8635499999999645,5,3,135,-14.182850000000041,-0.10505814814814846,0.5037037037037037,0.6815551267068339,18.182850000000045,5,1,344,-16.096850000000018,-0.046793168604651214,0.817632910445901,41,3.6207499999999757,0.5609756097560976,41,-4.1704499999999936,0.43902439024390244,40,1.3484000000000265,0.575,41,-3.7331000000000016,0.4634146341463415,46,1.020400000000018,0.6086956521739131,40,-8.428150000000027,0.35,43,-6.726700000000016,0.4418604651162791,36,-1.0279999999999974,0.6388888888888888,16,2.0,0.75
asia_break_10_16|mon|TP5_SL15|H720,asia_break_10_16,mon,TP5_SL15,5.0,15.0,0.3333333333333333,720,-0.01934298665392742,223,-1.3257333333332282,-0.005944992526157974,0.6053811659192825,0.9691684186372483,5.6265999999999625,5,2,147,-7.167399999999924,-0.048757823129251185,0.6326530612244898,0.8104176732605193,10.18740000000001,9,1,370,-8.493133333333153,-0.02295441441441393,0.8948940748233227,40,2.2620666666666835,0.575,46,-2.9691333333333056,0.5,44,4.09706666666669,0.75,45,-3.9656666666666602,0.5333333333333333,48,-0.750066666666636,0.6666666666666666,43,-8.608999999999998,0.3953488372093023,45,3.9582666666667445,0.7555555555555555,41,-0.5166666666666679,0.7317073170731707,18,-2.0000000000000004,0.6666666666666666
asia_break_09_14|mon|TP15_SL20|H720,asia_break_09_14,mon,TP15_SL20,15.0,20.0,0.75,720,-0.025436381727534665,209,-1.5616999999999277,-0.007472248803827406,0.49282296650717705,0.9624508304721252,4.660099999999988,6,2,135,-5.19559999999999,-0.038485925925925854,0.45925925925925926,0.8772252567751664,9.651399999999967,6,3,344,-6.75729999999992,-0.019643313953488138,0.9194686621629764,41,0.940400000000011,0.4878048780487805,41,-1.566700000000014,0.4634146341463415,40,2.5893000000000375,0.6,41,-1.8659999999999968,0.43902439024390244,46,-1.6586999999999645,0.4782608695652174,40,-7.10369999999998,0.3,43,0.08380000000001875,0.4418604651162791,36,0.3242999999999716,0.5833333333333334,16,1.5,0.625
prevclose_cont_840|all|TP15_SL25|H1440,prevclose_cont_840,all,TP15_SL25,15.0,25.0,0.6,1440,-0.02654581133734918,1304,-0.428200000000011,-0.0003283742331288428,0.4915644171779141,0.9981734547435663,16.954840000000086,8,3,949,-7.580879999999902,-0.007988282402528874,0.5574288724973656,0.9728222423908606,30.19947999999998,8,2,2253,-8.009079999999912,-0.0035548513093652517,0.9843989666994801,260,-3.8074400000000495,0.4115384615384615,261,-8.721880000000038,0.4521072796934866,262,4.16936000000009,0.5381679389312977,261,2.8029199999999657,0.5172413793103449,260,5.128840000000029,0.5384615384615384,260,0.8023599999999531,0.5153846153846153,262,2.2330800000001085,0.5572519083969466,261,-6.508719999999975,0.5708812260536399,166,-4.1075999999999855,0.6024096385542169
prevclose_cont_840|all|TP30_SL25|H720,prevclose_cont_840,all,TP30_SL25,30.0,25.0,1.2,720,-0.02820984006518326,1304,0.12175999999984022,9.337423312871183e-05,0.48466257668711654,1.0005826429441913,12.779880000000139,11,2,949,24.232479999999946,0.025534752370916698,0.48998946259220233,1.0842550019331811,25.465080000000054,9,3,2253,24.354239999999784,0.010809693741677668,1.0490431939132743,260,-1.6184800000000812,0.46153846153846156,261,-5.548920000000045,0.4559386973180077,262,2.961999999999997,0.5,261,-2.368200000000007,0.4827586206896552,260,6.695359999999972,0.5230769230769231,260,0.24707999999996,0.48846153846153845,262,10.594080000000023,0.5114503816793893,261,-5.917600000000039,0.4559386973180077,166,19.30892,0.5120481927710844
asia_compression_break|r070|TP25_SL20|H1440,asia_compression_break,r070,TP25_SL20,25.0,20.0,1.25,1440,-0.028997030858889272,220,-1.3932499999999424,-0.006332954545454283,0.4954545454545455,0.9742118248939885,11.327099999999977,6,3,176,29.133600000000023,0.1655318181818183,0.5568181818181818,1.5075659444952108,5.5,5,4,396,27.740350000000078,0.07005138888888908,1.248959056444517,34,0.5874499999999786,0.5588235294117647,58,-7.635349999999971,0.41379310344827586,45,-1.4443499999999743,0.4444444444444444,40,5.395150000000023,0.6,43,1.7038499999999999,0.5116279069767442,46,6.519300000000043,0.5652173913043478,45,4.08315,0.5333333333333333,50,4.031149999999981,0.52,35,14.5,0.6285714285714286
asia_compression_break|r070|TP30_SL25|H720,asia_compression_break,r070,TP30_SL25,30.0,25.0,1.2,720,-0.03294189278772314,220,-2.1642400000000173,-0.009837454545454623,0.4863636363636364,0.9432676912301152,7.71216000000002,6,3,176,21.101799999999933,0.11989659090909054,0.5170454545454546,1.4545881481098484,6.600000000000001,5,4,396,18.937559999999905,0.047822121212120976,1.2239332474693692,34,1.0733999999999924,0.5882352941176471,58,-4.484479999999976,0.43103448275862066,45,-0.8021200000000048,0.4444444444444444,40,0.6975599999999846,0.475,43,1.3513999999999848,0.5348837209302325,46,2.88916000000002,0.5217391304347826,45,4.9730799999999995,0.5111111111111111,50,1.1850399999999714,0.46,35,12.054519999999938,0.6
normal_range_mid_cont_14|r080_120|TP40_SL30|H480,normal_range_mid_cont_14,r080_120,TP40_SL30,40.0,30.0,1.3333333333333333,480,-0.03543364765482225,521,-1.9473333333334182,-0.0037376839411389982,0.46449136276391556,0.9712803732666571,6.958366666666695,10,2,330,-6.391099999999897,-0.019366969696969383,0.45151515151515154,0.9285728122715908,21.639199999999907,11,1,851,-8.338433333333313,-0.00979839404622011,0.9469842192256251,106,-3.3336333333333408,0.4056603773584906,96,-1.9349666666666963,0.4166666666666667,99,2.358266666666683,0.5151515151515151,121,-2.5570666666667194,0.47107438016528924,99,3.5200666666666547,0.5151515151515151,95,-4.483000000000031,0.37894736842105264,101,-6.2046999999999715,0.42574257425742573,80,-2.958166666666649,0.5,54,7.254766666666757,0.5555555555555556
asia_break_09_14|all|TP40_SL30|H480,asia_break_09_14,all,TP40_SL30,40.0,30.0,1.3333333333333333,480,-0.0445869562300274,1099,-4.241566666666599,-0.0038594783136183795,0.4640582347588717,0.9706738062171619,10.051699999999876,9,3,722,9.123699999999832,0.012636703601107802,0.4778393351800554,1.0538232011345472,28.018366666666658,9,2,1821,4.882133333333231,0.0026810177558117686,1.0155409461870968,224,1.8118999999999001,0.45982142857142855,215,-4.9331333333333,0.4186046511627907,209,1.1491333333334142,0.4784688995215311,223,1.5429333333333353,0.452914798206278,228,-3.8123999999999496,0.5087719298245614,219,-5.667866666666685,0.4063926940639269,221,10.296199999999862,0.5067873303167421,189,-4.92869999999998,0.5026455026455027,93,9.42406666666664,0.5268817204301075
asia_break_10_16|mon|TP40_SL30|H480,asia_break_10_16,mon,TP40_SL30,40.0,30.0,1.3333333333333333,480,-0.04512117058320335,223,-1.829433333333228,-0.008203736920776807,0.43946188340807174,0.9386262331673114,4.689233333333284,8,2,147,8.86299999999992,0.060292517006802174,0.46938775510204084,1.3032632535816375,5.941633333333357,7,2,370,7.033566666666691,0.019009639639639708,1.1191453440278267,40,0.6626000000000127,0.55,46,-2.4252666666666607,0.391304347826087,44,3.3558000000000443,0.45454545454545453,45,-2.0399999999999716,0.35555555555555557,48,-1.3825666666666536,0.4583333333333333,43,-4.325566666666684,0.2558139534883721,45,3.5199666666666793,0.5111111111111111,41,13.24716666666662,0.6829268292682927,18,-3.578566666666696,0.3888888888888889
asia_break_10_16|all|TP20_SL20|H720,asia_break_10_16,all,TP20_SL20,20.0,20.0,1.0,720,-0.04634610580836357,1191,-1.2328499999998517,-0.0010351385390426967,0.47774979009235935,0.9952283676128918,16.64455000000003,8,3,801,35.692250000000136,0.04455961298377046,0.4993757802746567,1.1365610441803953,19.896300000000018,9,3,1992,34.45940000000028,0.017298895582329457,1.0663018015894627,232,1.747950000000047,0.4698275862068966,239,-6.3348500000000065,0.4602510460251046,231,5.175700000000052,0.4935064935064935,241,-10.74679999999995,0.42738589211618255,248,8.925150000000007,0.5362903225806451,241,-8.81284999999999,0.4315352697095436,240,19.49415000000015,0.5291666666666667,206,11.01094999999998,0.5097087378640777,114,14.0,0.5614035087719298
prevclose_cont_840|all|TP10_SL25|H1440,prevclose_cont_840,all,TP10_SL25,10.0,25.0,0.4,1440,-0.04669118292466912,1304,-0.33708000000009264,-0.00025849693251540847,0.5283742331288344,0.9984339216983147,18.46956000000008,8,3,949,-12.245799999999996,-0.012903898840885138,0.6301369863013698,0.9478375442233758,28.009359999999923,8,1,2253,-12.582880000000083,-0.005584944518419921,0.9720381065819849,260,-2.76704000000006,0.4115384615384615,261,-11.888080000000052,0.45977011494252873,262,4.736080000000055,0.6030534351145038,261,0.15379999999996663,0.5632183908045977,260,9.428159999999998,0.6038461538461538,260,-4.521920000000055,0.55,262,1.593919999999998,0.6412213740458015,261,-9.010199999999951,0.6513409961685823,166,-0.30759999999998566,0.7048192771084337
asia_break_09_14|mon|TP15_SL20|H1440,asia_break_09_14,mon,TP15_SL20,15.0,20.0,0.75,1440,-0.050437339710362655,209,-2.45889999999997,-0.011765071770334786,0.49282296650717705,0.9468403990483207,7.314649999999984,5,3,135,-6.577700000000037,-0.048723703703703984,0.4740740740740741,0.861650842794704,12.827700000000036,5,2,344,-9.036600000000007,-0.02626918604651165,0.9036602105027493,41,2.9331499999999777,0.5609756097560976,41,-3.4627999999999926,0.43902439024390244,40,0.8309500000000178,0.475,41,-2.9201500000000116,0.43902439024390244,46,0.1599500000000375,0.5434782608695652,40,-7.066650000000015,0.35,43,-3.7330500000000253,0.4186046511627907,36,2.722000000000003,0.6111111111111112,16,1.5,0.625
asia_break_10_16|all|TP30_SL25|H720,asia_break_10_16,all,TP30_SL25,30.0,25.0,1.2,720,-0.051852324171548975,1191,-2.9667599999998595,-0.0024909823677580684,0.47439126784214947,0.9858821957374209,13.537519999999912,10,3,801,29.33919999999983,0.036628214731585305,0.48813982521847693,1.1266735263935408,18.086000000000045,9,3,1992,26.37243999999997,0.013239176706827293,1.0596991261327409,232,0.8653200000000295,0.4698275862068966,239,-7.030680000000012,0.4560669456066946,231,3.6438800000000704,0.4805194805194805,241,-7.894519999999984,0.42738589211618255,248,7.449240000000036,0.5362903225806451,241,-3.378999999999988,0.42738589211618255,240,14.653680000000056,0.5291666666666667,206,4.263319999999877,0.5,114,13.80119999999988,0.5087719298245614
prevclose_cont_840|all|TP20_SL20|H480,prevclose_cont_840,all,TP20_SL20,20.0,20.0,1.0,480,-0.05214145676247475,1304,0.23969999999966607,0.0001838190184046519,0.47929447852760737,1.000960828308558,14.59810000000022,11,2,949,4.1372999999998505,0.004359641728134721,0.48788198103266595,1.0131899451893422,25.68425000000007,8,2,2253,4.376999999999514,0.0019427430093206897,1.0077724485610215,260,-1.8143500000000916,0.45,261,-4.616050000000076,0.4444444444444444,262,-0.6134500000000231,0.5038167938931297,261,0.04304999999990322,0.4827586206896552,260,7.240499999999953,0.5153846153846153,260,-2.430550000000085,0.45,262,5.369049999999982,0.5038167938931297,261,-4.347050000000083,0.4904214559386973,166,5.545850000000042,0.5180722891566265
asia_break_09_14|mon|TP10_SL25|H1440,asia_break_09_14,mon,TP10_SL25,10.0,25.0,0.4,1440,-0.05361769176340339,209,-2.478679999999967,-0.011859712918660129,0.5311004784688995,0.9310139448307497,7.2244399999999604,5,3,135,-7.278600000000024,-0.05391555555555573,0.5407407407407407,0.7831336070507046,12.785000000000034,5,2,344,-9.757279999999989,-0.028364186046511596,0.8595928554283929,41,2.8965999999999807,0.5609756097560976,41,-3.332759999999989,0.43902439024390244,40,0.8438800000000273,0.575,41,-3.0888400000000007,0.4634146341463415,46,0.20244000000001502,0.6086956521739131,40,-7.014440000000022,0.35,43,-5.3705600000000135,0.4418604651162791,36,4.306400000000014,0.7777777777777778,16,0.8000000000000003,0.75
asia_break_09_14|mon|TP15_SL20|H480,asia_break_09_14,mon,TP15_SL20,15.0,20.0,0.75,480,-0.055696000078641894,209,-1.7624499999999679,-0.008432775119617071,0.48325358851674644,0.9529060780271571,5.624399999999946,6,2,135,-8.814750000000128,-0.06529444444444539,0.4148148148148148,0.7910941738150482,11.905850000000088,6,1,344,-10.577200000000095,-0.030747674418604928,0.8671523128901382,41,1.1415499999999381,0.5365853658536586,41,-3.058149999999978,0.3902439024390244,40,1.7406500000000396,0.575,41,-1.335749999999996,0.4146341463414634,46,-0.25074999999997116,0.5,40,-6.753750000000014,0.25,43,-1.2831000000000696,0.4186046511627907,36,-2.2779000000000442,0.5,16,1.5,0.625
prevclose_cont_840|all|TP25_SL20|H480,prevclose_cont_840,all,TP25_SL20,25.0,20.0,1.25,480,-0.0593886855183971,1304,0.1297499999996612,9.950153374207146e-05,0.4754601226993865,1.0005173527488462,14.872350000000187,11,2,949,18.76569999999992,0.019774183350895595,0.47523709167544786,1.0584585584311448,23.46260000000011,8,2,2253,18.895449999999585,0.00838679538393235,1.0330452920455686,260,-1.879900000000099,0.45,261,-6.294600000000072,0.44061302681992337,262,2.4105999999999783,0.5,261,-0.7426000000000963,0.4789272030651341,260,6.636249999999951,0.5076923076923077,260,-0.8933500000000998,0.45,262,8.606450000000088,0.5,261,-3.790750000000118,0.4674329501915709,166,14.843350000000056,0.4879518072289157
asia_break_10_16|mon|TP20_SL15|H720,asia_break_10_16,mon,TP20_SL15,20.0,15.0,1.3333333333333333,720,-0.06294319939689044,223,-1.493333333333236,-0.006696562032884466,0.4663677130044843,0.9744439855517264,7.855400000000008,6,2,147,8.643466666666743,0.05879909297052206,0.46258503401360546,1.157216635482515,11.788199999999991,12,2,370,7.150133333333505,0.01932468468468515,1.0630457618460647,40,1.1638000000000375,0.5,46,-1.7525333333333337,0.4782608695652174,44,3.9287333333333656,0.5,45,-3.6607999999999885,0.37777777777777777,48,-1.1725333333333166,0.4791666666666667,43,-9.574999999999985,0.27906976744186046,45,6.432733333333422,0.5333333333333333,41,13.45239999999997,0.6097560975609756,18,-1.666666666666667,0.3888888888888889
asia_break_09_14|mon|TP20_SL15|H720,asia_break_09_14,mon,TP20_SL15,20.0,15.0,1.3333333333333333,720,-0.06298773408784879,209,-1.8399333333332704,-0.008803508771929524,0.46411483253588515,0.9667405791687266,5.937666666666655,6,2,135,-8.452666666666698,-0.06261234567901257,0.3925925925925926,0.8545936213401835,13.533200000000004,6,1,344,-10.292599999999965,-0.0299203488372092,0.909277932517717,41,1.2538666666666811,0.4878048780487805,41,-2.0755333333333508,0.4634146341463415,40,3.021533333333368,0.525,41,-2.098799999999999,0.4146341463414634,46,-1.9409999999999705,0.43478260869565216,40,-10.632999999999992,0.275,43,-0.05093333333334149,0.4186046511627907,36,4.231266666666639,0.5,16,-2.0,0.375
impulse60_fade_600|s040|TP15_SL25|H480,impulse60_fade_600,s040,TP15_SL25,15.0,25.0,0.6,480,-0.06603252168098145,728,-1.9786799999999864,-0.0027179670329670145,0.5137362637362637,0.981779191067837,15.270239999999996,6,3,517,-7.313039999999866,-0.014145145067698,0.5570599613152805,0.9462393479066331,15.077600000000064,9,2,1245,-9.291719999999849,-0.007463228915662529,0.96201633755494,150,4.455200000000005,0.56,145,3.75456000000001,0.5448275862068965,148,-10.299520000000012,0.4527027027027027,132,1.355200000000067,0.5303030303030303,153,-1.2441200000000572,0.48366013071895425,140,2.581239999999979,0.5642857142857143,144,1.0303200000002377,0.5347222222222222,136,-7.163120000000072,0.5441176470588235,97,-3.761480000000011,0.5979381443298969
asia_break_09_14|mon|TP40_SL30|H720,asia_break_09_14,mon,TP40_SL30,40.0,30.0,1.3333333333333333,720,-0.07117978021705358,209,-2.1434666666666162,-0.010255821371610603,0.46411483253588515,0.9316820469887802,4.616633333333304,6,2,135,0.8717999999999817,0.006457777777777642,0.4148148148148148,1.0250414101471612,6.739966666666662,6,2,344,-1.271666666666631,-0.0036967054263564855,0.9807873993541751,41,0.6269333333333406,0.4878048780487805,41,-0.8572666666666766,0.4634146341463415,40,1.3953666666666926,0.525,41,-1.7291666666666585,0.4146341463414634,46,-1.5793333333333146,0.43478260869565216,40,-5.020199999999992,0.275,43,0.219166666666676,0.4186046511627907,36,8.731499999999944,0.6111111111111112,16,-3.058666666666645,0.3125
asia_compression_break|r070|TP5_SL15|H720,asia_compression_break,r070,TP5_SL15,5.0,15.0,0.3333333333333333,720,-0.07404314384239583,220,-1.5353333333333028,-0.00697878787878774,0.6227272727272727,0.9655600418722903,8.242866666666634,4,2,176,10.344999999999978,0.058778409090908965,0.7613636363636364,1.307171390451606,5.159799999999997,3,3,396,8.809666666666676,0.022246632996633018,1.1125717070145518,34,2.0391999999999975,0.6176470588235294,58,-1.3200666666666476,0.5517241379310345,45,-4.0892666666666475,0.6222222222222222,40,-0.550133333333346,0.575,43,2.3849333333333402,0.7674418604651163,46,4.958266666666666,0.782608695652174,45,1.8798666666666421,0.7111111111111111,50,-0.1597999999999965,0.74,35,3.666666666666665,0.8285714285714286
asia_break_10_16|all|TP20_SL20|H480,asia_break_10_16,all,TP20_SL20,20.0,20.0,1.0,480,-0.07686407633574419,1191,-3.0707499999997463,-0.0025782955499578054,0.4802686817800168,0.9869669533802533,15.018549999999927,13,3,801,30.27735000000002,0.03779943820224722,0.49812734082397003,1.1232735911665197,17.772450000000024,9,3,1992,27.20660000000028,0.01365793172690777,1.056536296224874,232,2.750499999999988,0.4870689655172414,239,-7.745699999999989,0.4351464435146444,231,2.3001500000001203,0.49783549783549785,241,-5.252399999999965,0.44398340248962653,248,4.876700000000096,0.5362903225806451,241,-8.754599999999998,0.42323651452282157,240,14.423400000000115,0.5291666666666667,206,11.126549999999904,0.5145631067961165,114,13.481999999999994,0.5614035087719298
asia_break_10_16|mon|TP30_SL25|H720,asia_break_10_16,mon,TP30_SL25,30.0,25.0,1.2,720,-0.07923175654412133,223,-2.248919999999918,-0.010084843049326987,0.4663677130044843,0.9415493279882916,5.129519999999948,6,2,147,12.980639999999939,0.08830367346938733,0.5034013605442177,1.367850645265501,8.05268000000001,12,2,370,10.73172000000002,0.029004648648648705,1.1454885707422067,40,0.6982800000000228,0.5,46,-1.476360000000004,0.4782608695652174,44,2.099240000000035,0.5,45,-2.2735599999999883,0.37777777777777777,48,-1.2965199999999824,0.4791666666666667,43,-6.3725600000000036,0.27906976744186046,45,4.465560000000006,0.5333333333333333,41,17.830439999999978,0.7560975609756098,18,-2.9428000000000436,0.3888888888888889
asia_compression_break|r070|TP5_SL15|H480,asia_compression_break,r070,TP5_SL15,5.0,15.0,0.3333333333333333,480,-0.08071793398390847,220,-1.5652000000000652,-0.007114545454545751,0.5818181818181818,0.9615941424442125,8.50073333333333,4,2,176,8.890733333333293,0.05051553030303007,0.75,1.2568378520997903,5.419800000000002,3,3,396,7.325533333333227,0.01849882154882128,1.0971938561149155,34,3.9679333333333036,0.6176470588235294,58,-0.8941333333333517,0.5,45,-4.836799999999995,0.5777777777777777,40,-0.24380000000001095,0.575,43,0.4415999999999855,0.6744186046511628,46,4.3004666666666544,0.7391304347826086,45,1.3433999999999735,0.7111111111111111,50,-0.41980000000000345,0.74,35,3.666666666666665,0.8285714285714286
asia_break_09_14|mon|TP30_SL25|H480,asia_break_09_14,mon,TP30_SL25,30.0,25.0,1.2,480,-0.08084087170762651,209,-2.2751999999999226,-0.010886124401913505,0.45454545454545453,0.9297540155558821,4.627519999999932,6,2,135,-2.969800000000107,-0.02199851851851931,0.3851851851851852,0.9202331390507884,8.781400000000035,6,1,344,-5.245000000000028,-0.015247093023255893,0.9246624966029893,41,0.9132399999999506,0.5365853658536586,41,-2.4465199999999823,0.3902439024390244,40,1.8568000000000477,0.5,41,-1.628559999999989,0.3902439024390244,46,-0.9701599999999508,0.45652173913043476,40,-6.548200000000007,0.225,43,-0.8464800000000379,0.3953488372093023,36,5.30287999999995,0.5277777777777778,16,-0.8780000000000112,0.4375
asia_expansion_fade_10|r140|TP15_SL20|H720,asia_expansion_fade_10,r140,TP15_SL20,15.0,20.0,0.75,720,-0.08112496725345826,261,-0.4739499999999701,-0.001815900383141648,0.5440613026819924,0.9926965062810514,8.688499999999944,7,1,241,-8.918350000000135,-0.0370056016597516,0.5103734439834025,0.8946879612682279,19.80030000000012,5,3,502,-9.392300000000102,-0.018709760956175502,0.9372082637489579,41,-2.308449999999982,0.4878048780487805,52,-0.5223499999999948,0.5384615384615384,68,-1.6821999999999893,0.5294117647058824,41,4.121750000000009,0.6097560975609756,59,-0.08270000000001143,0.559322033898305,61,0.9501999999999606,0.5245901639344263,72,1.560699999999997,0.5277777777777778,72,-13.929250000000092,0.4305555555555556,36,2.5,0.6111111111111112
asia_break_10_16|mon|TP15_SL20|H720,asia_break_10_16,mon,TP15_SL20,15.0,20.0,0.75,720,-0.08593774112349095,223,-2.2351499999999187,-0.010023094170403223,0.48878923766816146,0.9499223680761415,5.749699999999997,6,2,147,3.2608500000000396,0.022182653061224758,0.5102040816326531,1.0785538772855396,9.524800000000008,12,2,370,1.0257000000001173,0.002772162162162479,1.0119067104534594,40,0.872850000000028,0.5,46,-1.6801000000000044,0.4782608695652174,44,2.749400000000037,0.5681818181818182,45,-3.1733999999999924,0.37777777777777777,48,-1.0038999999999876,0.5208333333333334,43,-7.999149999999995,0.27906976744186046,45,4.9622000000000535,0.5555555555555556,41,6.797799999999984,0.6829268292682927,18,-0.5,0.5555555555555556
asia_break_retest|w90|TP40_SL30|H480,asia_break_retest,w90,TP40_SL30,40.0,30.0,1.3333333333333333,480,-0.08634469931968193,872,-2.483766666666535,-0.002848356269112999,0.4782110091743119,0.9788662666611844,10.533799999999923,9,2,568,34.55220000000002,0.06083133802816905,0.5017605633802817,1.2853169004198695,15.436466666666687,9,3,1440,32.06843333333348,0.02226974537037047,1.1343871104996512,154,2.926866666666691,0.512987012987013,169,-1.552033333333278,0.48520710059171596,174,-1.2761333333333378,0.47126436781609193,184,-3.5651666666666038,0.42934782608695654,191,0.9826999999999926,0.4973821989528796,174,-1.9675666666666913,0.41954022988505746,169,15.04743333333335,0.5384615384615384,150,4.458666666666567,0.52,75,17.013666666666794,0.5733333333333334
normal_range_mid_cont_14|r080_120|TP40_SL30|H720,normal_range_mid_cont_14,r080_120,TP40_SL30,40.0,30.0,1.3333333333333333,720,-0.08780464998236186,521,-2.874433333333347,-0.005517146513115829,0.4740882917466411,0.9581903038624744,7.567433333333378,9,2,330,-9.119466666666721,-0.027634747474747638,0.44242424242424244,0.9027992331491049,24.879166666666716,7,1,851,-11.993900000000068,-0.014093889541715709,0.9262237704884417,106,-3.722066666666668,0.4056603773584906,96,-2.357100000000014,0.4375,99,1.4564666666666808,0.5353535353535354,121,-2.6119333333333543,0.47107438016528924,99,4.360200000000007,0.5252525252525253,95,-2.6695666666666895,0.4105263157894737,101,-8.030700000000008,0.42574257425742573,80,-6.269866666666699,0.4625,54,7.85066666666668,0.5
prevclose_cont_840|all|TP25_SL20|H1440,prevclose_cont_840,all,TP25_SL20,25.0,20.0,1.25,1440,-0.08978873179779817,1304,1.2747499999998695,0.0009775690184048078,0.46855828220858897,1.0041279093300948,24.394350000000156,8,3,949,37.005550000000014,0.03899425711275028,0.48998946259220233,1.1021447455514355,29.145499999999966,8,4,2253,38.2802999999999,0.016990812250332842,1.0570413050018481,260,-6.161050000000057,0.4076923076923077,261,-9.653400000000067,0.4521072796934866,262,5.339100000000054,0.4847328244274809,261,5.119849999999951,0.4942528735632184,260,6.6302499999999895,0.5038461538461538,260,1.8331999999999415,0.49230769230769234,262,16.324800000000117,0.5152671755725191,261,3.8975499999999528,0.4674329501915709,166,14.95,0.4819277108433735
impulse60_cont_840|s040|TP5_SL15|H1440,impulse60_cont_840,s040,TP5_SL15,5.0,15.0,0.3333333333333333,1440,-0.09218272251781104,659,-1.6732000000000542,-0.0025389984825493995,0.6494688922610015,0.9878244780481129,12.304600000000015,7,2,481,-11.773266666666611,-0.02447664587664576,0.7130977130977131,0.9064370706266371,25.145999999999965,6,2,1140,-13.446466666666668,-0.01179514619883041,0.9489224425008069,117,-0.6367333333334059,0.5384615384615384,132,-0.776333333333304,0.5833333333333334,123,0.7337333333333356,0.7154471544715447,145,-6.204200000000009,0.6620689655172414,142,5.210333333333327,0.7323943661971831,134,0.27140000000002096,0.7089552238805971,139,9.101333333333345,0.7769784172661871,130,-15.145999999999978,0.6615384615384615,78,-6.000000000000002,0.6923076923076923
impulse60_fade_600|s040|TP20_SL20|H480,impulse60_fade_600,s040,TP20_SL20,20.0,20.0,1.0,480,-0.09485606338027519,728,-0.828499999999929,-0.001138049450549353,0.5082417582417582,0.993943447812039,20.195899999999966,7,3,517,-18.04664999999982,-0.034906479690521894,0.5029013539651838,0.8991679391744102,33.368749999999764,9,2,1245,-18.875149999999742,-0.015160763052208629,0.9402252516298988,150,5.868700000000024,0.56,145,5.315050000000019,0.5448275862068965,148,-10.49564999999998,0.4527027027027027,132,-1.6281499999999247,0.5151515151515151,153,0.11154999999993098,0.47058823529411764,140,5.55979999999996,0.5571428571428572,144,0.05620000000029712,0.5138888888888888,136,-12.710800000000063,0.47794117647058826,97,-10.951850000000013,0.44329896907216493
asia_compression_break|r070|TP10_SL20|H480,asia_compression_break,r070,TP10_SL20,10.0,20.0,0.5,480,-0.09568281919579993,220,-1.3749500000001036,-0.006249772727273198,0.509090909090909,0.9629664544679539,10.371800000000018,6,2,176,8.464299999999923,0.0480926136363632,0.6136363636363636,1.2086807524469294,7.60305000000003,5,2,396,7.08934999999982,0.017902398989898535,1.0912539428471368,34,3.2279499999999643,0.6176470588235294,58,-3.5873000000000395,0.39655172413793105,45,-3.3197999999999976,0.4666666666666667,40,-0.9236000000000215,0.5,43,3.227799999999991,0.627906976744186,46,-0.4201500000000351,0.4782608695652174,45,3.6752999999999814,0.6,50,-3.290850000000022,0.6,35,8.5,0.8285714285714286
asia_break_10_16|all|TP20_SL20|H1440,asia_break_10_16,all,TP20_SL20,20.0,20.0,1.0,1440,-0.0994501152656184,1191,-2.1095000000000574,-0.0017712006717044983,0.4802686817800168,0.992712785287806,18.45779999999999,8,3,801,47.088249999999924,0.05878682896379516,0.5230961298377028,1.1697020643226799,14.06030000000004,8,3,1992,44.97874999999986,0.022579693775100333,1.079333813794237,232,1.6194999999999595,0.4698275862068966,239,-6.7717,0.4686192468619247,231,5.082600000000015,0.48484848484848486,241,-9.220400000000016,0.45228215767634855,248,7.1804999999999835,0.5241935483870968,241,-1.3804500000000526,0.48132780082987553,240,19.983900000000016,0.5291666666666667,206,14.484799999999952,0.5436893203883495,114,14.0,0.5614035087719298
asia_break_09_14|all|TP30_SL25|H480,asia_break_09_14,all,TP30_SL25,30.0,25.0,1.2,480,-0.09955032166484706,1099,-5.1264399999999215,-0.004664640582347518,0.4640582347588717,0.9702048308900217,11.930199999999854,9,3,722,10.620919999999748,0.014710415512465025,0.47645429362880887,1.0548909377433557,23.821520000000017,8,2,1821,5.494479999999834,0.0030172872048324184,1.0150308277394389,224,2.17427999999988,0.45982142857142855,215,-5.466559999999964,0.4186046511627907,209,0.9587600000000909,0.4784688995215311,223,1.5663599999999969,0.452914798206278,228,-4.359279999999925,0.5087719298245614,219,-8.935880000000015,0.4063926940639269,221,10.261839999999811,0.5067873303167421,189,-2.298640000000036,0.5026455026455027,93,11.593599999999986,0.5161290322580645
impulse60_fade_600|s040|TP30_SL25|H480,impulse60_fade_600,s040,TP30_SL25,30.0,25.0,1.2,480,-0.10103730030432803,728,-1.4118399999999633,-0.001939340659340609,0.5068681318681318,0.987156857287054,19.076159999999984,6,3,517,-7.4901999999998985,-0.014487814313346031,0.504835589941973,0.9525573261947008,20.16363999999978,11,1,1245,-8.902039999999861,-0.007150232931726796,0.9667596734441983,150,4.645600000000023,0.56,145,4.79028000000001,0.5448275862068965,148,-11.916360000000001,0.44594594594594594,132,-1.4093599999999427,0.5075757575757576,153,2.4779999999999465,0.477124183006536,140,4.512239999999983,0.5642857142857143,144,-1.9039999999997606,0.5069444444444444,136,-6.265760000000084,0.4852941176470588,97,-3.8326800000000363,0.44329896907216493
asia_break_09_14|thu_fri|TP10_SL25|H1440,asia_break_09_14,thu_fri,TP10_SL25,10.0,25.0,0.4,1440,-0.10188520007903423,442,-3.34591999999994,-0.007569954751131086,0.5361990950226244,0.9570969232655132,11.610359999999948,5,3,290,12.072160000000029,0.04162813793103458,0.6586206896551724,1.1989059657817736,7.79999999999999,6,2,732,8.726240000000086,0.011921092896174981,1.062923256505521,96,-2.6266799999999875,0.40625,87,-5.2453999999999725,0.4482758620689655,80,1.5855600000000316,0.6125,91,0.9143200000000166,0.6043956043956044,88,2.02627999999997,0.625,90,-2.372359999999981,0.4888888888888889,88,12.432840000000013,0.7727272727272727,78,3.811679999999996,0.717948717948718,34,-1.8000000000000003,0.6764705882352942
asia_compression_break|r070|TP10_SL25|H1440,asia_compression_break,r070,TP10_SL25,10.0,25.0,0.4,1440,-0.10204340148077373,220,-2.701039999999986,-0.012277454545454482,0.55,0.9307823908499832,9.739719999999984,5,3,176,9.80720000000002,0.05572272727272738,0.6875,1.2801733742733703,3.1528799999999824,3,4,396,7.106160000000038,0.01794484848484858,1.0959948386037002,34,0.6266399999999794,0.5588235294117647,58,-6.064119999999983,0.41379310344827586,45,-1.8022399999999839,0.5555555555555556,40,0.8286399999999965,0.6,43,3.710040000000008,0.6744186046511628,46,0.38912000000001146,0.5869565217391305,45,2.941839999999993,0.6666666666666666,50,0.8762400000000159,0.7,35,5.6000000000000005,0.8285714285714286
asia_break_09_14|mon|TP20_SL15|H480,asia_break_09_14,mon,TP20_SL15,20.0,15.0,1.3333333333333333,480,-0.10319587628815804,209,-2.221133333333275,-0.010627432216905621,0.45933014354066987,0.9559556449800523,6.716533333333277,6,2,135,-12.21953333333354,-0.0905150617283966,0.362962962962963,0.7859271820961451,16.019466666666826,6,1,344,-14.440666666666816,-0.04197868217054307,0.865681544776951,41,1.5220666666665843,0.5365853658536586,41,-4.06573333333331,0.3902439024390244,40,2.982666666666712,0.525,41,-2.1901333333333244,0.3902439024390244,46,-0.469999999999937,0.45652173913043476,40,-9.508933333333365,0.225,43,-2.5072666666667374,0.3953488372093023,36,1.796666666666562,0.4722222222222222,16,-2.0,0.375
asia_break_10_16|mon|TP15_SL25|H720,asia_break_10_16,mon,TP15_SL25,15.0,25.0,0.6,720,-0.10389858570667454,223,-2.7158799999999355,-0.0121788340807172,0.48878923766816146,0.9258659544825255,4.480199999999968,6,2,147,6.577400000000013,0.04474421768707492,0.5374149659863946,1.2115314110026958,8.102120000000005,12,2,370,3.8615200000000813,0.01043654054054076,1.0570143448323122,40,0.6982800000000228,0.5,46,-1.5440800000000034,0.4782608695652174,44,1.5464400000000293,0.5681818181818182,45,-2.738719999999994,0.37777777777777777,48,-0.6777999999999882,0.5208333333333334,43,-6.8816,0.27906976744186046,45,4.543480000000035,0.5555555555555556,41,9.315519999999978,0.7560975609756098,18,-0.40000000000000024,0.6111111111111112
impulse60_fade_600|s040|TP25_SL20|H480,impulse60_fade_600,s040,TP25_SL20,25.0,20.0,1.25,480,-0.1077579259034957,728,-0.6452999999999491,-0.0008864010989010291,0.5068681318681318,0.9953024164928643,21.5268,7,3,517,-13.283749999999758,-0.025693907156672646,0.4912959381044487,0.9276682368610353,30.326449999999713,11,1,1245,-13.92904999999971,-0.011187991967871253,0.9566098621015354,150,5.807000000000027,0.56,145,5.804700000000013,0.5448275862068965,148,-12.708749999999988,0.4527027027027027,132,-2.298299999999937,0.5075757575757576,153,2.750049999999931,0.47058823529411764,140,6.530399999999974,0.5571428571428572,144,-0.14864999999971307,0.5069444444444444,136,-12.463650000000008,0.4632352941176471,97,-7.201850000000013,0.41237113402061853
asia_compression_break|r070|TP10_SL20|H1440,asia_compression_break,r070,TP10_SL20,10.0,20.0,0.5,1440,-0.10862943538602801,220,-2.5083999999999844,-0.01140181818181811,0.5454545454545454,0.9476392905712525,11.269399999999994,5,3,176,12.60625,0.07162642045454545,0.6704545454545454,1.3008091572451905,5.369849999999997,4,3,396,10.097850000000017,0.025499621212121255,1.1124307526837425,34,0.7832999999999744,0.5588235294117647,58,-6.330149999999981,0.41379310344827586,45,-2.6962499999999863,0.5333333333333333,40,1.1508500000000021,0.6,43,4.583850000000007,0.6744186046511628,46,1.1119000000000145,0.5869565217391305,45,3.077799999999979,0.6444444444444445,50,-0.0834499999999938,0.66,35,8.5,0.8285714285714286
asia_break_09_14|mon|TP15_SL25|H480,asia_break_09_14,mon,TP15_SL25,15.0,25.0,0.6,480,-0.11207303922738932,209,-2.5219599999999702,-0.012066794258373063,0.48325358851674644,0.9187809085088825,5.425439999999954,6,2,135,-6.821600000000081,-0.05053037037037097,0.4222222222222222,0.7972694257710552,7.8216000000000925,6,1,344,-9.343560000000053,-0.027161511627907132,0.8555862201993442,41,0.9132399999999506,0.5365853658536586,41,-2.4465199999999823,0.3902439024390244,40,1.066600000000034,0.575,41,-1.4685999999999975,0.4146341463414634,46,-0.5866799999999786,0.5,40,-5.793000000000011,0.25,43,-1.133320000000049,0.4186046511627907,36,0.10471999999997905,0.5277777777777778,16,-4.440892098500626e-16,0.625
asia_break_09_14|mon|TP15_SL25|H720,asia_break_09_14,mon,TP15_SL25,15.0,25.0,0.6,720,-0.11209992869092926,209,-2.7263199999999426,-0.013044593301435132,0.49282296650717705,0.9215438451090099,4.52167999999997,6,2,135,-4.077479999999996,-0.030203555555555525,0.4666666666666667,0.8813841943336425,7.503479999999992,6,1,344,-6.803799999999939,-0.019778488372092843,0.901572684430784,41,0.7523200000000089,0.4878048780487805,41,-1.2533600000000116,0.4634146341463415,40,1.4183600000000296,0.6,41,-1.8927999999999976,0.43902439024390244,46,-1.7508399999999709,0.4782608695652174,40,-6.282959999999985,0.3,43,-0.3412399999999801,0.4418604651162791,36,2.5467199999999686,0.6111111111111112,16,-4.440892098500626e-16,0.625
asia_compression_break|r070|TP10_SL20|H720,asia_compression_break,r070,TP10_SL20,10.0,20.0,0.5,720,-0.11347033320466338,220,-1.6687999999999978,-0.007585454545454536,0.5318181818181819,0.9602756992160116,10.201,5,2,176,9.744699999999987,0.05536761363636356,0.6477272727272727,1.2319655790093842,7.638049999999999,4,3,396,8.075899999999987,0.020393686868686835,1.0961201540607577,34,1.1778500000000007,0.5882352941176471,58,-4.24219999999998,0.43103448275862066,45,-2.516999999999996,0.5333333333333333,40,-0.6475000000000248,0.5,43,4.560050000000001,0.6511627906976745,46,0.368150000000003,0.5434782608695652,45,3.323899999999969,0.6444444444444445,50,-2.4473499999999833,0.62,35,8.5,0.8285714285714286
asia_break_09_14|mon|TP20_SL15|H1440,asia_break_09_14,mon,TP20_SL15,20.0,15.0,1.3333333333333333,1440,-0.11363197399978221,209,-2.2403333333333366,-0.01071929824561405,0.4688995215311005,0.9632156152750702,7.420533333333319,7,2,135,-14.204000000000091,-0.1052148148148155,0.3851851851851852,0.7850165430103123,20.13733333333339,6,1,344,-16.444333333333432,-0.0478032945736437,0.8704912265963808,41,3.9108666666666365,0.5609756097560976,41,-4.769733333333352,0.43902439024390244,40,2.2712000000000137,0.425,41,-3.2139333333333377,0.4146341463414634,46,-0.4387333333332969,0.5,40,-11.807933333333343,0.325,43,-5.404066666666738,0.3488372093023256,36,5.007999999999992,0.5,16,-2.0,0.375
asia_expansion_fade_10|r140|TP10_SL25|H1440,asia_expansion_fade_10,r140,TP10_SL25,10.0,25.0,0.4,1440,-0.11488718485913059,261,-2.600920000000014,-0.009965210727969402,0.5977011494252874,0.9511096073234455,6.941079999999973,8,2,241,-11.643080000000019,-0.048311535269709625,0.6224066390041494,0.8293548152594992,16.439840000000004,4,0,502,-14.244000000000034,-0.02837450199203194,0.8826966527534332,41,-2.6597999999999864,0.4878048780487805,52,-2.5647599999999966,0.5384615384615384,68,1.8459199999999962,0.6764705882352942,41,3.248119999999982,0.6829268292682927,59,-2.470400000000009,0.576271186440678,61,-1.8912800000000245,0.5573770491803278,72,-0.047799999999996956,0.6527777777777778,72,-8.703999999999997,0.6111111111111112,36,-0.9999999999999999,0.6944444444444444
asia_break_10_16|all|TP25_SL20|H480,asia_break_10_16,all,TP25_SL20,25.0,20.0,1.25,480,-0.11716451503646509,1191,-3.8947999999997713,-0.003270193115029195,0.4760705289672544,0.9836309370582473,16.06889999999993,13,3,801,27.273850000000053,0.03404975031210993,0.4781523096129838,1.1061294429107509,16.023549999999997,9,3,1992,23.379050000000277,0.011736470883534276,1.047237723501804,232,2.7701499999999895,0.4870689655172414,239,-7.256899999999985,0.4351464435146444,231,2.600500000000112,0.48484848484848486,241,-7.700699999999975,0.43983402489626555,248,5.692150000000085,0.532258064516129,241,-6.587199999999987,0.4190871369294606,240,14.88425000000014,0.525,206,5.189299999999864,0.48058252427184467,114,13.787500000000023,0.5
asia_mid_cont_600|all|TP20_SL20|H720,asia_mid_cont_600,all,TP20_SL20,20.0,20.0,1.0,720,-0.12222437668302347,1305,-0.7060499999999443,-0.000541034482758578,0.47126436781609193,0.9975093850027622,22.812099999999983,8,3,949,4.993849999999897,0.005262223393045202,0.4857744994731296,1.0150355373521933,28.69635000000013,8,2,2254,4.287799999999953,0.001902307009760405,1.0069650035293651,261,-3.234650000000031,0.4521072796934866,261,-7.222399999999983,0.45977011494252873,262,2.0791500000000838,0.4961832061068702,261,4.9532000000000505,0.4482758620689655,260,2.7186499999999327,0.5,260,-15.772650000000102,0.4230769230769231,262,11.24699999999998,0.5152671755725191,261,9.952500000000008,0.5095785440613027,166,-0.4329999999999945,0.5
asia_break_10_16|mon|TP30_SL25|H1440,asia_break_10_16,mon,TP30_SL25,30.0,25.0,1.2,1440,-0.12248466446930556,223,-2.661360000000014,-0.011934349775784815,0.4663677130044843,0.935985914476627,6.097600000000012,6,2,147,14.06240000000007,0.09566258503401408,0.5102040816326531,1.3453740061753947,8.378239999999995,5,2,370,11.401040000000055,0.03081362162162177,1.1385453385933644,40,1.0129199999999945,0.525,46,-2.618200000000015,0.4782608695652174,44,2.99380000000002,0.4318181818181818,45,-3.370240000000014,0.4222222222222222,48,-0.6796399999999991,0.4791666666666667,43,-5.753480000000008,0.3953488372093023,45,0.26452000000001985,0.4444444444444444,41,22.720560000000038,0.7560975609756098,18,-3.169199999999983,0.3888888888888889
asia_break_10_16|all|TP30_SL25|H1440,asia_break_10_16,all,TP30_SL25,30.0,25.0,1.2,1440,-0.12644169329355126,1191,-2.4622800000000025,-0.0020674055415617148,0.47523089840470195,0.989531330754133,14.200000000000005,8,2,801,41.458040000000004,0.051757852684144824,0.5031210986267166,1.1647517051375715,18.04079999999997,8,4,1992,38.99576,0.019576184738955824,1.0800990542765017,232,-0.026320000000024213,0.4698275862068966,239,-6.8484000000000185,0.4686192468619247,231,6.509080000000058,0.47619047619047616,241,-7.763240000000033,0.44813278008298757,248,5.666600000000017,0.5120967741935484,241,3.119999999999952,0.4854771784232365,240,15.733360000000056,0.5125,206,9.445080000000019,0.5145631067961165,114,13.159599999999973,0.5
asia_break_09_14|mon|TP20_SL20|H480,asia_break_09_14,mon,TP20_SL20,20.0,20.0,1.0,480,-0.12707162811624173,209,-2.7479999999999465,-0.013148325358851418,0.46411483253588515,0.9294212827707553,5.524849999999947,6,2,135,-7.369950000000187,-0.0545922222222236,0.3925925925925926,0.8357647520242595,12.144200000000126,6,2,344,-10.117950000000134,-0.0294126453488376,0.8792745699776621,41,1.1415499999999381,0.5365853658536586,41,-3.058149999999978,0.3902439024390244,40,2.164800000000037,0.55,41,-1.9103499999999944,0.3902439024390244,46,-1.0858499999999482,0.45652173913043476,40,-8.003750000000014,0.225,43,-0.42600000000007854,0.4186046511627907,36,0.7392999999999117,0.5,16,0.3204999999999929,0.5
asia_break_09_14|mon|TP25_SL20|H480,asia_break_09_14,mon,TP25_SL20,25.0,20.0,1.25,480,-0.128329637690184,209,-2.6492499999999293,-0.012675837320573825,0.45454545454545453,0.9322378332476493,6.101649999999927,6,2,135,-7.414500000000157,-0.054922222222223385,0.37037037037037035,0.8419853014043235,12.0902500000001,6,1,344,-10.063750000000086,-0.029255087209302574,0.8830057027998989,41,1.1415499999999381,0.5365853658536586,41,-3.058149999999978,0.3902439024390244,40,1.503750000000048,0.5,41,-1.785699999999986,0.3902439024390244,46,-0.4506999999999496,0.45652173913043476,40,-7.697750000000008,0.225,43,-0.678050000000064,0.3953488372093023,36,3.1407999999999214,0.5,16,-2.179500000000007,0.375
asia_break_10_16|mon|TP30_SL25|H480,asia_break_10_16,mon,TP30_SL25,30.0,25.0,1.2,480,-0.12837005637497334,223,-2.916559999999873,-0.013078744394618265,0.43946188340807174,0.9162442349995152,5.08743999999997,8,2,147,9.744839999999922,0.06629142857142804,0.46938775510204084,1.2944216973470466,7.570880000000025,7,2,370,6.828280000000049,0.018454810810810945,1.100533506555612,40,0.7951200000000151,0.55,46,-2.910319999999993,0.391304347826087,44,2.8578000000000525,0.45454545454545453,45,-2.3078399999999695,0.35555555555555557,48,-1.3513199999999772,0.4583333333333333,43,-6.031600000000017,0.2558139534883721,45,3.6239600000000154,0.5111111111111111,41,14.505679999999955,0.6829268292682927,18,-2.353200000000034,0.3888888888888889
impulse60_fade_600|s040|TP10_SL25|H480,impulse60_fade_600,s040,TP10_SL25,10.0,25.0,0.4,480,-0.1287851603839621,728,-3.994559999999996,-0.005487032967032962,0.5357142857142857,0.9615284156706291,14.202839999999977,6,3,517,-1.5038399999999568,-0.0029087814313345393,0.6266924564796905,0.9869637672063643,13.219840000000078,6,2,1245,-5.498399999999955,-0.004416385542168638,0.9749149048459895,150,3.5516799999999966,0.56,145,1.7255200000000155,0.5448275862068965,148,-7.029399999999996,0.5067567567567568,132,0.3013600000000416,0.5606060606060606,153,-2.5437200000000577,0.5098039215686274,140,6.667960000000004,0.6214285714285714,144,0.1461600000001173,0.5902777777777778,136,-7.156480000000065,0.6176470588235294,97,-1.161480000000012,0.7010309278350515
asia_mid_cont_840|all|TP15_SL25|H720,asia_mid_cont_840,all,TP15_SL25,15.0,25.0,0.6,720,-0.13165412162169998,1305,-2.069080000000025,-0.0015855019157088313,0.4942528735632184,0.9897359609844683,15.488360000000057,11,2,949,-33.96911999999997,-0.03579464699683874,0.5152792413066386,0.8739994623046478,45.63919999999996,7,0,2254,-36.03819999999999,-0.015988553682342498,0.923515069811902,261,-2.5549600000000012,0.46360153256704983,261,-4.02128000000007,0.4559386973180077,262,1.3232400000000237,0.5229007633587787,261,-5.626479999999975,0.48659003831417624,260,8.8104,0.5423076923076923,260,-9.296119999999998,0.4576923076923077,262,-2.004920000000012,0.5076335877862596,261,-10.196999999999992,0.5440613026819924,166,-12.471079999999967,0.572289156626506
asia_compression_break|r070|TP30_SL25|H1440,asia_compression_break,r070,TP30_SL25,30.0,25.0,1.2,1440,-0.13200731651033998,220,-3.1135999999999724,-0.014152727272727147,0.4954545454545455,0.9293487633310646,9.86387999999998,6,3,176,26.732680000000023,0.1518902272727274,0.5625,1.5394939396263276,6.600000000000001,5,4,396,23.619080000000046,0.05964414141414153,1.252282918221689,34,0.46995999999998256,0.5588235294117647,58,-7.108279999999976,0.41379310344827586,45,-0.7544799999999754,0.4666666666666667,40,2.6242800000000077,0.6,43,1.6549199999999928,0.4883720930232558,46,5.017480000000032,0.5652173913043478,45,5.788360000000011,0.5333333333333333,50,4.111640000000005,0.56,35,11.815199999999965,0.6
asia_break_09_14|thu_fri|TP5_SL15|H1440,asia_break_09_14,thu_fri,TP5_SL15,5.0,15.0,0.3333333333333333,1440,-0.13615157587896876,442,-0.4446666666666008,-0.0010060331825036217,0.6447963800904978,0.995200302805485,12.936066666666603,5,1,290,17.648866666666656,0.060858160919540195,0.7724137931034483,1.3112795675787539,5.666666666666675,3,3,732,17.204200000000057,0.02350300546448095,1.1151995993104002,96,-3.5426666666665985,0.4791666666666667,87,-3.618600000000016,0.5862068965517241,80,-1.3637999999999781,0.6875,91,-1.2929333333333197,0.7032967032967034,88,9.37333333333331,0.7840909090909091,90,4.828733333333334,0.7333333333333333,88,6.979933333333321,0.7954545454545454,78,6.506866666666668,0.8076923076923077,34,-0.6666666666666676,0.7352941176470589
asia_break_10_16|all|TP15_SL20|H720,asia_break_10_16,all,TP15_SL20,15.0,20.0,0.75,720,-0.1364404464428944,1191,-2.767849999999874,-0.0023239714525607673,0.4878253568429891,0.9890041262583822,19.60259999999989,8,3,801,21.292400000000086,0.026582272159800358,0.5318352059925093,1.0865310096815215,18.66485000000001,8,3,1992,18.52455000000021,0.00929947289156637,1.0372140438063635,232,1.164800000000035,0.4698275862068966,239,-7.727950000000021,0.4602510460251046,231,3.9682500000000474,0.5151515151515151,241,-12.664749999999936,0.43568464730290457,248,12.4918,0.5564516129032258,241,-10.236549999999989,0.43983402489626555,240,12.641400000000115,0.55,206,10.387549999999965,0.5728155339805825,114,8.5,0.6140350877192983
inside_prevday_asia_break|all|TP15_SL25|H480,inside_prevday_asia_break,all,TP15_SL25,15.0,25.0,0.6,480,-0.13734448856541406,697,-3.447520000000042,-0.00494622668579633,0.4806312769010043,0.9670452151363814,10.677960000000077,9,2,434,4.549599999999907,0.010482949308755546,0.5230414746543779,1.0452105047048885,16.354599999999948,7,2,1131,1.1020799999998663,0.0009744297082226935,1.0053695795544364,139,2.1824799999999414,0.4676258992805755,149,-3.879319999999926,0.4161073825503356,125,4.232400000000016,0.584,138,-3.6200000000000374,0.427536231884058,146,-2.363080000000036,0.5205479452054794,149,-1.5594800000000477,0.44966442953020136,142,11.902039999999925,0.5633802816901409,92,-10.792959999999967,0.4891304347826087,51,5.0,0.6862745098039216
asia_expansion_fade_10|r140|TP15_SL15|H720,asia_expansion_fade_10,r140,TP15_SL15,15.0,15.0,1.0,720,-0.13757382906958188,261,-2.3381999999999765,-0.008958620689655082,0.5210727969348659,0.9721105875280504,15.150999999999947,7,3,241,-15.188066666666842,-0.06302102351314043,0.46473029045643155,0.8578387998157926,26.3693333333335,8,2,502,-17.526266666666814,-0.03491288180610919,0.9080831347408221,41,-2.9870666666666543,0.4878048780487805,52,0.21453333333332336,0.5384615384615384,68,-6.316066666666635,0.47058823529411764,41,3.323799999999998,0.5609756097560976,59,3.4265999999999925,0.559322033898305,61,2.5933999999999435,0.5245901639344263,72,3.0719333333333,0.5138888888888888,72,-14.853400000000088,0.3888888888888889,36,-6.0,0.4166666666666667
asia_expansion_fade_10|r140|TP10_SL20|H720,asia_expansion_fade_10,r140,TP10_SL20,10.0,20.0,0.5,720,-0.14185318287355075,261,-2.861349999999971,-0.01096302681992326,0.578544061302682,0.9515496787870787,7.669999999999948,7,2,241,-12.216600000000085,-0.050691286307054294,0.5809128630705395,0.8400653531880289,19.565850000000022,4,1,502,-15.077950000000055,-0.030035756972111662,0.8886762522947952,41,-2.808449999999982,0.4878048780487805,52,-1.2810999999999926,0.5384615384615384,68,0.6657500000000254,0.6176470588235294,41,2.782549999999992,0.6341463414634146,59,-2.2201000000000137,0.5932203389830508,61,-0.13105000000005074,0.5573770491803278,72,1.490000000000009,0.625,72,-12.075550000000042,0.5277777777777778,36,-1.5,0.6388888888888888
asia_break_10_16|mon|TP15_SL15|H480,asia_break_10_16,mon,TP15_SL15,15.0,15.0,1.0,480,-0.14195823114360162,223,-3.804733333333205,-0.01706158445440899,0.45739910313901344,0.9291677888499886,7.533866666666669,8,3,147,-2.085333333333347,-0.014185941043083993,0.4489795918367347,0.9607714775533339,11.169866666666636,7,2,370,-5.890066666666552,-0.01591909909909879,0.9448874056515509,40,1.3252000000000255,0.55,46,-4.993799999999996,0.391304347826087,44,4.3682666666667185,0.5,45,-4.994333333333316,0.35555555555555557,48,0.4899333333333593,0.5,43,-9.273000000000003,0.2558139534883721,45,3.6062000000000354,0.5111111111111111,41,5.58146666666662,0.5853658536585366,18,-2.0,0.4444444444444444
asia_break_retest|w90|TP30_SL25|H480,asia_break_retest,w90,TP30_SL25,30.0,25.0,1.2,480,-0.1466740273533021,872,-3.3112799999998175,-0.003797339449541075,0.4782110091743119,0.976221313954662,12.652279999999891,9,2,568,29.59059999999994,0.05209612676056328,0.4964788732394366,1.205762570245736,13.493720000000074,9,3,1440,26.279320000000126,0.018249527777777864,1.0928389369511218,154,3.5122400000000287,0.512987012987013,169,-1.6396399999999347,0.48520710059171596,174,-2.06775999999998,0.47126436781609193,184,-4.178599999999933,0.42934782608695654,191,1.062480000000005,0.4973821989528796,174,-4.776240000000035,0.41954022988505746,169,16.562760000000033,0.5384615384615384,150,2.9100799999998896,0.5066666666666667,75,14.894000000000052,0.56
asia_break_retest|w90|TP15_SL25|H480,asia_break_retest,w90,TP15_SL25,15.0,25.0,0.6,480,-0.1475152352397097,872,-3.026599999999872,-0.0034708715596328803,0.4873853211009174,0.9777348682292041,13.371239999999926,9,2,568,14.987599999999949,0.02638661971830977,0.5387323943661971,1.1150463943798625,12.815080000000004,7,3,1440,11.961000000000078,0.008306250000000055,1.044930876095362,154,3.320480000000025,0.512987012987013,169,-2.353959999999942,0.48520710059171596,174,-1.9031999999999865,0.4885057471264368,184,-4.80823999999995,0.43478260869565216,191,2.7183199999999856,0.518324607329843,174,-6.191400000000021,0.42528735632183906,169,11.513240000000032,0.5562130177514792,150,4.87935999999994,0.5866666666666667,75,4.786399999999993,0.6666666666666666
asia_compression_break|r070|TP10_SL25|H720,asia_compression_break,r070,TP10_SL25,10.0,25.0,0.4,720,-0.14787929570419864,220,-2.3953199999999915,-0.010887818181818143,0.5318181818181819,0.9309067287567298,8.837879999999991,5,2,176,7.483360000000001,0.042519090909090916,0.6590909090909091,1.2155358037776713,5.614519999999992,4,3,396,5.08804000000001,0.012848585858585884,1.0733276723892935,34,0.9422800000000009,0.5882352941176471,58,-3.9179199999999854,0.43103448275862066,45,-2.4730799999999906,0.5333333333333333,40,-0.21144000000002053,0.5,43,3.264840000000004,0.6511627906976745,46,0.4006400000000036,0.5434782608695652,45,3.14467999999998,0.6666666666666666,50,-1.661959999999981,0.64,35,5.6000000000000005,0.8285714285714286
impulse60_fade_600|s040|TP15_SL25|H720,impulse60_fade_600,s040,TP15_SL25,15.0,25.0,0.6,720,-0.14815316169885395,728,-2.2867999999999284,-0.003141208791208693,0.5274725274725275,0.9816234258408646,19.98155999999995,8,3,517,-5.278279999999872,-0.010209439071566483,0.5783365570599613,0.9639078935636114,15.400559999999915,5,1,1245,-7.565079999999799,-0.006076369477911485,0.9720521685366833,150,5.704119999999995,0.6,145,5.596760000000032,0.5655172413793104,148,-12.413399999999966,0.44594594594594594,132,3.437040000000051,0.5378787878787878,153,-4.611320000000043,0.49019607843137253,140,6.3352000000000235,0.5928571428571429,144,-1.3569999999999145,0.5486111111111112,136,-6.246599999999999,0.5808823529411765,97,-4.009879999999976,0.5979381443298969
asia_break_09_14|mon|TP30_SL25|H720,asia_break_09_14,mon,TP30_SL25,30.0,25.0,1.2,720,-0.15554219265377228,209,-3.123159999999945,-0.014943349282296388,0.46411483253588515,0.9143955092151008,5.492519999999952,6,2,135,-0.83372000000006,-0.006175703703704148,0.4222222222222222,0.978930034329799,9.079479999999984,6,1,344,-3.9568800000000053,-0.011502558139534899,0.947971880558644,41,0.7523200000000089,0.4878048780487805,41,-1.0287200000000123,0.4634146341463415,40,1.0378800000000314,0.525,41,-1.7804399999999894,0.4146341463414634,46,-2.1041999999999828,0.43478260869565216,40,-7.415759999999983,0.275,43,-0.1286800000000043,0.4186046511627907,36,8.704319999999933,0.6111111111111112,16,-1.9936000000000065,0.375
asia_break_10_16|mon|TP25_SL20|H720,asia_break_10_16,mon,TP25_SL20,25.0,20.0,1.25,720,-0.1557475336339148,223,-2.9860999999999196,-0.013390582959640894,0.4663677130044843,0.9363775628692645,6.8705999999999445,6,2,147,10.592249999999966,0.07205612244897937,0.4897959183673469,1.2379692660241282,9.463000000000013,12,2,370,7.606150000000048,0.020557162162162294,1.0831766829932963,40,0.872850000000028,0.5,46,-1.1801000000000046,0.4782608695652174,44,1.7941000000000373,0.5,45,-2.841949999999985,0.37777777777777777,48,-1.6309999999999945,0.4791666666666667,43,-7.6128500000000034,0.27906976744186046,45,4.973300000000017,0.5333333333333333,41,13.521299999999973,0.6829268292682927,18,-0.28950000000002074,0.4444444444444444
asia_break_09_14|all|TP15_SL25|H480,asia_break_09_14,all,TP15_SL25,15.0,25.0,0.6,480,-0.15598345937896932,1099,-4.973639999999987,-0.004525605095541389,0.4767970882620564,0.9700191977824898,10.66387999999996,9,2,722,-1.036560000000108,-0.0014356786703602605,0.5152354570637119,0.9940946335318342,22.796400000000006,7,2,1821,-6.010200000000092,-0.0033004942339374473,0.9823965979526135,224,1.7309199999998777,0.45982142857142855,215,-5.1625999999999665,0.4186046511627907,209,1.0210800000000662,0.507177033492823,223,-1.1068400000000196,0.4618834080717489,228,-1.4561999999999466,0.5350877192982456,219,-9.519800000000005,0.4155251141552511,221,10.156279999999876,0.5294117647058824,189,-7.451039999999974,0.5396825396825397,93,5.7779999999999925,0.6666666666666666
asia_compression_break|r070|TP20_SL20|H1440,asia_compression_break,r070,TP20_SL20,20.0,20.0,1.0,1440,-0.15980945874317457,220,-3.15164999999996,-0.014325681818181637,0.4954545454545455,0.9416649545502507,11.71054999999998,6,3,176,25.739750000000022,0.14624857954545467,0.5795454545454546,1.4820299764132618,4.797550000000001,5,4,396,22.588100000000065,0.05704065656565673,1.2102678743890531,34,1.2105999999999766,0.5588235294117647,58,-7.635349999999971,0.41379310344827586,45,-1.8945999999999792,0.4444444444444444,40,4.706200000000013,0.6,43,0.46150000000000085,0.5116279069767442,46,5.826550000000042,0.5652173913043478,45,2.144049999999993,0.5333333333333333,50,2.769149999999992,0.54,35,15.0,0.7142857142857143
prevclose_cont_840|all|TP10_SL25|H480,prevclose_cont_840,all,TP10_SL25,10.0,25.0,0.4,480,-0.16008868214351685,1304,-3.945960000000234,-0.0030260429447854557,0.5099693251533742,0.9786158679455208,13.769240000000142,10,2,949,-18.727280000000082,-0.019733698630137072,0.5816649104320337,0.9139785934058986,24.3580400000001,7,1,2253,-22.673240000000305,-0.010063577452285977,0.943631487034011,260,-2.6857200000000745,0.45,261,-6.455840000000061,0.4482758620689655,262,0.9157999999999633,0.5572519083969466,261,-2.394520000000074,0.5172413793103449,260,6.674320000000007,0.5769230769230769,260,-8.740280000000084,0.4807692307692308,262,-0.8443199999999882,0.5572519083969466,261,-9.418560000000033,0.6283524904214559,166,0.2758800000000319,0.7048192771084337
asia_break_10_16|all|TP15_SL20|H480,asia_break_10_16,all,TP15_SL20,15.0,20.0,0.75,480,-0.1605520472365591,1191,-4.3108999999997515,-0.003619563392107264,0.4878253568429891,0.9813698833786431,18.127449999999932,13,3,801,18.641200000000076,0.02327240948813992,0.5230961298377028,1.0800970039461566,16.585449999999994,7,3,1992,14.330300000000332,0.007193925702811412,1.0308758196437426,232,2.3842499999999855,0.4870689655172414,239,-8.754549999999972,0.4351464435146444,231,1.6010000000001012,0.5064935064935064,241,-7.498899999999971,0.45228215767634855,248,7.9573000000000995,0.5564516129032258,241,-9.644249999999989,0.42738589211618255,240,11.824350000000106,0.5458333333333333,206,7.961099999999962,0.558252427184466,114,8.5,0.6140350877192983
asia_mid_cont_840|all|TP15_SL25|H480,asia_mid_cont_840,all,TP15_SL25,15.0,25.0,0.6,480,-0.16315711057131038,1305,-0.396880000000146,-0.00030412260536409656,0.4796934865900383,0.9979652638840689,15.45092000000018,11,1,949,-34.49472000000004,-0.03634849315068497,0.505795574288725,0.8695687092434355,45.896999999999984,8,0,2254,-34.89160000000018,-0.01547985803016867,0.9240692853299705,261,-1.7085199999999994,0.4521072796934866,261,-2.642480000000079,0.42911877394636017,262,-1.8510000000000397,0.49236641221374045,261,-3.8504400000000256,0.48659003831417624,260,9.655559999999998,0.5384615384615384,260,-8.203720000000029,0.4346153846153846,262,-4.463599999999986,0.49236641221374045,261,-10.103280000000048,0.5478927203065134,166,-11.724119999999967,0.572289156626506
asia_mid_cont_600|all|TP30_SL25|H480,asia_mid_cont_600,all,TP30_SL25,30.0,25.0,1.2,480,-0.1680918190459655,1305,0.12132000000000431,9.296551724138262e-05,0.46283524904214557,1.0006001087437408,22.104679999999938,9,2,949,8.21207999999979,0.008653403582718431,0.4868282402528978,1.0300514045271927,23.275880000000143,11,3,2254,8.333399999999786,0.0036971606033716887,1.0175280911354727,261,-3.169199999999991,0.4559386973180077,261,-11.105519999999968,0.4061302681992337,262,4.190160000000104,0.4961832061068702,261,13.24451999999992,0.47509578544061304,260,-3.038640000000061,0.4807692307692308,260,-7.552840000000089,0.43846153846153846,262,6.506639999999935,0.5305343511450382,261,3.34067999999992,0.49808429118773945,166,5.917600000000014,0.4759036144578313
asia_break_10_16|mon|TP10_SL25|H1440,asia_break_10_16,mon,TP10_SL25,10.0,25.0,0.4,1440,-0.1701107398997293,223,-4.192840000000006,-0.018801973094170428,0.5246636771300448,0.8893139685663957,7.146680000000009,6,3,147,0.9088800000000337,0.006182857142857372,0.6054421768707483,1.0292565348221272,8.650559999999981,5,2,370,-3.283959999999974,-0.008875567567567497,0.9523693491578091,40,1.39804000000001,0.525,46,-3.2800000000000082,0.4782608695652174,44,0.17560000000000436,0.5681818181818182,45,-3.697400000000008,0.4444444444444444,48,1.2109199999999962,0.6041666666666666,43,-6.559840000000012,0.3953488372093023,45,-0.5712799999999513,0.5555555555555556,41,7.84,0.8292682926829268,18,0.20000000000000018,0.7222222222222222
asia_break_10_16|all|TP15_SL20|H1440,asia_break_10_16,all,TP15_SL20,15.0,20.0,0.75,1440,-0.1715587481307289,1191,-2.9872500000000173,-0.002508186397984901,0.4945424013434089,0.989308456010054,21.524049999999992,8,3,801,25.80139999999994,0.03221148564294624,0.5530586766541823,1.0985214000353203,12.766799999999975,7,3,1992,22.81414999999992,0.011452886546184699,1.0421477941647839,232,0.7963999999999596,0.4698275862068966,239,-6.648649999999988,0.4686192468619247,231,3.5574500000000295,0.5108225108225108,241,-13.765550000000017,0.46473029045643155,248,13.0731,0.5564516129032258,241,-2.6957000000000213,0.4896265560165975,240,11.267650000000014,0.5541666666666667,206,8.72944999999995,0.5922330097087378,114,8.5,0.6140350877192983
asia_body_cont_600|all|TP30_SL25|H480,asia_body_cont_600,all,TP30_SL25,30.0,25.0,1.2,480,-0.17168248075414616,1291,-4.257199999999878,-0.0032975987606505643,0.4694035631293571,0.9792322670820609,19.269639999999818,10,3,938,-7.1541200000000424,-0.007626993603411559,0.4914712153518124,0.9744859107813583,32.686960000000056,11,2,2229,-11.411319999999925,-0.005119479587258827,0.9764904039614508,258,1.0363200000000876,0.49224806201550386,258,-9.074560000000002,0.4573643410852713,259,-5.344639999999889,0.47104247104247104,258,6.727279999999974,0.4418604651162791,258,2.3983999999999543,0.4844961240310077,257,-11.86556000000007,0.4396887159533074,259,7.412240000000018,0.5521235521235521,258,2.8090799999999785,0.5077519379844961,164,-5.509879999999974,0.45121951219512196
asia_expansion_fade_10|r140|TP30_SL25|H720,asia_expansion_fade_10,r140,TP30_SL25,30.0,25.0,1.2,720,-0.171827299253309,261,-2.6765999999999828,-0.010255172413793038,0.5287356321839081,0.9530694073412737,10.450919999999943,7,2,241,-10.887320000000056,-0.04517560165975127,0.4315352697095436,0.8748650646678147,18.98816000000007,7,2,502,-13.563920000000035,-0.02701976095617537,0.9058308305180998,41,-1.884519999999993,0.4878048780487805,52,-0.5314799999999922,0.5384615384615384,68,-3.0915999999999912,0.4852941176470588,41,2.799800000000014,0.6097560975609756,59,0.031199999999980188,0.5423728813559322,61,2.1106399999999756,0.5081967213114754,72,-6.849599999999982,0.4027777777777778,72,-6.552360000000063,0.375,36,0.404000000000013,0.4722222222222222
prevclose_cont_840|all|TP20_SL20|H1440,prevclose_cont_840,all,TP20_SL20,20.0,20.0,1.0,1440,-0.17206017372448262,1304,-2.280250000000109,-0.0017486579754602061,0.4754601226993865,0.9925587990304652,23.16175000000015,8,3,949,24.470450000000085,0.025785511064278278,0.5110642781875658,1.070436844326211,29.209849999999978,8,4,2253,22.19019999999998,0.009849178872614283,1.033937984283903,260,-5.165850000000047,0.4076923076923077,261,-10.003650000000073,0.4521072796934866,262,3.1436000000000504,0.5,261,3.592949999999973,0.5019157088122606,260,6.1526999999999905,0.5153846153846153,260,0.7170499999999609,0.49230769230769234,262,11.8843000000001,0.5305343511450382,261,8.919100000000025,0.5134099616858238,166,2.95,0.5060240963855421
impulse60_fade_600|s040|TP15_SL20|H480,impulse60_fade_600,s040,TP15_SL20,15.0,20.0,0.75,480,-0.17530821681311054,728,-2.881599999999981,-0.003958241758241732,0.5123626373626373,0.9787961736571009,20.28455,7,3,517,-11.419899999999812,-0.02208878143133426,0.5357833655705996,0.9306698252038652,24.19785000000004,9,2,1245,-14.301499999999793,-0.011487148594377343,0.9524262717818258,150,5.569000000000006,0.56,145,4.731700000000012,0.5448275862068965,148,-11.482600000000001,0.4527027027027027,132,1.1902000000000723,0.5303030303030303,153,-2.8899000000000687,0.477124183006536,140,3.480949999999973,0.5571428571428572,144,2.94675000000027,0.5347222222222222,136,-12.145750000000044,0.5147058823529411,97,-5.701850000000013,0.5360824742268041
asia_break_09_14|mon|TP15_SL25|H1440,asia_break_09_14,mon,TP15_SL25,15.0,25.0,0.6,1440,-0.17654871462628496,209,-3.114599999999964,-0.014902392344497434,0.49282296650717705,0.9183623614471988,6.985319999999975,5,2,135,-3.475280000000022,-0.02574281481481498,0.4962962962962963,0.9086617914828657,9.65848000000002,5,1,344,-6.589879999999985,-0.0191566279069767,0.9135186351706039,41,2.3465199999999817,0.5609756097560976,41,-2.766639999999988,0.43902439024390244,40,0.22992000000002033,0.475,41,-2.4384800000000095,0.43902439024390244,46,-0.4859199999999688,0.5434782608695652,40,-5.925240000000011,0.35,43,-2.975640000000022,0.4186046511627907,36,5.4256000000000135,0.6944444444444444,16,-4.440892098500626e-16,0.625
asia_break_09_14|mon|TP30_SL25|H1440,asia_break_09_14,mon,TP30_SL25,30.0,25.0,1.2,1440,-0.17935759185807607,209,-3.2554399999999806,-0.01557626794258364,0.46411483253588515,0.9186275078337,6.526639999999999,7,2,135,0.3533599999999808,0.0026174814814813392,0.4444444444444444,1.0081576342306668,13.377160000000034,6,1,344,-2.9020799999999967,-0.008436279069767433,0.9651707713297342,41,2.3465199999999817,0.5609756097560976,41,-2.730400000000009,0.43902439024390244,40,1.3387600000000202,0.4,41,-3.1754400000000085,0.4146341463414634,46,-1.0348799999999667,0.5,40,-8.053520000000017,0.325,43,-4.29072000000002,0.3488372093023256,36,13.866800000000001,0.6944444444444444,16,-1.1691999999999831,0.4375
asia_break_10_16|all|TP25_SL20|H720,asia_break_10_16,all,TP25_SL20,25.0,20.0,1.25,720,-0.17939661689836267,1191,-4.450349999999879,-0.0037366498740553137,0.4727120067170445,0.9829770655993175,19.1358,10,3,801,26.95305000000002,0.03364925093632961,0.4794007490636704,1.0977008817277072,19.342450000000003,9,3,1992,22.502700000000136,0.011296536144578382,1.0418806238347538,232,1.0816500000000349,0.4698275862068966,239,-6.347900000000006,0.4560669456066946,231,5.700400000000048,0.48484848484848486,241,-15.358099999999967,0.4190871369294606,248,10.473600000000008,0.532258064516129,241,-7.921499999999993,0.42738589211618255,240,20.227050000000112,0.5208333333333334,206,1.7604999999999338,0.48058252427184467,114,12.886999999999965,0.5
asia_mid_cont_840|all|TP15_SL25|H1440,asia_mid_cont_840,all,TP15_SL25,15.0,25.0,0.6,1440,-0.18070500857797245,1305,-3.107119999999882,-0.002380934865900293,0.49118773946360156,0.9868137427153735,16.803799999999974,6,2,949,-30.05003999999986,-0.03166495258166476,0.541622760800843,0.8972295588325624,43.34251999999985,8,0,2254,-33.157159999999735,-0.014710363797692872,0.9372062540655619,261,-2.5675199999999947,0.4329501915708812,261,-9.491080000000013,0.4521072796934866,262,2.5833200000001093,0.5381679389312977,261,-2.6715600000000297,0.49808429118773945,260,9.039720000000042,0.5346153846153846,260,-6.782520000000021,0.49615384615384617,262,-3.716559999999871,0.5343511450381679,261,-5.843359999999974,0.578544061302682,166,-13.707599999999985,0.5662650602409639
asia_break_09_14|mon|TP20_SL20|H720,asia_break_09_14,mon,TP20_SL20,20.0,20.0,1.0,720,-0.1823160282653891,209,-3.400899999999932,-0.016272248803827428,0.4688995215311005,0.921883218754093,6.096499999999935,6,2,135,-3.5621500000000212,-0.026386296296296453,0.43703703703703706,0.9213968354842372,10.129349999999986,6,2,344,-6.963049999999954,-0.020241424418604517,0.9216351496973981,41,0.940400000000011,0.4878048780487805,41,-1.316700000000014,0.4634146341463415,40,1.322100000000035,0.55,41,-1.8652999999999913,0.4146341463414634,46,-2.481399999999974,0.43478260869565216,40,-8.549699999999984,0.275,43,1.317100000000005,0.4418604651162791,36,3.6704499999999607,0.5833333333333334,16,0.0,0.5
normal_range_mid_cont_14|r080_120|TP30_SL25|H480,normal_range_mid_cont_14,r080_120,TP30_SL25,30.0,25.0,1.2,480,-0.1843577612121329,521,-4.293640000000094,-0.008241151631478108,0.46257197696737046,0.947522112471961,9.716960000000071,10,2,330,-13.194359999999932,-0.03998290909090889,0.44545454545454544,0.8703074986838453,29.191319999999973,11,1,851,-17.488000000000028,-0.020549941245593454,0.9047254810306296,106,-4.00036000000001,0.4056603773584906,96,-2.1219600000000347,0.4166666666666667,99,1.2294000000000325,0.5050505050505051,121,-3.841080000000056,0.47107438016528924,99,4.440359999999973,0.5151515151515151,95,-4.779680000000052,0.37894736842105264,101,-7.135999999999969,0.42574257425742573,80,-10.510959999999978,0.4625,54,9.232280000000063,0.5740740740740741
asia_break_10_16|mon|TP5_SL15|H480,asia_break_10_16,mon,TP5_SL15,5.0,15.0,0.3333333333333333,480,-0.18485240867418376,223,-3.600999999999889,-0.016147982062779773,0.5695067264573991,0.9148969357224928,5.779399999999898,6,2,147,-7.5765999999999805,-0.051541496598639325,0.6122448979591837,0.7968202491454401,9.310866666666636,6,1,370,-11.177599999999869,-0.030209729729729375,0.85958412231283,40,1.1567333333333405,0.55,46,-3.2574666666666117,0.43478260869565216,44,2.910866666666698,0.7045454545454546,45,-3.9331333333333243,0.5111111111111111,48,-0.47799999999999043,0.6458333333333334,43,-7.832933333333329,0.37209302325581395,45,3.335666666666687,0.7333333333333333,41,-1.079333333333338,0.7073170731707317,18,-2.0000000000000004,0.6666666666666666
asia_break_10_16|mon|TP15_SL25|H480,asia_break_10_16,mon,TP15_SL25,15.0,25.0,0.6,480,-0.18746119811067632,223,-3.7814399999999213,-0.016957130044842696,0.4618834080717489,0.8879647691531014,4.788679999999931,8,2,147,2.8586399999999488,0.01944653061224455,0.4965986394557823,1.091540221286885,7.562200000000021,7,2,370,-0.9227999999999721,-0.0024940540540539786,0.9857988121971403,40,0.7951200000000151,0.55,46,-2.910319999999993,0.391304347826087,44,2.0864800000000376,0.5227272727272727,45,-3.141119999999992,0.35555555555555557,48,-0.611599999999989,0.5,43,-6.622920000000014,0.2558139534883721,45,3.417920000000004,0.5333333333333333,41,7.180439999999962,0.6829268292682927,18,-1.1168000000000031,0.5555555555555556
asia_break_09_14|mon|TP25_SL20|H720,asia_break_09_14,mon,TP25_SL20,25.0,20.0,1.25,720,-0.18876496953561522,209,-3.389949999999931,-0.01621985645932981,0.46411483253588515,0.9225301257132946,6.585549999999932,6,2,135,-4.364550000000043,-0.03233000000000032,0.4148148148148148,0.9096705896231532,10.593500000000002,6,2,344,-7.754499999999976,-0.022542151162790628,0.915781939898856,41,0.940400000000011,0.4878048780487805,41,-1.0667000000000142,0.4634146341463415,40,0.6137000000000401,0.525,41,-1.7633499999999804,0.4146341463414634,46,-2.1139999999999874,0.43478260869565216,40,-8.519699999999979,0.275,43,0.22984999999998745,0.4186046511627907,36,6.4252999999999485,0.5833333333333334,16,-2.5,0.375
prevclose_cont_840|all|TP20_SL15|H480,prevclose_cont_840,all,TP20_SL15,20.0,15.0,1.3333333333333333,480,-0.18957458930975304,1304,-4.471600000000445,-0.0034291411042948203,0.4677914110429448,0.9865345997188222,14.870133333333529,11,2,949,-7.441666666666893,-0.007841587636108422,0.44783983140147526,0.9811475210489086,34.2597333333334,8,1,2253,-11.913266666667333,-0.005287734872022784,0.9836088790657788,260,-2.855933333333465,0.45,261,-5.046466666666753,0.4444444444444444,262,2.7899333333332956,0.49236641221374045,261,-2.6382666666667935,0.4674329501915709,260,3.2791333333332777,0.4846153846153846,260,-1.8682666666667407,0.4461538461538462,262,4.413133333333277,0.4770992366412214,261,-6.044333333333434,0.44061302681992337,166,-3.9421999999999944,0.41566265060240964
inside_prevday_asia_break|all|TP40_SL30|H480,inside_prevday_asia_break,all,TP40_SL30,40.0,30.0,1.3333333333333333,480,-0.19030838374213915,697,-4.400633333333342,-0.00631367766618844,0.46915351506456243,0.9519149483287569,11.600366666666709,9,2,434,17.844133333333133,0.041115514592933486,0.48847926267281105,1.1915594523355726,13.174566666666681,7,3,1131,13.44349999999979,0.011886383731211132,1.0727975669704932,139,1.6613999999999423,0.4676258992805755,149,-3.6119666666665955,0.4161073825503356,125,4.352066666666684,0.568,138,-3.6912666666666833,0.4057971014492754,146,-3.1108666666666913,0.5,149,2.0854666666666155,0.4429530201342282,142,5.617633333333211,0.5211267605633803,92,-5.726500000000034,0.43478260869565216,51,15.867533333333338,0.6274509803921569
asia_expansion_fade_10|r140|TP10_SL25|H720,asia_expansion_fade_10,r140,TP10_SL25,10.0,25.0,0.4,720,-0.2147731080650442,261,-4.326639999999971,-0.016577164750957742,0.5823754789272031,0.9129159229586982,5.969599999999942,7,2,241,-10.263840000000027,-0.042588547717842436,0.6058091286307054,0.8396237913001734,14.662400000000007,4,0,502,-14.590479999999996,-0.029064701195219117,0.8716553192237998,41,-2.246759999999986,0.4878048780487805,52,-1.1222399999999926,0.5384615384615384,68,0.40308000000001787,0.6323529411764706,41,1.9363600000000045,0.6341463414634146,59,-3.297080000000015,0.5932203389830508,61,-1.221640000000034,0.5573770491803278,72,-0.7110799999999835,0.625,72,-7.331120000000011,0.5833333333333334,36,-0.9999999999999999,0.6944444444444444
asia_break_10_16|all|TP25_SL20|H1440,asia_break_10_16,all,TP25_SL20,25.0,20.0,1.25,1440,-0.21742119789191267,1191,-4.0501500000000314,-0.0034006297229219407,0.47523089840470195,0.9861411754722261,22.486050000000013,8,3,801,41.78684999999998,0.052168352059925066,0.49063670411985016,1.1418483978137608,16.300999999999974,8,3,1992,37.73669999999995,0.018944126506024072,1.0643058527021811,232,0.8954999999999592,0.4698275862068966,239,-6.398100000000001,0.4686192468619247,231,7.27870000000004,0.47619047619047616,241,-14.188800000000027,0.43983402489626555,248,8.362549999999999,0.5201612903225806,241,-1.24400000000005,0.47717842323651455,240,24.445100000000053,0.5125,206,5.670249999999989,0.48058252427184467,114,12.915499999999998,0.49122807017543857
asia_break_10_16|mon|TP15_SL20|H480,asia_break_10_16,mon,TP15_SL20,15.0,20.0,0.75,480,-0.2180678686614999,223,-4.048349999999902,-0.018154035874439024,0.4618834080717489,0.9024772444494786,5.831050000000006,8,2,147,-0.1696500000000576,-0.001154081632653453,0.47619047619047616,0.995909544636957,8.797150000000013,7,2,370,-4.217999999999961,-0.011399999999999895,0.949172425136875,40,0.9939000000000192,0.55,46,-3.637899999999991,0.391304347826087,44,3.0155000000000425,0.5227272727272727,45,-3.6763999999999895,0.35555555555555557,48,-0.7434499999999846,0.5,43,-7.528650000000015,0.2558139534883721,45,3.778100000000006,0.5333333333333333,41,4.080899999999952,0.6097560975609756,18,-0.5,0.5555555555555556
asia_expansion_fade_10|r140|TP15_SL25|H720,asia_expansion_fade_10,r140,TP15_SL25,15.0,25.0,0.6,720,-0.2183379443763705,261,-2.7639199999999713,-0.010589731800766174,0.5478927203065134,0.9496550432753301,7.8124399999999525,7,1,241,-6.6252400000000655,-0.027490622406639277,0.5352697095435685,0.9064741011110327,14.09960000000007,5,1,502,-9.389160000000038,-0.018703505976095693,0.9253277047070816,41,-1.8467599999999857,0.4878048780487805,52,-0.5152399999999944,0.5384615384615384,68,-1.622479999999996,0.5441176470588235,41,2.807720000000017,0.6097560975609756,59,-1.587160000000013,0.559322033898305,61,-0.35664000000002494,0.5245901639344263,72,-0.2545199999999923,0.5277777777777778,72,-8.41408000000005,0.4861111111111111,36,2.4,0.6666666666666666
inside_prevday_asia_break|all|TP30_SL25|H480,inside_prevday_asia_break,all,TP30_SL25,30.0,25.0,1.2,480,-0.2197518954935333,697,-4.605560000000016,-0.0066076901004304385,0.46915351506456243,0.9574086445592159,13.119040000000062,9,2,434,13.064399999999786,0.030102304147464943,0.4838709677419355,1.1197910286381998,15.584439999999994,8,3,1131,8.458839999999764,0.007479080459769906,1.038946083125837,139,1.993679999999931,0.4676258992805755,149,-3.8811599999999182,0.4161073825503356,125,5.281960000000016,0.568,138,-4.5086000000000155,0.4057971014492754,146,-3.4914400000000305,0.5,149,0.8628799999999499,0.4429530201342282,142,6.91511999999986,0.5211267605633803,92,-8.571200000000026,0.43478260869565216,51,13.857600000000001,0.5882352941176471
asia_break_09_14|thu_fri|TP30_SL25|H1440,asia_break_09_14,thu_fri,TP30_SL25,30.0,25.0,1.2,1440,-0.21976752481215256,442,-5.147479999999905,-0.011645882352940961,0.4683257918552036,0.9410766525044046,8.209480000000033,6,2,290,34.48960000000001,0.11892965517241383,0.5241379310344828,1.423026654054627,13.310480000000013,9,4,732,29.342120000000108,0.04008486338797829,1.1737356287674052,96,-1.9025999999999754,0.3958333333333333,87,-4.497439999999951,0.4367816091954023,80,1.7641600000000466,0.5375,91,3.9238000000000106,0.5274725274725275,88,-4.435400000000035,0.45454545454545453,90,2.689840000000003,0.43333333333333335,88,22.70003999999997,0.625,78,1.2997200000000344,0.5,34,7.799999999999999,0.5588235294117647
impulse60_fade_600|s040|TP10_SL25|H720,impulse60_fade_600,s040,TP10_SL25,10.0,25.0,0.4,720,-0.21988424377922874,728,-4.513319999999873,-0.006199615384615211,0.5494505494505495,0.9618986225720441,18.999279999999878,8,3,517,-1.156679999999911,-0.002237292069632323,0.655705996131528,0.9906318822475195,15.450439999999928,5,1,1245,-5.66999999999978,-0.004554216867469703,0.9765630231468057,150,6.053879999999983,0.6066666666666667,145,2.0464800000000394,0.5655172413793104,148,-8.820839999999952,0.5,132,2.17592000000007,0.553030303030303,153,-5.968760000000009,0.5228758169934641,140,9.45224000000001,0.6642857142857143,144,-2.2671599999999583,0.6111111111111112,136,-7.207359999999971,0.6617647058823529,97,-1.1343999999999874,0.7010309278350515
asia_break_09_14|thu_fri|TP40_SL30|H1440,asia_break_09_14,thu_fri,TP40_SL30,40.0,30.0,1.3333333333333333,1440,-0.22126868447539794,442,-5.389166666666568,-0.012192684766213954,0.4683257918552036,0.9272666662467858,7.359033333333356,6,2,290,25.580300000000037,0.08820793103448288,0.5103448275862069,1.3403649766151517,12.033266666666673,9,3,732,20.19113333333347,0.027583515482696,1.1352836430775946,96,-1.842166666666647,0.3958333333333333,87,-3.9610999999999494,0.4367816091954023,80,1.2716000000000425,0.5375,91,3.3546333333333527,0.5274725274725275,88,-4.212133333333364,0.45454545454545453,90,4.506600000000002,0.43333333333333335,88,18.091866666666675,0.6136363636363636,78,-0.7321666666666427,0.48717948717948717,34,3.7140000000000013,0.5
asia_break_10_16|mon|TP25_SL20|H480,asia_break_10_16,mon,TP25_SL20,25.0,20.0,1.25,480,-0.22157587646538562,223,-4.020049999999866,-0.018027130044842448,0.43946188340807174,0.9061816645779539,6.240649999999971,8,2,147,5.67759999999995,0.03862312925170034,0.4557823129251701,1.1314180165082646,8.797150000000013,7,2,370,1.6575500000000813,0.004479864864865085,1.0192622126879254,40,0.9939000000000192,0.55,46,-3.637899999999991,0.391304347826087,44,2.827050000000053,0.45454545454545453,45,-2.884799999999961,0.35555555555555557,48,-1.3182999999999883,0.4583333333333333,43,-7.039500000000022,0.2558139534883721,45,3.9976500000000326,0.5111111111111111,41,9.487449999999946,0.6097560975609756,18,-0.768000000000006,0.4444444444444444
asia_break_10_16|all|TP20_SL15|H1440,asia_break_10_16,all,TP20_SL15,20.0,15.0,1.3333333333333333,1440,-0.22433598512033395,1191,-1.6087333333334026,-0.0013507416736636463,0.4643157010915197,0.995721411418269,27.791000000000018,8,3,801,43.01919999999981,0.05370686641697854,0.4769038701622971,1.1220845920249825,20.394733333333416,11,3,1992,41.410466666666416,0.020788386880856633,1.0568537438704317,232,2.1150666666666154,0.4698275862068966,239,-7.420533333333317,0.46443514644351463,231,6.949733333333317,0.4588744588744589,241,-10.976933333333323,0.43568464730290457,248,7.72393333333331,0.49193548387096775,241,-8.254066666666755,0.4605809128630705,240,18.01326666666665,0.48333333333333334,206,16.59333333333327,0.48058252427184467,114,16.66666666666666,0.49122807017543857
asia_body_cont_600|all|TP40_SL30|H480,asia_body_cont_600,all,TP40_SL30,40.0,30.0,1.3333333333333333,480,-0.2279353526195295,1291,-5.567533333333231,-0.004312574231861527,0.4694035631293571,0.9676452299639898,15.100766666666502,10,2,938,0.7590333333331438,0.0008092039800993004,0.4968017057569296,1.0030778509352896,22.074033333333425,11,2,2229,-4.808500000000077,-0.0021572454015253823,0.9885153455937156,258,0.8636000000000723,0.49224806201550386,258,-7.22746666666667,0.4573643410852713,259,-4.274499999999893,0.4749034749034749,258,5.566699999999964,0.4418604651162791,258,-0.4958666666667053,0.4806201550387597,257,-9.826866666666719,0.4396887159533074,259,8.18703333333334,0.5521235521235521,258,-4.460000000000083,0.5,164,6.858866666666618,0.49390243902439024
asia_break_retest|w90|TP40_SL30|H720,asia_break_retest,w90,TP40_SL30,40.0,30.0,1.3333333333333333,720,-0.22866556912032507,872,-5.088733333333121,-0.005835703363914129,0.47477064220183485,0.9616334304003722,13.911066666666505,11,2,568,31.543700000000012,0.05553468309859157,0.5105633802816901,1.2340438739981592,15.094966666666709,10,3,1440,26.454966666666895,0.01837150462962979,1.0989298263612024,154,1.5659999999999776,0.45454545454545453,169,-3.2887999999998634,0.48520710059171596,174,-0.4323666666666755,0.4482758620689655,184,-7.094833333333291,0.42391304347826086,191,4.161266666666727,0.5549738219895288,174,-2.018300000000023,0.42528735632183906,169,17.229633333333357,0.5621301775147929,150,2.417266666666558,0.5266666666666666,75,13.915100000000118,0.56
asia_mid_cont_840|all|TP10_SL25|H720,asia_mid_cont_840,all,TP10_SL25,10.0,25.0,0.4,720,-0.22874567564823292,1305,-4.680559999999992,-0.003586636015325664,0.5187739463601533,0.9754018737325333,16.95063999999996,11,2,949,-32.13327999999999,-0.03386014752370916,0.5795574288724974,0.8607934819356715,40.654480000000184,7,0,2254,-36.81383999999998,-0.016332670807453407,0.9125796389794584,261,-1.397880000000023,0.4674329501915709,261,-6.048040000000045,0.46360153256704983,262,1.1467200000000344,0.5610687022900763,261,-6.41895999999995,0.5134099616858238,260,8.037599999999994,0.5884615384615385,260,-14.281920000000024,0.47692307692307695,262,-2.256920000000015,0.5610687022900763,261,-8.123359999999977,0.6398467432950191,166,-7.471079999999967,0.6746987951807228
asia_mid_cont_600|all|TP40_SL30|H480,asia_mid_cont_600,all,TP40_SL30,40.0,30.0,1.3333333333333333,480,-0.23376601310770392,1305,-4.704466666666667,-0.003604955300127714,0.46206896551724136,0.9724935874435704,17.20243333333325,9,2,949,14.353433333333072,0.015124798033016936,0.49209694415173866,1.0594008583681505,18.32346666666688,11,2,2254,9.648966666666395,0.004280819284235312,1.0233818869757658,261,-2.640999999999994,0.4559386973180077,261,-9.419933333333312,0.4061302681992337,262,2.9483666666667725,0.4961832061068702,261,10.10519999999993,0.47509578544061304,260,-5.697100000000068,0.47692307692307695,260,-4.818833333333394,0.43846153846153846,262,6.1737333333332725,0.5305343511450382,261,-2.540566666666792,0.4942528735632184,166,15.539099999999987,0.5120481927710844
prevclose_cont_840|all|TP15_SL20|H480,prevclose_cont_840,all,TP15_SL20,15.0,20.0,0.75,480,-0.2347645589865865,1304,-2.6395500000003578,-0.002024194785276348,0.4854294478527607,0.9892663389902037,15.968150000000195,11,1,949,-12.188400000000179,-0.012843414120126637,0.505795574288725,0.9595244377134975,27.510950000000093,7,0,2253,-14.827950000000534,-0.006581424766977601,0.9728943685703759,260,-2.173100000000101,0.45,261,-6.23515000000009,0.4444444444444444,262,-0.5199000000000401,0.5152671755725191,261,-0.6027000000000946,0.4904214559386973,260,6.891299999999969,0.5269230769230769,260,-1.9026000000000995,0.45384615384615384,262,-0.062300000000015565,0.5076335877862596,261,-4.652850000000081,0.5287356321839081,166,-5.5706499999999775,0.5481927710843374
asia_compression_break|r070|TP5_SL15|H1440,asia_compression_break,r070,TP5_SL15,5.0,15.0,0.3333333333333333,1440,-0.23484559580118686,220,-3.432066666666671,-0.01560030303030305,0.6409090909090909,0.9297564583097394,9.960466666666669,4,2,176,10.729133333333323,0.060960984848484785,0.7784090909090909,1.311728484735789,5.159799999999996,3,3,396,7.2970666666666535,0.018426936026935993,1.0876232622405668,34,1.3126666666666698,0.6176470588235294,58,-1.877999999999991,0.5689655172413793,45,-5.5607333333333235,0.6222222222222222,40,-0.10560000000002018,0.65,43,2.7995999999999936,0.7674418604651163,46,5.4743999999999975,0.8043478260869565,45,1.7478666666666558,0.7555555555555555,50,-0.1597999999999965,0.74,35,3.666666666666665,0.8285714285714286
asia_break_10_16|mon|TP20_SL20|H720,asia_break_10_16,mon,TP20_SL20,20.0,20.0,1.0,720,-0.235407848234715,223,-3.9825499999999225,-0.017858968609865123,0.47085201793721976,0.9147433770404082,7.444350000000009,6,2,147,9.693650000000037,0.06594319727891182,0.5034013605442177,1.2280268636352951,9.240150000000007,12,2,370,5.71110000000011,0.015435405405405703,1.064008921416444,40,0.872850000000028,0.5,46,-1.4301000000000046,0.4782608695652174,44,2.002500000000032,0.5227272727272727,45,-2.7967999999999837,0.37777777777777777,48,-2.630999999999995,0.4791666666666667,43,-7.639999999999997,0.27906976744186046,45,6.255850000000056,0.5555555555555556,41,11.077799999999979,0.6829268292682927,18,0.0,0.5
asia_break_retest|w90|TP40_SL30|H1440,asia_break_retest,w90,TP40_SL30,40.0,30.0,1.3333333333333333,1440,-0.23636455047760935,872,-2.5287999999998476,-0.0028999999999998255,0.4782110091743119,0.9829246163586887,15.154233333333234,9,1,568,28.631599999999963,0.050407746478873174,0.4964788732394366,1.1813344277391336,19.308266666666697,8,3,1440,26.10280000000011,0.01812694444444452,1.085306018581863,154,-0.14500000000000468,0.4675324675324675,169,-3.517166666666616,0.48520710059171596,174,-1.628000000000005,0.4425287356321839,184,-3.480899999999914,0.46195652173913043,191,6.242266666666689,0.5287958115183246,174,0.28776666666666073,0.47701149425287354,169,11.664366666666727,0.514792899408284,150,-2.1412000000001346,0.48,75,18.820666666666703,0.5333333333333333
asia_expansion_fade_10|r140|TP20_SL15|H720,asia_expansion_fade_10,r140,TP20_SL15,20.0,15.0,1.3333333333333333,720,-0.2375239424818934,261,-2.161999999999975,-0.008283524904214464,0.5095785440613027,0.9746974894884963,17.242599999999925,7,2,241,-22.204000000000203,-0.09213278008298839,0.4024896265560166,0.8075308343046541,34.468533333333525,8,1,502,-24.366000000000174,-0.048537848605578034,0.8786614212439611,41,-3.0500000000000003,0.4878048780487805,52,-0.09806666666668226,0.5384615384615384,68,-7.911933333333277,0.4411764705882353,41,3.371599999999989,0.5609756097560976,59,5.526399999999995,0.5423728813559322,61,3.1866666666666026,0.5081967213114754,72,-4.983933333333367,0.4027777777777778,72,-17.073400000000102,0.3194444444444444,36,-3.333333333333335,0.3888888888888889
asia_expansion_fade_10|r140|TP40_SL30|H1440,asia_expansion_fade_10,r140,TP40_SL30,40.0,30.0,1.3333333333333333,1440,-0.23845529296113038,261,-3.7235666666666694,-0.01426653895274586,0.5172413793103449,0.9322484875134569,10.29480000000001,8,2,241,-19.2132333333334,-0.0797229598893502,0.42323651452282157,0.7906367958109697,28.533433333333395,8,1,502,-22.93680000000007,-0.04569083665338659,0.8436791991405466,41,-1.9481333333333246,0.4878048780487805,52,0.20776666666666493,0.5384615384615384,68,-3.64896666666666,0.4852941176470588,41,3.4620333333333297,0.6341463414634146,59,-1.7962666666666784,0.4745762711864407,61,-0.19339999999999663,0.4262295081967213,72,-5.380400000000032,0.4583333333333333,72,-18.24743333333336,0.3611111111111111,36,4.607999999999992,0.4722222222222222
impulse60_fade_600|s040|TP20_SL15|H720,impulse60_fade_600,s040,TP20_SL15,20.0,15.0,1.3333333333333333,720,-0.2391562255647178,728,0.10140000000002303,0.00013928571428574593,0.5054945054945055,1.0005032019990452,32.200999999999965,13,3,517,-2.4577999999998106,-0.0047539651837520515,0.4738878143133462,0.9892498295637134,38.146999999999935,10,2,1245,-2.356399999999793,-0.0018926907630520424,0.9945217640769016,150,9.003066666666669,0.6,145,12.949400000000027,0.5517241379310345,148,-16.73166666666663,0.41216216216216217,132,1.2435333333333487,0.5151515151515151,153,-6.362933333333393,0.45098039215686275,140,15.869866666666695,0.5785714285714286,144,5.003533333333461,0.4930555555555556,136,-18.53873333333332,0.3897058823529412,97,-4.792466666666654,0.41237113402061853
prevclose_cont_840|all|TP15_SL25|H720,prevclose_cont_840,all,TP15_SL25,15.0,25.0,0.6,720,-0.2397678768208406,1304,-4.118280000000119,-0.0031581901840491713,0.49616564417177916,0.9796806998126679,13.443920000000123,11,1,949,-13.527240000000011,-0.014254204425711287,0.5353003161222339,0.9475237483121156,28.07708000000003,9,1,2253,-17.645520000000133,-0.007832010652463441,0.9616782091235706,260,-1.8692400000000822,0.46153846153846156,261,-5.454320000000044,0.45977011494252873,262,-0.3480000000000021,0.5190839694656488,261,-1.82931999999998,0.5019157088122606,260,5.382599999999984,0.5384615384615384,260,-2.8758800000000413,0.49230769230769234,262,1.500079999999981,0.5229007633587787,261,-9.280359999999982,0.5440613026819924,166,-2.871079999999966,0.608433734939759
asia_mid_cont_840|all|TP20_SL20|H480,asia_mid_cont_840,all,TP20_SL20,20.0,20.0,1.0,480,-0.2418869475332763,1305,-2.0192000000002155,-0.0015472796934867551,0.4704980842911877,0.991953483868113,17.62550000000016,11,1,949,-8.732000000000074,-0.0092012644889358,0.4773445732349842,0.9727973298267681,27.98245000000002,8,2,2254,-10.751200000000287,-0.004769831410825326,0.9812021845693973,261,-1.8969500000000044,0.4521072796934866,261,-2.729100000000097,0.42911877394636017,262,-3.414150000000052,0.4732824427480916,261,-4.5946500000000245,0.4789272030651341,260,10.61564999999996,0.5192307692307693,260,-9.673300000000065,0.4269230769230769,262,0.018349999999996314,0.4847328244274809,261,-2.622900000000051,0.49808429118773945,166,3.5458500000000424,0.5120481927710844
asia_break_retest|w90|TP15_SL25|H720,asia_break_retest,w90,TP15_SL25,15.0,25.0,0.6,720,-0.24267921034878037,872,-4.146879999999751,-0.004755596330274944,0.4908256880733945,0.9725313318801319,17.116959999999807,11,2,568,19.21724000000001,0.03383316901408453,0.5598591549295775,1.1406530870833524,10.93280000000001,7,3,1440,15.070360000000264,0.01046552777777796,1.0524010950350269,154,1.9808799999999789,0.45454545454545453,169,-4.282359999999873,0.48520710059171596,174,-2.1077199999999827,0.47126436781609193,184,-7.354639999999918,0.45108695652173914,191,7.616960000000044,0.581151832460733,174,-6.452840000000013,0.4367816091954023,169,13.185800000000025,0.591715976331361,150,7.484279999999997,0.6133333333333333,75,5.0,0.6666666666666666
asia_break_09_14|all|TP15_SL25|H720,asia_break_09_14,all,TP15_SL25,15.0,25.0,0.6,720,-0.24342513951299247,1099,-8.195039999999803,-0.007456815286624025,0.4913557779799818,0.957313017866877,15.17903999999989,9,3,722,2.9699199999999832,0.004113462603878093,0.5263157894736842,1.0156813746082451,19.57600000000004,7,2,1821,-5.22511999999981,-0.0028693684788576664,0.9862991299295125,224,0.36080000000000817,0.45982142857142855,215,-6.610239999999958,0.46511627906976744,209,2.4059600000000883,0.5358851674641149,223,-5.085079999999959,0.4618834080717489,228,0.7335200000000249,0.5350877192982456,219,-10.827039999999979,0.4246575342465753,221,10.809400000000005,0.5339366515837104,189,-3.2124400000000417,0.5661375661375662,93,6.199999999999999,0.6666666666666666
asia_mid_cont_600|all|TP20_SL20|H480,asia_mid_cont_600,all,TP20_SL20,20.0,20.0,1.0,480,-0.2435488658821147,1305,-1.1889999999999326,-0.0009111111111110594,0.46513409961685825,0.9952403798329011,24.645549999999858,9,2,949,10.057699999999855,0.01059820864067424,0.4952581664910432,1.0329950566629411,20.53485000000008,11,3,2254,8.868699999999919,0.003934649511978669,1.0159901758690366,261,-3.9232999999999847,0.4559386973180077,261,-12.658349999999938,0.4061302681992337,262,4.033500000000105,0.5038167938931297,261,12.864249999999926,0.47509578544061304,260,-1.505100000000038,0.4846153846153846,260,-10.290950000000112,0.4423076923076923,262,11.902149999999999,0.5267175572519084,261,7.860999999999967,0.5134099616858238,166,0.5855000000000015,0.5
asia_mid_cont_840|all|TP25_SL20|H480,asia_mid_cont_840,all,TP25_SL20,25.0,20.0,1.25,480,-0.24742898033183336,1305,-2.124600000000225,-0.0016280459770116667,0.4666666666666667,0.9915778925029718,17.79545000000019,14,1,949,2.3657500000000002,0.0024928872497365652,0.46259220231822973,1.0071616529546075,25.66120000000005,8,2,2254,0.24114999999977638,0.00010698757763965234,1.0004139200728317,261,-2.101800000000015,0.4521072796934866,261,-4.417150000000095,0.42528735632183906,262,-0.33525000000005356,0.46946564885496184,261,-6.28670000000003,0.47509578544061304,260,11.01629999999997,0.5115384615384615,260,-7.530600000000074,0.4269230769230769,262,3.404100000000107,0.48091603053435117,261,-3.8511000000000895,0.47126436781609193,166,10.343350000000058,0.4759036144578313
asia_break_09_14|all|TP15_SL20|H480,asia_break_09_14,all,TP15_SL20,15.0,20.0,0.75,480,-0.25158231339767084,1099,-8.384400000000031,-0.007629117379435879,0.4749772520473157,0.9597317273539593,15.374299999999941,9,3,722,-4.580250000000138,-0.006343836565097144,0.4986149584487535,0.9787444108508957,23.468299999999978,7,2,1821,-12.964650000000166,-0.007119522240527274,0.9694012044662461,224,2.1636499999998478,0.45982142857142855,215,-6.445699999999976,0.4186046511627907,209,0.5101000000000453,0.507177033492823,223,-5.318650000000001,0.452914798206278,228,0.7062000000000586,0.5350877192982456,219,-10.719200000000013,0.410958904109589,221,10.770099999999834,0.5248868778280543,189,-9.631149999999959,0.5185185185185185,93,5.0,0.6021505376344086
asia_mid_cont_840|all|TP10_SL25|H480,asia_mid_cont_840,all,TP10_SL25,10.0,25.0,0.4,480,-0.2558984168410964,1305,-3.349160000000145,-0.0025664061302683103,0.503448275862069,0.9818542479728,15.97056000000012,11,1,949,-29.722999999999992,-0.03132033719704952,0.5732349841938883,0.867691588349061,38.49204000000017,8,0,2254,-33.072160000000125,-0.014672653061224545,0.9191823024565213,261,-1.1254799999999974,0.4559386973180077,261,-4.586040000000075,0.4367816091954023,262,-0.2670400000000507,0.5343511450381679,261,-5.275560000000022,0.5134099616858238,260,7.904960000000002,0.5769230769230769,260,-13.599400000000042,0.46153846153846156,262,-3.1592799999999523,0.549618320610687,261,-6.240200000000023,0.6436781609195402,166,-6.724119999999969,0.6746987951807228
asia_break_10_16|mon|TP10_SL20|H1440,asia_break_10_16,mon,TP10_SL20,10.0,20.0,0.5,1440,-0.2563080157260702,223,-5.246450000000016,-0.02352668161434985,0.5246636771300448,0.8892125601824478,8.188150000000018,6,3,147,-4.194399999999927,-0.028533333333332838,0.5714285714285714,0.8993251781863236,10.821049999999932,5,2,370,-9.440849999999944,-0.02551581081081066,0.8939454958135278,40,1.7475500000000126,0.525,46,-3.813650000000007,0.4782608695652174,44,0.763049999999998,0.5681818181818182,45,-4.706450000000018,0.4444444444444444,48,0.7630499999999983,0.6041666666666666,43,-8.505300000000009,0.3953488372093023,45,-0.16109999999991909,0.5555555555555556,41,2.9720000000000026,0.7073170731707317,18,1.5,0.7222222222222222
asia_break_10_16|mon|TP20_SL15|H1440,asia_break_10_16,mon,TP20_SL15,20.0,15.0,1.3333333333333333,1440,-0.26159115578830583,223,-3.9304000000000263,-0.017625112107623436,0.47085201793721976,0.9401294777729817,9.761200000000008,6,2,147,4.257933333333398,0.028965532879819032,0.46258503401360546,1.066769256180723,13.418666666666667,5,2,370,0.3275333333333714,0.0008852252252253282,1.0025307939883212,40,1.6881999999999908,0.525,46,-3.7596000000000305,0.4782608695652174,44,3.968533333333334,0.45454545454545453,45,-3.5799333333333228,0.4222222222222222,48,-2.2475999999999967,0.4791666666666667,43,-10.51013333333332,0.37209302325581395,45,2.4267333333333987,0.4666666666666667,41,14.00799999999999,0.5853658536585366,18,-1.666666666666667,0.3888888888888889
prevclose_cont_840|all|TP10_SL25|H720,prevclose_cont_840,all,TP10_SL25,10.0,25.0,0.4,720,-0.26315241366411685,1304,-6.540520000000091,-0.005015736196319088,0.5199386503067485,0.965834680161765,15.679760000000105,10,2,949,-18.35920000000007,-0.019345837723919988,0.5964172813487882,0.9170720196752041,25.411520000000067,9,1,2253,-24.89972000000016,-0.011051806480248628,0.9396845169237454,260,-2.416440000000092,0.46153846153846156,261,-7.900040000000034,0.46360153256704983,262,0.08912000000001319,0.5572519083969466,261,-3.699319999999969,0.5287356321839081,260,7.3861599999999905,0.5884615384615385,260,-8.830320000000054,0.5153846153846153,262,0.23343999999993814,0.5725190839694656,261,-9.29123999999998,0.632183908045977,166,-0.47107999999996686,0.7048192771084337
normal_range_mid_cont_14|r080_120|TP30_SL25|H720,normal_range_mid_cont_14,r080_120,TP30_SL25,30.0,25.0,1.2,720,-0.2634046811671287,521,-5.4382400000000155,-0.010438080614203484,0.472168905950096,0.9343956949647841,11.468680000000031,9,2,330,-13.43508000000009,-0.04071236363636391,0.4393939393939394,0.8706919551336953,31.17400000000014,7,1,851,-18.873320000000106,-0.02217781433607533,0.8989620457491323,106,-4.4664800000000024,0.4056603773584906,96,-2.4285200000000167,0.4375,99,0.22956000000002907,0.5252525252525253,121,-4.403880000000026,0.47107438016528924,99,5.6310800000000025,0.5252525252525253,95,-2.946920000000045,0.4105263157894737,101,-7.589040000000025,0.42574257425742573,80,-12.969240000000047,0.425,54,10.070120000000024,0.5370370370370371
asia_mid_cont_600|all|TP25_SL20|H480,asia_mid_cont_600,all,TP25_SL20,25.0,20.0,1.25,480,-0.26805535155214305,1305,-1.3943499999999425,-0.0010684674329501475,0.46206896551724136,0.9944527669627037,25.889849999999864,9,2,949,15.66254999999985,0.016504267650157903,0.48050579557428874,1.0497143950844718,23.08350000000008,11,3,2254,14.268199999999915,0.0063301685891747625,1.0251905796532774,261,-4.001999999999988,0.4559386973180077,261,-13.122349999999939,0.4061302681992337,262,4.332600000000127,0.4961832061068702,261,12.450349999999903,0.47126436781609193,260,-1.052950000000044,0.4807692307692308,260,-7.661000000000116,0.43846153846153846,262,12.479049999999976,0.5267175572519084,261,4.264999999999938,0.48659003831417624,166,6.5795000000000545,0.463855421686747
asia_body_fade_840|all|TP15_SL15|H1440,asia_body_fade_840,all,TP15_SL15,15.0,15.0,1.0,1440,-0.26876145905525006,1291,-7.830333333333195,-0.006065324038213165,0.4949651432997676,0.9798129811185078,19.119599999999885,11,3,938,-55.26960000000004,-0.05892281449893395,0.4626865671641791,0.8702364310745496,66.67120000000008,9,1,2229,-63.09993333333323,-0.028308628682518273,0.922464026219229,258,-10.000266666666645,0.4883720930232558,258,5.163733333333432,0.5077519379844961,259,-10.450200000000024,0.46332046332046334,258,2.047466666666698,0.5,258,5.408933333333348,0.5155038759689923,257,-9.002266666666674,0.4785992217898833,259,-20.546933333333392,0.44015444015444016,258,2.279600000000027,0.5,164,-28.0,0.4146341463414634
impulse60_fade_600|s040|TP30_SL25|H720,impulse60_fade_600,s040,TP30_SL25,30.0,25.0,1.2,720,-0.2703436613709906,728,-3.8579199999999467,-0.005299340659340586,0.510989010989011,0.9697118340783325,24.086799999999954,12,3,517,-0.7165999999998451,-0.0013860735009668184,0.5125725338491296,0.9957929605886249,19.01487999999992,9,1,1245,-4.574519999999794,-0.0036743132530118825,0.9846341743604634,150,5.930800000000009,0.6,145,7.894200000000027,0.5586206896551724,148,-15.179919999999964,0.41216216216216217,132,0.8860400000000386,0.5227272727272727,153,-3.389040000000059,0.46405228758169936,140,8.074640000000045,0.5928571428571429,144,-1.9136799999998755,0.5,136,-1.0468800000000211,0.5,97,-5.830679999999992,0.4329896907216495
asia_break_09_14|mon|TP25_SL20|H1440,asia_break_09_14,mon,TP25_SL20,25.0,20.0,1.25,1440,-0.27054397251999174,209,-4.173399999999981,-0.01996842105263149,0.46411483253588515,0.9138219591493705,8.30854999999997,7,2,135,-5.946700000000057,-0.04404962962963005,0.4148148148148148,0.8896290219602359,16.991550000000032,6,1,344,-10.120100000000038,-0.02941889534883732,0.9010809149142992,41,2.9331499999999777,0.5609756097560976,41,-3.6191500000000136,0.43902439024390244,40,0.7218500000000283,0.4,41,-3.3085000000000035,0.4146341463414634,46,-0.9007499999999713,0.5,40,-9.727000000000022,0.325,43,-5.392400000000019,0.3488372093023256,36,11.672699999999987,0.6111111111111112,16,-2.5,0.375
asia_break_09_14|mon|TP20_SL20|H1440,asia_break_09_14,mon,TP20_SL20,20.0,20.0,1.0,1440,-0.27403654173677494,209,-4.254700000000003,-0.0203574162679426,0.4688995215311005,0.9118248060216195,8.139849999999992,7,2,135,-5.152050000000052,-0.03816333333333372,0.4444444444444444,0.8983880701809737,14.502050000000033,6,1,344,-9.406750000000056,-0.027345203488372254,0.9049400743764902,41,2.9331499999999777,0.5609756097560976,41,-3.8691500000000136,0.43902439024390244,40,0.7205500000000136,0.425,41,-2.8206000000000135,0.4146341463414634,46,-1.2186499999999685,0.5,40,-9.16350000000002,0.325,43,-3.3945500000000273,0.3953488372093023,36,7.405999999999995,0.6111111111111112,16,0.0,0.5
normal_range_mid_cont_14|r080_120|TP25_SL20|H480,normal_range_mid_cont_14,r080_120,TP25_SL20,25.0,20.0,1.25,480,-0.2779802439472854,521,-5.674550000000137,-0.010891650671785292,0.46257197696737046,0.9440152764088784,11.878450000000116,10,2,330,-13.223799999999962,-0.040072121212121094,0.44242424242424244,0.887361830040196,28.09474999999998,11,1,851,-18.898350000000093,-0.02220722679200951,0.9136113340854523,106,-4.8434000000000195,0.4056603773584906,96,-3.3683500000000546,0.4166666666666667,99,0.8210500000000254,0.5050505050505051,121,-3.259050000000059,0.47107438016528924,99,4.975199999999973,0.5151515151515151,95,-7.759850000000054,0.37894736842105264,101,-7.850599999999963,0.42574257425742573,80,-8.865849999999977,0.4625,54,11.252500000000031,0.5555555555555556
asia_body_fade_840|all|TP15_SL25|H1440,asia_body_fade_840,all,TP15_SL25,15.0,25.0,0.6,1440,-0.27894755318196635,1291,-8.869399999999931,-0.006870178156467802,0.512006196746708,0.9637185184700371,17.656159999999993,11,3,938,-63.13683999999998,-0.06731006396588483,0.5127931769722814,0.7963680616378347,70.50491999999963,8,0,2229,-72.00623999999992,-0.032304279946164166,0.8701454382114288,258,-5.725799999999991,0.49224806201550386,258,1.7294400000000767,0.5077519379844961,259,-8.608960000000007,0.4980694980694981,258,0.4473999999999867,0.5193798449612403,258,3.2885199999999974,0.5426356589147286,257,-6.128960000000035,0.4980544747081712,259,-25.16471999999994,0.46332046332046334,258,-7.043160000000011,0.5658914728682171,164,-24.799999999999997,0.5304878048780488
impulse60_fade_600|s040|TP40_SL30|H480,impulse60_fade_600,s040,TP40_SL30,40.0,30.0,1.3333333333333333,480,-0.2801136045891766,728,-4.2004666666666255,-0.005769871794871738,0.5068681318681318,0.9550477386352088,18.362899999999993,6,2,517,-13.6523666666666,-0.026406898774983752,0.5009671179883946,0.9024208304346587,21.148633333333244,11,1,1245,-17.852833333333223,-0.014339625167335921,0.9234944694065732,150,3.8713333333333524,0.56,145,4.8126666666666775,0.5448275862068965,148,-11.685599999999999,0.44594594594594594,132,-0.6994666666666265,0.5075757575757576,153,-0.4994000000000298,0.477124183006536,140,3.647399999999995,0.5642857142857143,144,-0.8342666666664766,0.5069444444444444,136,-9.484266666666706,0.47058823529411764,97,-6.981233333333408,0.44329896907216493
asia_mid_cont_600|all|TP25_SL20|H720,asia_mid_cont_600,all,TP25_SL20,25.0,20.0,1.25,720,-0.2945985817720579,1305,-6.032949999999982,-0.0046229501915708675,0.4666666666666667,0.978949970612408,24.22569999999999,8,3,949,7.0075999999998295,0.007384193888303298,0.46469968387776606,1.0201694120085076,27.97760000000014,8,3,2254,0.9746499999998521,0.00043240905057668685,1.0015372117944747,261,-3.9848500000000375,0.4521072796934866,261,-7.804599999999983,0.4559386973180077,262,1.7318000000000815,0.48854961832061067,261,1.645249999999999,0.4444444444444444,260,2.3794499999999617,0.49230769230769234,260,-14.339900000000114,0.41923076923076924,262,15.910949999999932,0.5152671755725191,261,3.652049999999983,0.4674329501915709,166,1.7845000000000244,0.45180722891566266
asia_break_10_16|mon|TP25_SL20|H1440,asia_break_10_16,mon,TP25_SL20,25.0,20.0,1.25,1440,-0.29791015314449576,223,-4.841550000000029,-0.021710986547085333,0.4663677130044843,0.9066688257048918,7.668650000000015,6,2,147,11.109350000000054,0.07557380952380989,0.4897959183673469,1.2220136073726429,10.612449999999967,5,2,370,6.267800000000024,0.016940000000000066,1.0615008732853193,40,1.2661499999999934,0.525,46,-3.013700000000017,0.4782608695652174,44,2.0358000000000174,0.4318181818181818,45,-3.478750000000025,0.4222222222222222,48,-1.6510499999999981,0.4791666666666667,43,-7.747350000000005,0.3953488372093023,45,0.9435000000000515,0.4444444444444444,41,17.913200000000007,0.6585365853658537,18,0.0,0.4444444444444444
normal_range_mid_cont_14|r080_120|TP20_SL20|H480,normal_range_mid_cont_14,r080_120,TP20_SL20,20.0,20.0,1.0,480,-0.2989164285107607,521,-4.839550000000132,-0.00928896353167012,0.46641074856046066,0.9520617826552504,10.486950000000112,9,1,330,-16.415399999999988,-0.04974363636363632,0.45454545454545453,0.8574431490792217,28.73055000000002,11,1,851,-21.25495000000012,-0.024976439482961365,0.9016446961239678,106,-4.770600000000013,0.4056603773584906,96,-2.013000000000056,0.4270833333333333,99,-1.1078999999999835,0.5050505050505051,121,-1.3667500000000592,0.4793388429752066,99,4.418699999999978,0.5151515151515151,95,-9.232950000000063,0.37894736842105264,101,-6.377600000000006,0.43564356435643564,80,-9.057349999999952,0.475,54,8.252500000000031,0.5925925925925926
asia_break_10_16|mon|TP20_SL20|H480,asia_break_10_16,mon,TP20_SL20,20.0,20.0,1.0,480,-0.3146700240537217,223,-5.1089999999998765,-0.022910313901344737,0.4484304932735426,0.8803183545823525,7.240649999999969,8,2,147,5.145149999999911,0.035001020408162664,0.46938775510204084,1.1220557430949756,8.797150000000013,7,2,370,0.03615000000003299,9.770270270279186e-05,1.000426084378851,40,0.9939000000000192,0.55,46,-3.637899999999991,0.391304347826087,44,2.988100000000042,0.5,45,-3.134799999999961,0.35555555555555557,48,-2.3182999999999883,0.4583333333333333,43,-7.04865000000002,0.2558139534883721,45,4.86785000000001,0.5333333333333333,41,7.843949999999927,0.6097560975609756,18,-0.5180000000000065,0.5
prevday_liquidity_sweep|all|TP5_SL15|H1440,prevday_liquidity_sweep,all,TP5_SL15,5.0,15.0,0.3333333333333333,1440,-0.31739481943738734,673,-5.368000000000026,-0.007976225854383397,0.6716196136701337,0.9641268711209284,17.55326666666665,5,2,445,-14.083333333333298,-0.03164794007490629,0.698876404494382,0.880118037624493,25.379133333333336,3,2,1118,-19.451333333333327,-0.01739833035181872,0.9271799650937037,131,3.5359333333333,0.5954198473282443,121,-1.0491333333333106,0.6363636363636364,143,-1.2248000000000236,0.7202797202797203,141,-8.994200000000017,0.6737588652482269,137,2.364200000000025,0.7226277372262774,135,1.967600000000051,0.6888888888888889,129,3.88906666666665,0.751937984496124,116,-13.606666666666662,0.6637931034482759,65,-6.333333333333336,0.676923076923077
inside_prevday_asia_break|all|TP15_SL20|H480,inside_prevday_asia_break,all,TP15_SL20,15.0,20.0,0.75,480,-0.3262098800009561,697,-6.632750000000078,-0.009516140602582608,0.47776183644189385,0.9497497050060888,14.995100000000104,9,2,434,4.932949999999893,0.01136624423963109,0.5092165898617511,1.0404196376043267,18.657549999999922,7,2,1131,-1.6998000000001916,-0.0015029177718834585,0.9933088658315009,139,2.7280999999999263,0.4676258992805755,149,-4.877099999999917,0.4161073825503356,125,4.195849999999996,0.584,138,-8.11380000000004,0.41304347826086957,146,-0.5658000000000474,0.5205479452054794,149,-0.8463000000000656,0.44966442953020136,142,13.998749999999902,0.5563380281690141,92,-13.219499999999949,0.4673913043478261,51,5.0,0.6274509803921569
asia_body_cont_600|all|TP20_SL15|H480,asia_body_cont_600,all,TP20_SL15,20.0,15.0,1.3333333333333333,480,-0.3280293946410723,1291,-6.871333333333127,-0.005322489026594212,0.4670797831138652,0.9791311791764525,24.841066666666528,10,3,938,1.735266666666611,0.0018499644633972398,0.4680170575692964,1.0045044670870538,22.94306666666668,11,2,2229,-5.136066666666498,-0.0023042021833407345,0.9928116182298509,258,1.6858000000001079,0.49224806201550386,258,-12.509266666666644,0.4573643410852713,259,-5.328666666666535,0.4671814671814672,258,2.963333333333319,0.43410852713178294,258,6.31746666666663,0.4844961240310077,257,-16.21873333333342,0.4396887159533074,259,13.843400000000061,0.525096525096525,258,13.521733333333358,0.47674418604651164,164,-9.411133333333364,0.40853658536585363
asia_body_fade_600|all|TP30_SL25|H1440,asia_body_fade_600,all,TP30_SL25,30.0,25.0,1.2,1440,-0.3285743366264795,1291,-8.335720000000105,-0.006456793183578702,0.5034856700232379,0.9681609812858503,16.68072000000005,9,2,938,-45.95520000000001,-0.04899275053304905,0.4562899786780384,0.8717738662799909,55.596479999999815,14,1,2229,-54.29092000000013,-0.02435662628981612,0.9124622605708453,258,-5.637639999999985,0.49612403100775193,258,4.208280000000051,0.5,259,-5.687840000000051,0.49034749034749037,258,-3.316920000000019,0.5155038759689923,258,2.098399999999899,0.5155038759689923,257,4.133439999999972,0.49416342412451364,259,-26.030119999999943,0.44787644787644787,258,-11.445320000000049,0.4496124031007752,164,-12.613199999999999,0.42073170731707316
asia_body_fade_840|all|TP15_SL20|H1440,asia_body_fade_840,all,TP15_SL20,15.0,20.0,0.75,1440,-0.331395367063963,1291,-8.594699999999904,-0.006657397366382574,0.5058094500387297,0.9713333604611375,21.76389999999993,11,3,938,-66.35195000000002,-0.0707376865671642,0.4936034115138593,0.8171693970129084,76.65225000000005,8,0,2229,-74.94664999999992,-0.03362344100493491,0.8869122929795124,258,-6.986349999999982,0.49224806201550386,258,1.4049000000000764,0.5077519379844961,259,-8.974550000000011,0.4864864864864865,258,0.14345000000002184,0.5116279069767442,258,5.8178499999999875,0.5310077519379846,257,-7.608750000000032,0.49416342412451364,259,-27.666800000000023,0.4517374517374517,258,-8.826399999999968,0.5348837209302325,164,-22.25,0.49390243902439024
asia_break_09_14|mon|TP10_SL20|H720,asia_break_09_14,mon,TP10_SL20,10.0,20.0,0.5,720,-0.34052063471225685,209,-5.255549999999903,-0.02514617224880336,0.507177033492823,0.8717055517243507,7.4218499999999255,6,2,135,-11.729399999999988,-0.08688444444444435,0.4888888888888889,0.7016771029915208,14.729399999999984,6,1,344,-16.98494999999989,-0.049374854651162474,0.7884353449161753,41,1.3420000000000187,0.4878048780487805,41,-1.8144499999999992,0.4634146341463415,40,1.0253500000000488,0.625,41,-3.4346999999999976,0.43902439024390244,46,-2.3737499999999727,0.5217391304347826,40,-8.137849999999979,0.3,43,-2.9158499999999776,0.46511627906976744,36,-2.675700000000029,0.6111111111111112,16,2.0,0.75
asia_mid_cont_840|all|TP5_SL15|H720,asia_mid_cont_840,all,TP5_SL15,5.0,15.0,0.3333333333333333,720,-0.3415273239783699,1305,-8.996066666666735,-0.006893537675606694,0.621455938697318,0.9645261686574433,16.360333333333372,8,2,949,-25.543733333333435,-0.02691647348085715,0.6817702845100105,0.8920065220669368,31.396800000000212,5,0,2254,-34.53980000000017,-0.015323779946761389,0.9295289634780819,261,-3.4315333333334537,0.5057471264367817,261,-2.8839333333333528,0.5555555555555556,262,1.9434666666666662,0.6984732824427481,261,-5.746266666666548,0.6590038314176245,260,1.1221999999999563,0.6884615384615385,260,-4.248266666666699,0.6307692307692307,262,-1.8778000000001356,0.6870229007633588,261,-15.68433333333327,0.6973180076628352,166,-3.733333333333337,0.7289156626506024
prevday_liquidity_sweep|all|TP5_SL15|H480,prevday_liquidity_sweep,all,TP5_SL15,5.0,15.0,0.3333333333333333,480,-0.3436144672412549,673,-6.3875333333333355,-0.009491134224863798,0.6552748885586924,0.9537942415567779,16.543466666666646,5,2,445,-18.70479999999996,-0.0420332584269662,0.6786516853932584,0.8417771451740881,26.108400000000007,3,1,1118,-25.092333333333293,-0.022443947525342837,0.9021585505370969,131,3.58559999999999,0.6030534351145038,121,-0.8848000000000127,0.6363636363636364,143,-1.4970666666665884,0.6783216783216783,141,-7.811000000000029,0.6524822695035462,137,0.21973333333330358,0.7007299270072993,135,-0.5231999999999237,0.6592592592592592,129,2.5130666666666435,0.7286821705426356,116,-14.36133333333334,0.646551724137931,65,-6.333333333333336,0.676923076923077
impulse60_fade_600|s040|TP15_SL20|H720,impulse60_fade_600,s040,TP15_SL20,15.0,20.0,0.75,720,-0.3448429537600536,728,-4.771049999999924,-0.006553640109890006,0.5247252747252747,0.9695333692637006,26.794849999999947,8,3,517,-7.232299999999871,-0.013988974854932052,0.5531914893617021,0.9587367887747277,23.381099999999947,6,2,1245,-12.003349999999799,-0.009641244979919517,0.9638313377570332,150,6.407699999999998,0.6,145,6.837650000000041,0.5586206896551724,148,-12.601549999999964,0.44594594594594594,132,2.11320000000004,0.5378787878787878,153,-7.528050000000041,0.48366013071895425,140,7.786350000000029,0.5857142857142857,144,0.3821000000000714,0.5486111111111112,136,-9.388400000000003,0.5367647058823529,97,-6.012349999999969,0.5360824742268041
asia_break_10_16|mon|TP20_SL20|H1440,asia_break_10_16,mon,TP20_SL20,20.0,20.0,1.0,1440,-0.34523366375596043,223,-5.411650000000031,-0.024267488789237807,0.47085201793721976,0.8953261212260707,8.127200000000029,6,2,147,9.876550000000066,0.06718741496598685,0.5170068027210885,1.2065005582480643,8.516650000000004,5,2,370,4.464900000000036,0.012067297297297393,1.0448606074855094,40,1.2661499999999934,0.525,46,-3.263700000000017,0.4782608695652174,44,2.2628500000000034,0.45454545454545453,45,-2.828500000000019,0.4222222222222222,48,-2.8484499999999917,0.4791666666666667,43,-7.0905000000000085,0.3953488372093023,45,3.9950500000000715,0.5111111111111111,41,12.972000000000003,0.6585365853658537,18,0.0,0.5
asia_break_09_14|mon|TP10_SL20|H480,asia_break_09_14,mon,TP10_SL20,10.0,20.0,0.5,480,-0.34641506859425447,209,-5.278549999999951,-0.025256220095693546,0.49282296650717705,0.8570993486488399,7.513999999999929,6,2,135,-12.845100000000114,-0.09514888888888974,0.43703703703703706,0.6722758219510959,15.845100000000116,6,1,344,-18.123650000000065,-0.05268502906976763,0.7619489199556824,41,1.370149999999944,0.5365853658536586,41,-2.442099999999971,0.3902439024390244,40,0.5912000000000495,0.6,41,-2.4419499999999967,0.43902439024390244,46,-2.3558499999999754,0.5,40,-7.3892500000000165,0.25,43,-3.1289500000000547,0.4186046511627907,36,-4.3269000000000455,0.5277777777777778,16,2.0,0.75
asia_body_cont_600|all|TP20_SL20|H480,asia_body_cont_600,all,TP20_SL20,20.0,20.0,1.0,480,-0.3469021218404373,1291,-8.40234999999982,-0.006508404337722557,0.47095274980635166,0.9667938751044077,23.094049999999775,10,3,938,1.6462499999999816,0.0017550639658848418,0.502132196162047,1.0053232037521915,26.02940000000001,11,2,2229,-6.756099999999847,-0.003031000448631605,0.9879847852214335,258,1.6076000000001045,0.49224806201550386,258,-10.88164999999999,0.4573643410852713,259,-5.308199999999887,0.4749034749034749,258,3.8123999999999794,0.4418604651162791,258,2.367499999999974,0.4883720930232558,257,-12.2314000000001,0.44357976653696496,259,12.234800000000028,0.5521235521235521,258,8.956200000000038,0.5232558139534884,164,-7.313349999999991,0.4817073170731707
asia_break_09_14|mon|TP10_SL25|H480,asia_break_09_14,mon,TP10_SL25,10.0,25.0,0.4,480,-0.34787213046361354,209,-5.334839999999957,-0.025525550239234245,0.49282296650717705,0.8260163428875578,6.93711999999994,6,2,135,-8.128680000000076,-0.060212444444445005,0.45925925925925926,0.7302256118202249,9.328680000000066,6,1,344,-13.463520000000036,-0.03913813953488383,0.7785396915630871,41,1.0961199999999556,0.5365853658536586,41,-1.9536799999999763,0.3902439024390244,40,0.14704000000004314,0.6,41,-2.353559999999997,0.43902439024390244,46,-2.270759999999982,0.5,40,-6.3014000000000125,0.25,43,-2.6100000000000363,0.4186046511627907,36,-0.01728000000002783,0.6111111111111112,16,0.8000000000000003,0.75
asia_mid_cont_840|all|TP25_SL20|H720,asia_mid_cont_840,all,TP25_SL20,25.0,20.0,1.25,720,-0.34896715081287877,1305,-7.030850000000081,-0.005387624521072859,0.4804597701149425,0.9733055993184065,20.60010000000013,12,2,949,-2.795650000000231,-0.002945890410959148,0.4657534246575342,0.9918186473910618,32.5879000000002,7,2,2254,-9.826500000000307,-0.0043595829636203665,0.9837603462410193,261,-3.3333500000000083,0.46360153256704983,261,-5.851700000000097,0.4521072796934866,262,1.179800000000001,0.4961832061068702,261,-9.15939999999997,0.4674329501915709,260,10.133799999999995,0.5230769230769231,260,-8.899000000000015,0.45,262,4.081849999999906,0.49236641221374045,261,-8.497150000000124,0.4482758620689655,166,10.518650000000003,0.4759036144578313
asia_break_retest|w90|TP15_SL25|H1440,asia_break_retest,w90,TP15_SL25,15.0,25.0,0.6,1440,-0.3506118993853147,872,-5.418279999999822,-0.006213623853210805,0.5022935779816514,0.9675710706284506,21.375999999999895,9,2,568,16.147800000000046,0.028429225352112758,0.573943661971831,1.1063232149883615,12.018799999999974,6,3,1440,10.729520000000228,0.007451055555555714,1.0336394651154748,154,0.5015599999999993,0.4675324675324675,169,-5.344959999999965,0.48520710059171596,174,-2.737679999999975,0.4885057471264368,184,-6.925799999999899,0.4891304347826087,191,9.088600000000016,0.5706806282722513,174,-3.074559999999992,0.4885057471264368,169,6.76400000000006,0.5621301775147929,150,7.458359999999974,0.64,75,5.0,0.6666666666666666
prevclose_cont_840|all|TP15_SL15|H480,prevclose_cont_840,all,TP15_SL15,15.0,15.0,1.0,480,-0.3527869005515345,1304,-8.6439333333338,-0.006628783231084202,0.47392638036809814,0.9736734705480072,17.87666666666699,11,2,949,-24.90640000000023,-0.026244889357218366,0.46680716543730244,0.9344199562069467,40.43106666666689,7,0,2253,-33.550333333334024,-0.014891404053854427,0.9526206699300092,260,-3.33426666666681,0.45,261,-7.20526666666677,0.4444444444444444,262,2.5813333333332737,0.5038167938931297,261,-3.1659333333334563,0.47509578544061304,260,2.480199999999966,0.49615384615384617,260,-1.1643333333334187,0.45,262,-3.6191333333333793,0.48091603053435117,261,-7.988066666666752,0.47509578544061304,166,-12.134866666666674,0.4578313253012048
impulse60_fade_600|s040|TP10_SL20|H480,impulse60_fade_600,s040,TP10_SL20,10.0,20.0,0.5,480,-0.3528026404484405,728,-5.901449999999999,-0.00810638736263736,0.5343406593406593,0.9547594927102102,19.00214999999999,7,2,517,-2.9643999999999195,-0.0057338491295936544,0.6073500967117988,0.9789287676627245,18.00415000000005,6,2,1245,-8.86584999999992,-0.007121164658634474,0.9673004750289391,150,4.439599999999996,0.56,145,2.195400000000017,0.5448275862068965,148,-7.644949999999984,0.5067567567567568,132,-0.12709999999996224,0.5606060606060606,153,-4.764400000000068,0.5032679738562091,140,8.33935,0.6142857142857143,144,1.8310500000001424,0.5902777777777778,136,-11.182950000000051,0.5882352941176471,97,-1.9518500000000127,0.6494845360824743
asia_break_10_16|mon|TP20_SL15|H480,asia_break_10_16,mon,TP20_SL15,20.0,15.0,1.3333333333333333,480,-0.35499854131805975,223,-5.470266666666505,-0.024530343796710784,0.4439461883408072,0.9014980450626005,8.598799999999954,8,2,147,3.762866666666617,0.025597732426303515,0.4421768707482993,1.0694786546673403,11.057666666666668,7,2,370,-1.7073999999998932,-0.004614594594594306,0.9844347689738296,40,1.3252000000000255,0.55,46,-4.993799999999996,0.391304347826087,44,4.080400000000053,0.4772727272727273,45,-4.272199999999945,0.35555555555555557,48,-1.6098666666666448,0.4583333333333333,43,-8.633000000000008,0.2558139534883721,45,4.725866666666707,0.5111111111111111,41,10.454666666666585,0.5853658536585366,18,-2.7846666666666655,0.3888888888888889
asia_body_cont_600|all|TP25_SL20|H480,asia_body_cont_600,all,TP25_SL20,25.0,20.0,1.25,480,-0.356304484753214,1291,-7.867549999999803,-0.006094151820294193,0.4686289697908598,0.9690655840836716,24.74344999999974,10,3,938,0.06975000000003995,7.436034115142852e-05,0.4861407249466951,1.000216991238376,31.85909999999997,11,2,2229,-7.797799999999775,-0.003498340062808333,0.9864567813397523,258,1.3920500000001086,0.49224806201550386,258,-11.101999999999986,0.4573643410852713,259,-6.176449999999852,0.47104247104247104,258,4.157199999999966,0.437984496124031,258,3.8616499999999645,0.4844961240310077,257,-10.953500000000101,0.4396887159533074,259,10.481050000000062,0.5482625482625483,258,5.11155000000001,0.5,164,-4.569349999999941,0.43902439024390244
prevday_liquidity_sweep|all|TP5_SL15|H720,prevday_liquidity_sweep,all,TP5_SL15,5.0,15.0,0.3333333333333333,720,-0.35685129591850206,673,-5.555933333333415,-0.008255473006438951,0.649331352154532,0.9607559768507395,14.322466666666735,5,1,445,-13.89106666666665,-0.031215880149812695,0.6921348314606741,0.8797949951021736,24.87166666666669,3,2,1118,-19.44700000000006,-0.017394454382826528,0.9243706041329188,131,3.549266666666621,0.5725190839694656,121,-0.3211333333333657,0.628099173553719,143,-1.380799999999987,0.6923076923076923,141,-6.715066666666706,0.6595744680851063,137,-0.6881999999999786,0.6861313868613139,135,1.9753333333334144,0.6814814814814815,129,4.073599999999939,0.7364341085271318,116,-13.606666666666662,0.6637931034482759,65,-6.333333333333336,0.676923076923077
asia_break_retest|w90|TP30_SL25|H1440,asia_break_retest,w90,TP30_SL25,30.0,25.0,1.2,1440,-0.36082902283914486,872,-4.719959999999817,-0.005412798165137405,0.4793577981651376,0.9732749574943664,18.376399999999904,9,1,568,33.543039999999955,0.05905464788732386,0.5070422535211268,1.1917896319024859,19.06576000000003,8,3,1440,28.823080000000132,0.02001602777777787,1.0819986319469634,154,-0.17400000000000482,0.4675324675324675,169,-4.67707999999995,0.48520710059171596,174,-1.554040000000005,0.4482758620689655,184,-4.871359999999897,0.46195652173913043,191,6.556520000000036,0.5287958115183246,174,-2.7480400000000205,0.47701149425287354,169,16.723200000000062,0.5207100591715976,150,2.2830799999998828,0.5,75,17.28480000000003,0.56
impulse60_cont_840|s040|TP5_SL15|H720,impulse60_cont_840,s040,TP5_SL15,5.0,15.0,0.3333333333333333,720,-0.36085184012569316,659,-6.534133333333508,-0.009915225088518222,0.622154779969651,0.9505392828973154,17.09506666666678,6,2,481,-11.159066666666673,-0.023199722799722815,0.7089397089397089,0.9084947382807163,25.077599999999975,6,2,1140,-17.693200000000186,-0.015520350877193145,0.930357506947901,117,-5.027400000000127,0.47863247863247865,132,1.05799999999993,0.5757575757575758,123,-1.9029333333333276,0.6747967479674797,145,-7.524533333333316,0.6275862068965518,142,6.862733333333331,0.7323943661971831,134,1.207933333333339,0.6940298507462687,139,8.98373333333329,0.7769784172661871,130,-15.350733333333306,0.6615384615384615,78,-6.000000000000002,0.6923076923076923
asia_mid_cont_840|all|TP25_SL20|H1440,asia_mid_cont_840,all,TP25_SL20,25.0,20.0,1.25,1440,-0.3612795644017497,1305,-5.871349999999969,-0.004499118773946337,0.46590038314176246,0.9812306415566739,23.6664,7,2,949,11.201450000000008,0.011803424657534256,0.47523709167544786,1.0299244092397286,27.65799999999997,9,3,2254,5.330100000000035,0.002364729370008889,1.0077569283314747,261,-5.0883499999999815,0.42911877394636017,261,-11.225450000000038,0.4521072796934866,262,1.154450000000054,0.48091603053435117,261,-0.8160500000000308,0.47509578544061304,260,10.104050000000017,0.49230769230769234,260,-8.051500000000045,0.47307692307692306,262,7.104050000000076,0.48854961832061067,261,1.6988999999999805,0.4674329501915709,166,10.45,0.46987951807228917
asia_break_retest|w90|TP30_SL25|H720,asia_break_retest,w90,TP30_SL25,30.0,25.0,1.2,720,-0.36589741532806075,872,-7.27343999999974,-0.008341100917430894,0.47477064220183485,0.9537147150938573,18.022039999999794,11,2,568,32.330679999999965,0.056920211267605575,0.5088028169014085,1.209934191268428,13.141400000000036,10,3,1440,25.05724000000023,0.017400861111111273,1.080531693708285,154,1.8791999999999736,0.45454545454545453,169,-3.9080799999998463,0.48520710059171596,174,-2.1152399999999862,0.4482758620689655,184,-8.395119999999952,0.42391304347826086,191,5.2658000000000715,0.5549738219895288,174,-5.341080000000028,0.42528735632183906,169,20.711560000000027,0.5680473372781065,150,1.688599999999897,0.5133333333333333,75,15.27160000000007,0.56
inside_prevday_asia_break|all|TP10_SL25|H480,inside_prevday_asia_break,all,TP10_SL25,10.0,25.0,0.4,480,-0.36618386482854126,697,-7.970960000000057,-0.01143609756097569,0.4935437589670014,0.9209818718359376,13.897240000000048,8,2,434,-0.7222000000001443,-0.001664055299539503,0.5691244239631337,0.9920356703160086,13.840280000000012,7,2,1131,-8.693160000000201,-0.00768625994694978,0.9546178004786094,139,2.434239999999927,0.4676258992805755,149,-3.743479999999926,0.4228187919463087,125,2.6226800000000092,0.608,138,-4.810520000000032,0.45652173913043476,146,-4.473880000000035,0.5273972602739726,149,-2.669040000000049,0.4697986577181208,142,9.236999999999936,0.6056338028169014,92,-8.090160000000033,0.5869565217391305,51,0.7999999999999998,0.7254901960784313
asia_break_09_14|all|TP15_SL25|H1440,asia_break_09_14,all,TP15_SL25,15.0,25.0,0.6,1440,-0.3698986950928365,1099,-10.812159999999857,-0.009838180163785128,0.4913557779799818,0.9490113863453652,18.236919999999955,7,3,722,7.864239999999976,0.010892299168975035,0.5554016620498615,1.0392784964186932,17.61468000000002,8,3,1821,-2.9479199999998826,-0.0016188467874793425,0.9928495042738228,224,0.4407599999999552,0.4642857142857143,215,-8.272879999999914,0.46511627906976744,209,2.901000000000071,0.5215311004784688,223,-7.040040000000028,0.47085201793721976,228,1.1590000000000595,0.5350877192982456,219,-5.960999999999997,0.4748858447488584,221,7.34827999999997,0.5475113122171946,189,0.276959999999999,0.6031746031746031,93,6.199999999999999,0.6666666666666666
asia_break_10_16|all|TP15_SL15|H1440,asia_break_10_16,all,TP15_SL15,15.0,15.0,1.0,1440,-0.37142044322158696,1191,-5.704400000000016,-0.004789588581024362,0.47774979009235935,0.9843470768532805,29.533133333333296,8,3,801,15.708866666666562,0.0196115688722429,0.5043695380774033,1.0468134554339112,18.6782666666667,11,3,1992,10.004466666666548,0.005022322623828589,1.0142922299934065,232,1.0175999999999505,0.4698275862068966,239,-7.2564666666666335,0.46443514644351463,231,5.408800000000003,0.48484848484848486,241,-16.85739999999999,0.44813278008298757,248,11.98306666666666,0.5201612903225806,241,-9.922933333333365,0.46887966804979253,240,9.48226666666666,0.5083333333333333,206,8.149533333333268,0.5242718446601942,114,8.0,0.5350877192982456
impulse60_fade_600|s040|TP5_SL15|H480,impulse60_fade_600,s040,TP5_SL15,5.0,15.0,0.3333333333333333,480,-0.37186090403174815,728,-8.884466666666725,-0.01220393772893781,0.6167582417582418,0.9365866912325211,17.99320000000002,6,3,517,-2.386999999999971,-0.004617021276595689,0.7040618955512572,0.9802363250880277,18.08500000000001,4,3,1245,-11.271466666666694,-0.009053386880856782,0.9567946491111281,150,2.131999999999985,0.5666666666666667,145,1.3634000000000306,0.593103448275862,148,-6.430866666666683,0.6351351351351351,132,0.8924666666666754,0.6742424242424242,153,-6.841466666666734,0.6209150326797386,140,7.45566666666662,0.7142857142857143,144,2.0523333333334275,0.6944444444444444,136,-14.895000000000014,0.6544117647058824,97,2.9999999999999987,0.7731958762886598
impulse60_cont_840|s040|TP5_SL15|H480,impulse60_cont_840,s040,TP5_SL15,5.0,15.0,0.3333333333333333,480,-0.37308241788608465,659,-6.956000000000234,-0.010555386949924483,0.6206373292867982,0.9464443547915194,16.760266666666805,6,2,481,-12.073466666666759,-0.025100762300762493,0.6943866943866944,0.9010908828756397,24.70533333333335,6,2,1140,-19.029466666666984,-0.01669251461988332,0.9244712175543905,117,-5.589533333333462,0.48717948717948717,132,0.986133333333236,0.5833333333333334,123,-1.5302000000000175,0.6585365853658537,145,-7.455199999999971,0.6206896551724138,142,6.632799999999979,0.7323943661971831,134,0.12953333333326933,0.664179104477612,139,8.838800000000004,0.7697841726618705,130,-15.04180000000003,0.6461538461538462,78,-6.000000000000002,0.6923076923076923
asia_mid_cont_840|all|TP5_SL15|H480,asia_mid_cont_840,all,TP5_SL15,5.0,15.0,0.3333333333333333,480,-0.3738857125998396,1305,-9.761066666666771,-0.007479744572158446,0.6045977011494252,0.9609372123636218,17.057933333333423,8,2,949,-22.78406666666668,-0.024008500175623476,0.6743940990516333,0.9019407784403477,28.502466666666752,5,0,2254,-32.54513333333345,-0.014438834664300557,0.9325113952868838,261,-3.0195333333333725,0.4942528735632184,261,-1.9902666666667332,0.5287356321839081,262,2.0785999999999416,0.6793893129770993,261,-6.959599999999945,0.6475095785440613,260,0.1297333333333397,0.6730769230769231,260,-4.338333333333371,0.6192307692307693,262,-1.4621333333333397,0.6793893129770993,261,-14.182066666666625,0.6896551724137931,166,-2.801533333333346,0.7289156626506024
prevclose_cont_840|all|TP15_SL20|H1440,prevclose_cont_840,all,TP15_SL20,15.0,20.0,0.75,1440,-0.37648392549388054,1304,-8.542400000000082,-0.006550920245398836,0.4869631901840491,0.9714760677483457,24.94795000000014,8,3,949,-4.158399999999984,-0.004381875658587971,0.5374077976817703,0.987421493987974,32.47550000000001,8,2,2253,-12.700800000000054,-0.005637283621837574,0.9798424812945643,260,-5.079650000000074,0.4115384615384615,261,-11.984900000000064,0.4521072796934866,262,1.9830500000000593,0.5229007633587787,261,1.2089999999999792,0.5134099616858238,260,5.330100000000016,0.5346153846153846,260,2.990399999999954,0.5153846153846153,262,1.7660500000000858,0.5381679389312977,261,-1.3648500000000219,0.5555555555555556,166,-7.55,0.5421686746987951
asia_break_09_14|all|TP15_SL20|H720,asia_break_09_14,all,TP15_SL20,15.0,20.0,0.75,720,-0.37666055342256194,1099,-10.600749999999781,-0.009645814376705898,0.4895359417652411,0.9556335911983281,19.20114999999985,9,3,722,-3.142150000000015,-0.004352008310249328,0.5069252077562327,0.9865390003350094,22.03415000000002,7,2,1821,-13.7428999999998,-0.0075468973091706755,0.9709060370147853,224,0.321400000000016,0.45982142857142855,215,-6.566749999999956,0.46511627906976744,209,4.169450000000095,0.5358851674641149,223,-10.832599999999955,0.452914798206278,228,2.307750000000021,0.5350877192982456,219,-13.17949999999997,0.4246575342465753,221,11.402899999999988,0.5248868778280543,189,-6.365550000000033,0.5343915343915344,93,5.0,0.6021505376344086
asia_break_09_14|mon|TP10_SL25|H720,asia_break_09_14,mon,TP10_SL25,10.0,25.0,0.4,720,-0.37738451505712345,209,-5.681399999999923,-0.027183732057415897,0.507177033492823,0.8341137022187096,7.41443999999994,6,2,135,-7.650479999999988,-0.056670222222222136,0.5111111111111111,0.7525814004631127,10.251239999999955,6,2,344,-13.331879999999911,-0.03875546511627881,0.7954290596465008,41,1.073600000000015,0.4878048780487805,41,-1.4515599999999995,0.4634146341463415,40,0.16720000000003932,0.625,41,-3.147759999999998,0.43902439024390244,46,-2.3228799999999765,0.5217391304347826,40,-7.110279999999984,0.3,43,-2.740959999999977,0.46511627906976744,36,1.4007599999999738,0.6944444444444444,16,0.8000000000000003,0.75
prevclose_cont_840|all|TP20_SL20|H720,prevclose_cont_840,all,TP20_SL20,20.0,20.0,1.0,720,-0.37758918548058157,1304,-6.485300000000165,-0.004973389570552274,0.48773006134969327,0.9752104387320022,18.202500000000214,11,1,949,10.950899999999772,0.011539409905163089,0.5015806111696522,1.0344344480949639,26.441750000000074,9,3,2253,4.465599999999609,0.001982068353306529,1.0077041480184623,260,-1.9135500000001011,0.46153846153846156,261,-6.025550000000067,0.45977011494252873,262,-2.9663000000000146,0.5,261,-2.503549999999973,0.4904214559386973,260,6.923649999999984,0.5269230769230769,260,-2.7772500000000377,0.48846153846153845,262,6.889949999999898,0.5152671755725191,261,1.964549999999896,0.4904214559386973,166,4.873650000000021,0.5180722891566265
asia_break_09_14|all|TP20_SL20|H480,asia_break_09_14,all,TP20_SL20,20.0,20.0,1.0,480,-0.38094923883373943,1099,-9.241950000000024,-0.008409417652411304,0.46678798908098273,0.9565401809174058,16.898349999999926,9,2,722,3.3873999999997437,0.004691689750692166,0.47645429362880887,1.014951840410709,19.404600000000073,8,2,1821,-5.854550000000277,-0.0032150192202088286,0.9866702443096005,224,2.544349999999849,0.45982142857142855,215,-7.104549999999971,0.4186046511627907,209,0.3447500000000434,0.49760765550239233,223,-2.3947999999999983,0.4439461883408072,228,-2.6316999999999426,0.5131578947368421,219,-12.437000000000012,0.4018264840182648,221,11.821099999999785,0.5067873303167421,189,-4.306200000000013,0.4973544973544973,93,8.309499999999979,0.5376344086021505
asia_mid_cont_840|all|TP20_SL20|H720,asia_mid_cont_840,all,TP20_SL20,20.0,20.0,1.0,720,-0.3817610758181877,1305,-5.976350000000066,-0.004579578544061353,0.4850574712643678,0.9771522934489103,19.45035000000011,11,1,949,-7.391150000000189,-0.007788356164383761,0.48472075869336145,0.9774694887101288,29.417700000000035,7,2,2254,-13.367500000000257,-0.0059305678793257575,0.9773287722345083,261,-2.930200000000003,0.46360153256704983,261,-4.3579500000000975,0.4559386973180077,262,-0.8856500000000089,0.5,261,-7.841099999999957,0.47509578544061304,260,10.038549999999997,0.5307692307692308,260,-11.162400000000002,0.45,262,1.2188499999998719,0.4961832061068702,261,-0.3212500000000773,0.4904214559386973,166,2.873650000000021,0.5120481927710844
asia_mid_cont_840|all|TP15_SL20|H480,asia_mid_cont_840,all,TP15_SL20,15.0,20.0,0.75,480,-0.38257761232156784,1305,-4.609650000000211,-0.003532298850574874,0.47739463601532567,0.981339598738525,22.08280000000019,11,1,949,-32.407600000000116,-0.034149209694415296,0.49209694415173866,0.8959562977668111,44.05900000000008,8,0,2254,-37.01725000000033,-0.0164229148181013,0.933721312687653,261,-1.9786000000000068,0.4521072796934866,261,-4.2860000000001035,0.42911877394636017,262,-2.869100000000061,0.48854961832061067,261,-5.61845000000003,0.48659003831417624,260,10.142499999999982,0.5307692307692308,260,-10.696550000000046,0.4346153846153846,262,-4.38335000000002,0.48854961832061067,261,-4.757050000000074,0.5325670498084292,166,-12.57064999999998,0.5240963855421686
impulse60_fade_600|s040|TP10_SL25|H1440,impulse60_fade_600,s040,TP10_SL25,10.0,25.0,0.4,1440,-0.38338701124351465,728,-7.82763999999999,-0.010752252747252734,0.5425824175824175,0.9398501440497008,21.416360000000005,9,3,517,-3.6490399999999275,-0.007058104448742606,0.6518375241779497,0.972140453938422,19.27467999999991,5,1,1245,-11.476679999999917,-0.009218216867469813,0.9560474995894541,150,5.167519999999995,0.5466666666666666,145,1.406320000000033,0.5241379310344828,148,-10.458519999999998,0.5202702702702703,132,1.30355999999998,0.5833333333333334,153,-5.24652,0.5424836601307189,140,9.829800000000006,0.6714285714285714,144,-4.715599999999941,0.6041666666666666,136,-8.363239999999987,0.6397058823529411,97,-0.4000000000000007,0.711340206185567
asia_mid_cont_600|all|TP15_SL20|H720,asia_mid_cont_600,all,TP15_SL20,15.0,20.0,0.75,720,-0.38726808356278847,1305,-8.626500000000041,-0.006610344827586238,0.4804597701149425,0.9690547187832098,25.485450000000004,8,3,949,-2.940800000000092,-0.0030988408851423516,0.523709167544784,0.9905144418654757,28.87600000000012,8,2,2254,-11.567300000000134,-0.00513189884649518,0.9803542979144961,261,-3.9603000000000166,0.4521072796934866,261,-8.655500000000018,0.45977011494252873,262,0.1193500000000558,0.5114503816793893,261,2.8210500000000245,0.46360153256704983,260,1.0488999999999113,0.5153846153846153,260,-17.46745000000011,0.43846153846153846,262,8.109850000000009,0.5381679389312977,261,8.962300000000006,0.5708812260536399,166,-2.5454999999999917,0.5602409638554217
asia_break_retest|w90|TP15_SL20|H480,asia_break_retest,w90,TP15_SL20,15.0,20.0,0.75,480,-0.3880428414590188,872,-6.68529999999981,-0.007666628440366754,0.48394495412844035,0.9608061666105815,20.920749999999902,9,2,568,9.013349999999868,0.01586857394366174,0.5123239436619719,1.0550766402048741,19.70435000000002,7,3,1440,2.328050000000058,0.0016167013888889292,1.006965595395266,154,4.150600000000031,0.512987012987013,169,-3.4407499999999347,0.48520710059171596,174,-1.3636499999999843,0.4885057471264368,184,-10.484049999999922,0.42391304347826086,191,4.452549999999996,0.5130890052356021,174,-8.299500000000021,0.41954022988505746,169,10.941099999999983,0.5443786982248521,150,2.621749999999908,0.54,75,3.75,0.6
prevclose_cont_840|all|TP20_SL15|H720,prevclose_cont_840,all,TP20_SL15,20.0,15.0,1.3333333333333333,720,-0.39001022952553144,1304,-10.05720000000022,-0.007712576687116733,0.47699386503067487,0.9708158289180543,17.711000000000162,11,2,949,0.5997333333330381,0.0006319634703193237,0.46153846153846156,1.0015001006348074,34.68973333333344,9,2,2253,-9.457466666667173,-0.004197721556443486,0.9872952989955398,260,-3.075266666666797,0.46153846153846156,261,-6.0658666666667305,0.45977011494252873,262,1.368199999999978,0.48854961832061067,261,-4.730133333333276,0.47509578544061304,260,2.445866666666611,0.5,260,-1.1818000000000222,0.4846153846153846,262,6.221199999999856,0.48854961832061067,261,0.699666666666559,0.44061302681992337,166,-5.13933333333335,0.41566265060240964
asia_break_retest|w90|TP15_SL15|H1440,asia_break_retest,w90,TP15_SL15,15.0,15.0,1.0,1440,-0.39108780299848256,872,-3.3340666666664984,-0.0038234709480120393,0.481651376146789,0.9874647052409823,29.044999999999852,9,2,568,-10.039000000000035,-0.01767429577464795,0.4859154929577465,0.9591062550307575,24.0,8,1,1440,-13.373066666666531,-0.009286851851851758,0.9738533671239034,154,0.22319999999999718,0.4675324675324675,169,-4.063399999999955,0.48520710059171596,174,-1.5401999999999743,0.4540229885057471,184,-12.58753333333322,0.46195652173913043,191,14.633866666666654,0.5340314136125655,174,-10.640533333333362,0.46551724137931033,169,9.439066666666669,0.5088757396449705,150,-1.8375333333333383,0.5,75,-7.0,0.4533333333333333
impulse60_fade_600|s040|TP40_SL30|H720,impulse60_fade_600,s040,TP40_SL30,40.0,30.0,1.3333333333333333,720,-0.39517238354190437,728,-6.688066666666632,-0.009186904761904714,0.5096153846153846,0.9380717939031081,24.994033333333302,12,3,517,-8.655266666666519,-0.016741328175370444,0.504835589941973,0.9437493514531465,23.038999999999973,6,1,1245,-15.343333333333149,-0.012323962516733454,0.941407856057064,150,4.94233333333334,0.6,145,7.963233333333361,0.5586206896551724,148,-15.135766666666656,0.41216216216216217,132,1.4347666666666932,0.5227272727272727,153,-5.892633333333369,0.45751633986928103,140,6.992966666666704,0.5928571428571429,144,-3.2319666666665574,0.5,136,-4.0130000000000745,0.47794117647058826,97,-8.403266666666592,0.422680412371134
prevday_liquidity_sweep|all|TP40_SL30|H480,prevday_liquidity_sweep,all,TP40_SL30,40.0,30.0,1.3333333333333333,480,-0.395966120334882,673,-7.898666666666508,-0.011736503219415316,0.5289747399702823,0.9182980225818269,15.676966666666551,7,2,445,-23.070766666666767,-0.051844419475655656,0.44719101123595506,0.8205505681339402,29.395166666666817,9,1,1118,-30.969433333333278,-0.027700745378652306,0.8625051833430961,131,1.8163000000000085,0.5725190839694656,121,-1.548266666666632,0.5454545454545454,143,-3.5228666666665354,0.4825174825174825,141,-6.439566666666678,0.5177304964539007,137,1.7957333333333279,0.5328467153284672,135,0.13173333333339432,0.48148148148148145,129,-5.550300000000092,0.4573643410852713,116,-4.226366666666732,0.4396551724137931,65,-13.42583333333334,0.36923076923076925
asia_mid_cont_840|all|TP15_SL20|H720,asia_mid_cont_840,all,TP15_SL20,15.0,20.0,0.75,720,-0.3996814496379505,1305,-7.65720000000006,-0.005867586206896598,0.49272030651341,0.970106665703692,22.78250000000009,11,2,949,-32.339150000000124,-0.03407708113804017,0.5015806111696522,0.8981754378783784,44.27530000000012,7,0,2254,-39.996350000000184,-0.017744609582963703,0.9302892823062408,261,-3.069950000000018,0.46360153256704983,261,-5.955800000000092,0.4559386973180077,262,0.16200000000001147,0.5190839694656488,261,-8.14119999999997,0.48659003831417624,260,9.347750000000007,0.5384615384615384,260,-11.744000000000007,0.4576923076923077,262,-2.958250000000077,0.5038167938931297,261,-4.382550000000061,0.5287356321839081,166,-13.254349999999977,0.5240963855421686
prevday_liquidity_sweep|all|TP30_SL25|H480,prevday_liquidity_sweep,all,TP30_SL25,30.0,25.0,1.2,480,-0.40537625673397437,673,-7.71327999999983,-0.011461040118870475,0.5289747399702823,0.9328061863803193,16.974159999999866,7,2,445,-24.797640000000182,-0.05572503370786558,0.44719101123595506,0.8261594376227329,32.84600000000024,16,1,1118,-32.51092000000001,-0.02907953488372094,0.8737132988446901,131,2.1795600000000106,0.5725190839694656,121,-2.667599999999948,0.5454545454545454,143,-2.783799999999854,0.4825174825174825,141,-7.297440000000023,0.5177304964539007,137,2.855999999999985,0.5328467153284672,135,0.20704000000005118,0.48148148148148145,129,-4.634640000000138,0.4573643410852713,116,-4.852440000000096,0.4482758620689655,65,-15.517600000000002,0.35384615384615387
asia_mid_cont_600|all|TP30_SL25|H720,asia_mid_cont_600,all,TP30_SL25,30.0,25.0,1.2,720,-0.4102971105919677,1305,-7.590840000000032,-0.005816735632183933,0.4666666666666667,0.9676980308617755,23.58056000000005,8,2,949,9.536839999999847,0.01004935721812418,0.47523709167544786,1.0316767817948944,24.174200000000152,8,3,2254,1.9459999999998212,0.0008633540372670014,1.0036301676256947,261,-3.0490000000000244,0.4521072796934866,261,-8.751880000000003,0.4559386973180077,262,0.9600000000000541,0.4847328244274809,261,3.5458000000000074,0.4482758620689655,260,-0.2957600000000635,0.49230769230769234,260,-10.701400000000106,0.41923076923076924,262,10.839559999999967,0.5229007633587787,261,3.2500399999999736,0.4827586206896552,166,6.148640000000007,0.4759036144578313
prevclose_cont_840|all|TP20_SL15|H1440,prevclose_cont_840,all,TP20_SL15,20.0,15.0,1.3333333333333333,1440,-0.4108078056285064,1304,-7.944066666666769,-0.006092075664621756,0.4624233128834356,0.9801938710551376,23.123733333333465,10,2,949,18.673533333333395,0.01967706357569378,0.46153846153846156,1.043776442774675,31.272000000000027,8,3,2253,10.729466666666633,0.004762302115697573,1.0129636612004471,260,-6.9384000000000485,0.4076923076923077,261,-11.461533333333414,0.4521072796934866,262,8.043666666666704,0.48091603053435117,261,4.062133333333345,0.48659003831417624,260,-1.6499333333333528,0.4846153846153846,260,3.2433333333332746,0.47307692307692306,262,9.896266666666838,0.48854961832061067,261,9.600599999999964,0.4521072796934866,166,-4.0666666666666735,0.41566265060240964
asia_mid_cont_600|all|TP20_SL15|H480,asia_mid_cont_600,all,TP20_SL15,20.0,15.0,1.3333333333333333,480,-0.41707012044963404,1305,-4.67506666666652,-0.003582426564495418,0.4582375478927203,0.9858263222210593,29.654733333333155,9,2,949,3.2178666666664597,0.0033907973305231398,0.4594309799789252,1.0083959095423718,23.586666666666783,11,2,2254,-1.4572000000000571,-0.0006464951197870706,0.997956549232598,261,-5.133133333333355,0.4559386973180077,261,-14.753666666666563,0.4061302681992337,262,3.5220666666668237,0.49236641221374045,261,13.485999999999919,0.46360153256704983,260,-1.7963333333333442,0.47307692307692306,260,-11.72460000000013,0.43846153846153846,262,12.730800000000052,0.5038167938931297,261,11.75766666666658,0.47126436781609193,166,-9.546000000000042,0.4036144578313253
asia_break_09_14|all|TP15_SL15|H480,asia_break_09_14,all,TP15_SL15,15.0,15.0,1.0,480,-0.4194477456835383,1099,-11.423066666666694,-0.010394055201698539,0.46678798908098273,0.9584116697612891,20.43699999999991,9,3,722,-14.402533333333425,-0.01994810710988009,0.46814404432132967,0.9476816387103272,21.709733333333283,7,1,1821,-25.825600000000122,-0.014182097748489908,0.9530406410399077,224,2.578933333333133,0.45982142857142855,215,-7.894333333333299,0.4186046511627907,209,1.5391333333333792,0.49282296650717705,223,-8.153266666666632,0.4439461883408072,228,0.5064666666667264,0.5175438596491229,219,-12.261600000000044,0.410958904109589,221,8.849666666666552,0.5067873303167421,189,-5.990599999999935,0.48677248677248675,93,-5.0,0.4731182795698925
asia_break_09_14|all|TP40_SL30|H720,asia_break_09_14,all,TP40_SL30,40.0,30.0,1.3333333333333333,720,-0.42310425328248014,1099,-10.458966666666477,-0.0095168031543826,0.4740673339399454,0.9382969777870783,17.01803333333319,8,2,722,13.057799999999936,0.018085595567866947,0.47229916897506924,1.0686696888991412,27.542533333333342,10,2,1821,2.5988333333334612,0.0014271462566356184,1.0072258319716263,224,0.890466666666673,0.45982142857142855,215,-7.989833333333277,0.4604651162790698,209,4.71403333333344,0.507177033492823,223,-3.6746666666666385,0.4484304932735426,228,-4.398966666666677,0.4956140350877193,219,-5.4610333333333525,0.410958904109589,221,13.735466666666682,0.497737556561086,189,-4.559833333333412,0.4973544973544973,93,9.34320000000002,0.5053763440860215
asia_break_09_14|all|TP40_SL30|H1440,asia_break_09_14,all,TP40_SL30,40.0,30.0,1.3333333333333333,1440,-0.423206998407717,1099,-8.819133333333124,-0.008024689111313125,0.4695177434030937,0.9525966287981754,15.179899999999835,8,1,722,23.551799999999993,0.03262022160664819,0.48476454293628807,1.114350349490431,26.74549999999998,12,2,1821,14.732666666666862,0.00809042650558312,1.0375827389124634,224,-0.1427333333333607,0.4642857142857143,215,-8.140699999999907,0.46511627906976744,209,7.298366666666751,0.47368421052631576,223,-4.203433333333326,0.45739910313901344,228,-3.6306333333332756,0.4868421052631579,219,-1.9243333333333565,0.4611872146118721,221,14.112566666666655,0.5067873303167421,189,-2.3257666666666275,0.48677248677248675,93,13.689333333333325,0.4838709677419355
normal_range_mid_cont_14|r080_120|TP25_SL20|H720,normal_range_mid_cont_14,r080_120,TP25_SL20,25.0,20.0,1.25,720,-0.42356650043793026,521,-7.94050000000003,-0.015240882917466468,0.472168905950096,0.9232631035220884,14.68930000000006,9,2,330,-12.227800000000151,-0.037053939393939854,0.44242424242424244,0.8964870807787286,28.87750000000019,7,1,851,-20.16830000000018,-0.023699529964747567,0.9089899514993323,106,-5.363550000000009,0.4056603773584906,96,-4.049500000000034,0.4375,99,0.212450000000035,0.5252525252525253,121,-4.989500000000021,0.47107438016528924,99,6.249599999999999,0.5252525252525253,95,-5.85125000000005,0.4105263157894737,101,-7.536550000000068,0.42574257425742573,80,-10.56815000000006,0.425,54,11.728150000000028,0.5555555555555556
asia_body_cont_600|all|TP40_SL30|H720,asia_body_cont_600,all,TP40_SL30,40.0,30.0,1.3333333333333333,720,-0.4263129120660143,1291,-10.848399999999923,-0.00840309837335393,0.46553059643687067,0.9457325847605299,18.235466666666657,10,2,938,10.996733333333099,0.01172359630419307,0.4925373134328358,1.0411254774465697,17.387633333333365,10,2,2229,0.14833333333317889,6.654703155369173e-05,1.0003174256706773,258,1.715966666666699,0.47674418604651164,258,-6.966433333333368,0.4573643410852713,259,-1.5103999999999074,0.47876447876447875,258,0.3997000000000075,0.43023255813953487,258,-4.487233333333355,0.4844961240310077,257,-5.822066666666721,0.45136186770428016,259,13.540399999999899,0.525096525096525,258,-3.841300000000065,0.5,164,7.119699999999991,0.49390243902439024
asia_break_10_16|all|TP20_SL15|H720,asia_break_10_16,all,TP20_SL15,20.0,15.0,1.3333333333333333,720,-0.42773774179187546,1191,-9.24639999999982,-0.0077635600335850714,0.4651553316540722,0.9731522629984934,26.296066666666764,8,3,801,39.794666666666764,0.04968123179359146,0.46192259675405745,1.1208543869846885,23.897000000000077,10,3,1992,30.54826666666693,0.015335475234270547,1.0453454161025593,232,1.895133333333387,0.4698275862068966,239,-6.327066666666648,0.4560669456066946,231,3.156400000000041,0.47619047619047616,241,-15.744866666666688,0.4149377593360996,248,7.774000000000082,0.5080645161290323,241,-12.794866666666703,0.4190871369294606,240,19.298066666666863,0.4875,206,16.624799999999947,0.46601941747572817,114,16.66666666666666,0.49122807017543857
asia_body_fade_840|all|TP10_SL25|H1440,asia_body_fade_840,all,TP10_SL25,10.0,25.0,0.4,1440,-0.43078898695137763,1291,-9.081479999999996,-0.007034453911696356,0.5491866769945778,0.9596448902493238,16.66443999999988,7,1,938,-53.60903999999996,-0.05715249466950955,0.5895522388059702,0.7941634601000936,57.541760000000444,6,0,2229,-62.69051999999996,-0.028124952893674275,0.8708700276515875,258,-3.746040000000021,0.49612403100775193,258,-1.1928799999999213,0.5193798449612403,259,-5.03256000000005,0.5675675675675675,258,-0.9813600000000071,0.5697674418604651,258,1.8713599999999952,0.5930232558139535,257,-8.494520000000037,0.5330739299610895,259,-15.285799999999927,0.5675675675675675,258,-7.22871999999999,0.6511627906976745,164,-22.6,0.6158536585365854
impulse60_fade_600|s040|TP15_SL25|H1440,impulse60_fade_600,s040,TP15_SL25,15.0,25.0,0.6,1440,-0.4325659884349774,728,-8.278639999999925,-0.011371758241758139,0.5027472527472527,0.9406651185459137,23.591480000000004,9,3,517,-8.918959999999887,-0.0172513733075433,0.5725338491295938,0.9439132067602787,19.638839999999924,7,1,1245,-17.197599999999813,-0.013813333333333183,0.9423952220485059,150,4.532839999999996,0.5333333333333333,145,5.205200000000058,0.5241379310344828,148,-14.903239999999997,0.4391891891891892,132,2.2978400000000043,0.5378787878787878,153,-5.411279999999988,0.48366013071895425,140,6.19256000000002,0.6,144,-4.595839999999935,0.5277777777777778,136,-7.915679999999976,0.5661764705882353,97,-2.6,0.6082474226804123
prevclose_cont_840|all|TP25_SL20|H720,prevclose_cont_840,all,TP25_SL20,25.0,20.0,1.25,720,-0.4360389636307449,1304,-8.115550000000189,-0.006223581288343703,0.4831288343558282,0.9691920395955104,19.009200000000185,11,1,949,17.9496999999998,0.01891433087460464,0.48366701791359323,1.0542810222360852,27.79150000000008,9,2,2253,9.834149999999617,0.00436491344873485,1.0165528890317734,260,-2.118900000000111,0.46153846153846156,261,-7.769300000000067,0.4559386973180077,262,-0.7416500000000048,0.4961832061068702,261,-3.421449999999992,0.4827586206896552,260,5.935749999999981,0.5192307692307693,260,-1.1850500000000608,0.48846153846153845,262,9.465949999999967,0.5114503816793893,261,-5.349850000000103,0.4482758620689655,166,15.018650000000003,0.4879518072289157
trend_pullback_600|f025|TP40_SL30|H480,trend_pullback_600,f025,TP40_SL30,40.0,30.0,1.3333333333333333,480,-0.4363202917584823,813,-8.924266666666647,-0.010976957769577671,0.45879458794587946,0.9214820250181319,12.508600000000026,8,1,590,4.067933333333209,0.006894802259886795,0.4847457627118644,1.0270299602473216,15.330966666666823,7,3,1403,-4.856333333333433,-0.003461392254692397,0.981615668412225,152,-4.968466666666663,0.4144736842105263,152,-5.8933666666666795,0.4342105263157895,168,6.27623333333341,0.5178571428571429,184,-1.4177666666666935,0.45108695652173914,157,-2.9209000000000205,0.4713375796178344,166,-6.199433333333376,0.43373493975903615,169,0.9980333333333404,0.5029585798816568,154,2.2106666666665777,0.5064935064935064,101,7.058666666666668,0.504950495049505
prevday_liquidity_sweep|all|TP40_SL30|H720,prevday_liquidity_sweep,all,TP40_SL30,40.0,30.0,1.3333333333333333,720,-0.43694934638730887,673,-9.402333333333257,-0.01397077761267943,0.5022288261515602,0.9102973445698846,14.438366666666617,6,2,445,-27.738766666666784,-0.06233430711610513,0.44269662921348313,0.8000431072597038,34.570233333333455,9,1,1118,-37.14110000000004,-0.033221019677996455,0.8474951178531362,131,0.8886666666666772,0.5190839694656488,121,-0.6160333333333258,0.5289256198347108,143,-3.3478333333332784,0.4755244755244755,141,-6.599200000000028,0.5106382978723404,137,0.2720666666666978,0.48175182481751827,135,0.8290000000000496,0.4740740740740741,129,-8.24633333333336,0.43410852713178294,116,-5.4443000000001,0.46551724137931033,65,-14.877133333333376,0.35384615384615387
impulse60_fade_600|s040|TP5_SL15|H720,impulse60_fade_600,s040,TP5_SL15,5.0,15.0,0.3333333333333333,720,-0.43786211415493786,728,-9.198333333333293,-0.012635073260073204,0.6401098901098901,0.9390640036638888,21.650799999999933,7,3,517,1.2427333333333568,0.0024037395228885044,0.7311411992263056,1.010155356636012,17.69979999999997,4,3,1245,-7.955599999999935,-0.006390040160642518,0.9708930388570887,150,3.266666666666665,0.62,145,2.0054666666667043,0.6206896551724138,148,-5.516866666666665,0.6486486486486487,132,1.7905333333333422,0.6893939393939394,153,-10.744133333333338,0.6274509803921569,140,9.83846666666668,0.7642857142857142,144,2.293400000000016,0.7291666666666666,136,-13.889133333333337,0.6691176470588235,97,2.9999999999999987,0.7731958762886598
normal_range_mid_cont_14|r080_120|TP15_SL25|H480,normal_range_mid_cont_14,r080_120,TP15_SL25,15.0,25.0,0.6,480,-0.44056004566239687,521,-7.632240000000093,-0.014649213051823595,0.472168905950096,0.9061292983976056,11.160760000000089,9,1,330,-24.985399999999967,-0.07571333333333323,0.4696969696969697,0.7445620236620625,33.39231999999997,11,0,851,-32.617640000000065,-0.03832860164512346,0.8179004626176527,106,-4.342120000000005,0.4056603773584906,96,-1.4568000000000303,0.4270833333333333,99,-0.782119999999996,0.5151515151515151,121,-3.4106000000000405,0.4793388429752066,99,2.3593999999999786,0.5353535353535354,95,-7.1615600000000645,0.3894736842105263,101,-6.508079999999983,0.43564356435643564,80,-10.472559999999955,0.5125,54,-0.8431999999999596,0.6111111111111112
asia_body_fade_600|all|TP40_SL30|H1440,asia_body_fade_600,all,TP40_SL30,40.0,30.0,1.3333333333333333,1440,-0.44062728900261794,1291,-10.94020000000005,-0.008474206041828079,0.5027110766847405,0.9509378663803315,19.08883333333333,9,2,938,-37.904466666666615,-0.040409879175550764,0.453091684434968,0.8832293937259575,52.34483333333325,12,1,2229,-48.84466666666666,-0.02191326454314341,0.9108011268225676,258,-4.537399999999987,0.49612403100775193,258,4.597233333333375,0.5,259,-10.633033333333364,0.4864864864864865,258,-0.45396666666667196,0.5155038759689923,258,0.08696666666659647,0.5155038759689923,257,5.6108666666666895,0.49416342412451364,259,-21.721566666666593,0.44787644787644787,258,-17.741766666666724,0.437984496124031,164,-4.051999999999991,0.42073170731707316
impulse60_fade_600|s040|TP20_SL20|H720,impulse60_fade_600,s040,TP20_SL20,20.0,20.0,1.0,720,-0.4424998978041112,728,-6.3190999999999455,-0.008680082417582342,0.5123626373626373,0.9605114002077199,29.36004999999993,12,3,517,-11.75824999999982,-0.02274323017408089,0.5087040618955513,0.9387511554235832,34.595099999999896,9,1,1245,-18.077349999999768,-0.014519959839357244,0.9486436659025067,150,6.878200000000003,0.6,145,7.975900000000025,0.5517241379310345,148,-15.312099999999953,0.42567567567567566,132,1.6977000000000197,0.5303030303030303,153,-7.558800000000041,0.45751633986928103,140,11.437850000000036,0.5857142857142857,144,-0.8000999999998948,0.5069444444444444,136,-11.133649999999987,0.47794117647058826,97,-11.26234999999997,0.44329896907216493
asia_mid_cont_840|all|TP20_SL15|H720,asia_mid_cont_840,all,TP20_SL15,20.0,15.0,1.3333333333333333,720,-0.44273832542149805,1305,-9.564800000000128,-0.007329348659003929,0.47509578544061304,0.9722640490676095,22.16133333333327,11,2,949,-32.00593333333358,-0.03372595714787521,0.440463645943098,0.9228906346996236,46.86826666666675,9,1,2254,-41.57073333333371,-0.018443093759242996,0.9452961962862947,261,-3.9300666666666677,0.46360153256704983,261,-3.8740000000001134,0.4559386973180077,262,3.2855999999999703,0.49236641221374045,261,-11.914999999999933,0.45977011494252873,260,6.868666666666618,0.5038461538461538,260,-11.889399999999979,0.45,262,1.3424666666664908,0.4732824427480916,261,-2.319666666666741,0.4367816091954023,166,-19.139333333333354,0.3795180722891566
asia_break_09_14|all|TP25_SL20|H480,asia_break_09_14,all,TP25_SL20,25.0,20.0,1.25,480,-0.44828490290448963,1099,-8.77369999999999,-0.007983348498635114,0.46314831665150136,0.9591571581459676,17.030599999999882,9,1,722,-0.5510500000002452,-0.000763227146814744,0.46121883656509693,0.9976551867053054,24.44559999999999,8,2,1821,-9.32475000000024,-0.005120675453047907,0.9792702326008947,224,2.71784999999985,0.45982142857142855,215,-6.999949999999979,0.4186046511627907,209,-0.18584999999993623,0.48325358851674644,223,-1.5518499999999769,0.4439461883408072,228,-2.753899999999941,0.5087719298245614,219,-10.178250000000027,0.4018264840182648,221,11.525049999999794,0.502262443438914,189,-7.435350000000014,0.48148148148148145,93,5.5375,0.46236559139784944
impulse60_fade_600|s040|TP5_SL15|H1440,impulse60_fade_600,s040,TP5_SL15,5.0,15.0,0.3333333333333333,1440,-0.4531361939263991,728,-8.615000000000004,-0.011833791208791213,0.6620879120879121,0.9459597461268537,24.20233333333336,5,3,517,1.760466666666698,0.0034051579626048316,0.7350096711798839,1.0142006482168127,18.018466666666612,4,3,1245,-6.854533333333307,-0.005505649263721531,0.975812287277138,150,3.2458666666666858,0.6066666666666667,145,2.905333333333372,0.6413793103448275,148,-7.926666666666659,0.6756756756756757,132,1.435733333333289,0.7272727272727273,153,-8.275266666666694,0.6666666666666666,140,10.519466666666673,0.7642857142857142,144,2.44880000000001,0.7430555555555556,136,-14.207799999999988,0.6691176470588235,97,2.9999999999999987,0.7731958762886598
normal_range_mid_cont_14|r080_120|TP20_SL20|H720,normal_range_mid_cont_14,r080_120,TP20_SL20,20.0,20.0,1.0,720,-0.45424138617661636,521,-7.332550000000038,-0.014073992322456886,0.4760076775431862,0.9287785594086692,13.25015000000008,9,1,330,-11.306600000000104,-0.03426242424242456,0.46060606060606063,0.9007494310687999,24.44375000000014,7,1,851,-18.63915000000014,-0.021902643948296285,0.9140553962208465,106,-5.20005000000001,0.4056603773584906,96,-2.697450000000037,0.4479166666666667,99,-1.5208499999999734,0.5252525252525253,121,-3.3326000000000255,0.4793388429752066,99,5.418400000000008,0.5252525252525253,95,-7.363800000000059,0.4105263157894737,101,-4.760800000000073,0.43564356435643564,80,-7.910149999999998,0.4625,54,8.728150000000028,0.5925925925925926
asia_body_fade_600|all|TP15_SL25|H1440,asia_body_fade_600,all,TP15_SL25,15.0,25.0,0.6,1440,-0.4595422783134813,1291,-11.781320000000036,-0.009125731990704909,0.5205267234701781,0.9533966477193972,13.488639999999966,9,1,938,-51.28419999999997,-0.054673987206822997,0.535181236673774,0.8324322402719656,58.01807999999957,7,0,2229,-63.06552,-0.028293189771197845,0.8871513297405768,258,-5.030239999999987,0.49612403100775193,258,1.56744000000006,0.5,259,-4.264800000000044,0.5366795366795367,258,-0.37699999999999845,0.5387596899224806,258,-3.6767200000000697,0.5310077519379846,257,-0.17204000000003283,0.5136186770428015,259,-24.235919999999897,0.4980694980694981,258,-16.476240000000033,0.562015503875969,164,-10.399999999999999,0.5853658536585366
impulse60_fade_600|s040|TP10_SL20|H720,impulse60_fade_600,s040,TP10_SL20,10.0,20.0,0.5,720,-0.461356481182337,728,-8.14504999999986,-0.0111882554945053,0.5467032967032966,0.9456845307559049,25.907849999999875,8,3,517,0.5117000000000882,0.000989748549323188,0.6344294003868471,1.0034713706894074,16.581349999999954,5,1,1245,-7.633349999999768,-0.006131204819276923,0.9743299414740767,150,6.844899999999985,0.6066666666666667,145,2.39980000000005,0.5586206896551724,148,-8.70169999999995,0.5,132,0.5368000000000621,0.553030303030303,153,-9.224850000000004,0.5163398692810458,140,11.432650000000011,0.6571428571428571,144,-0.5015999999999625,0.6111111111111112,136,-8.501349999999979,0.625,97,-1.9179999999999833,0.6494845360824743
asia_break_retest|w90|TP15_SL20|H720,asia_break_retest,w90,TP15_SL20,15.0,20.0,0.75,720,-0.46237724611739195,872,-7.438399999999681,-0.008530275229357433,0.4873853211009174,0.9605838135785664,24.173199999999763,11,2,568,12.335649999999994,0.02171769366197182,0.5316901408450704,1.0716949067332413,18.701999999999977,7,3,1440,4.897250000000319,0.0034008680555557775,1.0135743665180141,154,2.476099999999974,0.45454545454545453,169,-4.596899999999846,0.48520710059171596,174,-1.3445999999999803,0.47126436781609193,184,-14.214549999999894,0.44021739130434784,191,10.241550000000064,0.5759162303664922,174,-9.17855000000003,0.4367816091954023,169,13.287650000000006,0.5739644970414202,150,4.476550000000021,0.56,75,3.75,0.6
impulse60_fade_600|s040|TP15_SL15|H1440,impulse60_fade_600,s040,TP15_SL15,15.0,15.0,1.0,1440,-0.46511782712675753,728,-5.47446666666654,-0.007519871794871621,0.4945054945054945,0.9751170333038501,33.14960000000001,9,3,517,5.59766666666671,0.01082720825274025,0.5145067698259188,1.025491477136454,25.880466666666692,10,3,1245,0.12320000000016407,9.895582329330447e-05,1.0002802558396116,150,5.872400000000016,0.5333333333333333,145,11.34440000000012,0.5241379310344828,148,-19.16406666666667,0.42567567567567566,132,2.3445333333333256,0.5227272727272727,153,-5.871733333333333,0.47058823529411764,140,14.70680000000002,0.5857142857142857,144,3.908000000000053,0.5138888888888888,136,-16.01713333333337,0.4411764705882353,97,3.0,0.5154639175257731
asia_mid_cont_600|all|TP20_SL15|H720,asia_mid_cont_600,all,TP20_SL15,20.0,15.0,1.3333333333333333,720,-0.4739329265006911,1305,-7.853800000000019,-0.006018237547892735,0.4574712643678161,0.9790780169553895,27.489400000000057,8,2,949,4.456133333333224,0.004695609413417517,0.44362486828240255,1.0109296050825394,29.066200000000148,11,2,2254,-3.397666666666792,-0.0015073942620527027,0.9956612456570956,261,-4.125466666666719,0.4521072796934866,261,-7.565266666666639,0.4559386973180077,262,-2.922799999999949,0.46564885496183206,261,4.758066666666685,0.4444444444444444,260,2.0016666666666088,0.46923076923076923,260,-15.071733333333444,0.4230769230769231,262,15.912866666666691,0.48091603053435117,261,13.392333333333305,0.4521072796934866,166,-9.777333333333331,0.4036144578313253
prevday_liquidity_sweep|all|TP25_SL20|H480,prevday_liquidity_sweep,all,TP25_SL20,25.0,20.0,1.25,480,-0.47395231070331856,673,-8.476899999999842,-0.012595690936106749,0.5274888558692422,0.9394858557137901,19.67259999999988,7,2,445,-28.769750000000137,-0.06465112359550593,0.4404494382022472,0.8289862756875747,37.7294000000002,9,0,1118,-37.24664999999998,-0.03331542933810374,0.8791916758335189,131,2.7244500000000125,0.5725190839694656,121,-3.138949999999943,0.5454545454545454,143,-0.08594999999983255,0.4825174825174825,141,-8.386050000000045,0.5177304964539007,137,0.4095999999999669,0.5255474452554745,135,-3.934649999999931,0.4666666666666667,129,-9.244650000000103,0.4496124031007752,116,-4.769450000000094,0.4396551724137931,65,-10.821000000000003,0.36923076923076925
asia_body_cont_840|all|TP40_SL30|H480,asia_body_cont_840,all,TP40_SL30,40.0,30.0,1.3333333333333333,480,-0.47417602503370715,1291,-10.689366666666725,-0.008279912212755015,0.4856700232378002,0.938603825321267,16.29303333333341,10,1,938,17.046066666666693,0.01817277896233123,0.5074626865671642,1.0691458082765608,25.85820000000005,10,3,2229,6.356699999999971,0.002851816958277241,1.015112393777942,258,2.21386666666668,0.5310077519379846,258,-4.9112333333334,0.4883720930232558,259,-2.5757666666666053,0.4942084942084942,258,-3.6402333333333905,0.46124031007751937,258,-1.7760000000000062,0.45348837209302323,257,1.0597666666666257,0.5058365758754864,259,13.764300000000055,0.5444015444015444,258,-13.875933333333418,0.46511627906976744,164,16.097933333333437,0.5182926829268293
prevclose_cont_840|all|TP10_SL20|H480,prevclose_cont_840,all,TP10_SL20,10.0,20.0,0.5,480,-0.4764413262015563,1304,-9.510800000000325,-0.007293558282208838,0.5076687116564417,0.9593683527880308,18.99585000000033,10,1,949,-15.736500000000127,-0.016582191780822052,0.5679662802950474,0.9391982820273959,22.37675000000006,7,0,2253,-25.247300000000457,-0.011206080781180851,0.9487770506384372,260,-3.3571500000000913,0.45,261,-9.031000000000086,0.4482758620689655,262,-0.3621000000000547,0.5534351145038168,261,-4.019550000000095,0.5172413793103449,260,7.259000000000004,0.5692307692307692,260,-9.65875000000011,0.4807692307692308,262,-0.45944999999999414,0.5534351145038168,261,-4.547650000000042,0.6130268199233716,166,-1.0706499999999777,0.6566265060240963
asia_break_09_14|all|TP15_SL20|H1440,asia_break_09_14,all,TP15_SL20,15.0,20.0,0.75,1440,-0.48108394860841003,1099,-12.694949999999867,-0.011551364877160934,0.48680618744313015,0.9516702477904143,21.898449999999897,7,3,722,-1.9159500000000929,-0.002653670360110932,0.5263157894736842,0.9922927387538325,21.880550000000014,8,2,1821,-14.610899999999962,-0.008023558484349238,0.9714219966852733,224,0.4734999999999445,0.4642857142857143,215,-8.277249999999901,0.46511627906976744,209,4.553000000000055,0.5119617224880383,223,-12.68320000000002,0.4618834080717489,228,3.239000000000055,0.5307017543859649,219,-8.344449999999995,0.4703196347031963,221,6.216249999999935,0.5294117647058824,189,-4.787750000000029,0.5502645502645502,93,5.0,0.6021505376344086
asia_mid_cont_840|all|TP20_SL15|H480,asia_mid_cont_840,all,TP20_SL15,20.0,15.0,1.3333333333333333,480,-0.4813184857806628,1305,-8.017733333333624,-0.0061438569604089065,0.45977011494252873,0.9760650911067312,22.305733333333563,11,1,949,-36.544533333333376,-0.03850846505093085,0.4320337197049526,0.9108196030020506,48.94013333333331,9,0,2254,-44.562266666667,-0.019770304643596717,0.9401658317551275,261,-2.6018666666666825,0.4521072796934866,261,-2.4938666666667992,0.42911877394636017,262,-1.2693333333333796,0.46564885496183206,261,-9.319533333333371,0.46360153256704983,260,7.666866666666615,0.48846153846153845,260,-11.519933333333352,0.4269230769230769,262,-1.382466666666675,0.4580152671755725,261,-5.699933333333359,0.4444444444444444,166,-17.9422,0.3795180722891566
inside_prevday_asia_break|all|TP25_SL20|H480,inside_prevday_asia_break,all,TP25_SL20,25.0,20.0,1.25,480,-0.4840930684280067,697,-9.478550000000062,-0.013599067431850879,0.46628407460545196,0.9302505697442788,18.074500000000068,9,2,434,9.172299999999815,0.021134331797234597,0.4700460829493088,1.0693437320328898,19.811749999999982,8,3,1131,-0.3062500000002508,-0.00027077807250243223,0.9988579888110859,139,2.4920999999999136,0.4676258992805755,149,-5.0123999999999125,0.4161073825503356,125,4.187499999999999,0.568,138,-9.29970000000002,0.391304347826087,146,-1.8460500000000475,0.5,149,2.0256999999999383,0.4429530201342282,142,10.205799999999888,0.5140845070422535,92,-12.809200000000011,0.41304347826086957,51,9.75,0.5294117647058824
prevclose_cont_840|all|TP15_SL20|H720,prevclose_cont_840,all,TP15_SL20,15.0,20.0,0.75,720,-0.4868627781344006,1304,-9.037300000000178,-0.0069304447852762095,0.4946319018404908,0.9647442443095553,20.636450000000142,11,1,949,-9.623500000000176,-0.010140674394099236,0.5205479452054794,0.9684384916265331,27.95555000000002,9,1,2253,-18.660800000000343,-0.008282645361740055,0.9667512400935053,260,-2.4323500000001115,0.46153846153846156,261,-7.6676000000000615,0.45977011494252873,262,-2.315500000000008,0.5152671755725191,261,-2.6835999999999793,0.5019157088122606,260,6.061749999999984,0.5346153846153846,260,-1.901750000000062,0.49230769230769234,262,0.6523499999999318,0.5190839694656488,261,-2.1197500000000655,0.5325670498084292,166,-6.2543499999999765,0.5481927710843374
asia_break_09_14|all|TP15_SL15|H1440,asia_break_09_14,all,TP15_SL15,15.0,15.0,1.0,1440,-0.48713959973046805,1099,-10.439799999999865,-0.009499363057324718,0.47224749772520475,0.9689619475304162,27.067799999999988,7,3,722,-14.466333333333436,-0.020036472760849633,0.4792243767313019,0.9539010000101968,23.91273333333335,8,1,1821,-24.9061333333333,-0.013677173714076497,0.9616925959820457,224,0.5510666666665962,0.4642857142857143,215,-9.432199999999876,0.4604651162790698,209,9.682133333333361,0.4880382775119617,223,-14.64893333333336,0.4484304932735426,228,3.4081333333334167,0.5,219,-10.473199999999967,0.4611872146118721,221,5.163133333333233,0.48868778280542985,189,-4.156266666666701,0.49206349206349204,93,-5.0,0.4731182795698925
asia_break_retest|w90|TP25_SL20|H480,asia_break_retest,w90,TP25_SL20,25.0,20.0,1.25,480,-0.49068394597447484,872,-8.87494999999976,-0.010177694954128165,0.4736238532110092,0.9495864217149418,22.670499999999862,9,2,568,23.88169999999986,0.04204524647887299,0.477112676056338,1.1357274527594947,17.925750000000043,9,3,1440,15.0067500000001,0.010421354166666737,1.0426332727455585,154,4.390300000000037,0.512987012987013,169,-2.3279999999999283,0.48520710059171596,174,-4.400999999999966,0.46551724137931033,184,-9.86094999999991,0.41847826086956524,191,3.324700000000007,0.49214659685863876,174,-8.114700000000038,0.41379310344827586,169,17.810599999999976,0.5266272189349113,150,3.79579999999987,0.48,75,10.390000000000054,0.5066666666666667
prevday_liquidity_sweep|all|TP30_SL25|H720,prevday_liquidity_sweep,all,TP30_SL25,30.0,25.0,1.2,720,-0.4924203567318749,673,-10.315279999999921,-0.015327310549777,0.5037147102526003,0.9174303319826916,15.885439999999956,6,2,445,-29.349640000000036,-0.06595424719101131,0.4449438202247191,0.8072754255095606,36.0417200000001,16,0,1118,-39.66491999999996,-0.0354784615384615,0.8569170200009958,131,1.0664000000000122,0.5190839694656488,121,-1.9539599999999884,0.5289256198347108,143,-2.353239999999932,0.4825174825174825,141,-7.518200000000052,0.5106382978723404,137,0.44372000000003686,0.48175182481751827,135,-0.22063999999993844,0.4740740740740741,129,-8.011960000000009,0.43410852713178294,116,-6.127040000000086,0.47413793103448276,65,-14.989999999999998,0.35384615384615387
normal_range_mid_cont_14|r080_120|TP10_SL25|H720,normal_range_mid_cont_14,r080_120,TP10_SL25,10.0,25.0,0.4,720,-0.4941425303396155,521,-8.670960000000004,-0.016642917466410757,0.5009596928982726,0.8897166221766384,11.480280000000004,9,1,330,-15.492400000000053,-0.04694666666666683,0.5484848484848485,0.8081752004128602,24.379280000000115,7,1,851,-24.163360000000058,-0.028394077555816754,0.8483987842470092,106,-3.4048000000000145,0.41509433962264153,96,-2.9209199999999966,0.4479166666666667,99,-1.3536399999999955,0.5555555555555556,121,-2.4505200000000045,0.5206611570247934,99,1.458920000000007,0.5656565656565656,95,-7.842600000000045,0.42105263157894735,101,-6.39556000000005,0.48514851485148514,80,-6.823159999999989,0.625,54,5.568920000000036,0.7777777777777778
normal_range_mid_cont_14|r080_120|TP10_SL25|H480,normal_range_mid_cont_14,r080_120,TP10_SL25,10.0,25.0,0.4,480,-0.4968991501680149,521,-8.872120000000102,-0.017029021113243958,0.491362763915547,0.8861764210820162,11.02932000000007,9,1,330,-17.533399999999947,-0.05313151515151499,0.5424242424242425,0.7840286598626928,26.14032000000003,11,1,851,-26.40552000000005,-0.031028813160987132,0.8340633855957913,106,-3.238760000000011,0.41509433962264153,96,-2.433880000000036,0.4270833333333333,99,-1.7650000000000277,0.5353535353535354,121,-2.3083200000000206,0.512396694214876,99,0.8738399999999924,0.5656565656565656,95,-9.686600000000043,0.3894736842105263,101,-6.6338399999999735,0.48514851485148514,80,-6.5697599999999685,0.6375,54,5.356800000000041,0.7777777777777778
asia_mid_cont_600|all|TP40_SL30|H720,asia_mid_cont_600,all,TP40_SL30,40.0,30.0,1.3333333333333333,720,-0.498741032005386,1305,-9.921833333333336,-0.007602937420178801,0.4666666666666667,0.9502696902989015,19.609366666666666,8,1,949,9.034299999999757,0.009519810326659385,0.47629083245521603,1.033522855317231,22.35770000000012,8,2,2254,-0.8875333333335762,-0.00039375924282767353,0.9981076432987924,261,-2.537100000000025,0.4521072796934866,261,-7.263300000000012,0.4559386973180077,262,-0.6737999999999156,0.48854961832061067,261,4.74250000000001,0.4482758620689655,260,-4.190133333333392,0.48846153846153845,260,-7.225100000000072,0.41923076923076924,262,6.835966666666597,0.5190839694656488,261,-7.406733333333432,0.4674329501915709,166,16.830166666666667,0.5120481927710844
normal_range_mid_cont_14|r080_120|TP15_SL25|H720,normal_range_mid_cont_14,r080_120,TP15_SL25,15.0,25.0,0.6,720,-0.5009504875488668,521,-8.538800000000021,-0.016389251439539388,0.4798464491362764,0.8960326625077132,12.404360000000061,9,1,330,-22.518360000000072,-0.06823745454545477,0.4727272727272727,0.7685881823394844,31.874520000000057,7,0,851,-31.05716000000009,-0.036494900117508916,0.8269200589573322,106,-4.735680000000003,0.4056603773584906,96,-1.969720000000016,0.4479166666666667,99,-0.5988399999999823,0.5353535353535354,121,-4.417000000000026,0.4793388429752066,99,3.182440000000005,0.5353535353535354,95,-5.503120000000055,0.4105263157894737,101,-5.704440000000033,0.43564356435643564,80,-10.679720000000014,0.5,54,-0.6310799999999644,0.6111111111111112
impulse60_cont_600|s040|TP40_SL30|H1440,impulse60_cont_600,s040,TP40_SL30,40.0,30.0,1.3333333333333333,1440,-0.5019947682738582,728,-10.0321333333333,-0.013780402930402886,0.4766483516483517,0.9203116531272947,18.2827666666666,7,2,517,-7.53400000000009,-0.014572533849129769,0.44680851063829785,0.9566918074665142,17.39930000000002,9,1,1245,-17.566133333333397,-0.01410934404283807,0.9414178228845828,150,-6.583666666666666,0.43333333333333335,145,-10.679099999999954,0.43448275862068964,148,9.291166666666715,0.527027027027027,132,-2.105100000000016,0.4772727272727273,153,0.044566666666621124,0.5098039215686274,140,-6.670266666666734,0.39285714285714285,144,-1.3840999999999672,0.4722222222222222,136,1.990833333333299,0.49264705882352944,97,-1.47046666666669,0.422680412371134
asia_expansion_fade_10|r140|TP5_SL15|H720,asia_expansion_fade_10,r140,TP5_SL15,5.0,15.0,0.3333333333333333,720,-0.5038233925140542,261,-6.233533333333333,-0.023883269476372922,0.6590038314176245,0.8949281713818245,11.797533333333305,7,1,241,-15.909733333333351,-0.06601549100968196,0.6804979253112033,0.7736942274702733,19.6594,3,1,502,-22.143266666666683,-0.044110092961487414,0.829178806073775,41,-3.322733333333327,0.5121951219512195,52,-0.4421333333333383,0.6346153846153846,68,-4.1669999999999785,0.6617647058823529,41,3.020266666666657,0.7804878048780488,59,-1.3219333333333465,0.6949152542372882,61,3.082999999999992,0.7540983606557377,72,-4.475600000000004,0.6805555555555556,72,-9.183800000000005,0.6388888888888888,36,-5.333333333333333,0.6388888888888888
asia_break_retest|w90|TP10_SL25|H480,asia_break_retest,w90,TP10_SL25,10.0,25.0,0.4,480,-0.5043035301527735,872,-10.856679999999802,-0.012450321100917204,0.5057339449541285,0.9172582302174518,18.673439999999882,9,2,568,4.474800000000046,0.007878169014084589,0.5915492957746479,1.0379625315548489,12.032159999999934,7,3,1440,-6.38187999999975,-0.004431861111110938,0.9743787801243695,154,2.621000000000022,0.512987012987013,169,-3.6121599999999203,0.4911242603550296,174,-5.8590799999999845,0.5114942528735632,184,-4.391479999999937,0.4782608695652174,191,0.38504000000001914,0.5340314136125655,174,-9.868399999999992,0.43103448275862066,169,9.896080000000046,0.6153846153846154,150,2.447119999999997,0.68,75,1.9999999999999982,0.7333333333333333
impulse60_fade_600|s040|TP30_SL25|H1440,impulse60_fade_600,s040,TP30_SL25,30.0,25.0,1.2,1440,-0.5069132574376465,728,-7.156879999999983,-0.009830879120879097,0.48626373626373626,0.9503528151681389,26.115479999999987,9,2,517,-3.3807199999998545,-0.006539110251450396,0.4990328820116054,0.9819051470712609,21.45871999999992,11,1,1245,-10.53759999999984,-0.00846393574297176,0.9681632000962939,150,4.656880000000001,0.5333333333333333,145,8.582960000000046,0.5172413793103449,148,-15.016880000000013,0.40540540540540543,132,-0.6598399999999951,0.5151515151515151,153,-4.720000000000028,0.46405228758169936,140,7.293520000000017,0.5928571428571429,144,-4.92375999999994,0.4861111111111111,136,-2.250079999999926,0.45588235294117646,97,-3.500400000000007,0.44329896907216493
inside_prevday_asia_break|all|TP15_SL15|H480,inside_prevday_asia_break,all,TP15_SL15,15.0,15.0,1.0,480,-0.50803446580888,697,-9.462400000000011,-0.013575896700143489,0.47058823529411764,0.9460124584878724,19.921533333333397,9,2,434,3.781133333333191,0.008712288786482007,0.4861751152073733,1.023939274093439,21.040066666666643,7,2,1131,-5.681266666666821,-0.005023224285293388,0.9829502462259816,139,3.528733333333245,0.4676258992805755,149,-6.375399999999884,0.4161073825503356,125,6.232400000000007,0.576,138,-11.399933333333351,0.4057971014492754,146,-1.4482000000000257,0.5,149,-3.169133333333442,0.4429530201342282,142,13.28833333333326,0.5352112676056338,92,-13.33806666666663,0.43478260869565216,51,7.0,0.5686274509803921
asia_break_10_16|all|TP15_SL15|H720,asia_break_10_16,all,TP15_SL15,15.0,15.0,1.0,720,-0.5082290398191833,1191,-10.990399999999878,-0.00922787573467664,0.47523089840470195,0.9672648011426425,28.21466666666664,8,3,801,17.945933333333368,0.022404411152725803,0.4918851435705368,1.0572107757031295,23.331800000000058,8,3,1992,6.95553333333349,0.003491733601071029,1.010710419245474,232,1.1176000000000381,0.4698275862068966,239,-8.184533333333333,0.4560669456066946,231,2.5362000000000253,0.49783549783549785,241,-18.38506666666666,0.42323651452282157,248,11.92540000000005,0.5282258064516129,241,-14.69313333333336,0.42738589211618255,240,12.263733333333478,0.5125,206,12.375333333333252,0.5194174757281553,114,8.0,0.5350877192982456
asia_body_fade_600|all|TP10_SL25|H1440,asia_body_fade_600,all,TP10_SL25,10.0,25.0,0.4,1440,-0.5106102192832638,1291,-12.352680000000039,-0.009568303640588721,0.557707203718048,0.9472580206348464,15.751199999999875,9,1,938,-33.452600000000025,-0.03566375266524523,0.6268656716417911,0.8683043788205492,38.14376000000015,6,0,2229,-45.80528000000006,-0.020549699416778852,0.9061798170741897,258,-3.627160000000012,0.5038759689922481,258,-3.0457199999999274,0.5077519379844961,259,-1.867040000000035,0.5984555984555985,258,1.6963599999999772,0.6007751937984496,258,-5.509120000000046,0.5775193798449613,257,-0.6826400000000372,0.5719844357976653,259,-13.533359999999966,0.6138996138996139,258,-16.23660000000002,0.6472868217054264,164,-2.999999999999999,0.7012195121951219
asia_expansion_fade_10|r140|TP25_SL20|H480,asia_expansion_fade_10,r140,TP25_SL20,25.0,20.0,1.25,480,-0.5123513986354852,261,-8.519649999999935,-0.03264233716475071,0.4827586206896552,0.8621847366560802,13.16234999999991,7,3,241,-6.328050000000154,-0.026257468879668688,0.46473029045643155,0.930121849614087,21.544650000000118,6,2,502,-14.847700000000087,-0.029577091633466307,0.9025598890126307,41,-2.8140499999999635,0.43902439024390244,52,0.15210000000000673,0.5576923076923077,68,-6.439299999999982,0.39705882352941174,41,0.36145000000000227,0.5365853658536586,59,0.2201500000000005,0.5084745762711864,61,5.082699999999968,0.5573770491803278,72,-0.3427000000000122,0.5,72,-16.400550000000088,0.3333333333333333,36,5.332499999999982,0.5
asia_body_fade_840|all|TP40_SL30|H1440,asia_body_fade_840,all,TP40_SL30,40.0,30.0,1.3333333333333333,1440,-0.5130300232883546,1291,-10.887600000000017,-0.008433462432223095,0.49341595662277304,0.9493095059807638,18.65823333333342,11,1,938,-58.99993333333332,-0.06289971570717838,0.42430703624733473,0.8244524347879731,66.19489999999975,13,0,2229,-69.88753333333334,-0.031353761028861976,0.8731339820084362,258,-4.107933333333319,0.49224806201550386,258,3.111500000000031,0.5077519379844961,259,-4.818700000000028,0.4555984555984556,258,-0.8636000000000115,0.5077519379844961,258,-4.208866666666682,0.5038759689922481,257,-0.08490000000006948,0.4708171206225681,259,-22.471133333333253,0.4015444015444015,258,-12.092666666666737,0.437984496124031,164,-24.35123333333326,0.36585365853658536
prevday_liquidity_sweep|all|TP15_SL25|H480,prevday_liquidity_sweep,all,TP15_SL25,15.0,25.0,0.6,480,-0.5143260155569693,673,-9.820519999999856,-0.014592154531946294,0.5349182763744428,0.9140750555770223,18.572519999999876,7,2,445,-24.292400000000047,-0.05458966292134842,0.5078651685393258,0.8068571115993223,27.96672000000008,7,0,1118,-34.11291999999992,-0.030512450805008872,0.857901957660991,131,2.5062400000000067,0.5725190839694656,121,-3.2691999999999735,0.5454545454545454,143,-4.222959999999874,0.4965034965034965,141,-6.655560000000015,0.5177304964539007,137,1.8209599999999955,0.5474452554744526,135,-2.9040399999999424,0.48148148148148145,129,-5.926200000000054,0.4883720930232558,116,-0.06216000000005795,0.5775862068965517,65,-15.399999999999999,0.47692307692307695
asia_body_fade_840|all|TP30_SL25|H1440,asia_body_fade_840,all,TP30_SL25,30.0,25.0,1.2,1440,-0.5175224173469205,1291,-13.193440000000026,-0.010219550735863692,0.49341595662277304,0.9481841614793644,19.997720000000083,11,2,938,-58.14632000000002,-0.06198968017057571,0.43070362473347545,0.8397441741735814,71.89440000000002,10,0,2229,-71.33976000000006,-0.03200527590847917,0.8844618140638073,258,-5.84771999999999,0.49224806201550386,258,3.1878800000000327,0.5077519379844961,259,-8.093200000000035,0.4555984555984556,258,0.6843999999999948,0.5077519379844961,258,-3.1248000000000338,0.5038759689922481,257,-2.085920000000077,0.4708171206225681,259,-30.929199999999945,0.4015444015444015,258,-2.348400000000055,0.4496124031007752,164,-22.782799999999934,0.38414634146341464
prevday_liquidity_sweep|all|TP15_SL20|H480,prevday_liquidity_sweep,all,TP15_SL20,15.0,20.0,0.75,480,-0.5191619415232418,673,-9.61754999999988,-0.014290564635958217,0.5334323922734027,0.931035583087798,19.642649999999918,7,2,445,-33.27060000000002,-0.07476539325842702,0.48764044943820223,0.7851938127636606,39.11350000000006,9,0,1118,-42.8881499999999,-0.038361493738819225,0.8542920800303595,131,3.1328000000000094,0.5725190839694656,121,-3.6409499999999757,0.5454545454545454,143,-1.7358999999998566,0.4965034965034965,141,-7.657950000000039,0.5177304964539007,137,0.28444999999998144,0.5401459854014599,135,-6.847499999999923,0.4666666666666667,129,-10.203800000000035,0.4806201550387597,116,-1.9693000000000676,0.5431034482758621,65,-14.25,0.4461538461538462
asia_break_09_14|all|TP30_SL25|H720,asia_break_09_14,all,TP30_SL25,30.0,25.0,1.2,720,-0.519733398907157,1099,-12.063559999999784,-0.010976851683348303,0.47224749772520475,0.9398693266554491,20.254119999999844,9,2,722,12.125559999999869,0.016794404432132783,0.4695290858725762,1.0562725520690814,26.97336000000004,9,2,1821,0.06200000000008821,3.404722679851082e-05,1.0001490020992956,224,1.146240000000007,0.45982142857142855,215,-8.37867999999994,0.4604651162790698,209,2.490160000000123,0.49760765550239233,223,-3.817879999999978,0.4484304932735426,228,-3.5033999999999916,0.4956140350877193,219,-9.466800000000003,0.410958904109589,221,15.862960000000012,0.502262443438914,189,-7.768320000000095,0.47619047619047616,93,13.497719999999955,0.5161290322580645
normal_range_mid_cont_14|r080_120|TP15_SL20|H480,normal_range_mid_cont_14,r080_120,TP15_SL20,15.0,20.0,0.75,480,-0.521910052464841,521,-8.626600000000145,-0.01655777351247629,0.472168905950096,0.914349527123327,13.789450000000127,9,1,330,-22.41764999999998,-0.06793227272727267,0.4666666666666667,0.8010915380953628,31.010800000000014,11,1,851,-31.044250000000126,-0.036479729729729876,0.8545405347152586,106,-5.270600000000013,0.4056603773584906,96,-3.047950000000048,0.4270833333333333,99,-0.6689000000000078,0.5151515151515151,121,-3.3406000000000518,0.4793388429752066,99,3.7014499999999777,0.5353535353535354,95,-9.389550000000067,0.3894736842105263,101,-7.17589999999999,0.43564356435643564,80,-7.132699999999954,0.5125,54,1.2805000000000293,0.5925925925925926
inside_prevday_asia_break|all|TP15_SL25|H720,inside_prevday_asia_break,all,TP15_SL25,15.0,25.0,0.6,720,-0.5228699490830191,697,-9.764119999999878,-0.014008780487804703,0.4921090387374462,0.920745341776238,14.478439999999926,8,1,434,3.84515999999999,0.008859815668202741,0.5391705069124424,1.034575990999286,16.366760000000006,7,2,1131,-5.918959999999882,-0.005233386383731107,0.9747493561234275,139,-0.031560000000017574,0.4460431654676259,149,-6.275399999999919,0.4563758389261745,125,3.8970400000000063,0.552,138,-5.307439999999943,0.463768115942029,146,-2.0467600000000052,0.547945205479452,149,-4.068639999999987,0.46308724832214765,142,14.015359999999973,0.5915492957746479,92,-11.10155999999999,0.5,51,5.0,0.6862745098039216
asia_body_fade_600|all|TP20_SL20|H1440,asia_body_fade_600,all,TP20_SL20,20.0,20.0,1.0,1440,-0.5259327100137733,1291,-12.93150000000007,-0.010016653756777747,0.5050348567002324,0.9598665103307693,15.866850000000056,9,1,938,-68.14175000000003,-0.07264578891257999,0.46588486140724944,0.8279433176923332,80.86409999999998,12,1,2229,-81.07325000000012,-0.036372027815163806,0.8871246430496481,258,-8.441399999999977,0.49612403100775193,258,6.636400000000072,0.5,259,-5.271900000000029,0.5057915057915058,258,-1.5953000000000301,0.5193798449612403,258,-4.259300000000108,0.5038759689922481,257,0.004649999999993604,0.49416342412451364,259,-29.69195,0.4594594594594595,258,-33.06345000000004,0.43410852713178294,164,-5.390999999999986,0.4817073170731707
asia_expansion_fade_10|r140|TP40_SL30|H720,asia_expansion_fade_10,r140,TP40_SL30,40.0,30.0,1.3333333333333333,720,-0.5260747510450783,261,-6.807399999999985,-0.026081992337164694,0.524904214559387,0.8639111532853723,10.499299999999968,7,1,241,-13.994566666666717,-0.058068741355463555,0.4190871369294606,0.8236262819890746,21.386900000000065,7,2,502,-20.8019666666667,-0.041438180610889844,0.8392029445753514,41,-1.570433333333328,0.4878048780487805,52,-0.31183333333333396,0.5384615384615384,68,-3.997599999999995,0.4852941176470588,41,2.1506666666666736,0.6097560975609756,59,-3.0782,0.5254237288135594,61,1.362599999999983,0.5081967213114754,72,-7.755133333333311,0.4027777777777778,72,-10.06703333333341,0.3333333333333333,36,2.465000000000023,0.4722222222222222
asia_break_10_16|thu_fri|TP5_SL15|H480,asia_break_10_16,thu_fri,TP5_SL15,5.0,15.0,0.3333333333333333,480,-0.5296018273766698,482,-6.904266666666571,-0.014324204702627739,0.6120331950207469,0.9293295092493844,18.732466666666596,6,1,324,17.838133333333243,0.05505596707818902,0.7623456790123457,1.2807483629167715,3.82166666666667,4,4,806,10.933866666666676,0.013565591397849474,1.0678134856250692,97,-1.6179999999999992,0.4948453608247423,97,-6.783800000000006,0.5051546391752577,91,-3.2388666666666426,0.6483516483516484,97,-4.034066666666606,0.6391752577319587,100,8.770466666666682,0.77,98,4.586933333333322,0.7142857142857143,99,2.572333333333258,0.7474747474747475,81,7.345533333333331,0.8148148148148148,46,3.3333333333333326,0.8043478260869565
impulse60_fade_600|s040|TP25_SL20|H720,impulse60_fade_600,s040,TP25_SL20,25.0,20.0,1.25,720,-0.531393106651153,728,-5.800149999999945,-0.007967239010988936,0.5096153846153846,0.9639375227521926,31.28084999999995,12,2,517,-8.334849999999836,-0.01612156673114088,0.4932301740812379,0.957851452393788,30.421099999999903,9,1,1245,-14.13499999999978,-0.011353413654618297,0.9605812336832875,150,6.6910500000000175,0.6,145,10.220550000000026,0.5517241379310345,148,-16.884449999999962,0.4189189189189189,132,-0.1964499999999818,0.5227272727272727,153,-5.630850000000043,0.45751633986928103,140,10.762050000000045,0.5857142857142857,144,-0.7501999999998942,0.5,136,-10.834350000000018,0.4485294117647059,97,-7.512349999999969,0.41237113402061853
asia_body_fade_600|all|TP25_SL20|H1440,asia_body_fade_600,all,TP25_SL20,25.0,20.0,1.25,1440,-0.5317846487974369,1291,-11.297450000000072,-0.008750929512006253,0.5019364833462432,0.9650526146467235,19.358000000000054,9,1,938,-61.9678500000001,-0.06606380597014935,0.4445628997867804,0.8492969704162386,78.70280000000005,12,1,2229,-73.26530000000017,-0.03286913414087042,0.9002463095268161,258,-8.741899999999976,0.49612403100775193,258,7.037600000000076,0.5,259,-2.745750000000034,0.4980694980694981,258,-5.456100000000015,0.5116279069767442,258,-1.391300000000125,0.5038759689922481,257,1.949549999999988,0.490272373540856,259,-25.546700000000058,0.4555984555984556,258,-34.72970000000005,0.3953488372093023,164,-3.640999999999986,0.4329268292682927
asia_body_fade_840|all|TP20_SL20|H1440,asia_body_fade_840,all,TP20_SL20,20.0,20.0,1.0,1440,-0.5329668644635868,1291,-13.265000000000015,-0.010274980635166549,0.49264136328427577,0.9569835426784705,21.011899999999994,11,2,938,-71.38865000000004,-0.07610730277185505,0.44776119402985076,0.8178955041225546,82.16135000000007,9,0,2229,-84.65365000000006,-0.03797830865859132,0.879133657704715,258,-6.633949999999981,0.49224806201550386,258,1.8278000000000225,0.5077519379844961,259,-9.082400000000039,0.46332046332046334,258,0.7702500000000105,0.5,258,-0.14670000000003292,0.5,257,-7.957650000000069,0.4669260700389105,259,-29.72030000000004,0.416988416988417,258,-6.7016999999999385,0.4806201550387597,164,-27.008999999999993,0.4146341463414634
asia_mid_cont_600|all|TP20_SL20|H1440,asia_mid_cont_600,all,TP20_SL20,20.0,20.0,1.0,1440,-0.5353367778003778,1305,-9.831599999999835,-0.007533793103448149,0.4735632183908046,0.9695380938814536,27.80584999999977,10,2,949,11.22789999999979,0.011831296101158894,0.49736564805057953,1.031472687081675,28.6069000000001,9,2,2254,1.3962999999999592,0.0006194764862466545,1.00205488952375,261,-4.410399999999901,0.4367816091954023,261,-10.983649999999932,0.47509578544061304,262,1.390750000000116,0.4770992366412214,261,5.923850000000004,0.4942528735632184,260,-1.7521500000001184,0.4846153846153846,260,-15.438150000000089,0.45,262,13.395899999999891,0.5152671755725191,261,15.170149999999992,0.5287356321839081,166,-1.9000000000000004,0.4939759036144578
trend_pullback_600|f025|TP30_SL25|H480,trend_pullback_600,f025,TP30_SL25,30.0,25.0,1.2,480,-0.5376796235175112,813,-10.742599999999983,-0.013213530135301332,0.45879458794587946,0.92129303730657,15.011920000000025,8,1,590,-0.6384000000000682,-0.0010820338983052004,0.47966101694915253,0.9963015129036876,16.179160000000103,7,2,1403,-11.381000000000046,-0.008111903064861046,0.9631801624640957,152,-5.962159999999994,0.4144736842105263,152,-7.0736400000000135,0.4342105263157895,168,7.683400000000082,0.5178571428571429,184,-1.3080800000000368,0.45108695652173914,157,-4.082120000000023,0.4713375796178344,166,-9.317520000000066,0.43373493975903615,169,-1.1318399999999933,0.5029585798816568,154,5.849359999999959,0.5064935064935064,101,3.961600000000036,0.4752475247524752
asia_expansion_fade_10|r140|TP10_SL25|H480,asia_expansion_fade_10,r140,TP10_SL25,10.0,25.0,0.4,480,-0.5379076168432227,261,-7.370159999999967,-0.028238160919540106,0.524904214559387,0.8406181718155041,8.655319999999923,7,1,241,-8.838560000000035,-0.036674522821576905,0.6141078838174274,0.8576482101016654,13.233440000000016,4,1,502,-16.20872,-0.03228828685258964,0.8503788179491655,41,-2.430839999999971,0.43902439024390244,52,-0.41864000000000484,0.5576923076923077,68,-1.5171999999999757,0.5147058823529411,41,0.12459999999999133,0.5609756097560976,59,-3.1280800000000095,0.5423728813559322,61,-0.96416000000001,0.5737704918032787,72,1.6868000000000039,0.6666666666666666,72,-8.561200000000026,0.5555555555555556,36,-0.9999999999999999,0.6944444444444444
asia_break_retest|w90|TP15_SL20|H1440,asia_break_retest,w90,TP15_SL20,15.0,20.0,0.75,1440,-0.5387135936069752,872,-7.989349999999839,-0.009162098623853027,0.49770642201834864,0.9615434323810915,28.031249999999854,9,2,568,7.87090000000002,0.01385721830985919,0.5422535211267606,1.0415935757692016,20.359999999999992,6,3,1440,-0.11844999999982164,-8.225694444432058e-05,0.9997016248786161,154,0.6269499999999995,0.4675324675324675,169,-5.407299999999963,0.48520710059171596,174,-2.7558499999999864,0.4827586206896552,184,-12.537749999999892,0.4782608695652174,191,12.084600000000002,0.5654450261780105,174,-5.307350000000018,0.4827586206896552,169,8.17945000000003,0.5502958579881657,150,1.2488000000000063,0.5733333333333334,75,3.75,0.6
asia_mid_cont_840|all|TP10_SL20|H480,asia_mid_cont_840,all,TP10_SL20,10.0,20.0,0.5,480,-0.5428857336051894,1305,-9.577750000000185,-0.007339272030651482,0.5011494252873563,0.9592331564226899,23.306850000000203,11,1,949,-28.641000000000048,-0.030180189673340407,0.5605900948366702,0.8927934363725619,37.436800000000034,8,0,2254,-38.21875000000023,-0.016955967169476588,0.9238817172424001,261,-1.4068499999999973,0.4559386973180077,261,-6.715450000000101,0.4367816091954023,262,-1.8891500000000754,0.5305343511450382,261,-7.399850000000026,0.5134099616858238,260,7.833550000000015,0.5692307692307692,260,-17.44115000000006,0.46153846153846156,262,-2.648999999999968,0.5458015267175572,261,-1.4802000000000355,0.6283524904214559,166,-7.0706499999999775,0.6325301204819277
asia_body_cont_600|all|TP20_SL20|H720,asia_body_cont_600,all,TP20_SL20,20.0,20.0,1.0,720,-0.5469702107988974,1291,-11.019449999999926,-0.008535592563903894,0.4670797831138652,0.9617402460099981,26.175350000000016,10,2,938,12.020599999999897,0.012815138592750424,0.4989339019189765,1.036550698487904,22.565850000000026,10,2,2229,1.0011499999999725,0.000449147599820535,1.0016228949193575,258,4.038000000000045,0.47674418604651164,258,-8.79830000000003,0.46124031007751937,259,-4.095649999999922,0.47104247104247104,258,-4.254949999999985,0.43023255813953487,258,2.0914499999999645,0.49612403100775193,257,-6.675600000000065,0.45525291828793774,259,17.165149999999915,0.5212355212355212,258,9.862900000000035,0.5310077519379846,164,-8.331849999999985,0.4817073170731707
asia_expansion_fade_10|r140|TP20_SL20|H480,asia_expansion_fade_10,r140,TP20_SL20,20.0,20.0,1.0,480,-0.5485308160731653,261,-8.98469999999993,-0.034424137931034215,0.4827586206896552,0.8546620111664075,13.554949999999902,7,3,241,-10.507050000000163,-0.04359771784232433,0.48132780082987553,0.8793282750296146,23.10555000000013,6,2,502,-19.491750000000096,-0.0388281872509962,0.8690868536449885,41,-2.8140499999999635,0.43902439024390244,52,0.15210000000000673,0.5576923076923077,68,-6.995699999999966,0.39705882352941174,41,0.5252499999999942,0.5365853658536586,59,0.14769999999999706,0.5084745762711864,61,3.1381999999999604,0.5573770491803278,72,-2.417200000000026,0.5,72,-16.060550000000077,0.3611111111111111,36,4.832499999999982,0.5555555555555556
asia_break_10_16|all|TP10_SL25|H480,asia_break_10_16,all,TP10_SL25,10.0,25.0,0.4,480,-0.5497409245948102,1191,-13.941799999999844,-0.011705961376993992,0.5029387069689337,0.9216378079225307,19.339039999999788,13,2,801,7.723919999999994,0.009642846441947558,0.6004993757802747,1.0462601591931342,16.335839999999965,7,3,1992,-6.217879999999846,-0.003121425702811168,0.9819709867042017,232,1.1644399999999864,0.4870689655172414,239,-8.193839999999955,0.4393305439330544,231,-4.717759999999906,0.5238095238095238,241,-4.572079999999961,0.4896265560165975,248,2.3774399999999885,0.5725806451612904,241,-10.686759999999984,0.45228215767634855,240,10.130680000000057,0.6166666666666667,206,6.079999999999926,0.6844660194174758,114,2.199999999999999,0.7280701754385965
asia_body_cont_600|all|TP30_SL25|H720,asia_body_cont_600,all,TP30_SL25,30.0,25.0,1.2,720,-0.5500217638687381,1291,-11.172839999999937,-0.008654407436096,0.46475600309837334,0.9529046126236163,20.643040000000035,10,1,938,6.7749999999998645,0.007222814498933757,0.488272921108742,1.0225198543678407,26.549399999999935,10,2,2229,-4.397840000000087,-0.0019730103185285268,0.9918268547433176,258,2.2591600000000387,0.47674418604651164,258,-9.201520000000036,0.4573643410852713,259,-1.4646399999999176,0.47104247104247104,258,-1.8753999999999906,0.43023255813953487,258,-0.8904400000000336,0.4883720930232558,257,-7.06828000000007,0.45136186770428016,259,17.4291199999999,0.528957528957529,258,3.3846000000000074,0.5116279069767442,164,-6.970439999999984,0.4451219512195122
asia_body_fade_840|all|TP10_SL20|H1440,asia_body_fade_840,all,TP10_SL20,10.0,20.0,0.5,1440,-0.5578485202021675,1291,-11.350149999999982,-0.00879175058094499,0.5429899302865996,0.959160612352438,20.919249999999955,7,1,938,-55.965299999999985,-0.059664498933901904,0.5714285714285714,0.8176590994431084,62.708549999999995,6,0,2229,-67.31544999999997,-0.030199842978914298,0.8849010273431541,258,-4.761650000000018,0.49612403100775193,258,-2.247999999999924,0.5193798449612403,259,-4.552400000000071,0.5598455598455598,258,-1.898199999999974,0.562015503875969,258,2.1101,0.5775193798449613,257,-10.578550000000032,0.5291828793774319,259,-16.28189999999996,0.555984555984556,258,-10.604849999999987,0.6162790697674418,164,-18.5,0.5914634146341463
asia_break_10_16|mon|TP10_SL25|H720,asia_break_10_16,mon,TP10_SL25,10.0,25.0,0.4,720,-0.5580036086544169,223,-7.161759999999905,-0.03211551569506684,0.4977578475336323,0.8018475663675207,7.91907999999993,6,1,147,0.05428000000001809,0.0003692517006803952,0.5714285714285714,1.0019033939885296,8.72944,12,3,370,-7.107479999999885,-0.019209405405405094,0.8900794554173713,40,0.7439200000000259,0.5,46,-1.840279999999993,0.4782608695652174,44,-0.9275199999999674,0.5681818181818182,45,-3.7016799999999876,0.4,48,-1.43619999999998,0.5416666666666666,43,-7.9089199999999975,0.27906976744186046,45,1.856840000000029,0.5777777777777777,41,5.906359999999987,0.8048780487804879,18,0.20000000000000018,0.7222222222222222
asia_break_09_14|all|TP20_SL20|H720,asia_break_09_14,all,TP20_SL20,20.0,20.0,1.0,720,-0.5601015181776168,1099,-12.395349999999759,-0.011278753412192684,0.4767970882620564,0.9496454563365931,22.408449999999835,9,2,722,6.810550000000003,0.009432894736842109,0.4778393351800554,1.0275241630309213,22.871750000000024,9,2,1821,-5.58479999999976,-0.003066886326194267,0.988685585679673,224,1.36400000000002,0.45982142857142855,215,-7.848849999999937,0.46511627906976744,209,3.3590000000001172,0.5119617224880383,223,-6.653649999999959,0.4439461883408072,228,-2.6158500000000005,0.5043859649122807,219,-13.871100000000002,0.410958904109589,221,16.80880000000003,0.502262443438914,189,-5.12715000000003,0.49206349206349204,93,9.0,0.5483870967741935
prevclose_cont_840|all|TP15_SL15|H720,prevclose_cont_840,all,TP15_SL15,15.0,15.0,1.0,720,-0.5647396959675564,1304,-14.126533333333555,-0.010833231083844751,0.4838957055214724,0.9583173177737494,21.68033333333348,11,2,949,-22.85240000000019,-0.02408050579557449,0.4815595363540569,0.9405211620918317,40.30546666666666,9,0,2253,-36.97893333333374,-0.01641319721852363,0.9488617657793932,260,-3.7670000000001433,0.46153846153846156,261,-8.255266666666724,0.45977011494252873,262,1.5692666666666502,0.5038167938931297,261,-4.636866666666613,0.48659003831417624,260,0.9633333333332761,0.5076923076923077,260,-0.01446666666671792,0.48846153846153845,262,-3.200733333333438,0.49236641221374045,261,-6.570533333333367,0.4789272030651341,166,-13.066666666666666,0.4578313253012048
prevclose_cont_600|all|TP40_SL30|H480,prevclose_cont_600,all,TP40_SL30,40.0,30.0,1.3333333333333333,480,-0.5653465432149637,1304,-12.78199999999992,-0.009802147239263743,0.4570552147239264,0.9272335464243373,18.455233333333176,13,1,949,22.463166666666456,0.023670354759395634,0.5015806111696522,1.0947707372118314,19.683633333333486,9,3,2253,9.681166666666533,0.004297011392217724,1.023459015641336,260,-3.03963333333326,0.4576923076923077,261,-9.206399999999991,0.42528735632183906,262,-2.7894999999999146,0.48854961832061067,261,6.65396666666661,0.4367816091954023,260,-4.400433333333361,0.47692307692307695,260,-10.691700000000083,0.4230769230769231,262,15.656866666666666,0.5572519083969466,261,8.706899999999903,0.5287356321839081,166,8.791099999999972,0.4939759036144578
asia_break_09_14|all|TP25_SL20|H720,asia_break_09_14,all,TP25_SL20,25.0,20.0,1.25,720,-0.5697152554013317,1099,-12.462949999999775,-0.011340263876250933,0.47224749772520475,0.9499324891361952,22.91724999999984,9,2,722,1.3959499999998908,0.0019334487534624525,0.4584487534626039,1.0053743104533888,26.161050000000046,9,2,1821,-11.066999999999883,-0.006077429983525471,0.978243169879913,224,1.0532000000000143,0.45982142857142855,215,-8.305399999999942,0.4604651162790698,209,3.608900000000118,0.5023923444976076,223,-6.955049999999947,0.43946188340807174,228,-1.8646000000000165,0.5,219,-12.438199999999993,0.410958904109589,221,18.405549999999995,0.49321266968325794,189,-11.747900000000095,0.4603174603174603,93,7.176499999999987,0.4838709677419355
impulse60_fade_600|s040|TP20_SL15|H1440,impulse60_fade_600,s040,TP20_SL15,20.0,15.0,1.3333333333333333,1440,-0.5697625856078872,728,-6.647866666666619,-0.009131684981684917,0.47802197802197804,0.97077872794075,37.1688,9,3,517,-2.7155999999999345,-0.005252611218568539,0.4622823984526112,0.9888158330068293,40.18913333333334,11,2,1245,-9.363466666666548,-0.007520856760374737,0.9800907971463272,150,6.619800000000003,0.5333333333333333,145,14.46013333333344,0.5172413793103449,148,-19.68353333333336,0.3918918918918919,132,1.1297333333333412,0.5075757575757576,153,-9.174000000000039,0.4444444444444444,140,19.481800000000028,0.5785714285714286,144,2.9084000000000394,0.4722222222222222,136,-21.439133333333338,0.36764705882352944,97,-3.666666666666674,0.41237113402061853
asia_break_retest|w90|TP25_SL20|H1440,asia_break_retest,w90,TP25_SL20,25.0,20.0,1.25,1440,-0.5698210045386775,872,-8.753549999999851,-0.010038474770642031,0.47706422018348627,0.9601105151380727,28.36069999999991,9,2,568,25.21519999999994,0.044392957746478764,0.49119718309859156,1.1201404891677875,22.726849999999992,8,2,1440,16.46165000000009,0.011431701388888953,1.0383430074116176,154,0.7405499999999963,0.4675324675324675,169,-4.823449999999946,0.48520710059171596,174,-5.514700000000028,0.4367816091954023,184,-10.2537499999999,0.45652173913043476,191,11.097800000000028,0.5340314136125655,174,-6.232300000000043,0.47126436781609193,169,22.14525000000007,0.5207100591715976,150,-1.1977500000000871,0.47333333333333333,75,10.5,0.5066666666666667
prevclose_cont_840|all|TP5_SL15|H480,prevclose_cont_840,all,TP5_SL15,5.0,15.0,0.3333333333333333,480,-0.5699958962691279,1304,-12.658933333333579,-0.009707770961145383,0.6065950920245399,0.9496342004902784,19.29106666666667,6,1,949,-11.148466666666803,-0.011747593958553007,0.6796628029504742,0.950287480442976,24.990200000000122,5,1,2253,-23.807400000000392,-0.010566977363515487,0.9499422412092882,260,-4.067533333333466,0.49230769230769234,261,-2.9664000000000406,0.5363984674329502,262,-0.9207333333333938,0.6717557251908397,261,-5.714333333333364,0.6551724137931034,260,1.0100666666666833,0.676923076923077,260,-1.430800000000062,0.6153846153846154,262,-1.9012000000000824,0.6793893129770993,261,-14.34826666666665,0.685823754789272,166,6.531799999999985,0.7710843373493976
asia_break_10_16|all|TP20_SL15|H480,asia_break_10_16,all,TP20_SL15,20.0,15.0,1.3333333333333333,480,-0.5700410829293048,1191,-11.465599999999581,-0.009626868178001327,0.46851385390428213,0.9636624630225895,26.03613333333315,13,2,801,30.021266666666683,0.03747973366625054,0.4681647940074906,1.0959945343193158,22.282400000000028,9,3,1992,18.555666666667115,0.009315093708166222,1.0295345513450866,232,3.7202666666666246,0.4870689655172414,239,-9.34939999999997,0.4351464435146444,231,-1.1281999999998025,0.47186147186147187,241,-9.314933333333258,0.4315352697095436,248,4.606666666666824,0.5161290322580645,241,-13.051266666666654,0.4190871369294606,240,12.070600000000113,0.49583333333333335,206,15.453266666666565,0.48058252427184467,114,15.548666666666662,0.49122807017543857
asia_break_09_14|all|TP15_SL15|H720,asia_break_09_14,all,TP15_SL15,15.0,15.0,1.0,720,-0.5700515593644494,1099,-11.843933333333126,-0.010777009402486921,0.47952684258416745,0.9619394983295153,24.344599999999947,9,2,722,-12.506533333333362,-0.017322068328716567,0.46814404432132967,0.9575728901447287,23.047533333333334,7,1,1821,-24.350466666666485,-0.013372030020135357,0.959815320141716,224,-0.026799999999971735,0.45982142857142855,215,-7.806933333333275,0.4604651162790698,209,7.959800000000087,0.5215311004784688,223,-15.214866666666648,0.43946188340807174,228,3.2448666666666828,0.5175438596491229,219,-15.903466666666645,0.4200913242009132,221,9.90099999999999,0.49321266968325794,189,-1.5040666666667075,0.49206349206349204,93,-5.0,0.4731182795698925
asia_break_09_14|all|TP30_SL25|H1440,asia_break_09_14,all,TP30_SL25,30.0,25.0,1.2,1440,-0.5707173800586267,1099,-13.302199999999793,-0.012103912647861504,0.4713375796178344,0.9403613629218789,21.16871999999984,8,2,722,21.703960000000002,0.0300608864265928,0.4916897506925208,1.0940046052986054,27.19335999999998,10,2,1821,8.401760000000213,0.004613816584294461,1.0185089918113992,224,0.13671999999996898,0.4642857142857143,215,-10.021359999999914,0.46511627906976744,209,5.5625600000000945,0.4784688995215311,223,-5.462840000000006,0.45739910313901344,228,-3.5172799999999382,0.49122807017543857,219,-5.75612000000002,0.4611872146118721,221,16.502479999999952,0.5113122171945701,189,-2.6207999999999103,0.49206349206349204,93,13.578399999999982,0.5161290322580645
asia_break_10_16|all|TP10_SL25|H1440,asia_break_10_16,all,TP10_SL25,10.0,25.0,0.4,1440,-0.5708737302735698,1191,-9.311479999999996,-0.007818203190596134,0.5365239294710328,0.9553502344435403,24.808719999999987,8,1,801,15.399480000000032,0.019225318352059966,0.6479400749063671,1.0860590572839606,11.894279999999974,6,3,1992,6.088000000000035,0.003056224899598411,1.015711546737774,232,-0.01364000000001342,0.47844827586206895,239,-8.898520000000008,0.4811715481171548,231,-2.127239999999974,0.5714285714285714,241,-9.203760000000011,0.5186721991701245,248,10.931680000000007,0.6290322580645161,241,-5.4513600000000215,0.5269709543568465,240,8.364040000000077,0.6541666666666667,206,10.286799999999984,0.7378640776699029,114,2.199999999999999,0.7280701754385965
asia_mid_cont_840|all|TP20_SL15|H1440,asia_mid_cont_840,all,TP20_SL15,20.0,15.0,1.3333333333333333,1440,-0.571652465952166,1305,-13.91493333333325,-0.010662784163473755,0.46130268199233715,0.9656015299049348,22.638799999999954,7,2,949,-16.98019999999989,-0.017892729188619484,0.44362486828240255,0.9617041296204473,41.48759999999996,9,2,2254,-30.89513333333315,-0.013706802721088353,0.9635634905746273,261,-4.540599999999951,0.42911877394636017,261,-12.547200000000053,0.4521072796934866,262,5.078666666666722,0.4770992366412214,261,-4.979199999999981,0.4674329501915709,260,3.073400000000004,0.4807692307692308,260,-9.045400000000004,0.45384615384615384,262,2.5732666666668065,0.46564885496183206,261,7.558599999999984,0.4521072796934866,166,-18.066666666666677,0.3795180722891566
asia_expansion_fade_10|r140|TP15_SL20|H480,asia_expansion_fade_10,r140,TP15_SL20,15.0,20.0,0.75,480,-0.573430737529142,261,-8.37669999999995,-0.03209463601532548,0.4904214559386973,0.8621198778671194,12.489999999999926,7,2,241,-7.1653500000000925,-0.029731742738589594,0.5228215767634855,0.9120771180372976,18.62670000000005,5,3,502,-15.542050000000042,-0.03096025896414351,0.8907408012760688,41,-2.7885499999999643,0.43902439024390244,52,0.1573499999999965,0.5576923076923077,68,-5.530549999999982,0.4117647058823529,41,0.09764999999999885,0.5365853658536586,59,-0.312599999999998,0.5254237288135594,61,2.234399999999971,0.5573770491803278,72,3.144450000000006,0.5694444444444444,72,-14.12670000000005,0.4166666666666667,36,1.5824999999999818,0.5833333333333334
asia_break_09_14|all|TP10_SL25|H1440,asia_break_09_14,all,TP10_SL25,10.0,25.0,0.4,1440,-0.5754430856553503,1099,-15.34075999999985,-0.01395883530482243,0.5332120109190173,0.9224711065038572,22.4790399999999,7,3,722,4.200119999999986,0.005817340720221587,0.631578947368421,1.0252100477176558,12.71579999999999,6,3,1821,-11.140639999999866,-0.006117869302580926,0.9694338609247042,224,0.733919999999944,0.4732142857142857,215,-10.747879999999913,0.4744186046511628,209,0.41452000000007505,0.5885167464114832,223,-8.356080000000002,0.5201793721973094,228,2.614760000000042,0.6096491228070176,219,-7.182760000000014,0.5159817351598174,221,5.558279999999995,0.6380090497737556,189,3.6246000000000107,0.708994708994709,93,2.1999999999999966,0.7311827956989247
asia_mid_cont_840|all|TP15_SL15|H720,asia_mid_cont_840,all,TP15_SL15,15.0,15.0,1.0,720,-0.5804297864311201,1305,-12.472600000000101,-0.009557547892720383,0.4827586206896552,0.963202821217348,25.853733333333416,11,2,949,-59.920200000000136,-0.06314035827186526,0.458377239199157,0.851180468743532,68.0191333333335,9,0,2254,-72.39280000000022,-0.03211748003549256,0.9023819027173968,261,-4.116400000000022,0.46360153256704983,261,-6.004466666666772,0.4559386973180077,262,4.015800000000004,0.5114503816793893,261,-11.981799999999946,0.47126436781609193,260,5.614266666666634,0.5115384615384615,260,-12.664866666666647,0.4576923076923077,262,-5.332133333333454,0.48091603053435117,261,-10.85653333333336,0.47126436781609193,166,-31.066666666666666,0.4036144578313253
asia_break_09_14|all|TP20_SL15|H1440,asia_break_09_14,all,TP20_SL15,20.0,15.0,1.3333333333333333,1440,-0.5808427912269649,1099,-10.171333333333193,-0.009255080376099357,0.45768880800727935,0.9707897079143105,28.545599999999943,8,2,722,9.483599999999925,0.013135180055401558,0.4556786703601108,1.0290017579973794,22.960066666666663,9,3,1821,-0.6877333333332665,-0.00037766794801387507,0.9989814548963033,224,2.071266666666605,0.4642857142857143,215,-12.434866666666537,0.4604651162790698,209,7.37446666666669,0.45454545454545453,223,-6.726266666666653,0.43946188340807174,228,-0.4559333333332858,0.4692982456140351,219,-11.539599999999993,0.4474885844748858,221,15.024066666666558,0.4751131221719457,189,5.665800000000029,0.455026455026455,93,0.3333333333333275,0.43010752688172044
asia_mid_cont_840|all|TP20_SL20|H1440,asia_mid_cont_840,all,TP20_SL20,20.0,20.0,1.0,1440,-0.5818787266838106,1305,-10.553249999999945,-0.00808678160919536,0.47203065134099614,0.966036300358408,24.19685,7,1,949,3.6986500000001232,0.003897418335089698,0.49736564805057953,1.0103184760464698,28.041349999999966,9,3,2254,-6.8545999999998255,-0.00304108251996443,0.9897565748171582,261,-3.8431499999999703,0.42911877394636017,261,-11.57570000000004,0.4521072796934866,262,-0.7719999999999461,0.49236641221374045,261,-2.7446000000000055,0.4827586206896552,260,8.382200000000012,0.5038461538461538,260,-8.882500000000007,0.47307692307692306,262,4.493550000000085,0.5038167938931297,261,7.137600000000045,0.5134099616858238,166,0.9499999999999993,0.5
asia_expansion_fade_10|r140|TP15_SL25|H480,asia_expansion_fade_10,r140,TP15_SL25,15.0,25.0,0.6,480,-0.5843210997317813,261,-7.7806799999999665,-0.029811034482758493,0.4942528735632184,0.8452595077534526,10.117399999999956,7,1,241,-5.0324000000000595,-0.020881327800830123,0.5477178423236515,0.9260993174422284,12.598960000000043,5,3,502,-12.813080000000026,-0.025524063745019972,0.8917621481932761,41,-2.2308399999999713,0.43902439024390244,52,0.2754399999999892,0.5576923076923077,68,-4.147639999999983,0.4264705882352941,41,-0.4736400000000051,0.5365853658536586,59,-1.2039999999999973,0.5254237288135594,61,0.8539199999999709,0.5573770491803278,72,1.3052800000000193,0.5694444444444444,72,-8.857600000000037,0.4722222222222222,36,1.6659999999999857,0.6388888888888888
asia_body_cont_600|all|TP15_SL25|H480,asia_body_cont_600,all,TP15_SL25,15.0,25.0,0.6,480,-0.5941037765866481,1291,-14.138359999999944,-0.010951479473276486,0.47792408985282725,0.9297291504968639,23.103839999999902,10,2,938,-4.9851200000000375,-0.005314626865671682,0.5469083155650319,0.9793518808761846,19.95084000000001,9,2,2229,-19.12347999999999,-0.008579398833557645,0.9567958122337056,258,0.564840000000068,0.49224806201550386,258,-9.715839999999998,0.4573643410852713,259,-8.129319999999936,0.47876447876447875,258,3.24691999999998,0.4573643410852713,258,-0.10496000000005656,0.5038759689922481,257,-14.130800000000061,0.44357976653696496,259,7.134720000000025,0.5675675675675675,258,4.14924000000001,0.5852713178294574,164,-2.1382800000000124,0.6158536585365854
asia_body_cont_840|all|TP30_SL25|H480,asia_body_cont_840,all,TP30_SL25,30.0,25.0,1.2,480,-0.5954560941374648,1291,-12.626200000000079,-0.009780170410534531,0.48412083656080557,0.9391390290124749,20.791840000000107,10,1,938,26.37260000000004,0.02811577825159919,0.509594882729211,1.0959552290917176,29.897480000000094,10,3,2229,13.746399999999948,0.0061670704351727,1.0285016158324543,258,2.6566400000000145,0.5310077519379846,258,-5.002280000000082,0.4883720930232558,259,-3.352519999999934,0.49034749034749037,258,-6.661720000000078,0.46124031007751937,258,-0.2663200000000048,0.4496124031007752,257,1.6142799999999622,0.5058365758754864,259,16.7480000000001,0.5482625482625483,258,-16.223400000000094,0.45348837209302323,164,24.233720000000066,0.5426829268292683
inside_prevday_asia_break|all|TP20_SL20|H480,inside_prevday_asia_break,all,TP20_SL20,20.0,20.0,1.0,480,-0.5972668624440494,697,-11.710300000000075,-0.016801004304160795,0.46771879483500717,0.9137243951837191,19.76350000000009,9,2,434,6.921899999999825,0.01594907834101342,0.4815668202764977,1.0539826842696522,19.97629999999999,7,2,1131,-4.788400000000253,-0.0042337754199825404,0.9818590805466437,139,2.4920999999999136,0.4676258992805755,149,-5.5123999999999125,0.4161073825503356,125,2.1684499999999947,0.568,138,-7.606250000000036,0.39855072463768115,146,-3.2522000000000384,0.5,149,-0.2699000000000522,0.4429530201342282,142,11.475949999999877,0.5211267605633803,92,-15.28415,0.41304347826086957,51,11.0,0.6078431372549019
asia_mid_cont_840|all|TP10_SL20|H1440,asia_mid_cont_840,all,TP10_SL20,10.0,20.0,0.5,1440,-0.5975916630879999,1305,-12.423650000000054,-0.009520038314176285,0.5241379310344828,0.9556208108682064,26.987100000000062,6,2,949,-26.842550000000003,-0.028285089567966284,0.5974710221285564,0.9076880882863737,36.175500000000035,8,0,2254,-39.266200000000055,-0.017420674356699226,0.9311993368425009,261,-0.18305000000002636,0.4367816091954023,261,-16.92690000000006,0.46360153256704983,262,1.3556000000000035,0.5877862595419847,261,-5.81635,0.5440613026819924,260,9.147050000000023,0.5884615384615385,260,-15.311450000000026,0.5192307692307693,262,-2.743050000000005,0.6030534351145038,261,-1.2380499999999763,0.6475095785440613,166,-7.550000000000001,0.6325301204819277
asia_break_10_16|mon|TP10_SL25|H480,asia_break_10_16,mon,TP10_SL25,10.0,25.0,0.4,480,-0.5996062265396104,223,-7.571119999999919,-0.03395121076233147,0.4663677130044843,0.774101342779296,8.495119999999929,8,1,147,-1.8232000000000594,-0.012402721088435778,0.5306122448979592,0.9363306448233353,8.144320000000029,7,3,370,-9.39431999999998,-0.025390054054053996,0.8488468407587971,40,0.85108000000002,0.55,46,-2.501959999999972,0.391304347826087,44,-0.35911999999996624,0.5227272727272727,45,-3.61315999999999,0.37777777777777777,48,-1.9479600000000112,0.5,43,-7.350920000000014,0.2558139534883721,45,0.9634000000000018,0.5333333333333333,41,4.364319999999953,0.7317073170731707,18,0.20000000000000018,0.7222222222222222
asia_break_10_16|all|TP15_SL15|H480,asia_break_10_16,all,TP15_SL15,15.0,15.0,1.0,480,-0.600191003345362,1191,-11.412466666666251,-0.009582255807444375,0.47691015952980687,0.9631048028176982,28.141333333333165,13,2,801,14.091866666666771,0.01759284228048286,0.4918851435705368,1.0471117533993533,21.033066666666656,8,3,1992,2.6794000000005127,0.001345080321285398,1.0044037431871886,232,3.2319333333332896,0.4870689655172414,239,-10.69453333333328,0.4351464435146444,231,-0.020399999999835217,0.48484848484848486,241,-12.310266666666593,0.43983402489626555,248,8.380800000000168,0.5362903225806451,241,-14.237466666666645,0.42323651452282157,240,10.593200000000117,0.5166666666666667,206,9.7361333333333,0.5194174757281553,114,8.0,0.5350877192982456
asia_expansion_fade_10|r140|TP10_SL20|H480,asia_expansion_fade_10,r140,TP10_SL20,10.0,20.0,0.5,480,-0.6002106566721395,261,-8.113549999999952,-0.031086398467432767,0.5210727969348659,0.8556399017499792,9.941499999999905,7,1,241,-11.173050000000059,-0.04636120331950232,0.5892116182572614,0.8505013594373848,18.816850000000024,4,1,502,-19.28660000000001,-0.03841952191235062,0.8527069768791667,41,-3.0385499999999643,0.43902439024390244,52,-0.7102499999999963,0.5576923076923077,68,-2.2424999999999735,0.5,41,0.5954499999999937,0.5609756097560976,59,-2.717700000000014,0.5423728813559322,61,-0.03820000000000623,0.5737704918032787,72,3.6213499999999845,0.6666666666666666,72,-13.256200000000035,0.5,36,-1.5,0.6388888888888888
normal_range_mid_cont_14|r080_120|TP10_SL20|H480,normal_range_mid_cont_14,r080_120,TP10_SL20,10.0,20.0,0.5,480,-0.6008294125757777,521,-10.33350000000015,-0.019833973128599136,0.491362763915547,0.8931122101986878,13.782200000000145,9,1,330,-15.257999999999956,-0.046236363636363506,0.5393939393939394,0.8382335245064341,23.851149999999993,11,1,851,-25.59150000000011,-0.030072267920094136,0.8660111949226503,106,-4.048450000000013,0.41509433962264153,96,-4.269300000000055,0.4270833333333333,99,-1.897500000000047,0.5353535353535354,121,-1.962750000000028,0.512396694214876,99,1.8444999999999934,0.5656565656565656,95,-12.545850000000044,0.3894736842105263,101,-6.614449999999976,0.48514851485148514,80,-3.1281999999999703,0.6375,54,7.030500000000029,0.7592592592592593
prevday_liquidity_sweep|all|TP10_SL25|H480,prevday_liquidity_sweep,all,TP10_SL25,10.0,25.0,0.4,480,-0.6009320387972856,673,-11.376319999999902,-0.016903893016344578,0.5601783060921248,0.8958123532154949,20.104639999999847,7,2,445,-16.316840000000052,-0.0366670561797754,0.5775280898876405,0.8489235757085759,22.20356000000007,5,0,1118,-27.693159999999953,-0.024770268336314804,0.8724960698831501,131,3.374959999999992,0.5877862595419847,121,-2.8664399999999928,0.5619834710743802,143,-8.053399999999892,0.5104895104895105,141,-4.6143199999999975,0.5531914893617021,137,0.7828799999999869,0.5912408759124088,135,-1.4411199999999467,0.5111111111111111,129,-1.9363600000000765,0.5658914728682171,116,-5.339360000000033,0.6379310344827587,65,-7.599999999999999,0.6307692307692307
asia_body_cont_840|all|TP40_SL30|H720,asia_body_cont_840,all,TP40_SL30,40.0,30.0,1.3333333333333333,720,-0.600988602572023,1291,-13.356300000000049,-0.010345701006971377,0.47792408985282725,0.9265274396466029,19.637866666666746,8,1,938,13.200733333333266,0.01407327647476894,0.4914712153518124,1.0505468649984826,26.9776333333334,11,2,2229,-0.15556666666678431,-6.979213399137923e-05,0.9996487897355995,258,2.3241666666666934,0.5155038759689923,258,-5.590766666666673,0.46124031007751937,259,-1.9016000000000397,0.5019305019305019,258,-5.755666666666686,0.4496124031007752,258,-2.4324333333333494,0.46124031007751937,257,-2.0400333333333878,0.490272373540856,259,15.57823333333343,0.528957528957529,258,-12.24266666666672,0.45348837209302323,164,11.905199999999946,0.49390243902439024
asia_mid_cont_600|all|TP15_SL25|H720,asia_mid_cont_600,all,TP15_SL25,15.0,25.0,0.6,720,-0.6043388161347247,1305,-11.17484000000007,-0.008563095785440667,0.4812260536398467,0.9509378361410021,24.34576000000005,8,1,949,-0.13828000000005503,-0.0001457112750264015,0.5468914646996839,0.9994629233809007,24.09880000000014,8,2,2254,-11.313120000000119,-0.005019130434782661,0.9766853684587722,261,-3.229360000000006,0.4521072796934866,261,-8.349760000000025,0.45977011494252873,262,-2.287559999999976,0.5114503816793893,261,3.631280000000023,0.4674329501915709,260,-0.9394400000000864,0.5153846153846153,260,-14.127920000000092,0.43846153846153846,262,5.882959999999985,0.549618320610687,261,9.943080000000048,0.6091954022988506,166,-1.8363999999999914,0.6144578313253012
asia_body_cont_840|all|TP20_SL20|H480,asia_body_cont_840,all,TP20_SL20,20.0,20.0,1.0,480,-0.6055193102622686,1291,-14.426200000000113,-0.011174438419829678,0.4872192099147947,0.943757351384584,23.517850000000152,10,2,938,21.95550000000003,0.023406716417910478,0.5181236673773987,1.0721309385728124,33.19180000000006,10,3,2229,7.529299999999925,0.0033778824585015362,1.013424005797998,258,3.5026000000000197,0.5310077519379846,258,-3.7856500000001123,0.49224806201550386,259,-8.174449999999945,0.4864864864864865,258,-6.212700000000063,0.46511627906976744,258,0.2439999999999949,0.46124031007751937,257,2.090999999999952,0.5019455252918288,259,17.97030000000005,0.5482625482625483,258,-21.752800000000022,0.46511627906976744,164,23.647000000000048,0.5792682926829268
normal_range_mid_cont_14|r080_120|TP40_SL30|H1440,normal_range_mid_cont_14,r080_120,TP40_SL30,40.0,30.0,1.3333333333333333,1440,-0.6063619731814015,521,-9.672333333333414,-0.018564939219449933,0.4491362763915547,0.8862432192655373,15.9905333333334,11,1,330,-3.7700333333332727,-0.01142434343434325,0.4575757575757576,0.9632889201357687,19.954066666666584,8,1,851,-13.442366666666683,-0.01579596553074816,0.9283918308611675,106,-4.130533333333378,0.39622641509433965,96,-5.870533333333356,0.4270833333333333,99,-1.1477999999999473,0.47474747474747475,121,-3.6793666666667386,0.45454545454545453,99,5.1559000000000035,0.494949494949495,95,-2.429000000000033,0.45263157894736844,101,-7.389699999999918,0.43564356435643564,80,-1.6565666666666568,0.5,54,7.705233333333336,0.4444444444444444
asia_mid_cont_600|all|TP15_SL25|H480,asia_mid_cont_600,all,TP15_SL25,15.0,25.0,0.6,480,-0.6075627250271737,1305,-11.585000000000022,-0.008877394636015343,0.4689655172413793,0.9420431817067572,23.685159999999915,9,1,949,0.06907999999987435,7.279241306625327e-05,0.5405690200210748,1.0002892725607466,19.12684000000008,8,2,2254,-11.51592000000014,-0.0051091038154392815,0.9737496652580373,261,-3.4557199999999924,0.4559386973180077,261,-11.15783999999997,0.4061302681992337,262,-1.01343999999993,0.5038167938931297,261,8.99607999999995,0.48659003831417624,260,-4.954080000000078,0.49230769230769234,260,-10.99468000000008,0.4423076923076923,262,7.508919999999987,0.549618320610687,261,5.774039999999986,0.5862068965517241,166,-2.219200000000017,0.608433734939759
normal_range_mid_cont_14|r080_120|TP20_SL15|H480,normal_range_mid_cont_14,r080_120,TP20_SL15,20.0,15.0,1.3333333333333333,480,-0.6076921888804551,521,-10.322666666666892,-0.019813179782470044,0.45489443378119004,0.9247352439226514,14.693000000000136,9,1,330,-38.422333333333405,-0.11643131313131334,0.4,0.7492115198173088,45.17253333333342,11,0,851,-48.745000000000296,-0.0572796709753235,0.8321207669716614,106,-6.367266666666698,0.4056603773584906,96,-1.9643333333334043,0.4270833333333333,99,-1.9877999999999716,0.494949494949495,121,-2.2502000000000866,0.47107438016528924,99,2.2469333333332706,0.47474747474747475,95,-13.344866666666709,0.37894736842105264,101,-10.969666666666702,0.40594059405940597,80,-6.774466666666653,0.4375,54,-7.333333333333333,0.37037037037037035
asia_break_10_16|mon|TP10_SL20|H720,asia_break_10_16,mon,TP10_SL20,10.0,20.0,0.5,720,-0.6083170938583905,223,-7.792499999999881,-0.03494394618834028,0.4977578475336323,0.8229727626812751,8.739149999999917,6,1,147,-4.863599999999963,-0.03308571428571403,0.5374149659863946,0.8737076626855178,10.308950000000008,12,3,370,-12.656099999999846,-0.03420567567567526,0.846647190755285,40,0.9299000000000318,0.5,46,-2.050349999999992,0.4782608695652174,44,-0.3430499999999599,0.5681818181818182,45,-4.377099999999985,0.4,48,-1.9518999999999775,0.5416666666666666,43,-9.283299999999995,0.27906976744186046,45,1.603900000000044,0.5777777777777777,41,1.31579999999999,0.6829268292682927,18,1.5,0.7222222222222222
asia_body_cont_840|all|TP5_SL15|H720,asia_body_cont_840,all,TP5_SL15,5.0,15.0,0.3333333333333333,720,-0.609225750060754,1291,-13.231200000000069,-0.010248799380325382,0.6320681642137878,0.9489380883197046,26.051266666666525,7,2,938,-6.009133333333434,-0.006406325515280847,0.7057569296375267,0.9730876969001748,23.688199999999973,5,2,2229,-19.240333333333503,-0.008631822940032976,0.9601159298997787,258,4.058333333333256,0.5503875968992248,258,-3.483866666666656,0.5775193798449613,259,-9.89453333333335,0.6718146718146718,258,-9.4521333333333,0.6589147286821705,258,5.540999999999983,0.7015503875968992,257,-0.5708000000000397,0.6575875486381323,259,1.8390666666665854,0.7104247104247104,258,-19.277399999999975,0.686046511627907,164,11.999999999999995,0.8048780487804879
prevclose_cont_840|all|TP10_SL20|H1440,prevclose_cont_840,all,TP10_SL20,10.0,20.0,0.5,1440,-0.6098554207897505,1304,-12.81235000000018,-0.009825421779141242,0.522239263803681,0.9540989861354919,27.058000000000156,8,2,949,-9.497750000000076,-0.010008166491043283,0.6111696522655427,0.9660107757051167,27.194349999999986,8,1,2253,-22.310100000000247,-0.009902396804261094,0.9600581240310531,260,-3.7791500000000844,0.4115384615384615,261,-15.942650000000082,0.45977011494252873,262,1.44145000000002,0.5877862595419847,261,-2.1081000000000243,0.5593869731800766,260,7.576099999999998,0.5923076923076923,260,-3.9149500000000557,0.55,262,0.42374999999997176,0.6183206106870229,261,-4.456549999999993,0.6360153256704981,166,-1.55,0.6566265060240963
asia_body_cont_840|all|TP5_SL15|H480,asia_body_cont_840,all,TP5_SL15,5.0,15.0,0.3333333333333333,480,-0.6196869034398702,1291,-14.290933333333447,-0.011069661760908945,0.6297443841982959,0.9441072528325224,24.717999999999996,7,2,938,-5.191866666666737,-0.005535039090263046,0.7004264392324094,0.9765960010830786,23.95446666666663,5,2,2229,-19.482800000000182,-0.008740601166442433,0.9592001759082482,258,3.351666666666658,0.562015503875969,258,-2.7780000000000826,0.5852713178294574,259,-7.93826666666666,0.6640926640926641,258,-10.943400000000036,0.6511627906976745,258,4.017066666666684,0.686046511627907,257,-0.4426666666666921,0.6498054474708171,259,2.5099999999999256,0.7065637065637066,258,-19.259199999999968,0.6782945736434108,164,11.999999999999995,0.8048780487804879
asia_break_10_16|thu_fri|TP5_SL15|H720,asia_break_10_16,thu_fri,TP5_SL15,5.0,15.0,0.3333333333333333,720,-0.6205774824797267,482,-8.610733333333283,-0.01786459197786988,0.6203319502074689,0.9168233675842906,19.448933333333237,6,1,324,19.854866666666602,0.06128045267489692,0.7654320987654321,1.3177534496205483,3.666666666666666,4,4,806,11.244133333333327,0.013950537634408594,1.0677322339525381,97,-2.8652666666666713,0.5051546391752577,97,-6.561133333333344,0.5463917525773195,91,-3.2047333333333126,0.6593406593406593,97,-4.7255999999999725,0.6288659793814433,100,8.746000000000018,0.76,98,6.763599999999966,0.7244897959183674,99,2.1857333333333044,0.7474747474747475,81,7.572200000000004,0.8148148148148148,46,3.3333333333333326,0.8043478260869565
prevday_liquidity_sweep|all|TP25_SL20|H720,prevday_liquidity_sweep,all,TP25_SL20,25.0,20.0,1.25,720,-0.6223227246946266,673,-11.076849999999952,-0.01645891530460617,0.5022288261515602,0.9276060728850781,17.390849999999993,6,1,445,-30.385749999999973,-0.06828258426966285,0.43820224719101125,0.8266527695651196,38.150550000000024,9,0,1118,-41.46259999999994,-0.03708640429338098,0.8737037435841125,131,1.3754000000000133,0.5190839694656488,121,-2.293199999999989,0.5289256198347108,143,-0.39674999999992755,0.4825174825174825,141,-8.060950000000096,0.5106382978723404,137,-1.7013499999999575,0.4744525547445255,135,-4.742399999999908,0.45925925925925926,129,-10.578250000000015,0.4263565891472868,116,-4.0651000000000534,0.46551724137931033,65,-11.0,0.36923076923076925
prevclose_cont_840|all|TP5_SL15|H720,prevclose_cont_840,all,TP5_SL15,5.0,15.0,0.3333333333333333,720,-0.6238285722352251,1304,-13.79860000000016,-0.010581748466257791,0.6188650306748467,0.9462815676473216,20.731199999999852,6,1,949,-13.244200000000149,-0.013955953635405846,0.6954689146469969,0.9418773286678296,26.976333333333507,5,1,2253,-27.042800000000305,-0.012003018197958413,0.9442112052900341,260,-3.9116000000001963,0.5,261,-4.415333333333308,0.5555555555555556,262,-2.9053333333333646,0.6793893129770993,261,-4.5739999999999235,0.6704980842911877,260,2.0076666666666325,0.6884615384615385,260,-0.3656000000000277,0.65,262,-2.835800000000158,0.6908396946564885,261,-15.642799999999959,0.6973180076628352,166,5.599999999999995,0.7710843373493976
asia_body_fade_840|all|TP20_SL15|H1440,asia_body_fade_840,all,TP20_SL15,20.0,15.0,1.3333333333333333,1440,-0.6265729098164396,1291,-14.954066666666694,-0.01158332042344438,0.4810224632068164,0.9625072541479017,24.192000000000025,11,2,938,-56.84826666666681,-0.06060582800284308,0.4200426439232409,0.875313316373575,72.67533333333336,12,1,2229,-71.8023333333335,-0.03221280095708098,0.9159991664143602,258,-9.530399999999979,0.4883720930232558,258,5.7276000000000264,0.5077519379844961,259,-12.029466666666746,0.4362934362934363,258,3.0297333333333576,0.4883720930232558,258,-2.1515333333333455,0.4844961240310077,257,-9.467466666666727,0.45136186770428016,259,-24.33913333333343,0.40540540540540543,258,3.2916666666666856,0.4418604651162791,164,-26.333333333333343,0.3597560975609756
prevclose_cont_840|all|TP15_SL15|H1440,prevclose_cont_840,all,TP15_SL15,15.0,15.0,1.0,1440,-0.6269233903845655,1304,-13.919666666666728,-0.010674591002045037,0.4746932515337423,0.9644856331761116,26.290066666666803,10,2,949,-12.74626666666662,-0.013431260976466406,0.48788198103266595,0.9687401236863943,39.391799999999996,8,1,2253,-26.665933333333335,-0.01183574493268235,0.9666549260990316,260,-6.823466666666753,0.4115384615384615,261,-14.103200000000061,0.4521072796934866,262,7.9317333333333995,0.5076335877862596,261,1.1432666666666886,0.49808429118773945,260,-2.067999999999996,0.5038461538461538,260,6.274466666666601,0.49615384615384617,262,-2.990733333333174,0.4961832061068702,261,-2.9633333333333844,0.4904214559386973,166,-13.066666666666666,0.4578313253012048
inside_prevday_asia_break|all|TP40_SL30|H1440,inside_prevday_asia_break,all,TP40_SL30,40.0,30.0,1.3333333333333333,1440,-0.6269541962720839,697,-11.627166666666547,-0.016681731229076825,0.46915351506456243,0.9066232283469845,16.524566666666647,7,1,434,30.38843333333319,0.07001943164362485,0.5184331797235023,1.2704368000488855,8.214433333333385,6,4,1131,18.761266666666646,0.016588211022693762,1.0791992912507857,139,-2.181866666666717,0.4460431654676259,149,-7.3184999999999265,0.4563758389261745,125,7.605066666666696,0.512,138,-5.503666666666617,0.45652173913043476,146,-4.228199999999985,0.4794520547945205,149,4.474199999999966,0.5167785234899329,142,9.265766666666647,0.5140845070422535,92,0.26246666666661245,0.5,51,16.385999999999964,0.5686274509803921
prevday_liquidity_sweep|all|TP40_SL30|H1440,prevday_liquidity_sweep,all,TP40_SL30,40.0,30.0,1.3333333333333333,1440,-0.6277125912100595,673,-12.441933333333266,-0.018487270926200988,0.4903417533432392,0.8964959679353743,19.160699999999935,8,2,445,-28.34783333333336,-0.0637029962546817,0.4404494382022472,0.8168334030087274,33.02820000000007,11,0,1118,-40.78976666666662,-0.03648458556946925,0.8516587596142936,131,0.32130000000001196,0.5114503816793893,121,-3.4611000000000027,0.4793388429752066,143,0.28863333333339636,0.5384615384615384,141,-9.326566666666675,0.46808510638297873,137,-0.2641999999999973,0.45255474452554745,135,-0.8666999999999465,0.42962962962962964,129,-8.395766666666708,0.4883720930232558,116,-2.637800000000021,0.46551724137931033,65,-16.447566666666688,0.3230769230769231
asia_mid_cont_840|all|TP5_SL15|H1440,asia_mid_cont_840,all,TP5_SL15,5.0,15.0,0.3333333333333333,1440,-0.62833752151975,1305,-13.166266666666623,-0.010089093231162163,0.6413793103448275,0.9527689477606305,22.294999999999938,5,1,949,-24.241666666666653,-0.025544432736213544,0.7049525816649105,0.9013321415856975,30.938333333333407,5,0,2254,-37.407933333333276,-0.01659624371487723,0.9286724136966702,261,-2.504933333333341,0.5095785440613027,261,-8.678466666666697,0.5862068965517241,262,2.935200000000013,0.7290076335877863,261,-4.707333333333259,0.6819923371647509,260,-0.21073333333333943,0.7,260,-2.7844666666666913,0.676923076923077,262,-2.8060666666666654,0.7213740458015268,261,-14.917799999999964,0.7011494252873564,166,-3.733333333333337,0.7289156626506024
inside_prevday_asia_break|all|TP10_SL20|H480,inside_prevday_asia_break,all,TP10_SL20,10.0,20.0,0.5,480,-0.6336646962475546,697,-12.5370500000001,-0.017987159253945624,0.49067431850789095,0.9019171724845,19.944900000000096,8,2,434,0.37049999999980976,0.0008536866359442621,0.5576036866359447,1.003381217950296,15.49000000000003,7,2,1131,-12.166550000000292,-0.01075733863837338,0.9487501840272156,139,3.0427999999999082,0.4676258992805755,149,-4.957299999999918,0.4228187919463087,125,2.1836999999999884,0.608,138,-9.601950000000034,0.4420289855072464,146,-3.204300000000046,0.5273972602739726,149,-2.4832500000000666,0.4697986577181208,142,11.170099999999913,0.5985915492957746,92,-9.816350000000034,0.5652173913043478,51,1.5,0.6862745098039216
asia_break_09_14|all|TP20_SL20|H1440,asia_break_09_14,all,TP20_SL20,20.0,20.0,1.0,1440,-0.6354564595730137,1099,-13.657999999999856,-0.012427661510463928,0.47224749772520475,0.949938981490289,24.896849999999887,8,2,722,14.055499999999956,0.019467451523545645,0.5,1.0533925575207892,20.607600000000005,9,3,1821,0.39750000000009855,0.0002182866556837444,1.0007415002387259,224,1.6136499999999498,0.4642857142857143,215,-10.529249999999898,0.46511627906976744,209,4.172400000000053,0.48325358851674644,223,-6.584550000000002,0.452914798206278,228,-2.330249999999954,0.4956140350877193,219,-9.394250000000012,0.45662100456621,221,14.195949999999927,0.5158371040723982,189,0.2538000000000462,0.5079365079365079,93,9.0,0.5483870967741935
asia_break_retest|w90|TP10_SL25|H1440,asia_break_retest,w90,TP10_SL25,10.0,25.0,0.4,1440,-0.6365142805549332,872,-10.57607999999977,-0.01212853211009148,0.5412844036697247,0.9327009030839262,28.326879999999903,8,2,568,5.667640000000117,0.009978239436619924,0.6390845070422535,1.043950429947499,12.44971999999991,6,3,1440,-4.908439999999654,-0.0034086388888886487,0.9828439617137287,154,0.5996000000000199,0.4805194805194805,169,-8.101519999999946,0.4911242603550296,174,-6.6451599999999775,0.5344827586206896,184,-6.267479999999915,0.5380434782608695,191,9.838480000000047,0.643979057591623,174,-7.838919999999963,0.5114942528735632,169,6.268560000000088,0.6568047337278107,150,5.237999999999994,0.72,75,1.9999999999999982,0.7333333333333333
normal_range_mid_cont_14|r080_120|TP15_SL20|H720,normal_range_mid_cont_14,r080_120,TP15_SL20,15.0,20.0,0.75,720,-0.6411793124665692,521,-10.532250000000044,-0.020215451055662272,0.4798464491362764,0.8972671887070717,15.947100000000063,9,1,330,-18.804450000000124,-0.05698318181818219,0.4696969696969697,0.8314141054174531,27.693600000000142,7,1,851,-29.336700000000164,-0.03447320799059949,0.8629529944565391,106,-5.70005000000001,0.4056603773584906,96,-3.992550000000029,0.4479166666666667,99,-0.31394999999997686,0.5353535353535354,121,-5.0866500000000325,0.4793388429752066,99,4.560950000000002,0.5353535353535354,95,-7.641500000000064,0.4105263157894737,101,-6.195800000000065,0.43564356435643564,80,-6.512800000000015,0.5,54,1.5456500000000233,0.5925925925925926
impulse60_cont_600|s040|TP40_SL30|H720,impulse60_cont_600,s040,TP40_SL30,40.0,30.0,1.3333333333333333,720,-0.6438955800235038,728,-11.667533333333346,-0.01602683150183152,0.46291208791208793,0.8959548774959686,18.04393333333329,8,1,517,-15.665466666666816,-0.030300709219858446,0.43133462282398455,0.9025211011313179,22.075566666666816,9,0,1245,-27.333000000000162,-0.02195421686747001,0.8998223902620308,150,-7.363266666666664,0.38,145,-9.97316666666665,0.4,148,10.539733333333325,0.5540540540540541,132,-4.134500000000004,0.4621212121212121,153,-0.736333333333353,0.5163398692810458,140,-8.15823333333338,0.37142857142857144,144,-4.506433333333373,0.4722222222222222,136,-0.2129000000000385,0.4485294117647059,97,-2.787900000000025,0.4329896907216495
asia_break_retest|w90|TP10_SL25|H720,asia_break_retest,w90,TP10_SL25,10.0,25.0,0.4,720,-0.6442020761446696,872,-12.59223999999971,-0.01444064220183453,0.5137614678899083,0.9127898891388934,24.022199999999742,11,2,568,4.886520000000034,0.008603028169014143,0.6144366197183099,1.0399011901472353,12.823599999999963,7,3,1440,-7.705719999999673,-0.005351194444444217,0.971123965356494,154,1.443320000000004,0.461038961038961,169,-6.990479999999852,0.48520710059171596,174,-5.805799999999989,0.4942528735632184,184,-7.245479999999924,0.4945652173913043,191,6.006200000000052,0.6178010471204188,174,-10.014319999999978,0.46551724137931033,169,10.101280000000017,0.6390532544378699,150,2.7995600000000023,0.7,75,1.9999999999999982,0.7333333333333333
asia_break_09_14|all|TP10_SL25|H480,asia_break_09_14,all,TP10_SL25,10.0,25.0,0.4,480,-0.6452342439240044,1099,-14.107079999999993,-0.012836287534121922,0.4895359417652411,0.9123374613888073,18.81091999999982,9,1,722,-2.5088800000001736,-0.003474903047091653,0.574792243767313,0.9836802938286044,13.835240000000026,6,2,1821,-16.61596000000017,-0.00912463481603524,0.9471935879589898,224,1.799679999999872,0.45982142857142855,215,-5.5978399999999695,0.4232558139534884,209,-2.449879999999939,0.5358851674641149,223,-2.8446000000000096,0.48878923766816146,228,-5.014439999999948,0.5394736842105263,219,-9.506720000000014,0.4474885844748858,221,7.860559999999905,0.5746606334841629,189,-3.0627200000000627,0.6455026455026455,93,2.1999999999999966,0.7311827956989247
normal_range_mid_cont_14|r080_120|TP10_SL20|H720,normal_range_mid_cont_14,r080_120,TP10_SL20,10.0,20.0,0.5,720,-0.6456540338437948,521,-10.91700000000002,-0.020953934740882956,0.5009596928982726,0.8890083495367722,15.011550000000042,9,1,330,-12.6035000000001,-0.03819242424242455,0.5454545454545454,0.8654795868595103,21.492650000000115,7,1,851,-23.52050000000012,-0.027638660399530106,0.8775298312920767,106,-4.256000000000018,0.41509433962264153,96,-5.181550000000005,0.4479166666666667,99,-1.257449999999994,0.5555555555555556,121,-2.6285500000000073,0.5206611570247934,99,2.4065500000000046,0.5656565656565656,95,-10.565850000000056,0.42105263157894735,101,-6.391200000000084,0.48514851485148514,80,-2.942099999999982,0.625,54,7.295650000000023,0.7592592592592593
prevclose_cont_600|all|TP30_SL25|H480,prevclose_cont_600,all,TP30_SL25,30.0,25.0,1.2,480,-0.6505820276564778,1304,-13.133959999999897,-0.010072055214723848,0.4570552147239264,0.9372337779837182,23.621159999999847,13,1,949,17.541559999999894,0.01848425711275015,0.49631190727081137,1.0653196767522097,29.178560000000083,9,2,2253,4.407599999999981,0.0019563249001331474,1.0092247524410978,260,-3.647559999999912,0.4576923076923077,261,-11.44927999999999,0.42528735632183906,262,-4.570319999999921,0.4847328244274809,261,8.031999999999952,0.4367816091954023,260,-1.4988000000000299,0.4807692307692308,260,-13.460680000000112,0.4230769230769231,262,15.488280000000012,0.5572519083969466,261,16.26235999999999,0.5325670498084292,166,-0.7484000000000002,0.4578313253012048
asia_body_cont_840|all|TP15_SL25|H480,asia_body_cont_840,all,TP15_SL25,15.0,25.0,0.6,480,-0.6506722064329213,1291,-15.86864000000004,-0.01229174283501165,0.4949651432997676,0.9218715874355986,23.559880000000135,10,2,938,-6.28260000000002,-0.006697867803837974,0.5501066098081023,0.9746369088566139,30.024720000000052,10,2,2229,-22.151240000000065,-0.009937747868999581,0.9508641350269375,258,2.7895600000000194,0.5310077519379846,258,-4.701080000000084,0.49224806201550386,259,-7.504079999999959,0.5019305019305019,258,-6.784080000000056,0.4728682170542636,258,0.3310400000000373,0.47674418604651164,257,-0.7462000000000615,0.5058365758754864,259,7.286760000000049,0.555984555984556,258,-23.21236000000004,0.5155038759689923,164,10.389200000000038,0.6646341463414634
asia_break_retest|w90|TP20_SL20|H480,asia_break_retest,w90,TP20_SL20,20.0,20.0,1.0,480,-0.6523653419752795,872,-12.533049999999776,-0.014372763761467632,0.47477064220183485,0.9286864283696366,24.91199999999989,9,2,568,19.321799999999847,0.03401725352112649,0.49295774647887325,1.1131350297712965,18.940900000000063,9,3,1440,6.788750000000076,0.004714409722222275,1.0195906022247079,154,4.3072000000000354,0.512987012987013,169,-2.7316499999999335,0.48520710059171596,174,-7.716249999999981,0.46551724137931033,184,-8.50374999999991,0.41847826086956524,191,2.1114000000000157,0.4973821989528796,174,-9.196400000000015,0.41379310344827586,169,17.69539999999995,0.5384615384615384,150,1.6632999999998894,0.5,75,9.159500000000026,0.56
asia_body_cont_600|all|TP25_SL20|H720,asia_body_cont_600,all,TP25_SL20,25.0,20.0,1.25,720,-0.6539792297051736,1291,-13.7507999999999,-0.010651278079008444,0.4632068164213788,0.9526919712624748,28.120800000000017,10,2,938,6.214299999999859,0.006625053304903901,0.47654584221748403,1.0180080583184865,31.72084999999997,10,2,2229,-7.536500000000046,-0.003381112606550043,0.9881454909176904,258,3.0739500000000475,0.47674418604651164,258,-9.111150000000032,0.4573643410852713,259,-3.0688999999998945,0.4671814671814672,258,-6.22805000000002,0.4263565891472868,258,1.5833499999999967,0.4883720930232558,257,-7.166450000000063,0.45136186770428016,259,18.406449999999904,0.5173745173745173,258,4.338649999999983,0.49224806201550386,164,-9.364349999999966,0.4268292682926829
asia_body_fade_840|all|TP25_SL20|H1440,asia_body_fade_840,all,TP25_SL20,25.0,20.0,1.25,1440,-0.6542029890675385,1291,-15.649100000000018,-0.012121688613477939,0.48876839659178933,0.9493922680520722,24.56954999999999,11,2,938,-74.17805000000008,-0.07908107675906192,0.4211087420042644,0.820244692226372,83.85890000000013,13,0,2229,-89.8271500000001,-0.04029930462090628,0.87556580188181,258,-7.138749999999981,0.49224806201550386,258,2.5275500000000286,0.5077519379844961,259,-11.156600000000061,0.44787644787644787,258,-0.09629999999997452,0.5,258,0.21499999999996344,0.49612403100775193,257,-4.300350000000073,0.4669260700389105,259,-30.726450000000057,0.39768339768339767,258,-11.995750000000001,0.43410852713178294,164,-27.15549999999996,0.36585365853658536
asia_break_retest|w90|TP25_SL20|H720,asia_break_retest,w90,TP25_SL20,25.0,20.0,1.25,720,-0.6549360361800587,872,-11.95014999999968,-0.013704300458715228,0.4701834862385321,0.9394867834717457,26.543349999999748,11,2,568,23.328099999999928,0.04107059859154917,0.4876760563380282,1.1233748547596265,18.737000000000013,10,3,1440,11.377950000000252,0.007901354166666843,1.0294336164005315,154,2.348999999999967,0.45454545454545453,169,-3.3631999999998126,0.48520710059171596,174,-4.609399999999981,0.4367816091954023,184,-14.698499999999935,0.41847826086956524,191,8.371950000000083,0.5497382198952879,174,-9.558800000000053,0.42528735632183906,169,22.246700000000047,0.5502958579881657,150,0.14019999999993615,0.48,75,10.5,0.5066666666666667
asia_break_retest|w90|TP20_SL15|H1440,asia_break_retest,w90,TP20_SL15,20.0,15.0,1.3333333333333333,1440,-0.6566198052991913,872,-9.441266666666492,-0.010827140672782674,0.463302752293578,0.9660491363229585,32.67386666666652,9,2,568,10.761799999999841,0.018946830985915212,0.4647887323943662,1.0424318253804485,20.66666666666667,9,2,1440,1.3205333333333478,0.000917037037037047,1.0024835506147565,154,0.38146666666666507,0.4675324675324675,169,-3.8095333333332757,0.48520710059171596,174,-8.875133333333352,0.40804597701149425,184,-8.932533333333218,0.44565217391304346,191,11.79446666666669,0.5078534031413613,174,-13.253400000000045,0.4540229885057471,169,21.522333333333254,0.4970414201183432,150,2.8261999999999645,0.46,75,-0.33333333333333703,0.4266666666666667
asia_expansion_fade_10|r140|TP30_SL25|H480,asia_expansion_fade_10,r140,TP30_SL25,30.0,25.0,1.2,480,-0.6599634612408176,261,-8.615719999999964,-0.03301042145593856,0.4827586206896552,0.8326880921938776,11.546759999999923,7,1,241,-6.4575600000001,-0.02679485477178465,0.46887966804979253,0.9211981431855777,15.597320000000071,7,2,502,-15.073280000000064,-0.030026454183267062,0.8870422572364148,41,-2.251239999999971,0.43902439024390244,52,0.27123999999999787,0.5576923076923077,68,-5.767239999999993,0.39705882352941174,41,-0.06260000000000238,0.5365853658536586,59,-0.8058799999999973,0.5084745762711864,61,3.9130799999999732,0.5573770491803278,72,-2.0515599999999896,0.5,72,-8.385080000000071,0.375,36,0.06599999999998407,0.4444444444444444
asia_expansion_fade_10|r140|TP5_SL15|H1440,asia_expansion_fade_10,r140,TP5_SL15,5.0,15.0,0.3333333333333333,1440,-0.6606059102787476,261,-8.188733333333362,-0.031374457215836635,0.6666666666666666,0.8721097912313195,13.877199999999977,5,1,241,-16.10033333333333,-0.06680636237897648,0.6929460580912863,0.7743593432918376,19.999799999999983,3,1,502,-24.289066666666695,-0.048384594953519315,0.8205903339112809,41,-3.7689333333333264,0.5121951219512195,52,-2.1047999999999933,0.6346153846153846,68,-4.3407333333333415,0.6764705882352942,41,3.374533333333314,0.8048780487804879,59,-1.3488000000000147,0.6949152542372882,61,3.2327999999999966,0.7704918032786885,72,-4.370666666666665,0.6944444444444444,72,-9.629133333333328,0.6527777777777778,36,-5.333333333333333,0.6388888888888888
asia_break_10_16|thu_fri|TP5_SL15|H1440,asia_break_10_16,thu_fri,TP5_SL15,5.0,15.0,0.3333333333333333,1440,-0.6608638618243101,482,-9.420866666666651,-0.019545366528354046,0.6348547717842323,0.9129492817590391,19.622999999999873,6,1,324,19.96019999999998,0.06160555555555549,0.7716049382716049,1.3165615877402863,3.9146666666666876,3,4,806,10.539333333333333,0.013076095947063689,1.0615342577938593,97,-2.2998666666666105,0.5051546391752577,97,-6.4458666666666895,0.5670103092783505,91,-4.4741333333333255,0.6593406593406593,97,-4.147599999999984,0.6804123711340206,100,7.9465999999999575,0.76,98,7.704666666666661,0.7448979591836735,99,1.3499999999999823,0.7474747474747475,81,7.572200000000004,0.8148148148148148,46,3.3333333333333326,0.8043478260869565
asia_break_09_14|all|TP25_SL20|H1440,asia_break_09_14,all,TP25_SL20,25.0,20.0,1.25,1440,-0.6608849358652478,1099,-14.207149999999817,-0.012927343039126312,0.46860782529572337,0.9483942338148423,25.46714999999987,8,2,722,11.450399999999988,0.015859279778393336,0.47229916897506924,1.0412901029638226,26.7761,9,2,1821,-2.7567499999998333,-0.001513866007687992,0.9950114676979531,224,0.8231499999999523,0.4642857142857143,215,-10.6196499999999,0.46511627906976744,209,5.698150000000078,0.47368421052631576,223,-7.778749999999991,0.4484304932735426,228,-2.330049999999962,0.49122807017543857,219,-8.72185000000002,0.45662100456621,221,19.553499999999964,0.502262443438914,189,-6.29674999999995,0.455026455026455,93,6.915499999999998,0.4731182795698925
inside_prevday_asia_break|all|TP40_SL30|H720,inside_prevday_asia_break,all,TP40_SL30,40.0,30.0,1.3333333333333333,720,-0.6659917543872584,697,-13.787733333333232,-0.019781539933046245,0.4734576757532281,0.8745969282262422,18.577566666666588,8,2,434,21.130033333333238,0.04868671274961575,0.49078341013824883,1.2021535586496317,10.696433333333385,7,3,1131,7.342300000000011,0.006491865605658719,1.0342343056436272,139,0.32963333333331496,0.4460431654676259,149,-6.721566666666589,0.4563758389261745,125,6.1759000000000315,0.528,138,-7.243099999999965,0.43478260869565216,146,-6.328600000000021,0.5068493150684932,149,0.8233666666666597,0.4563758389261745,142,9.639199999999992,0.5352112676056338,92,-3.206866666666717,0.43478260869565216,51,13.874333333333302,0.5686274509803921
asia_body_cont_600|all|TP15_SL20|H480,asia_body_cont_600,all,TP15_SL20,15.0,20.0,0.75,480,-0.6697282483046902,1291,-16.798149999999865,-0.013011735089078129,0.47714949651433,0.9328312449080582,28.585099999999905,10,3,938,1.5883999999999343,0.0016933901918975845,0.5309168443496801,1.0055859909929235,20.405200000000015,9,2,2229,-15.209749999999936,-0.006823575594436938,0.9715409287371086,258,0.8027000000000835,0.49224806201550386,258,-11.916949999999986,0.4573643410852713,259,-8.315349999999897,0.47876447876447875,258,1.516549999999984,0.45348837209302323,258,1.114899999999957,0.5038759689922481,257,-14.914900000000092,0.44357976653696496,259,11.467300000000034,0.5637065637065637,258,6.208850000000005,0.562015503875969,164,-1.1728500000000173,0.5670731707317073
asia_break_retest|w90|TP15_SL15|H720,asia_break_retest,w90,TP15_SL15,15.0,15.0,1.0,720,-0.6702897484643101,872,-10.385066666666367,-0.011909480122323814,0.4782110091743119,0.9582649251332096,31.350666666666406,11,2,568,-3.348600000000051,-0.005895422535211357,0.4841549295774648,0.985185593727981,22.2693333333333,8,2,1440,-13.733666666666421,-0.009537268518518348,0.9710790901702605,154,2.461999999999973,0.45454545454545453,169,-3.691799999999831,0.48520710059171596,174,-2.680066666666623,0.45977011494252873,184,-18.238533333333258,0.43478260869565216,191,11.763333333333367,0.5497382198952879,174,-12.705800000000075,0.43103448275862066,169,15.265666666666629,0.5443786982248521,150,1.0915333333333983,0.49333333333333335,75,-7.0,0.4533333333333333
asia_mid_cont_840|all|TP10_SL20|H720,asia_mid_cont_840,all,TP10_SL20,10.0,20.0,0.5,720,-0.6714177029449095,1305,-12.960000000000015,-0.009931034482758632,0.5164750957854406,0.9467676001162405,25.467650000000038,11,1,949,-31.44405000000012,-0.03313387776606967,0.5679662802950474,0.8853733507681433,39.93005000000009,7,0,2254,-44.404050000000126,-0.019700110913930844,0.9142411171122904,261,-1.843150000000037,0.4674329501915709,261,-8.489250000000062,0.46360153256704983,262,-0.8086499999999772,0.5572519083969466,261,-9.131799999999942,0.5134099616858238,260,7.312850000000002,0.5807692307692308,260,-17.976250000000043,0.47692307692307695,262,-2.9861000000000777,0.5572519083969466,261,-2.727350000000026,0.6283524904214559,166,-7.754349999999977,0.6325301204819277
prevclose_cont_840|all|TP10_SL20|H720,prevclose_cont_840,all,TP10_SL20,10.0,20.0,0.5,720,-0.6726010272947833,1304,-13.884000000000139,-0.010647239263803787,0.5176380368098159,0.9429827137090757,23.781050000000175,10,1,949,-15.726650000000188,-0.016571812434141398,0.58377239199157,0.9403189800834303,24.053550000000087,9,0,2253,-29.610650000000334,-0.013142765201953099,0.941598292048873,260,-3.1163500000001254,0.46153846153846156,261,-10.724750000000054,0.46360153256704983,262,-2.519099999999993,0.5534351145038168,261,-5.021099999999969,0.5287356321839081,260,7.497299999999996,0.5807692307692308,260,-9.34480000000008,0.5153846153846153,262,-0.6438000000001134,0.5687022900763359,261,-3.9837000000000238,0.6206896551724138,166,-1.7543499999999768,0.6566265060240963
asia_mid_cont_840|all|TP15_SL15|H480,asia_mid_cont_840,all,TP15_SL15,15.0,15.0,1.0,480,-0.6742769802041506,1305,-11.80500000000028,-0.009045977011494467,0.4666666666666667,0.9643099151016367,28.0236666666669,11,1,949,-62.07580000000007,-0.06541180189673348,0.44783983140147526,0.8441464861040461,69.51126666666671,9,0,2254,-73.88080000000033,-0.03277763975155294,0.8986629265687253,261,-2.7107333333333523,0.4521072796934866,261,-4.569733333333472,0.42911877394636017,262,-0.8759333333333896,0.48091603053435117,261,-10.351266666666712,0.47126436781609193,260,6.702666666666648,0.5,260,-12.884266666666658,0.4346153846153846,262,-8.04186666666669,0.4618320610687023,261,-11.014800000000044,0.47509578544061304,166,-30.134866666666674,0.4036144578313253
inside_prevday_asia_break|all|TP30_SL25|H720,inside_prevday_asia_break,all,TP30_SL25,30.0,25.0,1.2,720,-0.6748836884122024,697,-13.676839999999865,-0.01962243902439005,0.4734576757532281,0.8936178355125981,19.703999999999965,8,2,434,12.459719999999955,0.028709032258064413,0.4792626728110599,1.1013945234008513,17.312200000000015,8,2,1131,-1.2171199999999178,-0.0010761450044207937,0.9951595335220762,139,0.3955599999999778,0.4460431654676259,149,-7.06571999999991,0.4563758389261745,125,7.201720000000032,0.528,138,-8.20015999999996,0.43478260869565216,146,-6.008240000000008,0.5068493150684932,149,-0.40715999999999397,0.4563758389261745,142,11.366400000000011,0.5352112676056338,92,-11.52912000000002,0.391304347826087,51,13.029599999999952,0.5490196078431373
asia_body_fade_600|all|TP10_SL20|H1440,asia_body_fade_600,all,TP10_SL20,10.0,20.0,0.5,1440,-0.6767660485236875,1291,-16.49880000000003,-0.012779860573199095,0.5546088303640588,0.943556670743996,19.08604999999997,9,1,938,-37.12915000000002,-0.039583315565032,0.6044776119402985,0.8775228705628237,48.6253,6,0,2229,-53.62795000000004,-0.02405919694930464,0.9099384751982522,258,-6.125950000000011,0.5038759689922481,258,-2.782299999999906,0.5077519379844961,259,-1.508350000000021,0.5945945945945946,258,0.7344999999999695,0.5968992248062015,258,-6.8167000000000595,0.5697674418604651,257,-1.9957000000000107,0.5680933852140078,259,-11.896399999999982,0.61003861003861,258,-22.737050000000025,0.5968992248062015,164,-0.5,0.6646341463414634
impulse60_cont_600|s040|TP40_SL30|H480,impulse60_cont_600,s040,TP40_SL30,40.0,30.0,1.3333333333333333,480,-0.6799268945619317,728,-14.023733333333265,-0.01926336996336987,0.46565934065934067,0.859578714783033,14.139233333333255,8,1,517,-9.217066666666579,-0.017827981947130714,0.45454545454545453,0.9346788203672289,19.504400000000025,8,1,1245,-23.24079999999984,-0.018667309236947663,0.9035542600658668,150,-6.201133333333321,0.4,145,-6.841033333333348,0.4206896551724138,148,6.974300000000055,0.5202702702702703,132,-2.501733333333315,0.49242424242424243,153,-5.454133333333333,0.49673202614379086,140,-6.189733333333379,0.4142857142857143,144,-2.2595333333333123,0.4722222222222222,136,1.4395333333333493,0.47794117647058826,97,-2.2073333333332386,0.4536082474226804
asia_mid_cont_600|all|TP40_SL30|H1440,asia_mid_cont_600,all,TP40_SL30,40.0,30.0,1.3333333333333333,1440,-0.680503215469626,1305,-14.388999999999953,-0.011026053639846708,0.4674329501915709,0.9366679386776282,23.301533333333218,10,1,949,21.221399999999914,0.022361854583772302,0.4794520547945205,1.0716959050892627,22.550966666666717,9,2,2254,6.832399999999971,0.003031233362910369,1.0130590906458463,261,-3.3082999999999405,0.4367816091954023,261,-9.809766666666619,0.47509578544061304,262,-1.4470666666665863,0.46564885496183206,261,6.60206666666664,0.4942528735632184,260,-6.42593333333345,0.4653846153846154,260,-7.664700000000055,0.4423076923076923,262,12.086633333333324,0.5114503816793893,261,-2.7613999999999894,0.4789272030651341,166,19.560866666666648,0.4879518072289157
inside_prevday_asia_break|all|TP15_SL15|H720,inside_prevday_asia_break,all,TP15_SL15,15.0,15.0,1.0,720,-0.6813927697839244,697,-13.458933333333153,-0.01930980392156837,0.4806312769010043,0.9325384108746416,21.207133333333292,8,2,434,5.6979999999999675,0.013129032258064442,0.49078341013824883,1.0338654921452026,19.022666666666677,7,2,1131,-7.760933333333179,-0.0068620100206305745,0.9788966868701153,139,-0.3942666666666804,0.4460431654676259,149,-9.020066666666542,0.44966442953020136,125,8.202666666666662,0.544,138,-12.688999999999925,0.4420289855072464,146,0.4417333333333322,0.5273972602739726,149,-5.364933333333343,0.44966442953020136,142,16.976933333333314,0.5492957746478874,92,-12.914000000000001,0.42391304347826086,51,7.0,0.5686274509803921
asia_body_fade_600|all|TP15_SL20|H1440,asia_body_fade_600,all,TP15_SL20,15.0,20.0,0.75,1440,-0.689304203744411,1291,-17.377350000000014,-0.013460379550735875,0.5166537567776918,0.9449452909402343,18.310350000000003,9,1,938,-65.38979999999997,-0.06971194029850743,0.5085287846481876,0.8221756773165334,75.93934999999993,8,0,2229,-82.76714999999997,-0.03713196500672946,0.8788819262256219,258,-7.732649999999977,0.49612403100775193,258,2.9841500000000796,0.5,259,-4.137350000000026,0.5328185328185329,258,-2.0754999999999972,0.5348837209302325,258,-6.416000000000087,0.5193798449612403,257,-1.2949500000000045,0.5097276264591439,259,-26.895599999999934,0.4942084942084942,258,-28.94925000000003,0.5,164,-8.25,0.5426829268292683
prevday_liquidity_sweep|all|TP15_SL25|H720,prevday_liquidity_sweep,all,TP15_SL25,15.0,25.0,0.6,720,-0.6904422860679273,673,-12.562519999999967,-0.018666448736998464,0.5096582466567607,0.898852365671325,17.730880000000024,6,1,445,-22.985039999999977,-0.05165177528089882,0.5146067415730337,0.8251970171065544,26.60852000000004,6,1,1118,-35.547559999999955,-0.03179567084078708,0.8609745139210243,131,1.3506000000000127,0.5190839694656488,121,-2.343240000000006,0.5289256198347108,143,-4.853199999999962,0.5034965034965035,141,-6.261480000000047,0.5106382978723404,137,-0.45519999999996963,0.48905109489051096,135,-2.583039999999947,0.4888888888888889,129,-7.470320000000003,0.4806201550387597,116,2.4683199999999683,0.603448275862069,65,-15.399999999999999,0.47692307692307695
asia_break_10_16|all|TP10_SL25|H720,asia_break_10_16,all,TP10_SL25,10.0,25.0,0.4,720,-0.6908730471037519,1191,-13.345279999999896,-0.011205104953820232,0.5163727959697733,0.9307092462092605,24.687799999999886,8,1,801,8.46044000000001,0.010562347066167304,0.616729088639201,1.0486720134829424,16.68495999999995,8,3,1992,-4.884839999999887,-0.002452228915662594,0.986668880496422,232,-0.3056799999999824,0.47844827586206895,239,-9.106720000000013,0.47280334728033474,231,-3.2559999999999287,0.5411255411255411,241,-8.86707999999994,0.48132780082987553,248,8.190199999999967,0.6048387096774194,241,-10.713599999999978,0.4730290456431535,240,9.874480000000068,0.6333333333333333,206,7.0995599999999275,0.7038834951456311,114,2.199999999999999,0.7280701754385965
prevday_liquidity_sweep|all|TP10_SL20|H480,prevday_liquidity_sweep,all,TP10_SL20,10.0,20.0,0.5,480,-0.693449262677371,673,-11.562299999999937,-0.01718023774145607,0.5586924219910847,0.9132807446172196,20.694099999999896,7,1,445,-24.87870000000005,-0.05590719101123607,0.5550561797752809,0.8161006797903818,32.73710000000008,5,0,1118,-36.44099999999998,-0.03259481216457959,0.8643372326001639,131,4.2186999999999895,0.5877862595419847,121,-3.1375000000000006,0.5619834710743802,143,-6.5239499999998785,0.5104895104895105,141,-5.356400000000017,0.5531914893617021,137,-0.7631500000000315,0.583941605839416,135,-4.825349999999935,0.4962962962962963,129,-6.304850000000078,0.5503875968992248,116,-7.248500000000036,0.603448275862069,65,-6.5,0.6
asia_body_cont_600|all|TP15_SL25|H720,asia_body_cont_600,all,TP15_SL25,15.0,25.0,0.6,720,-0.6971523597322733,1291,-15.744199999999982,-0.012195352439969002,0.4810224632068164,0.9314440510616894,27.01708,10,2,938,1.7618399999999297,0.0018782942430702876,0.55863539445629,1.0068906543915834,16.400320000000118,10,2,2229,-13.982360000000057,-0.006272929564827302,0.9711905999132154,258,2.00836000000003,0.47674418604651164,258,-9.24948000000004,0.46511627906976744,259,-5.8670799999999605,0.4942084942084942,258,-2.861599999999979,0.4496124031007752,258,0.22559999999996982,0.5193798449612403,257,-10.585600000000056,0.46303501945525294,259,7.759759999999899,0.5521235521235521,258,6.343160000000081,0.6201550387596899,164,-1.755479999999988,0.6219512195121951
impulse60_cont_600|s040|TP20_SL15|H1440,impulse60_cont_600,s040,TP20_SL15,20.0,15.0,1.3333333333333333,1440,-0.6975718936432254,728,-11.709866666666535,-0.016084981684981504,0.46703296703296704,0.9496431979986639,27.566933333333292,7,2,517,-24.22740000000023,-0.04686150870406234,0.4197292069632495,0.904999132104197,30.86020000000022,9,1,1245,-35.93726666666677,-0.028865274431057648,0.9262917327381891,150,-12.088533333333347,0.43333333333333335,145,-13.627133333333237,0.42758620689655175,148,13.042333333333373,0.5135135135135135,132,-4.139533333333311,0.4621212121212121,153,5.102999999999988,0.49673202614379086,140,-16.354466666666774,0.39285714285714285,144,-1.8914666666667967,0.4444444444444444,136,0.01853333333334284,0.4338235294117647,97,-6.000000000000006,0.4020618556701031
asia_mid_cont_840|all|TP15_SL20|H1440,asia_mid_cont_840,all,TP15_SL20,15.0,20.0,0.75,1440,-0.6988745565197854,1305,-12.79899999999991,-0.009807662835248974,0.48582375478927203,0.9575694618144223,27.739249999999984,6,1,949,-27.43039999999992,-0.02890453108535292,0.5205479452054794,0.9200756400338576,41.742599999999925,8,0,2254,-40.22939999999983,-0.01784800354924571,0.937614372448682,261,-3.2797500000000035,0.4329501915708812,261,-12.611400000000026,0.4521072796934866,262,-0.14404999999991452,0.5190839694656488,261,-5.642750000000002,0.4942528735632184,260,8.878950000000032,0.5307692307692308,260,-7.827849999999992,0.48846153846153845,262,-3.9061999999999215,0.5152671755725191,261,-1.1463500000000035,0.5593869731800766,166,-14.55,0.5180722891566265
asia_break_10_16|mon|TP10_SL20|H480,asia_break_10_16,mon,TP10_SL20,10.0,20.0,0.5,480,-0.7000552561990792,223,-8.785449999999898,-0.03939663677129999,0.4663677130044843,0.786843701475157,9.940449999999917,8,1,147,-7.012950000000056,-0.04770714285714324,0.4965986394557823,0.8177252005219012,11.51295000000006,7,2,370,-15.798399999999958,-0.04269837837837827,0.8017532808135467,40,1.0638500000000248,0.55,46,-3.1274499999999654,0.391304347826087,44,-0.041499999999962345,0.5227272727272727,45,-4.266449999999986,0.37777777777777777,48,-2.413900000000013,0.5,43,-8.438650000000019,0.2558139534883721,45,0.7099500000000036,0.5333333333333333,41,-0.784250000000043,0.6097560975609756,18,1.5,0.7222222222222222
asia_body_cont_840|all|TP10_SL25|H480,asia_body_cont_840,all,TP10_SL25,10.0,25.0,0.4,480,-0.7045760514517041,1291,-17.578960000000073,-0.013616545313710359,0.52285050348567,0.9090433631152014,23.809040000000117,8,2,938,-6.222000000000009,-0.006633262260127942,0.6130063965884861,0.9704481171147483,23.12240000000003,8,2,2229,-23.80096000000008,-0.01067786451323467,0.9410593690476694,258,1.5658400000000068,0.5310077519379846,258,-7.2153200000000925,0.49612403100775193,259,-4.445959999999978,0.5482625482625483,258,-9.851120000000053,0.49612403100775193,258,2.3676000000000417,0.5426356589147286,257,-5.181640000000059,0.5330739299610895,259,6.593320000000058,0.6023166023166023,258,-13.590480000000044,0.624031007751938,164,5.9568000000000385,0.7378048780487805
asia_mid_cont_840|all|TP15_SL15|H1440,asia_mid_cont_840,all,TP15_SL15,15.0,15.0,1.0,1440,-0.7073279607803498,1305,-15.868666666666531,-0.012159897828863241,0.47586206896551725,0.9596435927188588,27.99886666666654,6,2,949,-53.29626666666655,-0.056160449596065906,0.46469968387776606,0.8754700187283161,65.01019999999991,9,0,2254,-69.16493333333307,-0.03068541851523206,0.9157750026445286,261,-3.7893999999999934,0.4329501915708812,261,-13.928133333333365,0.4521072796934866,262,6.68473333333345,0.5076335877862596,261,-8.583666666666645,0.4789272030651341,260,3.747800000000024,0.5076923076923077,260,-7.639199999999984,0.46923076923076923,262,-7.918399999999867,0.4770992366412214,261,-6.672000000000027,0.48659003831417624,166,-31.066666666666666,0.4036144578313253
asia_body_fade_840|all|TP40_SL30|H480,asia_body_fade_840,all,TP40_SL30,40.0,30.0,1.3333333333333333,480,-0.7093626627505178,1291,-17.737266666666756,-0.013739168603150081,0.4786986831913246,0.9009343800435228,18.392966666666737,7,1,938,-42.83246666666665,-0.04566361051883438,0.44243070362473347,0.8469480830246625,47.02303333333327,13,1,2229,-60.56973333333339,-0.027173500822491425,0.86801145314938,258,-6.356500000000052,0.43410852713178294,258,0.05170000000002051,0.4728682170542636,259,-4.448100000000051,0.47104247104247104,258,-1.7769999999999373,0.5,258,-5.2073666666667355,0.5155038759689923,257,-4.459700000000052,0.4669260700389105,259,-20.54253333333329,0.42084942084942084,258,10.453133333333348,0.49224806201550386,164,-28.283366666666645,0.3597560975609756
asia_body_cont_600|all|TP15_SL20|H720,asia_body_cont_600,all,TP15_SL20,15.0,20.0,0.75,720,-0.7094114098595684,1291,-14.595799999999963,-0.0113058094500387,0.47947327652982186,0.9480767298136896,30.18690000000004,10,2,938,7.31349999999991,0.007796908315564936,0.5373134328358209,1.0242157688411413,18.4243,10,2,2229,-7.282300000000058,-0.0032670704351727494,0.9875114299492449,258,2.7604500000000365,0.47674418604651164,258,-10.018150000000038,0.46511627906976744,259,-3.842949999999939,0.49034749034749037,258,-6.237649999999999,0.44573643410852715,258,2.7424999999999713,0.5193798449612403,257,-11.355150000000059,0.46303501945525294,259,11.271449999999927,0.5405405405405406,258,8.09155000000003,0.5852713178294574,164,-0.6943499999999858,0.573170731707317
impulse60_fade_600|s040|TP40_SL30|H1440,impulse60_fade_600,s040,TP40_SL30,40.0,30.0,1.3333333333333333,1440,-0.7168851588099963,728,-11.657299999999982,-0.0160127747252747,0.48626373626373626,0.9056231207283764,28.397433333333296,9,2,517,-1.4014666666665483,-0.002710767246937231,0.4912959381044487,0.9918482602228297,21.288366666666597,11,1,1245,-13.058766666666525,-0.010488969210173915,0.9557990709933064,150,3.8807333333333354,0.5333333333333333,145,8.129433333333372,0.5172413793103449,148,-15.112666666666671,0.41216216216216217,132,-0.15813333333333013,0.5151515151515151,153,-8.396666666666684,0.45751633986928103,140,5.939266666666678,0.5928571428571429,144,-2.0397999999999232,0.4861111111111111,136,-3.8479333333332946,0.4338235294117647,97,-1.4530000000000103,0.4329896907216495
asia_mid_cont_600|all|TP25_SL20|H1440,asia_mid_cont_600,all,TP25_SL20,25.0,20.0,1.25,1440,-0.7210027731775864,1305,-15.063299999999852,-0.011542758620689542,0.4681992337164751,0.9538394285800968,30.319399999999746,10,2,949,23.06094999999972,0.024300263435194647,0.47523709167544786,1.0619284326400948,27.749250000000085,9,3,2254,7.997649999999869,0.0035482031943211484,1.0114463966603338,261,-5.2517499999999115,0.4367816091954023,261,-11.726899999999908,0.47509578544061304,262,1.463150000000109,0.46564885496183206,261,2.0164499999999714,0.48659003831417624,260,-1.5642500000001194,0.47692307692307695,260,-14.5233500000001,0.4423076923076923,262,20.80489999999984,0.5152671755725191,261,14.179399999999987,0.4827586206896552,166,2.5999999999999996,0.45180722891566266
asia_body_cont_600|all|TP20_SL15|H720,asia_body_cont_600,all,TP20_SL15,20.0,15.0,1.3333333333333333,720,-0.7214771133834523,1291,-13.263066666666658,-0.010273483088045435,0.4562354763749032,0.9647707600814849,33.68666666666677,10,2,938,15.331333333333163,0.0163447050461974,0.4552238805970149,1.0377585195153274,20.691800000000015,10,2,2229,2.068266666666503,0.0009278899356960533,1.002643100497285,258,5.132466666666717,0.47674418604651164,258,-9.269133333333336,0.46124031007751937,259,-6.423933333333304,0.444015444015444,258,-7.775266666666694,0.42248062015503873,258,5.072799999999958,0.47674418604651164,257,-8.062866666666743,0.4474708171206226,259,19.878866666666628,0.4826254826254826,258,13.157799999999941,0.46511627906976744,164,-9.642466666666653,0.40853658536585363
normal_range_mid_cont_14|r080_120|TP30_SL25|H1440,normal_range_mid_cont_14,r080_120,TP30_SL25,30.0,25.0,1.2,1440,-0.7223928533900938,521,-11.139200000000066,-0.021380422264875368,0.4472168905950096,0.8907087955322778,19.501160000000077,11,1,330,-1.8220799999999486,-0.005521454545454389,0.4636363636363636,0.9835852848449651,20.01659999999996,8,1,851,-12.961280000000016,-0.015230646298472405,0.939127497639545,106,-5.140520000000052,0.39622641509433965,96,-6.444640000000027,0.4270833333333333,99,-2.0755999999999215,0.46464646464646464,121,-4.4456400000000675,0.45454545454545453,99,6.967200000000002,0.494949494949495,95,-2.7318800000000554,0.45263157894736844,101,-3.7784399999999194,0.44554455445544555,80,-6.262959999999985,0.4625,54,10.951200000000007,0.5185185185185185
prevday_liquidity_sweep|all|TP10_SL25|H720,prevday_liquidity_sweep,all,TP10_SL25,10.0,25.0,0.4,720,-0.7227193652828146,673,-13.018599999999957,-0.019344130757800827,0.5408618127786032,0.889344929735824,18.583879999999937,5,1,445,-16.775159999999993,-0.037696988764044925,0.5955056179775281,0.8502908123433088,22.916280000000015,5,0,1118,-29.79375999999995,-0.026649159212880098,0.8702938138261971,131,2.9216799999999976,0.5343511450381679,121,-2.801680000000014,0.5454545454545454,143,-7.766919999999935,0.5384615384615384,141,-3.713360000000028,0.5460992907801419,137,-1.6583199999999765,0.5401459854014599,135,-0.6039599999999508,0.5333333333333333,129,-4.143120000000034,0.5813953488372093,116,-4.4280800000000085,0.6637931034482759,65,-7.599999999999999,0.6307692307692307
asia_body_cont_600|all|TP10_SL25|H480,asia_body_cont_600,all,TP10_SL25,10.0,25.0,0.4,480,-0.7276012630446871,1291,-15.917959999999926,-0.012329945778466248,0.5050348567002324,0.9168645564688399,23.196880000000025,10,1,938,-3.2926000000000433,-0.003510234541577871,0.6119402985074627,0.9840730963901272,17.543199999999953,9,2,2229,-19.21055999999996,-0.008618465679676966,0.9517567659602848,258,-0.5111199999999365,0.49224806201550386,258,-8.844119999999984,0.46124031007751937,259,-6.386119999999945,0.528957528957529,258,2.0744800000000225,0.5,258,-2.2510800000000826,0.5426356589147286,257,-11.495760000000017,0.48249027237354086,259,6.454600000000001,0.6216216216216216,258,2.030439999999996,0.6666666666666666,164,-0.28188000000002233,0.7134146341463414
asia_body_fade_840|all|TP15_SL25|H480,asia_body_fade_840,all,TP15_SL25,15.0,25.0,0.6,480,-0.7295486723501627,1291,-17.591600000000092,-0.013626336173508979,0.49264136328427577,0.9150902104972737,20.197719999999997,7,1,938,-51.21312000000011,-0.054598208955224,0.5074626865671642,0.8128946564274163,55.76991999999976,10,1,2229,-68.8047200000002,-0.030867976671153072,0.8569229090301732,258,-7.6422800000000555,0.43410852713178294,258,-1.226359999999959,0.4728682170542636,259,-7.566240000000063,0.4942084942084942,258,1.7268000000000856,0.5116279069767442,258,-2.8835200000000993,0.5503875968992248,257,-8.449000000000053,0.4785992217898833,259,-22.542640000000027,0.4555984555984556,258,3.9417199999999664,0.5736434108527132,164,-24.163199999999996,0.5304878048780488
inside_prevday_asia_break|all|TP15_SL20|H720,inside_prevday_asia_break,all,TP15_SL20,15.0,20.0,0.75,720,-0.7296718984580127,697,-13.349449999999852,-0.01915272596843594,0.48923959827833574,0.9133291327070058,19.112749999999906,8,1,434,5.140599999999983,0.011844700460829454,0.5230414746543779,1.0385274200396395,18.4683,7,2,1131,-8.208849999999867,-0.007258045977011377,0.9714426806312162,139,-0.16905000000001622,0.4460431654676259,149,-6.577199999999905,0.4563758389261745,125,4.469100000000003,0.552,138,-10.133299999999927,0.4492753623188406,146,-0.9390000000000089,0.547945205479452,149,-3.596349999999995,0.46308724832214765,142,16.49504999999997,0.5845070422535211,92,-12.758099999999992,0.4673913043478261,51,5.0,0.6274509803921569
asia_break_retest|w90|TP15_SL15|H480,asia_break_retest,w90,TP15_SL15,15.0,15.0,1.0,480,-0.7330376224874666,872,-12.73739999999981,-0.014607110091742903,0.47477064220183485,0.9443258468219923,30.037333333333194,9,2,568,-4.340200000000246,-0.007641197183099025,0.4735915492957746,0.9796842497467656,21.939133333333366,7,2,1440,-17.077600000000054,-0.011859444444444481,0.9613997495603743,154,5.187866666666711,0.512987012987013,169,-3.7829333333332533,0.48520710059171596,174,-4.720933333333276,0.46551724137931033,184,-14.128466666666599,0.41847826086956524,191,4.707066666666606,0.4973821989528796,174,-9.957933333333374,0.41954022988505746,169,12.40166666666655,0.5207100591715976,150,0.21606666666657226,0.49333333333333335,75,-7.0,0.4533333333333333
prevday_liquidity_sweep|all|TP15_SL20|H720,prevday_liquidity_sweep,all,TP15_SL20,15.0,20.0,0.75,720,-0.7354802261061949,673,-13.30090000000002,-0.019763595839524545,0.5081723625557206,0.9125502021564448,19.018550000000054,6,1,445,-28.587749999999993,-0.06424213483146066,0.4943820224719101,0.8192350556042965,34.53645000000004,9,1,1118,-41.88865000000002,-0.03746748658318427,0.864982596085755,131,1.7306500000000147,0.5190839694656488,121,-2.5390000000000095,0.5289256198347108,143,-2.950649999999962,0.5034965034965035,141,-7.585150000000091,0.5106382978723404,137,-1.9567499999999767,0.48175182481751827,135,-6.978799999999932,0.4740740740740741,129,-8.747400000000027,0.4728682170542636,116,1.3884499999999669,0.5689655172413793,65,-14.25,0.4461538461538462
prevday_liquidity_sweep|all|TP20_SL20|H480,prevday_liquidity_sweep,all,TP20_SL20,20.0,20.0,1.0,480,-0.7355507851524086,673,-11.965299999999857,-0.017779049034175123,0.5274888558692422,0.914583174199555,22.482599999999895,7,1,445,-38.3092500000001,-0.08608820224719123,0.449438202247191,0.7680619046480245,44.79910000000016,9,0,1118,-50.274549999999955,-0.04496829159212876,0.8353011918534704,131,2.7244500000000125,0.5725190839694656,121,-2.9767499999999587,0.5454545454545454,143,-2.1058499999998395,0.4825174825174825,141,-8.862900000000046,0.5177304964539007,137,-0.7442500000000223,0.5255474452554745,135,-5.558899999999926,0.4666666666666667,129,-9.9822500000001,0.4573643410852713,116,-8.258100000000077,0.45689655172413796,65,-14.509999999999991,0.38461538461538464
prevclose_cont_600|all|TP20_SL20|H480,prevclose_cont_600,all,TP20_SL20,20.0,20.0,1.0,480,-0.7362024621078157,1304,-17.12634999999983,-0.013133703987729933,0.45858895705521474,0.9335684340531045,27.243049999999766,13,2,949,23.44409999999991,0.024704004214963025,0.505795574288725,1.0784723200816182,24.317650000000032,12,2,2253,6.31775000000008,0.0028041500221926675,1.0113514123437033,260,-4.349449999999887,0.4576923076923077,261,-13.850049999999978,0.42528735632183906,262,-5.377149999999916,0.48854961832061067,261,5.725549999999965,0.4367816091954023,260,0.7247499999999834,0.4846153846153846,260,-15.49740000000013,0.4269230769230769,262,18.072550000000028,0.549618320610687,261,22.283450000000016,0.5478927203065134,166,-1.4144999999999985,0.4939759036144578
asia_mid_cont_600|all|TP15_SL20|H480,asia_mid_cont_600,all,TP15_SL20,15.0,20.0,0.75,480,-0.7417194377722014,1305,-13.920649999999949,-0.010667164750957815,0.4681992337164751,0.9440416596822505,28.345249999999858,9,1,949,0.610149999999841,0.0006429399367753857,0.5216016859852476,1.0021325162328465,21.443850000000076,8,2,2254,-13.310500000000106,-0.005905279503105637,0.9751152349428054,261,-4.360149999999988,0.4559386973180077,261,-13.45109999999994,0.4061302681992337,262,-1.027299999999899,0.5038167938931297,261,8.849599999999942,0.4827586206896552,260,-3.931700000000057,0.49230769230769234,260,-12.278650000000097,0.4423076923076923,262,10.095799999999997,0.5419847328244275,261,5.816999999999965,0.5593869731800766,166,-3.0240000000000222,0.5542168674698795
asia_body_fade_600|all|TP20_SL15|H1440,asia_body_fade_600,all,TP20_SL15,20.0,15.0,1.3333333333333333,1440,-0.7427588695190402,1291,-17.251400000000032,-0.013362819519752156,0.4872192099147947,0.9583138142366222,22.28593333333347,9,1,938,-74.70520000000016,-0.07964307036247352,0.42430703624733473,0.8405800689021744,93.84946666666669,12,1,2229,-91.9566000000002,-0.04125464333781974,0.8957935260562077,258,-8.872599999999967,0.49612403100775193,258,10.47393333333342,0.49612403100775193,259,-7.602866666666708,0.4749034749034749,258,-1.83706666666669,0.49612403100775193,258,-9.412800000000079,0.4728682170542636,257,9.137066666666618,0.49416342412451364,259,-27.69620000000006,0.4362934362934363,258,-41.47940000000003,0.3643410852713178,164,-14.666666666666675,0.3902439024390244
prevclose_cont_600|all|TP25_SL20|H480,prevclose_cont_600,all,TP25_SL20,25.0,20.0,1.25,480,-0.7428718309157842,1304,-17.01159999999983,-0.013045705521472262,0.4562883435582822,0.9343430532626144,27.909849999999768,13,2,949,25.836949999999966,0.027225447839831367,0.48998946259220233,1.0833497186695569,31.412199999999984,12,3,2253,8.825350000000132,0.00391715490457174,1.015508081718463,260,-4.5032999999998875,0.4576923076923077,261,-14.070399999999974,0.42528735632183906,262,-5.307549999999901,0.4847328244274809,261,5.661499999999944,0.4329501915708812,260,1.2081499999999772,0.4807692307692308,260,-13.817450000000136,0.4230769230769231,262,19.029450000000043,0.549618320610687,261,18.545450000000002,0.5210727969348659,166,2.0795000000000545,0.45180722891566266
prevclose_cont_840|all|TP5_SL15|H1440,prevclose_cont_840,all,TP5_SL15,5.0,15.0,0.3333333333333333,1440,-0.7429461381758524,1304,-14.528533333333414,-0.011141513292433599,0.6388036809815951,0.9478769086822226,27.3460666666667,6,1,949,-8.923466666666688,-0.00940302072356869,0.7165437302423604,0.9618399456957897,25.24513333333331,5,2,2253,-23.452000000000098,-0.010409232134931246,0.9542469812411063,260,-5.014533333333402,0.49615384615384617,261,-8.178266666666687,0.5823754789272031,262,-0.9658666666666758,0.7099236641221374,261,-1.2650666666666233,0.7011494252873564,260,0.895199999999972,0.7038461538461539,260,2.895466666666618,0.6884615384615385,262,-2.775133333333319,0.7251908396946565,261,-14.64379999999998,0.7011494252873564,166,5.599999999999995,0.7710843373493976
trend_pullback_600|f025|TP40_SL30|H720,trend_pullback_600,f025,TP40_SL30,40.0,30.0,1.3333333333333333,720,-0.7458782723516095,813,-15.164499999999999,-0.01865252152521525,0.4440344403444034,0.88509981201664,18.070399999999964,8,1,590,0.43529999999998203,0.000737796610169461,0.46440677966101696,1.0025467742322378,16.472566666666673,7,2,1403,-14.72920000000002,-0.01049836065573772,0.9513730299450119,152,-5.4808000000000225,0.39473684210526316,152,-9.252666666666672,0.42105263157894735,168,6.968466666666714,0.5238095238095238,184,-6.677166666666654,0.40217391304347827,157,-0.7223333333333659,0.47770700636942676,166,-8.050966666666689,0.39759036144578314,169,-0.005033333333321455,0.48520710059171596,154,3.5298666666666714,0.5064935064935064,101,4.961433333333323,0.4752475247524752
asia_mid_cont_600|all|TP15_SL20|H1440,asia_mid_cont_600,all,TP15_SL20,15.0,20.0,0.75,1440,-0.7495411675656345,1305,-16.059699999999822,-0.012306283524904078,0.48582375478927203,0.9488745668503,30.3169499999998,10,2,949,3.863299999999917,0.004070916754478311,0.5363540569020021,1.0117474664175652,30.800750000000093,7,2,2254,-12.196399999999908,-0.005411002661934298,0.9810316213777006,261,-4.731049999999924,0.4367816091954023,261,-13.085149999999954,0.47509578544061304,262,1.2084500000001066,0.5038167938931297,261,1.6850000000000245,0.5095785440613027,260,-1.1369500000000805,0.5038461538461538,260,-19.819000000000088,0.4576923076923077,262,11.574549999999991,0.5419847328244275,261,15.007750000000012,0.5938697318007663,166,-2.9000000000000004,0.5602409638554217
impulse60_cont_600|s040|TP20_SL20|H1440,impulse60_cont_600,s040,TP20_SL20,20.0,20.0,1.0,1440,-0.7580992296086289,728,-14.53329999999994,-0.019963324175824092,0.4793956043956044,0.9207447754145371,24.240549999999974,7,2,517,-14.134750000000071,-0.027339941972920834,0.4738878143133462,0.9320901960002409,25.514900000000075,9,1,1245,-28.668050000000015,-0.02302654618473897,0.9267763342485421,150,-9.926700000000004,0.43333333333333335,145,-12.925399999999932,0.43448275862068964,148,8.657500000000038,0.527027027027027,132,-4.8353500000000045,0.4772727272727273,153,4.496649999999965,0.5228758169934641,140,-15.566850000000068,0.4,144,-2.505050000000006,0.4861111111111111,136,4.937149999999999,0.5220588235294118,97,-1.0,0.4948453608247423
asia_body_fade_840|all|TP5_SL15|H1440,asia_body_fade_840,all,TP5_SL15,5.0,15.0,0.3333333333333333,1440,-0.7587550848342087,1291,-16.6655333333332,-0.012909011102504416,0.6483346243222309,0.9405649471966865,29.5360666666668,7,2,938,-21.69106666666671,-0.023124804548685193,0.7078891257995735,0.9102547305305647,28.236333333333295,5,0,2229,-38.356599999999915,-0.01720798564378641,0.9265332937492222,258,-8.956466666666667,0.5387596899224806,258,-4.935599999999921,0.5891472868217055,259,-6.166666666666671,0.6872586872586872,258,0.5703333333333784,0.7093023255813954,258,2.822866666666682,0.7170542635658915,257,-4.563400000000022,0.6731517509727627,259,-2.4678666666666884,0.7181467181467182,258,-2.6598000000000015,0.7403100775193798,164,-12.000000000000002,0.6951219512195121
asia_break_09_14|all|TP20_SL15|H480,asia_break_09_14,all,TP20_SL15,20.0,15.0,1.3333333333333333,480,-0.76168641092031,1099,-15.109933333333348,-0.013748801941158642,0.456778889899909,0.946452222602861,25.012533333333202,9,1,722,-0.44826666666695747,-0.0006208679593725173,0.45013850415512463,0.998427892056692,21.9328000000001,8,3,1821,-15.5582000000003,-0.008543767160900769,0.9725756811924255,224,3.0865333333331355,0.45982142857142855,215,-8.772799999999961,0.4186046511627907,209,-1.5581333333332816,0.47368421052631576,223,-4.254799999999964,0.4349775784753363,228,-3.6107333333332794,0.4956140350877193,219,-14.218666666666714,0.4018264840182648,221,10.178133333333136,0.48868778280542985,189,3.2589333333332995,0.4708994708994709,93,0.3333333333333275,0.43010752688172044
asia_break_09_14|all|TP10_SL20|H1440,asia_break_09_14,all,TP10_SL20,10.0,20.0,0.5,1440,-0.7643512936239891,1099,-18.933249999999862,-0.017227707006369303,0.5286624203821656,0.9230441562516709,27.85609999999993,7,3,722,-3.5498500000000734,-0.004916689750692623,0.6038781163434903,0.9829204354558835,17.565800000000035,6,2,1821,-22.483099999999936,-0.012346567819879152,0.9504635033778441,224,0.8399499999999303,0.4732142857142857,215,-11.620999999999901,0.4744186046511628,209,0.6949000000000645,0.5789473684210527,223,-13.655799999999985,0.5112107623318386,228,4.808700000000032,0.6052631578947368,219,-10.005900000000029,0.5114155251141552,221,4.854049999999961,0.6199095022624435,189,-1.3980000000000024,0.6507936507936508,93,3.0,0.6881720430107527
trend_pullback_600|f025|TP25_SL20|H480,trend_pullback_600,f025,TP25_SL20,25.0,20.0,1.25,480,-0.7708753384720557,813,-15.398499999999945,-0.018940344403443967,0.4575645756457565,0.9087731729085623,19.505399999999927,8,1,590,-2.812750000000081,-0.0047673728813560695,0.4711864406779661,0.986129463111226,19.718400000000134,7,3,1403,-18.211250000000028,-0.012980220955096242,0.9509896267151442,152,-7.493199999999991,0.4144736842105263,152,-8.3735,0.4342105263157895,168,7.253350000000101,0.5178571428571429,184,-3.932600000000037,0.44565217391304346,157,-2.852550000000019,0.4713375796178344,166,-10.345350000000076,0.43373493975903615,169,0.28504999999998937,0.4970414201183432,154,6.2240499999999415,0.4935064935064935,101,1.023500000000058,0.45544554455445546
impulse60_fade_600|s040|TP25_SL20|H1440,impulse60_fade_600,s040,TP25_SL20,25.0,20.0,1.25,1440,-0.7719149340353862,728,-10.637399999999957,-0.014611813186813127,0.4848901098901099,0.9414667000857582,35.06399999999998,9,2,517,-12.857799999999921,-0.024870019342359617,0.47775628626692457,0.9400404399900769,32.92159999999994,11,1,1245,-23.49519999999988,-0.018871646586345284,0.9406946928449182,150,5.146250000000009,0.5333333333333333,145,11.208000000000073,0.5172413793103449,148,-16.234800000000018,0.40540540540540543,132,-3.024199999999998,0.5151515151515151,153,-7.732650000000024,0.45751633986928103,140,9.772000000000013,0.5857142857142857,144,-3.308050000000002,0.4791666666666667,136,-14.571749999999925,0.40441176470588236,97,-4.75,0.422680412371134
asia_body_fade_840|all|TP10_SL25|H480,asia_body_fade_840,all,TP10_SL25,10.0,25.0,0.4,480,-0.774496456365969,1291,-17.065200000000054,-0.013218590240123977,0.5166537567776918,0.9136047376753651,18.817799999999895,7,0,938,-46.70100000000005,-0.04978784648187638,0.5692963752665245,0.8019211624086141,49.2353200000005,10,1,2229,-63.7662000000001,-0.028607537012113098,0.852834035642457,258,-5.797280000000065,0.4418604651162791,258,-1.6477199999999361,0.4883720930232558,259,-5.070080000000061,0.5366795366795367,258,-1.137199999999939,0.5387596899224806,258,-3.4129200000000575,0.5775193798449613,257,-10.701760000000066,0.5019455252918288,259,-15.89387999999998,0.528957528957529,258,1.8578399999999995,0.6472868217054264,164,-21.9632,0.6158536585365854
asia_break_09_14|all|TP20_SL15|H720,asia_break_09_14,all,TP20_SL15,20.0,15.0,1.3333333333333333,720,-0.7751281233290301,1099,-15.917333333333094,-0.01448346982104922,0.4658780709736124,0.9504041554487824,29.67099999999995,9,2,722,6.600666666666619,0.009142197599261246,0.44321329639889195,1.0215618384423557,25.662000000000038,9,3,1821,-9.31666666666649,-0.005116236500091428,0.9851424970088316,224,1.363333333333367,0.45982142857142855,215,-9.516399999999916,0.4604651162790698,209,4.323866666666779,0.49282296650717705,223,-9.536466666666659,0.4304932735426009,228,-2.5516666666666743,0.4868421052631579,219,-16.492266666666687,0.4063926940639269,221,17.107333333333365,0.47058823529411764,189,5.652266666666606,0.4603174603174603,93,0.3333333333333275,0.43010752688172044
asia_expansion_fade_10|r140|TP40_SL30|H480,asia_expansion_fade_10,r140,TP40_SL30,40.0,30.0,1.3333333333333333,480,-0.7773602217640394,261,-10.247533333333285,-0.03926257982120033,0.4827586206896552,0.772880837536358,11.841999999999928,7,1,241,-3.9003666666667063,-0.016184094052558946,0.46887966804979253,0.9443619726533892,15.779533333333397,6,2,502,-14.14789999999999,-0.028183067729083643,0.8772119947984546,41,-1.8760333333333088,0.43902439024390244,52,0.22603333333333178,0.5576923076923077,68,-5.24776666666666,0.39705882352941174,41,-0.3516333333333326,0.5365853658536586,59,-2.9981333333333167,0.5084745762711864,61,3.486966666666641,0.5573770491803278,72,-1.4976333333333365,0.5,72,-8.528700000000013,0.3611111111111111,36,2.6390000000000016,0.4722222222222222
prevclose_cont_600|all|TP40_SL30|H720,prevclose_cont_600,all,TP40_SL30,40.0,30.0,1.3333333333333333,720,-0.7775568049660602,1304,-19.553133333333314,-0.014994734151329228,0.450920245398773,0.9043932142283782,25.13076666666663,10,2,949,31.43896666666642,0.0331285212504388,0.4952581664910432,1.121980378774974,18.586966666666658,11,3,2253,11.885833333333103,0.005275558514573059,1.0257127718075958,260,-5.730266666666648,0.41923076923076924,261,-10.384366666666665,0.42911877394636017,262,0.9122333333333916,0.48854961832061067,261,0.8464333333333416,0.421455938697318,260,-5.197166666666735,0.49615384615384617,260,-6.170066666666743,0.4423076923076923,262,22.344966666666572,0.5381679389312977,261,9.448666666666602,0.5172413793103449,166,5.815399999999995,0.4759036144578313
prevday_liquidity_sweep|all|TP10_SL20|H720,prevday_liquidity_sweep,all,TP10_SL20,10.0,20.0,0.5,720,-0.7780806194223007,673,-13.94715000000001,-0.020723848439821706,0.5393759286775631,0.9033037696703509,20.074550000000002,5,1,445,-21.85665000000001,-0.04911606741573036,0.5730337078651685,0.8395925790289092,30.20240000000004,5,0,1118,-35.803800000000024,-0.032024865831842594,0.8723544206049437,131,3.6660499999999954,0.5343511450381679,121,-3.112050000000021,0.5454545454545454,143,-6.592799999999931,0.5384615384615384,141,-4.697700000000067,0.5460992907801419,137,-3.210649999999988,0.5328467153284672,135,-4.350949999999942,0.5185185185185185,129,-5.953300000000058,0.5658914728682171,116,-5.052400000000011,0.6293103448275862,65,-6.5,0.6
asia_body_cont_840|all|TP5_SL15|H1440,asia_body_cont_840,all,TP5_SL15,5.0,15.0,0.3333333333333333,1440,-0.7785376352315632,1291,-17.096599999999995,-0.013242912470952746,0.6529821843532145,0.9396583915163298,30.04300000000005,7,2,938,-1.6143333333333718,-0.0017210376687989038,0.7270788912579957,0.9929031808052067,23.253533333333333,5,3,2229,-18.710933333333372,-0.008394317332137,0.9633695703953709,258,3.4992666666666654,0.5581395348837209,258,-6.536533333333321,0.6046511627906976,259,-9.812266666666659,0.7027027027027027,258,-10.703399999999984,0.6744186046511628,258,6.4563333333332995,0.7248062015503876,257,2.38993333333328,0.7003891050583657,259,0.9159333333333444,0.7374517374517374,258,-16.920199999999998,0.6937984496124031,164,11.999999999999995,0.8048780487804879
asia_body_cont_840|all|TP30_SL25|H720,asia_body_cont_840,all,TP30_SL25,30.0,25.0,1.2,720,-0.7812564955366669,1291,-16.987640000000027,-0.013158512780790107,0.4763749031758327,0.9215674795294537,24.85188000000009,9,1,938,24.95855999999994,0.02660827292110868,0.4936034115138593,1.087802303958437,31.54508000000009,11,2,2229,7.970919999999904,0.003576007178106731,1.0159148535012148,258,2.7890000000000326,0.5155038759689923,258,-6.055800000000007,0.46124031007751937,259,-3.445000000000016,0.4980694980694981,258,-8.650400000000028,0.4496124031007752,258,-1.6254400000000069,0.4573643410852713,257,-1.8233600000000667,0.490272373540856,259,19.299280000000103,0.5328185328185329,258,-15.8938800000001,0.437984496124031,164,23.37652,0.524390243902439
normal_range_mid_cont_14|r080_120|TP10_SL25|H1440,normal_range_mid_cont_14,r080_120,TP10_SL25,10.0,25.0,0.4,1440,-0.7851906545008849,521,-12.689280000000064,-0.024355623800384,0.5047984644913628,0.864907978908692,18.816320000000022,8,1,330,-11.532519999999998,-0.0349470303030303,0.603030303030303,0.8634276364904142,20.905559999999998,7,1,851,-24.221800000000062,-0.02846274970622804,0.8642071791053809,106,-2.937080000000042,0.4056603773584906,96,-6.486600000000016,0.4375,99,-2.7118399999999836,0.5656565656565656,121,-4.501240000000035,0.5289256198347108,99,3.947480000000014,0.5858585858585859,95,-6.790040000000033,0.47368421052631576,101,-4.609519999999992,0.594059405940594,80,-5.865359999999985,0.65,54,5.732400000000017,0.7777777777777778
asia_mid_cont_600|all|TP10_SL25|H480,asia_mid_cont_600,all,TP10_SL25,10.0,25.0,0.4,480,-0.785236862310841,1305,-17.409240000000068,-0.0133404137931035,0.4896551724137931,0.909018504594008,24.341399999999958,9,1,949,6.514039999999845,0.0068641095890409325,0.6111696522655427,1.032578735628734,18.89287999999999,6,3,2254,-10.895200000000216,-0.0048337178349601665,0.9721561768809577,261,-3.1953200000000095,0.45977011494252873,261,-11.068919999999961,0.4099616858237548,262,-2.424319999999951,0.5343511450381679,261,4.516959999999975,0.5134099616858238,260,-5.237640000000118,0.5307692307692308,260,-11.95016000000003,0.46923076923076923,262,10.941639999999905,0.6259541984732825,261,6.485359999999998,0.6743295019157088,166,1.0371999999999728,0.7108433734939759
impulse60_cont_600|s040|TP15_SL25|H1440,impulse60_cont_600,s040,TP15_SL25,15.0,25.0,0.6,1440,-0.7877471305657512,728,-15.606839999999945,-0.021437967032966958,0.49175824175824173,0.8929812184810106,23.19435999999989,7,2,517,-17.445680000000017,-0.03374406189555129,0.5299806576402321,0.8918235561844502,22.886520000000036,7,1,1245,-33.05251999999996,-0.02654820883534133,0.8923732898752121,150,-6.752840000000005,0.43333333333333335,145,-13.739479999999958,0.43448275862068964,148,6.347680000000036,0.5540540540540541,132,-2.2167600000000123,0.5,153,0.7545599999999915,0.5359477124183006,140,-13.44592000000007,0.40714285714285714,144,-5.11083999999999,0.5069444444444444,136,6.911080000000037,0.6397058823529411,97,-5.799999999999999,0.5876288659793815
normal_range_mid_cont_14|r080_120|TP20_SL15|H720,normal_range_mid_cont_14,r080_120,TP20_SL15,20.0,15.0,1.3333333333333333,720,-0.7894465368421559,521,-13.556733333333433,-0.026020601407549776,0.46641074856046066,0.9026886698776609,17.07020000000007,9,1,330,-33.746933333333516,-0.10226343434343489,0.40606060606060607,0.7790221085280105,40.53826666666687,8,0,851,-47.30366666666695,-0.05558597728162979,0.8380174137757844,106,-7.075000000000015,0.4056603773584906,96,-2.3805333333333993,0.4479166666666667,99,-2.665733333333279,0.5151515151515151,121,-3.9486666666666994,0.47107438016528924,99,2.51319999999996,0.494949494949495,95,-11.276200000000062,0.4105263157894737,101,-8.936133333333435,0.40594059405940597,80,-6.201266666666686,0.425,54,-7.333333333333333,0.37037037037037035
asia_expansion_fade_10|r140|TP15_SL15|H480,asia_expansion_fade_10,r140,TP15_SL15,15.0,15.0,1.0,480,-0.7906235944557496,261,-10.64813333333327,-0.04079744572158341,0.47509578544061304,0.8636865615340111,17.6171999999999,7,2,241,-12.003866666666788,-0.04980857538036012,0.48132780082987553,0.8829087541732823,25.36806666666677,8,2,502,-22.65200000000006,-0.04512350597609574,0.8745960485465126,41,-3.488466666666621,0.43902439024390244,52,0.8764666666666627,0.5576923076923077,68,-8.351199999999956,0.39705882352941174,41,-2.618066666666679,0.4634146341463415,59,2.933133333333323,0.5254237288135594,61,5.039666666666608,0.5573770491803278,72,3.023600000000034,0.5416666666666666,72,-14.067133333333429,0.3888888888888889,36,-6.0,0.4166666666666667
impulse60_fade_600|s040|TP20_SL20|H1440,impulse60_fade_600,s040,TP20_SL20,20.0,20.0,1.0,1440,-0.7916039629789706,728,-11.681999999999938,-0.016046703296703213,0.48626373626373626,0.9354988144138786,33.715999999999966,9,2,517,-14.773149999999875,-0.02857475822050266,0.4951644100580271,0.9289349929912235,37.110799999999905,9,1,1245,-26.45514999999981,-0.0212491164658633,0.9319910543871823,150,5.551749999999991,0.5333333333333333,145,8.792200000000083,0.5172413793103449,148,-16.09145000000001,0.40540540540540543,132,-0.6031999999999931,0.5227272727272727,153,-9.33130000000001,0.45751633986928103,140,11.773000000000035,0.5857142857142857,144,-2.411249999999984,0.4861111111111111,136,-15.134899999999925,0.4411764705882353,97,-9.0,0.4536082474226804
asia_mid_cont_600|all|TP20_SL15|H1440,asia_mid_cont_600,all,TP20_SL15,20.0,15.0,1.3333333333333333,1440,-0.7976347342400087,1305,-14.276199999999683,-0.010939616858237305,0.4590038314176245,0.9660427946131637,31.710133333333076,10,1,949,9.322866666666409,0.009823884791007808,0.4499473129610116,1.0213721042864174,30.2466666666668,11,2,2254,-4.953333333333273,-0.002197574682046705,0.9942176783394855,261,-4.710533333333224,0.4367816091954023,261,-11.124066666666568,0.47126436781609193,262,-3.1693999999998503,0.44656488549618323,261,7.756333333333374,0.4827586206896552,260,-3.028533333333421,0.4576923076923077,260,-16.027933333333433,0.4423076923076923,262,22.300533333333178,0.48854961832061067,261,14.116933333333346,0.4521072796934866,166,-11.066666666666675,0.39759036144578314
asia_expansion_fade_10|r140|TP5_SL15|H480,asia_expansion_fade_10,r140,TP5_SL15,5.0,15.0,0.3333333333333333,480,-0.7982915917280803,261,-10.431999999999913,-0.0399693486590035,0.6130268199233716,0.8227949877979053,13.141733333333224,7,1,241,-16.563266666666692,-0.06872724757952985,0.6804979253112033,0.7638607052937422,19.266933333333334,3,1,502,-26.995266666666613,-0.0537754316069056,0.790753182917919,41,-3.6859999999999373,0.43902439024390244,52,-0.169733333333337,0.5961538461538461,68,-6.0285999999999635,0.6029411764705882,41,1.149266666666653,0.7073170731707317,59,-1.6969333333333316,0.6949152542372882,61,2.03499999999999,0.7377049180327869,72,-4.068466666666671,0.6944444444444444,72,-9.196466666666677,0.6388888888888888,36,-5.333333333333333,0.6388888888888888
inside_prevday_asia_break|all|TP15_SL25|H1440,inside_prevday_asia_break,all,TP15_SL25,15.0,25.0,0.6,1440,-0.8031427170142192,697,-14.876919999999963,-0.02134421807747484,0.49067431850789095,0.8938330493064893,19.89372000000002,7,1,434,7.072199999999926,0.016295391705068954,0.5668202764976958,1.0597601280074405,15.902120000000007,5,3,1131,-7.804720000000034,-0.0069007250221043625,0.9698042393351171,139,-2.2166400000000523,0.4460431654676259,149,-9.250039999999945,0.4563758389261745,125,4.140999999999985,0.544,138,-6.830959999999978,0.4782608695652174,146,-0.7202799999999759,0.5342465753424658,149,0.3658399999999631,0.5234899328859061,142,11.91275999999996,0.5845070422535211,92,-10.206399999999995,0.5434782608695652,51,5.0,0.6862745098039216
inside_prevday_asia_break|all|TP10_SL25|H720,inside_prevday_asia_break,all,TP10_SL25,10.0,25.0,0.4,720,-0.806588798813753,697,-15.107159999999876,-0.021674548063127512,0.5164992826398852,0.8719374496469531,19.250119999999843,8,1,434,-3.3770800000000016,-0.0077812903225806486,0.6059907834101382,0.9654995147366807,13.382680000000022,7,2,1131,-18.48423999999988,-0.01634327144120237,0.9143661556314229,139,-0.00964000000002685,0.460431654676259,149,-7.3011199999999175,0.46308724832214765,125,2.391920000000019,0.6,138,-7.324119999999947,0.4855072463768116,146,-2.864200000000001,0.5821917808219178,149,-6.444559999999983,0.4966442953020134,142,9.911479999999976,0.6690140845070423,92,-7.6439999999999975,0.6195652173913043,51,0.7999999999999998,0.7254901960784313
asia_break_retest|w90|TP20_SL20|H1440,asia_break_retest,w90,TP20_SL20,20.0,20.0,1.0,1440,-0.8083176263081334,872,-14.19924999999984,-0.016283543577981466,0.4793577981651376,0.9350782656842858,31.632399999999873,9,2,568,17.711149999999922,0.03118160211267592,0.5123239436619719,1.088071401328394,20.425849999999993,8,2,1440,3.5119000000000824,0.0024388194444445017,1.0083653862759216,154,0.7456500000000008,0.4675324675324675,169,-5.216899999999953,0.48520710059171596,174,-9.136550000000021,0.4367816091954023,184,-9.796499999999892,0.46195652173913043,191,9.205050000000028,0.5392670157068062,174,-7.297850000000038,0.47126436781609193,169,18.241899999999976,0.5384615384615384,150,-2.2329000000000185,0.5066666666666667,75,9.0,0.56
impulse60_cont_600|s040|TP30_SL25|H1440,impulse60_cont_600,s040,TP30_SL25,30.0,25.0,1.2,1440,-0.8100278394657037,728,-16.118919999999967,-0.02214137362637358,0.47527472527472525,0.89366541150021,23.42359999999994,7,2,517,-12.950640000000071,-0.02504959381044501,0.4506769825918762,0.9322441167256362,17.26647999999998,7,1,1245,-29.06956000000004,-0.023349044176706857,0.915180736334555,150,-7.900400000000001,0.43333333333333335,145,-13.079599999999948,0.43448275862068964,148,8.865360000000047,0.5202702702702703,132,-4.56100000000003,0.4772727272727273,153,0.5567199999999568,0.5098039215686274,140,-10.083600000000096,0.39285714285714285,144,-0.34323999999999766,0.4791666666666667,136,1.227280000000027,0.49264705882352944,97,-3.7510800000000026,0.4329896907216495
impulse60_fade_600|s040|TP10_SL20|H1440,impulse60_fade_600,s040,TP10_SL20,10.0,20.0,0.5,1440,-0.8142618338687743,728,-13.573499999999967,-0.018644917582417538,0.5412087912087912,0.9182114805809887,30.322450000000025,9,2,517,-0.19054999999993782,-0.00036856866537705575,0.6305609284332688,0.9987614889690953,17.994599999999945,5,1,1245,-13.764049999999909,-0.011055461847389484,0.9569621397030638,150,5.78455,0.5466666666666666,145,1.7068000000000556,0.5241379310344828,148,-10.895949999999994,0.5202702702702703,132,-1.635200000000033,0.5833333333333334,153,-8.5337,0.5359477124183006,140,12.236250000000005,0.6642857142857143,144,-1.5677499999999656,0.6041666666666666,136,-9.859049999999979,0.6029411764705882,97,-1.0,0.6597938144329897
asia_break_retest|w90|TP20_SL20|H720,asia_break_retest,w90,TP20_SL20,20.0,20.0,1.0,720,-0.8170908511559665,872,-15.55484999999968,-0.017838130733944586,0.4724770642201835,0.9208729343401819,28.967449999999765,11,2,568,19.299149999999976,0.03397737676056334,0.5,1.1059908909723088,18.34579999999999,10,2,1440,3.7443000000002957,0.002600208333333539,1.0098881923606373,154,2.471499999999969,0.45454545454545453,169,-3.7361499999998267,0.48520710059171596,174,-8.21144999999999,0.4367816091954023,184,-12.975099999999907,0.42391304347826086,191,6.8963500000000755,0.5549738219895288,174,-10.389850000000045,0.42528735632183906,169,21.252699999999994,0.5621301775147929,150,-0.5636999999999714,0.4866666666666667,75,9.0,0.56
asia_break_retest|w90|TP10_SL20|H480,asia_break_retest,w90,TP10_SL20,10.0,20.0,0.5,480,-0.8184985080334914,872,-16.222899999999733,-0.01860424311926575,0.5022935779816514,0.9017785380877681,27.29849999999987,9,2,568,0.4738500000000041,0.0008342429577464861,0.5686619718309859,1.0032172930605328,15.360949999999947,7,3,1440,-15.749049999999725,-0.010936840277777587,0.949594773542862,154,3.2762500000000276,0.512987012987013,169,-5.013499999999908,0.4911242603550296,174,-6.558499999999982,0.5114942528735632,184,-9.713099999999907,0.4673913043478261,191,1.785950000000038,0.5287958115183246,174,-12.895749999999989,0.42528735632183906,169,10.288150000000021,0.6035502958579881,150,0.08144999999997182,0.6333333333333333,75,3.0,0.6933333333333334
inside_prevday_asia_break|all|TP30_SL25|H1440,inside_prevday_asia_break,all,TP30_SL25,30.0,25.0,1.2,1440,-0.821658485116798,697,-15.034759999999899,-0.021570674318507746,0.47058823529411764,0.898068290386416,20.78599999999992,7,1,434,17.007359999999913,0.03918746543778782,0.5092165898617511,1.1285012001351542,15.107839999999989,8,3,1131,1.9726000000000141,0.0017441202475685358,1.007048773107548,139,-2.6182400000000605,0.4460431654676259,149,-9.226199999999935,0.4563758389261745,125,7.929360000000022,0.512,138,-6.920119999999953,0.45652173913043476,146,-4.199559999999975,0.4863013698630137,149,3.5940799999999578,0.5167785234899329,142,10.812599999999966,0.5140845070422535,92,-8.614519999999974,0.4673913043478261,51,11.215199999999967,0.5490196078431373
asia_mid_cont_600|all|TP30_SL25|H1440,asia_mid_cont_600,all,TP30_SL25,30.0,25.0,1.2,1440,-0.8287544338459525,1305,-16.104479999999928,-0.01234059770114937,0.4681992337164751,0.9398219464284809,30.061159999999866,10,1,949,18.86807999999988,0.01988206533192822,0.48261327713382507,1.0578422515929844,25.42264000000003,9,3,2254,2.7635999999999363,0.001226086956521711,1.0046539922786435,261,-3.7015199999999298,0.4367816091954023,261,-12.481599999999943,0.47509578544061304,262,-0.9698399999999125,0.4618320610687023,261,5.1553599999999635,0.4942528735632184,260,-4.106880000000111,0.47307692307692306,260,-10.88428000000009,0.4423076923076923,262,15.9301999999999,0.5152671755725191,261,7.493240000000064,0.49808429118773945,166,6.3289199999999965,0.46987951807228917
prevday_liquidity_sweep|all|TP10_SL25|H1440,prevday_liquidity_sweep,all,TP10_SL25,10.0,25.0,0.4,1440,-0.8302663964039925,673,-14.977559999999986,-0.022254918276374422,0.5408618127786032,0.8841575676613003,20.65035999999987,6,1,445,-19.690359999999973,-0.04424799999999994,0.6,0.8358470752968787,26.00651999999997,6,0,1118,-34.66791999999995,-0.031008872987477596,0.8609076156104802,131,2.465599999999977,0.5190839694656488,121,-4.810720000000001,0.512396694214876,143,-3.6493599999999686,0.6083916083916084,141,-6.522839999999998,0.524822695035461,137,-2.4602399999999953,0.5328467153284672,135,-2.338239999999932,0.5185185185185185,129,-4.854240000000036,0.6201550387596899,116,-4.897880000000005,0.6551724137931034,65,-7.599999999999999,0.6307692307692307
impulse60_fade_600|s040|TP15_SL20|H1440,impulse60_fade_600,s040,TP15_SL20,15.0,20.0,0.75,1440,-0.831315760414878,728,-13.137249999999884,-0.018045673076922918,0.5013736263736264,0.9255443442520989,32.63504999999997,9,2,517,-7.334549999999936,-0.014186750483558871,0.5473887814313346,0.960675859125691,22.756799999999977,7,1,1245,-20.471799999999817,-0.016443212851405476,0.9435975095268992,150,4.991200000000003,0.5333333333333333,145,6.45540000000009,0.5241379310344828,148,-15.701849999999993,0.4391891891891892,132,-0.39234999999999864,0.5378787878787878,153,-8.489649999999983,0.477124183006536,140,8.191750000000024,0.5928571428571429,144,-1.4115499999999777,0.5277777777777778,136,-9.864749999999981,0.5220588235294118,97,-4.25,0.5463917525773195
asia_liquidity_sweep|all|TP10_SL25|H720,asia_liquidity_sweep,all,TP10_SL25,10.0,25.0,0.4,720,-0.8336082823850122,1166,-19.393599999999974,-0.016632590051457955,0.5437392795883362,0.9025204076031831,21.744239999999984,10,1,801,-41.821000000000076,-0.05221098626716614,0.5867665418227216,0.799312322830897,46.208240000000345,8,0,1967,-61.21460000000005,-0.031120793085917666,0.8497206895369955,234,-3.8353199999999834,0.5213675213675214,227,-0.5753200000000009,0.5286343612334802,227,-12.807680000000008,0.5242290748898678,237,5.818640000000025,0.6118143459915611,241,-7.993920000000007,0.5311203319502075,241,-2.0245199999999572,0.5809128630705395,234,-17.959000000000106,0.5427350427350427,208,-16.066680000000016,0.5913461538461539,118,-5.7707999999999995,0.6779661016949152
asia_break_10_16|all|TP10_SL20|H1440,asia_break_10_16,all,TP10_SL20,10.0,20.0,0.5,1440,-0.8341745342764475,1191,-16.1239,-0.013538119227539882,0.5323257766582704,0.9387160468488397,34.313700000000026,8,2,801,13.382100000000023,0.016706741573033736,0.6229712858926342,1.060867526334833,18.30960000000001,6,3,1992,-2.74179999999998,-0.0013764056224899498,0.9943228976702202,232,0.18164999999997988,0.47844827586206895,239,-9.581449999999997,0.4811715481171548,231,-2.55419999999999,0.5670995670995671,241,-16.65275,0.5062240663900415,248,12.482850000000006,0.625,241,-9.639500000000032,0.5186721991701245,240,12.59325000000008,0.6458333333333334,206,7.428349999999977,0.6844660194174758,114,3.0,0.6842105263157895
asia_body_cont_840|all|TP10_SL25|H720,asia_body_cont_840,all,TP10_SL25,10.0,25.0,0.4,720,-0.8344752824553193,1291,-19.92387999999999,-0.015432904725019358,0.5189775367931836,0.9006716123102533,28.00652000000006,8,2,938,-7.010320000000085,-0.0074736886993604324,0.6076759061833689,0.9673288524794912,23.081360000000057,10,2,2229,-26.934200000000068,-0.012083535217586393,0.9351230384102289,258,2.0723200000000186,0.5155038759689923,258,-8.894840000000011,0.4728682170542636,259,-5.341559999999998,0.555984555984556,258,-10.647559999999993,0.49612403100775193,258,2.8877599999999997,0.5542635658914729,257,-7.576760000000048,0.5175097276264592,259,7.325719999999985,0.5945945945945946,258,-12.928200000000052,0.627906976744186,164,6.168920000000034,0.7378048780487805
asia_body_fade_840|all|TP30_SL25|H480,asia_body_fade_840,all,TP30_SL25,30.0,25.0,1.2,480,-0.8399700551180052,1291,-18.789080000000116,-0.01455389620449273,0.47947327652982186,0.9108147215412878,19.94696000000005,7,0,938,-43.211119999999994,-0.046067292110874195,0.4466950959488273,0.8599694319345935,48.5586,10,1,2229,-62.000200000000106,-0.027815253476895518,0.8805985061457675,258,-7.627800000000061,0.43410852713178294,258,-0.6529599999999851,0.4728682170542636,259,-3.81296000000006,0.4749034749034749,258,-1.2207199999999279,0.5,258,-5.474640000000082,0.5155038759689923,257,-6.0917600000000665,0.4669260700389105,259,-24.19243999999997,0.4247104247104247,258,10.949079999999988,0.49224806201550386,164,-23.875999999999948,0.3780487804878049
prevday_liquidity_sweep|all|TP15_SL25|H1440,prevday_liquidity_sweep,all,TP15_SL25,15.0,25.0,0.6,1440,-0.8449377817505077,673,-15.541519999999927,-0.02309289747399692,0.5037147102526003,0.889399943068603,20.24907999999994,8,1,445,-24.769359999999914,-0.05566148314606722,0.5213483146067416,0.8241802984284708,27.967079999999964,10,1,1118,-40.31087999999984,-0.03605624329159199,0.856748481126394,131,1.019039999999995,0.5114503816793893,121,-4.562120000000005,0.48760330578512395,143,-2.245759999999919,0.5594405594405595,141,-8.03224000000001,0.475177304964539,137,-1.7204399999999915,0.48175182481751827,135,-4.247119999999933,0.4444444444444444,129,-6.4542,0.5426356589147286,116,1.3319600000000151,0.6120689655172413,65,-15.399999999999999,0.47692307692307695
asia_body_fade_600|all|TP15_SL15|H1440,asia_body_fade_600,all,TP15_SL15,15.0,15.0,1.0,1440,-0.8457219007031975,1291,-20.738866666666585,-0.016064187967983413,0.4988381099922541,0.9486510974096193,22.55053333333326,9,1,938,-74.7619333333334,-0.07970355366027015,0.464818763326226,0.8299731639274666,90.44066666666671,8,1,2229,-95.50079999999998,-0.04284468371467025,0.8867921397023081,258,-7.92759999999997,0.49612403100775193,258,5.604266666666765,0.49612403100775193,259,-5.611733333333358,0.5019305019305019,258,-0.9787999999999695,0.5116279069767442,258,-11.825000000000045,0.4883720930232558,257,7.404266666666626,0.5097276264591439,259,-23.967733333333307,0.47104247104247104,258,-40.19846666666672,0.4263565891472868,164,-18.0,0.4451219512195122
asia_mid_cont_600|all|TP15_SL25|H1440,asia_mid_cont_600,all,TP15_SL25,15.0,25.0,0.6,1440,-0.8498441569021842,1305,-17.35507999999991,-0.013298911877394567,0.48735632183908045,0.9323147929891323,29.059119999999872,10,1,949,5.7185599999999575,0.006025879873551062,0.5626975763962065,1.0209054912813844,23.984160000000102,7,2,2254,-11.636519999999946,-0.0051626086956521496,0.9780423215527742,261,-3.0064399999999383,0.4367816091954023,261,-12.287759999999981,0.47509578544061304,262,-4.017719999999917,0.5038167938931297,261,4.365680000000009,0.5172413793103449,260,-2.408840000000072,0.5038461538461538,260,-15.882560000000083,0.4576923076923077,262,8.381119999999964,0.5534351145038168,261,15.540000000000077,0.6436781609195402,166,-2.3199999999999976,0.6144578313253012
asia_body_cont_840|all|TP25_SL20|H480,asia_body_cont_840,all,TP25_SL20,25.0,20.0,1.25,480,-0.8513909317254715,1291,-18.29320000000013,-0.014169790859798706,0.4833462432223083,0.9290278752552354,27.20460000000016,10,1,938,31.253400000000042,0.033319189765458467,0.5031982942430704,1.0991371093114355,32.50435000000011,10,3,2229,12.960199999999912,0.005814356213548637,1.0226179053559976,258,3.3909000000000113,0.5310077519379846,258,-6.211350000000118,0.4883720930232558,259,-5.772749999999937,0.4864864864864865,258,-8.476200000000063,0.46124031007751937,258,-1.223800000000015,0.4496124031007752,257,1.8670499999999493,0.5019455252918288,259,19.780850000000115,0.5444015444015444,258,-20.427500000000077,0.4418604651162791,164,30.03300000000006,0.5365853658536586
asia_body_cont_600|all|TP10_SL25|H720,asia_body_cont_600,all,TP10_SL25,10.0,25.0,0.4,720,-0.8513914523316051,1291,-18.318719999999924,-0.014189558481796998,0.5127807900852053,0.914951573793672,26.96960000000001,8,1,938,1.945959999999956,0.002074584221748354,0.6279317697228145,1.009016810163238,15.795440000000017,8,2,2229,-16.37275999999995,-0.007345338716913391,0.9620303338782233,258,1.2252400000000316,0.4844961240310077,258,-10.439520000000037,0.4689922480620155,259,-3.9975599999999556,0.5482625482625483,258,-2.871479999999945,0.5,258,-2.2354000000000163,0.562015503875969,257,-10.040760000000056,0.4980544747081712,259,9.109679999999933,0.6332046332046332,258,3.0770400000000855,0.6976744186046512,164,-0.20000000000000284,0.7134146341463414
inside_prevday_asia_break|all|TP15_SL15|H1440,inside_prevday_asia_break,all,TP15_SL15,15.0,15.0,1.0,1440,-0.8577671237782094,697,-16.527933333333294,-0.023712960306073592,0.47058823529411764,0.9253149620412789,25.11933333333333,7,2,434,9.07746666666658,0.020915821812595808,0.5092165898617511,1.0508488564590275,19.182933333333345,8,2,1131,-7.4504666666667205,-0.006587503684055456,0.9813654664277593,139,-3.7336666666667506,0.4460431654676259,149,-10.961333333333247,0.44966442953020136,125,9.658866666666626,0.512,138,-13.391999999999962,0.45652173913043476,146,1.9002000000000403,0.4931506849315068,149,-0.2574000000000072,0.5100671140939598,142,14.384866666666586,0.528169014084507,92,-12.05,0.44565217391304346,51,7.0,0.5686274509803921
impulse60_cont_600|s040|TP30_SL25|H720,impulse60_cont_600,s040,TP30_SL25,30.0,25.0,1.2,720,-0.8596406944275172,728,-15.829840000000049,-0.021744285714285782,0.46016483516483514,0.8836980485760613,21.979159999999958,8,1,517,-15.964200000000098,-0.030878529980657828,0.43907156673114117,0.9106513415451275,20.781840000000077,8,0,1245,-31.79404000000016,-0.025537381526104547,0.898996934141153,150,-8.835919999999996,0.38,145,-12.294239999999975,0.4,148,10.93403999999996,0.5405405405405406,132,-5.42928000000001,0.4621212121212121,153,-0.20444000000003104,0.5163398692810458,140,-11.504880000000059,0.37142857142857144,144,-2.3116800000000155,0.4791666666666667,136,-1.7185600000000338,0.45588235294117646,97,-0.4290799999999937,0.4536082474226804
asia_body_fade_600|all|TP10_SL25|H720,asia_body_fade_600,all,TP10_SL25,10.0,25.0,0.4,720,-0.8605440709941818,1291,-20.780000000000022,-0.016096049573973682,0.5445391169635941,0.9056342612842891,22.88879999999991,7,1,938,-32.21616,-0.034345586353944565,0.6108742004264393,0.8659145889829754,35.632520000000255,6,0,2229,-52.99616000000003,-0.023775755944369686,0.8849092997852207,258,-5.831600000000035,0.49612403100775193,258,-1.7338399999999101,0.5116279069767442,259,-5.0835200000000365,0.5714285714285714,258,1.2633200000000298,0.5968992248062015,258,-9.394360000000077,0.5465116279069767,257,-1.7487200000000822,0.5642023346303502,259,-12.404639999999919,0.5945945945945946,258,-15.164400000000008,0.6201550387596899,164,-2.8984000000000005,0.6951219512195121
asia_body_fade_840|all|TP15_SL25|H720,asia_body_fade_840,all,TP15_SL25,15.0,25.0,0.6,720,-0.8635087138986,1291,-21.101360000000106,-0.016344972889233235,0.49264136328427577,0.9018737282771268,22.44004000000004,9,1,938,-52.91880000000001,-0.056416631130063975,0.5191897654584222,0.810921874662799,58.42779999999966,10,1,2229,-74.02016000000012,-0.03320778824585021,0.8504404178704278,258,-8.54896000000004,0.43410852713178294,258,-1.4825200000000314,0.4883720930232558,259,-8.483080000000045,0.4826254826254826,258,1.2452800000000748,0.5348837209302325,258,-3.8320800000000603,0.5232558139534884,257,-8.448319999999967,0.4980544747081712,259,-23.468120000000035,0.4749034749034749,258,3.0088399999999798,0.5775193798449613,164,-24.011199999999988,0.5304878048780488
asia_body_cont_840|all|TP20_SL20|H720,asia_body_cont_840,all,TP20_SL20,20.0,20.0,1.0,720,-0.8661012408182465,1291,-18.240000000000002,-0.014128582494190552,0.4817970565453137,0.9317281462694522,28.320000000000086,9,1,938,25.488099999999825,0.027172814498933717,0.509594882729211,1.082416493322602,31.749400000000108,11,2,2229,7.248099999999827,0.0032517272319424976,1.0125741876376688,258,3.6303000000000454,0.5155038759689923,258,-5.270150000000026,0.4689922480620155,259,-8.592450000000031,0.4942084942084942,258,-7.373199999999995,0.4573643410852713,258,-0.6344999999999907,0.4728682170542636,257,-1.6500000000000448,0.490272373540856,259,18.848599999999966,0.528957528957529,258,-15.634150000000115,0.46511627906976744,164,23.92365000000002,0.5792682926829268
prevday_liquidity_sweep|all|TP20_SL20|H720,prevday_liquidity_sweep,all,TP20_SL20,20.0,20.0,1.0,720,-0.8684161715573768,673,-15.987599999999961,-0.023755720653788948,0.5022288261515602,0.8955113458119838,20.74945000000001,6,1,445,-36.09205000000001,-0.08110573033707867,0.451685393258427,0.7888549350819916,42.08220000000005,9,0,1118,-52.07964999999997,-0.04658287119856885,0.8392319818140763,131,1.3754000000000133,0.5190839694656488,121,-1.8590000000000024,0.5289256198347108,143,-3.364399999999932,0.4825174825174825,141,-8.50975000000009,0.5106382978723404,137,-3.629849999999954,0.4744525547445255,135,-5.838149999999905,0.4666666666666667,129,-10.615200000000037,0.43410852713178294,116,-4.638700000000064,0.49137931034482757,65,-15.0,0.38461538461538464
trend_pullback_600|f025|TP20_SL20|H480,trend_pullback_600,f025,TP20_SL20,20.0,20.0,1.0,480,-0.8694729520077544,813,-17.541599999999924,-0.021576383763837546,0.4575645756457565,0.8960765977135977,20.89849999999991,8,1,590,-2.6049000000001215,-0.004415084745762918,0.488135593220339,0.9866579662681993,17.735500000000098,7,1,1403,-20.14650000000005,-0.014359586600142587,0.9446575886597296,152,-7.568349999999986,0.4144736842105263,152,-8.145500000000002,0.4342105263157895,168,5.128150000000106,0.5178571428571429,184,-3.476300000000026,0.44565217391304346,157,-3.479600000000016,0.4713375796178344,166,-10.444850000000088,0.4397590361445783,169,-1.1995500000000558,0.4970414201183432,154,10.379499999999984,0.525974025974026,101,-1.3399999999999634,0.49504950495049505
asia_expansion_fade_10|r140|TP20_SL15|H480,asia_expansion_fade_10,r140,TP20_SL15,20.0,15.0,1.3333333333333333,480,-0.8706768738809083,261,-11.488333333333248,-0.04401660280970593,0.4674329501915709,0.8549505363021381,19.370466666666527,7,2,241,-18.101466666666898,-0.07510982019363859,0.43983402489626555,0.8343335562378257,32.56540000000016,8,1,502,-29.58980000000014,-0.058943824701195496,0.8429977810486049,41,-3.5224666666666207,0.43902439024390244,52,0.8694666666666768,0.5576923076923077,68,-10.638066666666603,0.38235294117647056,41,-2.0774666666666843,0.4634146341463415,59,3.8801999999999817,0.5084745762711864,61,6.24473333333326,0.5573770491803278,72,-3.720600000000001,0.4722222222222222,72,-17.292266666666823,0.3333333333333333,36,-3.333333333333335,0.3888888888888889
impulse60_cont_600|s040|TP30_SL25|H480,impulse60_cont_600,s040,TP30_SL25,30.0,25.0,1.2,480,-0.8732508320379924,728,-17.706159999999922,-0.024321648351648247,0.4642857142857143,0.8532725899830493,17.844759999999923,8,1,517,-9.695599999999974,-0.01875357833655701,0.45454545454545453,0.9388468317365746,17.398399999999988,8,1,1245,-27.40175999999989,-0.02200944578313244,0.9018631903158805,150,-7.441359999999986,0.4,145,-8.010840000000016,0.4206896551724138,148,6.039880000000048,0.5135135135135135,132,-1.8918399999999753,0.49242424242424243,153,-6.40199999999999,0.49673202614379086,140,-8.482320000000065,0.4142857142857143,144,-4.381079999999975,0.4722222222222222,136,3.412200000000011,0.47794117647058826,97,-0.24439999999995,0.4536082474226804
asia_body_cont_600|all|TP15_SL15|H480,asia_body_cont_600,all,TP15_SL15,15.0,15.0,1.0,480,-0.873431233484079,1291,-18.08853333333318,-0.014011257423186043,0.47327652982184354,0.9444754473992416,34.59299999999983,10,2,938,1.860533333333291,0.0019835110163467923,0.4978678038379531,1.005192631405224,25.936799999999977,9,3,2229,-16.22799999999988,-0.007280394795872535,0.9762775589918108,258,0.6126000000000806,0.49224806201550386,258,-13.889666666666638,0.4573643410852713,259,-9.338199999999887,0.47104247104247104,258,-0.3451333333333406,0.44573643410852715,258,4.871866666666605,0.5,257,-19.79673333333341,0.4396887159533074,259,13.036466666666744,0.5366795366795367,258,7.698599999999986,0.5116279069767442,164,0.9221999999999761,0.5060975609756098
asia_break_retest|w90|TP10_SL20|H1440,asia_break_retest,w90,TP10_SL20,10.0,20.0,0.5,1440,-0.8735439144918591,872,-13.947599999999776,-0.01599495412844011,0.536697247706422,0.9286921031703743,36.463799999999864,8,2,568,0.3545000000001073,0.0006241197183100481,0.6109154929577465,1.0022126372482665,16.431799999999942,6,3,1440,-13.593099999999662,-0.009439652777777544,0.9617970568239665,154,0.7495000000000238,0.4805194805194805,169,-8.85299999999994,0.4911242603550296,174,-7.890199999999993,0.5287356321839081,184,-11.010649999999908,0.5271739130434783,191,13.056750000000045,0.6387434554973822,174,-11.083649999999977,0.5057471264367817,169,7.240800000000081,0.6390532544378699,150,1.1973500000000064,0.66,75,3.0,0.6933333333333334
asia_body_fade_600|all|TP30_SL25|H720,asia_body_fade_600,all,TP30_SL25,30.0,25.0,1.2,720,-0.8832461823805999,1291,-21.57080000000019,-0.016708597986057467,0.5019364833462432,0.9103625225685241,22.998040000000014,7,1,938,-37.34632000000004,-0.03981484008528789,0.4605543710021322,0.8855883903448285,44.85416000000012,14,1,2229,-58.91712000000024,-0.0264320861372814,0.896101756128391,258,-6.981120000000056,0.4883720930232558,258,2.106200000000054,0.5,259,-6.858360000000083,0.47876447876447875,258,-5.5834799999999625,0.5503875968992248,258,-4.254040000000143,0.49224806201550386,257,2.1115599999999635,0.5136186770428015,259,-23.635879999999908,0.44787644787644787,258,-3.949200000000112,0.44573643410852715,164,-11.872799999999991,0.42073170731707316
asia_body_fade_840|all|TP40_SL30|H720,asia_body_fade_840,all,TP40_SL30,40.0,30.0,1.3333333333333333,720,-0.886007946412099,1291,-21.92873333333342,-0.016985850761683515,0.4810224632068164,0.8826798406679159,22.14893333333343,12,1,938,-44.11173333333339,-0.04702743425728506,0.4562899786780384,0.8492051075218886,49.66396666666662,13,1,2229,-66.04046666666682,-0.029627845072528854,0.8622554611965625,258,-7.236500000000024,0.43410852713178294,258,0.22706666666662656,0.4883720930232558,259,-7.686066666666692,0.4594594594594595,258,-1.0546333333332707,0.5232558139534884,258,-6.178600000000058,0.5,257,-2.6633666666666236,0.48638132295719844,259,-23.133066666666707,0.444015444015444,258,7.049899999999944,0.49224806201550386,164,-25.36520000000001,0.3719512195121951
asia_mid_cont_600|all|TP10_SL25|H720,asia_mid_cont_600,all,TP10_SL25,10.0,25.0,0.4,720,-0.8866151051776504,1305,-17.615200000000062,-0.013498237547892767,0.5111111111111111,0.9176640353110938,25.50180000000005,8,0,949,6.221919999999956,0.00655629083245517,0.6227608008429927,1.0292045026768788,24.16896000000011,6,3,2254,-11.3932800000001,-0.005054693877551065,0.9733171930479985,261,-2.8410800000000185,0.46360153256704983,261,-9.781920000000017,0.4674329501915709,262,-2.5984799999999844,0.5610687022900763,261,-0.1871599999999587,0.5057471264367817,260,-2.20656000000009,0.5576923076923077,260,-15.684800000000088,0.4653846153846154,262,11.054039999999993,0.6450381679389313,261,9.733600000000056,0.7011494252873564,166,1.1190799999999923,0.7108433734939759
impulse60_cont_600|s040|TP20_SL20|H720,impulse60_cont_600,s040,TP20_SL20,20.0,20.0,1.0,720,-0.8876808770751489,728,-17.692150000000048,-0.02430240384615391,0.46016483516483514,0.894187889065686,24.720249999999947,8,2,517,-16.245350000000073,-0.031422340425532054,0.4584139264990329,0.9170492852963127,25.43300000000006,9,2,1245,-33.93750000000012,-0.02725903614457841,0.9065203292632888,150,-10.421500000000002,0.38,145,-11.814699999999958,0.4068965517241379,148,7.1232499999999614,0.5337837837837838,132,-5.649450000000001,0.45454545454545453,153,3.0702499999999526,0.5228758169934641,140,-14.847250000000077,0.37857142857142856,144,-4.358449999999971,0.4791666666666667,136,1.8028499999999887,0.4852941176470588,97,1.157499999999982,0.5051546391752577
inside_prevday_asia_break|all|TP10_SL25|H1440,inside_prevday_asia_break,all,TP10_SL25,10.0,25.0,0.4,1440,-0.889182370916612,697,-18.190919999999956,-0.026098880918220883,0.5294117647058824,0.862520284601116,22.177079999999986,7,2,434,-1.5153200000000826,-0.0034915207373273794,0.631336405529954,0.9851731682211159,11.270360000000004,5,2,1131,-19.70624000000004,-0.017423731211317454,0.9159714260276125,139,-1.482720000000054,0.460431654676259,149,-10.312439999999931,0.46308724832214765,125,1.8894799999999918,0.608,138,-8.518199999999977,0.5144927536231884,146,0.23296000000001205,0.6095890410958904,149,-3.05668000000006,0.5570469798657718,142,6.603199999999968,0.6619718309859155,92,-5.861839999999993,0.6521739130434783,51,0.7999999999999998,0.7254901960784313
prevday_liquidity_sweep|all|TP30_SL25|H1440,prevday_liquidity_sweep,all,TP30_SL25,30.0,25.0,1.2,1440,-0.8940691443930728,673,-16.084559999999925,-0.023899791976225743,0.4888558692421991,0.8874143983039681,22.10251999999991,8,1,445,-29.93600000000002,-0.0672719101123596,0.4449438202247191,0.8201622096499169,35.826720000000066,16,0,1118,-46.02055999999994,-0.041163291592128746,0.8512232455645221,131,0.33568000000001064,0.5114503816793893,121,-5.2572399999999915,0.4793388429752066,143,-0.15815999999991737,0.5314685314685315,141,-9.922160000000021,0.46808510638297873,137,-1.0826800000000016,0.45255474452554745,135,-2.1983999999999466,0.42962962962962964,129,-6.863560000000051,0.4883720930232558,116,-4.274040000000023,0.47413793103448276,65,-16.599999999999998,0.3384615384615385
prevclose_cont_600|all|TP20_SL15|H480,prevclose_cont_600,all,TP20_SL15,20.0,15.0,1.3333333333333333,480,-0.8949928521324388,1304,-19.686599999999746,-0.015097085889570358,0.4539877300613497,0.9415305658763472,33.20859999999975,13,2,949,9.839733333333221,0.010368528275377473,0.46469968387776606,1.025744549586375,27.515000000000096,14,2,2253,-9.846866666666527,-0.004370557774818698,0.9863029742807171,260,-5.943399999999898,0.4576923076923077,261,-17.054266666666628,0.42528735632183906,262,-3.943066666666546,0.48091603053435117,261,5.451666666666641,0.42911877394636017,260,1.802466666666679,0.47692307692307695,260,-20.387666666666792,0.4230769230769231,262,15.882666666666708,0.5152671755725191,261,28.55740000000001,0.5019157088122606,166,-14.212666666666706,0.39156626506024095
normal_range_mid_cont_14|r080_120|TP15_SL15|H480,normal_range_mid_cont_14,r080_120,TP15_SL15,15.0,15.0,1.0,480,-0.8980250526057656,521,-15.372066666666901,-0.029504926423544915,0.46065259117082535,0.8876620776140679,18.80633333333349,9,1,330,-45.57733333333337,-0.13811313131313144,0.4121212121212121,0.6964495349460884,49.66086666666669,11,0,851,-60.949400000000274,-0.07162091656874298,0.7876218007060984,106,-7.033933333333364,0.4056603773584906,96,-3.3442666666667265,0.4270833333333333,99,-1.4024666666666694,0.5050505050505051,121,-4.882000000000076,0.47107438016528924,99,1.2905999999999336,0.494949494949495,95,-13.553666666666713,0.3894736842105263,101,-12.382066666666665,0.40594059405940597,80,-7.641599999999986,0.4625,54,-12.0,0.3888888888888889
asia_body_fade_840|all|TP10_SL25|H720,asia_body_fade_840,all,TP10_SL25,10.0,25.0,0.4,720,-0.9075316134760156,1291,-20.251040000000007,-0.015686320681642142,0.5205267234701781,0.9005177527146696,21.601200000000066,9,0,938,-50.22423999999995,-0.05354396588486136,0.5778251599147122,0.7918095454436174,53.51996000000039,10,0,2229,-70.47527999999996,-0.031617442799461624,0.8415595683297192,258,-6.373280000000049,0.4418604651162791,258,-1.7748399999999855,0.5038759689922481,259,-5.157520000000003,0.5444015444015444,258,-1.9197599999999235,0.5542635658914729,258,-5.025640000000048,0.5581395348837209,257,-10.540920000000003,0.5175097276264592,259,-16.76975999999996,0.5444015444015444,258,-1.1023599999999885,0.6472868217054264,164,-21.811199999999992,0.6158536585365854
inside_prevday_asia_break|all|TP25_SL20|H720,inside_prevday_asia_break,all,TP25_SL20,25.0,20.0,1.25,720,-0.9106581984557212,697,-17.72354999999984,-0.025428335724533485,0.4720229555236729,0.8893743914313543,25.147049999999894,8,2,434,10.548749999999984,0.02430587557603683,0.4700460829493088,1.0717479532406373,21.343950000000017,8,3,1131,-7.174799999999858,-0.006343766578249211,0.9766473515080053,139,0.3648499999999785,0.4460431654676259,149,-7.313899999999889,0.4563758389261745,125,6.504700000000025,0.528,138,-12.434149999999942,0.42028985507246375,146,-4.845050000000015,0.5136986301369864,149,0.297350000000006,0.4563758389261745,142,15.866500000000011,0.528169014084507,92,-15.36510000000003,0.3695652173913043,51,9.75,0.5294117647058824
asia_body_cont_840|all|TP15_SL25|H720,asia_body_cont_840,all,TP15_SL25,15.0,25.0,0.6,720,-0.9126920787525048,1291,-19.9892,-0.015483501161890009,0.4903175832687839,0.9053604042763848,27.828960000000038,9,1,938,-6.47772000000003,-0.006905884861407282,0.5415778251599147,0.9743204740396438,29.07964000000004,11,2,2229,-26.466920000000037,-0.01187389860924183,0.9428935320078544,258,2.894520000000038,0.5155038759689923,258,-6.049200000000009,0.4689922480620155,259,-7.899640000000027,0.5135135135135135,258,-8.389960000000011,0.4689922480620155,258,-0.5449199999999929,0.4844961240310077,257,-3.8432800000000396,0.490272373540856,259,8.447040000000024,0.5405405405405406,258,-20.450400000000048,0.5193798449612403,164,9.368920000000035,0.6585365853658537
asia_body_cont_840|all|TP15_SL20|H480,asia_body_cont_840,all,TP15_SL20,15.0,20.0,0.75,480,-0.9156341257766966,1291,-19.706300000000105,-0.015264368706429207,0.49341595662277304,0.9220967383595571,28.77315000000012,10,1,938,3.3334499999999334,0.003553784648187562,0.535181236673774,1.0114488046835877,29.800350000000048,10,3,2229,-16.372850000000163,-0.007345379093764093,0.9699094868778942,258,3.557050000000016,0.5310077519379846,258,-6.09590000000012,0.49224806201550386,259,-9.012499999999967,0.4980694980694981,258,-8.100200000000065,0.4728682170542636,258,-0.05474999999996588,0.4728682170542636,257,0.8513999999999222,0.5019455252918288,259,10.423450000000038,0.5521235521235521,258,-19.97190000000005,0.5,164,12.030500000000028,0.6158536585365854
asia_mid_cont_600|all|TP10_SL20|H720,asia_mid_cont_600,all,TP10_SL20,10.0,20.0,0.5,720,-0.9188632065658444,1305,-17.757650000000027,-0.013607394636015346,0.5103448275862069,0.9323949093787253,27.58520000000001,8,0,949,4.084699999999955,0.004304214963119025,0.6016859852476291,1.0157103272122658,27.86625000000011,6,2,2254,-13.672950000000082,-0.006066082519964544,0.9738401008823377,261,-3.569450000000028,0.46360153256704983,261,-10.695700000000013,0.4674329501915709,262,-0.8601499999999547,0.5610687022900763,261,-1.8008999999999569,0.5019157088122606,260,-0.8314500000000864,0.5576923076923077,260,-19.4135500000001,0.4653846153846154,262,15.129500000000007,0.6374045801526718,261,8.969900000000052,0.6666666666666666,166,-0.6011500000000067,0.6566265060240963
impulse60_cont_600|s040|TP15_SL20|H1440,impulse60_cont_600,s040,TP15_SL20,15.0,20.0,0.75,1440,-0.9191873916266318,728,-18.1877499999999,-0.02498317307692294,0.489010989010989,0.8986586066425556,25.655749999999966,7,2,517,-25.93679999999997,-0.050167891682785244,0.5029013539651838,0.8680722050453603,33.00989999999994,7,1,1245,-44.12454999999987,-0.035441405622489854,0.8826688644929231,150,-9.187200000000018,0.43333333333333335,145,-14.699149999999939,0.43448275862068964,148,8.533650000000044,0.5472972972972973,132,-5.457149999999977,0.49242424242424243,153,2.62209999999999,0.5359477124183006,140,-18.269750000000055,0.40714285714285714,144,-5.939599999999938,0.5,136,2.522550000000024,0.5735294117647058,97,-4.25,0.5463917525773195
asia_body_cont_600|all|TP10_SL20|H720,asia_body_cont_600,all,TP10_SL20,10.0,20.0,0.5,720,-0.9241658986985433,1291,-18.800149999999892,-0.014562470952749722,0.5112316034082107,0.9288852281044853,31.11374999999996,8,1,938,6.623249999999987,0.007061034115138579,0.6087420042643923,1.0257415976172333,16.54360000000004,8,2,2229,-12.176899999999913,-0.00546294302377744,0.976657448356553,258,1.7815500000000384,0.4844961240310077,258,-11.755700000000036,0.4689922480620155,259,-2.0968999999999376,0.5444015444015444,258,-6.098899999999958,0.49612403100775193,258,-0.6302000000000021,0.562015503875969,257,-10.924100000000054,0.4980544747081712,259,13.309499999999968,0.6254826254826255,258,4.737850000000071,0.6666666666666666,164,-0.5,0.6646341463414634
prevday_liquidity_sweep|all|TP15_SL15|H480,prevday_liquidity_sweep,all,TP15_SL15,15.0,15.0,1.0,480,-0.924676158675097,673,-14.742466666666452,-0.0219055968301136,0.5185735512630015,0.9187558461388123,28.009799999999856,7,1,445,-34.18333333333321,-0.07681647940074879,0.4584269662921348,0.8164191293594422,39.20566666666659,9,0,1118,-48.92579999999966,-0.04376189624329129,0.8669272079477368,131,4.0332000000000185,0.5725190839694656,121,-5.009199999999964,0.5371900826446281,143,-6.36633333333316,0.46153846153846156,141,-7.365200000000021,0.5035460992907801,137,-0.03493333333332549,0.5255474452554745,135,-5.665666666666555,0.4666666666666667,129,-11.359399999999944,0.4573643410852713,116,-2.158266666666713,0.49137931034482757,65,-15.0,0.38461538461538464
asia_body_cont_600|all|TP5_SL15|H720,asia_body_cont_600,all,TP5_SL15,5.0,15.0,0.3333333333333333,720,-0.9252598894458011,1291,-17.86739999999997,-0.013839969016266438,0.6189000774593338,0.933004786961467,27.63893333333327,8,0,938,-8.315800000000078,-0.008865458422174923,0.7078891257995735,0.9633457652379965,16.21120000000002,8,1,2229,-26.18320000000005,-0.011746612830865881,0.9469511943099516,258,-2.4795999999999694,0.5310077519379846,258,-6.658466666666711,0.5465116279069767,259,-1.4167333333333225,0.6833976833976834,258,-4.484733333333363,0.6550387596899225,258,-2.827866666666605,0.6782945736434108,257,-2.9308666666667555,0.6614785992217899,259,3.026666666666685,0.7181467181467182,258,-5.744933333333336,0.7248062015503876,164,-2.6666666666666696,0.7378048780487805
trend_pullback_600|f025|TP40_SL30|H1440,trend_pullback_600,f025,TP40_SL30,40.0,30.0,1.3333333333333333,1440,-0.9254612107695899,813,-18.59369999999992,-0.02287047970479695,0.44157441574415746,0.8746465937378022,21.885399999999898,10,1,590,7.967533333333353,0.013504293785310768,0.4728813559322034,1.0424813218038416,16.2119,7,3,1403,-10.62616666666656,-0.007573889284865688,0.9683635850111364,152,-5.6704999999999925,0.39473684210526316,152,-10.732666666666653,0.42105263157894735,168,6.360033333333436,0.4880952380952381,184,-6.769999999999981,0.43478260869565216,157,-1.7805666666667237,0.46496815286624205,166,-8.047933333333397,0.41566265060240964,169,5.219733333333389,0.4970414201183432,154,2.83296666666668,0.512987012987013,101,7.962766666666683,0.46534653465346537
asia_body_fade_600|all|TP40_SL30|H720,asia_body_fade_600,all,TP40_SL30,40.0,30.0,1.3333333333333333,720,-0.925838972473645,1291,-22.75290000000015,-0.01762424477149508,0.5003872966692486,0.8886162533292553,23.354300000000148,7,1,938,-35.8105333333332,-0.03817754086709296,0.4552238805970149,0.8767805789907541,42.86856666666653,8,1,2229,-58.563433333333336,-0.02627341109615672,0.8816658807599047,258,-5.813866666666717,0.4883720930232558,258,2.721200000000045,0.5,259,-10.239100000000068,0.4749034749034749,258,-4.08483333333329,0.5503875968992248,258,-5.336300000000112,0.4883720930232558,257,3.1989666666666547,0.5136186770428015,259,-21.95633333333322,0.44787644787644787,258,-8.339500000000061,0.43410852713178294,164,-8.713666666666564,0.40853658536585363
asia_body_cont_600|all|TP10_SL20|H480,asia_body_cont_600,all,TP10_SL20,10.0,20.0,0.5,480,-0.9271553099203931,1291,-19.738599999999863,-0.015289388071262481,0.5042602633617351,0.9173006076364527,29.417349999999878,10,1,938,0.9866999999999715,0.0010519189765458119,0.5959488272921108,1.0040058331621438,17.31274999999996,9,2,2229,-18.751899999999885,-0.00841269627635706,0.9613358661445168,258,-0.5422499999999222,0.49224806201550386,258,-11.077299999999969,0.46124031007751937,259,-6.636349999999912,0.528957528957529,258,0.08505000000002472,0.49612403100775193,258,-1.5677500000000792,0.5426356589147286,257,-11.871100000000038,0.48249027237354086,259,10.889800000000005,0.6177606177606177,258,2.5703500000000297,0.6434108527131783,164,-0.6023500000000239,0.6646341463414634
asia_liquidity_sweep|all|TP10_SL25|H480,asia_liquidity_sweep,all,TP10_SL25,10.0,25.0,0.4,480,-0.9272042554566222,1166,-23.773319999999842,-0.020388782161234856,0.5240137221269296,0.8685961595861115,24.314200000000074,9,2,801,-33.651760000000266,-0.042012184769039035,0.5792759051186017,0.8249425643964374,37.136480000000475,6,0,1967,-57.42508000000011,-0.02919424504321307,0.8461075295373971,234,-5.166280000000043,0.4700854700854701,227,1.0431600000000896,0.5418502202643172,227,-12.25539999999997,0.5110132158590308,237,0.6234800000000549,0.5780590717299579,241,-8.018279999999974,0.5186721991701245,241,-1.3449600000000563,0.5643153526970954,234,-13.42092000000016,0.5256410256410257,208,-13.96028000000004,0.6009615384615384,118,-4.925600000000012,0.6779661016949152
asia_break_09_14|all|TP10_SL20|H480,asia_break_09_14,all,TP10_SL20,10.0,20.0,0.5,480,-0.9303099828639856,1099,-19.97970000000005,-0.01817989080982716,0.48771610555050043,0.9013357405535453,25.859499999999954,9,1,722,-6.067350000000225,-0.00840353185595599,0.5581717451523546,0.968042955964026,15.637400000000083,6,2,1821,-26.047050000000272,-0.014303706754530627,0.9336146555682261,224,2.2495999999998393,0.45982142857142855,215,-7.239749999999981,0.4232558139534884,209,-3.8285999999999616,0.5358851674641149,223,-7.419349999999996,0.4798206278026906,228,-3.741599999999948,0.5394736842105263,219,-10.952850000000023,0.4429223744292237,221,8.653099999999858,0.5701357466063348,189,-6.767600000000061,0.6137566137566137,93,3.0,0.6881720430107527
asia_body_cont_840|all|TP10_SL20|H480,asia_body_cont_840,all,TP10_SL20,10.0,20.0,0.5,480,-0.9347424024852966,1291,-22.652350000000126,-0.01754635941130916,0.5213013168086754,0.9061093080994596,29.70100000000013,8,2,938,3.7153499999999804,0.00396092750533047,0.6002132196162047,1.0150149154990453,23.017100000000074,8,2,2229,-18.937000000000154,-0.008495737999102805,0.9612508068485619,258,2.0274000000000014,0.5310077519379846,258,-9.238700000000131,0.49612403100775193,259,-6.177199999999981,0.5444015444015444,258,-11.934000000000058,0.49612403100775193,258,2.6701500000000467,0.5387596899224806,257,-4.692900000000077,0.5291828793774319,259,9.275300000000048,0.5984555984555985,258,-8.897550000000024,0.6085271317829457,164,8.030500000000028,0.7012195121951219
asia_break_retest|w90|TP10_SL20|H720,asia_break_retest,w90,TP10_SL20,10.0,20.0,0.5,720,-0.9354256264136102,872,-17.35989999999964,-0.019908142201834452,0.5103211009174312,0.9038800886124398,32.554749999999736,11,2,568,0.9892500000000375,0.001741637323943728,0.5933098591549296,1.0064826704473782,17.217499999999973,7,3,1440,-16.3706499999996,-0.011368506944444166,0.9508692599484684,154,1.8041500000000048,0.461038961038961,169,-7.9820499999998225,0.48520710059171596,174,-6.217199999999991,0.4942528735632184,184,-13.379949999999905,0.483695652173913,191,8.415150000000073,0.612565445026178,174,-13.630399999999984,0.46551724137931033,169,11.16500000000001,0.6272189349112426,150,0.4546500000000151,0.6533333333333333,75,3.0,0.6933333333333334
asia_mid_cont_600|all|TP15_SL15|H720,asia_mid_cont_600,all,TP15_SL15,15.0,15.0,1.0,720,-0.9360637202786584,1305,-19.56160000000012,-0.014989731800766374,0.46590038314176246,0.9471304964516002,30.932600000000125,8,1,949,-2.850733333333393,-0.003003933965577864,0.48261327713382507,0.9925596398086848,29.6390666666668,10,2,2254,-22.412333333333507,-0.009943359952676799,0.9702415700971969,261,-5.093000000000029,0.4521072796934866,261,-9.47606666666669,0.4559386973180077,262,-4.434799999999996,0.48091603053435117,261,0.2475333333333296,0.4559386973180077,260,-0.8052666666667403,0.4846153846153846,260,-17.331466666666785,0.43846153846153846,262,12.01466666666676,0.5038167938931297,261,11.393399999999959,0.5134099616858238,166,-8.927333333333323,0.46987951807228917
prevday_liquidity_sweep|all|TP15_SL20|H1440,prevday_liquidity_sweep,all,TP15_SL20,15.0,20.0,0.75,1440,-0.9385924306869979,673,-16.83134999999999,-0.02500943536404159,0.49925705794947994,0.9022209118925971,23.349049999999952,8,1,445,-30.03689999999991,-0.06749865168539305,0.4943820224719101,0.8212449987770329,35.779899999999934,10,1,1118,-46.8682499999999,-0.04192151162790689,0.8622212573463186,131,1.4928000000000003,0.5114503816793893,121,-4.68275000000001,0.48760330578512395,143,-1.0972999999999278,0.5454545454545454,141,-9.145550000000048,0.475177304964539,137,-3.39855,0.4744525547445255,135,-9.450049999999909,0.42962962962962964,129,-6.6640000000000095,0.5271317829457365,116,0.3271500000000076,0.5603448275862069,65,-14.25,0.4461538461538462
prevclose_cont_600|all|TP15_SL25|H480,prevclose_cont_600,all,TP15_SL25,15.0,25.0,0.6,480,-0.9396014077136228,1304,-21.427559999999932,-0.016432177914110377,0.4647239263803681,0.8957089290720498,27.02411999999978,13,1,949,2.465119999999917,0.0025975974710220413,0.5437302423603794,1.0104150664579863,20.80932000000003,9,2,2253,-18.96244000000002,-0.00841652907234799,0.9571128231809197,260,-4.017559999999921,0.4576923076923077,261,-12.422839999999987,0.42528735632183906,262,-6.496039999999947,0.49236641221374045,261,4.506919999999971,0.4521072796934866,260,-2.998040000000047,0.49615384615384617,260,-16.333600000000107,0.4269230769230769,262,10.375400000000035,0.5610687022900763,261,13.84252,0.6091954022988506,166,-5.41920000000002,0.5963855421686747
asia_break_09_14|all|TP10_SL25|H720,asia_break_09_14,all,TP10_SL25,10.0,25.0,0.4,720,-0.9445343541523825,1099,-18.858479999999783,-0.01715967242948115,0.5168334849863512,0.8973922248595052,23.676639999999786,9,0,722,-0.7401199999999992,-0.001025096952908586,0.6024930747922438,0.9954236935588665,15.908879999999975,6,2,1821,-19.598599999999788,-0.010762548050521575,0.9432780563590137,224,-0.2558400000000074,0.46875,215,-8.284839999999939,0.4744186046511628,209,-1.0740799999999036,0.5789473684210527,223,-7.957159999999966,0.49327354260089684,228,-1.2865599999999713,0.5701754385964912,219,-11.191039999999983,0.4703196347031963,221,9.457040000000013,0.6199095022624435,189,-1.2061200000000287,0.671957671957672,93,2.1999999999999966,0.7311827956989247
inside_prevday_asia_break|all|TP20_SL15|H480,inside_prevday_asia_break,all,TP20_SL15,20.0,15.0,1.3333333333333333,480,-0.9488365441768871,697,-17.586866666666662,-0.025232233381157335,0.45911047345767575,0.9027476606986311,28.215733333333336,9,2,434,3.5021999999997675,0.008069585253455686,0.45622119815668205,1.0210267664697246,21.163800000000023,7,2,1131,-14.084666666666891,-0.012453286177424307,0.9594565212593709,139,3.214066666666561,0.4676258992805755,149,-7.222466666666543,0.4161073825503356,125,1.841466666666685,0.552,138,-10.723200000000013,0.391304347826087,146,-4.696733333333352,0.4794520547945205,149,-2.400600000000093,0.436241610738255,142,8.364599999999877,0.49295774647887325,92,-14.46180000000001,0.391304347826087,51,11.999999999999998,0.5294117647058824
asia_break_10_16|all|TP10_SL20|H480,asia_break_10_16,all,TP10_SL20,10.0,20.0,0.5,480,-0.9510802058574919,1191,-22.12699999999984,-0.01857850545759852,0.4995801847187238,0.9017657045237418,30.01819999999983,13,2,801,4.89400000000003,0.006109862671660462,0.581772784019975,1.023661772989124,20.37344999999998,7,3,1992,-17.23299999999981,-0.008651104417670587,0.960116062189597,232,1.7055499999999821,0.4870689655172414,239,-10.278399999999943,0.4393305439330544,231,-5.82409999999992,0.5238095238095238,241,-11.596499999999946,0.47717842323651455,248,3.866449999999988,0.5685483870967742,241,-13.402049999999976,0.44813278008298757,240,12.397500000000047,0.6125,206,2.8985499999999558,0.6456310679611651,114,3.0,0.6842105263157895
trend_pullback_600|f025|TP20_SL20|H720,trend_pullback_600,f025,TP20_SL20,20.0,20.0,1.0,720,-0.9533746174083638,813,-20.41834999999999,-0.02511482164821647,0.44526445264452646,0.8933021574876636,25.062149999999924,8,2,590,-3.2450500000000257,-0.005500084745762755,0.47627118644067795,0.9848039695447208,21.30305000000009,7,1,1403,-23.663400000000017,-0.016866286528866726,0.9415591535938674,152,-8.103400000000034,0.39473684210526316,152,-10.420449999999981,0.4276315789473684,168,7.810050000000034,0.5238095238095238,184,-11.81559999999995,0.3967391304347826,157,2.1110499999999415,0.4840764331210191,166,-13.945650000000057,0.4036144578313253,169,-0.8697999999999888,0.48520710059171596,154,13.775400000000035,0.538961038961039,101,-2.2050000000000183,0.48514851485148514
asia_body_fade_600|all|TP15_SL25|H720,asia_body_fade_600,all,TP15_SL25,15.0,25.0,0.6,720,-0.9643649145462693,1291,-23.555000000000113,-0.018245546088303727,0.5166537567776918,0.8995353418928961,24.5800400000001,7,1,938,-44.81072000000009,-0.04777262260127941,0.5298507462686567,0.8412746450715802,50.521319999999704,7,0,2229,-68.3657200000002,-0.030671027366532166,0.8677074103039947,258,-7.111200000000027,0.4883720930232558,258,0.5123600000000526,0.5,259,-6.554640000000072,0.5212355212355212,258,-1.8658799999999534,0.562015503875969,258,-8.535640000000111,0.5116279069767442,257,-1.43892000000008,0.5214007782101168,259,-20.701919999999923,0.4980694980694981,258,-12.171480000000079,0.5387596899224806,164,-10.498400000000002,0.5792682926829268
inside_prevday_asia_break|all|TP15_SL20|H1440,inside_prevday_asia_break,all,TP15_SL20,15.0,20.0,0.75,1440,-0.9691045022890136,697,-19.18074999999998,-0.027519010043041577,0.4835007173601148,0.8901635514152488,25.37429999999999,7,2,434,6.608999999999861,0.015228110599078021,0.543778801843318,1.0460132630149852,18.06235000000001,6,3,1131,-12.571750000000115,-0.01111560565870921,0.9604988145009811,139,-2.848250000000064,0.4460431654676259,149,-9.22554999999993,0.4563758389261745,125,3.541949999999974,0.528,138,-11.659599999999976,0.463768115942029,146,1.0107000000000201,0.5273972602739726,149,0.8921499999999554,0.5234899328859061,142,12.659549999999923,0.5633802816901409,92,-11.942700000000013,0.5,51,5.0,0.6274509803921569
normal_range_mid_cont_14|r080_120|TP5_SL15|H720,normal_range_mid_cont_14,r080_120,TP5_SL15,5.0,15.0,0.3333333333333333,720,-0.9709156749003609,521,-15.367533333333427,-0.02949622520793364,0.6007677543186181,0.859820921444547,17.974399999999992,9,0,330,-12.52093333333336,-0.0379422222222223,0.6727272727272727,0.8534198700388509,17.854266666666675,4,2,851,-27.88846666666678,-0.032771406188797626,0.85701761341808,106,-6.031333333333412,0.44339622641509435,96,-4.729466666666684,0.53125,99,-0.9232666666666489,0.6868686868686869,121,-2.583266666666641,0.6694214876033058,99,-1.1002000000000425,0.6666666666666666,95,-5.5674666666666655,0.6,101,3.019666666666625,0.7128712871287128,80,-10.639799999999985,0.65,54,0.6666666666666654,0.7592592592592593
impulse60_cont_600|s040|TP25_SL20|H1440,impulse60_cont_600,s040,TP25_SL20,25.0,20.0,1.25,1440,-0.9788957160039948,728,-19.962199999999925,-0.027420604395604294,0.47527472527472525,0.8918156972430681,25.16069999999997,7,2,517,-15.661000000000092,-0.030292069632495342,0.4448742746615087,0.9289109314479133,25.39325000000006,9,1,1245,-35.62320000000001,-0.02861301204819278,0.9120026757478727,150,-10.62165000000001,0.43333333333333335,145,-13.098599999999921,0.43448275862068964,148,10.624050000000043,0.5202702702702703,132,-8.965399999999999,0.4696969696969697,153,2.099399999999956,0.5163398692810458,140,-15.599950000000094,0.39285714285714285,144,2.4845000000000033,0.4861111111111111,136,-0.045550000000000423,0.4632352941176471,97,-2.5,0.4329896907216495
prevday_liquidity_sweep|all|TP10_SL20|H1440,prevday_liquidity_sweep,all,TP10_SL20,10.0,20.0,0.5,1440,-0.981688211342948,673,-17.422550000000037,-0.02588789004457658,0.5364041604754829,0.8902974349287303,24.543849999999967,6,1,445,-23.696699999999943,-0.05325101123595493,0.5752808988764045,0.8351578635431808,32.58774999999996,6,0,1118,-41.11924999999998,-0.036779293381037546,0.8641001103380488,131,3.0509999999999766,0.5190839694656488,121,-4.993500000000005,0.512396694214876,143,-3.683849999999974,0.5944055944055944,141,-7.771400000000027,0.524822695035461,137,-4.024800000000004,0.5255474452554745,135,-6.486449999999913,0.5037037037037037,129,-5.096250000000021,0.6046511627906976,116,-5.61400000000001,0.6120689655172413,65,-6.5,0.6
prevday_liquidity_sweep|all|TP25_SL20|H1440,prevday_liquidity_sweep,all,TP25_SL20,25.0,20.0,1.25,1440,-0.982067836986244,673,-19.023549999999986,-0.028266790490341732,0.48439821693907875,0.8912931303450431,25.80149999999997,8,2,445,-33.29900000000005,-0.07482921348314618,0.4337078651685393,0.8239927776729453,40.34495000000006,11,0,1118,-52.32255000000004,-0.04680013416815746,0.8563316041063216,131,0.6386000000000199,0.5114503816793893,121,-5.1189499999999954,0.4793388429752066,143,0.480500000000062,0.5174825174825175,141,-10.39130000000006,0.46808510638297873,137,-4.632400000000018,0.44525547445255476,135,-7.768149999999924,0.4148148148148148,129,-10.417950000000086,0.4728682170542636,116,-4.112900000000039,0.4482758620689655,65,-11.0,0.36923076923076925
asia_mid_cont_600|all|TP10_SL20|H480,asia_mid_cont_600,all,TP10_SL20,10.0,20.0,0.5,480,-0.9862857182823785,1305,-21.916900000000023,-0.016794559386973197,0.4888888888888889,0.9082367875988259,29.41554999999991,9,1,949,6.338149999999837,0.0066787671232874995,0.5922023182297155,1.0260569506442545,20.083400000000022,6,2,2254,-15.578750000000188,-0.006911601597160687,0.967684580346043,261,-4.03465000000001,0.45977011494252873,261,-13.58994999999993,0.4099616858237548,262,-3.2908999999999313,0.5343511450381679,261,3.2847499999999616,0.5095785440613027,260,-4.28615000000011,0.5307692307692308,260,-13.473000000000035,0.46923076923076923,262,15.04849999999989,0.6183206106870229,261,5.466150000000016,0.6475095785440613,166,-0.7035000000000307,0.6566265060240963
prevclose_cont_600|all|TP30_SL25|H720,prevclose_cont_600,all,TP30_SL25,30.0,25.0,1.2,720,-0.9870588781936368,1304,-21.954560000000015,-0.01683631901840492,0.45015337423312884,0.909582152860169,29.40000000000002,10,1,949,33.07271999999983,0.03485007376185441,0.49420442571127504,1.1145182202305843,25.699319999999894,11,2,2253,11.118159999999811,0.004934824678206751,1.020914089437577,260,-6.676319999999976,0.41923076923076924,261,-13.028519999999988,0.42911877394636017,262,0.7426000000000199,0.48091603053435117,261,-1.460279999999993,0.421455938697318,260,-1.5320400000000776,0.5,260,-8.254520000000104,0.4423076923076923,262,27.692439999999927,0.5419847328244275,261,17.514280000000017,0.5287356321839081,166,-3.879480000000008,0.4457831325301205
inside_prevday_asia_break|all|TP5_SL15|H480,inside_prevday_asia_break,all,TP5_SL15,5.0,15.0,0.3333333333333333,480,-0.9880037940402804,697,-17.502866666666577,-0.025111716881874573,0.5710186513629842,0.8743177769809908,25.3265999999999,8,1,434,-1.015400000000099,-0.002339631336405758,0.6889400921658986,0.9898189659609474,10.622133333333352,6,2,1131,-18.51826666666668,-0.016373356911287957,0.9225168481656701,139,3.312466666666567,0.49640287769784175,149,-2.5635999999998322,0.4966442953020134,125,-0.022866666666657598,0.696,138,-15.005133333333305,0.5434782608695652,146,-3.2237333333333504,0.636986301369863,149,-1.9490666666667216,0.6174496644295302,142,3.1634666666666345,0.7183098591549296,92,-3.22980000000001,0.717391304347826,51,0.9999999999999987,0.7647058823529411
asia_liquidity_sweep|all|TP40_SL30|H720,asia_liquidity_sweep,all,TP40_SL30,40.0,30.0,1.3333333333333333,720,-0.9881753770002284,1166,-24.277499999999844,-0.02082118353344755,0.4939965694682676,0.867883542696477,27.38509999999996,10,2,801,-74.4276333333334,-0.09291839367457354,0.4444444444444444,0.7051029808275839,78.82283333333339,8,0,1967,-98.70513333333324,-0.050180545670225334,0.7736865656983694,234,-3.2548666666666413,0.5213675213675214,227,2.5967333333333356,0.5110132158590308,227,-22.616533333333333,0.4052863436123348,237,1.0237000000000545,0.5611814345991561,241,-2.0265333333332514,0.46887966804979253,241,-3.3399333333332457,0.5269709543568465,234,-18.247366666666835,0.4444444444444444,208,-13.368499999999948,0.4326923076923077,118,-39.471833333333365,0.2966101694915254
trend_pullback_600|f025|TP15_SL25|H480,trend_pullback_600,f025,TP15_SL25,15.0,25.0,0.6,480,-0.9913210570560538,813,-20.112159999999975,-0.024738204182041788,0.46494464944649444,0.8516829485714424,22.419559999999972,8,1,590,-6.169080000000038,-0.010456067796610234,0.5322033898305085,0.9590342814006224,16.026880000000105,7,2,1403,-26.281240000000018,-0.018732173913043493,0.9081697658257817,152,-6.345039999999999,0.4144736842105263,152,-7.440920000000015,0.4342105263157895,168,2.457800000000087,0.5238095238095238,184,-3.0985600000000257,0.46195652173913043,157,-5.6854400000000265,0.4840764331210191,166,-10.914520000000074,0.4397590361445783,169,-2.2263200000000145,0.514792899408284,154,6.531360000000041,0.5909090909090909,101,0.44040000000000923,0.6237623762376238
impulse60_cont_600|s040|TP15_SL25|H720,impulse60_cont_600,s040,TP15_SL25,15.0,25.0,0.6,720,-0.9923477378807788,728,-18.863160000000097,-0.0259109340659342,0.4697802197802198,0.8583904256133754,22.99403999999995,8,1,517,-18.632640000000055,-0.036039922630561036,0.5087040618955513,0.8777205456552907,22.796240000000008,8,1,1245,-37.49580000000016,-0.03011710843373507,0.8687043328781704,150,-8.04163999999998,0.38,145,-12.504639999999991,0.4068965517241379,148,5.6987199999999385,0.5540540540540541,132,-2.7850400000000173,0.4772727272727273,153,-1.2305600000000496,0.5294117647058824,140,-12.709560000000065,0.38571428571428573,144,-6.4923599999999535,0.5,136,5.533279999999976,0.5882352941176471,97,-4.964000000000013,0.5876288659793815
trend_pullback_600|f025|TP30_SL25|H720,trend_pullback_600,f025,TP30_SL25,30.0,25.0,1.2,720,-1.0017786470467995,813,-19.978640000000027,-0.02457397293972943,0.44280442804428044,0.8739792443942175,23.726200000000013,8,1,590,-3.800519999999996,-0.006441559322033892,0.46440677966101696,0.9803692554354227,17.67116000000005,7,3,1403,-23.77916000000001,-0.01694879543834641,0.9324714515674842,152,-6.58144000000002,0.39473684210526316,152,-11.539119999999995,0.42105263157894735,168,8.242440000000025,0.5178571428571429,184,-9.727039999999988,0.40217391304347827,157,-0.37348000000004633,0.47770700636942676,166,-11.890120000000035,0.39759036144578314,169,1.1017600000000405,0.4911242603550296,154,4.43344000000001,0.5064935064935064,101,2.5543999999999887,0.46534653465346537
asia_body_fade_840|all|TP30_SL25|H720,asia_body_fade_840,all,TP30_SL25,30.0,25.0,1.2,720,-1.0029718944789603,1291,-22.724280000000125,-0.01760207591014727,0.4817970565453137,0.8964654532200372,23.320920000000147,12,0,938,-46.44692000000003,-0.049516972281449925,0.4573560767590618,0.8547707213868091,55.45519999999995,12,1,2229,-69.17120000000014,-0.031032391206819266,0.8717396057666147,258,-8.683800000000026,0.43410852713178294,258,-0.27120000000005406,0.4883720930232558,259,-6.9123200000000375,0.46332046332046334,258,-0.5949199999999311,0.5232558139534884,258,-6.262040000000079,0.5,257,-4.812319999999964,0.48638132295719844,259,-27.35336000000008,0.44787644787644787,258,9.179439999999953,0.4883720930232558,164,-23.46067999999994,0.3780487804878049
asia_body_fade_840|all|TP15_SL20|H480,asia_body_fade_840,all,TP15_SL20,15.0,20.0,0.75,480,-1.004554581115841,1291,-23.92355000000014,-0.018531022463206925,0.487993803253292,0.9078692869959961,26.686650000000085,7,1,938,-52.7312500000002,-0.05621668443496823,0.4936034115138593,0.8366172801713287,59.4066000000002,10,1,2229,-76.65480000000034,-0.03438977119784672,0.8683848988125245,258,-9.57690000000008,0.43410852713178294,258,-3.7724499999999574,0.4689922480620155,259,-6.387250000000064,0.49034749034749037,258,0.3618000000000987,0.5077519379844961,258,-4.5487500000001315,0.5387596899224806,257,-10.987150000000101,0.4785992217898833,259,-25.15480000000006,0.4517374517374517,258,5.114699999999946,0.5503875968992248,164,-21.703999999999997,0.49390243902439024
normal_range_mid_cont_14|r080_120|TP25_SL20|H1440,normal_range_mid_cont_14,r080_120,TP25_SL20,25.0,20.0,1.25,1440,-1.0124462453578875,521,-14.878150000000087,-0.02855690978886773,0.44529750479846447,0.8833492036299522,27.81950000000009,11,1,330,-3.1105999999999785,-0.00942606060606054,0.4575757575757576,0.9758496788859767,19.80264999999998,8,1,851,-17.988750000000056,-0.02113836662749713,0.9298262757808343,106,-6.228500000000064,0.39622641509433965,96,-9.036000000000048,0.4270833333333333,99,-3.5966999999999416,0.45454545454545453,121,-7.161450000000046,0.45454545454545453,99,11.144500000000017,0.494949494949495,95,-4.757100000000048,0.45263157894736844,101,-2.3748499999999573,0.42574257425742573,80,-4.97864999999997,0.4625,54,9.0,0.5185185185185185
asia_mid_cont_600|all|TP10_SL25|H1440,asia_mid_cont_600,all,TP10_SL25,10.0,25.0,0.4,1440,-1.0189332627295888,1305,-22.48471999999999,-0.01722967049808428,0.5241379310344828,0.9048432893136901,30.498919999999956,8,1,949,12.153319999999967,0.012806448893572147,0.6459430979978925,1.0552197938006427,23.19996000000009,7,3,2254,-10.331400000000015,-0.00458358473824313,0.9773623552581239,261,-2.3399599999999463,0.4521072796934866,261,-14.00003999999998,0.48659003831417624,262,-3.1544399999999966,0.5725190839694656,261,0.38167999999997804,0.5517241379310345,260,-3.3719600000000547,0.5576923076923077,260,-16.40240000000006,0.49615384615384617,262,14.603159999999987,0.6603053435114504,261,13.792560000000044,0.7394636015325671,166,0.1599999999999978,0.7108433734939759
asia_mid_cont_600|all|TP15_SL15|H480,asia_mid_cont_600,all,TP15_SL15,15.0,15.0,1.0,480,-1.023316750526001,1305,-20.837266666666522,-0.015967254150702315,0.46130268199233715,0.9365592626594174,34.25433333333314,9,1,949,-7.81846666666681,-0.008238637161924984,0.48472075869336145,0.9784373004530521,25.132000000000083,10,2,2254,-28.655733333333337,-0.012713280094646557,0.9585327335329022,261,-5.715600000000025,0.4559386973180077,261,-15.810666666666567,0.4061302681992337,262,-2.5589999999998465,0.49236641221374045,261,7.88579999999994,0.47126436781609193,260,-4.63780000000003,0.4807692307692308,260,-14.374866666666776,0.43846153846153846,262,10.62586666666675,0.5190839694656488,261,5.143199999999917,0.5057471264367817,166,-9.2126666666667,0.46987951807228917
asia_break_10_16|all|TP10_SL20|H720,asia_break_10_16,all,TP10_SL20,10.0,20.0,0.5,720,-1.0239049588790474,1191,-19.957049999999875,-0.016756549118387806,0.5130142737195634,0.917585467129457,33.94259999999986,8,1,801,6.822400000000092,0.00851735330836466,0.599250936329588,1.0318108878526793,21.726400000000005,8,3,1992,-13.134649999999784,-0.006593699799196679,0.9712351760575685,232,-0.1320999999999815,0.47844827586206895,239,-10.281500000000017,0.47280334728033474,231,-2.796149999999931,0.5411255411255411,241,-16.792449999999917,0.46887966804979253,248,10.04514999999997,0.6008064516129032,241,-14.420949999999982,0.4730290456431535,240,12.974500000000102,0.6291666666666667,206,5.268849999999976,0.6650485436893204,114,3.0,0.6842105263157895
prevclose_cont_600|all|TP10_SL25|H480,prevclose_cont_600,all,TP10_SL25,10.0,25.0,0.4,480,-1.026709715447146,1304,-24.113919999999947,-0.018492269938650267,0.48773006134969327,0.8772136896242629,27.62528000000035,13,1,949,6.304559999999866,0.006643371970495117,0.6111696522655427,1.0313254558929648,19.65120000000003,9,2,2253,-17.80936000000007,-0.007904731469152272,0.9552133980979419,260,-4.812999999999938,0.4576923076923077,261,-11.777279999999973,0.42911877394636017,262,-4.781799999999965,0.5381679389312977,261,1.8251999999999957,0.48659003831417624,260,-4.56704000000007,0.5269230769230769,260,-15.343280000000059,0.4576923076923077,262,14.337319999999956,0.6335877862595419,261,10.473320000000001,0.6896551724137931,166,-3.162800000000027,0.6927710843373494
asia_body_cont_600|all|TP15_SL15|H720,asia_body_cont_600,all,TP15_SL15,15.0,15.0,1.0,720,-1.0280635248905874,1291,-20.157400000000017,-0.015613787761425265,0.4678543764523625,0.9453574793826187,41.074933333333455,10,2,938,10.194066666666552,0.010867874911158372,0.4957356076759062,1.0270479474844119,21.55746666666675,10,3,2229,-9.963333333333466,-0.0044698669059369525,0.9866404678598438,258,3.429066666666707,0.47674418604651164,258,-10.895600000000012,0.46511627906976744,259,-6.753666666666659,0.46332046332046334,258,-12.086533333333362,0.43410852713178294,258,6.149333333333304,0.5,257,-14.302266666666736,0.45525291828793774,259,11.088799999999992,0.5019305019305019,258,12.199999999999942,0.5232558139534884,164,1.2075333333333518,0.5060975609756098
normal_range_mid_cont_14|r080_120|TP15_SL15|H720,normal_range_mid_cont_14,r080_120,TP15_SL15,15.0,15.0,1.0,720,-1.033541383166657,521,-17.823000000000107,-0.034209213051823624,0.47024952015355087,0.8715321192527141,20.467200000000066,9,1,330,-43.12986666666686,-0.13069656565656623,0.41515151515151516,0.7119227695041057,47.2545333333335,8,0,851,-60.95286666666697,-0.07162499020759926,0.7886893020222232,106,-7.741666666666682,0.4056603773584906,96,-4.107333333333387,0.4479166666666667,99,-1.0565333333332854,0.5252525252525253,121,-6.287400000000041,0.47107438016528924,99,1.3699333333332864,0.5050505050505051,95,-11.646466666666734,0.4105263157894737,101,-11.253466666666752,0.40594059405940597,80,-8.229933333333369,0.45,54,-12.0,0.3888888888888889
normal_range_mid_cont_14|r080_120|TP5_SL15|H480,normal_range_mid_cont_14,r080_120,TP5_SL15,5.0,15.0,0.3333333333333333,480,-1.0485754341751221,521,-16.706733333333425,-0.03206666666666684,0.5834932821497121,0.8477442112956812,19.079266666666648,9,0,330,-11.85440000000007,-0.03592242424242445,0.6696969696969697,0.8599501284593848,17.187733333333384,4,2,851,-28.56113333333349,-0.03356184880532725,0.8530595767638918,106,-5.5354000000000285,0.44339622641509435,96,-4.446066666666701,0.5,99,-1.1406000000000422,0.6767676767676768,121,-3.460266666666639,0.6528925619834711,99,-2.124400000000015,0.6363636363636364,95,-5.819600000000041,0.5789473684210527,101,3.463866666666641,0.7227722772277227,80,-10.165333333333336,0.65,54,0.6666666666666654,0.7592592592592593
asia_liquidity_sweep|all|TP10_SL20|H720,asia_liquidity_sweep,all,TP10_SL20,10.0,20.0,0.5,720,-1.0501439981866483,1166,-25.91709999999997,-0.02222735849056601,0.5368782161234992,0.8952956552126742,28.680749999999968,10,2,801,-45.62595000000015,-0.05696123595505637,0.5742821473158551,0.8168646026415898,55.02195000000019,8,0,1967,-71.54305000000014,-0.036371657346212574,0.8559529042051138,234,-5.049799999999971,0.5213675213675214,227,0.02494999999999048,0.5286343612334802,227,-16.667950000000022,0.5066079295154186,237,5.401350000000046,0.6033755274261603,241,-9.625650000000018,0.5228215767634855,241,-0.363199999999936,0.5809128630705395,234,-19.191100000000144,0.5384615384615384,208,-23.57165000000007,0.5625,118,-2.5,0.652542372881356
impulse60_fade_840|s040|TP10_SL25|H480,impulse60_fade_840,s040,TP10_SL25,10.0,25.0,0.4,480,-1.0506076475902333,659,-19.574640000000016,-0.0297035508345979,0.5068285280728376,0.8164483322793569,22.091839999999962,8,1,481,-10.170279999999902,-0.021144033264033062,0.5987525987525988,0.9095327928815218,23.4771999999999,6,1,1140,-29.744919999999915,-0.026092035087719224,0.86421768175844,117,0.8323600000000447,0.5299145299145299,132,-7.213520000000018,0.45454545454545453,123,-3.7446399999999707,0.5365853658536586,145,-1.1464000000000567,0.5172413793103449,142,-8.302440000000013,0.5,134,-2.661040000000002,0.5447761194029851,139,-12.288479999999907,0.5107913669064749,130,-1.220759999999991,0.6461538461538462,78,6.000000000000001,0.7692307692307693
asia_break_retest|w90|TP20_SL15|H480,asia_break_retest,w90,TP20_SL15,20.0,15.0,1.3333333333333333,480,-1.0506878023443633,872,-19.778399999999763,-0.022681651376146517,0.46559633027522934,0.9156916811051969,34.93633333333317,9,2,568,13.114066666666375,0.02308814553990559,0.4595070422535211,1.0598435818229262,20.407133333333366,9,2,1440,-6.664333333333383,-0.0046280092592592935,0.9853122827752518,154,5.396666666666715,0.512987012987013,169,-2.837466666666587,0.48520710059171596,174,-12.768399999999929,0.4425287356321839,184,-11.488066666666587,0.41304347826086957,191,1.918866666666629,0.4816753926701571,174,-11.153800000000034,0.41379310344827586,169,20.740733333333168,0.514792899408284,150,3.8604666666665812,0.4666666666666667,75,-0.33333333333333703,0.4266666666666667
impulse60_cont_600|s040|TP15_SL15|H1440,impulse60_cont_600,s040,TP15_SL15,15.0,15.0,1.0,1440,-1.0511241798893791,728,-20.279866666666493,-0.027856959706959467,0.47527472527472525,0.9115284277142954,29.453866666666613,7,2,517,-37.326133333333445,-0.07219754996776295,0.4506769825918762,0.8457390415019976,42.77160000000007,7,0,1245,-57.60599999999994,-0.04626987951807224,0.8777441389089407,150,-11.102533333333364,0.43333333333333335,145,-15.992133333333246,0.42758620689655175,148,12.54386666666672,0.5337837837837838,132,-6.108199999999943,0.4772727272727273,153,0.37913333333334176,0.5032679738562091,140,-19.95833333333342,0.4,144,-6.137533333333371,0.4583333333333333,136,-2.2302666666666475,0.49264705882352944,97,-9.0,0.4536082474226804
asia_break_retest|w90|TP5_SL15|H480,asia_break_retest,w90,TP5_SL15,5.0,15.0,0.3333333333333333,480,-1.0560528070487556,872,-20.32406666666646,-0.023307415902140437,0.5905963302752294,0.8851196826199541,33.65446666666659,7,2,568,0.5369333333333133,0.0009453051643192135,0.6919014084507042,1.0041547138256433,12.949733333333352,5,1,1440,-19.78713333333314,-0.013741064814814682,0.9353678198564195,154,0.37693333333340856,0.5194805194805194,169,-6.520866666666615,0.5266272189349113,174,-5.907066666666622,0.632183908045977,184,-14.785999999999909,0.5760869565217391,191,6.512933333333283,0.680628272251309,174,-5.2037333333333375,0.5977011494252874,169,7.5141999999999936,0.727810650887574,150,-0.10686666666667666,0.74,75,-1.666666666666668,0.7333333333333333
inside_prevday_asia_break|all|TP20_SL20|H720,inside_prevday_asia_break,all,TP20_SL20,20.0,20.0,1.0,720,-1.058474621566044,697,-20.600799999999843,-0.029556384505021297,0.4748923959827834,0.8708566012281945,27.4889999999999,8,2,434,8.38575000000002,0.019322004608294977,0.48847926267281105,1.0595921235994263,21.370450000000005,7,2,1131,-12.215049999999824,-0.010800221043324336,0.9593154295310494,139,0.3315499999999815,0.4460431654676259,149,-8.015399999999888,0.4563758389261745,125,2.7386500000000296,0.528,138,-9.32704999999996,0.43478260869565216,146,-6.328550000000006,0.5136986301369864,149,-2.142949999999985,0.4563758389261745,142,16.681500000000007,0.5422535211267606,92,-17.152800000000003,0.391304347826087,51,11.0,0.6078431372549019
normal_range_mid_cont_14|r080_120|TP10_SL20|H1440,normal_range_mid_cont_14,r080_120,TP10_SL20,10.0,20.0,0.5,1440,-1.0611004370734824,521,-16.58120000000008,-0.03182571976967386,0.5028790786948176,0.8595606208699154,25.77180000000007,8,1,330,-8.70745000000003,-0.026386212121212213,0.5909090909090909,0.9117207083674443,18.39025000000003,7,1,851,-25.288650000000107,-0.029716392479436082,0.8833021037891459,106,-3.724200000000052,0.4056603773584906,96,-10.080000000000028,0.4375,99,-3.3625000000000007,0.5555555555555556,121,-5.8272500000000145,0.5289256198347108,99,6.412750000000017,0.5858585858585859,95,-8.650300000000026,0.47368421052631576,101,-5.101650000000019,0.5643564356435643,80,-2.455499999999984,0.65,54,7.5,0.7592592592592593
trend_pullback_600|f025|TP25_SL20|H720,trend_pullback_600,f025,TP25_SL20,25.0,20.0,1.25,720,-1.0621797428000381,813,-22.407250000000012,-0.027561193111931132,0.44280442804428044,0.883404122464112,27.533599999999964,8,2,590,-8.607450000000004,-0.014588898305084752,0.45254237288135596,0.9618027434731459,22.922250000000055,7,2,1403,-31.01470000000002,-0.022105987170349266,0.9257170031149342,152,-8.599400000000038,0.39473684210526316,152,-11.09164999999998,0.42105263157894735,168,9.612400000000036,0.5238095238095238,184,-13.92444999999999,0.3967391304347826,157,1.5958499999999605,0.47770700636942676,166,-14.926350000000037,0.39759036144578314,169,2.703950000000006,0.48520710059171596,154,6.852450000000019,0.4935064935064935,101,-3.2375,0.42574257425742573
prevday_liquidity_sweep|all|TP15_SL15|H720,prevday_liquidity_sweep,all,TP15_SL15,15.0,15.0,1.0,720,-1.0644701669679382,673,-18.612133333333368,-0.027655473006438884,0.4903417533432392,0.9046542451916787,27.197066666666675,9,1,445,-28.82259999999992,-0.06476988764044926,0.4606741573033708,0.84777524738252,34.93553333333331,9,0,1118,-47.434733333333284,-0.04242820512820508,0.876648445616919,131,2.7130000000000107,0.5190839694656488,121,-3.743266666666674,0.5206611570247934,143,-8.50019999999998,0.45454545454545453,141,-6.962466666666735,0.49645390070921985,137,-2.119199999999986,0.46715328467153283,135,-4.385666666666565,0.4740740740740741,129,-9.111533333333362,0.4496124031007752,116,-0.32539999999999214,0.5,65,-15.0,0.38461538461538464
impulse60_cont_600|s040|TP25_SL20|H720,impulse60_cont_600,s040,TP25_SL20,25.0,20.0,1.25,720,-1.064931548767082,728,-22.298450000000045,-0.030629739010989074,0.4574175824175824,0.8673812124400309,24.798149999999993,8,2,517,-21.28170000000008,-0.041163829787234194,0.43133462282398455,0.8972446827284666,31.00935000000006,9,0,1245,-43.58015000000012,-0.03500413654618483,0.8838636599236932,150,-11.167500000000008,0.38,145,-12.035549999999953,0.4,148,8.562449999999956,0.5337837837837838,132,-8.819550000000016,0.45454545454545453,153,1.161699999999973,0.5163398692810458,140,-15.523600000000068,0.37142857142857144,144,-1.6416999999999926,0.4791666666666667,136,-3.773900000000003,0.4338235294117647,97,-0.342500000000018,0.44329896907216493
asia_body_cont_840|all|TP25_SL20|H720,asia_body_cont_840,all,TP25_SL20,25.0,20.0,1.25,720,-1.0656061275115667,1291,-22.929100000000027,-0.017760728117738208,0.4763749031758327,0.9147100446162462,32.6931000000001,9,1,938,27.180949999999847,0.028977558635394293,0.48933901918976547,1.0839127991874506,34.45000000000009,11,2,2229,4.251849999999816,0.001907514580529303,1.0071730183099774,258,3.4199500000000285,0.5155038759689923,258,-7.726750000000029,0.46124031007751937,259,-5.964800000000026,0.4942084942084942,258,-10.092200000000014,0.4496124031007752,258,-2.565299999999991,0.46124031007751937,257,-1.8320500000000708,0.490272373540856,259,19.81420000000003,0.525096525096525,258,-20.36985000000011,0.4263565891472868,164,29.56865,0.5304878048780488
asia_break_retest|w90|TP20_SL15|H720,asia_break_retest,w90,TP20_SL15,20.0,15.0,1.3333333333333333,720,-1.0679740693530215,872,-19.488266666666373,-0.022348929663608227,0.463302752293578,0.9242495739226415,36.857866666666396,11,2,568,12.98073333333321,0.022853403755868328,0.4612676056338028,1.055652989628606,20.66666666666667,10,2,1440,-6.507533333333168,-0.004519120370370255,0.9867332236704857,154,2.455866666666633,0.45454545454545453,169,-2.5441333333331384,0.48520710059171596,174,-10.9507333333333,0.42528735632183906,184,-16.585933333333273,0.41847826086956524,191,8.136666666666706,0.5287958115183246,174,-14.320866666666767,0.41954022988505746,169,25.219066666666606,0.5325443786982249,150,2.415866666666709,0.44666666666666666,75,-0.33333333333333703,0.4266666666666667
prevclose_cont_600|all|TP20_SL20|H720,prevclose_cont_600,all,TP20_SL20,20.0,20.0,1.0,720,-1.0711673593597824,1304,-22.47144999999996,-0.017232707055214694,0.4532208588957055,0.9237744704372067,34.242199999999976,10,1,949,36.754149999999825,0.038729346680716356,0.5047418335089568,1.116027582087742,21.40554999999999,12,2,2253,14.28269999999987,0.006339414114513924,1.0233540414107587,260,-7.610399999999971,0.41923076923076924,261,-14.073349999999971,0.4329501915708812,262,-2.909849999999971,0.4847328244274809,261,-2.0019499999999635,0.421455938697318,260,4.1240999999999195,0.5076923076923077,260,-10.487400000000129,0.4461538461538462,262,25.61339999999992,0.5267175572519084,261,24.06115000000002,0.5478927203065134,166,-2.4329999999999945,0.4939759036144578
asia_break_retest|w90|TP5_SL15|H1440,asia_break_retest,w90,TP5_SL15,5.0,15.0,0.3333333333333333,1440,-1.074677343392532,872,-17.822866666666542,-0.02043906727828732,0.6422018348623854,0.9083404018385206,35.51913333333328,6,1,568,-0.5889999999999986,-0.0010369718309859131,0.7253521126760564,0.9956907841309652,12.761133333333342,5,1,1440,-18.41186666666654,-0.012786018518518431,0.9443968744608113,154,-0.4333999999999545,0.5454545454545454,169,-6.336066666666666,0.5976331360946746,174,-5.367399999999987,0.6724137931034483,184,-15.640799999999931,0.6304347826086957,191,9.954799999999988,0.743455497382199,174,-2.6189333333333273,0.6839080459770115,169,5.124399999999995,0.7514792899408284,150,-1.4278000000000004,0.74,75,-1.666666666666668,0.7333333333333333
asia_mid_cont_600|all|TP10_SL20|H1440,asia_mid_cont_600,all,TP10_SL20,10.0,20.0,0.5,1440,-1.0770145782052793,1305,-23.379349999999924,-0.01791521072796929,0.5226053639846743,0.9194189246711442,32.91434999999989,8,1,949,10.779050000000009,0.011358324552160178,0.6206533192834562,1.0402139286016745,27.885050000000064,7,2,2254,-12.600299999999923,-0.005590195208518156,0.9774259858697205,261,-4.045099999999933,0.4521072796934866,261,-15.475499999999956,0.48659003831417624,262,1.437700000000019,0.5725190839694656,261,-2.595400000000007,0.5440613026819924,260,-2.7010500000000564,0.5576923076923077,260,-20.417300000000058,0.49615384615384617,262,19.333900000000025,0.648854961832061,261,13.412450000000037,0.6934865900383141,166,-1.5499999999999998,0.6566265060240963
impulse60_cont_600|s040|TP20_SL15|H720,impulse60_cont_600,s040,TP20_SL15,20.0,15.0,1.3333333333333333,720,-1.080644489874751,728,-21.343933333333364,-0.029318589743589786,0.4491758241758242,0.9015915501746035,28.660266666666583,11,2,517,-24.105733333333497,-0.04662617666021953,0.41392649903288203,0.9000828714243906,30.237933333333558,9,1,1245,-45.449666666666865,-0.036505756358768564,0.9007970922967045,150,-13.452200000000008,0.38,145,-13.793066666666618,0.4,148,9.353599999999942,0.527027027027027,132,-7.217000000000009,0.44696969696969696,153,3.7647333333333304,0.49019607843137253,140,-15.880600000000094,0.37857142857142856,144,-4.591066666666701,0.4375,136,0.15593333333332282,0.4264705882352941,97,-3.790000000000032,0.41237113402061853
asia_body_cont_840|all|TP10_SL20|H720,asia_body_cont_840,all,TP10_SL20,10.0,20.0,0.5,720,-1.0825148394332316,1291,-25.585550000000005,-0.019818396591789314,0.517428350116189,0.8978266516754412,33.99970000000008,8,2,938,2.65249999999986,0.002827825159914563,0.5970149253731343,1.0105341603658615,22.878100000000064,10,2,2229,-22.933050000000144,-0.010288492597577453,0.9543360088249406,258,2.5241000000000082,0.5155038759689923,258,-11.29210000000003,0.4728682170542636,259,-7.818149999999993,0.5521235521235521,258,-12.016499999999997,0.49612403100775193,258,3.0171000000000046,0.5503875968992248,257,-7.009050000000059,0.5175097276264592,259,8.886399999999934,0.5907335907335908,258,-7.5205000000000375,0.6162790697674418,164,8.295650000000023,0.7012195121951219
asia_body_cont_600|all|TP5_SL15|H480,asia_body_cont_600,all,TP5_SL15,5.0,15.0,0.3333333333333333,480,-1.0825516072754193,1291,-22.060999999999954,-0.017088303640588654,0.5910147172734315,0.912272446260362,30.067666666667005,10,0,938,-10.427599999999952,-0.011116844349680119,0.697228144989339,0.9532465902059779,18.161999999999882,8,1,2229,-32.488599999999906,-0.01457541498429785,0.9315317019000546,258,-5.995533333333333,0.5,258,-8.762266666666667,0.5193798449612403,259,-4.47413333333325,0.6486486486486487,258,-0.45833333333332305,0.6317829457364341,258,-2.3707333333333764,0.6550387596899225,257,-3.4136000000000597,0.6498054474708171,259,2.203400000000113,0.6988416988416989,258,-6.550733333333335,0.7170542635658915,164,-2.6666666666666696,0.7378048780487805
normal_range_mid_cont_14|r080_120|TP15_SL25|H1440,normal_range_mid_cont_14,r080_120,TP15_SL25,15.0,25.0,0.6,1440,-1.0888084905186992,521,-17.653120000000055,-0.03388314779270644,0.46065259117082535,0.8236156928509931,24.008960000000062,8,1,330,-18.141599999999965,-0.054974545454545345,0.5121212121212121,0.8250405630920997,28.383119999999987,8,0,851,-35.79472000000002,-0.042061950646298495,0.8243407389377228,106,-5.21176000000005,0.39622641509433965,96,-5.751360000000023,0.4270833333333333,99,-4.055839999999944,0.494949494949495,121,-7.708040000000047,0.4628099173553719,99,5.073880000000008,0.5252525252525253,95,-3.746760000000032,0.4631578947368421,101,-4.5891999999999475,0.48514851485148514,80,-7.938040000000001,0.55,54,-1.8675999999999835,0.5925925925925926
asia_liquidity_sweep|all|TP10_SL25|H1440,asia_liquidity_sweep,all,TP10_SL25,10.0,25.0,0.4,1440,-1.089596265151773,1166,-25.506120000000056,-0.021874888507718744,0.5317324185248714,0.8840465622736037,26.62996000000032,9,1,801,-44.622520000000094,-0.0557085143570538,0.5967540574282147,0.7986574068141455,46.9383600000005,9,0,1967,-70.12864000000015,-0.03565258769700058,0.8411918581768911,234,-3.145240000000029,0.49572649572649574,227,-1.1282399999999775,0.4801762114537445,227,-15.359600000000071,0.5330396475770925,237,4.290880000000052,0.6033755274261603,241,-10.163920000000033,0.5435684647302904,241,-6.779320000000027,0.5518672199170125,234,-18.751080000000037,0.5726495726495726,208,-13.092120000000033,0.6298076923076923,118,-6.0,0.6779661016949152
trend_pullback_600|f025|TP20_SL20|H1440,trend_pullback_600,f025,TP20_SL20,20.0,20.0,1.0,1440,-1.0905942097632897,813,-22.82869999999984,-0.02807958179581776,0.44526445264452646,0.8931050217513005,28.571849999999802,10,2,590,1.8794999999998758,0.0031855932203387724,0.49491525423728816,1.0083054918545855,22.8755000000001,7,2,1403,-20.949199999999973,-0.014931717747683516,0.952372811225441,152,-8.539449999999988,0.39473684210526316,152,-12.071949999999983,0.42105263157894735,168,7.564200000000119,0.5,184,-12.37169999999993,0.42934782608695654,157,2.5901999999999354,0.47770700636942676,166,-16.05970000000009,0.42168674698795183,169,3.2610999999999395,0.5088757396449705,154,17.678100000000015,0.564935064935065,101,-3.0,0.48514851485148514
impulse60_cont_600|s040|TP15_SL20|H720,impulse60_cont_600,s040,TP15_SL20,15.0,20.0,0.75,720,-1.0950530559670264,728,-22.41470000000011,-0.030789423076923228,0.46703296703296704,0.8637087347057897,26.47005000000007,8,2,517,-26.46960000000007,-0.051198452611218706,0.4874274661508704,0.8577283381806041,32.62310000000003,8,1,1245,-48.884300000000174,-0.03926449799196801,0.8605343705605047,150,-10.174649999999984,0.38,145,-13.35509999999998,0.4068965517241379,148,5.596899999999936,0.5472972972972973,132,-5.014250000000026,0.4696969696969697,153,0.5323999999999485,0.5294117647058824,140,-16.132850000000087,0.38571428571428573,144,-7.965949999999929,0.4930555555555556,136,1.0841999999999654,0.5441176470588235,97,-3.455000000000018,0.5463917525773195
asia_body_fade_840|all|TP10_SL20|H480,asia_body_fade_840,all,TP10_SL20,10.0,20.0,0.5,480,-1.100153558861377,1291,-24.64915000000009,-0.019093067389620518,0.512006196746708,0.900802141942743,26.286050000000067,7,0,938,-49.255000000000095,-0.052510660980810336,0.5565031982942431,0.8241391862201953,53.839900000000064,10,0,2229,-73.90415000000019,-0.033155742485419554,0.8601794124705578,258,-7.427700000000084,0.4418604651162791,258,-4.29914999999993,0.4844961240310077,259,-3.7670500000000633,0.5328185328185329,258,-3.1951499999999333,0.5348837209302325,258,-5.96010000000008,0.5658914728682171,257,-14.053100000000125,0.5019455252918288,259,-17.10889999999997,0.525096525096525,258,-0.13900000000001,0.6201550387596899,164,-17.953999999999997,0.5914634146341463
asia_body_cont_840|all|TP15_SL20|H720,asia_body_cont_840,all,TP15_SL20,15.0,20.0,0.75,720,-1.1062746422840704,1291,-23.949300000000022,-0.018550968241673137,0.4895429899302866,0.9088435389685279,33.4332000000001,9,1,938,3.2994499999998856,0.003517537313432714,0.5287846481876333,1.0111696581514855,29.235850000000077,11,2,2229,-20.64985000000013,-0.009264176760879376,0.9630011499290294,258,3.5518500000000355,0.5155038759689923,258,-7.735050000000026,0.4689922480620155,259,-10.01855000000003,0.5096525096525096,258,-9.194500000000017,0.4689922480620155,258,-0.5530499999999834,0.4844961240310077,257,-2.3422000000000476,0.490272373540856,259,10.36954999999998,0.5366795366795367,258,-17.02355000000007,0.5038759689922481,164,12.295650000000023,0.6158536585365854
prevday_liquidity_sweep|all|TP20_SL15|H480,prevday_liquidity_sweep,all,TP20_SL15,20.0,15.0,1.3333333333333333,480,-1.1071620194386753,673,-17.90319999999976,-0.0266020802377411,0.512630014858841,0.9017881240825152,31.826799999999842,7,1,445,-44.01840000000004,-0.09891775280898886,0.4202247191011236,0.7799425490198036,49.916666666666764,9,0,1118,-61.92159999999979,-0.05538604651162772,0.8380385171700374,131,3.488733333333357,0.5725190839694656,121,-4.456933333333276,0.5371900826446281,143,-6.223333333333148,0.44755244755244755,141,-8.971800000000032,0.5035460992907801,137,-1.7398666666666656,0.5109489051094891,135,-3.947533333333227,0.4666666666666667,129,-11.916000000000048,0.43410852713178294,116,-12.15486666666675,0.4051724137931034,65,-16.0,0.3230769230769231
prevday_liquidity_sweep|all|TP20_SL20|H1440,prevday_liquidity_sweep,all,TP20_SL20,20.0,20.0,1.0,1440,-1.109912464683735,673,-20.114449999999998,-0.029887741456166416,0.487369985141159,0.8850055154840891,26.103899999999978,8,1,445,-40.54770000000001,-0.09111842696629216,0.4449438202247191,0.7809849592138992,45.59915000000004,11,0,1118,-60.66215,-0.0542595259391771,0.8315189489332481,131,1.2310000000000172,0.5114503816793893,121,-4.055700000000012,0.48760330578512395,143,-1.8639999999999421,0.5174825174825175,141,-9.99840000000005,0.46808510638297873,137,-5.427350000000015,0.45255474452554745,135,-9.38029999999991,0.4148148148148148,129,-10.09520000000008,0.4806201550387597,116,-6.072200000000023,0.47413793103448276,65,-15.0,0.38461538461538464
inside_prevday_asia_break|all|TP10_SL20|H720,inside_prevday_asia_break,all,TP10_SL20,10.0,20.0,0.5,720,-1.111281731682345,697,-20.57194999999986,-0.02951499282639865,0.5136298421807748,0.8612609422840889,25.62104999999989,8,1,434,-2.5649000000000264,-0.005909907834101443,0.5898617511520737,0.9781151503671507,14.702900000000021,7,2,1131,-23.136849999999882,-0.02045698496905383,0.9128482682921135,139,-0.1416500000000268,0.460431654676259,149,-8.109349999999907,0.46308724832214765,125,2.3377000000000185,0.6,138,-12.654149999999936,0.47101449275362317,146,-2.004500000000007,0.5821917808219178,149,-6.816249999999991,0.4966442953020134,142,11.687499999999968,0.6549295774647887,92,-8.936149999999998,0.5869565217391305,51,1.5,0.6862745098039216
asia_body_fade_600|all|TP10_SL20|H720,asia_body_fade_600,all,TP10_SL20,10.0,20.0,0.5,720,-1.1125666179944784,1291,-26.544050000000023,-0.02056084430673898,0.5406661502711076,0.9031940540896367,28.962950000000006,7,1,938,-39.508100000000084,-0.042119509594882816,0.591684434968017,0.8641424581769213,48.454050000000045,6,0,2229,-66.0521500000001,-0.02963308658591301,0.8830943467823847,258,-8.213650000000055,0.49612403100775193,258,-2.3845499999998894,0.5077519379844961,259,-5.124900000000015,0.5675675675675675,258,1.0845000000000131,0.5930232558139535,258,-11.905450000000078,0.5387596899224806,257,-2.0464000000001317,0.5603112840466926,259,-12.933749999999916,0.5907335907335908,258,-23.90495000000003,0.5813953488372093,164,-0.6230000000000011,0.6585365853658537
prevclose_cont_600|all|TP15_SL20|H480,prevclose_cont_600,all,TP15_SL20,15.0,20.0,0.75,480,-1.1171377276242827,1304,-25.351699999999855,-0.019441487730061238,0.4639570552147239,0.9005258631107937,31.67949999999989,13,1,949,7.251949999999904,0.00764167544783973,0.5268703898840885,1.0257780111195982,24.807450000000028,9,2,2253,-18.09974999999995,-0.00803362183754991,0.9662431648458553,260,-4.965799999999899,0.4576923076923077,261,-15.300699999999972,0.42528735632183906,262,-6.461749999999926,0.49236641221374045,261,2.964949999999975,0.4482758620689655,260,-1.5884000000000347,0.49615384615384617,260,-18.038450000000125,0.4269230769230769,262,12.13930000000006,0.5534351145038168,261,16.175099999999997,0.5823754789272031,166,-3.0240000000000222,0.5542168674698795
asia_body_cont_840|all|TP10_SL25|H1440,asia_body_cont_840,all,TP10_SL25,10.0,25.0,0.4,1440,-1.1229211607163387,1291,-27.475560000000037,-0.0212823857474826,0.5313710302091402,0.8826567724816926,32.98440000000019,9,2,938,-1.6990800000000394,-0.0018113859275053726,0.6481876332622601,0.992502028196342,24.90519999999996,8,2,2229,-29.17464000000007,-0.013088667563930045,0.9366804163556532,258,1.4913199999999978,0.4806201550387597,258,-12.637240000000048,0.47674418604651164,259,-3.2746799999999534,0.6061776061776062,258,-14.003240000000059,0.5155038759689923,258,0.9482800000000229,0.5775193798449613,257,-4.584760000000043,0.5719844357976653,259,7.970640000000003,0.6640926640926641,258,-11.417360000000011,0.6511627906976745,164,6.332400000000015,0.7378048780487805
impulse60_cont_600|s040|TP15_SL25|H480,impulse60_cont_600,s040,TP15_SL25,15.0,25.0,0.6,480,-1.1230071210519972,728,-22.267119999999938,-0.03058670329670321,0.46703296703296704,0.8150572657426812,22.716279999999916,8,1,517,-16.047679999999932,-0.03103999999999987,0.5125725338491296,0.8843292403750899,18.231680000000033,8,1,1245,-38.31479999999988,-0.030774939759036047,0.8521440022672275,150,-7.253559999999989,0.4,145,-8.631720000000023,0.4206896551724138,148,2.8397200000000327,0.5135135135135135,132,-2.4804799999999707,0.49242424242424243,153,-6.741079999999993,0.5098039215686274,140,-8.968400000000049,0.42857142857142855,144,-6.447119999999959,0.4930555555555556,136,4.892240000000055,0.5661764705882353,97,-5.524399999999986,0.5876288659793815
asia_body_fade_840|all|TP5_SL15|H480,asia_body_fade_840,all,TP5_SL15,5.0,15.0,0.3333333333333333,480,-1.1375768024027655,1291,-24.320333333333476,-0.018838368190033677,0.6088303640588691,0.9069348409954566,34.806133333333705,7,1,938,-25.370533333333498,-0.02704747690120842,0.6918976545842217,0.8928021034064013,31.147666666666783,6,0,2229,-49.690866666666984,-0.02229289666517137,0.9002183284227617,258,-11.540666666666798,0.47674418604651164,258,-6.322733333333286,0.5465116279069767,259,-5.244666666666721,0.6563706563706564,258,-1.7427999999999328,0.6627906976744186,258,0.5305333333332589,0.7015503875968992,257,-6.168266666666816,0.6498054474708171,259,-5.068199999999985,0.6911196911196911,258,-2.1340666666666994,0.7325581395348837,164,-12.000000000000002,0.6951219512195121
impulse60_cont_600|s040|TP10_SL25|H1440,impulse60_cont_600,s040,TP10_SL25,10.0,25.0,0.4,1440,-1.1414816369251717,728,-22.283920000000023,-0.030609780219780253,0.5233516483516484,0.8382109335068071,24.215119999999988,7,1,517,-10.312800000000067,-0.019947388781431465,0.6189555125725339,0.9225386833378847,18.079360000000026,5,2,1245,-32.59672000000009,-0.026182104417670757,0.8796588346465618,150,-5.672960000000011,0.44666666666666666,145,-13.970759999999965,0.4482758620689655,148,3.6190400000000063,0.6081081081081081,132,-3.437360000000024,0.5378787878787878,153,-2.8218800000000277,0.5751633986928104,140,-13.71392000000006,0.44285714285714284,144,2.1555999999999846,0.6388888888888888,136,7.245520000000014,0.7426470588235294,97,-6.0,0.6701030927835051
asia_body_cont_840|all|TP30_SL25|H1440,asia_body_cont_840,all,TP30_SL25,30.0,25.0,1.2,1440,-1.1422778245142207,1291,-25.455360000000002,-0.01971755228505035,0.47327652982184354,0.9020213002796251,27.614720000000077,12,0,938,46.250000000000085,0.049307036247334846,0.5149253731343284,1.148627001435303,28.936239999999913,10,3,2229,20.794640000000072,0.009329134140870377,1.0364187804578016,258,-0.7054399999999892,0.47674418604651164,258,-9.202800000000027,0.46511627906976744,259,-1.3459199999999205,0.5096525096525096,258,-8.577680000000107,0.46124031007751937,258,-5.623519999999953,0.45348837209302323,257,-3.6000800000000606,0.5058365758754864,259,20.596080000000164,0.5521235521235521,258,3.9663999999999717,0.4844961240310077,164,25.287600000000005,0.5182926829268293
impulse60_cont_600|s040|TP5_SL15|H1440,impulse60_cont_600,s040,TP5_SL15,5.0,15.0,0.3333333333333333,1440,-1.1485775488658958,728,-22.674866666666638,-0.031146794871794833,0.6304945054945055,0.8633846111825854,24.05786666666676,6,1,517,13.823933333333335,0.026738749194068344,0.746615087040619,1.1206719158272085,7.748266666666664,4,2,1245,-8.85093333333331,-0.00710918340026772,0.9684496872511444,150,-9.411533333333397,0.5133333333333333,145,-9.025666666666638,0.5724137931034483,148,2.5654666666666905,0.7162162162162162,132,-4.68513333333331,0.6666666666666666,153,-2.1179999999999866,0.6862745098039216,140,-1.047266666666674,0.6785714285714286,144,-2.0343333333333273,0.7222222222222222,136,7.238866666666668,0.7867647058823529,97,9.666666666666666,0.8247422680412371
asia_break_09_14|all|TP5_SL15|H480,asia_break_09_14,all,TP5_SL15,5.0,15.0,0.3333333333333333,480,-1.1537814723086788,1099,-25.150866666666538,-0.022885228996056904,0.5750682438580528,0.884818098246701,30.138199999999934,8,1,722,-6.5835333333334365,-0.00911846722068343,0.6883656509695291,0.9614990395520528,15.419799999999999,5,1,1821,-31.73439999999998,-0.017426908292147162,0.9184948211706354,224,0.34366666666652534,0.48660714285714285,215,-4.6967333333332295,0.5069767441860465,209,-1.9525333333332635,0.6555023923444976,223,-16.407066666666605,0.57847533632287,228,-2.438199999999965,0.6491228070175439,219,-3.3033333333333648,0.6118721461187214,221,5.15806666666661,0.7194570135746606,189,-4.771600000000009,0.7248677248677249,93,-3.66666666666667,0.7204301075268817
asia_body_fade_840|all|TP15_SL15|H480,asia_body_fade_840,all,TP15_SL15,15.0,15.0,1.0,480,-1.1574633412027364,1291,-27.245933333333486,-0.021104518461141353,0.4810224632068164,0.9191915776652712,30.867066666666705,7,1,938,-51.61606666666686,-0.055027789623312215,0.4690831556503198,0.8682210045820643,59.10593333333347,10,1,2229,-78.86200000000035,-0.03537999102736669,0.8917999444607255,258,-12.655266666666783,0.43410852713178294,258,-1.9161333333333006,0.4689922480620155,259,-9.062733333333364,0.4749034749034749,258,1.6256000000001407,0.49612403100775193,258,-5.237400000000177,0.5310077519379846,257,-11.678600000000111,0.47470817120622566,259,-23.54460000000002,0.444015444015444,258,11.60713333333327,0.5232558139534884,164,-28.0,0.4146341463414634
normal_range_mid_cont_14|r080_120|TP20_SL20|H1440,normal_range_mid_cont_14,r080_120,TP20_SL20,20.0,20.0,1.0,1440,-1.158147609551203,521,-17.57345000000007,-0.03373023032629572,0.4491362763915547,0.8615910673274121,29.37060000000009,8,1,330,-5.406599999999971,-0.016383636363636274,0.4818181818181818,0.9563206448897354,18.01474999999998,8,2,851,-22.980050000000038,-0.027003584018801454,0.9083536027763452,106,-5.817550000000062,0.39622641509433965,96,-8.760650000000044,0.4270833333333333,99,-5.8726499999999415,0.45454545454545453,121,-7.275500000000035,0.4628099173553719,99,10.152900000000013,0.5050505050505051,95,-5.841000000000044,0.45263157894736844,101,0.2640500000000424,0.46534653465346537,80,-5.829649999999971,0.4875,54,6.0,0.5555555555555556
impulse60_cont_600|s040|TP10_SL25|H720,impulse60_cont_600,s040,TP10_SL25,10.0,25.0,0.4,720,-1.160680880816626,728,-22.92628000000004,-0.03149214285714291,0.4945054945054945,0.8194229418121439,23.657399999999974,8,1,517,-10.58840000000001,-0.02048046421663445,0.5957446808510638,0.9166316555943493,18.07632000000003,8,2,1245,-33.514680000000055,-0.026919421686747033,0.8680361480850546,150,-6.815399999999981,0.3933333333333333,145,-12.57279999999997,0.4206896551724138,148,3.4338799999999536,0.5945945945945946,132,-3.1595599999999826,0.5075757575757576,153,-3.8124000000000606,0.5555555555555556,140,-13.480000000000047,0.4142857142857143,144,0.2209200000000422,0.6180555555555556,136,7.834680000000008,0.7058823529411765,97,-5.164000000000014,0.6701030927835051
asia_body_fade_600|all|TP10_SL25|H480,asia_body_fade_600,all,TP10_SL25,10.0,25.0,0.4,480,-1.163162995482878,1291,-25.945000000000025,-0.02009682416731218,0.5213013168086754,0.8713845653546851,27.690080000000062,8,0,938,-24.750399999999978,-0.026386353944562877,0.5948827292110874,0.8899141459859833,29.065400000000185,6,1,2229,-50.69539999999999,-0.022743562135486763,0.8811511501627133,258,-4.830000000000016,0.4728682170542636,258,-0.11883999999998118,0.5,259,-4.850719999999999,0.5328185328185329,258,-5.084879999999984,0.5736434108527132,258,-11.06056000000004,0.5271317829457365,257,1.5968000000000047,0.5603112840466926,259,-7.250799999999962,0.5598455598455598,258,-16.05720000000003,0.6007751937984496,164,-3.0391999999999824,0.6951219512195121
asia_body_cont_840|all|TP40_SL30|H1440,asia_body_cont_840,all,TP40_SL30,40.0,30.0,1.3333333333333333,1440,-1.1692153408442567,1291,-26.11396666666669,-0.020227704621740273,0.4748257164988381,0.8813873318262591,27.913433333333384,11,0,938,23.562033333333467,0.02511943852167747,0.5053304904051172,1.08083920504911,24.87219999999995,10,3,2229,-2.5519333333332312,-0.0011448781217286816,0.99501214680829,258,-0.5878666666666594,0.47674418604651164,258,-8.756133333333349,0.46511627906976744,259,-3.0417666666666037,0.5135135135135135,258,-7.509266666666759,0.46124031007751937,258,-6.218933333333326,0.4573643410852713,257,-4.39603333333338,0.5058365758754864,259,11.408166666666837,0.5482625482625483,258,1.2163333333333384,0.4883720930232558,164,15.333566666666675,0.4634146341463415
inside_prevday_asia_break|all|TP25_SL20|H1440,inside_prevday_asia_break,all,TP25_SL20,25.0,20.0,1.25,1440,-1.174902520858244,697,-21.216399999999894,-0.03043959827833557,0.4648493543758967,0.8838709183033964,28.5365499999999,7,1,434,19.008599999999934,0.04379861751152059,0.5,1.1206658886180068,18.116550000000007,8,3,1131,-2.20779999999996,-0.0019520778072501855,0.9935108135716816,139,-3.3502500000000732,0.4460431654676259,149,-9.802399999999908,0.4563758389261745,125,5.277850000000024,0.496,138,-10.922899999999949,0.4420289855072464,146,-2.418699999999991,0.4863013698630137,149,4.506799999999965,0.5167785234899329,142,16.00169999999997,0.5140845070422535,92,-11.249900000000002,0.43478260869565216,51,9.75,0.5294117647058824
impulse60_fade_840|s040|TP10_SL25|H720,impulse60_fade_840,s040,TP10_SL25,10.0,25.0,0.4,720,-1.1756353948753644,659,-21.67291999999985,-0.032887587253414036,0.5128983308042488,0.8037955156612924,24.80915999999983,10,1,481,-11.231119999999883,-0.02334952182952159,0.5841995841995842,0.9019356650351609,23.49103999999987,7,1,1140,-32.904039999999725,-0.0288631929824559,0.8537526463520709,117,0.894080000000067,0.5042735042735043,132,-7.574959999999953,0.4772727272727273,123,-5.191879999999991,0.5121951219512195,145,-0.9201999999999675,0.5655172413793104,142,-8.87996,0.5,134,-3.6142399999999704,0.5149253731343284,139,-11.617359999999934,0.49640287769784175,130,-1.9995199999999738,0.6384615384615384,78,6.000000000000001,0.7692307692307693
asia_body_fade_600|all|TP30_SL25|H480,asia_body_fade_600,all,TP30_SL25,30.0,25.0,1.2,480,-1.1836317435004187,1291,-28.683040000000016,-0.02221769171185129,0.4949651432997676,0.8662888592944753,29.239800000000034,8,1,938,-29.20232000000007,-0.031132537313432913,0.46375266524520253,0.9020145023121393,37.95020000000021,14,1,2229,-57.8853600000001,-0.025969205921938132,0.8870621938591869,258,-5.807000000000006,0.4689922480620155,258,3.3027600000000183,0.49612403100775193,259,-5.139400000000035,0.4826254826254826,258,-12.360159999999961,0.5310077519379846,258,-8.679240000000037,0.49612403100775193,257,5.465639999999995,0.5291828793774319,259,-16.911239999999914,0.4362934362934363,258,-5.537120000000084,0.45348837209302323,164,-12.219600000000066,0.42073170731707316
trend_pullback_600|f025|TP15_SL20|H480,trend_pullback_600,f025,TP15_SL20,15.0,20.0,0.75,480,-1.1862797776003902,813,-23.857099999999924,-0.02934452644526436,0.46371463714637146,0.8577274959530006,26.741349999999894,8,1,590,-10.16815000000008,-0.017234152542373017,0.5135593220338983,0.9443631900739435,20.953300000000088,7,1,1403,-34.02525000000003,-0.024251781895937297,0.9029085419452703,152,-7.9717999999999964,0.4144736842105263,152,-9.095950000000006,0.4342105263157895,168,2.93530000000011,0.5238095238095238,184,-5.0674000000000206,0.45652173913043476,157,-4.657250000000021,0.4840764331210191,166,-12.118950000000087,0.4397590361445783,169,-3.8257500000000397,0.5088757396449705,154,6.476050000000031,0.564935064935065,101,-0.6994999999999889,0.5643564356435643
asia_body_fade_600|all|TP40_SL30|H480,asia_body_fade_600,all,TP40_SL30,40.0,30.0,1.3333333333333333,480,-1.1925258428029475,1291,-28.80929999999999,-0.022315491866769937,0.4941905499612703,0.8418983994636527,29.273266666666665,8,1,938,-19.296933333333254,-0.02057242359630411,0.4690831556503198,0.9249026757835559,31.405766666666594,8,1,2229,-48.10623333333325,-0.02158197996111855,0.8904633074959917,258,-4.8391666666666735,0.4689922480620155,258,3.073066666666681,0.49612403100775193,259,-6.92526666666669,0.47876447876447875,258,-11.139199999999956,0.5310077519379846,258,-8.978733333333352,0.49612403100775193,257,6.145000000000005,0.5291828793774319,259,-12.813533333333286,0.4362934362934363,258,-7.346166666666632,0.4573643410852713,164,-5.282233333333341,0.4451219512195122
asia_break_09_14|all|TP10_SL20|H720,asia_break_09_14,all,TP10_SL20,10.0,20.0,0.5,720,-1.1994435555176808,1099,-24.133749999999765,-0.021959736123748647,0.5150136487716106,0.8947505795341539,30.026849999999804,9,0,722,-5.66115000000001,-0.007840927977839349,0.5831024930747922,0.9716796437762778,19.666700000000002,6,2,1821,-29.794899999999778,-0.01636183415705644,0.930579961574791,224,-0.4494000000000032,0.46875,215,-8.909999999999936,0.4744186046511628,209,-0.6805999999998917,0.5789473684210527,223,-13.832699999999965,0.484304932735426,228,-0.26104999999997647,0.5701754385964912,219,-13.884499999999978,0.4703196347031963,221,10.14854999999999,0.6063348416289592,189,-4.925200000000017,0.6349206349206349,93,3.0,0.6881720430107527
asia_body_cont_840|all|TP20_SL15|H480,asia_body_cont_840,all,TP20_SL15,20.0,15.0,1.3333333333333333,480,-1.2021785720920752,1291,-25.355933333333496,-0.019640537051381485,0.4756003098373354,0.9260925875726629,37.446866666666835,10,1,938,5.823799999999952,0.006208742004264341,0.4744136460554371,1.0149646478887235,38.050933333333354,10,3,2229,-19.532133333333537,-0.008762733662329984,0.9733257779040656,258,4.748866666666679,0.5310077519379846,258,-5.388200000000143,0.49224806201550386,259,-7.917466666666607,0.4749034749034749,258,-11.912733333333442,0.4496124031007752,258,-4.886399999999973,0.43023255813953487,257,3.386466666666635,0.4980544747081712,259,15.823533333333346,0.5173745173745173,258,-25.91220000000004,0.41472868217054265,164,12.52600000000001,0.4634146341463415
asia_liquidity_sweep|all|TP40_SL30|H1440,asia_liquidity_sweep,all,TP40_SL30,40.0,30.0,1.3333333333333333,1440,-1.2033029930860513,1166,-29.493499999999848,-0.02529459691252131,0.4716981132075472,0.8566229283726364,31.393299999999872,11,2,801,-91.0922000000001,-0.11372309612983783,0.43196004993757803,0.6848983147938205,93.70053333333333,9,0,1967,-120.58569999999995,-0.06130437214031517,0.7562911522186705,234,-2.5365666666666584,0.49145299145299143,227,2.947500000000013,0.4669603524229075,227,-25.243666666666634,0.4185022026431718,237,0.5470333333334256,0.5274261603375527,241,-5.207799999999988,0.45228215767634855,241,-7.935233333333326,0.4854771784232365,234,-19.90913333333337,0.46153846153846156,208,-18.13936666666673,0.4182692307692308,118,-45.10846666666666,0.288135593220339
asia_liquidity_sweep|all|TP15_SL25|H720,asia_liquidity_sweep,all,TP15_SL25,15.0,25.0,0.6,720,-1.204990159894801,1166,-29.361559999999926,-0.02518144082332755,0.5068610634648371,0.8639720353223991,31.86135999999994,10,2,801,-49.31128000000002,-0.0615621473158552,0.5243445692883895,0.7972930465468197,54.72991999999983,8,0,1967,-78.67283999999995,-0.039996359938993364,0.8286417828173664,234,-3.8200799999999786,0.5213675213675214,227,0.061239999999989525,0.5110132158590308,227,-22.471600000000006,0.43612334801762115,237,4.895400000000045,0.5822784810126582,241,-8.026519999999973,0.48132780082987553,241,-1.6075999999999298,0.5435684647302904,234,-19.1668800000001,0.49145299145299143,208,-13.72959999999999,0.5288461538461539,118,-14.807199999999995,0.5423728813559322
impulse60_cont_600|s040|TP20_SL20|H480,impulse60_cont_600,s040,TP20_SL20,20.0,20.0,1.0,480,-1.2056214905347962,728,-24.004849999999884,-0.03297369505494489,0.4642857142857143,0.839348462089046,24.254149999999857,8,1,517,-11.67584999999999,-0.02258384912959379,0.46808510638297873,0.9343976896183124,20.507150000000003,9,2,1245,-35.680699999999874,-0.028659196787148494,0.8910183869266174,150,-9.34219999999998,0.4,145,-9.270150000000012,0.4206896551724138,148,2.066750000000047,0.5135135135135135,132,-3.034349999999961,0.48484848484848486,153,-4.42489999999998,0.5032679738562091,140,-9.283650000000069,0.42142857142857143,144,-5.591899999999976,0.4722222222222222,136,2.3552000000000355,0.4852941176470588,97,0.844500000000016,0.5051546391752577
trend_pullback_600|f025|TP30_SL25|H1440,trend_pullback_600,f025,TP30_SL25,30.0,25.0,1.2,1440,-1.2056722754013887,813,-23.797759999999904,-0.029271537515375035,0.44157441574415746,0.86525403364346,28.27327999999993,10,1,590,-0.2604800000000438,-0.000441491525423803,0.4728813559322034,0.9987544082033082,18.400000000000006,7,3,1403,-24.058239999999948,-0.0171477120456165,0.9376298953744027,152,-6.536159999999991,0.39473684210526316,152,-13.058559999999979,0.42105263157894735,168,7.676160000000109,0.4880952380952381,184,-10.255879999999989,0.43478260869565216,157,-1.6233200000000583,0.46496815286624205,166,-12.236760000000096,0.41566265060240964,169,7.0005600000000126,0.5029585798816568,154,2.5757200000000395,0.5064935064935064,101,2.400000000000002,0.46534653465346537
prevclose_cont_600|all|TP25_SL20|H720,prevclose_cont_600,all,TP25_SL20,25.0,20.0,1.25,720,-1.207144069228566,1304,-25.293949999999985,-0.019397200920245387,0.4493865030674847,0.9149642133913642,37.97905,10,1,949,34.831999999999766,0.036703898840884895,0.48261327713382507,1.104578193230969,31.873099999999976,12,2,2253,9.538049999999789,0.004233488681757562,1.015127227915917,260,-8.312499999999979,0.41923076923076924,261,-13.955199999999973,0.42911877394636017,262,-0.8958999999999719,0.48091603053435117,261,-4.790950000000011,0.41762452107279696,260,2.660599999999941,0.5,260,-9.962000000000124,0.4423076923076923,262,29.813449999999897,0.5267175572519084,261,17.696049999999964,0.5057471264367817,166,-2.7154999999999774,0.4397590361445783
asia_body_fade_600|all|TP15_SL25|H480,asia_body_fade_600,all,TP15_SL25,15.0,25.0,0.6,480,-1.2168329063601906,1291,-29.32459999999998,-0.022714639814097583,0.5011618900077459,0.8609699852268222,30.191919999999953,8,1,938,-39.582399999999964,-0.04219872068230274,0.5213219616204691,0.8484438446890944,44.834039999999675,7,1,2229,-68.90699999999994,-0.030913862718707913,0.8540402675761091,258,-5.523079999999998,0.4689922480620155,258,2.389160000000011,0.49612403100775193,259,-5.485840000000029,0.4980694980694981,258,-9.439599999999947,0.5426356589147286,258,-11.265240000000022,0.5,257,1.8219999999999605,0.5330739299610895,259,-15.536879999999865,0.4671814671814672,258,-14.494320000000059,0.5310077519379846,164,-11.373199999999997,0.573170731707317
impulse60_fade_840|s040|TP15_SL25|H480,impulse60_fade_840,s040,TP15_SL25,15.0,25.0,0.6,480,-1.2180612903838683,659,-22.418639999999996,-0.03401918057663125,0.47344461305007585,0.8000886725617633,25.651520000000016,8,1,481,-10.01435999999999,-0.020819875259875237,0.5363825363825364,0.9227870185696172,25.698759999999936,6,2,1140,-32.432999999999986,-0.028449999999999986,0.8658911151468239,117,1.2734800000000543,0.5299145299145299,132,-6.872840000000007,0.4393939393939394,123,-4.935999999999977,0.5040650406504065,145,-0.4326000000000476,0.47586206896551725,142,-11.450680000000023,0.4295774647887324,134,0.3831200000000077,0.5298507462686567,139,-16.88143999999997,0.4316546762589928,130,-3.5160400000000305,0.5538461538461539,78,10.0,0.7051282051282052
impulse60_fade_840|s040|TP5_SL15|H480,impulse60_fade_840,s040,TP5_SL15,5.0,15.0,0.3333333333333333,480,-1.2187781874329706,659,-22.318800000000106,-0.033867678300455395,0.6160849772382397,0.8443541162134729,26.548800000000085,8,1,481,-7.198666666666649,-0.01496604296604293,0.7027027027027027,0.939540331828281,18.85426666666659,5,1,1140,-29.517466666666756,-0.02589251461988312,0.8875355133029625,117,-1.1299333333332933,0.5555555555555556,132,-11.687600000000037,0.5075757575757576,123,-5.600133333333332,0.6341463414634146,145,0.605799999999951,0.6896551724137931,142,-4.506933333333399,0.676056338028169,134,-0.836400000000022,0.6716417910447762,139,-9.315333333333276,0.6474820143884892,130,-0.3802666666666825,0.7461538461538462,78,3.3333333333333313,0.782051282051282
inside_prevday_asia_break|all|TP10_SL20|H1440,inside_prevday_asia_break,all,TP10_SL20,10.0,20.0,0.5,1440,-1.2272109224277576,697,-24.27849999999998,-0.03483285509325679,0.5222381635581061,0.8536267009109709,29.221499999999946,7,2,434,-1.5483000000001441,-0.0035675115207376594,0.6105990783410138,0.9874508119323859,12.238300000000004,6,2,1131,-25.826800000000123,-0.022835366931918764,0.910709760393852,139,-1.9308500000000657,0.460431654676259,149,-10.803549999999916,0.46308724832214765,125,0.4775499999999844,0.592,138,-13.97389999999998,0.5,146,1.9522500000000034,0.6027397260273972,149,-3.536750000000076,0.5570469798657718,142,7.226749999999935,0.6408450704225352,92,-6.738300000000004,0.6086956521739131,51,1.5,0.6862745098039216
asia_body_fade_600|all|TP20_SL20|H720,asia_body_fade_600,all,TP20_SL20,20.0,20.0,1.0,720,-1.2455340591211952,1291,-30.163300000000163,-0.023364291247095402,0.5019364833462432,0.8983291879595282,31.047300000000114,8,1,938,-60.427750000000145,-0.06442190831556519,0.4669509594882729,0.8350480413511713,71.1836000000001,8,0,2229,-90.59105000000028,-0.040642014356213674,0.8633642958406981,258,-10.056050000000084,0.4883720930232558,258,1.7671500000000484,0.49612403100775193,259,-7.057600000000035,0.4942084942084942,258,-3.1299999999999963,0.5503875968992248,258,-11.686800000000094,0.4806201550387597,257,-0.08370000000010158,0.5097276264591439,259,-28.179399999999966,0.4517374517374517,258,-26.150650000000088,0.43410852713178294,164,-6.013999999999987,0.47560975609756095
impulse60_cont_600|s040|TP25_SL20|H480,impulse60_cont_600,s040,TP25_SL20,25.0,20.0,1.25,480,-1.2491644385755634,728,-24.842799999999873,-0.0341247252747251,0.46291208791208793,0.8340586881092478,25.01604999999984,8,1,517,-13.621799999999938,-0.02634777562862657,0.44874274661508706,0.9266752649461497,25.03059999999996,9,1,1245,-38.46459999999982,-0.030895261044176562,0.8853452473374505,150,-9.34219999999998,0.4,145,-9.295000000000003,0.4206896551724138,148,3.7646500000000525,0.5135135135135135,132,-3.974399999999969,0.48484848484848486,153,-5.995849999999973,0.49673202614379086,140,-9.70415000000006,0.4142857142857143,144,-4.509599999999944,0.4722222222222222,136,-1.210549999999989,0.45588235294117646,97,1.8025000000000544,0.4536082474226804
asia_body_cont_600|all|TP5_SL15|H1440,asia_body_cont_600,all,TP5_SL15,5.0,15.0,0.3333333333333333,1440,-1.2498216046056854,1291,-25.00859999999989,-0.019371494965143215,0.6460108443067389,0.9131233571486475,35.761266666666735,7,0,938,-8.469800000000028,-0.009029637526652482,0.720682302771855,0.9634206172661067,15.258600000000015,6,1,2229,-33.47839999999993,-0.015019470614625361,0.9355452144590984,258,-3.530666666666594,0.5542635658914729,258,-8.549799999999994,0.6046511627906976,259,-4.679066666666639,0.6911196911196911,258,-5.11593333333334,0.686046511627907,258,-3.133133333333328,0.6937984496124031,257,-4.1453333333333715,0.688715953307393,259,3.3111333333333253,0.7297297297297297,258,-4.9689333333333146,0.7325581395348837,164,-2.6666666666666696,0.7378048780487805
asia_body_fade_840|all|TP20_SL20|H480,asia_body_fade_840,all,TP20_SL20,20.0,20.0,1.0,480,-1.2508850351722707,1291,-28.42655000000021,-0.02201901626646027,0.47714949651433,0.8918323719591517,29.206500000000123,7,0,938,-53.67025000000024,-0.0572177505330493,0.4594882729211087,0.8434443540177172,60.18090000000027,10,1,2229,-82.09680000000044,-0.03683122476446857,0.864441706753691,258,-9.604950000000088,0.43410852713178294,258,-3.401599999999985,0.4689922480620155,259,-5.834250000000066,0.4749034749034749,258,-1.0820499999999234,0.49612403100775193,258,-8.50370000000014,0.5116279069767442,257,-11.86475000000014,0.4708171206225681,259,-25.053150000000052,0.42857142857142855,258,11.074149999999939,0.5116279069767442,164,-27.82649999999999,0.40853658536585363
prevclose_cont_600|all|TP15_SL25|H720,prevclose_cont_600,all,TP15_SL25,15.0,25.0,0.6,720,-1.252588332849835,1304,-25.786080000000013,-0.019774601226993874,0.46702453987730064,0.8901075447716823,34.43535999999975,10,0,949,13.464839999999862,0.014188451001053596,0.5584826132771338,1.054078399147908,17.363440000000125,11,2,2253,-12.321240000000154,-0.005468814913448803,0.9745237179751731,260,-6.869199999999971,0.41923076923076924,261,-14.11076,0.4329501915708812,262,-2.572680000000009,0.5114503816793893,261,-1.7298799999999748,0.4444444444444444,260,-0.5035600000000526,0.5269230769230769,260,-12.514800000000108,0.45384615384615384,262,13.605479999999915,0.5534351145038168,261,17.41056000000004,0.6398467432950191,166,-5.036399999999994,0.6024096385542169
asia_liquidity_sweep|all|TP30_SL25|H720,asia_liquidity_sweep,all,TP30_SL25,30.0,25.0,1.2,720,-1.258263132499055,1166,-30.86031999999983,-0.026466826758147367,0.49313893653516294,0.8609108827497217,32.4459599999999,10,2,801,-83.30015999999995,-0.1039952059925093,0.4444444444444444,0.7105189630913431,87.08583999999979,8,0,1967,-114.16047999999981,-0.058037864768683174,0.7759939871827348,234,-4.092879999999977,0.5213675213675214,227,2.8323199999999975,0.5110132158590308,227,-24.127080000000007,0.4052863436123348,237,0.49760000000007465,0.5611814345991561,241,-5.97027999999992,0.46473029045643155,241,-3.1078399999999125,0.5269709543568465,234,-22.811080000000118,0.4444444444444444,208,-16.20655999999994,0.4375,118,-41.17467999999998,0.288135593220339
impulse60_cont_600|s040|TP5_SL15|H720,impulse60_cont_600,s040,TP5_SL15,5.0,15.0,0.3333333333333333,720,-1.258650099065915,728,-24.899133333333367,-0.034202106227106274,0.5989010989010989,0.8458558968671955,25.666533333333586,6,1,517,14.864599999999982,0.028751644100580235,0.7408123791102514,1.1329501689536678,7.30346666666663,4,3,1245,-10.034533333333393,-0.00805986613119148,0.9632888299195621,150,-10.806933333333385,0.4533333333333333,145,-9.836133333333317,0.5103448275862069,148,2.6053333333333106,0.7162162162162162,132,-4.055733333333336,0.6515151515151515,153,-2.8056666666666428,0.6666666666666666,140,0.12919999999994447,0.6785714285714286,144,-2.2621333333333067,0.7083333333333334,136,7.330866666666676,0.7794117647058824,97,9.666666666666666,0.8247422680412371
inside_prevday_asia_break|all|TP20_SL15|H1440,inside_prevday_asia_break,all,TP20_SL15,20.0,15.0,1.3333333333333333,1440,-1.2654308092250548,697,-22.37593333333323,-0.03210320420851252,0.45480631276901007,0.902865510699904,31.896999999999927,7,1,434,16.36513333333326,0.03770768049155129,0.4838709677419355,1.0867162002099044,17.966000000000015,8,3,1131,-6.0107999999999695,-0.0053145888594164185,0.9856571857082819,139,-4.071200000000091,0.4460431654676259,149,-13.063799999999887,0.44966442953020136,125,5.660933333333331,0.472,138,-8.68779999999994,0.4492753623188406,146,-2.21406666666664,0.4589041095890411,149,1.3282666666666625,0.5033557046979866,142,15.202933333333274,0.5,92,-12.166066666666671,0.40217391304347827,51,11.999999999999998,0.5294117647058824
asia_break_retest|w90|TP5_SL15|H720,asia_break_retest,w90,TP5_SL15,5.0,15.0,0.3333333333333333,720,-1.2667406636934868,872,-22.9209333333332,-0.026285474006116055,0.6032110091743119,0.8784454090792428,36.41526666666662,7,1,568,0.24539999999999118,0.0004320422535211112,0.704225352112676,1.0018641854076977,12.76113333333334,5,1,1440,-22.675533333333203,-0.01574689814814806,0.9291841476990831,154,-0.1873999999999961,0.4935064935064935,169,-8.763466666666595,0.5325443786982249,174,-5.077333333333311,0.6379310344827587,184,-16.763266666666627,0.6032608695652174,191,7.870533333333328,0.7225130890052356,174,-5.080800000000048,0.6379310344827587,169,7.648666666666677,0.727810650887574,150,-0.6557999999999753,0.74,75,-1.666666666666668,0.7333333333333333
asia_break_09_14|all|TP5_SL15|H1440,asia_break_09_14,all,TP5_SL15,5.0,15.0,0.3333333333333333,1440,-1.2722478653980063,1099,-26.45873333333324,-0.02407528055808302,0.632393084622384,0.8934891345128367,35.52146666666667,6,1,722,-5.022266666666706,-0.006956048014773831,0.7229916897506925,0.971735349160397,15.159800000000011,4,1,1821,-31.480999999999934,-0.017287753981328903,0.9261183976869318,224,-0.30846666666665135,0.5357142857142857,215,-6.3558666666666355,0.5767441860465117,209,-0.9383999999999917,0.7081339712918661,223,-21.580066666666667,0.6278026905829597,228,2.7240666666667135,0.7149122807017544,219,-0.9675333333333307,0.6940639269406392,221,3.9275333333333027,0.746606334841629,189,-4.3156,0.7301587301587301,93,-3.66666666666667,0.7204301075268817
impulse60_fade_840|s040|TP5_SL15|H720,impulse60_fade_840,s040,TP5_SL15,5.0,15.0,0.3333333333333333,720,-1.2774031700702115,659,-22.861399999999968,-0.03469104704097112,0.6251896813353566,0.8425626783916396,29.024133333333342,10,1,481,-7.265733333333289,-0.015105474705474613,0.7089397089397089,0.9391391948142171,18.969266666666567,4,1,1140,-30.127133333333248,-0.026427309941520392,0.8861375424080068,117,-1.2917333333332879,0.5299145299145299,132,-11.87439999999997,0.5303030303030303,123,-7.830266666666666,0.6260162601626016,145,2.2060666666666577,0.7172413793103448,142,-4.0710666666667015,0.6971830985915493,134,-0.522599999999984,0.6865671641791045,139,-9.409799999999969,0.6546762589928058,130,-0.6666666666666705,0.7461538461538462,78,3.3333333333333313,0.782051282051282
asia_body_fade_840|all|TP5_SL15|H720,asia_body_fade_840,all,TP5_SL15,5.0,15.0,0.3333333333333333,720,-1.2789039746230553,1291,-26.195333333333448,-0.02029073069971607,0.6134779240898528,0.9013694517649602,35.341466666667024,7,0,938,-22.622400000000134,-0.02411769722814513,0.7014925373134329,0.9040491867525577,29.88293333333339,5,0,2229,-48.817733333333585,-0.021901181396740056,0.9026296274183656,258,-12.12666666666678,0.47674418604651164,258,-5.7345999999999595,0.562015503875969,259,-6.399266666666703,0.6563706563706564,258,-1.5358666666665812,0.6744186046511628,258,-0.3989333333334226,0.6976744186046512,257,-4.8932000000000135,0.6653696498054474,259,-4.215800000000117,0.7027027027027027,258,-1.5134000000000052,0.7403100775193798,164,-12.000000000000002,0.6951219512195121
trend_pullback_600|f025|TP15_SL25|H720,trend_pullback_600,f025,TP15_SL25,15.0,25.0,0.6,720,-1.2807378991987755,813,-25.81604000000006,-0.03175404674046748,0.45510455104551045,0.833775764523414,28.138999999999957,8,1,590,-5.443439999999972,-0.009226169491525377,0.5338983050847458,0.9665877473675631,19.549640000000007,7,2,1403,-31.25948000000002,-0.02228045616535996,0.90176955999824,152,-6.7562000000000175,0.39473684210526316,152,-11.015120000000008,0.4276315789473684,168,4.628719999999993,0.5416666666666666,184,-9.486679999999978,0.41847826086956524,157,-3.1867600000000498,0.49044585987261147,166,-13.618120000000047,0.40963855421686746,169,-3.022239999999939,0.514792899408284,154,10.560920000000024,0.6298701298701299,101,0.6359999999999855,0.6237623762376238
prevday_liquidity_sweep|all|TP15_SL15|H1440,prevday_liquidity_sweep,all,TP15_SL15,15.0,15.0,1.0,1440,-1.2808340619946437,673,-22.637000000000004,-0.03363595839524518,0.4784546805349183,0.89711081234143,31.17759999999994,9,1,445,-36.970866666666566,-0.08308059925093611,0.449438202247191,0.8194309317933475,42.365333333333254,10,0,1118,-59.60786666666657,-0.053316517590936106,0.8596668831027169,131,2.3386666666666613,0.5114503816793893,121,-6.075333333333325,0.4793388429752066,143,-7.707999999999963,0.4825174825174825,141,-8.382800000000042,0.46099290780141844,137,-2.8095333333333357,0.45985401459854014,135,-6.768399999999913,0.42962962962962964,129,-9.985799999999987,0.4728682170542636,116,-5.216666666666666,0.4827586206896552,65,-15.0,0.38461538461538464
asia_body_cont_600|all|TP40_SL30|H1440,asia_body_cont_600,all,TP40_SL30,40.0,30.0,1.3333333333333333,1440,-1.2811265724481873,1291,-27.49303333333321,-0.02129592047508382,0.4601084430673896,0.8817337606909307,32.82003333333318,11,0,938,21.793033333333277,0.023233511016346776,0.4925373134328358,1.07419318341595,15.171899999999976,10,3,2229,-5.699999999999935,-0.002557200538357979,0.9891676360893318,258,-0.33296666666662245,0.4689922480620155,258,-9.098366666666593,0.46124031007751937,259,-3.7190333333332726,0.4555984555984556,258,-3.083533333333329,0.4689922480620155,258,-11.259133333333397,0.44573643410852715,257,-8.29780000000005,0.490272373540856,259,14.472500000000004,0.5173745173745173,258,4.357466666666683,0.4844961240310077,164,11.260866666666649,0.4695121951219512
asia_body_fade_600|all|TP25_SL20|H720,asia_body_fade_600,all,TP25_SL20,25.0,20.0,1.25,720,-1.2852063834830985,1291,-31.077300000000214,-0.024072269558481962,0.4988381099922541,0.8957075988380515,31.961300000000158,8,1,938,-54.15055000000012,-0.057729797441364736,0.4488272921108742,0.8576742687284893,67.40185000000008,8,1,2229,-85.22785000000032,-0.038235912965455504,0.8743788705324642,258,-9.806050000000084,0.4883720930232558,258,3.1831000000000573,0.49612403100775193,259,-8.706450000000075,0.4826254826254826,258,-6.290699999999994,0.5465116279069767,258,-9.457200000000114,0.4806201550387597,257,1.17219999999993,0.5097276264591439,259,-24.561149999999977,0.44787644787644787,258,-26.24760000000008,0.40310077519379844,164,-4.513999999999987,0.4268292682926829
asia_body_fade_600|all|TP15_SL20|H720,asia_body_fade_600,all,TP15_SL20,15.0,20.0,0.75,720,-1.2915558973375467,1291,-31.082200000000125,-0.02407606506584053,0.512006196746708,0.8934494017322843,32.345400000000105,8,1,938,-60.45065000000018,-0.06444632196162066,0.5074626865671642,0.8238880925013109,69.18240000000013,7,0,2229,-91.5328500000003,-0.04106453566621817,0.8558456978060498,258,-9.718650000000046,0.4883720930232558,258,0.4232000000000671,0.49612403100775193,259,-6.529800000000055,0.5173745173745173,258,-2.5530999999999726,0.5581395348837209,258,-12.703850000000113,0.5,257,-1.6591500000001258,0.5175097276264592,259,-24.124499999999955,0.4942084942084942,258,-26.044000000000096,0.49224806201550386,164,-8.623000000000001,0.5365853658536586
inside_prevday_asia_break|all|TP20_SL15|H720,inside_prevday_asia_break,all,TP20_SL15,20.0,15.0,1.3333333333333333,720,-1.2932640663270871,697,-24.47846666666647,-0.03511975131515993,0.4648493543758967,0.8816598694180544,33.49386666666656,8,2,434,9.721333333333346,0.022399385560675913,0.45622119815668205,1.054765216013136,19.59646666666667,7,2,1131,-14.757133333333124,-0.013047863247863063,0.9616057266105449,139,0.27319999999998157,0.4460431654676259,149,-10.93766666666652,0.44966442953020136,125,4.109400000000032,0.512,138,-11.613999999999972,0.427536231884058,146,-6.309399999999993,0.4931506849315068,149,-3.427066666666666,0.4429530201342282,142,16.45466666666669,0.5,92,-15.306266666666673,0.3695652173913043,51,11.999999999999998,0.5294117647058824
trend_pullback_600|f025|TP15_SL25|H1440,trend_pullback_600,f025,TP15_SL25,15.0,25.0,0.6,1440,-1.2934186416029614,813,-25.827479999999884,-0.03176811808118067,0.4612546125461255,0.8492591440866006,29.164079999999785,8,1,590,-3.625400000000047,-0.006144745762711944,0.5508474576271186,0.9790326882784083,20.170360000000127,7,1,1403,-29.452879999999936,-0.020992786885245855,0.9144418990937248,152,-6.502519999999993,0.39473684210526316,152,-12.75551999999999,0.42105263157894735,168,4.260800000000099,0.5297619047619048,184,-8.901559999999973,0.46195652173913043,157,-1.9286800000000308,0.49044585987261147,166,-16.02068000000009,0.42168674698795183,169,-0.5614800000000013,0.5266272189349113,154,13.156760000000048,0.6688311688311688,101,-0.19999999999999918,0.6237623762376238
asia_mid_cont_600|all|TP15_SL15|H1440,asia_mid_cont_600,all,TP15_SL15,15.0,15.0,1.0,1440,-1.2944362995426366,1305,-28.977533333333014,-0.022205006385695798,0.4689655172413793,0.929743770027438,37.21559999999971,10,1,949,0.9167333333332284,0.0009659992975060362,0.48998946259220233,1.002259917646372,33.50513333333347,10,2,2254,-28.060799999999787,-0.012449334516415167,0.9657002043749942,261,-5.138066666666585,0.4367816091954023,261,-13.926066666666596,0.47126436781609193,262,-5.062266666666529,0.46946564885496184,261,0.9649333333334038,0.49808429118773945,260,-5.8160666666667105,0.46923076923076923,260,-21.86906666666676,0.45,262,19.872066666666644,0.5152671755725191,261,11.980400000000007,0.5172413793103449,166,-9.066666666666666,0.46987951807228917
impulse60_cont_600|s040|TP20_SL15|H480,impulse60_cont_600,s040,TP20_SL15,20.0,15.0,1.3333333333333333,480,-1.2944515470543296,728,-25.522266666666493,-0.03505805860805837,0.46016483516483514,0.866757946305577,26.792333333333204,9,1,517,-17.528600000000097,-0.033904448742746805,0.437137330754352,0.9204955282533288,23.572333333333397,9,1,1245,-43.05086666666659,-0.03457900937081654,0.8955129986008814,150,-11.903400000000012,0.4,145,-11.153866666666666,0.4206896551724138,148,6.79213333333341,0.5135135135135135,132,-6.294933333333303,0.4696969696969697,153,-2.9621999999999247,0.49673202614379086,140,-10.172933333333415,0.42142857142857143,144,-7.710733333333369,0.4513888888888889,136,4.5624000000000065,0.45588235294117646,97,-4.207333333333319,0.41237113402061853
trend_pullback_600|f025|TP20_SL15|H480,trend_pullback_600,f025,TP20_SL15,20.0,15.0,1.3333333333333333,480,-1.3033209698668886,813,-25.90659999999988,-0.0318654366543664,0.45018450184501846,0.8842508005063673,30.105799999999906,8,1,590,-13.539933333333558,-0.02294903954802298,0.4559322033898305,0.945084081795107,22.80286666666682,7,1,1403,-39.446533333333434,-0.028115846994535593,0.9161379741207458,152,-9.878066666666703,0.4144736842105263,152,-9.523000000000001,0.4342105263157895,168,5.645866666666825,0.5059523809523809,184,-6.038800000000037,0.43478260869565216,157,-6.11259999999996,0.4585987261146497,166,-12.405066666666775,0.4397590361445783,169,-3.0422666666667304,0.48520710059171596,154,16.17339999999994,0.5,101,-14.26599999999999,0.36633663366336633
prevclose_cont_600|all|TP15_SL20|H720,prevclose_cont_600,all,TP15_SL20,15.0,20.0,0.75,720,-1.3055130375303738,1304,-27.713250000000006,-0.02125249233128835,0.46549079754601225,0.9037434575977309,39.92095000000002,10,1,949,17.416599999999818,0.01835258166491024,0.5363540569020021,1.0585423963135956,23.336349999999996,11,2,2253,-10.296650000000195,-0.004570195295162093,0.9824113467666105,260,-8.553599999999975,0.41923076923076924,261,-16.52539999999999,0.4329501915708812,262,-1.2918999999999974,0.5076335877862596,261,-4.05899999999998,0.44061302681992337,260,2.7166499999999356,0.5269230769230769,260,-14.68105000000013,0.45384615384615384,262,15.202849999999932,0.5381679389312977,261,19.4403,0.6015325670498084,166,-2.5454999999999917,0.5602409638554217
impulse60_fade_840|s040|TP40_SL30|H480,impulse60_fade_840,s040,TP40_SL30,40.0,30.0,1.3333333333333333,480,-1.3062528281857706,659,-23.89490000000002,-0.036259332321699575,0.456752655538695,0.7569041082139861,27.121366666666674,11,1,481,13.371100000000025,0.02779854469854475,0.49272349272349275,1.1056591895650707,16.846433333333337,7,3,1140,-10.523799999999992,-0.009231403508771923,0.9531949931389303,117,1.1834666666667164,0.5299145299145299,132,-6.150033333333354,0.4318181818181818,123,-5.1048999999999625,0.4878048780487805,145,-1.9612000000000605,0.45517241379310347,142,-11.862233333333359,0.39436619718309857,134,3.2511333333333803,0.5298507462686567,139,-12.154133333333334,0.4028776978417266,130,10.725333333333325,0.5307692307692308,78,11.548766666666657,0.5256410256410257
asia_mid_cont_600|all|TP5_SL15|H720,asia_mid_cont_600,all,TP5_SL15,5.0,15.0,0.3333333333333333,720,-1.307929901272269,1305,-27.84546666666673,-0.021337522349936192,0.6053639846743295,0.8989923954464574,34.46100000000049,8,0,949,10.961999999999854,0.011551106427818604,0.7165437302423604,1.0514467219962185,16.384333333333288,7,2,2254,-16.883466666666887,-0.007490446613428078,0.9654559451860766,261,-6.269466666666725,0.5134099616858238,261,-7.8846000000000345,0.524904214559387,262,-6.370933333333312,0.6755725190839694,261,-3.773000000000007,0.6436781609195402,260,-3.547466666666656,0.6692307692307692,260,-2.723466666666797,0.6538461538461539,262,13.06806666666666,0.7442748091603053,261,-0.5810666666666657,0.7318007662835249,166,1.1984666666666532,0.7469879518072289
asia_body_fade_840|all|TP10_SL20|H720,asia_body_fade_840,all,TP10_SL20,10.0,20.0,0.5,720,-1.3088463496666816,1291,-29.430799999999998,-0.02279690162664601,0.5158791634391944,0.8851748042211449,31.11850000000001,9,0,938,-54.692300000000024,-0.05830735607675909,0.5628997867803838,0.8095363297916148,60.54975000000004,10,0,2229,-84.12310000000002,-0.03774028712427099,0.8452091637140741,258,-8.285700000000055,0.4418604651162791,258,-4.485549999999989,0.5,259,-3.653750000000003,0.5405405405405406,258,-4.423849999999901,0.5503875968992248,258,-8.581950000000052,0.5465116279069767,257,-13.21930000000002,0.5175097276264592,259,-18.28594999999998,0.5405405405405406,258,-5.4230500000000355,0.6124031007751938,164,-17.76399999999999,0.5914634146341463
prevday_liquidity_sweep|all|TP20_SL15|H720,prevday_liquidity_sweep,all,TP20_SL15,20.0,15.0,1.3333333333333333,720,-1.3106089137151544,673,-23.4747333333333,-0.034880733036156464,0.48439821693907875,0.8808427881869153,30.792866666666637,9,1,445,-42.794933333333304,-0.09616838951310855,0.4134831460674157,0.7918332549102526,49.62980000000004,9,0,1118,-66.2696666666666,-0.059275193798449546,0.8353902275569125,131,2.239333333333343,0.5190839694656488,121,-3.169933333333332,0.5206611570247934,143,-9.33219999999995,0.43356643356643354,141,-8.195266666666734,0.49645390070921985,137,-5.016666666666621,0.45985401459854014,135,-2.864799999999863,0.4666666666666667,129,-12.09433333333341,0.4108527131782946,116,-11.835800000000022,0.4051724137931034,65,-16.0,0.3230769230769231
impulse60_fade_840|s040|TP15_SL25|H720,impulse60_fade_840,s040,TP15_SL25,15.0,25.0,0.6,720,-1.3110729210123875,659,-25.44315999999989,-0.03860874051593306,0.4795144157814871,0.7815983777109692,29.084519999999905,10,2,481,-9.632399999999873,-0.02002577962577936,0.5197505197505198,0.9269947079424528,24.796919999999858,9,1,1140,-35.075559999999754,-0.03076803508771908,0.8588157765084803,117,1.0306800000000649,0.5042735042735043,132,-7.031479999999965,0.4621212121212121,123,-7.64256000000001,0.4634146341463415,145,0.20804000000002798,0.5379310344827586,142,-12.007840000000009,0.4295774647887324,134,-1.4659199999999606,0.4925373134328358,139,-14.824119999999958,0.4172661870503597,130,-3.3423599999999523,0.5461538461538461,78,10.0,0.7051282051282052
impulse60_cont_600|s040|TP10_SL25|H480,impulse60_cont_600,s040,TP10_SL25,10.0,25.0,0.4,480,-1.311455564432043,728,-25.778,-0.035409340659340656,0.4793956043956044,0.77839139906226,26.115840000000105,8,1,517,-7.1794799999999315,-0.013886808510638166,0.5938104448742747,0.9395388586130866,14.175839999999992,8,2,1245,-32.957479999999926,-0.026471871485943717,0.8597957114967291,150,-6.252479999999995,0.4066666666666667,145,-8.158520000000017,0.42758620689655175,148,0.6562400000000248,0.5405405405405406,132,-3.6147999999999776,0.5,153,-8.408440000000036,0.5228758169934641,140,-10.192120000000005,0.44285714285714284,144,1.2627600000000254,0.6111111111111112,136,7.10948000000004,0.6764705882352942,97,-5.3595999999999915,0.6701030927835051
trend_pullback_600|f025|TP25_SL20|H1440,trend_pullback_600,f025,TP25_SL20,25.0,20.0,1.25,1440,-1.3171563061549239,813,-26.909649999999857,-0.033099200492004745,0.44157441574415746,0.8746691158748237,33.888499999999794,10,2,590,0.7780499999998955,0.001318728813559145,0.46779661016949153,1.0032503903455403,23.46375000000007,7,2,1403,-26.13159999999996,-0.018625516749821783,0.9424515630612308,152,-9.16635,0.39473684210526316,152,-12.858649999999967,0.42105263157894735,168,9.374400000000126,0.49404761904761907,184,-15.81509999999995,0.42391304347826086,157,1.5560499999999347,0.4713375796178344,166,-16.34080000000008,0.41566265060240964,169,8.985499999999956,0.5088757396449705,154,10.133350000000018,0.5,101,-2.0,0.43564356435643564
inside_prevday_asia_break|all|TP20_SL20|H1440,inside_prevday_asia_break,all,TP20_SL20,20.0,20.0,1.0,1440,-1.3230052519428561,697,-24.07839999999992,-0.0345457675753227,0.46771879483500717,0.8678359135310606,30.969199999999944,7,1,434,14.489349999999895,0.03338559907834077,0.5184331797235023,1.0959356295354619,18.43070000000002,6,3,1131,-9.58905000000002,-0.00847838196286474,0.9712228628945675,139,-3.1014000000000688,0.4460431654676259,149,-10.802399999999908,0.4563758389261745,125,1.8936500000000032,0.496,138,-8.13144999999996,0.45652173913043476,146,-3.936799999999983,0.4863013698630137,149,2.1449999999999694,0.5167785234899329,142,14.425099999999942,0.5352112676056338,92,-13.080750000000013,0.44565217391304346,51,11.0,0.6078431372549019
asia_body_fade_840|all|TP15_SL20|H720,asia_body_fade_840,all,TP15_SL20,15.0,20.0,0.75,720,-1.3268014240415988,1291,-29.979950000000127,-0.023222269558481896,0.487993803253292,0.8890865701481441,31.348750000000035,11,0,938,-58.52145000000011,-0.06238960554371013,0.502132196162047,0.8234165516026088,66.64855000000013,10,0,2229,-88.50140000000022,-0.0397045311799014,0.8529168658559049,258,-10.785750000000052,0.43410852713178294,258,-4.120150000000048,0.4844961240310077,259,-8.178850000000057,0.47876447876447875,258,-0.4615999999998963,0.5310077519379846,258,-6.43360000000007,0.5116279069767442,257,-10.35354999999997,0.4980544747081712,259,-26.181550000000094,0.47104247104247104,258,-0.472350000000052,0.5426356589147286,164,-21.51399999999999,0.49390243902439024
trend_pullback_600|f025|TP10_SL25|H480,trend_pullback_600,f025,TP10_SL25,10.0,25.0,0.4,480,-1.3391204018292024,813,-25.46440000000003,-0.03132152521525219,0.4797047970479705,0.8053354852302222,27.140800000000095,8,0,590,-3.2084800000000646,-0.005438101694915364,0.6033898305084746,0.9752790323897925,14.164839999999987,7,2,1403,-28.67288000000009,-0.02043683535281546,0.8899733967276682,152,-5.641200000000007,0.42105263157894735,152,-7.016640000000017,0.4407894736842105,168,-1.7346799999999343,0.5357142857142857,184,-4.291239999999997,0.483695652173913,157,-6.780640000000076,0.5095541401273885,166,-11.695040000000036,0.4578313253012048,169,6.481439999999931,0.6272189349112426,154,5.764720000000034,0.6818181818181818,101,-3.7595999999999923,0.6831683168316832
asia_liquidity_sweep|all|TP10_SL20|H480,asia_liquidity_sweep,all,TP10_SL20,10.0,20.0,0.5,480,-1.3391489389634486,1166,-31.192649999999837,-0.026751843910806036,0.5188679245283019,0.8618531365398643,31.868749999999892,9,1,801,-36.77040000000028,-0.045905617977528436,0.5705368289637952,0.8411622117046659,44.72715000000024,6,1,1967,-67.96305000000011,-0.03455162684290804,0.8513786493667747,234,-6.536000000000046,0.4700854700854701,227,1.35450000000011,0.5418502202643172,227,-15.307449999999985,0.4977973568281938,237,-0.5935999999999373,0.5738396624472574,241,-10.110099999999978,0.5103734439834025,241,0.301949999999918,0.5643153526970954,234,-15.669300000000124,0.5256410256410257,208,-19.70505000000007,0.5817307692307693,118,-1.6980000000000022,0.652542372881356
impulse60_fade_840|s040|TP5_SL15|H1440,impulse60_fade_840,s040,TP5_SL15,5.0,15.0,0.3333333333333333,1440,-1.341848675229292,659,-23.080666666666524,-0.03502377339403114,0.6509863429438544,0.8523472358341467,32.88153333333333,6,1,481,-3.9764666666666733,-0.00826708246708248,0.7234927234927235,0.9667429971391406,16.21973333333333,3,2,1140,-27.057133333333205,-0.023734327485380003,0.9019260440642544,117,-1.7601999999999427,0.5726495726495726,132,-12.44086666666658,0.5606060606060606,123,-10.032133333333315,0.6585365853658537,145,2.7070666666666794,0.7310344827586207,142,-1.5545333333333642,0.7112676056338029,134,1.484799999999979,0.7089552238805971,139,-8.127933333333312,0.6834532374100719,130,-0.6666666666666705,0.7461538461538462,78,3.3333333333333313,0.782051282051282
impulse60_cont_600|s040|TP10_SL20|H1440,impulse60_cont_600,s040,TP10_SL20,10.0,20.0,0.5,1440,-1.3438896341942481,728,-25.97345,-0.03567781593406593,0.5206043956043956,0.8465710949865776,28.70424999999998,7,1,517,-15.011400000000004,-0.029035589941972927,0.5957446808510638,0.9076442907992208,23.53870000000003,5,2,1245,-40.98485000000001,-0.03291955823293173,0.8764867377582495,150,-7.9845000000000255,0.44666666666666666,145,-15.238249999999947,0.4482758620689655,148,5.122850000000005,0.6013513513513513,132,-6.164899999999999,0.5303030303030303,153,-1.7086500000000335,0.5751633986928104,140,-18.553250000000048,0.44285714285714284,144,3.1361000000000328,0.6319444444444444,136,5.905750000000012,0.6911764705882353,97,-5.5,0.6288659793814433
asia_body_cont_840|all|TP20_SL15|H720,asia_body_cont_840,all,TP20_SL15,20.0,15.0,1.3333333333333333,720,-1.3492779918875637,1291,-28.544133333333317,-0.0221100955331784,0.47172734314484893,0.919317701085313,41.24766666666671,9,1,938,9.50446666666644,0.010132693674484479,0.464818763326226,1.0240678918922566,36.52840000000012,11,2,2229,-19.039666666666875,-0.0085417975175715,0.9745692457013614,258,4.864733333333396,0.5155038759689923,258,-6.5212000000000465,0.4689922480620155,259,-8.732666666666688,0.4826254826254826,258,-12.635333333333321,0.4418604651162791,258,-5.5196666666666605,0.4496124031007752,257,-0.33173333333335897,0.48249027237354086,259,16.607466666666603,0.4980694980694981,258,-19.031933333333452,0.41472868217054265,164,12.260666666666648,0.4634146341463415
asia_body_fade_840|all|TP25_SL20|H480,asia_body_fade_840,all,TP25_SL20,25.0,20.0,1.25,480,-1.354618325019747,1291,-30.94635000000018,-0.023970836560805717,0.4756003098373354,0.8826352053993406,31.324100000000204,7,0,938,-52.032200000000124,-0.055471428571428706,0.43816631130063965,0.8534470800290723,57.00325000000012,13,1,2229,-82.97855000000031,-0.03722680574248556,0.8658860889458415,258,-9.558800000000087,0.43410852713178294,258,-3.80569999999999,0.4689922480620155,259,-5.729050000000064,0.47104247104247104,258,-3.3471999999999182,0.49612403100775193,258,-8.505600000000117,0.5077519379844961,257,-8.873200000000121,0.4669260700389105,259,-24.22795,0.4247104247104247,258,10.013449999999944,0.47674418604651164,164,-28.944499999999948,0.35365853658536583
normal_range_mid_cont_14|r080_120|TP5_SL15|H1440,normal_range_mid_cont_14,r080_120,TP5_SL15,5.0,15.0,0.3333333333333333,1440,-1.3553560607022652,521,-21.114000000000026,-0.040525911708253405,0.6238003838771593,0.8297553704383593,26.41906666666665,6,0,330,-7.199799999999965,-0.02181757575757565,0.7121212121212122,0.9147394348962244,15.607333333333317,4,2,851,-28.31379999999999,-0.03327121034077555,0.8641803803206468,106,-3.696933333333361,0.4811320754716981,96,-9.052200000000024,0.5520833333333334,99,-1.0430000000000004,0.7171717171717171,121,-5.323199999999984,0.6776859504132231,99,-1.998666666666655,0.6868686868686869,95,-3.401800000000005,0.6631578947368421,101,6.4760000000000195,0.7821782178217822,80,-10.940666666666646,0.65,54,0.6666666666666654,0.7592592592592593
prevclose_cont_600|all|TP10_SL20|H480,prevclose_cont_600,all,TP10_SL20,10.0,20.0,0.5,480,-1.3586328257161442,1304,-29.425599999999896,-0.022565644171779062,0.4869631901840491,0.8795365044028156,34.644899999999915,13,0,949,9.973049999999892,0.010509009483666905,0.5943097997892518,1.0412133516870192,20.438300000000005,9,2,2253,-19.452550000000013,-0.008634065690190863,0.9599952288481935,260,-5.960099999999921,0.4576923076923077,261,-14.743749999999956,0.42911877394636017,262,-4.818949999999949,0.5381679389312977,261,-0.3531500000000056,0.4827586206896552,260,-3.5496500000000655,0.5269230769230769,260,-16.80055000000007,0.4576923076923077,262,17.753499999999953,0.6259541984732825,261,11.223600000000033,0.6628352490421456,166,-2.20350000000003,0.6506024096385542
impulse60_cont_600|s040|TP15_SL20|H480,impulse60_cont_600,s040,TP15_SL20,15.0,20.0,0.75,480,-1.3827570380534189,728,-27.233999999999902,-0.037409340659340526,0.46565934065934067,0.8176695322199848,27.79544999999987,8,1,517,-22.43869999999996,-0.04340174081237903,0.4932301740812379,0.867417185595378,27.86984999999998,8,1,1245,-49.672699999999864,-0.039897751004015956,0.8440951379127495,150,-9.107449999999984,0.4,145,-10.334450000000016,0.4206896551724138,148,2.037550000000043,0.5135135135135135,132,-4.210199999999964,0.48484848484848486,153,-5.619449999999984,0.5098039215686274,140,-10.04360000000005,0.42857142857142855,144,-8.915749999999957,0.4861111111111111,136,0.6761500000000282,0.5294117647058824,97,-4.155499999999984,0.5463917525773195
prevclose_cont_600|all|TP15_SL15|H480,prevclose_cont_600,all,TP15_SL15,15.0,15.0,1.0,480,-1.3843836693308285,1304,-30.67653333333312,-0.02352494887525546,0.4593558282208589,0.9079367600921382,39.76419999999987,13,1,949,-2.7936000000000547,-0.002943730242360437,0.48893572181243417,0.9922579643900357,30.82420000000011,14,2,2253,-33.47013333333316,-0.014855807072052002,0.9517753988371391,260,-6.765199999999914,0.4576923076923077,261,-18.988466666666625,0.42528735632183906,262,-5.389199999999894,0.4847328244274809,261,1.5235333333333223,0.44061302681992337,260,-1.0572000000000097,0.48846153846153845,260,-23.775733333333452,0.4230769230769231,262,8.941866666666783,0.5190839694656488,261,23.252933333333324,0.5402298850574713,166,-11.2126666666667,0.463855421686747
trend_pullback_600|f025|TP10_SL25|H720,trend_pullback_600,f025,TP10_SL25,10.0,25.0,0.4,720,-1.3857812210710492,813,-28.108480000000096,-0.0345737761377615,0.4858548585485855,0.8068770599863623,29.423280000000133,8,1,590,-3.423599999999977,-0.00580271186440674,0.611864406779661,0.9751245805415456,17.20748000000003,7,2,1403,-31.53208000000008,-0.02247475409836071,0.8886488347991071,152,-6.052760000000033,0.40789473684210525,152,-10.45536,0.4407894736842105,168,1.1906399999999944,0.5714285714285714,184,-8.878919999999988,0.46195652173913043,157,-3.9120800000000684,0.5414012738853503,166,-14.678360000000037,0.4397590361445783,169,6.427640000000028,0.6390532544378699,154,8.391120000000047,0.7207792207792207,101,-3.5640000000000156,0.6831683168316832
asia_body_cont_840|all|TP15_SL25|H1440,asia_body_cont_840,all,TP15_SL25,15.0,25.0,0.6,1440,-1.3873234679799444,1291,-32.44211999999996,-0.025129450038729635,0.49341595662277304,0.8712987315105178,35.9113199999998,12,1,938,-1.1975999999999463,-0.0012767590618336315,0.5692963752665245,0.9956009442248509,29.559599999999985,10,2,2229,-33.63971999999991,-0.015091843876177619,0.9358404196819124,258,0.6681199999999992,0.4806201550387597,258,-10.561280000000016,0.4689922480620155,259,-6.5262799999999315,0.5405405405405406,258,-10.319000000000077,0.4844961240310077,258,-5.703679999999932,0.49224806201550386,257,-3.811840000000048,0.5214007782101168,259,8.86384000000011,0.5752895752895753,258,-14.382000000000026,0.5581395348837209,164,8.132400000000017,0.6524390243902439
trend_pullback_600|f025|TP15_SL20|H720,trend_pullback_600,f025,TP15_SL20,15.0,20.0,0.75,720,-1.3890531223262883,813,-27.880450000000064,-0.03429329643296441,0.45387453874538747,0.8525959974220575,30.784150000000043,8,1,590,-11.149299999999995,-0.01889711864406779,0.5101694915254237,0.9437305315603217,24.505149999999997,7,1,1403,-39.02975000000006,-0.02781878118317894,0.8992219669116458,152,-8.567850000000032,0.39473684210526316,152,-11.743200000000002,0.4276315789473684,168,7.0300500000000055,0.5416666666666666,184,-12.615899999999979,0.41304347826086957,157,-1.9835500000000599,0.49044585987261147,166,-16.287900000000057,0.40963855421686746,169,-4.580649999999948,0.5029585798816568,154,10.174250000000029,0.5909090909090909,101,-0.4550000000000183,0.5643564356435643
prevclose_cont_600|all|TP10_SL25|H720,prevclose_cont_600,all,TP10_SL25,10.0,25.0,0.4,720,-1.390664235922301,1304,-29.57687999999997,-0.022681656441717768,0.49693251533742333,0.8660125140660931,36.320720000000435,10,0,949,15.369239999999913,0.016195194942044164,0.6301369863013698,1.074040237873131,17.477040000000073,9,2,2253,-14.207640000000055,-0.00630609853528631,0.9668296246226795,260,-7.303239999999977,0.4269230769230769,261,-14.684960000000002,0.44061302681992337,262,-1.646999999999998,0.5648854961832062,261,-3.2667199999999506,0.4904214559386973,260,-2.674960000000044,0.5615384615384615,260,-13.623320000000094,0.4807692307692308,262,19.662639999999957,0.6526717557251909,261,12.41084000000006,0.7164750957854407,166,-3.080920000000008,0.6927710843373494
asia_body_fade_600|all|TP20_SL20|H480,asia_body_fade_600,all,TP20_SL20,20.0,20.0,1.0,480,-1.3972448706591425,1291,-33.65094999999998,-0.02606580170410533,0.4949651432997676,0.8725780815874845,34.34689999999994,8,1,938,-49.90290000000002,-0.05320138592750535,0.4701492537313433,0.8512617353706607,61.55455,8,1,2229,-83.55385,-0.03748490354419022,0.860650428144548,258,-7.615700000000014,0.4689922480620155,258,3.797050000000038,0.49612403100775193,259,-6.5875,0.4864864864864865,258,-12.088949999999954,0.5348837209302325,258,-11.155850000000044,0.4883720930232558,257,5.254999999999961,0.5252918287937743,259,-23.20249999999993,0.4362934362934363,258,-25.026900000000065,0.44573643410852715,164,-6.928499999999985,0.47560975609756095
asia_liquidity_sweep|all|TP40_SL30|H480,asia_liquidity_sweep,all,TP40_SL30,40.0,30.0,1.3333333333333333,480,-1.4065381302742361,1166,-32.44036666666648,-0.02782192681532288,0.4879931389365352,0.8038701551266366,33.15226666666647,9,1,801,-63.803400000000295,-0.07965468164794044,0.449438202247191,0.7190176594009042,66.77360000000023,11,0,1967,-96.24376666666677,-0.04892921538722256,0.7547774151975994,234,-4.620166666666698,0.4658119658119658,227,0.08606666666674012,0.5286343612334802,227,-19.485966666666634,0.42731277533039647,237,-4.050599999999963,0.540084388185654,241,-4.369699999999921,0.47717842323651455,241,-3.1321666666666803,0.5145228215767634,234,-15.718666666666877,0.4358974358974359,208,-13.386266666666764,0.44711538461538464,118,-31.566299999999966,0.3474576271186441
trend_pullback_600|f025|TP15_SL20|H1440,trend_pullback_600,f025,TP15_SL20,15.0,20.0,0.75,1440,-1.4101927716619391,813,-27.740799999999844,-0.03412152521525196,0.45879458794587946,0.8671890540892175,32.71454999999983,8,1,590,-9.281900000000055,-0.01573203389830518,0.5254237288135594,0.9558592674423633,25.872950000000113,7,1,1403,-37.0226999999999,-0.0263882394868139,0.9116728086010384,152,-8.874300000000005,0.39473684210526316,152,-13.505549999999984,0.42105263157894735,168,8.285050000000115,0.5297619047619048,184,-13.193199999999932,0.45108695652173914,157,-0.45280000000003673,0.49044585987261147,166,-19.91925000000008,0.42168674698795183,169,-1.1009500000000023,0.5207100591715976,154,12.988300000000027,0.6168831168831169,101,-1.25,0.5643564356435643
asia_body_fade_600|all|TP10_SL20|H480,asia_body_fade_600,all,TP10_SL20,10.0,20.0,0.5,480,-1.4206662368073806,1291,-31.82525000000005,-0.024651626646010883,0.5189775367931836,0.8728512479157453,33.966100000000026,8,0,938,-32.19704999999997,-0.03432521321961617,0.5767590618336887,0.8825766216715217,43.26460000000003,6,1,2229,-64.02230000000003,-0.02872243158366982,0.87793548697072,258,-6.319300000000031,0.4728682170542636,258,-0.281499999999971,0.5,259,-5.8062000000000005,0.528957528957529,258,-5.4589499999999935,0.5736434108527132,258,-13.959300000000052,0.5193798449612403,257,3.6069000000000067,0.556420233463035,259,-9.934649999999975,0.555984555984556,258,-25.070300000000024,0.5658914728682171,164,-0.7989999999999782,0.6585365853658537
normal_range_mid_cont_14|r080_120|TP15_SL20|H1440,normal_range_mid_cont_14,r080_120,TP15_SL20,15.0,20.0,0.75,1440,-1.4227175283159603,521,-22.52430000000008,-0.04323282149712107,0.45873320537428025,0.8205173563715721,32.00090000000009,8,1,330,-13.074300000000004,-0.03961909090909092,0.503030303030303,0.8901784915554707,24.14855000000001,8,1,851,-35.598600000000076,-0.041831492361927236,0.8544299307104197,106,-6.317550000000063,0.39622641509433965,96,-9.160950000000035,0.4270833333333333,99,-5.04249999999995,0.48484848484848486,121,-9.824050000000035,0.4628099173553719,99,7.820750000000011,0.5252525252525253,95,-4.846200000000022,0.4631578947368421,101,-4.6162499999999795,0.46534653465346537,80,-3.861850000000004,0.55,54,0.25,0.5740740740740741
impulse60_cont_600|s040|TP15_SL15|H720,impulse60_cont_600,s040,TP15_SL15,15.0,15.0,1.0,720,-1.4248593404378016,728,-29.034933333333434,-0.03988315018315032,0.45467032967032966,0.8641994209695093,32.106200000000115,11,2,517,-34.34273333333346,-0.06642695035461017,0.4448742746615087,0.8506281325073245,39.76273333333346,8,1,1245,-63.3776666666669,-0.050905756358768595,0.857167432915652,150,-13.123066666666652,0.38,145,-15.846933333333315,0.4,148,7.75286666666657,0.5405405405405406,132,-8.037733333333366,0.45454545454545453,153,0.21993333333333265,0.49673202614379086,140,-17.59473333333344,0.38571428571428573,144,-8.783066666666613,0.4513888888888889,136,0.3083999999999518,0.49264705882352944,97,-8.273333333333358,0.4536082474226804
asia_body_fade_840|all|TP15_SL15|H720,asia_body_fade_840,all,TP15_SL15,15.0,15.0,1.0,720,-1.4250273557989943,1291,-33.99346666666683,-0.02633111283242977,0.47947327652982186,0.9024819480431056,35.96226666666672,11,1,938,-54.46480000000009,-0.05806481876332632,0.47761194029850745,0.8630374998407355,63.85786666666676,10,1,2229,-88.45826666666693,-0.039685180200388935,0.8814627262695677,258,-14.022266666666749,0.43410852713178294,258,-2.0760666666667027,0.4844961240310077,259,-11.163466666666771,0.4594594594594595,258,0.6194000000001472,0.5155038759689923,258,-7.351066666666762,0.5038759689922481,257,-10.937266666666604,0.4980544747081712,259,-23.79286666666676,0.46332046332046334,258,8.265333333333277,0.5116279069767442,164,-28.0,0.4146341463414634
asia_mid_cont_600|all|TP5_SL15|H480,asia_mid_cont_600,all,TP5_SL15,5.0,15.0,0.3333333333333333,480,-1.4274501060893003,1305,-32.96953333333329,-0.025264010217113633,0.5701149425287356,0.8735189965877399,37.96646666666682,8,1,949,8.408066666666707,0.008859922725676194,0.7060063224446786,1.0401585569016643,17.934266666666616,7,2,2254,-24.561466666666604,-0.010896835255841439,0.9477459629642556,261,-8.313066666666725,0.47126436781609193,261,-11.205866666666651,0.4674329501915709,262,-9.807799999999926,0.6297709923664122,261,0.028066666666695106,0.6245210727969349,260,-3.670866666666694,0.6576923076923077,260,-1.5981333333333492,0.6461538461538462,262,11.135466666666717,0.7213740458015268,261,-2.3277333333333194,0.7241379310344828,166,1.1984666666666532,0.7469879518072289
asia_liquidity_sweep|all|TP15_SL25|H1440,asia_liquidity_sweep,all,TP15_SL25,15.0,25.0,0.6,1440,-1.4304293531225583,1166,-35.140359999999944,-0.030137530017152612,0.48713550600343053,0.8538955682497786,35.473999999999734,9,2,801,-57.52136000000008,-0.07181193508114866,0.5218476903870163,0.7834363442148221,60.10487999999978,9,0,1967,-92.66172000000002,-0.04710814438230809,0.8169192407153932,234,-3.861959999999998,0.49145299145299143,227,1.1472400000000187,0.4669603524229075,227,-25.057160000000025,0.44933920704845814,237,3.6330000000000906,0.5485232067510548,241,-11.001480000000019,0.47717842323651455,241,-7.208439999999992,0.5062240663900415,234,-21.521160000000023,0.5042735042735043,208,-13.191760000000066,0.5480769230769231,118,-15.599999999999998,0.5423728813559322
asia_liquidity_sweep|all|TP10_SL20|H1440,asia_liquidity_sweep,all,TP10_SL20,10.0,20.0,0.5,1440,-1.4322190463638678,1166,-33.402750000000104,-0.02864729845626081,0.5248713550600344,0.8778380877163688,33.971650000000125,9,1,801,-47.65605000000012,-0.05949569288389528,0.5780274656679151,0.8181641450717098,55.18040000000014,9,0,1967,-81.05880000000022,-0.041209354346721,0.8486333523773791,234,-4.736000000000036,0.49572649572649574,227,-1.7436999999999672,0.4801762114537445,227,-17.7528500000001,0.5154185022026432,237,3.841050000000063,0.5949367088607594,241,-13.011250000000064,0.5352697095435685,241,-6.780950000000006,0.5518672199170125,234,-16.65850000000005,0.5641025641025641,208,-21.716600000000064,0.5817307692307693,118,-2.5,0.652542372881356
impulse60_cont_600|s040|TP5_SL15|H480,impulse60_cont_600,s040,TP5_SL15,5.0,15.0,0.3333333333333333,480,-1.4422343809896707,728,-28.50546666666662,-0.03915586080586074,0.5714285714285714,0.8152975169947697,28.587400000000226,7,1,517,14.541266666666699,0.028126241134751834,0.7350096711798839,1.1331732462928745,5.997199999999963,6,2,1245,-13.96419999999993,-0.011216224899598337,0.9470094382868406,150,-11.129599999999998,0.41333333333333333,145,-8.325133333333392,0.496551724137931,148,0.4578000000000255,0.6621621621621622,132,-5.059399999999963,0.6363636363636364,153,-4.449133333333297,0.6535947712418301,140,-1.1145999999999898,0.6571428571428571,144,-0.6783333333333033,0.7152777777777778,136,6.667533333333324,0.7720588235294118,97,9.666666666666666,0.8247422680412371
impulse60_cont_600|s040|TP10_SL20|H720,impulse60_cont_600,s040,TP10_SL20,10.0,20.0,0.5,720,-1.4497659632523372,728,-28.23515000000003,-0.03878454670329674,0.49175824175824173,0.8207303445692405,29.82984999999999,8,1,517,-17.090199999999996,-0.033056479690522236,0.574468085106383,0.8912242066270353,22.06230000000006,8,2,1245,-45.32535000000003,-0.036405903614457856,0.85593391923462,150,-8.736349999999984,0.3933333333333333,145,-13.690299999999958,0.4206896551724138,148,2.515849999999955,0.5878378378378378,132,-5.629449999999985,0.5,153,-2.6949000000000636,0.5555555555555556,140,-17.095900000000064,0.4142857142857143,144,0.11530000000007012,0.6111111111111112,136,4.595400000000016,0.6617647058823529,97,-4.705000000000018,0.6288659793814433
trend_pullback_600|f025|TP10_SL25|H1440,trend_pullback_600,f025,TP10_SL25,10.0,25.0,0.4,1440,-1.4556903981198968,813,-29.308359999999936,-0.036049643296432884,0.4981549815498155,0.8142863189729532,31.377240000000185,8,1,590,0.3810799999999084,0.0006458983050845905,0.635593220338983,1.0026780230360008,17.520320000000023,7,2,1403,-28.927280000000025,-0.020618161083392747,0.903612283555409,152,-5.7051199999999955,0.40789473684210525,152,-12.179839999999977,0.4407894736842105,168,1.027400000000044,0.5833333333333334,184,-8.43195999999998,0.5054347826086957,157,-4.018840000000026,0.5414012738853503,166,-15.52012000000007,0.46987951807228917,169,10.602559999999965,0.6627218934911243,154,9.698640000000013,0.7532467532467533,101,-4.400000000000001,0.6831683168316832
inside_prevday_asia_break|all|TP5_SL15|H720,inside_prevday_asia_break,all,TP5_SL15,5.0,15.0,0.3333333333333333,720,-1.467632569036064,697,-26.69379999999979,-0.038298134863701275,0.5954088952654233,0.8303260234395173,33.50653333333325,8,1,434,0.6400666666666783,0.0014748079877112403,0.7096774193548387,1.0063740063228872,10.987666666666673,6,2,1131,-26.053733333333117,-0.023036015325670307,0.8989155836513737,139,0.19920000000001736,0.49640287769784175,149,-6.646066666666564,0.5369127516778524,125,-0.795799999999995,0.696,138,-18.340333333333277,0.572463768115942,146,-1.1107999999999745,0.684931506849315,149,-1.345933333333326,0.6644295302013423,142,3.995800000000006,0.7323943661971831,92,-3.009799999999998,0.717391304347826,51,0.9999999999999987,0.7647058823529411
impulse60_fade_840|s040|TP10_SL25|H1440,impulse60_fade_840,s040,TP10_SL25,10.0,25.0,0.4,1440,-1.468227778790606,659,-25.6811199999999,-0.03896983308042473,0.5280728376327769,0.7992331164603534,28.512000000000096,7,0,481,-8.50307999999993,-0.01767792099792085,0.6257796257796258,0.9293579652361054,18.682919999999896,7,1,1140,-34.18419999999983,-0.02998614035087704,0.8623179743428974,117,-0.9811199999999456,0.5042735042735043,132,-8.37135999999995,0.4696969696969697,123,-7.031879999999991,0.5691056910569106,145,-1.8506400000000203,0.5655172413793104,142,-7.446119999999988,0.528169014084507,134,-0.9175600000000017,0.5597014925373134,139,-8.371959999999927,0.5827338129496403,130,-5.213559999999998,0.6538461538461539,78,6.000000000000001,0.7692307692307693
prevclose_cont_600|all|TP40_SL30|H1440,prevclose_cont_600,all,TP40_SL30,40.0,30.0,1.3333333333333333,1440,-1.4684705146637471,1304,-33.95459999999998,-0.02603880368098158,0.4432515337423313,0.8568983358625017,38.637633333333326,10,1,949,41.2670333333333,0.04348475588338599,0.4952581664910432,1.144280505849019,22.50989999999992,9,3,2253,7.312433333333317,0.00324564284657493,1.0139738118664112,260,-5.182866666666639,0.41923076923076924,261,-14.651266666666608,0.42528735632183906,262,-3.9411666666666085,0.44656488549618323,261,0.5453666666666632,0.4521072796934866,260,-10.724666666666787,0.47307692307692306,260,-6.331800000000022,0.46153846153846156,262,28.817733333333337,0.5458015267175572,261,11.244566666666659,0.5019157088122606,166,7.536533333333327,0.4578313253012048
impulse60_fade_840|s040|TP10_SL20|H480,impulse60_fade_840,s040,TP10_SL20,10.0,20.0,0.5,480,-1.4724942504799785,659,-27.323150000000044,-0.04146153262518975,0.5053110773899848,0.7985902946014489,29.85690000000005,8,1,481,-13.89299999999995,-0.028883575883575777,0.577962577962578,0.8990348610611989,27.27034999999995,6,1,1140,-41.21614999999999,-0.03615451754385964,0.8491695683438758,117,0.9651000000000526,0.5299145299145299,132,-10.086150000000032,0.45454545454545453,123,-5.608299999999975,0.5365853658536586,145,-1.9221000000000679,0.5172413793103449,142,-10.671700000000023,0.49295774647887325,134,-3.487650000000019,0.5373134328358209,139,-15.254399999999942,0.5035971223021583,130,-1.1509499999999897,0.6153846153846154,78,6.0,0.717948717948718
asia_body_fade_600|all|TP25_SL20|H480,asia_body_fade_600,all,TP25_SL20,25.0,20.0,1.25,480,-1.4736439740579712,1291,-35.40560000000001,-0.027424941905499618,0.49341595662277304,0.8663541711098135,36.101549999999975,8,1,938,-39.97064999999997,-0.0426126332622601,0.4562899786780384,0.8845529641129324,55.45995000000001,8,1,2229,-75.37624999999998,-0.033816173171825926,0.8766641069950376,258,-7.540550000000017,0.4689922480620155,258,4.023850000000028,0.49612403100775193,259,-6.733050000000014,0.4826254826254826,258,-14.871699999999954,0.5310077519379846,258,-10.284150000000047,0.4883720930232558,257,7.264149999999983,0.5252918287937743,259,-19.225699999999946,0.4362934362934363,258,-22.330600000000025,0.4263565891472868,164,-5.6784999999999854,0.4268292682926829
prevclose_cont_600|all|TP20_SL15|H720,prevclose_cont_600,all,TP20_SL15,20.0,15.0,1.3333333333333333,720,-1.4765542361671486,1304,-31.438466666666645,-0.02410925357873209,0.44171779141104295,0.9190328868535858,44.65020000000003,10,1,949,28.69306666666647,0.030235054443273415,0.45521601685985247,1.0718670220644158,25.56146666666656,13,2,2253,-2.7454000000001777,-0.0012185530403906691,0.9965139507153337,260,-10.219666666666642,0.41923076923076924,261,-17.818666666666605,0.42911877394636017,262,-3.2495333333333503,0.4618320610687023,261,-4.418933333333312,0.41762452107279696,260,4.268333333333258,0.4807692307692308,260,-12.258266666666806,0.43846153846153846,262,25.607666666666645,0.48091603053435117,261,29.787666666666627,0.48659003831417624,166,-14.443999999999997,0.39156626506024095
asia_body_cont_600|all|TP30_SL25|H1440,asia_body_cont_600,all,TP30_SL25,30.0,25.0,1.2,1440,-1.4771942837053795,1291,-31.57643999999986,-0.024458900077459225,0.4601084430673896,0.8854387147024031,38.36411999999992,11,0,938,12.438799999999931,0.013260980810234468,0.4925373134328358,1.0381507726583465,30.762639999999983,10,2,2229,-19.13763999999993,-0.008585751458052907,0.9681925932987725,258,-0.19955999999994667,0.4689922480620155,258,-11.971399999999921,0.46124031007751937,259,-4.097679999999929,0.44787644787644787,258,-5.952559999999994,0.4689922480620155,258,-9.355240000000068,0.45348837209302323,257,-9.781840000000066,0.490272373540856,259,19.559839999999923,0.5212355212355212,258,8.491880000000075,0.5,164,-5.831080000000004,0.43902439024390244
asia_liquidity_sweep|all|TP15_SL25|H480,asia_liquidity_sweep,all,TP15_SL25,15.0,25.0,0.6,480,-1.4794930785256053,1166,-32.57675999999988,-0.027938902229845523,0.4974271012006861,0.831246060462397,32.7813199999998,9,0,801,-43.45516000000032,-0.05425113607990052,0.5106117353308365,0.8048962925807601,45.755960000000094,7,0,1967,-76.03192000000021,-0.038653746822572554,0.8171305064022185,234,-5.164200000000046,0.4658119658119658,227,-0.6363199999999231,0.5286343612334802,227,-18.11467999999997,0.44933920704845814,237,-1.027879999999977,0.5569620253164557,241,-7.633679999999957,0.4854771784232365,241,-2.9788400000000648,0.5269709543568465,234,-14.649640000000154,0.4658119658119658,208,-12.743600000000097,0.5240384615384616,118,-13.08308000000001,0.5423728813559322
impulse60_fade_840|s040|TP40_SL30|H720,impulse60_fade_840,s040,TP40_SL30,40.0,30.0,1.3333333333333333,720,-1.4808825206806664,659,-27.051933333333302,-0.04104997470915524,0.4613050075872534,0.7367384369446844,30.29576666666663,10,1,481,10.526133333333325,0.021883853083853065,0.4760914760914761,1.0789965973205837,16.63933333333332,9,3,1140,-16.525799999999975,-0.014496315789473663,0.9299768479285166,117,0.9257333333333922,0.5042735042735043,132,-5.869599999999976,0.45454545454545453,123,-7.205833333333357,0.44715447154471544,145,-2.511533333333335,0.503448275862069,142,-12.390700000000031,0.4014084507042254,134,1.4044666666667043,0.4925373134328358,139,-12.484533333333372,0.39568345323741005,130,10.619800000000044,0.5076923076923077,78,10.986399999999957,0.5384615384615384
asia_body_fade_840|all|TP20_SL15|H480,asia_body_fade_840,all,TP20_SL15,20.0,15.0,1.3333333333333333,480,-1.482245357922972,1291,-33.91660000000025,-0.026271572424477346,0.4701781564678544,0.900540357723068,34.56020000000014,8,0,938,-51.31120000000029,-0.05470277185501097,0.43603411513859275,0.8758904268630913,58.914799999999914,10,1,2229,-85.22780000000053,-0.03823589053387193,0.8870322047602421,258,-12.692666666666792,0.43410852713178294,258,-1.4216666666666713,0.4689922480620155,259,-8.658733333333371,0.4594594594594595,258,-0.2995333333332222,0.4844961240310077,258,-10.84400000000019,0.5038759689922481,257,-12.848733333333502,0.4669260700389105,259,-24.13440000000002,0.42084942084942084,258,13.458599999999922,0.4728682170542636,164,-27.78666666666669,0.35365853658536583
asia_break_10_16|all|TP5_SL15|H1440,asia_break_10_16,all,TP5_SL15,5.0,15.0,0.3333333333333333,1440,-1.4873119646873962,1191,-30.16046666666669,-0.02532364959417858,0.6347607052896725,0.8885008001250033,44.73806666666661,8,1,801,5.800866666666638,0.007242030794839749,0.731585518102372,1.0307393764512909,9.213800000000008,6,3,1992,-24.359600000000043,-0.012228714859437773,0.9469533228031869,232,-0.5098000000000433,0.5517241379310345,239,-10.859200000000023,0.5732217573221757,231,-4.792466666666695,0.6883116883116883,241,-23.987666666666627,0.6224066390041494,248,9.988666666666717,0.7338709677419355,241,-2.7289333333333494,0.6846473029045643,240,6.446733333333317,0.75,206,0.08306666666666951,0.7475728155339806,114,1.999999999999997,0.7631578947368421
asia_body_fade_600|all|TP15_SL20|H480,asia_body_fade_600,all,TP15_SL20,15.0,20.0,0.75,480,-1.4915717208576798,1291,-35.67434999999998,-0.027633113865220747,0.4988381099922541,0.8633852880794359,36.758499999999934,8,1,938,-53.11564999999993,-0.05662649253731336,0.502132196162047,0.8328101402407203,61.49119999999991,8,1,2229,-88.78999999999994,-0.039834006280843395,0.8466037475400712,258,-7.185650000000009,0.4689922480620155,258,2.853500000000021,0.49612403100775193,259,-6.685100000000023,0.4942084942084942,258,-10.652349999999945,0.5426356589147286,258,-14.004750000000026,0.49224806201550386,257,3.8883999999999572,0.5291828793774319,259,-20.87539999999988,0.46332046332046334,258,-26.41215000000002,0.49612403100775193,164,-9.716499999999996,0.5304878048780488
impulse60_fade_840|s040|TP30_SL25|H480,impulse60_fade_840,s040,TP30_SL25,30.0,25.0,1.2,480,-1.4965288956886063,659,-27.23192000000003,-0.04132309559939307,0.456752655538695,0.7633064873613009,31.225680000000022,11,1,481,8.110800000000093,0.016862370062370256,0.4864864864864865,1.0553749504337258,18.978679999999965,6,3,1140,-19.12111999999994,-0.016772912280701702,0.9268852221817245,117,1.42016000000006,0.5299145299145299,132,-7.286280000000025,0.4318181818181818,123,-4.579439999999959,0.4959349593495935,145,-2.9040400000000766,0.45517241379310347,142,-13.882320000000028,0.3873239436619718,134,3.459440000000059,0.5298507462686567,139,-14.41595999999997,0.41007194244604317,130,8.754519999999955,0.5,78,10.31280000000004,0.5256410256410257
asia_body_fade_840|all|TP20_SL20|H720,asia_body_fade_840,all,TP20_SL20,20.0,20.0,1.0,720,-1.5040256791709188,1291,-34.52785000000014,-0.026745042602633728,0.4786986831913246,0.8742725753132498,34.527850000000136,12,0,938,-60.204700000000166,-0.06418411513859293,0.4701492537313433,0.8292904267618817,68.6974500000002,10,1,2229,-94.73255000000032,-0.04250002243158381,0.8489831545745644,258,-10.841350000000034,0.43410852713178294,258,-3.4935500000000737,0.4844961240310077,259,-7.902100000000051,0.46332046332046334,258,-1.7914999999999044,0.5193798449612403,258,-10.499350000000085,0.49224806201550386,257,-9.98224999999999,0.490272373540856,259,-26.959250000000146,0.4555984555984556,258,4.923299999999948,0.5038759689922481,164,-28.18649999999998,0.40853658536585363
asia_body_fade_600|all|TP20_SL15|H480,asia_body_fade_600,all,TP20_SL15,20.0,15.0,1.3333333333333333,480,-1.5079538631643654,1291,-36.131933333333315,-0.027987554867028128,0.4872192099147947,0.893233268147945,37.39960000000003,8,1,938,-58.10140000000016,-0.06194179104477629,0.44029850746268656,0.8577421190380037,75.3869333333332,8,1,2229,-94.23333333333349,-0.042276058023029826,0.8738243504631988,258,-8.766266666666706,0.4689922480620155,258,6.386333333333383,0.49612403100775193,259,-5.247933333333295,0.47876447876447875,258,-14.720266666666628,0.5155038759689923,258,-13.783800000000065,0.47674418604651164,257,10.668199999999947,0.5252918287937743,259,-26.421466666666632,0.42084942084942084,258,-28.082133333333495,0.4069767441860465,164,-14.265999999999995,0.3902439024390244
asia_body_cont_600|all|TP10_SL25|H1440,asia_body_cont_600,all,TP10_SL25,10.0,25.0,0.4,1440,-1.5091490369609315,1291,-31.599959999999946,-0.024477118512780748,0.5220759101471727,0.8702679348238419,40.24852000000043,8,0,938,6.680879999999984,0.007122473347547957,0.6471215351812367,1.03004053859368,16.42936,8,2,2229,-24.91907999999995,-0.011179488559892306,0.9465226094530742,258,-0.10027999999993942,0.4806201550387597,258,-13.389279999999951,0.4728682170542636,259,-7.509840000000012,0.5598455598455598,258,-5.039480000000013,0.5426356589147286,258,-5.561080000000027,0.5542635658914729,257,-10.555920000000043,0.5408560311284046,259,9.692519999999984,0.6332046332046332,258,7.7442800000000505,0.7248062015503876,164,-0.20000000000000284,0.7134146341463414
asia_liquidity_sweep|all|TP30_SL25|H1440,asia_liquidity_sweep,all,TP30_SL25,30.0,25.0,1.2,1440,-1.5174607219460485,1166,-35.066599999999845,-0.03007427101200673,0.4699828473413379,0.8580562794429217,36.14223999999987,11,1,801,-101.64132000000006,-0.12689303370786525,0.4332084893882647,0.6839865333499319,102.98443999999984,9,0,1967,-136.70791999999992,-0.06950072191154037,0.759605617088107,234,-3.9495599999999924,0.49145299145299143,227,4.145880000000014,0.4669603524229075,227,-25.56351999999999,0.41409691629955947,237,-0.13267999999987334,0.5274261603375527,241,-9.566720000000014,0.44813278008298757,241,-9.30856,0.4854771784232365,234,-24.80116000000001,0.46153846153846156,208,-22.31040000000006,0.4230769230769231,118,-45.22119999999998,0.288135593220339
asia_body_cont_840|all|TP15_SL15|H480,asia_body_cont_840,all,TP15_SL15,15.0,15.0,1.0,480,-1.519079972801995,1291,-32.72940000000014,-0.025351975213013276,0.4817970565453137,0.9035543984184945,44.59213333333345,10,1,938,-15.666733333333472,-0.016702274342572997,0.4914712153518124,0.9581829929354468,41.3381333333334,10,3,2229,-48.3961333333336,-0.02171203828323625,0.9322188575854836,258,4.821466666666675,0.5310077519379846,258,-8.468533333333486,0.49224806201550386,259,-9.368199999999966,0.4864864864864865,258,-14.096066666666772,0.4573643410852713,258,-5.618066666666589,0.4418604651162791,257,1.7336666666665979,0.4980544747081712,259,5.303933333333333,0.5212355212355212,258,-28.704333333333402,0.437984496124031,164,6.0,0.5182926829268293
asia_liquidity_sweep|all|TP15_SL20|H720,asia_liquidity_sweep,all,TP15_SL20,15.0,20.0,0.75,720,-1.5223200383141804,1166,-36.2824999999999,-0.031117066895368695,0.5,0.8638046083648167,39.50229999999998,10,2,801,-51.86730000000012,-0.0647531835205994,0.5118601747815231,0.8195044518114958,61.30215000000021,8,1,1967,-88.14980000000003,-0.0448143365531266,0.8408161356282107,234,-5.030749999999966,0.5213675213675214,227,0.8206499999999783,0.5110132158590308,227,-27.173000000000016,0.4185022026431718,237,4.497300000000075,0.5738396624472574,241,-9.396699999999976,0.4730290456431535,241,0.15795000000009907,0.5435684647302904,234,-21.88995000000015,0.4829059829059829,208,-22.385300000000072,0.4951923076923077,118,-7.75,0.5338983050847458
impulse60_cont_600|s040|TP15_SL15|H480,impulse60_cont_600,s040,TP15_SL15,15.0,15.0,1.0,480,-1.5301239495196548,728,-30.07513333333318,-0.04131199633699613,0.46153846153846156,0.842928260357898,30.93673333333322,9,1,517,-31.238200000000056,-0.060422050290135504,0.46034816247582205,0.8523252548765252,36.08173333333339,8,1,1245,-61.31333333333323,-0.049247657295849984,0.8478606279615858,150,-11.590400000000017,0.4,145,-12.572933333333337,0.4206896551724138,148,6.753200000000076,0.5135135135135135,132,-8.110066666666642,0.4696969696969697,153,-4.554933333333261,0.5032679738562091,140,-11.186200000000053,0.42857142857142855,144,-11.792533333333346,0.4652777777777778,136,0.9478666666666555,0.49264705882352944,97,-9.207333333333311,0.4536082474226804
asia_break_09_14|all|TP5_SL15|H720,asia_break_09_14,all,TP5_SL15,5.0,15.0,0.3333333333333333,720,-1.5468648424490765,1099,-31.61166666666645,-0.028764027904155096,0.6069153776160146,0.8688165254520988,37.804466666666585,6,0,722,-6.671333333333331,-0.009240073868882731,0.7022160664819944,0.9616728808917844,15.159799999999994,5,1,1821,-38.28299999999978,-0.02102306425041174,0.9077597939712535,224,-1.6083333333332752,0.5044642857142857,215,-6.548066666666608,0.5488372093023256,209,-0.16906666666661518,0.6985645933014354,223,-23.00206666666665,0.5919282511210763,228,-0.2841333333333038,0.6929824561403509,219,-4.16120000000001,0.6484018264840182,221,5.800133333333359,0.7285067873303167,189,-4.643600000000004,0.7248677248677249,93,-3.66666666666667,0.7204301075268817
asia_body_cont_600|all|TP20_SL20|H1440,asia_body_cont_600,all,TP20_SL20,20.0,20.0,1.0,1440,-1.5505051314779712,1291,-34.10809999999979,-0.026419907048799214,0.4616576297443842,0.8979026674750703,44.053699999999836,11,1,938,16.976449999999794,0.018098560767590397,0.5063965884861408,1.0482960970698503,22.813249999999996,11,2,2229,-17.131649999999993,-0.007685800807537009,0.9750115248787508,258,1.3002500000000747,0.4689922480620155,258,-14.226349999999888,0.46124031007751937,259,-5.636899999999944,0.444015444015444,258,-8.830549999999974,0.4689922480620155,258,-6.714550000000055,0.46511627906976744,257,-7.453800000000091,0.49416342412451364,259,18.488799999999834,0.5135135135135135,258,14.791450000000056,0.5310077519379846,164,-8.85,0.47560975609756095
asia_mid_cont_600|all|TP5_SL15|H1440,asia_mid_cont_600,all,TP5_SL15,5.0,15.0,0.3333333333333333,1440,-1.5567111906066873,1305,-34.20073333333329,-0.0262074584929757,0.6314176245210728,0.8837878986606901,39.11533333333363,6,0,949,7.716066666666652,0.008130734106076556,0.7281348788198103,1.0349390232674256,17.195866666666618,7,2,2254,-26.484666666666648,-0.011750073942620518,0.9485873990920781,261,-6.150533333333293,0.5287356321839081,261,-10.794466666666697,0.5938697318007663,262,-7.461533333333294,0.6793893129770993,261,-4.0242000000000075,0.6743295019157088,260,-5.770000000000003,0.6807692307692308,260,-4.119333333333348,0.676923076923077,262,13.038999999999984,0.7557251908396947,261,-1.470266666666646,0.7394636015325671,166,0.26666666666666283,0.7469879518072289
trend_pullback_600|f025|TP10_SL20|H720,trend_pullback_600,f025,TP10_SL20,10.0,20.0,0.5,720,-1.5742792979338418,813,-31.53400000000011,-0.03878720787207886,0.48462484624846247,0.8226755833095509,34.19125000000004,8,1,590,-6.138249999999994,-0.010403813559322024,0.5915254237288136,0.9634401762280888,20.24560000000005,7,2,1403,-37.672250000000105,-0.026851211689237424,0.8910350989490878,152,-7.783050000000048,0.40789473684210525,152,-11.293499999999995,0.4407894736842105,168,2.482450000000005,0.5714285714285714,184,-12.003249999999994,0.45652173913043476,157,-2.9366500000000775,0.5414012738853503,166,-17.613200000000052,0.4397590361445783,169,7.897500000000012,0.6331360946745562,154,9.282450000000063,0.6883116883116883,101,-5.705000000000018,0.6237623762376238
asia_break_10_16|all|TP5_SL15|H480,asia_break_10_16,all,TP5_SL15,5.0,15.0,0.3333333333333333,480,-1.5781860724520476,1191,-33.33346666666648,-0.027987797369157415,0.5835432409739715,0.8639055203238609,44.338933333333244,7,1,801,0.4091999999999989,0.0005108614232209724,0.700374531835206,1.002225027975975,10.810999999999986,5,2,1992,-32.92426666666649,-0.016528246318607675,0.9232242267840907,232,-1.2588666666667323,0.5,239,-13.247533333333255,0.4895397489539749,231,-5.087266666666578,0.6536796536796536,241,-20.76533333333326,0.5726141078838174,248,7.025533333333347,0.6975806451612904,241,-7.965333333333291,0.6058091286307054,240,7.316799999999964,0.7333333333333333,206,-0.9422666666666712,0.7378640776699029,114,1.999999999999997,0.7631578947368421
trend_pullback_600|f025|TP10_SL20|H1440,trend_pullback_600,f025,TP10_SL20,10.0,20.0,0.5,1440,-1.59833510431088,813,-31.8810999999999,-0.039214145141451294,0.4956949569495695,0.8339619438073279,35.13389999999991,8,1,590,-1.1331500000000574,-0.0019205932203390803,0.6135593220338983,0.9934493657622915,21.742300000000018,7,2,1403,-33.014249999999954,-0.02353118317890232,0.90954852551706,152,-8.024700000000006,0.40789473684210525,152,-13.03594999999997,0.4407894736842105,168,4.143450000000054,0.5833333333333334,184,-11.788199999999948,0.4945652173913043,157,-3.1757000000000284,0.5414012738853503,166,-19.24205000000005,0.46987951807228917,169,13.136749999999981,0.6568047337278107,154,11.47215000000001,0.7142857142857143,101,-6.5,0.6237623762376238
inside_prevday_asia_break|all|TP5_SL15|H1440,inside_prevday_asia_break,all,TP5_SL15,5.0,15.0,0.3333333333333333,1440,-1.600310941050794,697,-29.239533333333288,-0.04195054997608793,0.6197991391678622,0.8242767929081376,35.84266666666661,6,1,434,4.5446666666666165,0.010471582181259485,0.7373271889400922,1.044982685262413,10.137666666666684,6,3,1131,-24.69486666666667,-0.021834541703507224,0.9076574953950026,139,-2.8225333333333773,0.5179856115107914,149,-6.700599999999957,0.5637583892617449,125,-1.7333999999999996,0.704,138,-18.186533333333315,0.6159420289855072,146,0.20353333333336776,0.7054794520547946,149,1.7422666666666506,0.7181208053691275,142,3.9621999999999655,0.7535211267605634,92,-2.159799999999998,0.7282608695652174,51,0.9999999999999987,0.7647058823529411
asia_body_cont_840|all|TP25_SL20|H1440,asia_body_cont_840,all,TP25_SL20,25.0,20.0,1.25,1440,-1.6008581879192252,1291,-35.91540000000004,-0.027819829589465564,0.47095274980635166,0.8897043886354559,38.61460000000006,12,0,938,45.25925000000009,0.04825079957356086,0.5042643923240938,1.1276642346781696,35.54799999999997,11,2,2229,9.343850000000039,0.004191947061462557,1.0137379981721584,258,-1.070500000000005,0.47674418604651164,258,-11.973600000000046,0.46511627906976744,259,-2.95509999999996,0.4980694980694981,258,-10.201400000000092,0.46124031007751937,258,-9.714799999999945,0.45348837209302323,257,-4.189700000000039,0.5019455252918288,259,24.97025000000017,0.5328185328185329,258,-5.021300000000039,0.46511627906976744,164,29.5,0.524390243902439
prevclose_cont_600|all|TP10_SL20|H720,prevclose_cont_600,all,TP10_SL20,10.0,20.0,0.5,720,-1.6011158898778906,1304,-33.43794999999995,-0.025642599693251496,0.495398773006135,0.8768937173105447,43.367750000000065,10,0,949,18.328349999999915,0.019313329820863978,0.6101159114857745,1.0729380172006746,21.260350000000102,9,2,2253,-15.109600000000043,-0.006706435863293406,0.971104513781848,260,-9.096149999999978,0.4269230769230769,261,-17.493149999999993,0.44061302681992337,262,-0.7256499999999848,0.5610687022900763,261,-5.828949999999953,0.48659003831417624,260,-0.2940500000000492,0.5615384615384615,260,-16.066700000000118,0.4807692307692308,262,22.70459999999997,0.6412213740458015,261,13.791600000000065,0.6819923371647509,166,-2.1011500000000067,0.6506024096385542
asia_body_fade_840|all|TP25_SL20|H720,asia_body_fade_840,all,TP25_SL20,25.0,20.0,1.25,720,-1.604429277926989,1291,-36.83360000000016,-0.028531061192873866,0.47792408985282725,0.8660484331416805,36.83360000000016,12,0,938,-60.84540000000012,-0.06486716417910461,0.44776119402985076,0.8350708002286681,67.9194500000002,13,1,2229,-97.67900000000029,-0.04382189322566186,0.8482998711125858,258,-10.954300000000035,0.43410852713178294,258,-3.47880000000007,0.4844961240310077,259,-9.07280000000005,0.4594594594594595,258,-3.384149999999908,0.5193798449612403,258,-9.943550000000096,0.49224806201550386,257,-6.879049999999961,0.48638132295719844,259,-27.73170000000015,0.44787644787644787,258,2.3483499999999395,0.46511627906976744,164,-28.58299999999995,0.3597560975609756
asia_body_cont_600|all|TP15_SL25|H1440,asia_body_cont_600,all,TP15_SL25,15.0,25.0,0.6,1440,-1.6068477438751856,1291,-34.02443999999987,-0.026355104570100596,0.4786986831913246,0.8714511819280777,42.27907999999967,11,0,938,5.536519999999946,0.005902473347547917,0.570362473347548,1.0204650239901776,19.475360000000098,9,2,2229,-28.487919999999924,-0.012780583221175382,0.9467731207241625,258,-0.02267999999995496,0.4689922480620155,258,-13.048799999999938,0.46511627906976744,259,-10.365599999999969,0.4826254826254826,258,-6.063479999999989,0.4883720930232558,258,-4.5238800000000206,0.4883720930232558,257,-13.080040000000054,0.49416342412451364,259,7.991679999999906,0.5444015444015444,258,11.904880000000086,0.6395348837209303,164,-1.2800000000000002,0.6219512195121951
asia_liquidity_sweep|all|TP30_SL25|H480,asia_liquidity_sweep,all,TP30_SL25,30.0,25.0,1.2,480,-1.6157673004854591,1166,-37.12935999999981,-0.0318433619210976,0.48713550600343053,0.8118918423791639,38.053239999999825,9,1,801,-75.30528000000034,-0.09401408239700416,0.4431960049937578,0.7115544340972215,77.58220000000014,11,0,1967,-112.43464000000016,-0.05716046771733613,0.7547535880230983,234,-5.544200000000037,0.4658119658119658,227,0.18132000000008763,0.5286343612334802,227,-20.476719999999986,0.42731277533039647,237,-5.439319999999953,0.540084388185654,241,-5.8504399999999155,0.4730290456431535,241,-2.9225200000000227,0.5145228215767634,234,-19.9747600000002,0.4358974358974359,208,-15.897840000000123,0.4423076923076923,118,-36.510159999999985,0.3135593220338983
impulse60_fade_840|s040|TP10_SL20|H720,impulse60_fade_840,s040,TP10_SL20,10.0,20.0,0.5,720,-1.629082230757552,659,-29.989199999999812,-0.04550713201820912,0.511380880121396,0.7865144583540828,33.211449999999836,10,1,481,-15.567549999999923,-0.032364968814968656,0.5654885654885655,0.8889529295325058,27.925599999999907,7,1,1140,-45.55674999999974,-0.03996206140350854,0.8376816102163851,117,0.9452500000000894,0.5042735042735043,132,-10.862599999999953,0.4772727272727273,123,-7.600999999999988,0.5121951219512195,145,-0.7126499999999623,0.5655172413793104,142,-11.758199999999999,0.49295774647887325,134,-4.042749999999968,0.5149253731343284,139,-14.88439999999996,0.4892086330935252,130,-2.640399999999999,0.6076923076923076,78,6.0,0.717948717948718
asia_body_fade_600|all|TP20_SL15|H720,asia_body_fade_600,all,TP20_SL15,20.0,15.0,1.3333333333333333,720,-1.6304851809121788,1291,-38.792866666666825,-0.030048696101213652,0.487993803253292,0.8991357359158405,40.7098666666668,8,1,938,-66.6809333333336,-0.07108841506751983,0.43070362473347545,0.8483840132714424,82.53853333333332,8,1,2229,-105.47380000000041,-0.04731888739345016,0.8720608742034263,258,-12.13186666666678,0.4883720930232558,258,4.417200000000029,0.49224806201550386,259,-9.87186666666667,0.47876447876447875,258,-5.438466666666637,0.5271317829457365,258,-15.767866666666762,0.45348837209302323,257,6.2706666666665525,0.5058365758754864,259,-26.66893333333342,0.43243243243243246,258,-32.3426666666667,0.3798449612403101,164,-13.940000000000033,0.3902439024390244
asia_body_cont_840|all|TP15_SL15|H720,asia_body_cont_840,all,TP15_SL15,15.0,15.0,1.0,720,-1.63413284058977,1291,-35.33546666666666,-0.027370617092693,0.47947327652982186,0.8984740031563102,47.359200000000065,9,1,938,-16.870000000000115,-0.017985074626865796,0.4840085287846482,0.9555634070056511,38.3526000000001,11,2,2229,-52.20546666666678,-0.023421025871093216,0.9282582111468651,258,4.760133333333382,0.5155038759689923,258,-9.80773333333338,0.4689922480620155,259,-9.813066666666678,0.4980694980694981,258,-14.730400000000007,0.45348837209302323,258,-5.744399999999981,0.46124031007751937,257,-1.2546666666666906,0.48249027237354086,259,4.530266666666615,0.5057915057915058,258,-26.145600000000048,0.4418604651162791,164,6.0,0.5182926829268293
asia_body_fade_600|all|TP5_SL15|H1440,asia_body_fade_600,all,TP5_SL15,5.0,15.0,0.3333333333333333,1440,-1.6343942617400975,1291,-37.318866666666715,-0.028906945520268564,0.6436870642912471,0.8753420514894382,38.05480000000053,6,0,938,-27.199866666666686,-0.02899772565742717,0.7121535181236673,0.8905262626904967,46.06006666666677,6,2,2229,-64.51873333333342,-0.0289451473007328,0.8822286218786716,258,-8.810866666666701,0.5503875968992248,258,-3.0335999999999377,0.5891472868217055,259,-8.619600000000009,0.7027027027027027,258,-4.909133333333349,0.7054263565891473,258,-11.94566666666671,0.6705426356589147,257,8.58493333333332,0.7276264591439688,259,-9.489000000000004,0.7104247104247104,258,-28.96246666666666,0.6666666666666666,164,2.666666666666662,0.7621951219512195
trend_pullback_600|f025|TP10_SL20|H480,trend_pullback_600,f025,TP10_SL20,10.0,20.0,0.5,480,-1.6353267092709953,813,-31.263350000000013,-0.038454305043050446,0.4784747847478475,0.8075479770387355,33.35884999999996,8,0,590,-6.486600000000109,-0.010994237288135778,0.5830508474576271,0.9591457682842143,16.18184999999998,7,2,1403,-37.74995000000013,-0.02690659301496802,0.8824800935802131,152,-7.092000000000007,0.42105263157894735,152,-8.815600000000007,0.4407894736842105,168,-2.555299999999919,0.5357142857142857,184,-6.774199999999996,0.4782608695652174,157,-6.026250000000082,0.5095541401273885,166,-13.094600000000037,0.4578313253012048,169,7.470749999999883,0.621301775147929,154,5.08675000000003,0.6493506493506493,101,-5.949499999999989,0.6237623762376238
asia_body_fade_600|all|TP15_SL15|H720,asia_body_fade_600,all,TP15_SL15,15.0,15.0,1.0,720,-1.6395695808726816,1291,-38.818400000000096,-0.030068474051123235,0.49806351665375675,0.897101893116923,41.24100000000006,8,1,938,-68.85726666666692,-0.07340859985785386,0.4690831556503198,0.834487193601263,81.49473333333353,7,1,2229,-107.67566666666701,-0.04830671452071198,0.8642643321522931,258,-11.682000000000063,0.4883720930232558,258,2.6252666666667213,0.49224806201550386,259,-9.157066666666697,0.4980694980694981,258,-2.772999999999958,0.5387596899224806,258,-17.8316000000001,0.4728682170542636,257,4.170066666666524,0.5136186770428015,259,-20.977733333333376,0.4749034749034749,258,-34.776266666666714,0.43410852713178294,164,-17.27333333333336,0.4451219512195122
asia_body_cont_840|all|TP20_SL20|H1440,asia_body_cont_840,all,TP20_SL20,20.0,20.0,1.0,1440,-1.6467443476438253,1291,-36.677099999999996,-0.028409837335398914,0.47792408985282725,0.8864949225053059,40.217600000000026,12,0,938,36.34430000000013,0.03874658848614086,0.5245202558635395,1.10736622721341,33.61234999999999,11,2,2229,-0.3327999999998674,-0.0001493046209061765,0.9994970070939686,258,-0.2172999999999905,0.47674418604651164,258,-11.072000000000038,0.4689922480620155,259,-5.630799999999954,0.5057915057915058,258,-8.767200000000072,0.4728682170542636,258,-10.989799999999946,0.46511627906976744,257,-2.7045000000000288,0.5019455252918288,259,20.737900000000153,0.5444015444015444,258,-3.6890999999999856,0.5,164,22.0,0.5670731707317073
asia_body_fade_600|all|TP15_SL15|H480,asia_body_fade_600,all,TP15_SL15,15.0,15.0,1.0,480,-1.6529684702547933,1291,-39.27546666666666,-0.030422514846372317,0.49109217660728116,0.8827417397226959,41.094733333333366,8,1,938,-62.24020000000006,-0.06635415778251605,0.47121535181236673,0.8400283273692556,75.43773333333334,8,1,2229,-101.5156666666667,-0.045543143412591615,0.8597885799976758,258,-8.1928666666667,0.4689922480620155,258,5.128266666666697,0.49612403100775193,259,-5.772066666666659,0.4864864864864865,258,-12.583799999999957,0.5232558139534884,258,-17.855000000000032,0.4806201550387597,257,8.846066666666609,0.5291828793774319,259,-23.639999999999905,0.44787644787644787,258,-29.846933333333435,0.45348837209302323,164,-17.59933333333332,0.4451219512195122
impulse60_fade_840|s040|TP15_SL20|H480,impulse60_fade_840,s040,TP15_SL20,15.0,20.0,0.75,480,-1.653828319847676,659,-30.45150000000001,-0.04620864946889228,0.47192716236722304,0.7860147688212527,33.65395000000002,8,1,481,-14.169100000000055,-0.029457588357588473,0.5135135135135135,0.9102218048781103,29.97380000000003,6,2,1140,-44.62060000000007,-0.039140877192982516,0.8513290659595949,117,1.5165000000000646,0.5299145299145299,132,-9.660300000000017,0.4393939393939394,123,-6.84749999999998,0.5040650406504065,145,-1.0529000000000548,0.47586206896551725,142,-14.407300000000022,0.4225352112676056,134,0.31754999999999445,0.5223880597014925,139,-20.495600000000014,0.4244604316546763,130,-1.7410500000000408,0.5307692307692308,78,7.75,0.6282051282051282
normal_range_mid_cont_14|r080_120|TP20_SL15|H1440,normal_range_mid_cont_14,r080_120,TP20_SL15,20.0,15.0,1.3333333333333333,1440,-1.6546590249686124,521,-27.044533333333444,-0.05190889315419087,0.43570057581573896,0.8400224625076055,34.52140000000014,8,1,330,-24.714866666666627,-0.07489353535353523,0.41515151515151516,0.8450773207185259,35.18726666666664,8,0,851,-51.75940000000007,-0.06082185663924802,0.8424766512144288,106,-7.203666666666746,0.39622641509433965,96,-10.096533333333383,0.4270833333333333,99,-6.6123333333332726,0.43434343434343436,121,-8.306933333333383,0.45454545454545453,99,5.174933333333348,0.46464646464646464,95,-9.594866666666725,0.42105263157894735,101,-2.803133333333248,0.4158415841584158,80,-4.983533333333318,0.4375,54,-7.333333333333333,0.37037037037037035
asia_body_fade_600|all|TP5_SL15|H480,asia_body_fade_600,all,TP5_SL15,5.0,15.0,0.3333333333333333,480,-1.670125717267525,1291,-39.21006666666668,-0.030371856442034606,0.6026336173508908,0.856394598600207,42.00860000000038,6,1,938,-28.984133333333435,-0.030899928926794707,0.6886993603411514,0.8791801540226406,43.84193333333352,6,2,2229,-68.19420000000012,-0.030594078061911226,0.8670511982201279,258,-8.757800000000016,0.49224806201550386,258,0.09046666666669245,0.5581395348837209,259,-11.377133333333362,0.6447876447876448,258,-5.518999999999964,0.6705426356589147,258,-13.646600000000024,0.6472868217054264,257,6.057066666666648,0.688715953307393,259,-9.647400000000065,0.667953667953668,258,-28.060466666666677,0.6627906976744186,164,2.666666666666662,0.7621951219512195
asia_body_cont_600|all|TP10_SL20|H1440,asia_body_cont_600,all,TP10_SL20,10.0,20.0,0.5,1440,-1.6771335352456442,1291,-34.73484999999986,-0.026905383423702446,0.5197521301316809,0.8837151650341194,45.81019999999991,8,0,938,12.76934999999996,0.013613379530916802,0.6257995735607675,1.048351570540467,17.57710000000006,8,2,2229,-21.9654999999999,-0.009854419021982906,0.9609709475164037,258,-0.3649999999999177,0.4806201550387597,258,-16.26194999999991,0.4728682170542636,259,-3.7071000000000036,0.555984555984556,258,-9.538650000000008,0.5348837209302325,258,-4.8621500000000175,0.5542635658914729,257,-10.947000000000074,0.5408560311284046,259,14.792249999999989,0.6254826254826255,258,9.424100000000044,0.686046511627907,164,-0.5,0.6646341463414634
asia_break_10_16|all|TP5_SL15|H720,asia_break_10_16,all,TP5_SL15,5.0,15.0,0.3333333333333333,720,-1.688731835693647,1191,-35.06639999999985,-0.02944282115869005,0.6045340050377834,0.86496237273698,48.375133333333245,6,1,801,2.9549999999999956,0.0036891385767790206,0.7103620474406991,1.0159627338139858,10.004666666666768,6,2,1992,-32.11139999999987,-0.0161201807228915,0.9278066823232334,232,-1.573600000000005,0.521551724137931,239,-13.87986666666663,0.5188284518828452,231,-4.584066666666652,0.6753246753246753,241,-24.64079999999996,0.5850622406639004,248,9.611933333333395,0.717741935483871,241,-6.275933333333404,0.6307053941908713,240,7.475866666666735,0.7375,206,-0.24493333333333522,0.7427184466019418,114,1.999999999999997,0.7631578947368421
prevday_liquidity_sweep|all|TP20_SL15|H1440,prevday_liquidity_sweep,all,TP20_SL15,20.0,15.0,1.3333333333333333,1440,-1.694827260405153,673,-30.476000000000024,-0.0452838038632987,0.4650817236255572,0.864181039656498,38.19333333333332,11,1,445,-51.628399999999985,-0.11601887640449435,0.4,0.7703228806665158,57.100799999999936,11,0,1118,-82.1044,-0.0734386404293381,0.8172101756602901,131,1.9896000000000185,0.5114503816793893,121,-5.572599999999997,0.4793388429752066,143,-11.191799999999986,0.44755244755244755,141,-9.519933333333379,0.45390070921985815,137,-6.181266666666685,0.43795620437956206,135,-6.342066666666581,0.4148148148148148,129,-13.867400000000044,0.43410852713178294,116,-15.418933333333348,0.3879310344827586,65,-16.0,0.3230769230769231
asia_liquidity_sweep|all|TP20_SL20|H720,asia_liquidity_sweep,all,TP20_SL20,20.0,20.0,1.0,720,-1.6979065696822024,1166,-38.47444999999984,-0.03299695540308734,0.4914236706689537,0.8575672923182976,41.51209999999985,10,1,801,-64.53765000000013,-0.0805713483146069,0.4731585518102372,0.7923340011236378,72.53700000000022,8,0,1967,-103.01209999999999,-0.052370157600406704,0.8226680706951405,234,-5.371749999999963,0.5213675213675214,227,2.130799999999987,0.5110132158590308,227,-27.444000000000006,0.4052863436123348,237,-0.9851499999999089,0.5569620253164557,241,-6.804349999999954,0.4605809128630705,241,-1.8101499999998838,0.5269709543568465,234,-26.31860000000016,0.4444444444444444,208,-22.408900000000088,0.46153846153846156,118,-14.0,0.4406779661016949
prevclose_cont_600|all|TP5_SL15|H480,prevclose_cont_600,all,TP5_SL15,5.0,15.0,0.3333333333333333,480,-1.6984450495206571,1304,-36.84739999999995,-0.028257208588957018,0.571319018404908,0.8597165961075749,43.33293333333342,13,0,949,3.637533333333377,0.003833017211099449,0.7007376185458377,1.0171240733470108,10.777466666666678,10,2,2253,-33.20986666666657,-0.014740287024707754,0.9300971767509422,260,-11.200399999999993,0.4653846153846154,261,-12.694333333333365,0.48659003831417624,262,-4.23993333333327,0.648854961832061,261,-3.5481999999999854,0.6091954022988506,260,-5.164533333333326,0.6461538461538462,260,-5.936466666666703,0.6307692307692307,262,6.076600000000062,0.7061068702290076,261,6.2989333333333555,0.7471264367816092,166,-2.801533333333345,0.7289156626506024
impulse60_fade_840|s040|TP30_SL25|H720,impulse60_fade_840,s040,TP30_SL25,30.0,25.0,1.2,720,-1.69944598990487,659,-30.85491999999995,-0.046820819423368666,0.4613050075872534,0.7434492286744272,35.07991999999996,10,1,481,8.513080000000112,0.017698711018711254,0.4677754677754678,1.056546198866457,16.32795999999998,9,3,1140,-22.341839999999838,-0.019598105263157754,0.917502735035439,117,1.1108800000000696,0.5042735042735043,132,-6.726919999999973,0.45454545454545453,123,-7.674760000000025,0.45528455284552843,145,-2.581800000000002,0.503448275862069,142,-14.98232000000002,0.39436619718309857,134,1.3742800000000512,0.4925373134328358,139,-12.778720000000039,0.4028776978417266,130,9.78912000000004,0.4846153846153846,78,10.128400000000052,0.5128205128205128
trend_pullback_600|f025|TP15_SL15|H480,trend_pullback_600,f025,TP15_SL15,15.0,15.0,1.0,480,-1.7093338890478766,813,-34.054599999999894,-0.04188757687576863,0.45633456334563344,0.8468353853469979,37.623599999999904,8,1,590,-19.83740000000013,-0.033622711864407004,0.4830508474576271,0.9144788764454413,26.09600000000013,7,1,1403,-53.892000000000024,-0.03841197434069852,0.8813732631847105,152,-10.416000000000048,0.4144736842105263,152,-10.790266666666668,0.4342105263157895,168,2.6614000000001536,0.5119047619047619,184,-8.160266666666693,0.44565217391304346,157,-7.349466666666633,0.4713375796178344,166,-14.637200000000103,0.4397590361445783,169,-6.52720000000004,0.4970414201183432,154,11.926333333333332,0.538961038961039,101,-10.59933333333332,0.44554455445544555
asia_body_fade_600|all|TP5_SL15|H720,asia_body_fade_600,all,TP5_SL15,5.0,15.0,0.3333333333333333,720,-1.7208097331032401,1291,-38.66506666666671,-0.02994970307255361,0.627420604182804,0.8663086355978131,41.19760000000041,6,0,938,-26.544000000000114,-0.028298507462686688,0.7057569296375267,0.8913125073873697,45.16746666666681,6,2,2229,-65.20906666666684,-0.029254852699267316,0.8777561957618542,258,-9.21080000000008,0.5426356589147286,258,-2.8930666666665603,0.5736434108527132,259,-8.812466666666678,0.6795366795366795,258,-4.702866666666649,0.689922480620155,258,-13.04586666666674,0.6511627906976745,257,8.497666666666564,0.7237354085603113,259,-9.385866666666672,0.694980694980695,258,-28.322466666666667,0.6627906976744186,164,2.666666666666662,0.7621951219512195
asia_body_cont_840|all|TP10_SL20|H1440,asia_body_cont_840,all,TP10_SL20,10.0,20.0,0.5,1440,-1.7223923363271636,1291,-39.57215000000009,-0.030652323780015565,0.5267234701781565,0.8665818955366362,44.95705000000002,9,1,938,7.1907999999999435,0.007666098081023394,0.6300639658848614,1.0269301003830464,26.577999999999996,8,2,2229,-32.38135000000014,-0.014527299237326218,0.9425475242838809,258,1.4249499999999786,0.4806201550387597,258,-16.303550000000065,0.47674418604651164,259,-6.714649999999971,0.5907335907335908,258,-16.21565000000005,0.5155038759689923,258,-1.7632499999999816,0.5697674418604651,257,-3.861350000000038,0.5680933852140078,259,8.368999999999982,0.640926640926641,258,-5.816849999999999,0.6356589147286822,164,8.5,0.7012195121951219
trend_pullback_600|f025|TP5_SL15|H480,trend_pullback_600,f025,TP5_SL15,5.0,15.0,0.3333333333333333,480,-1.7271990268364747,813,-32.36099999999996,-0.039804428044280395,0.5744157441574416,0.8160939702736117,37.031200000000126,8,0,590,9.668333333333342,0.01638700564971753,0.7288135593220338,1.0748518060691774,9.431999999999938,5,3,1403,-22.692666666666618,-0.016174388215728166,0.9256298055830847,152,-10.360400000000029,0.4407894736842105,152,-8.404733333333374,0.4934210526315789,168,-3.7667999999999253,0.6488095238095238,184,-6.399133333333296,0.6141304347826086,157,-3.4299333333333406,0.6560509554140127,166,-1.4101333333333383,0.6686746987951807,169,3.2060666666666706,0.727810650887574,154,7.539066666666681,0.7792207792207793,101,0.33333333333333165,0.7524752475247525
asia_body_cont_600|all|TP25_SL20|H1440,asia_body_cont_600,all,TP25_SL20,25.0,20.0,1.25,1440,-1.730065979220147,1291,-38.427549999999805,-0.029765724244771342,0.45778466305189774,0.8860551592831313,47.851999999999826,11,1,938,18.399199999999766,0.01961535181236649,0.48294243070362475,1.0498460867427344,32.25,11,2,2229,-20.02835000000004,-0.008985352175863633,0.9716459795981466,258,0.10905000000007004,0.4689922480620155,258,-13.24319999999989,0.46124031007751937,259,-5.861499999999932,0.44015444015444016,258,-11.980099999999995,0.46124031007751937,258,-7.451800000000063,0.4573643410852713,257,-9.555750000000103,0.490272373540856,259,21.172749999999837,0.5096525096525096,258,14.382200000000035,0.4844961240310077,164,-7.6,0.4268292682926829
impulse60_fade_840|s040|TP15_SL25|H1440,impulse60_fade_840,s040,TP15_SL25,15.0,25.0,0.6,1440,-1.7328782704692842,659,-30.559359999999852,-0.04637232169954454,0.4931714719271624,0.7771659110371695,33.192519999999796,7,0,481,-7.539879999999894,-0.015675426195425973,0.5592515592515592,0.9467802979503743,22.63219999999985,9,2,1140,-38.099239999999746,-0.03342038596491206,0.8633525446989564,117,-1.5762399999999346,0.5042735042735043,132,-7.316679999999932,0.4621212121212121,123,-11.469079999999977,0.5040650406504065,145,-1.0723200000000381,0.5310344827586206,142,-9.125039999999974,0.4647887323943662,134,1.2231999999999879,0.5373134328358209,139,-14.199439999999887,0.4748201438848921,130,-4.563639999999996,0.5846153846153846,78,10.0,0.7051282051282052
impulse60_cont_600|s040|TP10_SL20|H480,impulse60_cont_600,s040,TP10_SL20,10.0,20.0,0.5,480,-1.7345582685114445,728,-32.338549999999984,-0.044421085164835145,0.47802197802197804,0.7770044297704849,32.76084999999997,8,0,517,-13.084299999999914,-0.02530812379110235,0.5725338491295938,0.9110547795233551,15.802899999999996,8,2,1245,-45.422849999999904,-0.036484216867469804,0.8445082986177617,150,-7.8560999999999925,0.4066666666666667,145,-9.992950000000008,0.42758620689655175,148,-0.9417999999999673,0.5405405405405406,132,-5.8440499999999815,0.49242424242424243,153,-7.703650000000037,0.5228758169934641,140,-11.573249999999994,0.44285714285714284,144,0.8607500000000199,0.6041666666666666,136,2.577700000000049,0.6323529411764706,97,-4.949499999999989,0.6288659793814433
asia_body_fade_840|all|TP20_SL15|H720,asia_body_fade_840,all,TP20_SL15,20.0,15.0,1.3333333333333333,720,-1.7454154213713742,1291,-40.219733333333544,-0.031153937516137525,0.4701781564678544,0.8862838530671326,40.21973333333352,12,0,938,-54.9575333333335,-0.05859012082444936,0.4466950959488273,0.8694119997129593,65.17146666666649,10,1,2229,-95.17726666666704,-0.04269953641393766,0.8771164284052448,258,-14.096400000000056,0.43410852713178294,258,-1.2406000000000716,0.4844961240310077,259,-10.794466666666773,0.444015444015444,258,-0.9828666666665278,0.5038759689922481,258,-13.105400000000115,0.4844961240310077,257,-10.44219999999996,0.490272373540856,259,-25.907133333333483,0.44787644787644787,258,9.566466666666617,0.46124031007751937,164,-28.174666666666667,0.35365853658536583
prevclose_cont_600|all|TP20_SL20|H1440,prevclose_cont_600,all,TP20_SL20,20.0,20.0,1.0,1440,-1.7548873533154046,1304,-37.197299999999885,-0.02852553680981586,0.44631901840490795,0.889489248781323,46.846749999999886,10,0,949,41.21589999999987,0.04343087460484707,0.5142255005268704,1.1205244240489733,23.250049999999987,12,2,2253,4.018599999999992,0.0017836662228140222,1.0059221969278582,260,-6.822699999999942,0.41923076923076924,261,-20.9860499999999,0.42528735632183906,262,-4.471449999999935,0.44656488549618323,261,-2.0577499999999893,0.4521072796934866,260,-2.8593500000001177,0.48846153846153845,260,-12.236100000000043,0.4653846153846154,262,30.061899999999888,0.5419847328244275,261,27.290100000000027,0.5517241379310345,166,-3.9000000000000004,0.4879518072289157
asia_liquidity_sweep|all|TP25_SL20|H720,asia_liquidity_sweep,all,TP25_SL20,25.0,20.0,1.25,720,-1.763350389278989,1166,-40.020249999999784,-0.03432268439108043,0.48713550600343053,0.8530998239558121,42.79749999999978,10,1,801,-81.79155000000016,-0.10211179775280918,0.44569288389513106,0.7504314122754352,88.23740000000024,8,0,1967,-121.81179999999992,-0.06192770716827652,0.7970355903938487,234,-5.371749999999963,0.5213675213675214,227,3.122699999999997,0.5110132158590308,227,-28.198100000000004,0.3920704845814978,237,-1.9820999999999014,0.5527426160337553,241,-7.59099999999992,0.45643153526970953,241,-1.5855999999998955,0.5269709543568465,234,-27.53555000000017,0.4358974358974359,208,-29.046050000000083,0.4182692307692308,118,-23.624350000000003,0.3474576271186441
trend_pullback_600|f025|TP5_SL15|H720,trend_pullback_600,f025,TP5_SL15,5.0,15.0,0.3333333333333333,720,-1.7660066856717327,813,-32.51720000000003,-0.03999655596555969,0.5977859778597786,0.8259165419579757,39.38413333333353,6,0,590,12.715466666666666,0.021551638418079094,0.7338983050847457,1.0975624228250604,9.53979999999996,5,4,1403,-19.801733333333356,-0.014113851271085784,0.9375580874433999,152,-9.535600000000024,0.4605263157894737,152,-9.419133333333352,0.506578947368421,168,-0.4399333333333326,0.6964285714285714,184,-11.657666666666657,0.625,157,-1.464866666666666,0.6815286624203821,166,0.32186666666663166,0.6746987951807228,169,3.369400000000024,0.7337278106508875,154,8.690866666666683,0.7857142857142857,101,0.33333333333333165,0.7524752475247525
asia_body_cont_600|all|TP20_SL15|H1440,asia_body_cont_600,all,TP20_SL15,20.0,15.0,1.3333333333333333,1440,-1.7676437220839474,1291,-37.903466666666354,-0.029359772785953798,0.4500387296669249,0.9118212739598158,51.67313333333301,11,1,938,17.549799999999728,0.018709808102345127,0.4584221748400853,1.0406064395991412,22.741133333333398,11,2,2229,-20.353666666666626,-0.00913129953641392,0.9763889734212869,258,0.9657333333334148,0.4689922480620155,258,-13.633799999999852,0.46124031007751937,259,-10.277399999999947,0.42084942084942084,258,-10.306866666666599,0.45348837209302323,258,-4.651133333333371,0.44573643410852715,257,-8.44846666666675,0.4785992217898833,259,22.253066666666477,0.4749034749034749,258,13.745200000000013,0.4573643410852713,164,-10.000000000000007,0.4024390243902439
prevclose_cont_600|all|TP5_SL15|H720,prevclose_cont_600,all,TP5_SL15,5.0,15.0,0.3333333333333333,720,-1.7782390446103018,1304,-38.016533333333335,-0.029153783231083846,0.598159509202454,0.8651073869606585,46.5660000000001,8,0,949,8.026266666666517,0.008457604495960502,0.7112750263435195,1.0374171203666804,9.581133333333465,10,2,2253,-29.990266666666834,-0.013311259061991492,0.9395766846114995,260,-12.534266666666674,0.4807692307692308,261,-12.642533333333375,0.5134099616858238,262,-0.3985333333333261,0.6908396946564885,261,-7.279199999999996,0.6398467432950191,260,-5.16199999999996,0.6653846153846154,260,-4.16146666666681,0.6461538461538462,262,7.570333333333332,0.7213740458015268,261,7.418933333333336,0.7547892720306514,166,-2.801533333333345,0.7289156626506024
asia_body_cont_600|all|TP15_SL20|H1440,asia_body_cont_600,all,TP15_SL20,15.0,20.0,0.75,1440,-1.7804704036545547,1291,-37.17194999999978,-0.02879314484895413,0.4763749031758327,0.8852680233877992,48.198149999999856,11,0,938,13.273999999999832,0.014151385927505152,0.5479744136460555,1.0416812548965422,21.246550000000102,9,2,2229,-23.89794999999996,-0.010721377299237307,0.9628020809896182,258,-0.2679999999999376,0.4689922480620155,258,-15.586349999999891,0.46511627906976744,259,-6.676949999999952,0.47876447876447875,258,-11.518249999999991,0.4806201550387597,258,-3.122400000000015,0.4883720930232558,257,-13.714100000000087,0.49416342412451364,259,12.539399999999887,0.5366795366795367,258,14.548700000000032,0.5968992248062015,164,-0.09999999999999964,0.573170731707317
impulse60_fade_840|s040|TP40_SL30|H1440,impulse60_fade_840,s040,TP40_SL30,40.0,30.0,1.3333333333333333,1440,-1.7978712677507618,659,-31.653866666666634,-0.048033181588265,0.47192716236722304,0.7392115566660177,34.17693333333331,7,0,481,9.048366666666775,0.018811573111573335,0.49064449064449067,1.0592901113763213,21.188799999999947,11,3,1140,-22.60549999999985,-0.019829385964912148,0.9174949532700734,117,-1.1784666666666148,0.5042735042735043,132,-5.665433333333285,0.4621212121212121,123,-10.977133333333327,0.4796747967479675,145,-1.7149000000000432,0.496551724137931,142,-12.117933333333358,0.4225352112676056,134,4.352266666666666,0.5223880597014925,139,-14.571766666666608,0.4244604316546763,130,8.18376666666666,0.5230769230769231,78,11.084100000000065,0.5
impulse60_fade_840|s040|TP20_SL20|H480,impulse60_fade_840,s040,TP20_SL20,20.0,20.0,1.0,480,-1.8149852817887888,659,-33.29420000000002,-0.05052230652503796,0.4597875569044006,0.7704968093154546,36.80845000000003,11,1,481,-2.6362500000000395,-0.005480769230769313,0.49480249480249483,0.9839721569995998,27.11325000000007,7,3,1140,-35.930450000000064,-0.03151793859649128,0.8839268855143504,117,1.560550000000069,0.5299145299145299,132,-8.82470000000003,0.4393939393939394,123,-7.081149999999969,0.4959349593495935,145,-2.7674500000000637,0.45517241379310347,142,-16.181450000000034,0.39436619718309857,134,2.345550000000025,0.5223880597014925,139,-18.98650000000002,0.41007194244604317,130,4.61019999999994,0.5153846153846153,78,9.394500000000017,0.5641025641025641
prevclose_cont_600|all|TP15_SL25|H1440,prevclose_cont_600,all,TP15_SL25,15.0,25.0,0.6,1440,-1.8150590720965227,1304,-39.11523999999993,-0.02999634969325148,0.46319018404907975,0.8540255850547003,46.84451999999969,10,0,949,17.191919999999968,0.018115827186512085,0.5721812434141201,1.0649141673035272,20.16700000000003,8,2,2253,-21.92331999999997,-0.009730723479804691,0.9588526554298875,260,-5.9691199999999744,0.41923076923076924,261,-19.789239999999957,0.42528735632183906,262,-6.560799999999954,0.48854961832061067,261,-2.0085200000000016,0.4789272030651341,260,-4.78756000000005,0.5038461538461538,260,-15.405440000000045,0.4653846153846154,262,16.49831999999995,0.5687022900763359,261,21.619040000000055,0.6628352490421456,166,-5.520000000000002,0.6024096385542169
trend_pullback_600|f025|TP20_SL15|H720,trend_pullback_600,f025,TP20_SL15,20.0,15.0,1.3333333333333333,720,-1.818020893576622,813,-35.78979999999994,-0.04402189421894212,0.43296432964329645,0.8606909673215543,40.997066666666555,8,1,590,-11.05153333333339,-0.01873141242937863,0.4271186440677966,0.9581854261303941,22.787533333333368,7,2,1403,-46.84133333333334,-0.033386552625326686,0.9101292893943813,152,-10.244600000000052,0.39473684210526316,152,-11.711199999999979,0.42105263157894735,168,4.8862000000000325,0.5059523809523809,184,-17.74393333333328,0.391304347826087,157,-0.9762666666666673,0.45222929936305734,166,-14.765866666666716,0.39759036144578314,169,0.0955333333333579,0.4437869822485207,154,17.558799999999994,0.4805194805194805,101,-13.940000000000028,0.36633663366336633
trend_pullback_600|f025|TP20_SL15|H1440,trend_pullback_600,f025,TP20_SL15,20.0,15.0,1.3333333333333333,1440,-1.8181448811605807,813,-35.55466666666642,-0.04373267732677297,0.42927429274292744,0.8734485992308021,41.72519999999978,10,1,590,-7.804933333333555,-0.013228700564972126,0.4406779661016949,0.9719457510180003,22.517800000000122,7,2,1403,-43.35959999999997,-0.030904918032786867,0.9224556879170327,152,-10.076866666666671,0.39473684210526316,152,-14.322533333333315,0.4144736842105263,168,6.003400000000142,0.47619047619047616,184,-15.710599999999875,0.41847826086956524,157,-1.4480666666667001,0.4394904458598726,166,-16.289200000000104,0.40963855421686746,169,5.640333333333192,0.47337278106508873,154,17.510600000000025,0.487012987012987,101,-14.666666666666671,0.36633663366336633
impulse60_fade_840|s040|TP15_SL20|H720,impulse60_fade_840,s040,TP15_SL20,15.0,20.0,0.75,720,-1.8220285303486574,659,-34.840849999999854,-0.05286927162367201,0.4779969650986343,0.7649327166678483,38.520549999999865,10,2,481,-15.5349499999999,-0.032297193347193144,0.498960498960499,0.9034621678918555,30.084149999999898,9,1,1140,-50.37579999999976,-0.04418929824561382,0.8370439547340373,117,1.116000000000088,0.5042735042735043,132,-10.183249999999964,0.4621212121212121,123,-10.867350000000012,0.4634146341463415,145,0.7036000000000393,0.5379310344827586,142,-15.609850000000005,0.4225352112676056,134,-1.357349999999951,0.4925373134328358,139,-18.64284999999999,0.41007194244604317,130,-3.2847499999999616,0.5230769230769231,78,7.75,0.6282051282051282
impulse60_fade_840|s040|TP10_SL20|H1440,impulse60_fade_840,s040,TP10_SL20,10.0,20.0,0.5,1440,-1.8298878546342907,659,-32.20354999999989,-0.04886729893778436,0.5189681335356601,0.796660485069138,35.64984999999992,7,0,481,-12.983749999999976,-0.026993243243243193,0.5987525987525988,0.912052357762237,23.273549999999968,7,1,1140,-45.187299999999865,-0.03963798245614023,0.8523308946377297,117,-1.3605999999999312,0.5042735042735043,132,-11.086149999999941,0.4696969696969697,123,-9.158800000000008,0.5447154471544715,145,-1.8686500000000135,0.5586206896551724,142,-8.729349999999998,0.5140845070422535,134,-2.265599999999995,0.5522388059701493,139,-11.832349999999963,0.5539568345323741,130,-4.8858000000000175,0.6230769230769231,78,6.0,0.717948717948718
trend_pullback_600|f025|TP5_SL15|H1440,trend_pullback_600,f025,TP5_SL15,5.0,15.0,0.3333333333333333,1440,-1.8361567774375995,813,-34.07566666666658,-0.04191348913489124,0.6174661746617466,0.8249301446839061,40.40379999999996,8,0,590,12.04459999999996,0.020414576271186372,0.7440677966101695,1.090135615763817,8.768666666666652,5,3,1403,-22.031066666666604,-0.0157028272748871,0.9328869364638929,152,-10.000400000000006,0.48026315789473684,152,-11.021600000000007,0.5657894736842105,168,-0.8185999999999585,0.7023809523809523,184,-10.693533333333278,0.6413043478260869,157,-1.5415333333333248,0.6815286624203821,166,-2.3566000000000455,0.6867469879518072,169,4.829000000000009,0.7514792899408284,154,9.23886666666667,0.7922077922077922,101,0.33333333333333165,0.7524752475247525
asia_liquidity_sweep|all|TP15_SL20|H480,asia_liquidity_sweep,all,TP15_SL20,15.0,20.0,0.75,480,-1.8417406323116912,1166,-40.734499999999876,-0.03493524871355049,0.49313893653516294,0.8301864886649607,40.990199999999845,9,0,801,-45.93810000000033,-0.05735093632958843,0.5031210986267166,0.8269945595560262,51.37500000000034,7,0,1967,-86.67260000000022,-0.044063345195729645,0.8285095209777689,234,-6.53340000000005,0.4658119658119658,227,-0.7448499999999059,0.5286343612334802,227,-21.669099999999993,0.44052863436123346,237,-2.407799999999975,0.5527426160337553,241,-9.379349999999956,0.47717842323651455,241,-1.7404000000000899,0.5269709543568465,234,-17.894000000000105,0.4658119658119658,208,-19.35570000000014,0.5,118,-6.948000000000002,0.5338983050847458
prevclose_cont_600|all|TP30_SL25|H1440,prevclose_cont_600,all,TP30_SL25,30.0,25.0,1.2,1440,-1.8581894474203342,1304,-40.59247999999998,-0.031129202453987714,0.4432515337423313,0.855326599760525,47.009999999999984,10,0,949,40.31423999999996,0.042480758693361396,0.49841938883034775,1.1276791269148427,32.802639999999755,9,2,2253,-0.27824000000002513,-0.00012349755881048608,0.9995334100787447,260,-6.0194399999999675,0.41923076923076924,261,-18.164999999999935,0.42528735632183906,262,-5.007119999999951,0.44274809160305345,261,-2.259880000000013,0.4521072796934866,260,-9.141040000000121,0.47692307692307695,260,-9.13840000000004,0.46153846153846156,262,34.66919999999993,0.549618320610687,261,19.454520000000066,0.5210727969348659,166,-4.6710800000000035,0.4397590361445783
prevclose_cont_600|all|TP10_SL25|H1440,prevclose_cont_600,all,TP10_SL25,10.0,25.0,0.4,1440,-1.863822317990697,1304,-40.410640000000015,-0.030989754601227007,0.5038343558282209,0.8367512815689985,47.473560000000575,10,0,949,20.40912,0.0215059220231823,0.6522655426765016,1.094949846082501,17.918359999999975,7,2,2253,-20.00152000000001,-0.008877727474478478,0.9567522209938861,260,-6.07627999999997,0.4307692307692308,261,-20.000319999999974,0.4367816091954023,262,-4.842760000000007,0.5687022900763359,261,-3.4006000000000203,0.5287356321839081,260,-6.090680000000045,0.5538461538461539,260,-13.549800000000031,0.5115384615384615,262,22.455559999999995,0.6717557251908397,261,15.543360000000042,0.7471264367816092,166,-4.040000000000003,0.6927710843373494
prevclose_cont_600|all|TP15_SL15|H720,prevclose_cont_600,all,TP15_SL15,15.0,15.0,1.0,720,-1.8666396539855485,1304,-40.119000000000035,-0.030766104294478555,0.4532208588957055,0.8945064873641284,54.30320000000011,10,1,949,13.381866666666484,0.014101018616086917,0.4910432033719705,1.0356314640696067,25.902200000000132,11,2,2253,-26.73713333333355,-0.011867347240716178,0.9646269395749941,260,-11.477266666666644,0.41923076923076924,261,-21.088066666666634,0.42911877394636017,262,-1.324533333333389,0.4847328244274809,261,-8.829333333333324,0.4329501915708812,260,2.6001999999999486,0.5,260,-17.84980000000014,0.4461538461538462,262,12.128466666666675,0.49236641221374045,261,30.03053333333328,0.5517241379310345,166,-10.927333333333323,0.463855421686747
asia_body_cont_840|all|TP15_SL20|H1440,asia_body_cont_840,all,TP15_SL20,15.0,20.0,0.75,1440,-1.8669189439324956,1291,-43.13249999999999,-0.03341014717273431,0.4895429899302866,0.8639823152570325,47.95149999999999,12,1,938,5.648650000000032,0.006022014925373169,0.5479744136460555,1.0176007744945266,30.913650000000008,11,2,2229,-37.48384999999997,-0.016816442350829953,0.9412516962065471,258,0.3959499999999814,0.4806201550387597,258,-13.708600000000025,0.4689922480620155,259,-9.281949999999949,0.525096525096525,258,-11.610350000000073,0.4844961240310077,258,-8.927549999999927,0.4883720930232558,257,-2.395200000000046,0.5175097276264592,259,9.269000000000108,0.5521235521235521,258,-12.225150000000033,0.5348837209302325,164,11.0,0.6097560975609756
asia_liquidity_sweep|all|TP15_SL20|H1440,asia_liquidity_sweep,all,TP15_SL20,15.0,20.0,0.75,1440,-1.9075876069271271,1166,-45.85169999999995,-0.03932392795883358,0.4794168096054888,0.8461383586004381,46.268749999999905,9,2,801,-56.83660000000009,-0.0709570536828965,0.5043695380774033,0.8156628491069294,63.48845000000012,9,0,1967,-102.68830000000003,-0.05220554143365533,0.8306411638504185,234,-5.631899999999996,0.49145299145299143,227,1.1006500000000305,0.4669603524229075,227,-29.16845000000005,0.43171806167400884,237,3.3604000000001184,0.540084388185654,241,-15.512400000000047,0.46473029045643155,241,-7.0114499999999556,0.5062240663900415,234,-20.611000000000047,0.49145299145299143,208,-21.464150000000085,0.5,118,-7.75,0.5338983050847458
impulse60_fade_840|s040|TP30_SL25|H1440,impulse60_fade_840,s040,TP30_SL25,30.0,25.0,1.2,1440,-1.9372477014583147,659,-34.04803999999996,-0.05166622154779963,0.47040971168437024,0.7602781468666379,37.53200000000002,7,0,481,8.256560000000066,0.017165405405405544,0.49064449064449067,1.049788149390981,18.294079999999973,9,3,1140,-25.791479999999893,-0.0226241052631578,0.9162247850748225,117,-1.4141599999999386,0.5042735042735043,132,-5.787399999999952,0.4621212121212121,123,-11.586679999999998,0.4796747967479675,145,-1.4065600000000544,0.496551724137931,142,-13.853240000000016,0.4154929577464789,134,4.813239999999997,0.5223880597014925,139,-13.257679999999972,0.4316546762589928,130,7.27659999999998,0.5153846153846153,78,9.424400000000057,0.5
normal_range_mid_cont_14|r080_120|TP15_SL15|H1440,normal_range_mid_cont_14,r080_120,TP15_SL15,15.0,15.0,1.0,1440,-1.9578977836359877,521,-32.69726666666676,-0.06275866922584791,0.44529750479846447,0.8039823877140831,37.74673333333344,8,1,330,-34.82513333333331,-0.10553070707070701,0.4303030303030303,0.7768504627224757,42.92400000000001,8,0,851,-67.52240000000008,-0.07934477085781443,0.7908679353588494,106,-7.870333333333414,0.39622641509433965,96,-10.630266666666708,0.4270833333333333,99,-5.223733333333274,0.46464646464646464,121,-11.705000000000048,0.45454545454545453,99,2.7320666666666806,0.48484848484848486,95,-8.268466666666699,0.43157894736842106,101,-8.31019999999994,0.4158415841584158,80,-6.246466666666674,0.475,54,-12.0,0.3888888888888889
prevclose_cont_600|all|TP15_SL20|H1440,prevclose_cont_600,all,TP15_SL20,15.0,20.0,0.75,1440,-1.9614561977473604,1304,-41.49509999999986,-0.031821395705521366,0.46088957055214724,0.8727328435882907,52.460149999999906,10,0,949,21.961299999999927,0.02314151738672279,0.5489989462592202,1.0693928610474412,25.523550000000004,8,2,2253,-19.533799999999943,-0.008670128717265841,0.9695983813859385,260,-8.090999999999964,0.41923076923076924,261,-23.84409999999992,0.42528735632183906,262,-2.1020999999999406,0.4847328244274809,261,-5.182949999999992,0.47126436781609193,260,-2.2749500000000538,0.5038461538461538,260,-18.83410000000005,0.4653846153846154,262,19.31234999999997,0.5572519083969466,261,24.383050000000004,0.6168582375478927,166,-2.9000000000000004,0.5602409638554217
asia_liquidity_sweep|all|TP20_SL20|H1440,asia_liquidity_sweep,all,TP20_SL20,20.0,20.0,1.0,1440,-1.9666403392287046,1166,-45.397249999999886,-0.03893417667238412,0.4665523156089194,0.8502472636719915,45.81429999999982,11,1,801,-75.22175000000017,-0.0939098002496881,0.45692883895131087,0.7776421123389641,79.52885000000023,9,0,1967,-120.61900000000006,-0.06132130147432641,0.8119557358029457,234,-5.568549999999994,0.49145299145299143,227,2.351200000000029,0.4669603524229075,227,-27.642300000000045,0.40969162995594716,237,-0.14924999999983646,0.5232067510548524,241,-14.388350000000049,0.43983402489626555,241,-10.650549999999964,0.4854771784232365,234,-23.162450000000067,0.46153846153846156,208,-27.408750000000143,0.42788461538461536,118,-14.0,0.4406779661016949
asia_liquidity_sweep|all|TP20_SL20|H480,asia_liquidity_sweep,all,TP20_SL20,20.0,20.0,1.0,480,-1.9867406655239708,1166,-45.396649999999795,-0.03893366209262418,0.4854202401372213,0.8127852760837406,46.655999999999715,9,1,801,-57.3866500000004,-0.07164375780274707,0.4706616729088639,0.7981961785500141,63.735650000000334,8,0,1967,-102.7833000000002,-0.05225383833248612,0.8049108204586135,234,-7.008400000000039,0.4658119658119658,227,0.3314000000001103,0.5286343612334802,227,-23.181000000000004,0.42290748898678415,237,-8.287949999999956,0.540084388185654,241,-7.250699999999904,0.46887966804979253,241,-2.385200000000054,0.5145228215767634,234,-22.911400000000157,0.44017094017094016,208,-18.8920500000002,0.47115384615384615,118,-13.198000000000002,0.4406779661016949
prevclose_cont_600|all|TP25_SL20|H1440,prevclose_cont_600,all,TP25_SL20,25.0,20.0,1.25,1440,-1.993334223015967,1304,-42.67514999999993,-0.03272634202453983,0.4424846625766871,0.874398779163368,52.42899999999991,10,0,949,49.92869999999986,0.05261190727081123,0.4910432033719705,1.1388513223200478,34.3,12,2,2253,7.253549999999933,0.0032195073235685456,1.0103718319373005,260,-7.555749999999955,0.41923076923076924,261,-20.2292499999999,0.42528735632183906,262,-3.804299999999941,0.44274809160305345,261,-6.424650000000009,0.4444444444444444,260,-4.661200000000125,0.4807692307692308,260,-11.71470000000004,0.46153846153846156,262,37.38504999999987,0.5419847328244275,261,26.15835000000002,0.5019157088122606,166,-1.9000000000000004,0.4397590361445783
impulse60_fade_840|s040|TP15_SL15|H480,impulse60_fade_840,s040,TP15_SL15,15.0,15.0,1.0,480,-2.001130503100778,659,-36.55566666666667,-0.05547142134547294,0.4673748103186646,0.8013004693763884,41.158933333333316,8,1,481,-19.919800000000112,-0.04141330561330585,0.48440748440748443,0.8999615979922474,41.42520000000008,8,1,1140,-56.475466666666776,-0.04953988304093577,0.8525814756330959,117,1.3860000000000878,0.5299145299145299,132,-12.376733333333352,0.4393939393939394,123,-4.425133333333299,0.5040650406504065,145,-3.109933333333402,0.46206896551724136,142,-18.0298666666667,0.4154929577464789,134,-0.49620000000001374,0.5149253731343284,139,-24.206399999999984,0.41007194244604317,130,-7.217200000000108,0.47692307692307695,78,12.0,0.5769230769230769
impulse60_fade_840|s040|TP25_SL20|H480,impulse60_fade_840,s040,TP25_SL20,25.0,20.0,1.25,480,-2.0061025162418207,659,-36.64560000000004,-0.055607890743550895,0.456752655538695,0.7482231800585305,40.54915000000006,11,1,481,6.381650000000013,0.013267463617463645,0.4781704781704782,1.0375918789548155,25.30745000000006,7,3,1140,-30.263950000000023,-0.02654732456140353,0.9040182284477131,117,1.699850000000072,0.5299145299145299,132,-10.427100000000042,0.4318181818181818,123,-7.191449999999964,0.4959349593495935,145,-3.9486500000000757,0.45517241379310347,142,-16.77825000000003,0.3873239436619718,134,3.4875000000000576,0.5223880597014925,139,-19.32470000000002,0.4028776978417266,130,7.970849999999928,0.4846153846153846,78,14.248000000000047,0.5256410256410257
asia_liquidity_sweep|all|TP5_SL15|H1440,asia_liquidity_sweep,all,TP5_SL15,5.0,15.0,0.3333333333333333,1440,-2.037673157426763,1166,-44.43373333333338,-0.03810783304745573,0.6337907375643225,0.8410309592103186,46.97473333333321,5,0,801,-33.32413333333345,-0.041603162713275216,0.7016229712858927,0.848113397027852,38.40133333333362,3,0,1967,-77.75786666666681,-0.03953119810201668,0.844145522154218,234,-3.3436000000000767,0.5683760683760684,227,-1.8345999999999272,0.5859030837004405,227,-23.86833333333339,0.6255506607929515,237,-0.7849333333332669,0.7215189873417721,241,-14.602266666666708,0.6639004149377593,241,-4.294066666666691,0.6929460580912863,234,-11.030066666666748,0.7008547008547008,208,-10.666666666666668,0.7115384615384616,118,-7.333333333333337,0.7033898305084746
prevclose_cont_600|all|TP10_SL20|H1440,prevclose_cont_600,all,TP10_SL20,10.0,20.0,0.5,1440,-2.0438591390493395,1304,-43.56804999999994,-0.03341108128834351,0.5015337423312883,0.8554845919346711,53.89670000000004,10,0,949,24.024600000000028,0.025315700737618574,0.6301369863013698,1.0923357549212607,22.374250000000007,8,2,2253,-19.543449999999925,-0.008674411895250743,0.9652043903452999,260,-8.224949999999954,0.4307692307692308,261,-24.35794999999994,0.4367816091954023,262,-0.554399999999998,0.5648854961832062,261,-6.223450000000016,0.5210727969348659,260,-4.207300000000043,0.5538461538461539,260,-16.72355000000003,0.5115384615384615,262,26.64820000000003,0.6603053435114504,261,17.149950000000032,0.7049808429118773,166,-3.05,0.6506024096385542
asia_liquidity_sweep|all|TP25_SL20|H1440,asia_liquidity_sweep,all,TP25_SL20,25.0,20.0,1.25,1440,-2.0651192640169236,1166,-47.59329999999983,-0.0408175814751285,0.4631217838765009,0.8441170806224673,48.010349999999754,11,1,801,-96.09595000000013,-0.11996997503121115,0.4282147315855181,0.7323817027145042,99.40285000000019,9,0,1967,-143.68925,-0.07304994916115912,0.7837284660520104,234,-5.741399999999988,0.49145299145299143,227,4.5388500000000365,0.4669603524229075,227,-28.612949999999987,0.4008810572687225,237,-2.4167499999998565,0.5189873417721519,241,-15.361050000000036,0.43568464730290457,241,-11.01369999999997,0.4854771784232365,234,-25.642350000000068,0.44871794871794873,208,-35.9399000000001,0.3798076923076923,118,-23.5,0.3559322033898305
impulse60_fade_840|s040|TP20_SL20|H720,impulse60_fade_840,s040,TP20_SL20,20.0,20.0,1.0,720,-2.112852178912289,659,-38.66799999999987,-0.058676783004552154,0.4658573596358118,0.7456549608398892,42.3794499999999,10,1,481,-2.376900000000031,-0.004941580041580107,0.48232848232848236,0.9858113607608819,25.322200000000063,9,3,1140,-41.044899999999906,-0.03600429824561395,0.8715544824528041,117,1.0184500000000984,0.5042735042735043,132,-8.828149999999969,0.4621212121212121,123,-11.557050000000025,0.45528455284552843,145,-1.489499999999953,0.5103448275862069,142,-17.811750000000018,0.4014084507042254,134,0.4484000000000603,0.4925373134328358,139,-17.329650000000097,0.4028776978417266,130,5.308850000000007,0.5076923076923077,78,9.195499999999992,0.5641025641025641
asia_liquidity_sweep|all|TP25_SL20|H480,asia_liquidity_sweep,all,TP25_SL20,25.0,20.0,1.25,480,-2.1333732722079457,1166,-48.318899999999786,-0.04143987993138918,0.483704974271012,0.8020956143234111,50.5836999999998,9,1,801,-67.82470000000039,-0.08467503121098675,0.449438202247191,0.7717809275644758,73.07995000000032,9,0,1967,-116.14360000000019,-0.05904605998983233,0.7854532224845219,234,-7.008400000000039,0.4658119658119658,227,0.027200000000107805,0.5286343612334802,227,-24.9994,0.42290748898678415,237,-9.071049999999957,0.5358649789029536,241,-7.267249999999899,0.46473029045643155,241,-0.6776000000000633,0.5145228215767634,234,-24.600350000000155,0.4358974358974359,208,-22.025900000000206,0.4375,118,-20.520849999999975,0.3644067796610169
asia_liquidity_sweep|all|TP5_SL15|H480,asia_liquidity_sweep,all,TP5_SL15,5.0,15.0,0.3333333333333333,480,-2.137293749336983,1166,-46.69613333333339,-0.04004814179531166,0.597770154373928,0.8166991122582576,48.87466666666651,7,0,801,-33.379000000000175,-0.04167166042446963,0.686641697877653,0.8426520847573471,39.44700000000029,5,0,1967,-80.07513333333355,-0.04070926961531955,0.8284911357426945,234,-5.992533333333434,0.5085470085470085,227,-1.336533333333245,0.5770925110132159,227,-21.26780000000008,0.5991189427312775,237,-2.6379999999999963,0.6835443037974683,241,-15.461266666666635,0.6182572614107884,241,-0.8087333333334179,0.6846473029045643,234,-13.391800000000078,0.6666666666666666,208,-11.845133333333346,0.7019230769230769,118,-7.333333333333337,0.7033898305084746
impulse60_fade_840|s040|TP15_SL20|H1440,impulse60_fade_840,s040,TP15_SL20,15.0,20.0,0.75,1440,-2.1420384824528167,659,-38.00389999999983,-0.05766904400606954,0.48254931714719274,0.7760701276387142,41.12204999999986,8,0,481,-12.705899999999964,-0.026415592515592442,0.5301455301455301,0.9261023449284239,27.63729999999994,9,2,1140,-50.709799999999795,-0.04448228070175421,0.851574940681696,117,-2.104499999999916,0.5042735042735043,132,-9.767799999999921,0.4621212121212121,123,-14.819449999999984,0.4715447154471545,145,-0.6517500000000269,0.5241379310344828,142,-10.660399999999978,0.4507042253521127,134,0.4103499999999931,0.5298507462686567,139,-17.238349999999933,0.45323741007194246,130,-3.627900000000023,0.5538461538461539,78,7.75,0.6282051282051282
asia_liquidity_sweep|all|TP15_SL15|H720,asia_liquidity_sweep,all,TP15_SL15,15.0,15.0,1.0,720,-2.1925290371858654,1166,-50.143133333333246,-0.0430044025157232,0.48713550600343053,0.8556310358713634,51.67966666666658,10,1,801,-61.20133333333342,-0.07640615896795683,0.4731585518102372,0.8261079081104495,72.28880000000012,8,1,1967,-111.34446666666668,-0.056606236231147265,0.8407718646276701,234,-6.454199999999942,0.5213675213675214,227,-0.5398666666666934,0.5066079295154186,227,-33.19620000000006,0.4008810572687225,237,9.301533333333447,0.5611814345991561,241,-19.254400000000004,0.44398340248962653,241,1.7678000000001406,0.5269709543568465,234,-25.846866666666845,0.45726495726495725,208,-23.122266666666718,0.44711538461538464,118,-14.0,0.4406779661016949
impulse60_fade_840|s040|TP20_SL15|H480,impulse60_fade_840,s040,TP20_SL15,20.0,15.0,1.3333333333333333,480,-2.1969393050988226,659,-40.01260000000002,-0.060717147192716266,0.4552352048558422,0.7860214773915531,45.031600000000005,11,1,481,-8.934666666666768,-0.018575190575190786,0.46361746361746364,0.9569181531703986,38.3615333333335,8,2,1140,-48.947266666666806,-0.04293619883040948,0.8758886060645809,117,1.4447333333334267,0.5299145299145299,132,-11.262600000000035,0.4393939393939394,123,-4.403333333333285,0.4959349593495935,145,-5.396000000000081,0.4413793103448276,142,-20.395400000000045,0.3873239436619718,134,2.2078000000000237,0.5149253731343284,139,-22.919600000000006,0.39568345323741005,130,-2.748866666666804,0.45384615384615384,78,14.526000000000021,0.5128205128205128
prevclose_cont_600|all|TP20_SL15|H1440,prevclose_cont_600,all,TP20_SL15,20.0,15.0,1.3333333333333333,1440,-2.1983653746227327,1304,-46.63486666666641,-0.035762934560327,0.4340490797546012,0.8936440780400265,59.04406666666605,10,0,949,29.491533333333148,0.031076431331225656,0.4594309799789252,1.068631204839726,30.569799999999795,13,2,2253,-17.143333333333256,-0.007609113774226923,0.9802539276561961,260,-9.754999999999942,0.41923076923076924,261,-25.23986666666653,0.421455938697318,262,-5.2850666666665855,0.42748091603053434,261,-1.7333333333332615,0.4444444444444444,260,-4.621600000000086,0.4576923076923077,260,-14.885266666666698,0.45,262,31.64719999999984,0.4961832061068702,261,28.46293333333335,0.4789272030651341,166,-15.733333333333338,0.3855421686746988
prevclose_cont_600|all|TP5_SL15|H1440,prevclose_cont_600,all,TP5_SL15,5.0,15.0,0.3333333333333333,1440,-2.200979596362212,1304,-48.11333333333328,-0.036896728016359875,0.6211656441717791,0.8420797076253601,55.801333333332565,6,0,949,4.199666666666691,0.00442536002809978,0.726027397260274,1.0187940763529677,12.081599999999995,8,2,2253,-43.9136666666666,-0.01949119692262166,0.9168499249105109,260,-11.900933333333299,0.5076923076923077,261,-18.029866666666692,0.5670498084291188,262,-2.5985333333332976,0.6908396946564885,261,-6.6661333333333355,0.6666666666666666,260,-8.917866666666658,0.6730769230769231,260,-6.30046666666666,0.6730769230769231,262,7.70373333333333,0.7404580152671756,261,6.529733333333351,0.7624521072796935,166,-3.733333333333335,0.7289156626506024
asia_body_cont_600|all|TP15_SL15|H1440,asia_body_cont_600,all,TP15_SL15,15.0,15.0,1.0,1440,-2.2209874037699384,1291,-46.000333333333046,-0.03563155176865457,0.46398140975987606,0.8900982769127467,61.249866666666406,11,0,938,14.717399999999811,0.015690191897654384,0.502132196162047,1.0372263117131322,24.179000000000144,9,3,2229,-31.282933333333222,-0.014034514730073227,0.9615645433559544,258,-1.1252666666665987,0.4689922480620155,258,-15.447133333333188,0.46511627906976744,259,-13.647266666666628,0.4517374517374517,258,-15.030066666666624,0.46511627906976744,258,-0.7505999999999986,0.4689922480620155,257,-16.79553333333341,0.4785992217898833,259,14.65386666666656,0.4980694980694981,258,14.859066666666664,0.5271317829457365,164,2.0,0.5060975609756098
asia_body_cont_840|all|TP20_SL15|H1440,asia_body_cont_840,all,TP20_SL15,20.0,15.0,1.3333333333333333,1440,-2.236755828871183,1291,-51.858533333333305,-0.04016927446423959,0.46398140975987606,0.8761691158409478,56.579199999999986,12,1,938,22.81953333333347,0.02432786069651756,0.4690831556503198,1.0539898068693225,33.5118,11,2,2229,-29.038999999999827,-0.013027815163750484,0.9654892874060956,258,0.29580000000002027,0.47674418604651164,258,-12.306333333333367,0.4689922480620155,259,-6.21719999999996,0.4826254826254826,258,-12.413933333333386,0.4573643410852713,258,-21.216866666666604,0.43410852713178294,257,-1.7612000000000432,0.48249027237354086,259,18.601733333333566,0.4980694980694981,258,-7.354333333333383,0.43023255813953487,164,13.333333333333325,0.4634146341463415
asia_liquidity_sweep|all|TP5_SL15|H720,asia_liquidity_sweep,all,TP5_SL15,5.0,15.0,0.3333333333333333,720,-2.2511421763093495,1166,-49.34826666666669,-0.042322698684962856,0.6243567753001715,0.819040515568685,51.31786666666613,6,0,801,-29.984333333333492,-0.03743362463587203,0.6978776529338327,0.860322556401718,36.534200000000304,3,0,1967,-79.33260000000018,-0.040331774275546614,0.8372236555336191,234,-5.742333333333365,0.5555555555555556,227,-3.326866666666686,0.5991189427312775,227,-22.57966666666668,0.6167400881057269,237,-0.5837333333332966,0.7130801687763713,241,-17.115666666666662,0.6348547717842323,241,-1.5876666666666899,0.6887966804979253,234,-11.09200000000012,0.6923076923076923,208,-9.971333333333344,0.7115384615384616,118,-7.333333333333337,0.7033898305084746
impulse60_fade_840|s040|TP15_SL15|H720,impulse60_fade_840,s040,TP15_SL15,15.0,15.0,1.0,720,-2.275623728560865,659,-41.39613333333317,-0.06281659079413228,0.47192716236722304,0.7823833942670023,46.635733333333185,10,1,481,-21.550866666666415,-0.04480429660429608,0.4656964656964657,0.8935969149118965,42.35586666666644,9,1,1140,-62.94699999999958,-0.0552166666666663,0.8397336557880092,117,1.1721333333334478,0.5042735042735043,132,-12.80413333333328,0.4621212121212121,123,-8.864266666666678,0.45528455284552843,145,-1.1619333333332946,0.5241379310344828,142,-19.73793333333336,0.4154929577464789,134,-2.797399999999894,0.47761194029850745,139,-23.199399999999937,0.38848920863309355,130,-7.554066666666587,0.46923076923076923,78,12.0,0.5769230769230769
impulse60_fade_840|s040|TP25_SL20|H720,impulse60_fade_840,s040,TP25_SL20,25.0,20.0,1.25,720,-2.276325691080031,659,-41.507699999999915,-0.06298588770864934,0.4613050075872534,0.7279449331606054,45.66694999999992,10,1,481,4.0701500000000514,0.008461850311850419,0.46153846153846156,1.0233376547496114,23.85595000000005,9,3,1140,-37.437549999999874,-0.03283995614035077,0.8855028532115663,117,1.2162500000000933,0.5042735042735043,132,-10.302549999999973,0.45454545454545453,123,-11.390500000000031,0.45528455284552843,145,-2.652999999999986,0.503448275862069,142,-18.377900000000025,0.39436619718309857,134,1.5324000000000746,0.4925373134328358,139,-18.198400000000095,0.38848920863309355,130,6.6871500000000434,0.46923076923076923,78,14.049000000000024,0.5256410256410257
trend_pullback_600|f025|TP15_SL15|H1440,trend_pullback_600,f025,TP15_SL15,15.0,15.0,1.0,1440,-2.2939648197254305,813,-45.223799999999756,-0.05562583025830228,0.4403444034440344,0.8365104628849932,50.346599999999775,10,1,590,-17.97546666666679,-0.03046689265536744,0.4745762711864407,0.9309132259335723,27.485066666666825,7,1,1403,-63.199266666666546,-0.04504580660489419,0.8822672266903794,152,-10.523333333333357,0.39473684210526316,152,-16.23399999999998,0.4144736842105263,168,5.889600000000141,0.5,184,-16.95953333333322,0.44021739130434784,157,-7.39653333333334,0.445859872611465,166,-21.435266666666756,0.40963855421686746,169,-0.17573333333339303,0.48520710059171596,154,14.635533333333358,0.551948051948052,101,-11.0,0.44554455445544555
impulse60_fade_840|s040|TP25_SL20|H1440,impulse60_fade_840,s040,TP25_SL20,25.0,20.0,1.25,1440,-2.3035243973613775,659,-40.80714999999991,-0.0619228376327768,0.4613050075872534,0.767179884215109,44.48929999999994,8,0,481,7.636099999999978,0.01587546777546773,0.48232848232848236,1.040477958063243,23.59545000000005,10,3,1140,-33.17104999999994,-0.029097412280701698,0.9088511222127073,117,-1.6513999999999207,0.5042735042735043,132,-8.477649999999938,0.4621212121212121,123,-16.620400000000007,0.44715447154471544,145,-0.5552500000000348,0.4896551724137931,142,-13.502450000000007,0.4084507042253521,134,3.7025000000000206,0.5149253731343284,139,-15.909950000000006,0.41007194244604317,130,4.740049999999928,0.5,78,15.10350000000003,0.5256410256410257
trend_pullback_600|f025|TP15_SL15|H720,trend_pullback_600,f025,TP15_SL15,15.0,15.0,1.0,720,-2.312133160385929,813,-45.885800000000046,-0.056440098400984066,0.4403444034440344,0.8193005278267476,49.78053333333336,8,1,590,-16.861866666666643,-0.028579435028248546,0.46440677966101696,0.9315877380065267,26.84373333333327,7,1,1403,-62.74766666666669,-0.04472392492278453,0.8746071544191214,152,-10.86386666666672,0.39473684210526316,152,-13.47486666666667,0.42105263157894735,168,3.85726666666666,0.5178571428571429,184,-18.893933333333308,0.4076086956521739,157,-6.51040000000001,0.4585987261146497,166,-17.888866666666715,0.4036144578313253,169,-4.567599999999887,0.46153846153846156,154,15.867933333333315,0.5454545454545454,101,-10.273333333333358,0.44554455445544555
asia_liquidity_sweep|all|TP15_SL15|H480,asia_liquidity_sweep,all,TP15_SL15,15.0,15.0,1.0,480,-2.342699106016715,1166,-51.40026666666657,-0.04408256146369345,0.4854202401372213,0.8346737697251293,53.6238666666666,10,0,801,-58.627066666666934,-0.07319234290470279,0.4769038701622971,0.8232486175941385,64.25646666666685,7,0,1967,-110.02733333333352,-0.05593662091170997,0.8287763716144397,234,-8.214266666666724,0.4658119658119658,227,-2.5107999999998496,0.5242290748898678,227,-26.614066666666712,0.42731277533039647,237,-0.09273333333330802,0.540084388185654,241,-13.96839999999997,0.46887966804979253,241,-2.610400000000103,0.5228215767634855,234,-23.23086666666676,0.452991452991453,208,-18.78580000000008,0.47115384615384615,118,-14.0,0.4406779661016949
impulse60_fade_840|s040|TP20_SL20|H1440,impulse60_fade_840,s040,TP20_SL20,20.0,20.0,1.0,1440,-2.355528942468056,659,-41.81889999999984,-0.06345811836115302,0.4628224582701062,0.7613493305393016,45.25104999999988,8,0,481,4.593199999999946,0.009549272349272237,0.5072765072765073,1.025678575591544,22.05925000000004,9,3,1140,-37.225699999999904,-0.03265412280701746,0.8948733766926023,117,-1.9013999999999207,0.5042735042735043,132,-8.024749999999928,0.4621212121212121,123,-16.534399999999994,0.44715447154471544,145,-1.5185000000000173,0.496551724137931,142,-13.839849999999986,0.4084507042253521,134,3.401049999999998,0.5149253731343284,139,-15.91545000000001,0.4316546762589928,130,7.107599999999957,0.5461538461538461,78,10.0,0.5641025641025641
asia_liquidity_sweep|all|TP20_SL15|H720,asia_liquidity_sweep,all,TP20_SL15,20.0,15.0,1.3333333333333333,720,-2.425326202566385,1166,-55.9064666666665,-0.04794722698684949,0.47855917667238423,0.8416369727059805,61.094133333333104,10,2,801,-81.3697333333335,-0.10158518518518539,0.4307116104868914,0.7858576267427688,90.74286666666708,10,0,1967,-137.27620000000002,-0.06978962887646163,0.8127218089725947,234,-6.908866666666604,0.5213675213675214,227,0.873666666666653,0.5066079295154186,227,-34.55753333333338,0.3876651982378855,237,1.2550666666668042,0.5443037974683544,241,-16.568799999999968,0.4315352697095436,241,-0.5229999999998385,0.5103734439834025,234,-32.560400000000215,0.4188034188034188,208,-32.9530000000001,0.38461538461538464,118,-15.33333333333334,0.3728813559322034
asia_body_cont_840|all|TP15_SL15|H1440,asia_body_cont_840,all,TP15_SL15,15.0,15.0,1.0,1440,-2.5187755490283505,1291,-58.068866666666636,-0.04497975729408725,0.4756003098373354,0.8588405037533876,63.62659999999998,12,1,938,-12.559333333333266,-0.013389481165600497,0.4925373134328358,0.9689176139405633,37.21820000000001,11,2,2229,-70.6281999999999,-0.03168604755495733,0.9133860244018176,258,1.1134666666666506,0.4806201550387597,258,-15.821800000000016,0.4689922480620155,259,-9.626999999999953,0.5019305019305019,258,-15.945066666666722,0.4689922480620155,258,-17.788466666666594,0.4573643410852713,257,-1.3488000000000575,0.4980544747081712,259,3.5805333333335216,0.5057915057915058,258,-20.79106666666673,0.4573643410852713,164,6.0,0.5182926829268293
impulse60_fade_840|s040|TP20_SL15|H720,impulse60_fade_840,s040,TP20_SL15,20.0,15.0,1.3333333333333333,720,-2.52811111987151,659,-45.9947333333332,-0.06979473950429925,0.4597875569044006,0.7636965516296537,51.27666666666657,10,1,481,-8.508133333333248,-0.01768842688842671,0.446985446985447,0.9596294904449738,37.04733333333323,9,1,1140,-54.502866666666435,-0.04780953216374249,0.8655557689739761,117,1.042066666666795,0.5042735042735043,132,-10.99733333333329,0.4621212121212121,123,-9.450533333333365,0.44715447154471544,145,-3.915133333333281,0.496551724137931,142,-22.673800000000035,0.39436619718309857,134,-0.389733333333214,0.47761194029850745,139,-22.283133333333385,0.381294964028777,130,-0.09593333333329879,0.4461538461538462,78,14.260666666666655,0.5128205128205128
asia_liquidity_sweep|all|TP15_SL15|H1440,asia_liquidity_sweep,all,TP15_SL15,15.0,15.0,1.0,1440,-2.554512278856341,1166,-58.607999999999905,-0.050264150943396146,0.46397941680960547,0.8465286159748366,59.16406666666662,10,1,801,-65.00653333333331,-0.0811567207657095,0.4631710362047441,0.8262129385098019,73.55286666666669,9,0,1967,-123.61453333333323,-0.06284419589900012,0.8364759074608312,234,-7.485333333333346,0.49145299145299143,227,-0.3406666666666163,0.46255506607929514,227,-33.52220000000008,0.40969162995594716,237,8.86986666666685,0.5232067510548524,241,-26.129666666666708,0.4315352697095436,241,-5.485333333333271,0.49377593360995853,234,-24.363733333333343,0.45726495726495725,208,-21.1574666666667,0.44711538461538464,118,-14.0,0.4406779661016949
asia_liquidity_sweep|all|TP20_SL15|H1440,asia_liquidity_sweep,all,TP20_SL15,20.0,15.0,1.3333333333333333,1440,-2.6576607952987814,1166,-62.710999999999885,-0.05378301886792443,0.451114922813036,0.8393004122959665,63.26706666666641,11,2,801,-90.7423333333334,-0.11328630878069089,0.41448189762796506,0.777696606706233,95.5722000000005,10,0,1967,-153.45333333333326,-0.07801389594983897,0.8078058800980227,234,-7.400866666666678,0.49145299145299143,227,0.9934000000000465,0.46255506607929514,227,-32.60620000000009,0.3876651982378855,237,3.3669333333335656,0.5063291139240507,241,-27.064266666666725,0.4066390041493776,241,-10.260933333333291,0.4730290456431535,234,-27.717000000000045,0.42735042735042733,208,-37.43106666666673,0.3557692307692308,118,-15.33333333333334,0.3728813559322034
prevclose_cont_600|all|TP15_SL15|H1440,prevclose_cont_600,all,TP15_SL15,15.0,15.0,1.0,1440,-2.6694034250638476,1304,-57.0436666666664,-0.043745143149284044,0.44785276073619634,0.8663791097572904,70.86673333333303,10,0,949,15.256266666666596,0.016076150333684504,0.49841938883034775,1.038306662202879,32.088733333333366,10,2,2253,-41.787399999999785,-0.018547447847314595,0.9493592539168737,260,-11.446066666666637,0.41923076923076924,261,-29.05059999999988,0.421455938697318,262,-4.775733333333258,0.4618320610687023,261,-7.0398666666666045,0.46360153256704983,260,-4.731400000000015,0.47307692307692306,260,-23.682600000000033,0.45,262,18.981133333333293,0.5114503816793893,261,31.024399999999996,0.5555555555555556,166,-11.066666666666666,0.463855421686747
impulse60_fade_840|s040|TP15_SL15|H1440,impulse60_fade_840,s040,TP15_SL15,15.0,15.0,1.0,1440,-2.6921586049368296,659,-47.929466666666414,-0.07273060192210382,0.47040971168437024,0.7810666780354718,52.0869999999998,8,0,481,-16.470933333333246,-0.03424310464310446,0.48440748440748443,0.9222398439912168,37.4835999999999,9,1,1140,-64.40039999999965,-0.056491578947368115,0.8504888566136688,117,-3.2251999999998886,0.49572649572649574,132,-12.898199999999875,0.4621212121212121,123,-14.072333333333306,0.45528455284552843,145,-1.8818666666666868,0.5103448275862069,142,-15.851866666666655,0.4295774647887324,134,-0.7797333333333265,0.5,139,-19.943066666666567,0.4244604316546763,130,-7.748133333333347,0.47692307692307695,78,12.0,0.5769230769230769
asia_liquidity_sweep|all|TP20_SL15|H480,asia_liquidity_sweep,all,TP20_SL15,20.0,15.0,1.3333333333333333,480,-2.707342266112942,1166,-58.64746666666646,-0.050297998856489244,0.4777015437392796,0.8134476594966831,63.50126666666641,10,0,801,-75.0039333333337,-0.09363786933000462,0.4431960049937578,0.787877925151418,80.23193333333354,10,0,1967,-133.65140000000017,-0.06794682257244543,0.7999122507512628,234,-8.847600000000043,0.4658119658119658,227,-1.4091333333331608,0.5242290748898678,227,-28.996333333333396,0.40969162995594716,237,-7.9308666666666205,0.5274261603375527,241,-11.463533333333242,0.4605809128630705,241,-3.470133333333389,0.5103734439834025,234,-29.81206666666681,0.42735042735042733,208,-26.38840000000016,0.4230769230769231,118,-15.33333333333334,0.3728813559322034
impulse60_fade_840|s040|TP20_SL15|H1440,impulse60_fade_840,s040,TP20_SL15,20.0,15.0,1.3333333333333333,1440,-2.8750486512409816,659,-51.171066666666434,-0.07764957005563951,0.45220030349013657,0.7725104858461831,55.7472666666665,8,0,481,0.8869999999999525,0.0018440748440747452,0.4594594594594595,1.004018018115962,32.214066666666696,9,3,1140,-50.28406666666647,-0.04410883040935655,0.8871779814120492,117,-2.9543999999998953,0.49572649572649574,132,-10.574133333333217,0.4621212121212121,123,-14.817333333333318,0.43902439024390244,145,-2.7930000000000015,0.4827586206896552,142,-20.032199999999996,0.3873239436619718,134,3.207866666666673,0.48507462686567165,139,-19.553399999999996,0.4028776978417266,130,1.8991999999999527,0.46153846153846156,78,15.333333333333332,0.5128205128205128
