reclaim,wait,tp2,sl2,b_train_final,b_train_dd,b_train_wr,b_train_pos_years,b_oos_final,b_oos_dd,b_oos_wr,b_oos_pos_years,b_oos_reclaims,ab_train_final,ab_train_dd,ab_train_wr,ab_train_pos_years,ab_oos_final,ab_oos_dd,ab_oos_wr,ab_oos_pos_years,ab_oos_reclaims,ab_oos_maxdayloss,ab_oos_maxrisk,ab_ret_2023,ab_ret_2024,ab_ret_2025,ab_ret_2026
0.5,30,10.0,6.0,498.88399999999956,0.4055304811652746,0.629881154499151,3,456.22300000000223,0.5520138561223423,0.6788793103448276,2,155,191.0029999999988,0.44098864434558865,0.5375939849624061,1,1028.7320000000027,0.5923689720421424,0.6672473867595818,4,155,0.19977525284055436,0.19977525284055436,0.10350333333333084,0.7625803879160704,0.20775864432806057,0.45974923800820555
0.5,30,10.0,8.0,532.7989999999993,0.33642751514124014,0.6451612903225806,4,682.4000000000028,0.4553464192097612,0.7004310344827587,3,155,196.46999999999912,0.3946797628877435,0.5370370370370371,1,993.3610000000015,0.5842584890706051,0.6846689895470384,4,155,0.19564334869677028,0.1979019099183485,0.17082333333333133,0.6807403337252751,0.3862184617730018,0.21384205747830065
0.5,30,10.0,10.0,550.5039999999995,0.3495212304814974,0.6519524617996605,3,594.458000000001,0.3648892179834393,0.7155172413793104,3,155,198.4899999999991,0.38928032983600697,0.5388127853881278,1,1462.5389999999995,0.5158953729980554,0.6968641114982579,4,155,0.1947564266577729,0.19998400127989766,0.3627733333333323,0.5938502856919226,0.46487737428581544,0.5321940748361254
0.5,30,10.0,12.0,191.70599999999968,0.42260533282734,0.6151898734177215,1,849.8370000000014,0.3190531717303691,0.7306034482758621,4,155,197.8069999999991,0.394850599468297,0.5373831775700935,1,2200.1619999999994,0.5038999893150979,0.7090592334494773,4,155,0.19166849017938586,0.1990972928741087,0.4592966666666667,0.7018952052244329,0.5329572617911587,0.926313430143886
0.5,30,10.0,15.0,192.6559999999995,0.3837433586140517,0.6242774566473989,1,727.0399999999997,0.3593378271213324,0.74235807860262,3,149,197.20299999999907,0.3918593033009349,0.5226130653266332,1,2002.8859999999977,0.49707177232675115,0.7160278745644599,4,155,0.1990237883182991,0.1990237883182991,0.4022733333333335,0.7451067552212802,0.5200010897178311,0.7948840652181328
0.5,30,12.0,6.0,458.49199999999973,0.42300823733830933,0.6247877758913413,3,198.87600000000157,0.49907813208402374,0.6509433962264151,1,101,195.1559999999988,0.4288339967220812,0.5375939849624061,1,927.9860000000026,0.5597823226208725,0.6602787456445993,4,155,0.19396290459449628,0.19608515978489333,0.13683666666666405,0.14921815212388378,0.637961739236927,0.44549258083509424
0.5,30,12.0,8.0,515.7919999999992,0.4292280235114152,0.6417657045840407,3,501.32900000000245,0.44839578601812663,0.6918103448275862,3,155,196.62299999999914,0.394208372872585,0.5370370370370371,1,1082.9540000000018,0.5516843189381956,0.6777003484320557,4,155,0.19977525284055436,0.19977525284055436,0.16817999999999755,0.429308839391195,0.6549060005150664,0.3064102471307206
0.5,30,12.0,10.0,516.4979999999996,0.38229875813570785,0.6485568760611206,3,546.1200000000013,0.32148138622773675,0.7047413793103449,3,155,198.64299999999912,0.3888095750899991,0.5388127853881278,1,1706.3180000000007,0.4902992042200502,0.6881533101045296,4,155,0.17971106952796628,0.1956238935023523,0.3119666666666665,0.500754592342286,0.7442854192272665,0.6561081141938698
0.5,30,12.0,12.0,482.2339999999999,0.38253562005277053,0.6478632478632479,3,885.1930000000016,0.31533947369363996,0.7219827586206896,4,155,199.8069999999991,0.38873201518632816,0.5373831775700935,1,2036.7749999999996,0.4659216118369277,0.7020905923344948,4,155,0.17989251422275201,0.1995293601218128,0.50394,0.3644382976271203,0.6305371907538868,1.0291150905332378
0.5,30,12.0,15.0,192.6559999999995,0.3837433586140517,0.6242774566473989,1,910.3420000000006,0.349671206221679,0.7321814254859611,4,154,197.20299999999907,0.3918593033009349,0.5226130653266332,1,2065.405999999998,0.509470093076724,0.7090592334494773,4,155,0.1905840065713369,0.19902576886142317,0.5023900000000003,0.651393224573287,0.6194923896059588,0.7134525628709343
0.5,30,15.0,6.0,410.02300000000105,0.507199507199505,0.6230899830220713,3,493.613000000003,0.5326684119317111,0.665948275862069,3,155,932.4350000000002,0.46124568189810206,0.6160458452722063,4,1192.676000000003,0.5509851419298697,0.6567944250871081,4,155,0.17374307742425887,0.19750095458794648,0.22320999999999613,0.0701841875066509,0.8962105123778368,0.601603919019813
0.5,30,15.0,8.0,695.4620000000002,0.39720339850547665,0.6400679117147708,3,622.3660000000027,0.45782191319458787,0.6875,3,155,199.62299999999914,0.3849654313988904,0.5370370370370371,1,1263.226000000002,0.5695986129248565,0.6742160278745645,4,155,0.19536782877963424,0.19810414334815782,0.18335666666666461,0.43804488362201965,0.7104772426329429,0.44661977540751097
0.5,30,15.0,10.0,691.0210000000002,0.4204412240546149,0.6468590831918506,3,848.1040000000016,0.3783099543966414,0.7004310344827587,3,155,196.01599999999894,0.3968924033106698,0.5384615384615384,1,1633.2720000000006,0.561709430822945,0.6846689895470384,4,155,0.1965164189468029,0.1986685235551335,0.338543333333333,0.46769747212766344,0.8430976648064965,0.503557120131974
0.5,30,15.0,12.0,618.9430000000002,0.3915487290905983,0.6485568760611206,3,917.4890000000014,0.3664169472535752,0.7155172413793104,4,155,195.35299999999916,0.40235810238227265,0.5348837209302325,1,2058.919,0.5027542781671481,0.6968641114982579,4,155,0.19026802819296507,0.1998181654694227,0.39727333333333337,0.41690960012595957,0.6633229114578336,1.0840969755617613
0.5,30,15.0,15.0,192.6559999999995,0.3837433586140517,0.6242774566473989,1,1004.1010000000006,0.3775042324032208,0.7262931034482759,4,155,197.20299999999907,0.3918593033009349,0.5226130653266332,1,2549.5639999999976,0.5283358597711593,0.705574912891986,4,155,0.18536122931567312,0.19883408662455565,0.5090500000000004,0.7355090951260688,0.7494969396365752,0.8548165090894291
0.5,30,20.0,6.0,493.29899999999975,0.48081573151214513,0.6230899830220713,3,191.48599999999988,0.4854601639124017,0.6201117318435754,0,52,920.5679999999991,0.4610817107770862,0.6160458452722063,4,1158.7170000000042,0.5532782470578295,0.6480836236933798,4,155,0.19893074723361914,0.19893074723361914,0.15583666666666507,0.14847253504677327,0.6490731579925346,0.7644084133652651
0.5,30,20.0,8.0,686.1689999999994,0.4289803449826163,0.6400679117147708,3,602.4870000000037,0.469257690941139,0.6788793103448276,3,155,194.66899999999896,0.400228608752452,0.5370370370370371,1,1187.6650000000031,0.5962524460135036,0.6672473867595818,4,155,0.1976125928624794,0.19950074937468928,0.20456999999999947,0.6188736782973789,0.3703347270321744,0.48149788253197845
0.5,30,20.0,10.0,540.8339999999992,0.423635416166194,0.6451612903225806,3,754.262000000002,0.3861282826088379,0.6896551724137931,4,155,198.68899999999894,0.3886680409833567,0.5370370370370371,1,1571.3830000000014,0.5271083589856085,0.6759581881533101,4,155,0.19853422184015387,0.19954205099297095,0.365726666666667,0.46618405830351795,0.46387680158209643,0.7869153713455899
0.5,30,20.0,12.0,526.7279999999994,0.3901532083958929,0.6468590831918506,3,1125.9800000000016,0.3794933326377596,0.7068965517241379,4,155,197.85299999999893,0.3947098720298123,0.5373831775700935,1,2592.2160000000003,0.4913291805109483,0.6898954703832753,4,155,0.16012553842212285,0.19992802591067196,0.40225333333333535,0.5585771472582206,0.3592737655111833,1.908628211342703
0.5,30,20.0,15.0,192.6559999999995,0.3837433586140517,0.6242774566473989,1,1194.4430000000011,0.3161052372756326,0.7176724137931034,4,155,197.20299999999907,0.3918593033009349,0.5226130653266332,1,2651.924999999999,0.5754352288784028,0.6986062717770035,4,155,0.1821044444865984,0.19894756736861968,0.6089633333333344,0.6972481245688187,0.43293870072737906,1.2590242136422698
0.5,30,25.0,6.0,329.1189999999999,0.4899520236962362,0.6230899830220713,3,199.18700000000308,0.5025610289067824,0.646875,2,102,775.0679999999991,0.42668324483757625,0.6160458452722063,4,1280.8420000000024,0.5626346837893461,0.6463414634146342,4,155,0.19410408831736004,0.19668439284757055,0.2093499999999986,0.07424925235320234,0.467228404358764,1.2398529663788196
0.5,30,25.0,8.0,667.4519999999995,0.43927038401393803,0.6400679117147708,3,638.3110000000027,0.4482539064559403,0.6767241379310345,4,155,194.66899999999896,0.400228608752452,0.5370370370370371,1,1539.4190000000021,0.5367101721500334,0.6655052264808362,4,155,0.19384094623457854,0.19872073526672002,0.28046000000000126,0.5377754869343883,0.38377195209896864,0.8832679445914495
0.5,30,25.0,10.0,523.2799999999991,0.3962513184580345,0.6451612903225806,3,697.707000000001,0.3927630606584879,0.6875,4,155,198.68899999999894,0.3886680409833567,0.5370370370370371,1,1896.3220000000001,0.51979304055982,0.6742160278745645,4,155,0.19953667583870252,0.19953667583870252,0.3743200000000009,0.44704532665851926,0.4319581771036711,1.2196806356385528
0.5,30,25.0,12.0,532.4639999999997,0.38785034623623804,0.6468590831918506,3,886.5240000000008,0.3741806733531745,0.7004310344827587,4,155,197.85299999999893,0.3947098720298123,0.5373831775700935,1,2440.8139999999985,0.5490685825001486,0.6846689895470384,4,155,0.1871232974118979,0.19873669706234082,0.6041566666666685,0.6455001277930046,0.1628025033716689,1.6507133905435865
0.5,30,25.0,15.0,192.6559999999995,0.3837433586140517,0.6242774566473989,1,876.3120000000006,0.3915229592183399,0.7112068965517241,4,155,197.20299999999907,0.3918593033009349,0.5226130653266332,1,2889.766999999997,0.6041825861305801,0.6933797909407665,4,155,0.19384221437592072,0.1978945667222151,0.9224933333333349,0.6924601385700495,0.3674168112010445,1.1649973366138089
0.5,30,30.0,6.0,447.91799999999967,0.5008751693812462,0.6230899830220713,3,198.72700000000304,0.5104824307514154,0.646875,2,102,801.4459999999995,0.46171367043525025,0.6160458452722063,4,1174.6780000000017,0.562175629636702,0.6428571428571429,4,155,0.19622752581618372,0.1988150622291129,0.194483333333332,0.08876362164953733,0.3576161147037129,1.2177209549952952
0.5,30,30.0,8.0,474.3929999999991,0.3897800759652327,0.6383701188455009,3,582.4260000000017,0.44621626531559466,0.6724137931034483,4,155,194.66899999999896,0.400228608752452,0.5370370370370371,1,1795.4080000000017,0.5792517985032744,0.662020905923345,4,155,0.18970652400736024,0.19505724930267007,0.2805500000000014,0.5969101818229208,0.3617592835591188,1.1491391032884506
0.5,30,30.0,10.0,564.6689999999994,0.42454624411798014,0.6434634974533107,3,696.2660000000003,0.401771911894073,0.6831896551724138,4,155,198.68899999999894,0.3886680409833567,0.5370370370370371,1,1701.7619999999988,0.5464757434789844,0.6707317073170732,4,155,0.190077480332921,0.19734213040696846,0.3741866666666678,0.4264558914849039,0.26989703519168473,1.2787935434973
0.5,30,30.0,12.0,520.2659999999994,0.38914758960775864,0.6451612903225806,3,787.6819999999998,0.4088575263751467,0.6961206896551724,4,155,197.85299999999893,0.3947098720298123,0.5373831775700935,1,1791.2919999999992,0.5645564256265847,0.681184668989547,4,155,0.15236315249520077,0.19931932450680886,0.40305000000000213,0.41502678688096273,0.1628694136727935,1.5862849618545458
0.5,30,30.0,15.0,192.6559999999995,0.3837433586140517,0.6242774566473989,1,859.0249999999999,0.4336593142555349,0.7068965517241379,4,155,197.20299999999907,0.3918593033009349,0.5226130653266332,1,2821.549999999996,0.6293308561392637,0.6898954703832753,4,155,0.19350781287794555,0.19851855528121506,0.9064600000000018,0.701733404669735,0.33191066140887293,1.1765676949542203
0.5,60,10.0,6.0,468.51700000000073,0.4445516782696058,0.6258278145695364,3,603.6810000000028,0.5301983295217951,0.6779661016949152,2,163,991.2689999999993,0.3851444641578934,0.6185133239831697,4,1496.4300000000026,0.5633845235226941,0.6666666666666666,4,163,0.19977525284055436,0.19977525284055436,0.0635033333333308,0.9391507940736838,0.38103535222923446,0.7513781117236029
0.5,60,10.0,8.0,530.4289999999996,0.3645351453514538,0.6423841059602649,4,699.9150000000027,0.4867454469700206,0.6991525423728814,3,163,199.185999999999,0.38631181987355895,0.5405405405405406,1,1057.8530000000017,0.5839270457278637,0.6838487972508591,4,163,0.1954865415661399,0.19774341802793757,0.15305666666666484,0.7890042987190622,0.3231913542442646,0.291871679043735
0.5,60,10.0,10.0,564.788,0.381587224776192,0.6506622516556292,3,715.418000000001,0.3316265674645019,0.7161016949152542,3,163,191.78199999999856,0.4099196947786258,0.5375494071146245,1,1492.3759999999993,0.5169577370389273,0.697594501718213,4,163,0.19527054734334437,0.19993602047344874,0.3186333333333331,0.7302130994211169,0.3914369827088706,0.5670029484153323
0.5,60,10.0,12.0,558.7220000000004,0.3751977568266292,0.6539735099337748,3,863.3940000000011,0.31179516063736923,0.7309322033898306,4,163,198.69599999999923,0.3921308887549615,0.5370370370370371,1,1764.1259999999993,0.49221724168077396,0.7096219931271478,4,163,0.19878225987599976,0.19878225987599976,0.3692966666666666,0.6381110497116507,0.3643950674524985,0.9214421549983343
0.5,60,10.0,15.0,192.6559999999995,0.3837433586140517,0.6242774566473989,1,728.0999999999997,0.3192747339377219,0.7438752783964365,4,140,197.20299999999907,0.3918593033009349,0.5226130653266332,1,1548.241999999998,0.5588043380837151,0.7164948453608248,4,163,0.19603192183815252,0.19674840469835228,0.39340666666666646,0.5914664778408762,0.4163344697174669,0.6431468773414912
0.5,60,12.0,6.0,460.84000000000015,0.46045361462076334,0.6192052980132451,3,189.36599999999953,0.5048607661132187,0.6222222222222222,0,53,687.2950000000003,0.4579614220538979,0.6129032258064516,3,1089.3080000000027,0.5366214094393629,0.6580756013745704,4,163,0.19396290459449628,0.197318442368215,0.11683666666666426,0.2993544266395345,0.682113242218904,0.48749979516815145
0.5,60,12.0,8.0,551.9239999999998,0.41876690039448927,0.6374172185430463,3,547.1970000000024,0.46348185942397674,0.690677966101695,3,163,199.33899999999903,0.3858404298584005,0.5405405405405406,1,1577.5820000000022,0.5171803758533885,0.6769759450171822,4,163,0.19977525284055436,0.19977525284055436,0.12611666666666443,0.5583524501605881,0.701120300266304,0.7615159750865899
0.5,60,12.0,10.0,572.4830000000002,0.40821927036687705,0.6456953642384106,3,654.7140000000013,0.3208497562324408,0.7055084745762712,3,163,193.93499999999858,0.4032952832220582,0.5375494071146245,1,1723.3709999999996,0.502421343959889,0.6890034364261168,4,163,0.18132962212040069,0.19505135214473598,0.35610666666666546,0.4285552758878364,0.7935362760718674,0.6533182523305043
0.5,60,12.0,12.0,547.7930000000003,0.4224546474232943,0.6490066225165563,3,981.2600000000016,0.2839933124155458,0.722457627118644,4,163,183.40199999999868,0.4389197027591789,0.5362903225806451,1,2087.884,0.46587593669843264,0.7027491408934707,4,163,0.1798748790341439,0.1981188614109035,0.40263000000000004,0.4765571343357353,0.6157304057979882,1.0798060333664052
0.5,60,12.0,15.0,192.6559999999995,0.3837433586140517,0.6242774566473989,1,1005.3740000000005,0.335108588435535,0.732484076433121,4,162,197.20299999999907,0.3918593033009349,0.5226130653266332,1,2072.3479999999986,0.46755650161292217,0.7096219931271478,4,163,0.19747430365623697,0.19747430365623697,0.4047166666666666,0.5916376968071828,0.668825476339566,0.8513884868691428
0.5,60,15.0,6.0,412.6600000000021,0.5420522273983445,0.6175496688741722,3,187.7859999999996,0.5479937417258405,0.6222222222222222,0,53,951.141000000001,0.4557957133591743,0.6115007012622721,4,1510.5480000000036,0.5552241145808362,0.654639175257732,4,163,0.19306634403135284,0.19793030873829265,0.18546999999999714,0.2874106191355983,0.9363031171372642,0.7038535984515193
0.5,60,15.0,8.0,704.5440000000012,0.4592116687512578,0.6357615894039735,3,634.7150000000024,0.4664807260768034,0.6864406779661016,3,163,197.9149999999986,0.3902277460779155,0.5375494071146245,1,1886.8940000000027,0.5678799311719762,0.6735395189003437,4,163,0.18803752288769163,0.1965787918513172,0.14972333333333143,0.7095040256061682,1.0129232052941033,0.589774655529473
0.5,60,15.0,10.0,562.7680000000007,0.4467664651963186,0.6440397350993378,3,1040.8110000000024,0.3762031898022511,0.701271186440678,4,163,199.93499999999858,0.38483431279037916,0.5375494071146245,1,2258.6520000000005,0.5426044442159792,0.6855670103092784,4,163,0.19990690050062393,0.19990690050062393,0.3186333333333331,0.6427867236279998,0.9059996614707555,0.8234758430939437
0.5,60,15.0,12.0,579.5460000000007,0.4253557597301558,0.6473509933774835,3,1115.3090000000016,0.3403402793228544,0.7161016949152542,4,163,186.40199999999868,0.42974182633622565,0.5362903225806451,1,3368.3589999999995,0.5269867848387392,0.697594501718213,4,163,0.19148544032475937,0.1995544116283682,0.5406066666666667,0.7890895794297483,0.8205179680366674,1.2375785443870866
0.5,60,15.0,15.0,192.6559999999995,0.3837433586140517,0.6242774566473989,1,1082.2670000000005,0.35990848041498,0.7266949152542372,4,163,197.20299999999907,0.3918593033009349,0.5226130653266332,1,2828.480999999999,0.5616203612338833,0.7061855670103093,4,163,0.19876089147572526,0.19916995919505465,0.40408333333333313,0.7808605851979329,0.9855960796808083,0.8989708495778066
0.5,60,20.0,6.0,612.3110000000008,0.5076334589346128,0.6175496688741722,3,188.27599999999984,0.49408571812441304,0.6166666666666667,0,53,1169.5970000000007,0.4691444735686113,0.6115007012622721,4,1247.6370000000038,0.5835437299421372,0.6460481099656358,4,163,0.19893074723361914,0.19920368327610236,0.13583666666666505,0.28648485257564316,0.46824721525830926,0.9384171512824719
0.5,60,20.0,8.0,682.2080000000001,0.4672215858470153,0.6357615894039735,3,594.1710000000032,0.5027905775428669,0.6779661016949152,4,163,197.38499999999885,0.39186066573826744,0.5405405405405406,1,1271.9030000000027,0.597170861347103,0.6666666666666666,4,163,0.19586168737291876,0.19803882155018795,0.188703333333333,0.699532543864327,0.3346648583006657,0.5723801246873834
0.5,60,20.0,10.0,548.9689999999998,0.41207413026505985,0.6423841059602649,3,784.2970000000018,0.41859033548784197,0.690677966101695,4,163,199.40499999999884,0.3864650318451767,0.5405405405405406,1,1848.6850000000006,0.5448024869879761,0.6769759450171822,4,163,0.17688392434674546,0.1997719270499511,0.37225333333333377,0.5135859267968013,0.5706531943951847,0.88894792502184
0.5,60,20.0,12.0,494.4079999999999,0.42470174220426693,0.6456953642384106,3,1170.0150000000015,0.3854280327135436,0.7076271186440678,4,163,198.74199999999905,0.39199016131647674,0.5370370370370371,1,3655.4670000000006,0.5333458972678253,0.6907216494845361,4,163,0.18788745916970642,0.1994324153459254,0.46330333333333473,0.8560380508939793,0.46476489474511173,2.062897424059483
0.5,60,20.0,15.0,192.6559999999995,0.3837433586140517,0.6242774566473989,1,1305.7510000000009,0.3461074015153659,0.7182203389830508,4,163,197.20299999999907,0.3918593033009349,0.5226130653266332,1,2996.709999999998,0.5607042999921732,0.6993127147766323,4,163,0.1864436800253566,0.19814634098013104,0.5088933333333345,0.7942244647291126,0.5202268440311857,1.4270557458836506
0.5,60,25.0,6.0,453.64100000000144,0.5333194210587987,0.6175496688741722,3,195.2180000000003,0.4891587073138816,0.6166666666666667,0,53,855.4760000000008,0.4817082663068846,0.6115007012622721,3,1469.6310000000026,0.5779937112490494,0.6443298969072165,4,163,0.19410408831736004,0.19846815661122152,0.17160999999999982,0.23291595895108141,0.30987033545709997,1.589060498809959
0.5,60,25.0,8.0,650.3310000000001,0.46825539904825686,0.6357615894039735,3,1034.2780000000025,0.4589712680817195,0.6758474576271186,4,163,197.38499999999885,0.39186066573826744,0.5405405405405406,1,2321.621000000002,0.53028410245154,0.6649484536082474,4,163,0.18500788596113854,0.19751883424383948,0.25701000000000107,0.6361153318854575,0.49699343905190196,1.5136078543038725
0.5,60,25.0,10.0,752.1310000000003,0.47951196484607106,0.6423841059602649,3,1005.912000000001,0.40005140397095595,0.6885593220338984,4,163,199.40499999999884,0.3864650318451767,0.5405405405405406,1,2234.658,0.5359710894010391,0.6752577319587629,4,163,0.17688814831717461,0.1993501186133203,0.3670133333333343,0.6464140803308429,0.4183302453639719,1.3334614235979863
0.5,60,25.0,12.0,567.6109999999999,0.472435798147517,0.6456953642384106,3,1231.5440000000008,0.36005143725402317,0.701271186440678,4,163,198.74199999999905,0.39199016131647674,0.5370370370370371,1,2590.6209999999996,0.5300207533454454,0.6855670103092784,4,163,0.19888208380692138,0.19888208380692138,0.4032433333333363,0.4447672416045678,0.4511828190355902,1.9351454361498317
0.5,60,25.0,15.0,192.6559999999995,0.3837433586140517,0.6242774566473989,1,1224.203,0.3764408729785277,0.711864406779661,4,163,197.20299999999907,0.3918593033009349,0.5226130653266332,1,3613.9209999999966,0.5878823066812451,0.6941580756013745,4,163,0.18659751673692296,0.19901149332834728,0.8478033333333352,0.8302903808305686,0.4842436219021169,1.3998078252444883
0.5,60,30.0,6.0,499.75800000000095,0.5344295673840828,0.6175496688741722,3,199.75800000000027,0.47110593343747487,0.6153846153846154,0,54,866.6490000000008,0.4689464449300869,0.6115007012622721,3,1406.197000000002,0.5784748575347736,0.6408934707903781,4,163,0.19622752581618372,0.1996491166774376,0.156743333333333,0.24743604890742965,0.22709747764438104,1.6472231582633126
0.5,60,30.0,8.0,490.1460000000002,0.47961157246671937,0.6341059602649006,3,960.0240000000017,0.4776723830646745,0.6716101694915254,4,163,197.38499999999885,0.39186066573826744,0.5405405405405406,1,2142.145000000001,0.6048114069943175,0.6615120274914089,4,163,0.18982986498350826,0.19437573802037983,0.24957666666666767,0.7924683826255856,0.3381169376201709,1.3824244143046993
0.5,60,30.0,10.0,535.5959999999998,0.41684652725914884,0.640728476821192,3,947.9420000000002,0.41137156912632244,0.684322033898305,4,163,199.40499999999884,0.3864650318451767,0.5405405405405406,1,2257.0669999999986,0.5325794338283684,0.6718213058419243,4,163,0.17802384629421147,0.19949291394935514,0.37208000000000085,0.3811682506365033,0.43956962087658646,1.757811020408663
0.5,60,30.0,12.0,503.7230000000002,0.4246330562929707,0.6440397350993378,3,1003.5629999999996,0.4044644112507456,0.6970338983050848,4,163,198.74199999999905,0.39199016131647674,0.5370370370370371,1,2243.8929999999987,0.6146375376779725,0.6821305841924399,4,163,0.19629878638275375,0.19834087855092117,0.3958100000000029,0.4455572988682788,0.2808710146914717,1.894102276054292
0.5,60,30.0,15.0,192.6559999999995,0.3837433586140517,0.6242774566473989,1,895.8159999999993,0.4724583231871125,0.7076271186440678,4,163,197.20299999999907,0.3918593033009349,0.5226130653266332,1,2830.7939999999967,0.6181765319696373,0.6907216494845361,4,163,0.1870876763009033,0.19939806708498747,0.589223333333335,0.6990542550134518,0.3323004791044506,1.6229659184199217
0.5,120,10.0,6.0,464.51500000000055,0.40979983842756995,0.6195121951219512,4,645.4640000000027,0.5085664824376153,0.6785714285714286,2,167,189.72199999999884,0.44473776633107204,0.5350553505535055,1,1581.8070000000025,0.5440774444997964,0.6672354948805461,4,167,0.19977525284055436,0.19977525284055436,0.13016999999999745,0.9515884041044058,0.5200623254464345,0.5726744792987108
0.5,120,10.0,8.0,533.2529999999999,0.3081465954128551,0.6373983739837399,4,747.6390000000029,0.48825001533940454,0.6995798319327731,3,167,194.1529999999991,0.40181839468592695,0.5342465753424658,1,1543.753000000001,0.5632389448931325,0.6843003412969283,4,167,0.19574202375720923,0.199892486398387,0.1800233333333312,0.8497035369357162,0.542059657181952,0.5288422020038559
0.5,120,10.0,10.0,553.5330000000006,0.31792697480965454,0.6455284552845528,3,778.5250000000015,0.34159348138203643,0.7163865546218487,4,167,196.1729999999991,0.3964093412510404,0.5342465753424658,1,1461.834999999999,0.526246929014814,0.6979522184300341,4,167,0.1997914676556347,0.19998400127989766,0.3627733333333323,0.46825590951784557,0.5723507754843653,0.5488247416126766
0.5,120,10.0,12.0,531.3190000000004,0.34174851439225257,0.6457990115321252,4,863.1170000000011,0.3287871557089346,0.7310924369747899,4,167,197.8069999999991,0.394850599468297,0.5373831775700935,1,2309.0239999999985,0.49062526401986106,0.7098976109215017,4,167,0.19949726688744385,0.19988628691233445,0.40263000000000004,0.5994310687779363,0.6389098143748437,1.0933578961110557
0.5,120,10.0,15.0,192.6559999999995,0.3837433586140517,0.6242774566473989,1,728.9639999999999,0.32508817378819543,0.738562091503268,4,150,197.20299999999907,0.3918593033009349,0.5226130653266332,1,1575.634999999998,0.55220267587974,0.7167235494880546,4,167,0.160379297037494,0.1972681646991911,0.3980499999999998,0.5966548645136649,0.37328439314817463,0.713326482789369
0.5,120,12.0,6.0,443.4300000000005,0.424968257218922,0.6130081300813008,3,606.7440000000033,0.4833103918841741,0.6659663865546218,3,167,191.36499999999887,0.4399291734956704,0.5350553505535055,1,1083.1100000000029,0.5474785016761385,0.6569965870307167,4,167,0.19396290459449628,0.19994501512084034,0.1768366666666641,0.2544363278959778,0.5221053106936415,0.6067259052676837
0.5,120,12.0,8.0,526.1170000000004,0.37378376801447044,0.6325203252032521,3,547.1860000000027,0.487779928704186,0.6890756302521008,3,167,194.30599999999913,0.4013470046707685,0.5342465753424658,1,1230.520000000002,0.5493349795162451,0.6757679180887372,4,167,0.19977525284055436,0.19977525284055436,0.15091333333333146,0.6614949286653566,0.44772875045104255,0.481625969272262
0.5,120,12.0,10.0,566.6730000000007,0.3846512741746354,0.640650406504065,3,585.880000000001,0.33528442348127474,0.7037815126050421,3,167,196.3259999999991,0.3959385865050325,0.5342465753424658,1,1851.7079999999992,0.489282628384639,0.6877133105802048,4,167,0.17922993856893873,0.1965954581534281,0.3186333333333331,0.44766045653327935,0.8032897953481866,0.7930605747219936
0.5,120,12.0,12.0,487.9000000000003,0.39078374696833745,0.6427406199021207,3,906.2820000000011,0.3218542580387919,0.7205882352941176,4,167,195.0919999999992,0.40315657763106943,0.5265700483091788,1,2291.9739999999993,0.46084590093568767,0.7013651877133106,4,167,0.176838724851323,0.19683973800630886,0.50394,0.4530056606868169,0.560434431105755,1.2405007360890905
0.5,120,12.0,15.0,192.6559999999995,0.3837433586140517,0.6242774566473989,1,947.1200000000001,0.34595511517912714,0.7289915966386554,4,167,197.20299999999907,0.3918593033009349,0.5226130653266332,1,2072.990999999998,0.4941935308590288,0.7081911262798635,4,167,0.1693493007144003,0.1990959385258111,0.3994399999999996,0.5938684997808623,0.621429649544128,0.9106066317600807
0.5,120,15.0,6.0,413.5660000000021,0.5034740409798163,0.6113821138211382,3,788.5470000000034,0.4920568058731511,0.6596638655462185,4,167,747.3470000000013,0.4503771966178455,0.606353591160221,4,1203.0570000000027,0.5565907816062793,0.6518771331058021,4,167,0.17374307742425887,0.19973684670446581,0.19537333333332896,0.2515671533579562,0.5441517555762019,0.73587020980958
0.5,120,15.0,8.0,531.0890000000009,0.3823279311724693,0.6308943089430894,3,592.4780000000026,0.4973350288141537,0.6827731092436975,3,167,197.30599999999913,0.39210406319707386,0.5342465753424658,1,1710.912000000002,0.5525530980819584,0.6706484641638225,4,167,0.1943800830391711,0.19567939887288638,0.21335666666666464,0.6631246102410189,0.6797662329510441,0.6824582658086429
0.5,120,15.0,10.0,682.3420000000017,0.4190826621571265,0.6390243902439025,3,941.0100000000016,0.3775681320151021,0.6974789915966386,4,167,199.3259999999991,0.386708101289193,0.5342465753424658,1,1735.8929999999993,0.5628985029141811,0.6825938566552902,4,167,0.1921701859166479,0.1993168415256706,0.34038666666666595,0.6810049836365637,0.6478706548769959,0.5584019290901374
0.5,120,15.0,12.0,640.0000000000011,0.4084945952074983,0.6416938110749185,3,1014.0750000000012,0.35242975931723386,0.7121848739495799,4,167,198.0919999999992,0.3939787012081162,0.5265700483091788,1,2264.3319999999994,0.5033562922162736,0.6945392491467577,4,167,0.1811323488790173,0.19842943105321395,0.39801666666666735,0.5748691598812592,0.5477965444778863,1.2148695335761777
0.5,120,15.0,15.0,192.6559999999995,0.3837433586140517,0.6242774566473989,1,1065.7930000000003,0.3723734864461481,0.7226890756302521,4,167,197.20299999999907,0.3918593033009349,0.5226130653266332,1,2838.495999999998,0.5678252325129688,0.7030716723549488,4,167,0.17648957198757537,0.19719043074277712,0.5841633333333343,0.7315975414992946,0.7346294991129367,0.9884441007190228
0.5,120,20.0,6.0,385.34100000000126,0.5077731255024525,0.6113821138211382,3,488.5760000000032,0.5400026868070915,0.6491596638655462,4,167,196.8659999999984,0.4238293139779944,0.5350553505535055,1,1127.3560000000036,0.5855005137556232,0.643344709897611,4,167,0.19893074723361914,0.19893074723361914,0.1832999999999978,0.22000619735768057,0.3954512918792874,0.8653839789792719
0.5,120,20.0,8.0,522.6410000000005,0.4329376428235415,0.6308943089430894,3,667.4550000000038,0.4808457924864248,0.6743697478991597,3,167,199.8059999999989,0.38440161196899575,0.536697247706422,1,1275.9270000000029,0.581299564391822,0.6638225255972696,4,167,0.1852649520395353,0.19858853200874757,0.2813533333333331,0.6127479800003166,0.23385273005887708,0.6680376035883138
0.5,120,20.0,10.0,549.3030000000001,0.41933641530318994,0.6373983739837399,3,779.4640000000018,0.43549587133232637,0.6869747899159664,4,167,194.37199999999893,0.4019507092089498,0.5342465753424658,1,1703.0600000000002,0.5313155634683783,0.674061433447099,4,167,0.17440339505275698,0.19899648913337026,0.37225333333333377,0.5135859267968013,0.3337356184411344,1.0492623877939016
0.5,120,20.0,12.0,522.5660000000003,0.4390894656011663,0.6400651465798045,3,1150.5810000000013,0.3638345114483191,0.7037815126050421,4,167,197.85299999999893,0.3947098720298123,0.5373831775700935,1,3348.6209999999996,0.5248295665130488,0.6877133105802048,4,167,0.1701003911245869,0.19994356138562708,0.46330333333333473,0.8560380508939793,0.28208334969758875,2.2055846091549
0.5,120,20.0,15.0,192.6559999999995,0.3837433586140517,0.6242774566473989,1,1143.9850000000008,0.3796458456912027,0.7142857142857143,4,167,197.20299999999907,0.3918593033009349,0.5226130653266332,1,2858.374999999998,0.5767597155851087,0.6962457337883959,4,167,0.18729880011706204,0.19792794185866758,0.5088933333333345,0.7942244647291126,0.4053088693750708,1.5043259226809798
0.5,120,25.0,6.0,333.1950000000015,0.5061659715397865,0.6113821138211382,3,199.4340000000027,0.49650847508974294,0.6432926829268293,2,110,196.8659999999984,0.4238293139779944,0.5350553505535055,1,1354.5790000000027,0.5952667267329758,0.6416382252559727,4,167,0.19410408831736004,0.1992136042970361,0.2101466666666647,0.20497790901379243,0.14657111507337772,1.7006294123158971
0.5,120,25.0,8.0,630.189000000001,0.45384461248035746,0.6308943089430894,3,935.0270000000037,0.5143710269579966,0.6722689075630253,4,167,199.8059999999989,0.38440161196899575,0.536697247706422,1,3274.824000000003,0.5785199037149499,0.6621160409556314,4,167,0.19624004081792812,0.1995450373149213,0.7715800000000006,0.9882496603784998,0.3389041197006146,1.3146511509558758
0.5,120,25.0,10.0,550.7150000000006,0.3969232985454286,0.6373983739837399,3,874.2680000000007,0.4049146312258608,0.6848739495798319,4,167,194.37199999999893,0.4019507092089498,0.5342465753424658,1,2052.9089999999997,0.5072790933858454,0.6723549488054608,4,167,0.1772764138163329,0.1999753363751803,0.3394633333333339,0.6189643115775236,0.2603068419199961,1.503825424528821
0.5,120,25.0,12.0,479.97100000000046,0.4113675706866702,0.6400651465798045,3,1174.596,0.3613385246106551,0.6974789915966386,4,167,197.85299999999893,0.3947098720298123,0.5373831775700935,1,2922.804999999998,0.5709789528467807,0.6825938566552902,4,167,0.17924278883855185,0.1995781140422609,0.5426166666666692,0.7688818781939759,0.18225117638148158,2.0200350277173644
0.5,120,25.0,15.0,192.6559999999995,0.3837433586140517,0.6242774566473989,1,938.906,0.4410562774492068,0.707983193277311,4,167,197.20299999999907,0.3918593033009349,0.5226130653266332,1,3476.511999999996,0.6133854355277466,0.6911262798634812,4,167,0.19329367591415877,0.1974752785635654,0.8727666666666687,0.8541622910844888,0.3885750928268876,1.4033758447907836
0.5,120,30.0,6.0,473.4020000000014,0.4837880930265567,0.6113821138211382,3,716.2290000000023,0.5187122327730634,0.6428571428571429,4,167,196.8659999999984,0.4238293139779944,0.5350553505535055,1,1356.0740000000017,0.5763250614134683,0.6382252559726962,4,167,0.19622752581618372,0.19931104814358314,0.2019466666666645,0.1966143811150891,0.06626958375822523,1.9475127914205035
0.5,120,30.0,8.0,516.7110000000002,0.3818369542583474,0.6292682926829268,3,763.5280000000021,0.48110207734343646,0.6680672268907563,4,167,199.8059999999989,0.38440161196899575,0.536697247706422,1,2702.3720000000003,0.6523668805127316,0.658703071672355,4,167,0.1949045454988419,0.19915161412383245,0.8315766666666666,0.9246969368831632,0.15677747740336345,1.2089536134552694
0.5,120,30.0,10.0,545.6360000000004,0.4211895285610182,0.6357723577235772,3,940.7939999999996,0.43389279803719577,0.680672268907563,4,167,194.37199999999893,0.4019507092089498,0.5342465753424658,1,1819.086999999998,0.5369827089830073,0.6689419795221843,4,167,0.15787666411871315,0.1994500165792825,0.36634333333333347,0.36352014988912074,0.19000520655345499,1.7350291005808125
0.5,120,30.0,12.0,505.06300000000056,0.4102296596696234,0.6384364820846905,3,1005.9519999999993,0.4228842964385484,0.6932773109243697,4,167,197.85299999999893,0.3947098720298123,0.5373831775700935,1,3211.6919999999964,0.619430124064959,0.6791808873720137,4,167,0.19697350213962572,0.19973435331009828,0.7278233333333348,0.7403650450373964,0.12364193842677818,2.1684365048359875
0.5,120,30.0,15.0,192.6559999999995,0.3837433586140517,0.6242774566473989,1,916.0019999999993,0.4892077653508481,0.7037815126050421,4,167,197.20299999999907,0.3918593033009349,0.5226130653266332,1,3042.459999999995,0.662612137584331,0.6877133105802048,4,167,0.1988190150506005,0.19960976291350446,0.9045000000000021,0.8108619935241068,0.2664357319868975,1.3219568037853975
0.5,240,10.0,6.0,435.59100000000035,0.4107101756391016,0.6185064935064936,4,587.7940000000026,0.5136549479795078,0.675,2,171,198.30299999999897,0.3984985440427096,0.5333333333333333,1,1554.1460000000022,0.5440021348576607,0.6644067796610169,4,171,0.17959366932315635,0.19961872822908172,0.13429999999999676,0.9363689793999328,0.40857181448020863,0.6744628539044488
0.5,240,10.0,8.0,533.2529999999999,0.3081465954128551,0.6363636363636364,3,707.215000000002,0.4678349921644395,0.6958333333333333,3,171,194.1729999999991,0.39132629071189184,0.5318181818181819,1,1457.2200000000007,0.5635200011983486,0.6813559322033899,4,171,0.19977525284055436,0.19977525284055436,0.13400333333333103,0.819033453752344,0.6308333212138264,0.44390717583876627
0.5,240,10.0,10.0,558.4660000000006,0.32306125763690535,0.6444805194805194,2,733.2710000000006,0.3393260593869425,0.7145833333333333,3,171,195.06799999999907,0.3807561664709077,0.5285714285714286,1,1553.5409999999981,0.5227140691797639,0.6966101694915254,4,171,0.19499330319874372,0.19998400127989766,0.3627733333333323,0.4919967125860967,0.563243471874304,0.6292335620597345
0.5,240,10.0,12.0,199.24999999999932,0.3773807180198706,0.5702479338842975,0,893.4300000000007,0.31145092733237145,0.7291666666666666,4,171,199.64899999999898,0.3659380131036982,0.5317073170731708,1,2407.9109999999982,0.49067030641302245,0.7084745762711865,4,171,0.19951600741867054,0.19951600741867054,0.3959633333333332,0.6067996055292719,0.6390171048134237,1.1832323732377343
0.5,240,10.0,15.0,192.6559999999995,0.3837433586140517,0.6242774566473989,1,729.0529999999992,0.3194706059289463,0.7391304347826086,4,151,197.20299999999907,0.3918593033009349,0.5226130653266332,1,1594.9049999999975,0.55207170296294,0.7152542372881356,4,171,0.16033590371829023,0.19718064540511637,0.402773333333333,0.591920291232602,0.3731339496157067,0.7337714220490179
0.5,240,12.0,6.0,439.84200000000055,0.40936761351855594,0.612012987012987,3,199.60200000000123,0.5257733428367756,0.6435045317220544,1,113,197.33399999999892,0.4014377578257722,0.5305343511450382,1,1050.5210000000027,0.5500731295225421,0.6542372881355932,4,171,0.17711628126655782,0.1994201858097571,0.16120666666666383,0.26388928758016883,0.525175395363521,0.5643903913652715
0.5,240,12.0,8.0,526.1170000000004,0.37378376801447044,0.6314935064935064,2,529.0390000000023,0.45748195913403683,0.6854166666666667,3,171,194.3259999999991,0.3908466819221987,0.5318181818181819,1,1198.5060000000012,0.5450611179415894,0.6728813559322034,4,171,0.18923579489678344,0.19675240480626752,0.17008999999999785,0.5518663806487869,0.5374219591847225,0.43104168805954757
0.5,240,12.0,10.0,516.0980000000002,0.4092479440132152,0.6396103896103896,2,637.7930000000006,0.3338595490636154,0.7020833333333333,4,171,197.06799999999907,0.37440716167740906,0.5285714285714286,1,1903.2239999999983,0.49033927304594654,0.6864406779661016,4,171,0.17973004547170185,0.19959781041202,0.3179999999999996,0.431957511380878,0.8195536527986778,0.8473885290965861
0.5,240,12.0,12.0,199.40299999999934,0.37690262140685693,0.5702479338842975,0,940.9050000000007,0.30735798200274916,0.71875,4,171,195.0919999999992,0.3804105147154585,0.5265700483091788,1,1779.9499999999987,0.5256651335590853,0.7,4,171,0.19633106325541477,0.19902147773447262,0.50394,0.3908932537202263,0.49463146924687584,0.8977024361639758
0.5,240,12.0,15.0,192.6559999999995,0.3837433586140517,0.6242774566473989,1,947.5899999999999,0.3370819739993495,0.7270833333333333,4,171,197.20299999999907,0.3918593033009349,0.5226130653266332,1,2430.0179999999973,0.5353051187743568,0.7067796610169491,4,171,0.19190990104303066,0.1999980000200001,0.46836999999999995,0.8101386798513515,0.67925948035205,0.8147762016642064
0.5,240,15.0,6.0,377.17500000000155,0.4878496126086603,0.6103896103896104,3,626.5690000000029,0.517200085570253,0.65625,4,171,190.87499999999886,0.4210294831351633,0.5330882352941176,1,1179.397000000003,0.5603678347146569,0.6491525423728813,4,171,0.16840119901653705,0.19932578054729772,0.1797266666666626,0.2874535909448048,0.5656585164587966,0.6532127272752732
0.5,240,15.0,8.0,531.0890000000009,0.3823279311724693,0.6298701298701299,2,568.3050000000019,0.5038680072334841,0.6791666666666667,3,171,197.3259999999991,0.38144258800664743,0.5318181818181819,1,1507.112000000001,0.5444616379698535,0.6677966101694915,4,171,0.17914966610980984,0.19981483824988827,0.2197366666666638,0.619445180790394,0.5948861689974001,0.5946385190326642
0.5,240,15.0,10.0,682.7020000000016,0.41881256892427965,0.637987012987013,2,901.9150000000011,0.40151920458939583,0.6958333333333333,4,171,196.77999999999906,0.3753214183676729,0.5342465753424658,1,1785.0939999999982,0.5701595933204014,0.6813559322033899,4,171,0.1950995861450033,0.19986334343892387,0.3729466666666652,0.44638539006127864,0.7341269641439343,0.727910528954772
0.5,240,15.0,12.0,199.89299999999935,0.3753714623194277,0.5679012345679012,0,1019.0400000000006,0.36426019928557973,0.7104166666666667,4,171,198.0919999999992,0.3708828638848061,0.5265700483091788,1,2249.4099999999994,0.5345107707378052,0.6932203389830508,4,171,0.1920473204597614,0.198583848927337,0.3941133333333331,0.4838248444650599,0.5040784033155754,1.409884188084551
0.5,240,15.0,15.0,192.6559999999995,0.3837433586140517,0.6242774566473989,1,1087.848,0.37159526697040196,0.7208333333333333,4,171,197.20299999999907,0.3918593033009349,0.5226130653266332,1,2944.185999999997,0.5682505016779779,0.7016949152542373,4,171,0.17663542322478276,0.19943921319417338,0.5075899999999993,0.7724314966270636,0.7791075683295294,1.0643772972108847
0.5,240,20.0,6.0,376.39400000000046,0.5151834020430321,0.6103896103896104,3,488.35000000000286,0.5352449887352163,0.6458333333333334,4,171,196.54799999999864,0.40382188789129114,0.5333333333333333,1,1087.4600000000034,0.5864510704915392,0.6406779661016949,4,171,0.19689561250943347,0.1986442529734553,0.18031333333333044,0.22056290137647938,0.39627111898823353,0.8020415603353945
0.5,240,20.0,8.0,522.6410000000005,0.4329376428235415,0.6298701298701299,2,488.12800000000266,0.5009557020447344,0.6708333333333333,3,171,199.82599999999888,0.3736058430770221,0.5342465753424658,1,1335.226000000002,0.5824522871062383,0.6610169491525424,4,171,0.17860411950401622,0.1992845683994458,0.2766633333333326,0.6142313687503127,0.24096601854592747,0.7403294466037369
0.5,240,20.0,10.0,532.6100000000001,0.42276550851033934,0.6363636363636364,2,815.4470000000013,0.43487408284524137,0.6854166666666667,4,171,195.1139999999989,0.3806101393606578,0.5285714285714286,1,1863.302999999999,0.5322323561964831,0.6728813559322034,4,171,0.17484988408909793,0.1988328511636695,0.37077666666666564,0.46230968818163776,0.37906876195227457,1.2468301694314396
0.5,240,20.0,12.0,198.54499999999916,0.37958371221709064,0.5414634146341464,0,1289.4820000000009,0.37289286757371864,0.7020833333333333,4,171,199.6949999999988,0.36579192245762876,0.5317073170731708,1,3641.378999999999,0.5256253588839764,0.6864406779661016,4,171,0.17178828382430805,0.1998824691081644,0.46347666666666787,0.8734884737941344,0.258755176027486,2.51695272938702
0.5,240,20.0,15.0,192.6559999999995,0.3837433586140517,0.6242774566473989,1,1194.1890000000003,0.4050214272863389,0.7125,4,171,197.20299999999907,0.3918593033009349,0.5226130653266332,1,3024.6669999999976,0.5728835211153449,0.6949152542372882,4,171,0.18696437627515586,0.1992076515658971,0.5103566666666672,0.7710606986870598,0.42516573621772547,1.6447095177180109
0.5,240,25.0,6.0,333.1950000000015,0.5061659715397865,0.6103896103896104,3,199.1350000000025,0.5202768462842989,0.6404833836858006,2,113,196.54799999999864,0.40382188789129114,0.5333333333333333,1,1310.4230000000025,0.594366368820404,0.6389830508474577,4,171,0.1738737328951714,0.1978126862220979,0.20332666666666466,0.2141452307215086,0.16454104913484646,1.5673274911201025
0.5,240,25.0,8.0,630.189000000001,0.45384461248035746,0.6298701298701299,2,746.7670000000016,0.49363971899892783,0.66875,4,171,199.82599999999888,0.3736058430770221,0.5342465753424658,1,2330.7620000000006,0.6234256303107533,0.6593220338983051,4,171,0.199809681278582,0.199809681278582,0.8326899999999993,0.697984929256996,0.22622766087809687,1.0360232083175362
0.5,240,25.0,10.0,516.6970000000001,0.43194878553944666,0.6363636363636364,2,912.6830000000004,0.40628265665518437,0.6833333333333333,4,171,195.1139999999989,0.3806101393606578,0.5285714285714286,1,2285.3909999999987,0.4877075759680273,0.6711864406779661,4,171,0.19916152995887304,0.19916152995887304,0.317300000000001,0.44576279764163873,0.41688909269433116,1.8230701100994309
0.5,240,25.0,12.0,198.54499999999916,0.37958371221709064,0.5414634146341464,0,1152.3550000000002,0.35001684047204484,0.6958333333333333,4,171,199.6949999999988,0.36579192245762876,0.5317073170731708,1,2808.3039999999974,0.5611842433723326,0.6813559322033899,4,171,0.19916152995887304,0.19916152995887304,0.5060066666666687,0.6225603250981593,0.20672890668907118,2.1745736041527324
0.5,240,25.0,15.0,192.6559999999995,0.3837433586140517,0.6242774566473989,1,962.3739999999996,0.44145332763465733,0.70625,4,171,197.20299999999907,0.3918593033009349,0.5226130653266332,1,2337.883999999997,0.6139789071601413,0.6898305084745763,4,171,0.19916152995887304,0.19916152995887304,0.4859800000000012,0.7984405353145139,0.35877236090773,1.1460802258912035
0.5,240,30.0,6.0,473.4020000000014,0.4837880930265567,0.6103896103896104,3,197.9280000000026,0.5226003145230474,0.6413373860182371,2,112,196.54799999999864,0.40382188789129114,0.5333333333333333,1,1180.858000000001,0.5743341664238921,0.635593220338983,4,171,0.17557566872382815,0.1971132760719261,0.2100899999999979,0.13322975976994278,0.11780706040209354,1.5678753006362798
0.5,240,30.0,8.0,516.7110000000002,0.3818369542583474,0.6282467532467533,2,747.1750000000011,0.4836106126728824,0.6645833333333333,4,171,199.82599999999888,0.3736058430770221,0.5342465753424658,1,2475.9339999999984,0.6606385261938997,0.6559322033898305,4,171,0.19592892351751223,0.19869720863538123,0.8319233333333325,0.8762266252044768,0.18019339928680056,1.0345671992071894
0.5,240,30.0,10.0,550.7640000000008,0.41848626229282987,0.6347402597402597,2,944.5499999999993,0.4354897257269732,0.6791666666666667,4,171,195.1139999999989,0.3806101393606578,0.5285714285714286,1,1862.6119999999974,0.5339925578831336,0.6677966101694915,4,171,0.15794419831473602,0.19890634660425444,0.37327333333333335,0.350995917297356,0.1943922412708876,1.8018387982827524
0.5,240,30.0,12.0,198.54499999999916,0.37958371221709064,0.5414634146341464,0,1009.116999999999,0.41719370891798424,0.6916666666666667,4,171,199.6949999999988,0.36579192245762876,0.5317073170731708,1,1997.8919999999985,0.5941692112752142,0.6779661016949152,4,171,0.1942355737597457,0.198760397653303,0.39761333333333604,0.4346600394959008,0.21151397270293693,1.7414876187287534
0.5,240,30.0,15.0,192.6559999999995,0.3837433586140517,0.6242774566473989,1,1012.6469999999988,0.4714479982115655,0.7020833333333333,4,171,197.20299999999907,0.3918593033009349,0.5226130653266332,1,3114.6959999999945,0.6585602666944498,0.6864406779661016,4,171,0.19851195438989463,0.1996316795512282,0.9399400000000013,0.7368956428205644,0.29778541057850383,1.374266687807205
0.5,9999,10.0,6.0,438.1390000000006,0.43452026635554725,0.6181229773462783,3,631.8660000000027,0.5065176409024723,0.6742738589211619,2,173,198.30299999999897,0.3984985440427096,0.5333333333333333,1,1422.8240000000026,0.5293199495823553,0.6638513513513513,4,173,0.1841569754058354,0.19886909773090317,0.14787333333333064,0.8196113392302378,0.3769823094293858,0.6490315522053145
0.5,9999,10.0,8.0,532.1600000000001,0.31327758712359205,0.6359223300970874,3,571.551000000002,0.49142287628705117,0.6950207468879668,3,173,194.1729999999991,0.39132629071189184,0.5318181818181819,1,1144.9200000000008,0.5558225194083972,0.6807432432432432,4,173,0.19171779141104273,0.1998161691244054,0.14972333333333143,0.7454952930705101,0.38014885782101615,0.37789438213064996
0.5,9999,10.0,10.0,557.0900000000008,0.3298421400448632,0.6440129449838188,2,757.978000000001,0.3374755344053423,0.7136929460580913,3,173,195.06799999999907,0.3807561664709077,0.5285714285714286,1,1675.398999999998,0.4954258277455993,0.6959459459459459,4,173,0.19466633703166966,0.1993225028129392,0.3113333333333328,0.5501626842907947,0.5404175562530138,0.7834796502870469
0.5,9999,10.0,12.0,199.24999999999932,0.3773807180198706,0.5702479338842975,0,893.4500000000007,0.29788038375304093,0.7282157676348547,4,173,199.64899999999898,0.3659380131036982,0.5317073170731708,1,2226.122999999998,0.4892127015843998,0.7077702702702703,4,173,0.17697188713087014,0.19938847554550243,0.4006066666666668,0.5995973173529523,0.532642883286071,1.1610264017015464
0.5,9999,10.0,15.0,192.6559999999995,0.3837433586140517,0.6242774566473989,1,908.9839999999997,0.35105047470307116,0.7365145228215768,4,173,197.20299999999907,0.3918593033009349,0.5226130653266332,1,1592.0699999999974,0.5339610051817865,0.714527027027027,4,173,0.17111018426428015,0.19760958274736654,0.3983699999999999,0.5937841915944955,0.2818683537488216,0.8575728936959668
0.5,9999,12.0,6.0,437.5090000000007,0.4342483931163167,0.6116504854368932,3,198.73800000000165,0.5447323208026904,0.6437125748502994,2,115,197.33399999999892,0.4014377578257722,0.5305343511450382,1,1052.7930000000028,0.5487952984405429,0.6537162162162162,4,173,0.18159998668266686,0.1996042845059655,0.18544666666666454,0.24162200464523287,0.48289825007983,0.6078256792604659
0.5,9999,12.0,8.0,535.5770000000005,0.3767641052570157,0.6310679611650486,2,492.3200000000022,0.4703958414885421,0.6846473029045643,3,173,194.3259999999991,0.3908466819221987,0.5318181818181819,1,1087.8880000000008,0.5515835360040022,0.6722972972972973,4,173,0.19164247180460114,0.1951574920961213,0.19078999999999802,0.6180826734072931,0.43050555412351166,0.3156412960400923
0.5,9999,12.0,10.0,516.6580000000004,0.41903497397822326,0.63915857605178,2,630.9430000000007,0.334778840275029,0.7012448132780082,3,173,197.06799999999907,0.37440716167740906,0.5285714285714286,1,1609.9719999999982,0.5135269140294443,0.6858108108108109,4,173,0.18639815391268397,0.19688785923830704,0.340139999999999,0.406464996194426,0.7065316964301505,0.6684131767553889
0.5,9999,12.0,12.0,199.40299999999934,0.37690262140685693,0.5702479338842975,0,973.7450000000008,0.2960328023443885,0.7178423236514523,4,173,195.0919999999992,0.3804105147154585,0.5265700483091788,1,2729.096999999998,0.46566685957376214,0.6993243243243243,4,173,0.17967885997356953,0.19958147764138637,0.5006733333333333,0.49558642564892796,0.797220027446252,1.255271271641862
0.5,9999,12.0,15.0,192.6559999999995,0.3837433586140517,0.6242774566473989,1,946.1829999999998,0.3242101405279793,0.7261410788381742,4,173,197.20299999999907,0.3918593033009349,0.5226130653266332,1,2385.5489999999972,0.5128369039507381,0.706081081081081,4,173,0.19752403620615622,0.19927191025789562,0.4701399999999998,0.8091632996403941,0.626170391155972,0.8385039794258269
0.5,9999,15.0,6.0,346.28100000000154,0.5082475768918248,0.610032362459547,3,599.7890000000029,0.5448566928285851,0.6556016597510373,2,173,190.87499999999886,0.4210294831351633,0.5330882352941176,1,1179.454000000003,0.5533265196193509,0.6486486486486487,4,173,0.17765828613051293,0.19899457988513097,0.38273666666666184,0.0901666019801397,0.4803592909708463,0.7618148521033525
0.5,9999,15.0,8.0,514.363000000001,0.38523136527338153,0.6294498381877023,2,523.0760000000021,0.46052697235400936,0.6784232365145229,3,173,197.3259999999991,0.38144258800664743,0.5318181818181819,1,1630.0940000000012,0.5451875473666588,0.6672297297297297,4,173,0.17506466451045358,0.19468106982114877,0.27006666666666423,0.5683454936748771,0.6367829094785393,0.6666025964784563
0.5,9999,15.0,10.0,679.8320000000019,0.4267039514200187,0.6375404530744336,2,806.1250000000011,0.4103677568191066,0.6950207468879668,3,173,196.77999999999906,0.3753214183676729,0.5342465753424658,1,1804.4389999999985,0.5463892625463738,0.6807432432432432,4,173,0.18092359686966017,0.1974773502735989,0.30633666666666537,0.5021676392762451,0.6620304704765236,0.8442018357812815
0.5,9999,15.0,12.0,199.89299999999935,0.3753714623194277,0.5679012345679012,0,1035.2500000000007,0.3439075007411797,0.7095435684647303,4,173,198.0919999999992,0.3708828638848061,0.5265700483091788,1,3372.4609999999984,0.49984345935138574,0.6925675675675675,4,173,0.19015783779672282,0.1996808434518828,0.5014799999999999,0.6721967658576846,0.7597005433923993,1.5443683367522714
0.5,9999,15.0,15.0,192.6559999999995,0.3837433586140517,0.6242774566473989,1,1112.5079999999998,0.33816637785790615,0.7199170124481328,4,173,197.20299999999907,0.3918593033009349,0.5226130653266332,1,2750.2149999999974,0.5492772046786536,0.7010135135135135,4,173,0.17957754382814456,0.19757509500069143,0.5005533333333332,0.8252355797639062,0.7223872677108145,0.9433195662849829
0.5,9999,20.0,6.0,386.9420000000007,0.5344028983000353,0.610032362459547,3,474.8300000000031,0.5231935346700505,0.6452282157676349,4,173,196.54799999999864,0.40382188789129114,0.5333333333333333,1,1118.375000000004,0.5855006662389552,0.6402027027027027,4,173,0.1915785272400706,0.1989121989121979,0.5663233333333302,0.18760068695906473,0.11168354090135546,0.8027402780576212
0.5,9999,20.0,8.0,524.8570000000009,0.434543761822,0.6294498381877023,2,607.5920000000026,0.4741992243047011,0.6701244813278008,3,173,199.82599999999888,0.3736058430770221,0.5342465753424658,1,1908.4770000000028,0.6270029368784791,0.660472972972973,4,173,0.17801877564026633,0.19890535751580457,0.7927199999999985,0.7382431909798164,0.1974873108663937,0.7047933990604522
0.5,9999,20.0,10.0,554.0510000000004,0.43103296291086435,0.6359223300970874,2,792.6570000000013,0.43539358124455624,0.6846473029045643,4,173,195.1139999999989,0.3806101393606578,0.5285714285714286,1,1832.4359999999997,0.5192471109833945,0.6722972972972973,4,173,0.19905746291310633,0.19968699064216888,0.36758666666666606,0.5846405834121413,0.2480942566216513,1.2582631285769925
0.5,9999,20.0,12.0,198.54499999999916,0.37958371221709064,0.5414634146341464,0,1152.4660000000008,0.3850127818008534,0.7012448132780082,4,173,199.6949999999988,0.36579192245762876,0.5317073170731708,1,3648.9209999999994,0.5270790644163131,0.6858108108108109,4,173,0.19905746291310633,0.1997378440796457,0.4675100000000012,0.8540475590171972,0.2727975497702917,2.5122218147481883
0.5,9999,20.0,15.0,192.6559999999995,0.3837433586140517,0.6242774566473989,1,1192.7490000000003,0.3728723067223004,0.7116182572614108,4,173,197.20299999999907,0.3918593033009349,0.5226130653266332,1,2977.1809999999987,0.585026518655775,0.6942567567567568,4,173,0.19905746291310633,0.19968240513463353,0.4027600000000007,0.8891185947703066,0.3914331428916442,1.6914049328274512
0.5,9999,25.0,6.0,361.1590000000017,0.52291014905619,0.610032362459547,3,198.7650000000026,0.538543509451303,0.6424242424242425,2,113,196.54799999999864,0.40382188789129114,0.5333333333333333,1,1698.6120000000033,0.607233095451194,0.6385135135135135,4,173,0.17657133776331116,0.19372523949282727,0.7063566666666641,0.15521569347558128,0.13908377764587798,1.5216474765888894
0.5,9999,25.0,8.0,618.8720000000012,0.46934047661734507,0.6294498381877023,2,744.5020000000015,0.473410628260488,0.6680497925311203,4,173,199.82599999999888,0.3736058430770221,0.5342465753424658,1,2329.764000000001,0.6241864793467814,0.6587837837837838,4,173,0.18119815467799263,0.19924883190372314,0.8328299999999997,0.697931613952196,0.17797443461160256,1.1184217704889408
0.5,9999,25.0,10.0,514.4970000000003,0.4402485407644512,0.6359223300970874,2,890.1020000000003,0.40536809297700516,0.6825726141078838,4,173,195.1139999999989,0.3806101393606578,0.5285714285714286,1,1998.6789999999983,0.49197491735914206,0.6706081081081081,4,173,0.19661140247828662,0.19661140247828662,0.37214000000000014,0.380867355614829,0.31943816488776644,1.6649088865451862
0.5,9999,25.0,12.0,198.54499999999916,0.37958371221709064,0.5414634146341464,0,1054.628,0.3714390610479459,0.6950207468879668,4,173,199.6949999999988,0.36579192245762876,0.5317073170731708,1,2944.7009999999977,0.5650432128389054,0.6807432432432432,4,173,0.19661140247828662,0.19974507534758829,0.5613733333333357,0.7233717325773013,0.15580465978236857,2.15609294967638
0.5,9999,25.0,15.0,192.6559999999995,0.3837433586140517,0.6242774566473989,1,957.3209999999997,0.41569088304390206,0.7053941908713693,4,173,197.20299999999907,0.3918593033009349,0.5226130653266332,1,2371.847999999997,0.6094114389616633,0.6891891891891891,4,173,0.19682811492793686,0.19976926649719615,0.543346666666668,0.7142357301448763,0.36618461933883917,1.1873696209115647
0.5,9999,30.0,6.0,444.9660000000015,0.509014831949924,0.610032362459547,3,467.0530000000026,0.5377179811330159,0.6390041493775933,3,173,196.54799999999864,0.40382188789129114,0.5333333333333333,1,1482.6040000000025,0.6282837989119839,0.6351351351351351,4,173,0.17528381370836213,0.19870642119799975,0.7227099999999973,0.2638401123810836,0.04812690130731623,1.1656373611606083
0.5,9999,30.0,8.0,483.42900000000077,0.3941681994863605,0.627831715210356,2,743.2450000000013,0.47821915233663403,0.6639004149377593,4,173,199.82599999999888,0.3736058430770221,0.5342465753424658,1,2473.6149999999984,0.6431148306852134,0.6554054054054054,4,173,0.19170515746781486,0.19946311179076373,0.8494633333333332,0.8853361065101779,0.12289662714686744,1.1058942717401035
0.5,9999,30.0,10.0,549.2410000000009,0.42667003325121095,0.6343042071197411,2,851.7479999999991,0.42523585235293426,0.6784232365145229,4,173,195.1139999999989,0.3806101393606578,0.5285714285714286,1,1442.3239999999976,0.5662292760749309,0.6672297297297297,4,173,0.19769487772571803,0.19920616343869685,0.3702466666666677,0.3517712139420135,0.11365575027263652,1.330712275020446
0.5,9999,30.0,12.0,198.54499999999916,0.37958371221709064,0.5414634146341464,0,917.406999999999,0.42318958283342856,0.6908713692946058,4,173,199.6949999999988,0.36579192245762876,0.5317073170731708,1,1855.2229999999981,0.6015644377634035,0.6773648648648649,4,173,0.19769487772571803,0.19980485725608013,0.4046300000000018,0.4419811622989669,0.11210348317657415,1.7454158546096044
0.5,9999,30.0,15.0,192.6559999999995,0.3837433586140517,0.6242774566473989,1,904.0569999999989,0.4598557748565543,0.7012448132780082,4,173,197.20299999999907,0.3918593033009349,0.5226130653266332,1,2281.500999999996,0.6516096668617886,0.6858108108108109,4,173,0.19769487772571803,0.19942943239392183,0.5639133333333348,0.6810202611397864,0.20372997790008673,1.4031711522681922
1.0,30,10.0,6.0,197.0349999999985,0.3737982717359909,0.5684647302904564,0,630.7990000000009,0.48762013741135385,0.6943820224719102,3,136,197.97799999999847,0.3801584841625462,0.527363184079602,1,1830.9779999999985,0.5648426824054122,0.6792792792792792,4,136,0.19977525284055436,0.19977525284055436,0.20707666666666458,1.0165744788373052,0.6199674631084207,0.5477701191400015
1.0,30,10.0,8.0,582.7539999999979,0.3119790748621393,0.6496478873239436,2,638.9159999999997,0.45547198987840026,0.7123595505617978,3,136,193.79599999999868,0.3932137478434886,0.527363184079602,0,1555.5219999999974,0.5740710928226089,0.6936936936936937,4,136,0.1885863753887241,0.1987899372533766,0.3094433333333335,0.9959193855913342,0.3372930491554842,0.4835377798462992
1.0,30,10.0,10.0,463.10899999999833,0.32781847267828595,0.6549295774647887,2,755.0019999999988,0.3440573926291046,0.7280898876404495,3,136,196.35299999999847,0.3852076360209325,0.5326633165829145,0,1487.1419999999962,0.5225464854658959,0.7063063063063063,4,136,0.19798500758530155,0.1997718605352695,0.37068000000000056,0.7807219774126686,0.29894843220801515,0.5635331002100656
1.0,30,10.0,12.0,198.8069999999991,0.37396832794339746,0.5435897435897435,0,800.1539999999993,0.319734468136938,0.7370786516853932,4,136,196.0659999999989,0.38610624927594633,0.5343137254901961,0,2141.969999999996,0.4743069893944309,0.7135135135135136,4,136,0.19900992562004094,0.19942217425011002,0.37319666666666773,0.8108476814440235,0.4825434486826288,0.9367342694648169
1.0,30,10.0,15.0,193.54699999999934,0.38265276829743083,0.6260869565217392,1,734.9609999999989,0.33376790081321467,0.7432432432432432,3,135,195.2809999999988,0.387989256646435,0.5233160621761658,0,1496.5119999999963,0.5415638655212408,0.7189189189189189,4,136,0.1996980565385145,0.19986808706253933,0.37104000000000115,0.8313251254522074,0.22604301914646419,0.6204575576711535
1.0,30,12.0,6.0,195.7689999999984,0.3778217771435697,0.5877192982456141,0,460.13899999999876,0.4856822844908777,0.6831460674157304,3,136,195.97799999999847,0.3864202053218413,0.527363184079602,1,1149.8409999999983,0.5445100289558128,0.6702702702702703,4,136,0.19396290459449628,0.1978550533664546,0.22637666666666445,0.08033420944625402,0.9016350960703863,0.5212736541150862
1.0,30,12.0,8.0,459.33399999999824,0.4121377569436651,0.6461267605633803,2,465.32799999999907,0.45013248217373164,0.7033707865168539,3,136,195.79599999999868,0.38695163456812154,0.527363184079602,0,1371.004999999997,0.5199527718804238,0.6864864864864865,4,136,0.19977525284055436,0.19977525284055436,0.27243666666666666,0.36245418894456827,0.6420299524506261,0.6053828724656201
1.0,30,12.0,10.0,395.8469999999984,0.409460336888299,0.6514084507042254,2,707.6189999999986,0.36736716731033,0.7168539325842697,3,136,198.35299999999847,0.3789455227455654,0.5326633165829145,0,1324.1629999999964,0.5206671257495106,0.6972972972972973,4,136,0.19759663216300213,0.19970593301363745,0.37490999999999985,0.3389167290949917,0.6589131706221789,0.44533560076100165
1.0,30,12.0,12.0,199.7109999999991,0.37112168455790717,0.5732758620689655,0,850.0119999999986,0.3261343961477778,0.7280898876404495,4,136,198.71199999999885,0.3778214734126359,0.5365853658536586,0,2488.568999999995,0.4688968710402766,0.7063063063063063,4,136,0.17447325434056804,0.19738221832940694,0.5878866666666682,0.6292241679716808,0.6023164331722273,1.0011507202254193
1.0,30,12.0,15.0,193.54699999999934,0.38265276829743083,0.6260869565217392,1,818.1629999999982,0.3430520118759197,0.7348314606741573,4,136,195.2809999999988,0.387989256646435,0.5233160621761658,0,1513.3559999999964,0.4938731955777541,0.7117117117117117,4,136,0.19834264882640726,0.1997617840724933,0.38092333333333417,0.5598572935499624,0.43042000083563625,0.6372003859984707
1.0,30,15.0,6.0,439.8089999999984,0.41228267012399866,0.6302816901408451,2,191.11599999999908,0.46682661459060104,0.6294117647058823,0,43,192.81599999999867,0.3963199864746862,0.5333333333333333,1,827.1139999999984,0.5589311619996085,0.6630630630630631,4,136,0.17961006654553008,0.19830973998287976,0.23970999999999787,0.04799778442807767,0.6987561704005505,0.24920179908595852
1.0,30,15.0,8.0,491.6949999999986,0.423392189295114,0.6443661971830986,2,719.4909999999998,0.4517723977849972,0.6966292134831461,3,136,198.79599999999868,0.377558464655071,0.527363184079602,0,1696.7309999999973,0.5509870202527773,0.6810810810810811,4,136,0.19648778091612412,0.19648778091612412,0.29477000000000086,0.5391433742414984,0.7073334325776781,0.6622704708684284
1.0,30,15.0,10.0,510.6249999999984,0.38890716784900364,0.6496478873239436,2,749.753999999999,0.3889996457324659,0.7101123595505618,3,136,194.79599999999868,0.3900826912058051,0.527363184079602,0,1531.6589999999965,0.5478138802341922,0.6918918918918919,4,136,0.18593253066259907,0.1998105130301437,0.3848166666666679,0.35551517047984293,0.6916852232651769,0.6077725608008764
1.0,30,15.0,12.0,190.7109999999991,0.39946216074088586,0.5708154506437768,0,826.3599999999988,0.3342859885371744,0.7191011235955056,4,136,194.01299999999878,0.39253430855311094,0.525,0,1780.164999999996,0.5261326864697183,0.6990990990990991,4,136,0.19433229851384448,0.19961241921935038,0.36815666666666846,0.5779089626675251,0.4223235461238175,0.9325148046224114
1.0,30,15.0,15.0,193.54699999999934,0.38265276829743083,0.6260869565217392,1,944.8489999999986,0.34597167522751004,0.7280898876404495,4,136,195.2809999999988,0.387989256646435,0.5233160621761658,0,1971.1229999999962,0.5739820570437534,0.7063063063063063,4,136,0.19718631559834196,0.19790654457152276,0.3961366666666686,0.718112601201883,0.5454395121842732,0.7723965784360209
1.0,30,20.0,6.0,289.373999999998,0.42059801581278716,0.6285211267605634,2,498.95700000000033,0.48456158824379103,0.6674157303370787,3,136,198.06999999999812,0.3798704449892198,0.527363184079602,1,975.5019999999997,0.5534911772144516,0.6576576576576577,4,136,0.19922799153281015,0.19974931461016437,0.2107433333333324,0.07678203197484779,0.7450295567510072,0.4293027712739306
1.0,30,20.0,8.0,431.97699999999804,0.41472722631842274,0.6426056338028169,2,833.0080000000005,0.4280577592603159,0.6898876404494382,4,136,193.8419999999985,0.3930697192381557,0.527363184079602,0,1648.1029999999985,0.5873199087858213,0.6756756756756757,4,136,0.18593840790238203,0.1992086436630487,0.3174766666666695,0.5347672191537831,0.5201020102010177,0.7873306994988643
1.0,30,20.0,10.0,444.9669999999983,0.39841005921173056,0.647887323943662,2,765.5669999999991,0.3866668936201829,0.701123595505618,4,136,196.3989999999983,0.3850636074155996,0.5326633165829145,0,1635.4399999999969,0.5224115540513967,0.6846846846846847,4,136,0.19676518043367106,0.19854729562037837,0.3802166666666684,0.5585934575489313,0.37666012250545555,0.8407996037999219
1.0,30,20.0,12.0,198.85299999999893,0.373823476620685,0.5435897435897435,0,1071.6899999999987,0.41774372996939124,0.7123595505617978,4,136,196.11199999999872,0.3859622206706135,0.5343137254901961,0,3007.3339999999957,0.5153371703866665,0.6936936936936937,4,136,0.18400195042067505,0.19878048174449764,0.6472900000000019,0.8956892836112591,0.2215024150721827,1.6280211896177224
1.0,30,20.0,15.0,193.54699999999934,0.38265276829743083,0.6260869565217392,1,866.7479999999989,0.3985965943215653,0.7213483146067415,4,136,195.2809999999988,0.387989256646435,0.5233160621761658,0,2664.886999999995,0.5605981912464258,0.7009009009009008,4,136,0.18503321808847817,0.19922561005372214,0.6711600000000029,0.9488419221778013,0.26798990428310354,1.1510331450729612
1.0,30,25.0,6.0,325.3569999999968,0.43059249166001184,0.6285211267605634,2,562.5589999999997,0.4937185315539915,0.6651685393258427,4,136,198.06999999999812,0.3798704449892198,0.527363184079602,1,1080.4709999999993,0.558328512424491,0.6558558558558558,4,136,0.19438707325962803,0.19991253826450908,0.22337666666666567,0.0828090558100143,0.7299002277273778,0.5716604773146801
1.0,30,25.0,8.0,350.63299999999754,0.41127162390389754,0.6408450704225352,2,777.7540000000001,0.42831230578624047,0.6876404494382022,4,136,193.8419999999985,0.3930697192381557,0.527363184079602,0,2081.1879999999974,0.5217275625969159,0.6738738738738739,4,136,0.18380241240666256,0.1990039850548002,0.3135166666666691,0.49820456535255,0.5755883972051616,1.2373842707065696
1.0,30,25.0,10.0,369.59599999999773,0.39059857747258836,0.6461267605633803,2,833.1899999999987,0.3907036668730581,0.698876404494382,4,136,196.3989999999983,0.3850636074155996,0.5326633165829145,0,2185.9559999999974,0.49443833024013395,0.6828828828828829,4,136,0.17292162615497306,0.199263720552559,0.33476000000000194,0.522440988142685,0.3728962580458859,1.611793212546424
1.0,30,25.0,12.0,198.85299999999893,0.373823476620685,0.5435897435897435,0,733.8699999999985,0.38567608473268367,0.7056179775280899,4,136,196.11199999999872,0.3859622206706135,0.5343137254901961,0,3143.4439999999945,0.5419873642496931,0.6882882882882883,4,136,0.17732540097706367,0.19858803904240813,0.786200000000002,0.7915668271563423,0.2129258595313226,1.6995235494364773
1.0,30,25.0,15.0,193.54699999999934,0.38265276829743083,0.6260869565217392,1,845.2009999999989,0.3983958754945325,0.7146067415730337,4,136,195.2809999999988,0.387989256646435,0.5233160621761658,0,2695.664999999995,0.5970350445601145,0.6954954954954955,4,136,0.1961428508382665,0.1983475172469377,0.8205266666666693,0.8102453868660671,0.33780899785572327,1.038055743517826
1.0,30,30.0,6.0,277.4439999999977,0.42095349100561136,0.6285211267605634,2,461.81500000000005,0.48282713859924387,0.6606741573033708,4,136,198.06999999999812,0.3798704449892198,0.527363184079602,1,900.1709999999991,0.5588225675829047,0.6522522522522523,4,136,0.19651674076985415,0.197793123227588,0.22850999999999888,0.07703640996003491,0.3028782325007209,0.7405674332087464
1.0,30,30.0,8.0,357.1449999999975,0.4013100009776143,0.6408450704225352,2,749.856,0.47140087251575385,0.6831460674157304,4,136,193.8419999999985,0.3930697192381557,0.527363184079602,0,1906.9589999999973,0.5915787832775418,0.6702702702702703,4,136,0.19071253779982159,0.19576511123128956,0.31360666666666925,0.6546201044452651,0.27436753898437716,1.2948893988752794
1.0,30,30.0,10.0,428.8589999999981,0.40569758398850747,0.6461267605633803,2,690.8989999999981,0.4261263503472185,0.6943820224719102,4,136,196.3989999999983,0.3850636074155996,0.5326633165829145,0,1257.0259999999967,0.5975224837111728,0.6792792792792792,4,136,0.19949477947099056,0.1996044505138988,0.3939933333333352,0.40689816785350197,0.20171934965208083,0.7778560376552612
1.0,30,30.0,12.0,198.85299999999893,0.373823476620685,0.5435897435897435,0,673.639999999998,0.44063994608878654,0.701123595505618,3,136,196.11199999999872,0.3859622206706135,0.5343137254901961,0,1911.397999999994,0.6194835629735913,0.6846846846846847,3,136,0.18685243951430952,0.19960677465393215,0.6625566666666685,0.7331459378828162,-0.0765794113155902,1.3945214334571943
1.0,30,30.0,15.0,193.54699999999934,0.38265276829743083,0.6260869565217392,1,736.4879999999982,0.43105164932364637,0.7101123595505618,4,136,195.2809999999988,0.387989256646435,0.5233160621761658,0,1810.8799999999942,0.635782287450853,0.6918918918918919,4,136,0.18268844312908844,0.19941504918904704,0.673093333333336,0.6457898343985542,0.19091890740229256,0.8407367500864036
1.0,60,10.0,6.0,487.3119999999981,0.3541417705754154,0.6308724832214765,3,775.1450000000013,0.49885509854563326,0.6885964912280702,3,147,194.21999999999844,0.4154648111140568,0.5433962264150943,1,1834.450999999999,0.560494614940199,0.6749116607773852,4,147,0.19977525284055436,0.19977525284055436,0.19374333333333116,1.2665983474951408,0.523246287825494,0.48364229557014426
1.0,60,10.0,8.0,524.2609999999986,0.35790644324995696,0.6459731543624161,2,747.031,0.45613974204794694,0.706140350877193,3,147,195.61199999999917,0.3922450754986664,0.5420560747663551,1,1714.356999999998,0.5363163391132513,0.6890459363957597,4,147,0.18904552097991792,0.19988107076289677,0.2991033333333333,1.2237517672445906,0.2696451339329451,0.5580007215839962
1.0,60,10.0,10.0,454.91699999999923,0.36505469798023654,0.6526845637583892,2,844.799999999999,0.32859443816374767,0.7236842105263158,4,147,199.61199999999917,0.3798173118747305,0.5420560747663551,1,2186.201999999996,0.46084580320630836,0.7031802120141343,4,147,0.1769647884312224,0.19958068098924198,0.3710833333333343,0.8980295386859525,0.5680684302817784,0.7858180267635595
1.0,60,10.0,12.0,462.56799999999976,0.39322432892007914,0.6537162162162162,2,747.1099999999994,0.33122813956075214,0.7324561403508771,4,147,199.647999999999,0.3820018820266474,0.5320197044334976,1,2202.534999999996,0.5081644840190653,0.7102473498233216,4,147,0.19110684305828354,0.19623501323223638,0.3685466666666677,0.8958140509153234,0.537265225418283,0.8407610308097997
1.0,60,10.0,15.0,193.54699999999934,0.38265276829743083,0.6260869565217392,1,767.4299999999994,0.32183850244521855,0.7399103139013453,4,137,193.96599999999876,0.39679686528175523,0.5255102040816326,0,2119.4009999999957,0.5236508057648455,0.7173144876325088,4,147,0.19132637808802833,0.19980019980019953,0.3806666666666676,0.9423635924674036,0.43488161366864886,0.8359313618058226
1.0,60,12.0,6.0,197.6329999999998,0.47201703369069486,0.5986547085201793,2,584.4849999999992,0.4453758661262935,0.6754385964912281,3,147,199.3849999999984,0.3999199431777171,0.5720930232558139,2,1154.5769999999986,0.5438950643947081,0.6643109540636042,4,147,0.19396290459449628,0.19693238425052978,0.22637666666666445,0.18833800382155585,0.7327729554785511,0.5240391405758105
1.0,60,12.0,8.0,445.7109999999989,0.42262286538924076,0.6409395973154363,2,475.2019999999991,0.4634644525252214,0.6973684210526315,3,147,197.61199999999917,0.38603119368669847,0.5420560747663551,1,1528.9889999999973,0.5386138462843761,0.6819787985865724,4,147,0.19977525284055436,0.19977525284055436,0.20577,0.7334870387110852,0.5899520935929135,0.5336066897428171
1.0,60,12.0,10.0,472.46899999999937,0.42189490347394826,0.6476510067114094,2,874.5389999999986,0.32900896911557675,0.7127192982456141,4,147,199.61199999999917,0.3798173118747305,0.543778801843318,1,1725.6519999999962,0.4927261735444501,0.6943462897526502,4,147,0.18086207910003108,0.19934912510652694,0.3870200000000008,0.4157762685469528,0.73931317081782,0.684134711101918
1.0,60,12.0,12.0,497.9739999999997,0.4073707250459298,0.6510067114093959,2,911.7449999999992,0.28189986871195655,0.7236842105263158,4,147,194.40199999999913,0.39824055272151104,0.539906103286385,1,1734.1129999999964,0.4872242635798466,0.7031802120141343,4,147,0.1899982543910386,0.19985909933496945,0.3728533333333348,0.5684462530593177,0.49404310390201145,0.7967978879157185
1.0,60,12.0,15.0,193.54699999999934,0.38265276829743083,0.6260869565217392,1,913.5559999999982,0.3123784891366564,0.734065934065934,4,146,193.96599999999876,0.39679686528175523,0.5255102040816326,0,1845.272999999996,0.4883569845241373,0.7102473498233216,4,147,0.17965045411143601,0.19875322104438933,0.3716400000000013,0.6605936445908982,0.48871906468555504,0.8139408005520674
1.0,60,15.0,6.0,427.64499999999884,0.4751918205939136,0.62248322147651,3,657.9089999999997,0.4611385044305262,0.6666666666666666,3,147,751.4409999999978,0.44426234171467877,0.6156028368794326,3,1470.245999999999,0.5382443899170964,0.657243816254417,4,147,0.18313732552354411,0.19354292419165586,0.23970999999999787,0.22485903961410525,1.0464590453987657,0.5771008939700473
1.0,60,15.0,8.0,465.69199999999955,0.42841991751064434,0.639261744966443,2,799.2749999999996,0.43891041377066653,0.6907894736842105,3,147,194.984999999999,0.3941931274467189,0.54337899543379,1,1858.9049999999977,0.5892456794519165,0.676678445229682,4,147,0.19648778091612412,0.1999167846383944,0.28810333333333427,0.676105177897218,0.881900388915217,0.5250614280850445
1.0,60,15.0,10.0,508.3909999999996,0.46060069963925976,0.6459731543624161,2,1041.898999999999,0.37583071783667144,0.706140350877193,4,147,196.984999999999,0.38797924563475095,0.54337899543379,1,1664.7439999999967,0.5708193056917386,0.6890459363957597,4,147,0.19542127942311716,0.19975230713914854,0.3968466666666677,0.47922940718856943,0.6644334279219877,0.6135242850939788
1.0,60,15.0,12.0,461.5,0.4281886312643239,0.6493288590604027,2,931.3329999999992,0.35281078136493427,0.7149122807017544,4,147,197.40199999999913,0.3889542370363048,0.539906103286385,1,2546.7859999999964,0.5500121084755238,0.696113074204947,4,147,0.18889558418792912,0.19948711861803337,0.4007633333333349,0.870013730608783,0.5636712079141364,1.0726033662492935
1.0,60,15.0,15.0,193.54699999999934,0.38265276829743083,0.6260869565217392,1,743.7849999999992,0.357056124759611,0.725,4,131,193.96599999999876,0.39679686528175523,0.5255102040816326,0,2566.0709999999954,0.5699518740531968,0.7049469964664311,4,147,0.18690702910609772,0.19997925215258977,0.3995500000000016,0.8476796113036282,0.7557529493049506,0.8839480467611487
1.0,60,20.0,6.0,350.1569999999981,0.46260419098103334,0.6208053691275168,3,642.9280000000008,0.4884677520996367,0.6600877192982456,4,147,199.98499999999808,0.39811415019382573,0.5433962264150943,1,1023.5180000000007,0.5786254374670694,0.6519434628975265,4,147,0.19922799153281015,0.19974133497121194,0.22337666666666567,0.1933146782266597,0.5583954772331838,0.4996205228287014
1.0,60,20.0,8.0,401.4419999999984,0.4805164176379306,0.6375838926174496,2,877.2740000000013,0.4454871008695236,0.6842105263157895,4,147,195.657999999999,0.3921021562169917,0.5420560747663551,1,2470.4519999999984,0.5719608569222342,0.6713780918727915,4,147,0.18593840790238203,0.19903542457366008,0.5469433333333358,0.9617288286793504,0.42953081320950304,0.8982275181873798
1.0,60,20.0,10.0,494.5009999999993,0.4306260231400565,0.6442953020134228,2,859.1559999999995,0.40390510586987544,0.6973684210526315,4,147,199.657999999999,0.3796743925930558,0.5420560747663551,1,2169.6389999999974,0.5423667162212314,0.6819787985865724,4,147,0.19486229325313706,0.19972720592457507,0.38115666666666814,0.8050740080174315,0.4328122931783429,1.0245987688018094
1.0,60,20.0,12.0,456.3489999999997,0.4419567516016005,0.6476510067114094,2,1056.8039999999992,0.42782177518289505,0.7083333333333334,4,147,199.69399999999882,0.3818594918528081,0.5320197044334976,1,4207.6739999999945,0.5418334094480283,0.6908127208480566,4,147,0.18882687761776074,0.19996957605735757,0.8457700000000015,1.1802319176639862,0.23475600159699983,1.8226654520035974
1.0,60,20.0,15.0,193.54699999999934,0.38265276829743083,0.6260869565217392,1,1191.5519999999992,0.36307343658982305,0.7192982456140351,4,147,193.96599999999876,0.39679686528175523,0.5255102040816326,0,3482.081999999995,0.5891666780337902,0.6996466431095406,4,147,0.19655029660668255,0.19800975445552946,0.8518066666666686,0.9840786115181162,0.31013509774195724,1.411277198940231
1.0,60,25.0,6.0,296.56699999999796,0.4761343821443801,0.6208053691275168,3,596.6780000000008,0.5058148778294274,0.6578947368421053,4,147,199.98499999999808,0.39811415019382573,0.5433962264150943,1,1270.356,0.5753814658414251,0.6501766784452296,4,147,0.19438707325962803,0.196394973859829,0.2356166666666657,0.10581760794205675,0.6207362591788401,0.9121615519390207
1.0,60,25.0,8.0,437.0489999999984,0.4459444651427828,0.6359060402684564,2,1083.659000000001,0.47715800618279475,0.6820175438596491,4,147,195.657999999999,0.3921021562169917,0.5420560747663551,1,3276.761999999997,0.5608509725264513,0.6696113074204947,4,147,0.19597385708746493,0.19909164437255036,0.7912000000000012,0.9234368021438157,0.37073544522038504,1.3128528291978494
1.0,60,25.0,10.0,389.0499999999988,0.44557006753112055,0.6426174496644296,2,1027.084999999999,0.40036127105871266,0.6951754385964912,4,147,199.657999999999,0.3796743925930558,0.5420560747663551,1,2690.074999999997,0.5370787861859837,0.6802120141342756,4,147,0.19152883905592288,0.19909659918121553,0.33754666666666866,0.8613257107540153,0.4300432597876731,1.5186199471010973
1.0,60,25.0,12.0,387.8629999999994,0.4290219613904587,0.6459731543624161,2,1119.7139999999988,0.4216225680671821,0.7017543859649122,4,147,199.69399999999882,0.3818594918528081,0.5320197044334976,1,2498.6249999999973,0.5549548582697251,0.6855123674911661,4,147,0.18321309973663166,0.19945979638479217,0.39548333333333563,0.8086397783324748,0.24623932549545402,1.6479003841568476
1.0,60,25.0,15.0,193.54699999999934,0.38265276829743083,0.6260869565217392,1,1216.596999999999,0.3793607363677437,0.7127192982456141,4,147,193.96599999999876,0.39679686528175523,0.5255102040816326,0,1995.8269999999975,0.5188327234156955,0.6943462897526502,4,147,0.17245665948576366,0.19958511244750005,0.3942700000000021,0.5790078918239145,0.3078993866479691,1.3104475780451454
1.0,60,30.0,6.0,329.1679999999976,0.4650671053727199,0.6208053691275168,3,484.50100000000066,0.5061100804490327,0.6535087719298246,4,147,199.98499999999808,0.39811415019382573,0.5433962264150943,1,1057.7259999999999,0.5693780258501981,0.6466431095406361,4,147,0.19651674076985415,0.19924684691864708,0.2407499999999989,0.08837396735845626,0.2680835308056837,1.058930246863114
1.0,60,30.0,8.0,439.72199999999793,0.4725954826247455,0.6359060402684564,2,777.5860000000002,0.4735653340142028,0.6776315789473685,4,147,195.657999999999,0.3921021562169917,0.5420560747663551,1,2432.9239999999963,0.6369966367812675,0.666077738515901,4,147,0.1941926682558109,0.19988057135861348,0.7837666666666678,1.040227608244726,0.06607241156012589,1.090277372062097
1.0,60,30.0,10.0,466.56599999999867,0.433057654681366,0.6426174496644296,2,947.0379999999984,0.4011424022230535,0.6907894736842105,4,147,199.657999999999,0.3796743925930558,0.5420560747663551,1,1457.8819999999969,0.6021356344576513,0.676678445229682,4,147,0.19903418660947828,0.19998875063277724,0.3967800000000019,0.41319797438871086,0.19710965284086446,1.056535317998824
1.0,60,30.0,12.0,377.40199999999936,0.43588296517132147,0.6459731543624161,2,735.729999999998,0.40824795746336545,0.6973684210526315,4,147,199.69399999999882,0.3818594918528081,0.5320197044334976,1,3199.7599999999907,0.6051332798877673,0.6819787985865724,4,147,0.17890954631520975,0.19979421196167996,0.8523900000000011,1.0037591076033268,0.05894534733453671,1.713592727026025
1.0,60,30.0,15.0,193.54699999999934,0.38265276829743083,0.6260869565217392,1,886.035999999998,0.45355186783138457,0.7083333333333334,4,147,193.96599999999876,0.39679686528175523,0.5255102040816326,0,2986.884999999992,0.6339109241737859,0.6908127208480566,4,147,0.17664658538470393,0.199340929053319,0.8984266666666683,0.7783339888469016,0.1927250000246794,1.4725766863547798
1.0,120,10.0,6.0,512.739999999998,0.3139906894768097,0.628099173553719,4,762.231000000003,0.5266980242036724,0.6860215053763441,3,156,191.2749999999985,0.4312065468862471,0.5430711610486891,1,1621.3640000000007,0.5450599649688032,0.6730434782608695,4,156,0.19977525284055436,0.19977525284055436,0.2425299999999977,0.9198302388406552,0.600488517873657,0.41558840682961895
1.0,120,10.0,8.0,528.5769999999991,0.371867490559561,0.6446280991735537,3,768.2440000000013,0.4743745014429986,0.7053763440860215,3,156,194.12799999999902,0.40059715502255827,0.5416666666666666,1,1951.1709999999991,0.5541995626441788,0.688695652173913,4,156,0.1957312642363913,0.19870864221142817,0.3019233333333333,1.1389047486155168,0.4581766731664869,0.6017217615589276
1.0,120,10.0,10.0,510.16699999999946,0.3650447571198353,0.6512396694214876,3,941.3429999999998,0.3146131278262106,0.7225806451612903,4,156,198.9609999999991,0.3856744547949969,0.5416666666666666,1,1433.1639999999973,0.5245545633348933,0.7026086956521739,4,156,0.1989643903482381,0.1989643903482381,0.3720900000000007,0.5916861624723353,0.4456524227656127,0.5131107178904619
1.0,120,10.0,12.0,512.6799999999996,0.3689630149534263,0.6522462562396006,3,757.3930000000005,0.35402699809887483,0.7311827956989247,4,156,194.41099999999915,0.40193192130804756,0.5420560747663551,1,2197.356999999997,0.5397037514434576,0.7095652173913043,4,156,0.19205709473312285,0.19939086091988942,0.373406666666668,0.8811980913640522,0.5370464265670614,0.8444152340566284
1.0,120,10.0,15.0,193.54699999999934,0.38265276829743083,0.6260869565217392,1,689.2729999999995,0.33454975624704786,0.7388392857142857,4,139,195.97499999999877,0.39433320250086135,0.5279187817258884,1,2118.346999999997,0.5133966367881176,0.7165217391304348,4,156,0.16987345277135843,0.19871493535244306,0.3721933333333345,0.7970694119876194,0.4698287864737756,0.948179376040954
1.0,120,12.0,6.0,341.34899999999857,0.45301611625521093,0.6214876033057851,3,517.4799999999998,0.4767791357517999,0.6709677419354839,3,156,727.4589999999976,0.39306843320479284,0.6148459383753502,3,918.5679999999993,0.5552514962659559,0.6608695652173913,4,156,0.19396290459449628,0.19739244579109974,0.2433266666666638,0.1700062734920853,0.5617607295891467,0.34772759284473476
1.0,120,12.0,8.0,513.3189999999988,0.40747742564259176,0.6396694214876033,3,553.2140000000002,0.4786562103801785,0.6946236559139785,3,156,196.12799999999902,0.39442181869830373,0.5416666666666666,1,1356.8019999999985,0.5189189667648454,0.68,4,156,0.19977525284055436,0.19977525284055436,0.3193333333333339,0.5453638201111688,0.3991580220876103,0.5854157854270039
1.0,120,12.0,10.0,541.9009999999996,0.4179955322366766,0.6462809917355372,3,855.0819999999994,0.3273590310172684,0.7096774193548387,3,156,198.9609999999991,0.3856744547949969,0.54337899543379,1,1774.523999999997,0.49063786402023923,0.6921739130434783,4,156,0.17987148182623577,0.19771100088722848,0.37852666666666734,0.42902567475420406,0.7420475985008044,0.7236353887816138
1.0,120,12.0,12.0,534.9749999999997,0.43215874939811033,0.6495867768595042,3,891.3340000000003,0.31186942446126875,0.7204301075268817,4,156,196.41099999999915,0.39577930567732755,0.5420560747663551,1,2636.646999999997,0.48603992767725973,0.7008695652173913,4,156,0.18771197206845894,0.1989467577782533,0.6678033333333337,0.7512816259311137,0.5471219006708197,0.9449362555296497
1.0,120,12.0,15.0,193.54699999999934,0.38265276829743083,0.6260869565217392,1,771.2779999999993,0.3714412148420575,0.7290322580645161,3,156,195.97499999999877,0.39433320250086135,0.5279187817258884,1,2301.1799999999957,0.5347088132434965,0.7078260869565217,4,156,0.19983157053340814,0.1999443488229109,0.5480833333333346,0.7418033051622932,0.5837821733954534,0.796141057462654
1.0,120,15.0,6.0,501.7819999999988,0.4250952230767364,0.6198347107438017,3,555.8750000000005,0.455976137248817,0.6602150537634408,3,156,899.7719999999977,0.3987389387767671,0.6134453781512605,4,873.8510000000001,0.5568568303609325,0.6521739130434783,4,156,0.19390774192818624,0.19446125724064292,0.2488033333333306,0.20752667220085774,0.3546991637727692,0.42587839458530685
1.0,120,15.0,8.0,533.5159999999996,0.4289465335292549,0.6380165289256199,3,589.5010000000004,0.48078174968784804,0.6860215053763441,3,156,199.12799999999902,0.3851588142119219,0.5416666666666666,1,1714.977999999999,0.584143723768024,0.6730434782608695,4,156,0.19648778091612412,0.19822037745124296,0.37498333333333456,0.5776482139177468,0.5996047770955057,0.647468054079914
1.0,120,15.0,10.0,582.2379999999998,0.42974372640461955,0.6446280991735537,3,942.0919999999999,0.391688127711502,0.7010752688172043,4,156,196.33399999999892,0.3937857590569058,0.5429864253393665,1,1738.3949999999975,0.5888983829363897,0.6852173913043478,4,156,0.1996016284166189,0.1996016284166189,0.37913000000000086,0.5715269771522618,0.641635983894232,0.6286332613512351
1.0,120,15.0,12.0,560.761,0.43218785062915577,0.6479338842975206,3,904.9120000000005,0.3629310827716263,0.7096774193548387,4,156,199.41099999999915,0.3865503822312475,0.5420560747663551,1,2614.895999999998,0.5628580366896263,0.6921739130434783,4,156,0.18468994252449028,0.19946523370842775,0.646866666666668,0.83362951868194,0.378589571078334,1.0937660141436938
1.0,120,15.0,15.0,193.54699999999934,0.38265276829743083,0.6260869565217392,1,999.8439999999994,0.39027889118602616,0.7204301075268817,4,156,195.97499999999877,0.39433320250086135,0.5279187817258884,1,1694.4869999999978,0.5847269325225131,0.7008695652173913,4,156,0.1973384957083815,0.19787531381788026,0.3750266666666684,0.6280338805550414,0.3706350872647486,0.8408592408149185
1.0,120,20.0,6.0,370.5479999999982,0.43463930747034385,0.6181818181818182,3,470.42300000000114,0.5186106504514457,0.6537634408602151,3,156,198.68299999999795,0.40917741657299966,0.5430711610486891,1,917.1630000000011,0.5726612412743841,0.6469565217391304,4,156,0.19922799153281015,0.19922799153281015,0.23625999999999814,0.1028073921882715,0.47470092198910874,0.5205889618560811
1.0,120,20.0,8.0,516.0809999999988,0.4798098357118382,0.6363636363636364,3,809.6530000000014,0.4704372464039954,0.6795698924731183,4,156,194.17399999999884,0.400455122287101,0.5416666666666666,1,2672.4869999999974,0.6230793955432395,0.6678260869565218,4,156,0.1920331218728611,0.19999875000781236,0.8978500000000016,0.8437846334887753,0.454118433787269,0.7507433735105518
1.0,120,20.0,10.0,428.2269999999994,0.44065898183585506,0.6429752066115703,3,779.6269999999997,0.42145501547651487,0.6924731182795699,4,156,199.00699999999892,0.3855324220595396,0.5416666666666666,1,1637.5889999999974,0.5367066927521918,0.6782608695652174,4,156,0.1792144136179066,0.19989155882933482,0.383390000000001,0.4543862058662649,0.37938352703385125,0.9668636025698183
1.0,120,20.0,12.0,496.2259999999999,0.4334191085544267,0.6462809917355372,3,1036.1069999999997,0.4278899559495473,0.7032258064516129,4,156,194.45699999999897,0.4017904111485415,0.5420560747663551,1,1813.6049999999984,0.5301951925127227,0.6869565217391305,4,156,0.16094312672259475,0.19978423302832896,0.3707733333333356,0.5252412263637054,0.0675623537214507,1.7084699188327486
1.0,120,20.0,15.0,193.54699999999934,0.38265276829743083,0.6260869565217392,1,895.2819999999995,0.3877008662409473,0.7139784946236559,4,156,195.97499999999877,0.39433320250086135,0.5279187817258884,1,3366.7989999999954,0.5958440284901132,0.6956521739130435,4,156,0.1845992778212544,0.19930542060917728,0.8202133333333359,1.0144781564065717,0.23705176385456794,1.4741339463065497
1.0,120,25.0,6.0,327.6639999999975,0.45104006317125106,0.6181818181818182,3,559.4530000000013,0.5108334876565174,0.6516129032258065,4,156,198.68299999999795,0.40917741657299966,0.5430711610486891,1,1203.1300000000003,0.571656015906438,0.6452173913043479,4,156,0.19438707325962803,0.19928456839944536,0.23539666666666492,0.10616023463449564,0.3126274502151367,1.2357608756248482
1.0,120,25.0,8.0,429.98599999999874,0.4127768944261736,0.6347107438016529,3,1083.2640000000006,0.5032370358904519,0.6774193548387096,4,156,194.17399999999884,0.400455122287101,0.5416666666666666,1,3274.498999999997,0.571618857839056,0.6660869565217391,4,156,0.19628475028724213,0.19963506709734566,0.930023333333335,0.8035377810631001,0.3545454632510381,1.314953209581629
1.0,120,25.0,10.0,467.0649999999989,0.42555051307121294,0.6413223140495867,3,868.7149999999999,0.43557918432244386,0.6903225806451613,4,156,199.00699999999892,0.3855324220595396,0.5416666666666666,1,2088.8349999999973,0.5062716853897842,0.6765217391304348,4,156,0.1767734427364536,0.1999072652408469,0.3876333333333355,0.4267722020706719,0.38367474758018094,1.5416719901196765
1.0,120,25.0,12.0,453.10599999999954,0.42010192799670754,0.6446280991735537,3,877.3759999999995,0.39611515574416084,0.6967741935483871,4,156,194.45699999999897,0.4017904111485415,0.5420560747663551,1,3144.6089999999963,0.5618222293222257,0.6817391304347826,4,156,0.17717289638559958,0.19895017609351415,0.8906400000000014,0.9033131637963863,0.07972347583794215,1.697824913843327
1.0,120,25.0,15.0,193.54699999999934,0.38265276829743083,0.6260869565217392,1,871.4639999999993,0.4037323789350673,0.7075268817204301,4,156,195.97499999999877,0.39433320250086135,0.5279187817258884,1,3101.658999999995,0.6319609877825022,0.6904347826086956,4,156,0.19691648476506476,0.1993374521434394,0.9262000000000019,0.771771709410582,0.2879592044038257,1.3521312181542053
1.0,120,30.0,6.0,328.35699999999747,0.4429796904690373,0.6181818181818182,3,459.9260000000013,0.503991336433021,0.6473118279569893,3,156,198.68299999999795,0.40917741657299966,0.5430711610486891,1,197.88900000000103,0.6372403805613087,0.6317829457364341,2,137,0.19651674076985415,0.1988674498729726,0.26202666666666574,0.08366965304484375,-0.1423324217740809,-0.4376380051664006
1.0,120,30.0,8.0,421.7979999999982,0.49447663404581904,0.6347107438016529,3,1139.5229999999997,0.48646940716474635,0.6731182795698925,4,156,194.17399999999884,0.400455122287101,0.5416666666666666,1,2698.9519999999948,0.6446770083859727,0.662608695652174,4,156,0.19071412905625226,0.19946036903794873,0.9523566666666685,0.9396302246686505,0.03775961551156648,1.2892806492545974
1.0,120,30.0,10.0,528.0079999999987,0.4288142954644175,0.6413223140495867,3,944.8829999999984,0.4333782568372922,0.6860215053763441,4,156,199.00699999999892,0.3855324220595396,0.5416666666666666,1,1698.5169999999964,0.5567826154192707,0.6730434782608695,4,156,0.1539414791467031,0.1994206829161283,0.38654000000000144,0.41482395026468644,0.1631637703839961,1.4812639784263002
1.0,120,30.0,12.0,471.06799999999976,0.4349657892075906,0.6446280991735537,3,739.8919999999985,0.41711536516001546,0.6924731182795699,3,156,194.45699999999897,0.4017904111485415,0.5420560747663551,1,2724.0249999999933,0.6290373094369763,0.6782608695652174,3,156,0.19235740004929267,0.19685927432750067,0.8998733333333349,0.8430000596530991,-0.016464529149694096,1.6366337735748653
1.0,120,30.0,15.0,193.54699999999934,0.38265276829743083,0.6260869565217392,1,723.6039999999985,0.45351295221495025,0.7032258064516129,4,156,195.97499999999877,0.39433320250086135,0.5279187817258884,1,3007.0569999999916,0.6395207451795302,0.6869565217391305,4,156,0.17649433710565546,0.19980951492910073,0.9945733333333344,0.709757475282933,0.1819091734591194,1.4868625519671688
1.0,240,10.0,6.0,514.1949999999981,0.32753347421319495,0.6266447368421053,3,716.4700000000028,0.5065447889204818,0.6808510638297872,3,161,199.1249999999984,0.38595111662072207,0.5396825396825397,1,1548.6670000000004,0.5407614835651666,0.6689655172413793,4,161,0.18085901248718436,0.19911493411784606,0.2266599999999972,0.8075831933869306,0.7117998397443075,0.36007015220428795
1.0,240,10.0,8.0,514.1079999999988,0.371867490559561,0.6430921052631579,2,704.5170000000007,0.47320933598000353,0.7021276595744681,3,161,194.9609999999991,0.3853727277886031,0.5391705069124424,1,1502.2809999999981,0.560039471211658,0.6862068965517242,4,161,0.19977525284055436,0.19977525284055436,0.24128999999999978,0.8074073477323358,0.5129239066643829,0.4753108424884691
1.0,240,10.0,10.0,458.0399999999993,0.3539129303513772,0.649671052631579,2,917.5449999999992,0.3254009878450113,0.7212765957446808,4,161,196.41499999999905,0.37421344573691856,0.5416666666666666,1,1555.0069999999969,0.5184101710375867,0.7017241379310345,4,161,0.19464554438100967,0.19989105937264165,0.38339333333333414,0.4786539379014869,0.5562274715318338,0.6282676462057366
1.0,240,10.0,12.0,194.40099999999916,0.3890814585290923,0.5761316872427984,0,789.5059999999999,0.35032741216020047,0.7297872340425532,4,161,196.70999999999913,0.371664031431174,0.5406698564593302,0,2261.659999999996,0.5391995181621342,0.7086206896551724,4,161,0.19556841961160185,0.19992669354570033,0.375663333333335,0.8596555843362805,0.5331514388686018,0.922101541651797
1.0,240,10.0,15.0,193.54699999999934,0.38265276829743083,0.6260869565217392,1,775.7959999999989,0.36675573591681837,0.7377398720682303,4,160,195.97499999999877,0.39433320250086135,0.5279187817258884,1,1594.3199999999968,0.5529614155812255,0.7155172413793104,4,161,0.16042995227208973,0.19828024930436725,0.3777833333333349,0.6481739992983864,0.34946451218939,0.734238350084848
1.0,240,12.0,6.0,370.89399999999864,0.45313459244266313,0.6200657894736842,3,350.1399999999999,0.5163768115942035,0.6659574468085107,3,161,198.4239999999986,0.3881128153890774,0.5387596899224806,1,844.7869999999991,0.537615373004441,0.656896551724138,4,161,0.1754932457037062,0.19826468831551844,0.2315666666666638,0.10057379489539242,0.6668437322473302,0.24639009010205304
1.0,240,12.0,8.0,520.9879999999987,0.40747742564259176,0.6381578947368421,2,613.0349999999994,0.46934029481750644,0.6914893617021277,3,161,196.9609999999991,0.3790675973039277,0.5391705069124424,1,2254.3339999999957,0.5407531216202944,0.6775862068965517,4,161,0.18575843177424564,0.19837983191276884,0.8116499999999995,0.6386774487345781,0.6789941310086387,0.5075789087922846
1.0,240,12.0,10.0,490.14199999999937,0.4105545083997428,0.6447368421052632,2,878.934999999999,0.3443383443064615,0.7085106382978723,4,161,198.41499999999905,0.3678413605676282,0.5416666666666666,1,1932.5619999999967,0.4889204047983564,0.6913793103448276,4,161,0.1790586439441254,0.19577109953614524,0.37027666666666703,0.3988002422868353,0.7974272333454455,0.869807520013316
1.0,240,12.0,12.0,453.2639999999999,0.43867146335259255,0.6445182724252492,2,897.4469999999997,0.312555761463974,0.7191489361702128,4,161,199.35599999999909,0.36321211250060054,0.5428571428571428,0,1599.0449999999976,0.5280458971785236,0.7,4,161,0.19703341563583357,0.19998500112491643,0.40265666666666755,0.41304714624866423,0.572545517535979,0.7101262506082613
1.0,240,12.0,15.0,193.54699999999934,0.38265276829743083,0.6260869565217392,1,797.1939999999986,0.37592511018295854,0.7276595744680852,4,161,195.97499999999877,0.39433320250086135,0.5279187817258884,1,1584.6629999999968,0.5488694986783346,0.7068965517241379,4,161,0.19556784590818346,0.19898245347852456,0.39144333333333403,0.5052595266785294,0.493865631142125,0.6882129156044312
1.0,240,15.0,6.0,502.13399999999865,0.4250952230767364,0.618421052631579,3,483.7549999999999,0.4833729104680742,0.6553191489361702,3,161,195.9179999999983,0.3958406572057688,0.5410447761194029,1,945.3319999999997,0.5614903727620596,0.6482758620689655,4,161,0.19817971927842776,0.19817971927842776,0.2147733333333297,0.21797756508759236,0.4448644873498986,0.4740134594874421
1.0,240,15.0,8.0,490.1619999999996,0.4300383829320576,0.6365131578947368,2,746.4070000000006,0.45681870499649896,0.6829787234042554,3,161,199.9609999999991,0.3696099015769146,0.5391705069124424,1,2312.6169999999956,0.6245492905084522,0.6706896551724137,4,161,0.19109187028301736,0.19984586887363223,0.7882599999999995,0.7866305794459425,0.5979511480581872,0.5099186023659974
1.0,240,15.0,10.0,530.6719999999998,0.4439403532920399,0.6430921052631579,2,984.8059999999994,0.40066705650488404,0.7,4,161,193.9609999999991,0.3820319942396377,0.5391705069124424,1,1784.0579999999966,0.5571140065960887,0.6844827586206896,4,161,0.18517524058893192,0.1999927502628034,0.37999666666666676,0.4951171379640993,0.5461931541882781,0.8641064595876142
1.0,240,15.0,12.0,548.7860000000001,0.4326651614581174,0.6457990115321252,2,907.376,0.344058585391825,0.7085106382978723,4,161,194.65699999999902,0.37822177503074633,0.5317073170731708,0,1906.8029999999974,0.5492269951497207,0.6913793103448276,4,161,0.1629654828921896,0.19962918878183744,0.3718100000000011,0.6022068167846342,0.3479435891758407,1.1453606704747878
1.0,240,15.0,15.0,193.54699999999934,0.38265276829743083,0.6260869565217392,1,1073.234999999999,0.3832622781845373,0.7191489361702128,4,161,195.97499999999877,0.39433320250086135,0.5279187817258884,1,2193.073999999997,0.5871705691827583,0.7,4,161,0.19670937992285764,0.19969466685437984,0.403813333333334,0.7617679463556379,0.5028802169395008,0.9667519823796475
1.0,240,20.0,6.0,384.65399999999795,0.43463930747034385,0.6167763157894737,3,422.43700000000104,0.5026032694929805,0.648936170212766,3,161,199.1819999999982,0.3857753436823542,0.5366795366795367,1,894.9370000000008,0.5796662439211312,0.6431034482758621,4,161,0.19771409553215546,0.19771409553215546,0.2477399999999974,0.102743092845202,0.4558252438944612,0.4892359764833911
1.0,240,20.0,8.0,472.4429999999993,0.48582836160143306,0.6348684210526315,2,792.8470000000007,0.4855014452553738,0.676595744680851,4,161,195.00699999999892,0.38522770978745613,0.5391705069124424,1,2468.076999999996,0.5915562784249603,0.6655172413793103,4,161,0.17958399367864328,0.19559679025667187,0.9043233333333343,0.7913817156400262,0.33385023221364185,0.8080130278365272
1.0,240,20.0,10.0,480.7489999999991,0.4244183534089018,0.6414473684210527,2,812.3409999999992,0.4210079001757748,0.6914893617021277,4,161,196.46099999999888,0.37406688777802544,0.5416666666666666,1,2585.9799999999955,0.5595233004034288,0.6775862068965517,4,161,0.17964340783544724,0.19855033437117306,0.5747266666666686,0.8480371196694416,0.32407685276605847,1.2370456236267113
1.0,240,20.0,12.0,196.09999999999923,0.3837422339265485,0.5767634854771784,0,1087.5109999999993,0.40551994317203166,0.7021276595744681,4,161,196.75599999999895,0.37151709708846614,0.5406698564593302,0,3781.332999999995,0.5501992350029854,0.6862068965517242,4,161,0.19672135754598605,0.19911163027625106,0.8377900000000016,0.9731035646074861,0.15028611612867349,2.021843905659013
1.0,240,20.0,15.0,193.54699999999934,0.38265276829743083,0.6260869565217392,1,918.0939999999989,0.4047728799877083,0.7127659574468085,4,161,195.97499999999877,0.39433320250086135,0.5279187817258884,1,3154.523999999995,0.611633548100115,0.6948275862068966,4,161,0.19822672039554798,0.1996956638083571,0.7905833333333354,0.9325136128822029,0.21426300792410413,1.5025497332855284
1.0,240,25.0,6.0,350.10799999999745,0.45104006317125106,0.6167763157894737,3,198.04900000000112,0.5276405041070772,0.6479750778816199,2,104,199.1819999999982,0.3857753436823542,0.5366795366795367,1,1027.7130000000004,0.5543286814893597,0.6413793103448275,4,161,0.1745490089980013,0.19475050026534715,0.2464799999999976,0.05907836467492977,0.24158662343827064,1.0900667665894526
1.0,240,25.0,8.0,447.8679999999988,0.4127768944261736,0.6332236842105263,2,1037.6309999999996,0.49956265593597154,0.674468085106383,4,161,195.00699999999892,0.38522770978745613,0.5391705069124424,1,2315.5489999999954,0.6107772923812641,0.6637931034482759,4,161,0.1982571543985422,0.1982571543985422,0.9357633333333342,0.7198039016477582,0.20006107695695974,0.9319602285763902
1.0,240,25.0,10.0,387.9629999999993,0.42757505151065883,0.6398026315789473,2,829.1029999999996,0.42469610032090555,0.6893617021276596,4,161,196.46099999999888,0.37406688777802544,0.5416666666666666,1,2163.4789999999966,0.4885394577741907,0.6758620689655173,4,161,0.19976926649719562,0.19976926649719562,0.39371666666666827,0.4737117778601565,0.29771771606069675,1.7056034736108954
1.0,240,25.0,12.0,196.09999999999923,0.3837422339265485,0.5767634854771784,0,1054.7469999999992,0.4370596151258244,0.6957446808510638,4,161,196.75599999999895,0.37151709708846614,0.5406698564593302,0,2963.454999999996,0.5636443983322788,0.6810344827586207,4,161,0.19976926649719562,0.19976926649719562,0.7772466666666682,0.6798043415470352,0.1966742888788604,1.764997317534005
1.0,240,25.0,15.0,193.54699999999934,0.38265276829743083,0.6260869565217392,1,880.174999999999,0.403483259482302,0.7063829787234043,4,161,195.97499999999877,0.39433320250086135,0.5279187817258884,1,1798.019999999998,0.5897591090667004,0.6896551724137931,4,161,0.19976926649719562,0.19976926649719562,0.40115000000000167,0.47721276570436033,0.26853040314748733,1.2826782449725815
1.0,240,30.0,6.0,357.4799999999975,0.4429796904690373,0.6167763157894737,3,449.8410000000008,0.5305662141904224,0.6425531914893617,3,161,199.1819999999982,0.3857753436823542,0.5366795366795367,1,662.3920000000003,0.5837153625248296,0.6379310344827587,3,161,0.1829349163301426,0.19075232717839144,0.24007666666666405,0.07013544861474141,-0.04451728771837493,0.7413405118929941
1.0,240,30.0,8.0,456.78899999999817,0.49447663404581904,0.6332236842105263,2,747.792999999999,0.4902157245299035,0.6702127659574468,4,161,195.00699999999892,0.38522770978745613,0.5391705069124424,1,2318.4199999999937,0.6349742096166177,0.6603448275862069,4,161,0.17962673564333415,0.1951695535496462,0.9580966666666677,0.7992710608430977,0.04964879880106543,1.0897586126083958
1.0,240,30.0,10.0,528.2699999999988,0.4295476016280385,0.6398026315789473,2,673.8349999999987,0.4274725044584105,0.6851063829787234,3,161,196.46099999999888,0.37406688777802544,0.5416666666666666,1,1504.0979999999963,0.581764744508527,0.6724137931034483,4,161,0.15739397548326592,0.1999730036445084,0.3867000000000014,0.39038484651811056,0.15391052083801005,1.2535396546196114
1.0,240,30.0,12.0,196.09999999999923,0.3837422339265485,0.5767634854771784,0,804.8059999999982,0.4248176319915869,0.6914893617021277,3,161,196.75599999999895,0.37151709708846614,0.5406698564593302,0,2740.6829999999923,0.6291186640018944,0.6775862068965517,3,161,0.1924018119440654,0.19689028206994125,0.9384033333333348,0.7922792126165665,-0.008918222918158247,1.6532504383064928
1.0,240,30.0,15.0,193.54699999999934,0.38265276829743083,0.6260869565217392,1,905.5959999999984,0.46163352840682004,0.7021276595744681,4,161,195.97499999999877,0.39433320250086135,0.5279187817258884,1,2857.210999999992,0.6460117321424667,0.6862068965517242,4,161,0.1856405488462836,0.19998900060496652,1.0674433333333337,0.628804013975391,0.14248424628651413,1.475531134198195
1.0,9999,10.0,6.0,461.4809999999975,0.3580269501340217,0.6241830065359477,3,833.363000000003,0.47858098219930434,0.6821052631578948,3,166,199.1249999999984,0.38595111662072207,0.5396825396825397,1,1819.5260000000012,0.5364815066723927,0.67008547008547,4,166,0.1902457816961361,0.19926421687917292,0.24302666666666473,0.7833084835938191,0.8879806318701908,0.4492141142437507
1.0,9999,10.0,8.0,528.7789999999986,0.33064834995274583,0.6405228758169934,3,742.392000000001,0.43802398619348326,0.7031578947368421,3,166,194.9609999999991,0.3853727277886031,0.5391705069124424,1,1989.855999999998,0.5704896447063031,0.6871794871794872,4,166,0.19550819912510067,0.19995251127857097,0.3793533333333343,0.9644108591948926,0.6458121382483308,0.4873469192499049
1.0,9999,10.0,10.0,457.47899999999913,0.35581451459486546,0.6470588235294118,2,983.1409999999994,0.3264374129110348,0.7221052631578947,4,166,196.41499999999905,0.37421344573691856,0.5416666666666666,1,2118.632999999997,0.47748805672881955,0.7025641025641025,4,166,0.194232429855791,0.1998278150327139,0.38200333333333436,0.5822779009216075,0.715867344294477,0.8821702988451858
1.0,9999,10.0,12.0,194.40099999999916,0.3890814585290923,0.5761316872427984,0,833.876,0.3695679288951305,0.7305263157894737,4,166,196.70999999999913,0.371664031431174,0.5406698564593302,0,2244.739999999996,0.5222323934150711,0.7094017094017094,4,166,0.1897623226908303,0.19916450490193666,0.4029366666666685,0.8263879814009156,0.5022141507912099,0.943935431352515
1.0,9999,10.0,15.0,193.54699999999934,0.38265276829743083,0.6260869565217392,1,835.6709999999987,0.40078609949165767,0.7389473684210527,4,166,195.97499999999877,0.39433320250086135,0.5279187817258884,1,1594.3379999999966,0.5358421926516733,0.7162393162393162,4,166,0.16370999592771443,0.1999985000112496,0.3793433333333345,0.645555977119544,0.3207379254437972,0.7727906526800854
1.0,9999,12.0,6.0,376.3689999999983,0.4358309932148304,0.6176470588235294,3,572.5000000000005,0.5061150664731251,0.6673684210526316,2,166,198.4239999999986,0.3881128153890774,0.5387596899224806,1,1079.568,0.5296439863525119,0.6581196581196581,4,166,0.16701112711634397,0.1852778240972338,0.2751933333333325,0.06532865604692795,0.8195755122070894,0.4557909726417537
1.0,9999,12.0,8.0,467.4049999999986,0.41184062921461645,0.6356209150326797,2,750.4449999999999,0.4005092790579318,0.6926315789473684,3,166,196.9609999999991,0.3790675973039277,0.5391705069124424,1,2547.415999999996,0.5516343145635947,0.6786324786324787,4,166,0.18741771191086457,0.199356477291304,1.0109833333333338,0.44953298137726905,0.9433090603044461,0.498994948853019
1.0,9999,12.0,10.0,489.7869999999991,0.41274228766944937,0.6421568627450981,2,960.8139999999992,0.33619284021314655,0.7094736842105264,3,166,198.41499999999905,0.3678413605676282,0.5416666666666666,1,1723.7619999999972,0.5027804471893338,0.6923076923076923,4,166,0.1856661119891577,0.19972886806160609,0.3844766666666677,0.3843088724259205,0.7423068962698436,0.7207300736103006
1.0,9999,12.0,12.0,453.2099999999998,0.41511649885958357,0.641914191419142,2,977.6829999999993,0.29434254433534596,0.72,4,166,199.35599999999909,0.36321211250060054,0.5428571428571428,0,1767.1399999999978,0.5383933257324874,0.7008547008547008,4,166,0.19367177475972647,0.1999533442196828,0.46023000000000214,0.3883474977686139,0.5605927075660289,0.8618328170765133
1.0,9999,12.0,15.0,193.54699999999934,0.38265276829743083,0.6260869565217392,1,946.0289999999989,0.3242604193835229,0.728421052631579,4,166,195.97499999999877,0.39433320250086135,0.5279187817258884,1,2210.211999999997,0.46882404143127576,0.7076923076923077,4,166,0.1694610798737859,0.19895251500848118,0.46235000000000204,0.5578896980886874,0.586371577311712,1.0385422777095288
1.0,9999,15.0,6.0,503.56799999999816,0.412530595872525,0.6160130718954249,3,573.2140000000011,0.45995584423895225,0.6568421052631579,3,166,195.9179999999983,0.3958406572057688,0.5410447761194029,1,1127.9740000000002,0.5538263597162667,0.6495726495726496,4,166,0.1997567961007473,0.1997567961007473,0.31409333333333134,0.1505753016021225,0.7614492414939487,0.41177810542020143
1.0,9999,15.0,8.0,571.3009999999992,0.42181969991525864,0.6339869281045751,2,741.4350000000004,0.44407200572522565,0.6842105263157895,3,166,199.9609999999991,0.3696099015769146,0.5391705069124424,1,2754.1739999999972,0.6189205011835595,0.6717948717948717,4,166,0.19854685760991528,0.1988471834539258,1.0128566666666683,0.7399500212798737,0.7104849140700125,0.5325026958992292
1.0,9999,15.0,10.0,527.3029999999997,0.44327047487955995,0.6405228758169934,2,1003.1889999999999,0.38675964974600935,0.7010526315789474,4,166,193.9609999999991,0.3820319942396377,0.5391705069124424,1,2511.426999999996,0.5825943133977054,0.6854700854700855,4,166,0.19504070011809785,0.1999002997255122,0.4802566666666681,0.7495141608324656,0.7163011845507663,0.8834379384848237
1.0,9999,15.0,12.0,561.0359999999998,0.43026058518864163,0.6432078559738135,2,1003.5660000000003,0.36813828140057114,0.7094736842105264,4,166,194.65699999999902,0.37822177503074633,0.5317073170731708,0,1988.3759999999975,0.560486498739128,0.6923076923076923,4,166,0.19448139590966776,0.19987474515970077,0.46409666666666904,0.5565684415191119,0.3461890622943127,1.1603953166966576
1.0,9999,15.0,15.0,193.54699999999934,0.38265276829743083,0.6260869565217392,1,1093.0149999999994,0.42869006056442766,0.72,4,166,195.97499999999877,0.39433320250086135,0.5279187817258884,1,1718.8929999999975,0.5954093771172081,0.7008547008547008,4,166,0.1970651093267965,0.19764935620663499,0.387526666666669,0.5760970359728781,0.40518974549700015,0.8645254926547898
1.0,9999,20.0,6.0,386.9609999999975,0.4455992205261461,0.6143790849673203,3,481.7020000000023,0.5278545914832254,0.6505263157894737,3,166,199.1819999999982,0.3857753436823542,0.5366795366795367,1,937.3320000000019,0.5894702810080409,0.6444444444444445,4,166,0.19313346165978837,0.19313346165978837,0.3148933333333328,0.10313130596145159,0.414068711938411,0.5232947417004137
1.0,9999,20.0,8.0,474.5809999999992,0.42145467449432616,0.6323529411764706,2,794.0620000000004,0.527775696757375,0.6778947368421052,4,166,195.00699999999892,0.38522770978745613,0.5391705069124424,1,2469.872999999997,0.6139023889177077,0.6666666666666666,4,166,0.17612843285323634,0.1991558282330772,1.069790000000003,0.6868538998320282,0.3278911239891875,0.7757717634895513
1.0,9999,20.0,10.0,478.44599999999923,0.4397706959957197,0.6388888888888888,2,816.9219999999991,0.41320742740207256,0.6926315789473684,4,166,196.46099999999888,0.37406688777802544,0.5416666666666666,1,2418.708999999996,0.5743079552039813,0.6786324786324787,4,166,0.19021818818760963,0.19886398946020903,0.6651600000000031,0.7379230824665459,0.26899269272589477,1.1954154863035567
1.0,9999,20.0,12.0,196.09999999999923,0.3837422339265485,0.5767634854771784,0,1087.3329999999996,0.45570351044868673,0.7031578947368421,4,166,196.75599999999895,0.37151709708846614,0.5406698564593302,0,3520.1209999999946,0.5581863756984667,0.6871794871794872,4,166,0.18777209349923715,0.19920517136624832,0.9394900000000022,0.9390045836792091,0.05842649024466917,1.9478763039926523
1.0,9999,20.0,15.0,193.54699999999934,0.38265276829743083,0.6260869565217392,1,1233.1069999999995,0.3738002094516878,0.7136842105263158,4,166,195.97499999999877,0.39433320250086135,0.5279187817258884,1,3149.2679999999955,0.6093709741043004,0.6957264957264957,4,166,0.19266921173520707,0.19862156632967248,0.972116666666669,0.782575405444232,0.23385743300519057,1.420153265891428
1.0,9999,25.0,6.0,347.58999999999696,0.4564832600623742,0.6143790849673203,3,518.3730000000019,0.5013428025781788,0.6484210526315789,4,166,199.1819999999982,0.3857753436823542,0.5366795366795367,1,1291.256000000001,0.5849387393467755,0.6427350427350428,3,166,0.1696950156331531,0.19987208186760425,1.001973333333333,-0.11267715853690685,0.3346418498871282,0.8154588502592586
1.0,9999,25.0,8.0,455.89699999999857,0.41450804437230465,0.630718954248366,2,1102.8269999999998,0.5064568737330369,0.6757894736842105,4,166,195.00699999999892,0.38522770978745613,0.5391705069124424,1,3041.0979999999954,0.5865329692255962,0.6649572649572649,4,166,0.19551734587996136,0.1997258762348688,1.0839966666666694,0.7528370966684221,0.2958611954680772,1.141470518231844
1.0,9999,25.0,10.0,372.40599999999904,0.4270333683930703,0.6372549019607843,2,890.1189999999992,0.4161084857201566,0.6905263157894737,4,166,196.46099999999888,0.37406688777802544,0.5416666666666666,1,2348.671999999997,0.5712753430566746,0.676923076923077,4,166,0.1998630937807608,0.1998630937807608,0.45629666666666946,0.7816127208512904,0.30506817478129866,1.3120901102752307
1.0,9999,25.0,12.0,196.09999999999923,0.3837422339265485,0.5767634854771784,0,910.2789999999998,0.42912186703645744,0.6968421052631579,4,166,196.75599999999895,0.37151709708846614,0.5406698564593302,0,1482.8739999999982,0.5746570513514634,0.6820512820512821,4,166,0.1976128369298868,0.19913327243174092,0.3875333333333364,0.49830634699466514,0.0558759630262029,1.2517804699529602
1.0,9999,25.0,15.0,193.54699999999934,0.38265276829743083,0.6260869565217392,1,955.6039999999991,0.4171195534029553,0.7073684210526315,4,166,195.97499999999877,0.39433320250086135,0.5279187817258884,1,2570.9119999999966,0.5828826573068008,0.6905982905982906,4,166,0.1976128369298868,0.19866556341057118,0.4642666666666688,0.7032963030413371,0.40920633393208017,1.4382654812870284
1.0,9999,30.0,6.0,349.11399999999685,0.4425330609611884,0.6143790849673203,3,449.18800000000124,0.5092523587445064,0.6442105263157895,3,166,199.1819999999982,0.3857753436823542,0.5366795366795367,1,1075.0930000000017,0.629401735594553,0.6393162393162393,3,166,0.17131574777182432,0.19875381358879743,0.9971066666666661,0.05028107328602549,-0.12898386509804538,0.9615156551899009
1.0,9999,30.0,8.0,448.0479999999984,0.46812837443798694,0.630718954248366,2,983.6039999999991,0.5158172500361419,0.671578947368421,4,166,195.00699999999892,0.38522770978745613,0.5391705069124424,1,2314.6139999999946,0.6621408517176098,0.6615384615384615,3,166,0.18155179581958925,0.19931376271497267,1.1063300000000025,0.749855594011068,-0.007341742845469512,1.1087686563764731
1.0,9999,30.0,10.0,372.1169999999988,0.45257489136606227,0.6372549019607843,2,672.7589999999989,0.46889344389119814,0.6863157894736842,4,166,196.46099999999888,0.37406688777802544,0.5416666666666666,1,1449.2049999999965,0.5880180476290108,0.6735042735042736,4,166,0.19870740830895012,0.19966007871598557,0.3849366666666689,0.3812544977989343,0.11819441177238765,1.2583311906375942
1.0,9999,30.0,12.0,196.09999999999923,0.3837422339265485,0.5767634854771784,0,1129.9059999999981,0.43045582019569933,0.6926315789473684,4,166,196.75599999999895,0.37151709708846614,0.5406698564593302,0,1993.0169999999948,0.6159208918268885,0.6786324786324787,3,166,0.19870740830895012,0.19921410037402426,0.5043366666666695,0.7647933419159241,-0.049100198002899664,1.631577071012368
1.0,9999,30.0,15.0,193.54699999999934,0.38265276829743083,0.6260869565217392,1,858.7209999999984,0.4446453458236039,0.7031578947368421,4,166,195.97499999999877,0.39433320250086135,0.5279187817258884,1,1514.5479999999968,0.5855071959347772,0.6871794871794872,4,166,0.19870740830895012,0.19971480725523996,0.3938566666666694,0.48167793436436335,0.072943667745899,1.2783106286704555
1.5,30,10.0,6.0,614.7829999999994,0.3709967382692315,0.6485507246376812,2,460.55400000000054,0.43892583659479556,0.6967592592592593,3,123,199.77699999999822,0.3795860946690456,0.5435684647302904,1,914.2699999999991,0.5162000340639623,0.6808118081180812,4,123,0.16254215937258748,0.19971590412638002,0.26116000000000206,0.3085016968505174,0.49124667470594696,0.23839516707979502
1.5,30,10.0,8.0,498.4219999999998,0.34778633596208075,0.6557971014492754,2,563.3939999999989,0.36556575571324684,0.7152777777777778,3,123,196.98999999999887,0.3840347459561566,0.5450236966824644,0,1159.8679999999965,0.5801529453401869,0.6955719557195572,4,123,0.19234838138837168,0.19824199003239343,0.3503366666666663,0.47951992219223993,0.38293331998564906,0.39933982250491207
1.5,30,10.0,10.0,488.2259999999992,0.33135814535958114,0.6612318840579711,2,761.1639999999993,0.2990259554529336,0.7314814814814815,4,123,194.98999999999887,0.3902885177622772,0.5450236966824644,0,1563.5779999999975,0.5012066824900518,0.7084870848708487,4,123,0.199286951288291,0.199286951288291,0.47971000000000075,0.4045950445244868,0.4684066859336846,0.7077496401180476
1.5,30,10.0,12.0,457.7409999999991,0.37772218002750135,0.6630434782608695,2,755.6079999999995,0.32879445811272007,0.7407407407407407,4,123,195.54399999999896,0.3885562229719815,0.5414634146341464,0,1844.0039999999979,0.4404865087018984,0.7158671586715867,4,123,0.16276637734943128,0.19999942857306152,0.3996833333333347,0.44065205224991044,0.4960301651246313,1.037564474853152
1.5,30,10.0,15.0,198.29899999999952,0.3859894660899146,0.6275071633237822,1,736.2079999999992,0.33496176282645923,0.7476851851851852,4,123,197.90999999999872,0.38029377413022003,0.5260416666666666,0,2464.831999999995,0.5299377877685445,0.7214022140221402,4,123,0.18326622298786838,0.19793210433990854,0.7940133333333348,0.7691897496116662,0.47432694276847265,0.7557884419218279
1.5,30,12.0,6.0,532.0959999999993,0.35868368554802293,0.6467391304347826,2,373.75099999999975,0.4268904781009512,0.6898148148148148,3,123,192.09399999999846,0.40344589852363155,0.5450980392156862,1,752.745999999999,0.5084839114510188,0.6752767527675276,4,123,0.17400912677869992,0.19302224581383012,0.2613366666666692,0.0422118334782382,0.4091851896930314,0.35447848477541966
1.5,30,12.0,8.0,484.57399999999984,0.386882143405649,0.6539855072463768,2,381.09499999999866,0.39738318942284434,0.7083333333333334,3,123,198.98999999999887,0.37778097415003603,0.5450236966824644,0,1221.765999999996,0.5361084099395916,0.6900369003690037,4,123,0.15629762193168312,0.19846684363293596,0.3236699999999997,0.3902080327171118,0.3979925840453713,0.5830782905699425
1.5,30,12.0,10.0,498.50199999999927,0.35941863887978165,0.6594202898550725,2,658.956999999999,0.3106981414980371,0.7222222222222222,4,123,196.98999999999887,0.3840347459561566,0.5450236966824644,0,1394.901999999997,0.5312699946776945,0.7011070110701108,4,123,0.19214104689970868,0.19901421624884783,0.4799400000000007,0.34294408331868986,0.5847599049380856,0.4762398640282288
1.5,30,12.0,12.0,463.7399999999991,0.36269215186253284,0.6612318840579711,2,789.2009999999993,0.29054372617046226,0.7337962962962963,4,123,197.54399999999896,0.3823024511658609,0.5414634146341464,0,1705.144999999997,0.45976039613378644,0.7103321033210332,4,123,0.16910727214116283,0.19961906029327467,0.3999133333333347,0.2775124174353598,0.6069145347255094,0.9777937585904957
1.5,30,12.0,15.0,361.848999999999,0.3797966912003782,0.668041237113402,2,758.590999999999,0.33183444341346235,0.7407407407407407,4,123,197.90999999999872,0.38029377413022003,0.5260416666666666,0,2558.797999999995,0.5248524910539272,0.7158671586715867,4,123,0.1909614751137422,0.19844926077650396,0.829846666666668,0.7315676723368383,0.5083861886421652,0.7846293550416474
1.5,30,15.0,6.0,509.62199999999984,0.3762484501156912,0.644927536231884,2,476.2289999999998,0.487822412102104,0.6851851851851852,3,123,991.265999999998,0.380981095723668,0.6338880484114977,4,849.8499999999992,0.5353992482933196,0.6715867158671587,3,123,0.19235393123346983,0.1977424404712864,0.2704133333333356,-0.026264417879747537,0.6648523095329186,0.3754956704701793
1.5,30,15.0,8.0,548.9420000000002,0.37412588129411567,0.6521739130434783,2,420.8469999999986,0.4494622709894111,0.7037037037037037,3,123,198.9659999999983,0.37785601941171126,0.5435684647302904,0,1690.7149999999958,0.5904904201876171,0.6863468634686347,4,123,0.17576880543125717,0.1992081476132383,0.34968999999999983,0.43404534868500133,0.6769251965452803,0.7363550936362313
1.5,30,15.0,10.0,511.21599999999944,0.3593405968071648,0.657608695652174,2,765.418999999999,0.38652200152000415,0.7175925925925926,4,123,199.98999999999887,0.3746540882469757,0.5450236966824644,0,1645.0889999999965,0.5269297719174385,0.6974169741697417,4,123,0.19266170819650402,0.1999470140412797,0.33110333333333375,0.30851849718653934,0.7799656288992824,0.7687436363616844
1.5,30,15.0,12.0,480.82699999999954,0.35444266038527206,0.6594202898550725,2,861.2969999999993,0.3323393444346794,0.7268518518518519,4,123,183.2499999999984,0.42699815826420645,0.540084388185654,0,1860.606999999997,0.4915837815867934,0.7047970479704797,4,123,0.16450632166949292,0.1998278150327139,0.3590566666666677,0.42266572156667004,0.5164461377996523,1.115270797071878
1.5,30,15.0,15.0,366.30899999999883,0.37152723034737756,0.668041237113402,2,825.4449999999988,0.41520090628709627,0.7361111111111112,4,123,197.90999999999872,0.38029377413022003,0.5260416666666666,0,2884.5799999999945,0.584286295072399,0.7121771217712177,4,123,0.18756154363150493,0.19854832808125755,0.864480000000001,0.7652053119368349,0.5825886685363026,0.8460366829218378
1.5,30,20.0,6.0,504.6790000000003,0.39349792710417436,0.6431159420289855,2,440.577,0.4443746853195319,0.6759259259259259,3,123,191.19899999999825,0.406225349838204,0.5450980392156862,1,731.2119999999991,0.5118264581609099,0.6642066420664207,3,123,0.16694072769463233,0.198368419747576,0.28445666666667035,-0.008255111759320144,0.2539695831021864,0.5258632922380919
1.5,30,20.0,8.0,459.3530000000003,0.375062434727329,0.6503623188405797,2,417.9579999999985,0.4280205285230424,0.6944444444444444,3,123,197.0359999999987,0.3838909092046164,0.5450236966824644,0,1291.326999999996,0.6110171582513287,0.6789667896678967,4,123,0.154176843409005,0.1992994623897,0.3689233333333337,0.44657480209506906,0.3101493919117957,0.6591060055734963
1.5,30,20.0,10.0,500.87699999999927,0.3746585417104436,0.6557971014492754,2,671.8839999999989,0.3605944230106082,0.7060185185185185,4,123,195.0359999999987,0.39014468101073696,0.5450236966824644,0,1487.738999999997,0.5332979241756417,0.6881918819188192,4,123,0.18829311117884498,0.19992302963359163,0.3490800000000014,0.42911218509403337,0.30315389456358544,0.9738118897920935
1.5,30,20.0,12.0,461.8039999999994,0.36585029444571043,0.657608695652174,2,740.4789999999989,0.33780700513086387,0.7175925925925926,4,123,195.58999999999878,0.38841238622044133,0.5414634146341464,0,2546.1969999999956,0.52348390762473,0.6974169741697417,4,123,0.18793512855232714,0.199601462413382,0.8058100000000006,0.47219622588569954,0.17383819487632057,1.7197235197292966
1.5,30,20.0,15.0,195.90499999999952,0.4036032525473317,0.6257142857142857,1,678.2109999999991,0.40196645051160834,0.7268518518518519,4,123,197.90999999999872,0.38029377413022003,0.5260416666666666,0,1497.1299999999965,0.5389748913403095,0.7047970479704797,4,123,0.15828419927980764,0.19963691036926648,0.45932333333333486,0.4821229930766935,0.051259961563888456,1.194786917449759
1.5,30,25.0,6.0,479.4340000000002,0.42978088792015495,0.6431159420289855,2,551.7549999999999,0.4399766621074883,0.6759259259259259,4,123,191.19899999999825,0.406225349838204,0.5450980392156862,1,979.847999999999,0.5113737625767567,0.6642066420664207,3,123,0.1951267104075707,0.19872550708125256,0.2662933333333368,-0.023738575580172783,0.4151805214765243,0.8669176599701263
1.5,30,25.0,8.0,360.2039999999995,0.39044328670139894,0.6485507246376812,2,484.26799999999844,0.4119029498105678,0.6944444444444444,4,123,197.0359999999987,0.3838909092046164,0.5450236966824644,0,1689.7239999999958,0.5677369680034284,0.6789667896678967,4,123,0.19353496451052685,0.19979055290370712,0.36323000000000083,0.42792974528631,0.40197507102138874,1.0638505772397102
1.5,30,25.0,10.0,375.3429999999994,0.3593559027856662,0.6539855072463768,2,877.0779999999988,0.3356086304116897,0.7060185185185185,4,123,195.0359999999987,0.39014468101073696,0.5450236966824644,0,2070.446999999997,0.4917611342294567,0.6881918819188192,4,123,0.18005932954908727,0.19969347052274825,0.3317800000000011,0.44613975281202056,0.37326361845817146,1.6094332702751473
1.5,30,25.0,12.0,408.0539999999994,0.3695284470033395,0.6557971014492754,2,749.3439999999987,0.35841501616814947,0.7129629629629629,4,123,195.58999999999878,0.38841238622044133,0.5414634146341464,0,2818.7249999999945,0.5599679538286254,0.6937269372693727,4,123,0.1951655858017045,0.19941730264168164,0.8423100000000008,0.57091911784661,0.23206708775033347,1.6349996494426224
1.5,30,25.0,15.0,347.05399999999895,0.39755188451516,0.6666666666666666,2,861.5959999999993,0.3975677572616351,0.7222222222222222,4,123,197.90999999999872,0.38029377413022003,0.5260416666666666,0,2678.350999999995,0.5886853536043465,0.7011070110701108,4,123,0.17361726507956435,0.19916574448777805,0.8626433333333352,0.6639471145844649,0.301729830652115,1.2128713075793764
1.5,30,30.0,6.0,482.6420000000003,0.42613235501622615,0.6431159420289855,2,471.66099999999983,0.4442017569736039,0.6712962962962963,4,123,191.19899999999825,0.406225349838204,0.5450980392156862,1,831.213999999999,0.5129523592649873,0.6605166051660517,4,123,0.19837530624187874,0.19837530624187874,0.23231333333333692,0.002656250845291641,0.22536662745901692,0.8300052398208793
1.5,30,30.0,8.0,361.15799999999945,0.38951432291017196,0.6485507246376812,2,666.2249999999988,0.5030086180928531,0.6898148148148148,4,123,197.0359999999987,0.3838909092046164,0.5450236966824644,0,1404.019999999996,0.6318718639759884,0.6752767527675276,4,123,0.1721614874752528,0.19986409241715603,0.3651433333333345,0.419130591903651,0.19240530286736623,1.0259444171885432
1.5,30,30.0,10.0,430.9019999999998,0.36810921123353946,0.6539855072463768,2,736.187999999999,0.4335129197466737,0.7013888888888888,4,123,195.0359999999987,0.39014468101073696,0.5450236966824644,0,1862.5749999999962,0.5247413163275157,0.6845018450184502,4,123,0.15294904884810323,0.19921360429703758,0.33392333333333446,0.33533411465425944,0.29048225012631534,1.7009694095809937
1.5,30,30.0,12.0,382.9289999999994,0.36689760521536213,0.6557971014492754,2,684.4899999999989,0.3822833654894738,0.7083333333333334,3,123,195.58999999999878,0.38841238622044133,0.5414634146341464,0,2310.0409999999947,0.611644216301782,0.6900369003690037,4,123,0.18433332626722354,0.19875998613649248,0.8039866666666671,0.638485872031568,0.08075516892173584,1.4104331294066665
1.5,30,30.0,15.0,361.49999999999886,0.3916792966222626,0.6673511293634496,2,732.924999999999,0.42635757498682936,0.7175925925925926,4,123,197.90999999999872,0.38029377413022003,0.5260416666666666,0,1396.608999999997,0.5843946794393012,0.6974169741697417,4,123,0.15581198168170535,0.199166488246688,0.33480000000000176,0.6146988312855801,0.07462070245441255,1.009974972619561
1.5,60,10.0,6.0,682.7219999999991,0.35541438627933036,0.6458333333333334,3,484.2300000000014,0.4188946892404351,0.690744920993228,3,134,1305.2269999999976,0.3507804713509556,0.635036496350365,4,984.0060000000005,0.5281562341208949,0.6763110307414105,4,134,0.1986735231106974,0.19999850001124977,0.25994666666666943,0.26843464273620143,0.6143690243780309,0.27131572623468014
1.5,60,10.0,8.0,572.6799999999996,0.372651571186562,0.6579861111111112,2,395.15399999999977,0.4027572060839889,0.708803611738149,3,134,190.7709999999986,0.42081790029753036,0.5555555555555556,1,1211.7289999999975,0.5680204487361561,0.6907775768535263,4,134,0.19616529541676214,0.1999695046505406,0.3494866666666667,0.4504675852052371,0.390849363777551,0.48363655508742953
1.5,60,10.0,10.0,505.4429999999993,0.3550620132679551,0.6631944444444444,2,823.3339999999998,0.28763844085702,0.7268623024830699,4,134,192.82499999999868,0.4142209206597085,0.5555555555555556,1,1522.2279999999978,0.5260465711063846,0.705244122965642,4,134,0.19969347052274813,0.19969347052274813,0.3777700000000004,0.3874884777575336,0.6464536558487284,0.6121402881507447
1.5,60,10.0,12.0,561.638999999999,0.35354024091090613,0.6666666666666666,2,782.2940000000001,0.3051451149160719,0.7358916478555305,4,134,195.9629999999986,0.4046880553623155,0.5477178423236515,1,1628.3499999999983,0.48539186891327957,0.7124773960216998,4,134,0.1648889575926215,0.19888953343830337,0.38572333333333453,0.47043060543590753,0.45979848940670487,0.8247884798565601
1.5,60,10.0,15.0,195.90499999999952,0.4036032525473317,0.6267806267806267,1,790.8809999999994,0.3362889394567815,0.7471783295711061,4,134,196.0789999999988,0.38899258672965736,0.5376884422110553,0,2826.743999999996,0.5306808403417289,0.7215189873417721,4,134,0.19659111014999953,0.19973093389904767,0.8217800000000011,0.821345058129958,0.500606272484067,0.8923885217279561
1.5,60,12.0,6.0,674.6539999999995,0.40203994737836946,0.6423611111111112,3,398.09700000000043,0.45725254444505053,0.6839729119638827,2,134,1024.3859999999984,0.40501390216143884,0.6321167883211679,3,875.4469999999997,0.5129035233178174,0.6708860759493671,3,134,0.16479656893543487,0.19892530603415023,0.6878366666666687,-0.20748848131039577,0.4688840212415475,0.4852005354170945
1.5,60,12.0,8.0,568.3190000000002,0.3952250044533886,0.6545138888888888,2,368.71799999999917,0.34765710312490317,0.7020316027088036,3,134,194.7709999999986,0.4086738721233849,0.5555555555555556,1,1061.5439999999971,0.5451905216382931,0.6853526220614828,4,134,0.17105128117409668,0.1999695046505406,0.3494866666666667,0.2600742010542245,0.36736870167955016,0.5218308809193419
1.5,60,12.0,10.0,569.2699999999998,0.37085013766218466,0.6597222222222222,2,757.1429999999996,0.3492966595283559,0.7178329571106095,3,134,196.82499999999868,0.4020694033908835,0.5555555555555556,1,1525.2709999999972,0.5153388231904418,0.6980108499095841,4,134,0.19337291676939655,0.19992302963359085,0.3831800000000005,0.3753138902143336,0.6440934865041021,0.6256188244121386
1.5,60,12.0,12.0,560.3479999999993,0.38042332434114967,0.6631944444444444,2,833.8969999999997,0.3163413420416428,0.7291196388261851,4,134,197.9629999999986,0.39861229672790305,0.5477178423236515,1,2260.2249999999967,0.52165114579625,0.7070524412296564,4,134,0.1892408681424831,0.1997960415409275,0.6534100000000005,0.594770806998866,0.45153297608347276,0.9684513052755368
1.5,60,12.0,15.0,195.13799999999924,0.3957771468028277,0.6275071633237822,1,807.2639999999992,0.3459983909278986,0.7404063205417607,4,134,196.0789999999988,0.38899258672965736,0.5376884422110553,0,2857.6029999999955,0.5508560822235882,0.7160940325497287,4,134,0.186392855561847,0.19983982837755587,0.8551133333333345,0.7627728045366464,0.47659480777091057,0.9726612467321998
1.5,60,15.0,6.0,689.7020000000002,0.4145514812793793,0.640625,3,610.0390000000004,0.4434400416864908,0.6794582392776524,3,134,1233.7779999999989,0.4367272969385242,0.6306569343065693,3,1604.4619999999986,0.5866858443544828,0.6672694394213382,4,134,0.18273818551946094,0.19918268704084285,0.7177466666666683,0.04274592295332513,1.025603328916611,0.4740634032239992
1.5,60,15.0,8.0,684.4150000000009,0.3678497382822036,0.6527777777777778,2,607.2449999999992,0.4005498456972759,0.6975169300225733,4,134,1262.1230000000007,0.3904578298621668,0.6408759124087591,4,1785.7689999999968,0.5931026374642597,0.6817359855334539,4,134,0.1742238689604215,0.19858902497753514,0.3736166666666667,0.4164771831054239,0.6785230311679262,0.8226428882726464
1.5,60,15.0,10.0,621.3750000000002,0.4149977546611571,0.6579861111111112,2,982.0159999999996,0.387381183084155,0.7133182844243793,4,134,1021.2950000000008,0.4078434778293334,0.6452554744525547,4,2235.1569999999974,0.5378273113760145,0.6943942133815552,4,134,0.17828529658873407,0.19877613533474453,0.4793099999999997,0.45528883961666633,0.8396880375692679,0.8811966768701465
1.5,60,15.0,12.0,634.1959999999995,0.3798956330678384,0.6614583333333334,2,930.6599999999996,0.32359261912407694,0.7223476297968398,4,134,187.27999999999884,0.4310659614736167,0.5490196078431373,1,2678.6929999999957,0.5389036977681362,0.701627486437613,4,134,0.19254967540938547,0.19873870480992425,0.8203766666666661,0.50948979423672,0.46623408446876957,1.216189718977445
1.5,60,15.0,15.0,198.13799999999924,0.3864879844685231,0.6275071633237822,1,1043.945999999999,0.3577265980595806,0.7358916478555305,4,134,196.0789999999988,0.38899258672965736,0.5376884422110553,0,3231.4499999999944,0.5956443811534794,0.7124773960216998,4,134,0.1996173999833658,0.19999920000320043,0.9057466666666671,0.7155533089392749,0.6643675770245983,0.9795093264724832
1.5,60,20.0,6.0,643.8909999999998,0.41531599155052995,0.6388888888888888,3,497.89600000000223,0.4318312913869076,0.6704288939051919,3,134,1083.343999999999,0.4298361410581504,0.6291970802919709,3,1626.7400000000007,0.5506936563538043,0.6600361663652803,4,134,0.15023662268072202,0.19394252836409456,0.7674800000000035,0.10816718340989917,0.34571365846436275,1.0572375243442842
1.5,60,20.0,8.0,623.8590000000002,0.38559717149739675,0.6510416666666666,2,400.78,0.4887186873125436,0.6884875846501128,3,134,195.82999999999856,0.40545874066428,0.5555555555555556,1,1793.3839999999977,0.6263264416927868,0.674502712477396,4,134,0.18536139292908138,0.19689084740590226,0.6638599999999997,0.5344199632180533,0.2042855762627349,0.9442921819979555
1.5,60,20.0,10.0,550.5399999999997,0.41620301211741567,0.65625,2,692.9310000000007,0.3875523897098008,0.7020316027088036,4,134,197.88399999999865,0.39885228919396215,0.5555555555555556,1,1734.3019999999985,0.5158689529040724,0.6853526220614828,4,134,0.17333475853023717,0.19956395276321193,0.550193333333334,0.573739189520442,0.16863693501667054,1.0277071724373399
1.5,60,20.0,12.0,483.02099999999973,0.372519934000374,0.6597222222222222,2,753.3840000000005,0.3616458971864846,0.7133182844243793,4,134,196.00899999999842,0.40454831291372456,0.5477178423236515,1,2664.119999999997,0.5470091069907632,0.6943942133815552,4,134,0.19158923268512373,0.1997882244820493,0.8434100000000004,0.612620089942004,0.07098325215066814,1.7893039618058517
1.5,60,20.0,15.0,197.8709999999994,0.39019233791809127,0.6257142857142857,1,914.5799999999999,0.3790935095679622,0.7268623024830699,4,134,196.0789999999988,0.38899258672965736,0.5376884422110553,0,3143.0409999999974,0.582904560113936,0.705244122965642,4,134,0.1957985819986983,0.19939364392881298,0.8470466666666683,0.7889170820444844,0.2893043629144201,1.4592646088818775
1.5,60,25.0,6.0,645.6549999999995,0.44193578759062185,0.6388888888888888,3,765.3050000000023,0.4730417553887997,0.6704288939051919,3,134,1186.6349999999975,0.43652864714279876,0.6291970802919709,3,2283.1500000000015,0.5389326589975583,0.6600361663652803,4,134,0.1951267104075707,0.19744032718682775,0.6860166666666714,0.12168325738179564,0.6429806487319183,1.4493375529689412
1.5,60,25.0,8.0,566.865,0.39920910032290613,0.6493055555555556,2,446.9630000000002,0.4366602599928195,0.6884875846501128,4,134,195.82999999999856,0.40545874066428,0.5555555555555556,1,2920.8609999999976,0.6112090300036042,0.674502712477396,4,134,0.194985461396535,0.19967831822933338,0.8379700000000003,0.5836148939681587,0.40045076048653927,1.388547022106358
1.5,60,25.0,10.0,541.2189999999996,0.38568164164133995,0.6545138888888888,2,1057.2890000000007,0.37295421042879084,0.7020316027088036,4,134,197.88399999999865,0.39885228919396215,0.5555555555555556,1,2198.913999999999,0.4894289712224264,0.6853526220614828,4,134,0.17886047988266784,0.19967674553528356,0.5224000000000009,0.33570896829567,0.3079592489078684,1.7558283223505313
1.5,60,25.0,12.0,452.55699999999956,0.3768294086693416,0.6579861111111112,2,768.3500000000001,0.36403271439835494,0.708803611738149,4,134,196.00899999999842,0.40454831291372456,0.5477178423236515,1,3292.9149999999977,0.5389927021631715,0.6907775768535263,4,134,0.17609315327808445,0.19968808720778186,0.8963166666666673,0.7253834187328021,0.1959662252613692,1.8050710656223021
1.5,60,25.0,15.0,361.3339999999989,0.38427102018022335,0.6673469387755102,2,917.4240000000004,0.40579690401914426,0.7223476297968398,4,134,196.0789999999988,0.38899258672965736,0.5376884422110553,0,3346.020999999998,0.6084429902096291,0.701627486437613,4,134,0.1937945061195464,0.1993326343402291,0.9614166666666688,0.6711526532693173,0.3576282252061318,1.506343345909917
1.5,60,30.0,6.0,710.3249999999996,0.4530509040861577,0.6388888888888888,3,508.4940000000024,0.4546995803344755,0.6659142212189616,4,134,1290.5739999999983,0.4338532051517154,0.6291970802919709,3,1125.3950000000016,0.5979061810682152,0.6564195298372514,4,134,0.19880962735620394,0.19985560432587376,0.5662366666666723,0.1008574693905333,0.06792315678158678,1.0373012065641403
1.5,60,30.0,8.0,592.671,0.41836479955883943,0.6493055555555556,2,514.8290000000002,0.4635929261974158,0.6839729119638827,4,134,195.82999999999856,0.40545874066428,0.5555555555555556,1,2505.7039999999974,0.6627617120692173,0.6708860759493671,4,134,0.19575141136767646,0.199912038702971,0.8235800000000002,0.606499303567702,0.14886092887035085,1.4816223368432766
1.5,60,30.0,10.0,553.895,0.3816335896660959,0.6545138888888888,3,869.4320000000002,0.42508781541935886,0.6975169300225733,4,134,197.88399999999865,0.39885228919396215,0.5555555555555556,1,2322.7019999999975,0.5976396884633078,0.6817359855334539,4,134,0.1873181842873765,0.19779067812534076,0.6587333333333361,0.6123708854145671,0.1728850822834982,1.468171066305942
1.5,60,30.0,12.0,553.7729999999995,0.3690567739389864,0.6579861111111112,2,641.4180000000003,0.42595320074519893,0.7042889390519187,3,134,196.00899999999842,0.40454831291372456,0.5477178423236515,1,2749.1069999999972,0.6028992588377381,0.6871609403254972,4,134,0.1980425964869727,0.1995800835043072,0.8497266666666679,0.7740783322941356,0.025190255041301013,1.72386494356796
1.5,60,30.0,15.0,195.4769999999994,0.41558115408648083,0.6239316239316239,1,872.7090000000001,0.4221634022358131,0.7178329571106095,4,134,196.0789999999988,0.38899258672965736,0.5376884422110553,0,3089.6719999999973,0.6379959839084688,0.6980108499095841,4,134,0.17717119609750953,0.19711774434222853,0.8533633333333357,0.7636153371618046,0.22781887565190462,1.5662111227576525
1.5,120,10.0,6.0,687.252,0.3796647243748955,0.6389830508474577,3,489.2410000000009,0.48069701066546394,0.6812227074235808,3,149,965.899999999999,0.3723805391672293,0.6294706723891274,4,1097.126999999999,0.5227826572128188,0.6690140845070423,4,149,0.19367482239413575,0.19886448379751606,0.19840666666666573,0.4426822280694944,0.5811932690157215,0.33775256759014183
1.5,120,10.0,8.0,562.104,0.3454250942090293,0.652542372881356,2,523.1459999999993,0.418945653438846,0.7030567685589519,3,149,192.1939999999986,0.4190076873547112,0.5572519083969466,1,1637.886999999997,0.5638496388453952,0.6866197183098591,4,149,0.1666862870317032,0.19902095903935468,0.2982066666666652,0.46286672383955296,0.6848073915584691,0.7063331412968423
1.5,120,10.0,10.0,473.0329999999997,0.38271976694514714,0.6576271186440678,2,882.0859999999996,0.3064930886895357,0.7205240174672489,4,149,194.24799999999868,0.4124379915305531,0.5572519083969466,1,1558.0999999999972,0.5277803543270583,0.7007042253521126,4,149,0.19486055291681956,0.1957170583726129,0.3702966666666665,0.44406928913203525,0.6072003112992508,0.6330573315166144
1.5,120,10.0,12.0,555.0519999999992,0.36442090536624394,0.6627118644067796,2,788.3729999999996,0.31377590074559747,0.7292576419213974,4,149,197.3859999999986,0.40294615849970034,0.5495867768595041,1,2244.978999999997,0.49678260680221314,0.7077464788732394,4,149,0.1675071337100573,0.19884355900144127,0.3408366666666667,0.6611866720032991,0.6371686316060403,1.0521225727367738
1.5,120,10.0,15.0,195.90499999999952,0.4036032525473317,0.6267806267806267,1,717.0969999999993,0.33552678376104084,0.7420814479638009,4,133,197.50199999999882,0.38727531070256654,0.54,1,1644.9519999999968,0.5069685858056749,0.7165492957746479,4,149,0.16932076973221977,0.19926206614836436,0.39605333333333337,0.49881093367970397,0.38109939687060623,0.8973968570347641
1.5,120,12.0,6.0,549.8119999999999,0.4012402446137381,0.635593220338983,3,465.69499999999994,0.4344477576571419,0.6724890829694323,3,149,918.1569999999988,0.438042128603104,0.6266094420600858,4,875.9579999999994,0.5266567937800815,0.6619718309859155,4,149,0.16462328020116984,0.19730092336832114,0.19808000000000003,0.14127047720797736,0.43822038030228994,0.4847802724939747
1.5,120,12.0,8.0,577.3690000000001,0.326802087881555,0.6491525423728813,2,522.146999999999,0.4193580825921474,0.6943231441048034,3,149,196.1939999999986,0.40691589858616917,0.5572519083969466,1,1656.656999999996,0.56887636450685,0.6795774647887324,4,149,0.16759946242472495,0.19889711549458336,0.2984366666666649,0.42453617298751256,0.7204095865749016,0.7353426413884807
1.5,120,12.0,10.0,569.5540000000005,0.37378818119335677,0.6542372881355932,2,756.1719999999993,0.34969466257985504,0.7096069868995634,3,149,198.24799999999868,0.4003387779794339,0.5572519083969466,1,1868.005999999997,0.5161264708363743,0.6919014084507042,4,149,0.1985101810909132,0.19992952484249288,0.36966666666666614,0.44421270382087785,0.835113670257672,0.7153312286617357
1.5,120,12.0,12.0,549.4039999999995,0.3586755535572882,0.6593220338983051,2,771.5459999999994,0.3062998215803542,0.7205240174672489,4,149,199.3859999999986,0.39689655172414073,0.5495867768595041,1,1682.223999999998,0.5241508945762284,0.7007042253521126,4,149,0.19994401567561135,0.19994401567561135,0.358476666666667,0.4225370083647586,0.5441685568655175,0.8791095859807174
1.5,120,12.0,15.0,195.13799999999924,0.3957771468028277,0.6275071633237822,1,797.1489999999997,0.34581125500364635,0.7300884955752213,4,143,197.50199999999882,0.38727531070256654,0.54,1,1932.0479999999973,0.5411463029396166,0.7095070422535211,4,149,0.1801723889417399,0.1998760768323642,0.3859366666666666,0.552908863079359,0.5705360323384994,0.9052825901732486
1.5,120,15.0,6.0,641.7410000000004,0.41913245665362925,0.6338983050847458,3,512.3489999999993,0.4527213679360524,0.665938864628821,3,149,1166.7319999999988,0.4186559275856417,0.6251788268955651,4,1544.2869999999966,0.575240431078892,0.6566901408450704,4,149,0.17929527990234473,0.198007549037807,0.6917333333333333,0.19374802963429594,0.59492515486481,0.5981659693238157
1.5,120,15.0,8.0,672.2890000000018,0.36013019412655217,0.6474576271186441,2,552.6379999999981,0.4505107420695433,0.6877729257641921,4,149,1163.5840000000012,0.3887782154333561,0.6366237482117311,4,1814.5159999999953,0.6299637770828201,0.6742957746478874,4,149,0.17505061880393868,0.19464503696865446,0.37010999999999816,0.47544357752296773,0.6102009049296238,0.8581528618066718
1.5,120,15.0,10.0,632.5000000000009,0.39645742295308206,0.652542372881356,2,979.5289999999989,0.38834795575442405,0.7030567685589519,4,149,1165.6840000000009,0.3821899576527551,0.6409155937052933,4,1754.5549999999962,0.5640755982982145,0.6866197183098591,4,149,0.18090461351990691,0.19852266053452297,0.3702333333333323,0.40608168925000165,0.693007588261551,0.7930060139695807
1.5,120,15.0,12.0,556.1409999999996,0.405253176882543,0.6576271186440678,2,926.1489999999994,0.3607265101507978,0.7117903930131004,4,149,188.70299999999884,0.42921052631579165,0.55078125,1,1944.5779999999972,0.5468288498854234,0.6936619718309859,4,149,0.1621767361526412,0.19990104898075498,0.37032,0.45411534045575275,0.4948250278948312,1.1761704070601597
1.5,120,15.0,15.0,198.13799999999924,0.3864879844685231,0.6275071633237822,1,1046.9079999999992,0.383012801912743,0.7248908296943232,4,149,197.50199999999882,0.38727531070256654,0.54,1,2595.917999999995,0.6088234857371978,0.704225352112676,4,149,0.19338111688645418,0.1967116371326004,0.6667066666666672,0.6755677863731211,0.5706752414645899,0.9727049861769539
1.5,120,20.0,6.0,486.1419999999998,0.44189581546530926,0.6322033898305085,3,336.60900000000015,0.4873323906577616,0.6550218340611353,2,149,1172.259999999999,0.42608488460836,0.6237482117310443,4,1066.8989999999994,0.6037744240713389,0.647887323943662,4,149,0.1954718935851013,0.19934664138286803,0.8191866666666676,0.06141022728105239,0.049420737444134444,0.7550596398414875
1.5,120,20.0,8.0,649.5330000000022,0.4285337636886051,0.6457627118644068,2,472.2409999999986,0.47739728965148254,0.6768558951965066,4,149,197.25299999999856,0.4037145975096978,0.5572519083969466,1,1902.8019999999938,0.6464308828685807,0.6654929577464789,4,149,0.19944116585328034,0.19944116585328034,0.8206566666666639,0.4554766869828937,0.25135947329293895,0.912744445628382
1.5,120,20.0,10.0,517.7810000000006,0.3751185921958689,0.6508474576271186,2,815.4829999999993,0.3723146168083989,0.6921397379912664,4,149,199.30699999999865,0.3971355111917752,0.5572519083969466,1,1784.0169999999973,0.5701853204085913,0.6778169014084507,4,149,0.19880379755014133,0.19999757145806124,0.47647000000000017,0.7009692035733834,0.16536130146304373,1.0318706813193854
1.5,120,20.0,12.0,514.2849999999996,0.37619846831338016,0.6559322033898305,2,757.7709999999995,0.3432721248273599,0.7030567685589519,4,149,197.43199999999842,0.402807017543863,0.5495867768595041,1,1635.7509999999986,0.5130796648347608,0.6866197183098591,4,149,0.1648915631857603,0.19996700544410148,0.36955333333333407,0.400853319573774,0.1323712608350438,1.5097790413823717
1.5,120,20.0,15.0,197.8709999999994,0.39019233791809127,0.6257142857142857,1,900.6909999999998,0.39731380417041556,0.7161572052401747,4,149,197.50199999999882,0.38727531070256654,0.54,1,1686.7809999999984,0.568595733786411,0.6971830985915493,4,149,0.19955573903597157,0.19955573903597157,0.39873333333333383,0.43847767027310125,0.20239258864108467,1.324090875897829
1.5,120,25.0,6.0,654.8789999999997,0.42209265473058305,0.6322033898305085,3,539.0640000000012,0.5207400719758238,0.6550218340611353,3,149,1161.9859999999987,0.4210923126125588,0.6237482117310443,3,818.1610000000003,0.5830685667562192,0.647887323943662,2,149,0.1951267104075707,0.1982735332095773,0.43676000000000315,-0.09341852501461834,-0.014333532943325289,1.1242052024997329
1.5,120,25.0,8.0,548.0710000000008,0.39938939408961893,0.6440677966101694,2,675.5829999999994,0.43207579722827977,0.6768558951965066,4,149,197.25299999999856,0.4037145975096978,0.5572519083969466,1,2558.124999999994,0.6287914358155723,0.6654929577464789,4,149,0.1822946337017214,0.1994321722872384,0.819003333333332,0.4175821557959323,0.4130802920462895,1.3401943967981778
1.5,120,25.0,10.0,481.8240000000005,0.3757321112750514,0.6491525423728813,2,1052.0719999999994,0.37229151596412774,0.6921397379912664,4,149,199.30699999999865,0.3971355111917752,0.5572519083969466,1,3269.139999999995,0.5368840745398442,0.6778169014084507,4,149,0.17671226824922387,0.1980766754810785,0.7854466666666666,0.5666667911297578,0.36820153486820084,1.8473356907694267
1.5,120,25.0,12.0,580.4789999999996,0.4214539413562127,0.6542372881355932,2,935.7239999999997,0.3680420164723672,0.6986899563318777,4,149,197.43199999999842,0.402807017543863,0.5495867768595041,1,2825.7399999999966,0.5663424934112187,0.6830985915492958,4,149,0.18896001133760149,0.19570357269103467,0.8445199999999999,0.5216153796109511,0.21941341694428051,1.7521475738745997
1.5,120,25.0,15.0,336.03999999999905,0.38427102018022335,0.6632860040567952,2,926.6099999999997,0.3975884421679515,0.7117903930131004,4,149,197.50199999999882,0.38727531070256654,0.54,1,3084.040999999996,0.6325535735309773,0.6936619718309859,4,149,0.1984046283831717,0.1994243757838986,1.0011433333333337,0.6290620528597779,0.3405382026102346,1.3523604524953874
1.5,120,30.0,6.0,661.3160000000003,0.4166294837720914,0.6322033898305085,3,320.8410000000015,0.5760409694999498,0.6506550218340611,1,149,1164.486999999999,0.42129509034258766,0.6237482117310443,4,688.1699999999996,0.6342579702074345,0.6443661971830986,2,149,0.19837530624187874,0.19995001249687583,0.7411833333333364,-0.15877899129902284,-0.15758643290185181,0.859064754031932
1.5,120,30.0,8.0,558.3900000000008,0.39565453477317325,0.6440677966101694,2,613.6979999999987,0.4734434496054036,0.6724890829694323,4,149,197.25299999999856,0.4037145975096978,0.5572519083969466,1,2507.3219999999937,0.6684910353588966,0.6619718309859155,4,149,0.17433701087572545,0.1997101706148959,0.8754899999999983,0.5430722993279911,0.12798475014541366,1.5602631208121638
1.5,120,30.0,10.0,480.79700000000025,0.3985966283752429,0.6491525423728813,2,972.417999999999,0.3812618488295427,0.6877729257641921,4,149,199.30699999999865,0.3971355111917752,0.5572519083969466,1,1900.118999999997,0.5758377360731576,0.6742957746478874,4,149,0.19972064075374646,0.19972064075374646,0.37544333333333424,0.38320008336705547,0.23720376904936136,1.690856899279043
1.5,120,30.0,12.0,539.9679999999994,0.356630795502143,0.6542372881355932,2,762.4199999999996,0.40982939518121386,0.6943231441048034,4,149,197.43199999999842,0.402807017543863,0.5495867768595041,1,2850.3389999999963,0.6170903490380779,0.6795774647887324,4,149,0.1763452275250219,0.19928953281551423,0.8499966666666667,0.7797959996324262,0.011858855925124479,1.8517677356355615
1.5,120,30.0,15.0,195.4769999999994,0.41558115408648083,0.6239316239316239,1,861.8499999999999,0.4418340989048241,0.7074235807860262,4,149,197.50199999999882,0.38727531070256654,0.54,1,3177.801999999996,0.6545821971172592,0.6901408450704225,4,149,0.17346028699004537,0.19970028315836022,1.0066200000000003,0.664194848385175,0.23071962883625874,1.5773722142288293
1.5,240,10.0,6.0,566.7100000000003,0.3337917981072549,0.6363636363636364,3,446.5010000000009,0.4719439173311562,0.6781857451403888,3,154,1023.7909999999995,0.35543613507083155,0.6273115220483642,4,994.6339999999993,0.5382387118391134,0.6666666666666666,4,154,0.19984162551178208,0.19984162551178208,0.19343,0.4445282365395,0.5442000220424845,0.24541905303305422
1.5,240,10.0,8.0,560.3990000000003,0.3454250942090293,0.6498316498316499,2,495.1459999999993,0.418945653438846,0.6997840172786177,3,154,192.1939999999986,0.4190076873547112,0.5572519083969466,1,1571.3789999999967,0.5536927370690278,0.6841186736474695,4,154,0.17105365846357526,0.19972457980445033,0.28177999999999814,0.4854941305580258,0.63750234146734,0.6799382923927118
1.5,240,10.0,10.0,506.87300000000005,0.3571451471807347,0.6548821548821548,2,944.0859999999996,0.3064930886895357,0.7192224622030238,4,154,194.24799999999868,0.4124379915305531,0.5572519083969466,1,2683.2829999999967,0.46865789570522004,0.699825479930192,4,154,0.19576545341026957,0.19986908574883472,0.334123333333332,0.6828803933669298,0.9275199650805928,1.0667936035517704
1.5,240,10.0,12.0,543.6739999999995,0.35248716007448205,0.6599326599326599,2,885.9729999999995,0.32755439698352196,0.7278617710583153,4,154,197.3859999999986,0.40294615849970034,0.5495867768595041,1,2322.515999999997,0.4973694324498042,0.7068062827225131,4,154,0.16771263446360515,0.19908487319952672,0.45750333333333315,0.5248701546708838,0.6385667213097528,1.1258416352712493
1.5,240,10.0,15.0,195.90499999999952,0.4036032525473317,0.6267806267806267,1,596.4439999999993,0.32480230145630784,0.7432432432432432,4,135,197.50199999999882,0.38727531070256654,0.54,1,1670.7599999999966,0.55226340334514,0.7155322862129145,4,154,0.16019864632143913,0.1988165445187522,0.3126033333333331,0.5926314372709676,0.4681701926817887,0.8145445067118497
1.5,240,12.0,6.0,594.8300000000008,0.4046512268523294,0.632996632996633,3,507.69699999999966,0.42206061220352914,0.6695464362850972,3,154,1022.0939999999998,0.4119441673807431,0.6244665718349929,3,855.2739999999992,0.5320870476820355,0.6596858638743456,4,154,0.19977525284055436,0.19977525284055436,0.17116666666666647,0.24808880034153957,0.3711563546141974,0.4224363601286607
1.5,240,12.0,8.0,564.2800000000007,0.34084003395091245,0.6464646464646465,2,502.146999999999,0.4193580825921474,0.6911447084233261,3,154,196.1939999999986,0.40691589858616917,0.5572519083969466,1,1560.3249999999962,0.5959237455635155,0.6771378708551483,4,154,0.16123749779558172,0.19794018495036125,0.28177999999999814,0.5436060270353182,0.6583160508719277,0.5851725801945518
1.5,240,12.0,10.0,533.1230000000005,0.3728968336480896,0.6515151515151515,2,896.1719999999993,0.33400280386564324,0.7084233261339092,4,154,198.24799999999868,0.4003387779794339,0.5572519083969466,1,2039.7209999999973,0.5145453900773561,0.6910994764397905,4,154,0.19790207310667543,0.19790207310667543,0.4495999999999989,0.5241399926416468,0.6485988612258555,0.8666439100191197
1.5,240,12.0,12.0,580.752,0.3586755535572882,0.6565656565656566,2,831.5459999999994,0.3062998215803542,0.7192224622030238,4,154,199.3859999999986,0.39689655172414073,0.5495867768595041,1,1923.9019999999975,0.480851366059381,0.699825479930192,4,154,0.1636155770210107,0.19772549769155562,0.3642800000000004,0.39370950244817404,0.5670861799050875,1.1522515891003744
1.5,240,12.0,15.0,195.13799999999924,0.3957771468028277,0.6275071633237822,1,744.1829999999995,0.34205733620538253,0.7321428571428571,4,139,197.50199999999882,0.38727531070256654,0.54,1,2021.536999999997,0.5418006829729745,0.7085514834205934,4,154,0.1804179743211102,0.1998448704193373,0.3948666666666667,0.5869593270563465,0.5247237151001596,0.996506794319618
1.5,240,15.0,6.0,636.0610000000015,0.4192174728914516,0.6313131313131313,3,491.7109999999989,0.45321534912119066,0.6630669546436285,3,154,1267.6340000000012,0.4160514920316957,0.6230440967283073,4,774.3409999999981,0.5257001790521889,0.6544502617801047,4,154,0.1987311019142774,0.1990629113448447,0.21028999999999765,0.09306860339257339,0.30352324008072973,0.49677098857426905
1.5,240,15.0,8.0,705.8190000000027,0.3440284870722607,0.6447811447811448,3,554.9699999999982,0.45828764096436947,0.6846652267818575,4,154,1197.7390000000025,0.3887782154333561,0.6344238975817923,4,1723.5769999999948,0.6304394500702436,0.6719022687609075,4,154,0.1752907269744688,0.1943002035294643,0.3007799999999967,0.5516766862959102,0.6111471684527441,0.7667257428168193
1.5,240,15.0,10.0,655.2050000000015,0.3909581527028227,0.6498316498316499,3,1017.2099999999987,0.4044881287206453,0.7019438444924406,4,154,1075.5220000000018,0.3821899576527551,0.6386913229018493,4,1892.2289999999962,0.5719288407336828,0.6858638743455497,4,154,0.18128602493226764,0.19903468179330291,0.398536666666665,0.37923210212578984,0.6870161334918572,0.9383044347176774
1.5,240,15.0,12.0,571.7350000000001,0.40097504031488657,0.6548821548821548,2,931.0519999999995,0.34419862019064107,0.7105831533477321,4,154,188.70299999999884,0.42921052631579165,0.55078125,1,2070.166999999997,0.5475353128230404,0.6928446771378709,4,154,0.1624090128881707,0.19702407449480291,0.3591399999999991,0.4724261910718015,0.48602861568699307,1.3203806013896542
1.5,240,15.0,15.0,198.13799999999924,0.3864879844685231,0.6275071633237822,1,651.8709999999992,0.3791200408093447,0.7297297297297297,4,135,197.50199999999882,0.38727531070256654,0.54,1,1799.436999999997,0.5852514915369232,0.7033158813263525,4,154,0.19754315577166837,0.19754315577166837,0.3721733333333328,0.49414311117156884,0.49485665789255373,0.9571074472748029
1.5,240,20.0,6.0,606.0970000000004,0.4121588692246006,0.6296296296296297,3,334.42199999999957,0.5096178796936149,0.652267818574514,3,154,969.6150000000007,0.4054093089251529,0.6216216216216216,4,190.77599999999893,0.6251922899349118,0.6345776031434185,2,134,0.19319284993262387,0.1972620033929075,0.202089999999999,0.07063253721989371,-0.08889688913983085,-0.4576776130264728
1.5,240,20.0,8.0,520.6100000000017,0.3482086024893655,0.6430976430976431,3,451.2779999999984,0.4667989263624707,0.673866090712743,3,154,197.25299999999856,0.4037145975096978,0.5572519083969466,1,1231.2159999999965,0.6380801022655647,0.6631762652705061,4,154,0.16299564258315571,0.1984569968494959,0.39586999999999906,0.3548945579936942,0.2905281673384723,0.6814928928075901
1.5,240,20.0,10.0,520.8860000000006,0.39627844412061497,0.6481481481481481,2,786.678999999999,0.3685346686100188,0.6911447084233261,4,154,199.30699999999865,0.3971355111917752,0.5572519083969466,1,1809.9759999999974,0.5426438019205703,0.6771378708551483,4,154,0.18980374292981117,0.1969090898861869,0.37032666666666647,0.4056332066806403,0.29267478061029406,1.4230711562352791
1.5,240,20.0,12.0,516.9540000000002,0.35564320010603057,0.6531986531986532,2,830.3759999999993,0.3703736829866022,0.7019438444924406,4,154,197.43199999999842,0.402807017543863,0.5495867768595041,1,1762.216999999998,0.5331785451945239,0.6858638743455497,4,154,0.1711310478781894,0.19853875476493024,0.3583733333333332,0.4090603466891731,0.08883176683054428,1.8185685929845214
1.5,240,20.0,15.0,197.8709999999994,0.39019233791809127,0.6257142857142857,1,898.4819999999997,0.41499264215042786,0.7136659436008677,4,152,197.50199999999882,0.38727531070256654,0.54,1,1837.8469999999982,0.5848269681863716,0.6963350785340314,4,154,0.1964485378499041,0.19927133116570447,0.3971133333333341,0.4623246980679172,0.23973666606842725,1.4187066606830094
1.5,240,25.0,6.0,567.3380000000006,0.40697172320939373,0.6296296296296297,3,485.23900000000094,0.5383632239966911,0.652267818574514,3,154,1052.538,0.4403999904107767,0.6216216216216216,3,1376.8849999999993,0.5535846176403292,0.6457242582897034,4,154,0.1770211761581981,0.19565403475304827,0.8275766666666686,0.0005617639387645035,0.22476899491597568,1.0492867082908544
1.5,240,25.0,8.0,471.5660000000014,0.35790779740338236,0.6414141414141414,2,669.342999999998,0.41302275497240826,0.673866090712743,4,154,197.25299999999856,0.4037145975096978,0.5572519083969466,1,2443.502999999994,0.6286129283974605,0.6631762652705061,4,154,0.18223184811340026,0.19794402143074027,0.9004533333333309,0.357490142702787,0.412878543169233,1.2345645142263053
1.5,240,25.0,10.0,477.06500000000074,0.3757321112750514,0.6464646464646465,2,947.6149999999993,0.3632749368076378,0.6911447084233261,4,154,199.30699999999865,0.3971355111917752,0.5572519083969466,1,2274.230999999998,0.4955907157234849,0.6771378708551483,4,154,0.17663137473670953,0.19934825579620657,0.3741500000000004,0.34474887506215546,0.4473849406348869,1.83435300686333
1.5,240,25.0,12.0,449.3769999999997,0.360996848666697,0.6515151515151515,2,955.5479999999995,0.3683120783608836,0.6976241900647948,4,154,197.43199999999842,0.402807017543863,0.5495867768595041,1,2081.6379999999986,0.5674640907287657,0.6823734729493892,4,154,0.1913484966386453,0.1967890585283462,0.35685333333333413,0.4653585747415545,0.2994972195351753,1.6855409687174294
1.5,240,25.0,15.0,343.25799999999936,0.38427102018022335,0.6626262626262627,2,988.665,0.3923550858269193,0.7105831533477321,4,154,197.50199999999882,0.38727531070256654,0.54,1,1853.7499999999984,0.6012249775918744,0.6928446771378709,4,154,0.19986342665845064,0.19986342665845064,0.3608933333333342,0.4811471876316509,0.2922168660751925,1.3723141500620706
1.5,240,30.0,6.0,696.3850000000011,0.40975252932134604,0.6296296296296297,3,314.4920000000004,0.5918740504712344,0.6479481641468683,1,154,1056.0490000000004,0.395327452450223,0.6216216216216216,3,1125.9529999999988,0.6018366857333539,0.6422338568935427,3,154,0.18502243397011872,0.1999553433066619,0.8232200000000018,0.08720103260531364,-0.012963666755232084,0.9183018061071349
1.5,240,30.0,8.0,556.4510000000016,0.3789566191821193,0.6414141414141414,2,589.6309999999987,0.47350191977674305,0.6695464362850972,4,154,197.25299999999856,0.4037145975096978,0.5572519083969466,1,2259.344999999994,0.668938379503902,0.6596858638743456,4,154,0.17458481548567475,0.19882230918857427,0.899089999999998,0.522181676487153,0.12812893495136102,1.3093540622173245
1.5,240,30.0,10.0,510.27200000000084,0.39024173857363875,0.6464646464646465,2,1074.9159999999988,0.37746121851514786,0.6868250539956804,4,154,199.30699999999865,0.3971355111917752,0.5572519083969466,1,1946.4739999999974,0.5431565384667388,0.6736474694589878,4,154,0.15797289185175883,0.19914417789549385,0.37492666666666685,0.3833440813813058,0.16481802456716443,1.9285963613603743
1.5,240,30.0,12.0,482.1070000000004,0.3763428393230533,0.6515151515151515,2,830.1929999999995,0.4113639247753348,0.693304535637149,4,154,197.43199999999842,0.402807017543863,0.5495867768595041,1,1695.8939999999986,0.5971452216981744,0.6788830715532286,4,154,0.1600781181216438,0.1981993588250752,0.36233000000000093,0.4657951206144335,0.1256032276749417,1.5149915321348852
1.5,240,30.0,15.0,195.4769999999994,0.41558115408648083,0.6239316239316239,1,917.4039999999995,0.45649361057617543,0.7062634989200864,4,154,197.50199999999882,0.38727531070256654,0.54,1,2440.5639999999976,0.6682878750195759,0.6893542757417103,4,154,0.19971191556180296,0.1999486798388425,0.5526600000000015,0.7377318064912213,0.2480035382836343,1.4159837810119886
1.5,9999,10.0,6.0,552.1089999999995,0.3413164141997046,0.6337792642140468,3,544.4270000000013,0.4148556019649063,0.6772823779193206,3,162,1007.3459999999986,0.3641332769360921,0.6251768033946252,4,1200.2949999999994,0.5410809299769263,0.6660929432013769,4,162,0.19506581032775944,0.19640673871520545,0.25841666666666696,0.4245811535659918,0.8840958322099555,0.18454645488233945
1.5,9999,10.0,8.0,544.1560000000002,0.35529857885512484,0.6471571906354515,2,622.8069999999993,0.4217495113116275,0.7006369426751592,3,162,188.24799999999868,0.41646621202728107,0.5551330798479087,1,1668.836999999997,0.5977346443814215,0.685025817555938,4,162,0.1917845262490692,0.19988456666275273,0.3816566666666661,0.5061508285946572,0.6512017555802914,0.6189145325594656
1.5,9999,10.0,10.0,472.3149999999998,0.35225142778840873,0.6521739130434783,2,1088.1079999999997,0.30508567986867546,0.7197452229299363,4,162,196.1019999999985,0.38832813474735195,0.5506072874493927,0,2339.495999999997,0.4779278345170835,0.7005163511187608,4,162,0.19441132251542378,0.1988221774209585,0.37835999999999936,0.43196504057962426,0.8990726682868071,1.080484056857475
1.5,9999,10.0,12.0,558.2339999999995,0.3466678143358226,0.657190635451505,2,860.3609999999996,0.3137806647848263,0.7282377919320594,4,162,194.33699999999908,0.390028248587572,0.5476190476190477,0,2422.9519999999966,0.5318543288447838,0.7074010327022375,4,162,0.19093807878105182,0.19872675766364925,0.38873666666666695,0.5995593117005595,0.7210906198886546,1.112513862829485
1.5,9999,10.0,15.0,195.90499999999952,0.4036032525473317,0.6267806267806267,1,841.4669999999994,0.341747114511099,0.7380952380952381,4,153,197.50199999999882,0.38727531070256654,0.54,1,2150.5229999999965,0.5243167999305214,0.7160068846815835,4,162,0.17553040351148635,0.19529867270139548,0.40276666666666716,0.4895801154860613,0.6742542194429342,1.049047996089655
1.5,9999,12.0,6.0,595.6369999999995,0.404560605048932,0.6304347826086957,3,484.8230000000003,0.44301190128701146,0.6687898089171974,3,162,877.4489999999989,0.43791201727202983,0.6223479490806223,3,1055.046999999999,0.5334628316350642,0.6592082616179001,3,162,0.1960633742179934,0.19922005349058458,0.6781333333333344,-0.1348204354044189,0.7725143835836581,0.3665579945262405
1.5,9999,12.0,8.0,635.8160000000007,0.3264635470104539,0.6438127090301003,2,516.3269999999989,0.4494178529565163,0.692144373673036,3,162,192.24799999999868,0.4040669559826437,0.5551330798479087,1,1542.6139999999968,0.6132457905056824,0.6781411359724613,4,162,0.1903648723508354,0.19884075837865303,0.3775799999999989,0.438251619990609,0.7473552806901835,0.48526208966950324
1.5,9999,12.0,10.0,508.20799999999986,0.3598680111682862,0.6488294314381271,2,1023.0339999999997,0.34201775014154134,0.7091295116772823,4,162,188.24799999999868,0.4128259513412379,0.5551330798479087,0,1680.2139999999974,0.5565317718591359,0.6919104991394148,4,162,0.18793212643321783,0.19962918878183789,0.39339000000000013,0.3969455787683249,0.637501348581291,0.7571526875783057
1.5,9999,12.0,12.0,579.4209999999996,0.3706874357680936,0.6538461538461539,2,888.7259999999999,0.3409389553535703,0.7197452229299363,4,162,187.3859999999986,0.4118455743879502,0.5473251028806584,0,2048.2749999999974,0.45654766250517265,0.7005163511187608,4,162,0.1640562918151295,0.19887684302899408,0.46274666666666686,0.43551628899057104,0.4148592165273137,1.29814030461979
1.5,9999,12.0,15.0,195.13799999999924,0.3957771468028277,0.6275071633237822,1,854.1829999999995,0.3869797760510588,0.7292110874200426,4,160,197.50199999999882,0.38727531070256654,0.54,1,1968.3519999999976,0.5263370305847228,0.7091222030981067,4,162,0.18195216477588091,0.19994972692580185,0.39181333333333357,0.4821910984231579,0.62123836608066,0.9617761264242284
1.5,9999,15.0,6.0,627.4480000000008,0.4393009887614742,0.6287625418060201,3,468.4939999999999,0.4407630685234236,0.6624203821656051,3,162,1145.3080000000004,0.4230623408980114,0.620933521923621,4,1126.9119999999982,0.5819787730305398,0.6540447504302926,4,162,0.1995231396961267,0.1995231396961267,0.2809199999999994,0.07096722147622825,0.9436710752356363,0.40879496744641997
1.5,9999,15.0,8.0,499.6530000000016,0.39194429292318383,0.6421404682274248,2,656.2929999999985,0.5058256935365388,0.6857749469214437,4,162,198.24799999999868,0.38546807191568766,0.5551330798479087,1,1676.450999999996,0.651151249633532,0.6729776247848537,4,162,0.1997102204700987,0.1997102204700987,0.3622166666666651,0.46556470458688204,0.6587235463538843,0.6875024535684224
1.5,9999,15.0,10.0,566.016000000001,0.3909580634689999,0.6471571906354515,2,1127.846999999999,0.3868823682767595,0.70276008492569,4,162,194.24799999999868,0.394111041796634,0.5551330798479087,0,2840.127999999996,0.5844997998895608,0.6867469879518072,4,162,0.19547896255405073,0.19996800511918197,0.45296999999999943,0.5384855388158927,0.9849450949282144,1.1336250157760972
1.5,9999,15.0,12.0,570.7660000000001,0.4045594047632532,0.6521739130434783,2,1124.3309999999992,0.35180638635849315,0.7112526539278131,4,162,190.3859999999986,0.40242937853107635,0.5473251028806584,0,2057.867999999997,0.5415768756109266,0.693631669535284,4,162,0.16651610835203218,0.19905102424192642,0.40175666666666676,0.42966801180423153,0.44352593252984773,1.37117626182784
1.5,9999,15.0,15.0,198.13799999999924,0.3864879844685231,0.6275071633237822,1,1145.5329999999992,0.3626198227482166,0.7239915074309978,4,162,197.50199999999882,0.38727531070256654,0.54,1,2770.823999999995,0.6000658016081533,0.7039586919104991,4,162,0.1953460751066599,0.1998351360127897,0.4607066666666666,0.7879975902074732,0.5581234477142945,1.2696342797979123
1.5,9999,20.0,6.0,602.7509999999997,0.4151490083664906,0.6270903010033445,3,325.05100000000016,0.5225438369756441,0.6518046709129511,1,162,969.6579999999992,0.41489396097733394,0.6195190947666195,4,935.5089999999977,0.6210592407930977,0.6454388984509466,4,162,0.18418778558699944,0.19850821079586978,0.9825900000000025,0.0363211758356452,0.04725818488594613,0.4492578724696341
1.5,9999,20.0,8.0,619.8450000000018,0.3440861565512255,0.6404682274247492,3,434.07999999999834,0.4880174538860421,0.673036093418259,3,162,193.30699999999865,0.40078425294482606,0.5551330798479087,1,1766.211999999993,0.628396140927244,0.6626506024096386,4,162,0.17798555943827943,0.1983103954309295,0.9565899999999987,0.4081062801438473,0.14843574188833641,0.8607139395625067
1.5,9999,20.0,10.0,520.8320000000006,0.39627844412061497,0.6454849498327759,2,784.2769999999987,0.3842141417903909,0.6900212314225053,4,162,189.30699999999865,0.4095227698066154,0.5551330798479087,0,1863.888999999996,0.5466011414619976,0.6764199655765921,4,162,0.17470071583618416,0.199117907669026,0.4531566666666671,0.7214386152445083,0.10584631210890239,1.245949759546162
1.5,9999,20.0,12.0,515.2930000000001,0.3709430809728727,0.6505016722408027,2,691.261999999999,0.4334092616001811,0.7006369426751592,3,162,194.3829999999989,0.38988386691776716,0.5476190476190477,0,1710.9809999999973,0.5455893554704978,0.685025817555938,3,162,0.17162446850047472,0.19901611408598782,0.46456333333333455,0.42276309889864283,-0.0030666210219524315,1.745472167085746
1.5,9999,20.0,15.0,197.8709999999994,0.39019233791809127,0.6257142857142857,1,793.5489999999995,0.4073152411924272,0.7133757961783439,4,162,197.50199999999882,0.38727531070256654,0.54,1,2252.2249999999963,0.6071306727794767,0.6953528399311532,4,162,0.18860006883902575,0.1985577263154766,0.5178200000000015,0.6804605728391095,0.24471537171764823,1.3646772254565929
1.5,9999,25.0,6.0,482.28400000000033,0.4382440543142781,0.6270903010033445,3,524.6950000000008,0.5372158663033725,0.6518046709129511,3,162,1004.6329999999991,0.41159808010071597,0.6195190947666195,3,1153.4049999999984,0.6151966872735639,0.6454388984509466,4,162,0.17926367445716762,0.1992015338518112,0.982260000000005,0.022704724237314844,0.09080370942812821,0.7386136673675978
1.5,9999,25.0,8.0,350.16400000000067,0.3708682761334672,0.6387959866220736,2,899.7149999999976,0.4696359366946044,0.673036093418259,4,162,193.30699999999865,0.40078425294482606,0.5551330798479087,1,1794.0279999999955,0.583840306573814,0.6626506024096386,4,162,0.19810119999801873,0.19887865584545922,0.5588633333333344,0.3004218885983101,0.3418114490737525,1.1984882871666236
1.5,9999,25.0,10.0,492.68100000000027,0.39981000203569317,0.6438127090301003,2,1025.6359999999988,0.4037374596853197,0.6900212314225053,4,162,189.30699999999865,0.4095227698066154,0.5551330798479087,0,2162.850999999997,0.4942282327090964,0.6764199655765921,4,162,0.1759528211835475,0.19902341697085152,0.4554033333333345,0.5356247180048561,0.2006231300877248,1.6867680909713223
1.5,9999,25.0,12.0,449.47399999999993,0.36360276756934357,0.6488294314381271,2,829.6919999999991,0.37576659613384555,0.6963906581740976,4,162,194.3829999999989,0.38988386691776716,0.5476190476190477,0,1685.9329999999975,0.57123592275212,0.6815834767641996,4,162,0.1560847696383911,0.1999745032508359,0.5000400000000014,0.33384887514110284,0.13755147872212703,1.4690991530624102
1.5,9999,25.0,15.0,343.25799999999936,0.38427102018022335,0.6626262626262627,2,984.7629999999992,0.40942923937160486,0.7091295116772823,4,162,197.50199999999882,0.38727531070256654,0.54,1,3109.596999999995,0.620696679688774,0.6919104991394148,4,162,0.19697267074540853,0.1993727235684738,0.8980833333333347,0.7447864073407338,0.25766035077124183,1.488639210190823
1.5,9999,30.0,6.0,690.1850000000002,0.41137707911555715,0.6270903010033445,3,303.12400000000093,0.545662105323745,0.6475583864118896,1,162,1216.187,0.41331255963521746,0.6195190947666195,4,1016.4749999999985,0.6676544108928161,0.6419965576592083,2,162,0.17343797424446047,0.1977997253056316,1.0338133333333377,-0.027044435411971213,-0.19400211911873144,1.1244056638277895
1.5,9999,30.0,8.0,466.70600000000127,0.36347738597163726,0.6387959866220736,3,745.2359999999976,0.5221055602881225,0.6687898089171974,4,162,193.30699999999865,0.40078425294482606,0.5551330798479087,1,2319.6599999999926,0.6713047305806579,0.6592082616179001,4,162,0.1807239802649426,0.1996480205397895,1.063356666666667,0.47074750366311835,0.21117790692692928,1.1036947019026795
1.5,9999,30.0,10.0,510.7090000000005,0.3762860289574778,0.6438127090301003,2,625.4949999999988,0.48214452147604464,0.6857749469214437,4,162,189.30699999999865,0.4095227698066154,0.5551330798479087,0,2276.2009999999964,0.5637135821766502,0.6729776247848537,4,162,0.17488097163867952,0.1985808913055086,0.5027000000000006,0.664705751868854,0.10670037016999867,1.7406244845227468
1.5,9999,30.0,12.0,531.3789999999999,0.35820038186466474,0.6488294314381271,2,694.3179999999993,0.45347034565586475,0.692144373673036,3,162,194.3829999999989,0.38988386691776716,0.5476190476190477,0,1538.443999999998,0.6144079999645568,0.6781411359724613,4,162,0.17189169677158805,0.199127159285134,0.4845500000000016,0.34862191685471045,0.0369029800425873,1.470229321412864
1.5,9999,30.0,15.0,195.4769999999994,0.41558115408648083,0.6239316239316239,1,869.9069999999995,0.45642381986461283,0.7048832271762208,4,162,197.50199999999882,0.38727531070256654,0.54,1,3079.6709999999953,0.6508160937053739,0.6884681583476764,4,162,0.17720141377194693,0.1989882690197032,0.9168933333333349,0.7428147627758761,0.20106421934133079,1.5583953824337486
2.0,30,10.0,6.0,512.9190000000008,0.36766555725961514,0.651031894934334,2,539.7579999999998,0.4934576632097813,0.7081339712918661,3,109,196.82699999999886,0.39670069976797223,0.5403225806451613,1,1322.6679999999963,0.610321561636745,0.6893939393939394,4,109,0.19672105348058633,0.19809433252114697,0.7665833333333338,0.7888089060804744,0.059749542205679074,0.3165224730955909
2.0,30,10.0,8.0,472.828,0.3967158640722062,0.6585365853658537,2,688.8769999999993,0.45953619668149204,0.7272727272727273,3,109,198.5109999999986,0.38742138752939587,0.5384615384615384,0,1219.3009999999972,0.5850879470768467,0.7045454545454546,4,109,0.19314309811186614,0.19979520990984215,0.38118000000000096,0.8295346491164532,0.08999901065197746,0.47561360811617237
2.0,30,10.0,10.0,495.19899999999984,0.3700226877011554,0.6641651031894934,2,816.8399999999997,0.33299304846628763,0.7440191387559809,4,109,198.5109999999986,0.38742138752939587,0.5384615384615384,0,1617.6459999999975,0.523299853707335,0.7178030303030303,4,109,0.19835218918831868,0.1994912971921601,0.3882966666666683,0.7812427218966123,0.280074083260093,0.7034200112462978
2.0,30,10.0,12.0,486.13799999999947,0.36754394815795594,0.6679174484052532,2,732.8929999999996,0.336548182707666,0.7511961722488039,4,109,198.73199999999906,0.3867394108462081,0.535,0,1613.859999999998,0.4483851392353863,0.7234848484848485,4,109,0.1798035646056687,0.19853514154728366,0.3439900000000018,0.5025335009933083,0.3401076562724361,0.987855048900059
2.0,30,10.0,15.0,341.86799999999926,0.3836904568959473,0.6680584551148225,2,810.4089999999992,0.3667226067716227,0.7583732057416268,3,109,198.02099999999905,0.3847700122722276,0.5360824742268041,0,2418.434999999995,0.5263693152576236,0.7291666666666666,4,109,0.19285860651621092,0.19951048676996153,0.850690000000002,0.827923639291287,0.42424788841198047,0.6731537564816148
2.0,30,12.0,6.0,560.6250000000011,0.37440437052009395,0.651031894934334,2,411.14299999999844,0.471603432181674,0.7009569377990431,3,109,1135.3660000000004,0.37830995154038055,0.6386292834890965,3,1486.077999999994,0.5865572223991787,0.6837121212121212,4,109,0.1709259271129126,0.19820073373911748,0.7966166666666672,0.4343070771913824,0.21085800768364726,0.5875578744506371
2.0,30,12.0,8.0,541.0810000000004,0.3985198726590237,0.6585365853658537,2,611.9769999999983,0.393764150899174,0.7200956937799043,3,109,188.82799999999884,0.41730184102846024,0.5403225806451613,0,1266.1149999999957,0.5788758638836261,0.6988636363636364,4,109,0.1929768488086705,0.1982553528945284,0.3753700000000011,0.6975456301455791,0.17230799541992714,0.5419460124343147
2.0,30,12.0,10.0,549.2539999999999,0.3744378007875164,0.6641651031894934,2,746.2089999999989,0.32713563959597486,0.7344497607655502,4,109,188.82799999999884,0.41730184102846024,0.5403225806451613,0,2226.948999999995,0.5208985830239831,0.7102272727272727,4,109,0.19048544262626182,0.19921152080067134,0.6630533333333362,0.6756568239944123,0.46044434768878695,0.8239492394850272
2.0,30,12.0,12.0,494.2199999999996,0.3627263102062879,0.6679174484052532,2,764.8689999999992,0.3069443559305945,0.7440191387559809,4,109,183.4379999999985,0.43393466601658065,0.5344827586206896,0,1703.4249999999975,0.43554325404078764,0.7178030303030303,4,109,0.1671149176175684,0.1985594511816766,0.3631333333333351,0.32331393358438487,0.6139985512495454,0.9502819360563328
2.0,30,12.0,15.0,351.86799999999926,0.37757445468195444,0.6680584551148225,2,811.4919999999988,0.3403800377387805,0.7511961722488039,4,109,198.02099999999905,0.3847700122722276,0.5360824742268041,0,2585.946999999994,0.5180020708092061,0.7234848484848485,4,109,0.18533577049871622,0.19840482520534927,0.8859566666666683,0.7846733841533955,0.4418957261486782,0.7761271529801597
2.0,30,15.0,6.0,488.1620000000021,0.37474145859521935,0.649155722326454,3,429.3059999999982,0.5677903197664977,0.69377990430622,3,109,923.2660000000014,0.35127011943385206,0.6370716510903427,3,876.177999999996,0.6404603152651761,0.678030303030303,4,109,0.18287720709929428,0.19894624803955183,0.34426,0.31453984596233453,0.22646168356519314,0.34759711955803074
2.0,30,15.0,8.0,495.02300000000105,0.3936189730557457,0.6566604127579737,2,554.3319999999978,0.48369148870734296,0.7129186602870813,3,109,194.82799999999884,0.3987866369600527,0.5403225806451613,0,1619.885999999994,0.6074719897277444,0.6931818181818182,4,109,0.18834413486946916,0.19918557995993966,0.49118000000000084,0.802961413109075,0.3016804659778134,0.542916088032418
2.0,30,15.0,10.0,510.3120000000006,0.3884860004386284,0.6622889305816135,2,716.1109999999985,0.38974099622902453,0.7272727272727273,3,109,194.82799999999884,0.3987866369600527,0.5403225806451613,0,2672.5199999999945,0.5674792439498338,0.7045454545454546,4,109,0.1987281399046111,0.19964064683569652,0.7958300000000023,0.8475950767425957,0.6069279377932244,0.6708262478743645
2.0,30,15.0,12.0,489.92200000000025,0.35942118871374346,0.6660412757973734,2,767.4609999999993,0.33400264331779467,0.7320574162679426,4,109,186.4379999999985,0.4246770639823769,0.5344827586206896,0,2519.9769999999944,0.5113110107401928,0.7083333333333334,4,109,0.19034967915881834,0.19916921541022062,0.8281000000000018,0.7313695457943519,0.3943424939575664,0.9033389552839706
2.0,30,15.0,15.0,199.41299999999933,0.3901948252505292,0.6271676300578035,1,716.8369999999986,0.3967018678701836,0.7416267942583732,3,109,198.02099999999905,0.3847700122722276,0.5360824742268041,0,2419.5709999999945,0.5390182271364947,0.7159090909090909,4,109,0.17726332023062022,0.19971474077858856,0.9119900000000014,0.7242279858506877,0.4363536539495958,0.7032383457074685
2.0,30,20.0,6.0,570.1490000000024,0.43529742146569433,0.6472795497185742,2,455.6969999999983,0.5689654896859039,0.6866028708133971,3,109,569.9420000000005,0.38178886808010065,0.6355140186915887,3,1056.0409999999933,0.695873659847427,0.6723484848484849,3,109,0.17491665949994412,0.19949104846261143,0.8328800000000016,0.3170402135800796,-0.052682088890674494,0.5393263667914943
2.0,30,20.0,8.0,370.977000000001,0.43585954838179286,0.6547842401500938,2,657.5189999999973,0.46514500661759844,0.7057416267942583,4,109,189.6469999999988,0.41477451567312273,0.5403225806451613,0,1334.1739999999952,0.5834099843090976,0.6875,4,109,0.1621240411038496,0.1983208831890002,0.40464666666666815,0.6616895352093215,0.05133771096759854,0.8123079598029868
2.0,30,20.0,10.0,471.5960000000007,0.37285726733210034,0.6604127579737336,2,845.1799999999987,0.34212727134494086,0.7200956937799043,4,109,189.6469999999988,0.41477451567312273,0.5403225806451613,0,2452.2669999999944,0.536114157968503,0.6988636363636364,4,109,0.17920250405632412,0.19841998168583624,0.8280300000000027,0.8015076339009677,0.17339110877633823,1.1153599645293162
2.0,30,20.0,12.0,466.61800000000017,0.3574761769335835,0.6641651031894934,2,642.6719999999984,0.3104102567481215,0.7248803827751196,4,109,198.77799999999888,0.3865974609483509,0.535,0,2511.6859999999942,0.5062941704675714,0.7026515151515151,4,109,0.1912829185947728,0.1975017997351508,0.8352333333333355,0.752138692627633,0.1555041853473944,1.2532677363849616
2.0,30,20.0,15.0,199.1459999999995,0.39965995622840833,0.6253602305475504,1,751.0019999999988,0.335444619311699,0.7344497607655502,4,109,198.02099999999905,0.3847700122722276,0.5360824742268041,0,2410.2869999999944,0.5679091417250746,0.7102272727272727,4,109,0.18845043800593153,0.19927976969901326,0.8092900000000023,0.8264180977068292,0.23395329225827743,0.9703364786840745
2.0,30,25.0,6.0,535.6900000000023,0.43407614533426403,0.6472795497185742,2,449.08199999999783,0.5720615107066721,0.6842105263157895,3,109,739.7960000000012,0.3849710453012747,0.6355140186915887,3,1058.4389999999928,0.6657516555565033,0.6704545454545454,3,109,0.19650708653680807,0.1997807406371543,0.7528833333333349,0.3497970011314635,-0.03715355214276039,0.5486956407228794
2.0,30,25.0,8.0,416.295000000001,0.391333155366748,0.6529080675422139,2,611.6139999999971,0.5040725529431914,0.7009569377990431,3,109,189.6469999999988,0.41477451567312273,0.5403225806451613,0,1737.5189999999925,0.6522055475929568,0.6837121212121212,3,109,0.194641203271921,0.19916599240679758,0.6721366666666684,0.9999561439355944,-0.11935191276439261,0.9665892867046517
2.0,30,25.0,10.0,375.9300000000003,0.404875326421732,0.6585365853658537,2,723.7329999999981,0.3979031021103661,0.715311004784689,4,109,189.6469999999988,0.41477451567312273,0.5403225806451613,0,2155.9469999999937,0.5826597364477659,0.6950757575757576,4,109,0.19576702744898536,0.1997918834547349,0.8107300000000024,0.8146879987629223,0.05597028930595238,1.0711400292233968
2.0,30,25.0,12.0,459.6890000000003,0.3648072232478523,0.6622889305816135,2,542.6569999999986,0.40489062953952026,0.715311004784689,3,109,198.77799999999888,0.3865974609483509,0.535,0,1892.8119999999933,0.5832747663213876,0.6950757575757576,4,109,0.19398359868673262,0.19770041467662006,0.8821000000000019,0.7419566795954797,0.021606184059755007,0.8837474074752352
2.0,30,25.0,15.0,343.4719999999995,0.39372538770855503,0.6673596673596673,2,680.5899999999986,0.42348083254282753,0.7248803827751196,3,109,198.02099999999905,0.3847700122722276,0.5360824742268041,0,1932.5729999999942,0.6120014561748147,0.7026515151515151,4,109,0.17956370508756428,0.19945230397328972,0.8920200000000023,0.7313876174670404,0.19315977882382285,0.6481472795297212
2.0,30,30.0,6.0,615.815000000003,0.43636799323996056,0.6472795497185742,2,490.8579999999977,0.5561081742844904,0.6842105263157895,3,109,724.8030000000012,0.3828305476287524,0.6355140186915887,3,974.6689999999951,0.6269394038758366,0.6704545454545454,3,109,0.19980219582613193,0.19980219582613193,0.4696700000000025,0.3159348697326565,-0.11121739684969756,0.8901058624815616
2.0,30,30.0,8.0,327.967000000001,0.43593371213569504,0.6529080675422139,2,828.4069999999967,0.513701565893248,0.7009569377990431,3,109,189.6469999999988,0.41477451567312273,0.5403225806451613,0,1457.300999999994,0.6352478840501096,0.6837121212121212,3,109,0.17283570094238815,0.19594779950621202,0.3979900000000014,0.8484013953366296,-0.10953491552010608,1.1111095015073231
2.0,30,30.0,10.0,416.58200000000033,0.39928169717825696,0.6585365853658537,2,991.3679999999979,0.3405392477981937,0.715311004784689,4,109,189.6469999999988,0.41477451567312273,0.5403225806451613,0,3112.9009999999917,0.5595424342712143,0.6950757575757576,4,109,0.1731725426275047,0.1984528943114311,0.8335066666666693,0.9221855388217752,0.13490847458909228,1.5942117154093496
2.0,30,30.0,12.0,458.67300000000046,0.36554130867923906,0.6622889305816135,2,561.7049999999979,0.40843721556057005,0.715311004784689,3,109,198.77799999999888,0.3865974609483509,0.535,0,1864.0499999999927,0.5999888454214477,0.6950757575757576,3,109,0.18415358408913157,0.19991823344252266,0.8664766666666688,0.7509085746227662,-0.021418612028248907,0.9429128318445772
2.0,30,30.0,15.0,343.7429999999995,0.3934087651672292,0.6673596673596673,2,690.3689999999986,0.4205678177817447,0.7248803827751196,4,109,198.02099999999905,0.3847700122722276,0.5360824742268041,0,2262.6279999999933,0.605511021197445,0.7026515151515151,4,109,0.17535809584489076,0.19917491790258934,0.807466666666669,0.8337101652404777,0.22495677911638956,0.8576767587201226
2.0,60,10.0,6.0,698.9610000000007,0.38872986920390457,0.6482142857142857,3,357.33000000000015,0.4573856985936289,0.6910755148741419,3,128,1154.6599999999992,0.38148532867473184,0.6367713004484304,4,1263.8169999999973,0.5773312119347657,0.676416819012797,4,128,0.17451683378471436,0.19849195735400307,0.6909500000000011,0.4899100111377237,0.20508885181308578,0.38756413198260575
2.0,60,10.0,8.0,561.5339999999997,0.40728265714301853,0.6589285714285714,2,524.8999999999996,0.3980759661635431,0.7093821510297483,3,128,195.4859999999985,0.40996758362158214,0.5503875968992248,1,1604.4249999999965,0.5236827040346484,0.6910420475319927,4,128,0.17440117720794682,0.19981883092662672,0.5693866666666667,0.6754804424658452,0.16300074919850616,0.7488350546366216
2.0,60,10.0,10.0,557.0339999999999,0.3700044244188239,0.6642857142857143,3,823.231,0.30755933335060975,0.7276887871853547,4,128,193.4859999999985,0.41600415315984496,0.5503875968992248,1,1557.9569999999978,0.5161807944621322,0.7056672760511883,4,128,0.19489449508317783,0.19489449508317783,0.4534166666666677,0.6562788830915633,0.320942591795107,0.6331522280354369
2.0,60,10.0,12.0,561.1529999999991,0.39822369328368534,0.6696428571428571,2,726.758,0.30415937951486577,0.7368421052631579,4,128,197.29999999999836,0.4044924150503782,0.5439330543933054,1,2122.0119999999965,0.5023209086427116,0.7129798903107861,4,128,0.19569241848432375,0.19879949952226014,0.5235500000000008,0.7192981304628416,0.49652024417463503,0.8044135604058487
2.0,60,10.0,15.0,375.41299999999956,0.3863229731856142,0.6707317073170732,2,789.5079999999987,0.3592490970551224,0.7505720823798627,4,128,198.52099999999882,0.3841732197974365,0.5380710659898477,0,2733.809999999995,0.540297429888569,0.7239488117001828,4,128,0.19718882678810273,0.19865781811635203,0.8510633333333346,0.8036137787469868,0.4864599068872082,0.8362383380014939
2.0,60,12.0,6.0,622.1340000000007,0.4183723766725787,0.6464285714285715,4,370.6229999999989,0.47617087015751325,0.6842105263157895,3,128,1203.3449999999998,0.37261756361967024,0.6352765321375187,3,1229.6549999999954,0.6176814850679994,0.6709323583180987,4,128,0.19834997613601962,0.19979687317893524,0.8148500000000005,0.07007925356548905,0.3742555053981178,0.5358113044944481
2.0,60,12.0,8.0,644.7470000000001,0.3862241362708653,0.6571428571428571,2,369.54399999999896,0.408584720263804,0.7025171624713958,3,128,199.4859999999985,0.3978944445450565,0.5503875968992248,1,1172.5799999999963,0.553848352747805,0.6855575868372943,4,128,0.1575671630032309,0.1988901927245975,0.5693866666666667,0.33003976075579056,0.20979744619963836,0.5477969323371816
2.0,60,12.0,10.0,617.7520000000002,0.38274106546473075,0.6625,2,702.8479999999993,0.3412260399976266,0.7185354691075515,3,128,197.4859999999985,0.40393101408331933,0.5503875968992248,1,2039.2729999999956,0.5262062133514548,0.6983546617915904,4,128,0.18302824812224516,0.19968225561076042,0.5691566666666683,0.6630504283617267,0.5012249704934089,0.7351483442570388
2.0,60,12.0,12.0,552.9219999999993,0.39497600957686135,0.6678571428571428,2,731.6139999999998,0.3172224974195171,0.7299771167048055,3,128,199.29999999999836,0.3984558455121154,0.5439330543933054,1,2072.702999999996,0.5171228915334751,0.7074954296160878,4,128,0.18916956923724526,0.19971656890263303,0.6634266666666675,0.651716937726937,0.39362914056727516,0.8043854677841038
2.0,60,12.0,15.0,199.19099999999958,0.4021412235048357,0.6296296296296297,1,878.3219999999981,0.3358085313158142,0.7437070938215103,4,128,198.52099999999882,0.3841732197974365,0.5380710659898477,0,3146.550999999994,0.5210121282102429,0.7184643510054844,4,128,0.1817612781453085,0.1995797420859508,0.8710633333333346,0.8204140604540338,0.57026735288447,0.9610165086681604
2.0,60,15.0,6.0,692.5040000000017,0.41469624948295486,0.6446428571428572,4,371.2530000000004,0.5461413595885731,0.6750572082379863,3,128,1150.254000000001,0.40436118283420197,0.6337817638266069,3,894.4999999999989,0.6749134092033654,0.6636197440585009,4,128,0.1737871107892834,0.19984312314832894,0.8518500000000002,0.08271728271727974,0.14794624851831095,0.29543808834178176
2.0,60,15.0,8.0,631.8790000000013,0.42343356004058547,0.6553571428571429,2,458.94100000000003,0.4749242983473686,0.6933638443935927,3,128,1073.452000000001,0.42965630552318274,0.6427503736920778,3,999.5839999999978,0.5909875622866575,0.6782449725776966,4,128,0.1742706772158522,0.19946990871758263,0.48432999999999926,0.38250029755287684,0.1120128129741107,0.46013345330887234
2.0,60,15.0,10.0,633.9320000000009,0.4072327675818271,0.6607142857142857,2,654.8310000000004,0.3876188092027164,0.7093821510297483,3,128,1082.2340000000013,0.41095897302600065,0.6472346786248132,4,2067.623999999997,0.5794041320697885,0.6910420475319927,4,128,0.19927781719050217,0.19986688865215796,0.7846666666666677,0.5717108703772826,0.5765103494499082,0.5585606773283172
2.0,60,15.0,12.0,545.373,0.41156449891400887,0.6660714285714285,2,718.2830000000001,0.34079013373206113,0.7162471395881007,4,128,188.6169999999986,0.43070018170074553,0.5454545454545454,1,2105.252999999997,0.5516008817117058,0.696526508226691,4,128,0.18233576675608762,0.19869531687556663,0.8487366666666669,0.7909256952044679,0.1852116965422812,0.7882757572076715
2.0,60,15.0,15.0,199.92399999999975,0.4105562336735716,0.6278409090909091,1,1003.0319999999999,0.3357179230251162,0.7322654462242563,4,128,198.52099999999882,0.3841732197974365,0.5380710659898477,0,2839.734999999996,0.5894401868024302,0.7093235831809872,4,128,0.18797949457013452,0.1988167562762192,0.9083633333333341,0.7937359936699646,0.5188328318385858,0.8206522261794489
2.0,60,20.0,6.0,487.2060000000008,0.4406601389410122,0.6428571428571429,4,188.82400000000098,0.5877754272902499,0.6684350132625995,1,105,1054.054,0.43883672556345055,0.6322869955156951,3,913.9569999999985,0.6615539748466976,0.6581352833638026,3,128,0.1559584916474485,0.1952111452549867,0.8900833333333344,0.052368061372953134,-0.14037092835991605,0.7817419393828355
2.0,60,20.0,8.0,464.78300000000036,0.42183659735939477,0.6535714285714286,2,621.5299999999997,0.48058643712073995,0.6864988558352403,4,128,900.2910000000002,0.397158728622028,0.6412556053811659,4,1794.2249999999958,0.6289782430304532,0.6727605118829981,4,128,0.18743410519739276,0.19894855687690632,0.8222699999999987,0.5764696413447643,0.06196030289176657,0.9604195689584571
2.0,60,20.0,10.0,480.9989999999998,0.41697660211715504,0.6589285714285714,2,770.7530000000002,0.35302858299269657,0.7025171624713958,4,128,198.30499999999847,0.4014590388574008,0.5503875968992248,1,2323.569999999997,0.5650977552498203,0.6855575868372943,4,128,0.19069261145585908,0.19862551146069243,0.8570333333333344,0.5649404964908129,0.26005340404934874,1.1150859754043925
2.0,60,20.0,12.0,460.2619999999997,0.3812318301107559,0.6642857142857143,2,624.54,0.3474119833703263,0.7093821510297483,4,128,197.34599999999818,0.4043535739509987,0.5439330543933054,1,2511.116999999996,0.5248194535382762,0.6910420475319927,4,128,0.17055441911829833,0.19830744594882777,0.8531700000000009,0.7688483337560259,0.05971569860676196,1.4096305885039833
2.0,60,20.0,15.0,196.77599999999984,0.4144024569527356,0.6278409090909091,1,886.0609999999995,0.3904755431906331,0.7254004576659039,4,128,198.52099999999882,0.3841732197974365,0.5380710659898477,0,2806.0279999999957,0.5821780817547569,0.7038391224862889,4,128,0.18708583872452433,0.19907906026720432,0.9854266666666671,0.6530888406857933,0.25024933324937426,1.2794185022599045
2.0,60,25.0,6.0,601.6180000000011,0.44033229467194096,0.6428571428571429,4,401.90600000000063,0.5292751546570169,0.665903890160183,2,128,1141.2650000000008,0.43012715888867303,0.6322869955156951,3,955.2369999999983,0.6761412160040817,0.6563071297989032,3,128,0.19650708653680807,0.19650708653680807,0.7887633333333361,0.09828205333665996,-0.044340567046169954,0.6959770043516338
2.0,60,25.0,8.0,461.52200000000107,0.461114897096905,0.6517857142857143,2,581.2309999999995,0.4800746242580496,0.6819221967963387,4,128,955.8470000000004,0.395422469319138,0.6397608370702541,4,1875.5329999999954,0.6345062946984743,0.6691042047531993,3,128,0.18528533362361468,0.19797733159553302,0.8409833333333327,0.6099457717343033,-0.03782425084208396,1.1922392239691577
2.0,60,25.0,10.0,496.5149999999999,0.40346539990082475,0.6571428571428571,2,817.1850000000002,0.35103550784475634,0.6979405034324943,4,128,198.30499999999847,0.4014590388574008,0.5503875968992248,1,2143.9919999999975,0.6108653631174253,0.6819012797074955,4,128,0.19640063110069506,0.1993487939397975,0.8878733333333351,0.74308304582581,0.050420576651917015,1.067510646176637
2.0,60,25.0,12.0,477.51700000000005,0.44453448600601125,0.6625,2,497.13099999999963,0.4246199520636129,0.700228832951945,2,128,197.34599999999818,0.4043535739509987,0.5439330543933054,1,1827.3359999999957,0.6004779721899189,0.6837294332723949,3,128,0.19480456232285062,0.19699329139346206,0.9060766666666678,0.8096876131250337,-0.0323582532631258,0.8248979363570306
2.0,60,25.0,15.0,353.0449999999996,0.4083266378516592,0.6687116564417178,2,687.0269999999994,0.4299935412447805,0.7162471395881007,3,128,198.52099999999882,0.3841732197974365,0.5380710659898477,0,2464.377999999995,0.6155348631805458,0.696526508226691,4,128,0.17651238013706239,0.19908470805471942,0.8757033333333357,0.7550927563171812,0.20662812243699213,1.0679898428938048
2.0,60,30.0,6.0,636.6750000000013,0.4443593357022926,0.6428571428571429,4,188.80100000000107,0.5981683554999335,0.6684350132625995,1,105,1339.9780000000014,0.4057733732208125,0.6322869955156951,3,1131.1129999999985,0.6394229094102832,0.6563071297989032,3,128,0.19980219582613193,0.19980219582613193,0.7597166666666695,0.12248941590975582,-0.11891410259223034,1.1664141670481327
2.0,60,30.0,8.0,470.4410000000005,0.40844932886768315,0.6517857142857143,2,609.3699999999992,0.511648927052004,0.6819221967963387,3,128,956.2090000000001,0.395422469319138,0.6397608370702541,4,1972.3429999999958,0.6692598896130298,0.6691042047531993,3,128,0.19988573198988052,0.19988573198988052,0.8285266666666666,0.7366951170158802,-0.09797119278497213,1.2951755003531833
2.0,60,30.0,10.0,483.5649999999996,0.4030273172850345,0.6571428571428571,2,883.9979999999994,0.3606829246968704,0.6979405034324943,4,128,198.30499999999847,0.4014590388574008,0.5503875968992248,1,2671.639999999996,0.5942298344437157,0.6819012797074955,4,128,0.195975960282206,0.19966356688979076,0.8633500000000018,0.7690789885600253,0.07828306320809175,1.5054297878725396
2.0,60,30.0,12.0,503.06700000000023,0.40604801396769974,0.6625,2,509.196999999999,0.4114368869421217,0.700228832951945,3,128,197.34599999999818,0.4043535739509987,0.5439330543933054,1,2140.0569999999952,0.5963653051994119,0.6837294332723949,3,128,0.17729600543235038,0.19878660655359737,0.8948866666666679,0.7936886286954652,-0.02572841099552825,1.1542383510650662
2.0,60,30.0,15.0,353.3159999999996,0.40800241431949286,0.6687116564417178,2,870.9669999999987,0.4257238306124723,0.7162471395881007,4,128,198.52099999999882,0.3841732197974365,0.5380710659898477,0,2915.4319999999934,0.6215795791100258,0.696526508226691,4,128,0.17734662841891116,0.19954536913398951,0.9917433333333345,0.6549170492181853,0.21620142974017043,1.4241894096497587
2.0,120,10.0,6.0,575.4260000000006,0.396706969065806,0.6418685121107266,3,368.1660000000011,0.48401948670323514,0.6815144766146993,3,140,878.8630000000003,0.37364216474255774,0.6317321688500728,3,1312.6659999999988,0.6262139122196798,0.669051878354204,4,140,0.19958436555872425,0.19958436555872425,0.7338900000000028,0.6660591694590416,0.2285141623462814,0.2329369022773342
2.0,120,10.0,8.0,506.12699999999995,0.358078225877683,0.6539792387543253,3,628.2990000000004,0.4164937060859446,0.7015590200445434,3,140,196.99699999999848,0.4089835862942131,0.55,1,1261.016999999998,0.5491419938826047,0.6851520572450805,4,140,0.1958343584038036,0.19801646902972958,0.39025666666666736,0.556165887833661,0.2464805767278151,0.5587027219452756
2.0,120,10.0,10.0,556.3910000000001,0.38174469727879373,0.6591695501730104,3,830.3670000000006,0.35712766777101423,0.7193763919821826,4,140,194.02399999999852,0.4161987807886986,0.55,1,1802.0949999999982,0.47910517609663733,0.6994633273703041,4,140,0.18534049365440516,0.19972662418314976,0.38504333333333385,0.8143547855301756,0.29607448321235785,0.8443395985037294
2.0,120,10.0,12.0,536.5439999999994,0.37850546657175677,0.6660899653979239,2,731.697000000001,0.32695008033456224,0.7282850779510023,3,140,198.3319999999983,0.403236386175856,0.5458333333333333,1,1555.4039999999986,0.49381287385126227,0.7066189624329159,4,140,0.19952035307121707,0.19952035307121707,0.388150000000002,0.4912965697751184,0.4723682579145059,0.7010030577294073
2.0,120,10.0,15.0,336.0839999999996,0.3863229731856142,0.6666666666666666,2,957.7899999999995,0.3436608364535052,0.7416481069042317,4,140,196.68499999999858,0.3936268933263065,0.5422885572139303,0,3068.208999999996,0.5434165358391368,0.7173524150268337,4,140,0.18441582541353851,0.1995591737851095,0.8214733333333357,0.9205880953513799,0.5180792575441366,0.9258044613104772
2.0,120,12.0,6.0,665.0510000000008,0.4335142221830145,0.6401384083044983,3,399.6919999999998,0.4845805763371288,0.6748329621380846,3,140,990.4979999999998,0.3788809524662837,0.6302765647743813,3,1390.092999999997,0.5849417725272665,0.6636851520572451,4,140,0.18559482561626248,0.19578571253762805,0.7751200000000025,0.2225427013384993,0.31494605620476057,0.6237640069478456
2.0,120,12.0,8.0,692.4350000000006,0.4011933988675634,0.6522491349480969,2,458.9999999999998,0.45019602285161625,0.6948775055679287,3,140,1231.5130000000004,0.40298827873427484,0.6404657933042213,4,1664.2339999999967,0.5873606840479715,0.6797853309481217,4,140,0.19263480101788288,0.19933919058321675,0.5646500000000008,0.6737545137890246,0.3062195475859506,0.6216905695971893
2.0,120,12.0,10.0,641.0530000000003,0.3861720578457747,0.657439446366782,2,760.2969999999996,0.3555362652762276,0.7104677060133631,3,140,198.02399999999852,0.4041631311946008,0.55,1,2226.4379999999965,0.5392486696934038,0.6923076923076923,4,140,0.19185467282611568,0.1993620414673044,0.5387200000000023,0.7649193268864127,0.6145989701920274,0.6925449926184297
2.0,120,12.0,12.0,563.2549999999997,0.37067456063721466,0.6643598615916955,2,883.5330000000004,0.2774199489956601,0.7216035634743875,4,140,186.64899999999852,0.4383895097278163,0.547244094488189,1,2157.5629999999965,0.5336898876468642,0.7012522361359571,4,140,0.19091930509191402,0.19993042421237442,0.653336666666668,0.7497585690351394,0.35451939318939396,0.8353444264577938
2.0,120,12.0,15.0,199.19099999999958,0.4021412235048357,0.6296296296296297,1,979.1819999999993,0.33019477389861607,0.734966592427617,4,140,196.68499999999858,0.3936268933263065,0.5422885572139303,0,3145.490999999995,0.5549840073092588,0.7119856887298748,4,140,0.19570631223528737,0.1998344704469803,0.9027400000000019,0.8861904411532817,0.5635960207266935,0.868433511079064
2.0,120,15.0,6.0,744.5380000000025,0.4176135740452314,0.6384083044982699,4,362.99300000000085,0.49817782048285475,0.6636971046770601,2,140,1441.4360000000027,0.3961952611929244,0.62882096069869,3,1104.0729999999987,0.6576940262196083,0.6547406082289803,4,140,0.1503621849129092,0.19998175166516088,0.8397866666666693,0.268369883464745,0.13715129724780395,0.38689919140581397
2.0,120,15.0,8.0,679.5520000000015,0.41996835316144376,0.6505190311418685,2,547.9820000000007,0.5026434836614547,0.6837416481069042,3,140,1371.0420000000015,0.41972035968605376,0.6390101892285298,4,1610.0269999999966,0.6349561780545971,0.6708407871198568,4,140,0.18432721029062007,0.19875109778926753,0.8073333333333335,0.6798247879011385,0.18689702800062769,0.4893494797077238
2.0,120,15.0,10.0,573.5450000000014,0.3942106353936641,0.6557093425605537,2,654.8190000000004,0.38957050449380315,0.6993318485523385,3,140,1065.961000000002,0.3997610764474641,0.6433770014556041,4,2067.399999999998,0.579489890313203,0.6833631484794276,4,140,0.19932230416583663,0.1999116390555377,0.7738533333333355,0.718003743263248,0.4508130196905433,0.5586550060313642
2.0,120,15.0,12.0,565.2880000000009,0.4089628742679319,0.6626297577854672,2,718.4260000000004,0.3513668109850516,0.7060133630289532,4,140,1076.7870000000012,0.3801446744824141,0.6505847953216374,4,2459.898999999997,0.5359988134183048,0.6887298747763864,4,140,0.1885650135127039,0.19807353678126566,0.8588233333333355,0.8303586318943643,0.31077384603025027,0.8386283269514383
2.0,120,15.0,15.0,199.92399999999975,0.4105562336735716,0.6278409090909091,1,1003.5700000000006,0.3355325938619081,0.7216035634743875,4,140,196.68499999999858,0.3936268933263065,0.5422885572139303,0,2960.217999999997,0.5854131719508323,0.7012522361359571,4,140,0.18644860466525526,0.197905733258412,0.9050033333333356,0.8350466578361151,0.49344112074497537,0.8900421269580623
2.0,120,20.0,6.0,616.3390000000006,0.41545983013410015,0.6366782006920415,3,182.3300000000006,0.6556244109464322,0.6529562982005142,1,117,1235.4410000000012,0.44511437566516854,0.6273653566229985,3,770.4739999999993,0.6706750492420233,0.6475849731663685,2,140,0.17525642205251588,0.19835891061286262,0.9753200000000037,-0.004686160554579599,-0.2260778306565241,0.6878814565561249
2.0,120,20.0,8.0,709.4540000000006,0.43729747690893267,0.6487889273356401,2,329.6419999999996,0.5429918012238221,0.6748329621380846,3,140,848.9670000000008,0.44987774319856455,0.6375545851528385,3,1644.7339999999965,0.6241161427594251,0.6636851520572451,4,140,0.19300858566525342,0.19835735316906905,0.9021333333333337,0.44808460675731965,0.07551295781976997,0.8506482254532886
2.0,120,20.0,10.0,481.4200000000005,0.3950628321105897,0.6539792387543253,2,828.8760000000011,0.3781013797240545,0.6926503340757239,4,140,198.84299999999848,0.40169883194020944,0.55,1,1947.5019999999981,0.5633995326695997,0.6779964221824687,4,140,0.17993669826954908,0.19950058353920747,0.5472166666666696,0.7234345545226315,0.20444073313848943,1.021274475818423
2.0,120,20.0,12.0,663.2620000000002,0.42686287185900396,0.6608996539792388,2,520.7530000000004,0.43242222715193934,0.6993318485523385,3,140,198.3779999999981,0.4030979762055244,0.5458333333333333,1,1914.8839999999977,0.5600948821062179,0.6833631484794276,4,140,0.19780339331721292,0.19911889887248935,0.7982566666666693,0.6375081792180142,0.050357822861269774,1.0637105500256525
2.0,120,20.0,15.0,196.77599999999984,0.4144024569527356,0.6278409090909091,1,863.9390000000001,0.35780477695391705,0.7149220489977728,4,140,196.68499999999858,0.3936268933263065,0.5422885572139303,0,2753.667999999997,0.5976214647595584,0.6958855098389982,4,140,0.1987693338671714,0.1987693338671714,0.9638400000000025,0.7260180734343558,0.23579906125262529,1.191245420429265
2.0,120,25.0,6.0,651.9060000000015,0.43685015559345125,0.6366782006920415,3,296.1430000000007,0.6039757937001927,0.6525612472160356,1,140,1163.4980000000016,0.43927571658375414,0.6273653566229985,3,892.9099999999994,0.6599073285954161,0.6457960644007156,3,140,0.19650708653680807,0.1990346817933027,0.8078400000000057,0.0881475499306692,-0.22409045697854424,0.949968334388855
2.0,120,25.0,8.0,515.5890000000011,0.4457134947760038,0.6470588235294118,2,671.9629999999997,0.5252247126185239,0.6703786191536748,4,140,1004.5980000000011,0.3992131515652453,0.636098981077147,4,1349.920999999996,0.6612199966847443,0.6601073345259392,3,140,0.19927240662531034,0.1994624487007519,0.9160766666666684,0.4297722951238838,-0.027918176442389808,0.6896802061780862
2.0,120,25.0,10.0,530.8000000000009,0.412916653169641,0.6522491349480969,3,619.0980000000006,0.4406100999152475,0.688195991091314,3,140,198.84299999999848,0.40169883194020944,0.55,1,2005.3769999999968,0.6241334739930174,0.6744186046511628,4,140,0.1976322015321442,0.19828532762932596,0.8793233333333363,0.540291984526339,0.18535556855501678,0.9481463059695365
2.0,120,25.0,12.0,671.8180000000004,0.42945246729614567,0.6591695501730104,2,496.34400000000005,0.4332506263104457,0.6904231625835189,2,140,198.3779999999981,0.4030979762055244,0.5458333333333333,1,1832.2249999999965,0.6018108471537442,0.6762075134168157,4,140,0.19365185028291407,0.19963832190681238,0.91912666666667,0.7427093573813017,0.002871398044936635,0.8208899599990089
2.0,120,25.0,15.0,333.5669999999998,0.4083266378516592,0.6646464646464646,2,695.9960000000003,0.44698088444831685,0.7060133630289532,3,140,196.68499999999858,0.3936268933263065,0.5422885572139303,0,2395.7049999999954,0.643082635413123,0.6887298747763864,4,140,0.1985808560962555,0.19875889268581498,1.0062400000000027,0.6742513358321995,0.22856348958255568,0.9351335414638895
2.0,120,30.0,6.0,654.9480000000017,0.4359335141564865,0.6366782006920415,3,319.5370000000007,0.6093449038122369,0.6525612472160356,1,140,1273.351000000002,0.42022317203842724,0.6273653566229985,3,1064.6079999999997,0.6844178198757167,0.6457960644007156,3,140,0.19980219582613193,0.19980618799764233,0.8454600000000059,0.11486205787897252,-0.2829123665408366,1.4053067273976079
2.0,120,30.0,8.0,557.6670000000008,0.4200979318303124,0.6470588235294118,2,770.7659999999996,0.5300058227921478,0.6703786191536748,4,140,904.516000000001,0.44222027972027955,0.636098981077147,3,2439.9549999999954,0.6501131334457925,0.6601073345259392,4,140,0.19901388619391014,0.19901388619391014,0.9092900000000017,0.602876811100804,0.08588105743665864,1.4474073553971918
2.0,120,30.0,10.0,448.14500000000044,0.39537121487690746,0.6522491349480969,2,656.7310000000002,0.4654191768393154,0.688195991091314,4,140,198.84299999999848,0.40169883194020944,0.55,1,3214.0139999999965,0.5821598404281795,0.6744186046511628,4,140,0.1715493912140984,0.19801855433854185,0.8848000000000031,0.8335437889077473,0.16618616284015753,1.6582882154146996
2.0,120,30.0,12.0,638.1830000000004,0.4091984081864699,0.6591695501730104,3,505.7699999999993,0.4544442580704197,0.6904231625835189,3,140,198.3779999999981,0.4030979762055244,0.5458333333333333,1,2329.410999999996,0.6110902036102227,0.6762075134168157,4,140,0.18970584922416328,0.19816067263658743,0.9344333333333368,0.7580514534833558,0.02403430531732309,1.229590024991126
2.0,120,30.0,15.0,333.83799999999974,0.40800241431949286,0.6646464646464646,2,1143.7099999999994,0.47301408738782535,0.7060133630289532,4,140,196.68499999999858,0.3936268933263065,0.5422885572139303,0,2931.667999999994,0.6393567652810753,0.6887298747763864,4,140,0.1926360733062823,0.19847117652721094,1.0117166666666693,0.6750685567052976,0.28879278366729766,1.2501477498276912
2.0,240,10.0,6.0,555.2490000000009,0.3929158942423623,0.636518771331058,3,349.3740000000014,0.48477491467173034,0.676923076923077,3,146,953.5830000000001,0.37339604891815587,0.6273381294964029,4,714.166999999999,0.5857552315264123,0.6654867256637168,4,146,0.1979652472008542,0.1979652472008542,0.25801000000000074,0.42583392288879796,0.11531571377068328,0.18994713138176578
2.0,240,10.0,8.0,554.4520000000002,0.356943943911148,0.6484641638225256,3,605.001,0.44289666553414486,0.6967032967032967,3,146,196.79099999999858,0.4092365053300255,0.5478927203065134,1,1578.948999999997,0.6126440727611758,0.6814159292035398,4,146,0.18640214958958956,0.19746552992343266,0.7678866666666659,0.9251196343657035,0.04694432419408545,0.4771041462221317
2.0,240,10.0,10.0,542.1680000000003,0.38623756528586883,0.6535836177474402,2,884.2830000000001,0.3395457935134704,0.7164835164835165,4,146,193.81799999999862,0.4164569157584175,0.5478927203065134,1,2405.4169999999976,0.48787167478414384,0.6973451327433628,4,146,0.18308027062925644,0.19892243715791605,0.5440633333333351,0.8754649528624674,0.38637768474510814,0.9971629427349518
2.0,240,10.0,12.0,553.0669999999996,0.39215825192035253,0.6604095563139932,2,750.8630000000005,0.3313292856763133,0.7252747252747253,4,146,198.12599999999838,0.40348648160414585,0.5435684647302904,1,2156.0329999999967,0.5114725278764025,0.7044247787610619,4,146,0.1926721019466632,0.19772849504887868,0.6520133333333342,0.8065875174534485,0.3268893128065806,0.8147921816986587
2.0,240,10.0,15.0,339.4849999999997,0.3863229731856142,0.6633466135458167,2,966.0819999999992,0.3305505112170253,0.7406593406593407,4,146,196.68499999999858,0.3936268933263065,0.5422885572139303,0,3282.0969999999943,0.5123256199865006,0.7168141592920354,4,146,0.18129315272758437,0.199012613135117,0.8634833333333352,0.8278367573272252,0.5844870493803795,1.027115731793713
2.0,240,12.0,6.0,689.4630000000022,0.42544547691490064,0.6348122866894198,3,366.41399999999953,0.4797858639933339,0.6703296703296703,3,146,1520.9790000000028,0.40021989325542584,0.6258992805755396,4,1109.2459999999967,0.631581332381715,0.6601769911504425,4,146,0.19698465735750087,0.19698465735750087,0.8102866666666682,0.20091661357501245,0.23619252347052044,0.375815818000959
2.0,240,12.0,8.0,644.5350000000014,0.40160059224017897,0.6467576791808873,2,450.70099999999934,0.4459679430134054,0.6901098901098901,3,146,1168.6180000000015,0.39722856808350554,0.6359712230215827,4,1563.5309999999956,0.6037112090704111,0.6761061946902654,4,146,0.1894780920693005,0.1998231565064932,0.7697499999999999,0.6572020530206693,0.18603284650792418,0.49830814800902146
2.0,240,12.0,10.0,687.4220000000012,0.3851101045940319,0.6518771331058021,2,782.1409999999996,0.3488885324554144,0.7076923076923077,4,146,197.81799999999862,0.4044138014090467,0.5478927203065134,1,2351.2829999999967,0.5154852194944778,0.6902654867256637,4,146,0.1879199423461623,0.19934554856406486,0.5433366666666681,0.7626311822220653,0.5136417105746816,0.9034367023588954
2.0,240,12.0,12.0,538.318,0.3847069959422453,0.658703071672355,2,841.1080000000002,0.3151102643532725,0.7186813186813187,4,146,186.44299999999862,0.43866140784006985,0.5450980392156862,1,2602.385999999995,0.49987050334611466,0.6991150442477876,4,146,0.19305205648703236,0.199964915246689,0.8030400000000015,0.6591645221403806,0.46901595833583776,0.9739181089605051
2.0,240,12.0,15.0,199.19099999999958,0.4021412235048357,0.6296296296296297,1,987.1369999999988,0.32685809181870173,0.734065934065934,4,146,196.68499999999858,0.3936268933263065,0.5422885572139303,0,2501.3429999999944,0.5404915047042446,0.7115044247787611,4,146,0.19534751974928616,0.19854210532063166,0.6681233333333352,0.732341933150422,0.5149389568683864,0.9045618699760876
2.0,240,15.0,6.0,644.0920000000035,0.4093570874330714,0.6331058020477816,4,358.86400000000026,0.5154416217307302,0.6593406593406593,2,146,1538.3710000000056,0.3931951062123977,0.6244604316546762,3,705.8699999999983,0.6629944923218013,0.6513274336283186,3,146,0.19980319385405376,0.19980319385405376,0.7648500000000005,0.1898367188901755,-0.10491852721976613,0.2518310958199592
2.0,240,15.0,8.0,622.9780000000023,0.3994382082474434,0.6450511945392492,2,319.68199999999956,0.464140483220986,0.6791208791208792,2,146,1208.4100000000033,0.43563441400787756,0.6345323741007194,4,1520.678999999997,0.5978138292029975,0.6672566371681415,4,146,0.19311002733472496,0.19967378295709445,0.7926199999999988,0.6320785591294638,0.16630796767493594,0.4855037565486853
2.0,240,15.0,10.0,576.4800000000021,0.3800568886192781,0.6501706484641638,2,729.5610000000001,0.3881875454185204,0.6967032967032967,3,146,820.2390000000023,0.3939945511963999,0.6388489208633094,3,2252.721999999998,0.5310164527809995,0.6814159292035398,4,146,0.17458075159923273,0.1996591817767074,0.5387666666666677,0.8189480752983935,0.4442651435485627,0.8575749429795141
2.0,240,15.0,12.0,544.3790000000008,0.39915973428831614,0.6569965870307167,2,661.6300000000001,0.35236679639466023,0.7032967032967034,4,146,1013.751000000002,0.39701263023307964,0.6459537572254336,3,2390.859999999997,0.5515222012755217,0.6867256637168142,4,146,0.1865915324762568,0.19969047975637816,0.8395033333333344,0.8536797070223607,0.213992795382006,0.925225065627368
2.0,240,15.0,15.0,199.92399999999975,0.4105562336735716,0.6278409090909091,1,1049.3539999999994,0.33423484750918403,0.7208791208791209,4,146,196.68499999999858,0.3936268933263065,0.5422885572139303,0,3238.3929999999955,0.572622054696087,0.7008849557522124,4,146,0.1797355977023055,0.19865031301613628,0.8188200000000014,0.9249220190379801,0.5322795017927748,1.012182854032548
2.0,240,20.0,6.0,593.7680000000018,0.4103038759776634,0.6313993174061433,3,187.95800000000054,0.6092666083207378,0.649746192893401,1,122,772.819000000002,0.3894587844073656,0.6230215827338129,3,705.0939999999989,0.667558064675879,0.6442477876106195,3,146,0.19557320060432104,0.19557320060432104,0.8117166666666684,0.07529507005326175,-0.2384252248737686,0.584146270226066
2.0,240,20.0,8.0,528.7110000000018,0.4077553739683733,0.643344709897611,2,512.6679999999994,0.4902737356901392,0.6703296703296703,3,146,993.647000000002,0.403488744214483,0.6330935251798561,4,1245.729999999996,0.6568134014779453,0.6601769911504425,3,146,0.19686734831986122,0.19864425297345817,0.8997866666666656,0.4486380926981224,-0.025315183175051326,0.548009891516412
2.0,240,20.0,10.0,477.8010000000015,0.41809476020785674,0.6484641638225256,2,761.0800000000008,0.40226722272381976,0.6901098901098901,4,146,198.63699999999858,0.40194797374601315,0.5478927203065134,1,2001.7279999999978,0.5514810262685037,0.6761061946902654,4,146,0.19479355778745727,0.19933621041930386,0.5612300000000019,0.7148530325448468,0.11895655291938034,1.2272901255997395
2.0,240,20.0,12.0,546.0480000000007,0.4238110276005814,0.6552901023890785,2,678.0220000000002,0.32903183609398756,0.6967032967032967,3,146,198.1719999999982,0.4033479857891286,0.5435684647302904,1,2665.8059999999964,0.5198279336583961,0.6814159292035398,4,146,0.17024790222663042,0.1996348678267454,0.9167033333333348,0.7569942140237251,0.03317361037562394,1.553928603591094
2.0,240,20.0,15.0,196.77599999999984,0.4144024569527356,0.6278409090909091,1,884.1099999999997,0.3636110654338011,0.7142857142857143,4,146,196.68499999999858,0.3936268933263065,0.5422885572139303,0,2998.521999999996,0.5873361543768294,0.695575221238938,4,146,0.19545947636406338,0.19816499217248257,0.9611866666666682,0.7270003195344277,0.2602434230792299,1.3416403622897581
2.0,240,25.0,6.0,683.6870000000031,0.4096885710726652,0.6313993174061433,3,354.5100000000002,0.5709392965561719,0.6483516483516484,2,146,1184.027000000004,0.39175328927491004,0.6230215827338129,3,839.8139999999985,0.6754563347623301,0.6424778761061947,3,146,0.17841849842991703,0.19537578089257432,0.9957233333333366,0.01977394996300097,-0.2468929958922701,0.8264211181042798
2.0,240,25.0,8.0,505.7310000000016,0.40482573258329907,0.6416382252559727,2,559.351999999999,0.5491850094459829,0.6659340659340659,3,146,966.965000000002,0.4026335175241995,0.6316546762589929,4,1326.0499999999954,0.6468924493049248,0.6566371681415929,3,146,0.16782043213761383,0.1999686049290267,0.9218700000000004,0.4111637797214809,-0.12606837081593403,0.8649180788974109
2.0,240,25.0,10.0,523.4190000000017,0.40788257205257733,0.6467576791808873,2,594.6420000000005,0.45285184158845265,0.6857142857142857,3,146,198.63699999999858,0.40194797374601315,0.5478927203065134,1,2063.912999999997,0.6173540671245464,0.672566371681416,4,146,0.1999895005512216,0.1999895005512216,0.769806666666669,0.6312478575814247,0.17199554784793314,1.0332856187251465
2.0,240,25.0,12.0,552.5670000000009,0.43497163244751186,0.6535836177474402,2,490.71799999999985,0.43196335045811945,0.6879120879120879,2,146,198.1719999999982,0.4033479857891286,0.5435684647302904,1,1946.1409999999967,0.6009991253861209,0.6743362831858407,4,146,0.19128208009698083,0.19967811887237802,0.9131400000000023,0.7642549247136403,0.0038327835825306966,0.9146243682738477
2.0,240,25.0,15.0,335.17100000000005,0.4083266378516592,0.6613226452905812,2,720.8759999999993,0.4223218479562655,0.7054945054945055,4,146,196.68499999999858,0.3936268933263065,0.5422885572139303,0,2446.8499999999945,0.6422066511201263,0.6884955752212389,4,146,0.1982342987815677,0.1997778185261109,0.9842900000000023,0.7075797052514121,0.22033448106246611,0.9725184808983722
2.0,240,30.0,6.0,687.8680000000031,0.4296011994002983,0.6313993174061433,3,314.50100000000043,0.6125991285800223,0.6483516483516484,1,146,1203.5350000000044,0.4036023933335642,0.6230215827338129,3,675.2879999999989,0.7492280686398949,0.6424778761061947,3,146,0.19401464810593183,0.19981284197135377,0.8722500000000037,0.09887390394801021,-0.3968211791772671,0.8138860237235712
2.0,240,30.0,8.0,533.3040000000019,0.44346206950964434,0.6416382252559727,2,763.1349999999993,0.525280268677214,0.6659340659340659,3,146,1001.3640000000019,0.40170554731996594,0.6316546762589929,4,2229.159999999995,0.6628580323785831,0.6566371681415929,4,146,0.18657876733627862,0.1983812093318531,0.9241066666666673,0.5874241206308666,0.0020167803106345694,1.4278557114228536
2.0,240,30.0,10.0,512.4040000000009,0.38170853945808103,0.6467576791808873,2,874.0480000000002,0.3954043076125028,0.6857142857142857,3,146,198.63699999999858,0.40194797374601315,0.5478927203065134,1,2419.5989999999965,0.600108473908692,0.672566371681416,4,146,0.18681479834743703,0.19961109105758973,0.7752833333333358,0.673454941464736,0.05910977417288055,1.563300170879692
2.0,240,30.0,12.0,556.7030000000011,0.43553088029250714,0.6535836177474402,2,541.5859999999993,0.47342778383229783,0.6879120879120879,3,146,198.1719999999982,0.4033479857891286,0.5435684647302904,1,2295.8539999999966,0.5924297793942631,0.6743362831858407,3,146,0.17559200845651174,0.19852515661153303,0.9186166666666691,0.7827670978222092,-0.025113679110136622,1.2950186132247907
2.0,240,30.0,15.0,335.442,0.40800241431949286,0.6613226452905812,2,726.3429999999996,0.44121307002714955,0.7054945054945055,3,146,196.68499999999858,0.3936268933263065,0.5422885572139303,0,2931.8519999999935,0.6324644617456999,0.6884955752212389,4,146,0.17191706147897448,0.199742332391215,0.9897666666666691,0.7063072722094674,0.22270570008619828,1.3541788784485438
2.0,9999,10.0,6.0,509.2859999999996,0.3472471643121791,0.6328257191201354,2,517.6170000000013,0.4893310094147763,0.6774891774891775,3,153,938.2769999999994,0.37168865724555245,0.6242857142857143,4,1554.3419999999978,0.6111197624615442,0.666083916083916,4,153,0.19302814511212557,0.19943161988333197,0.9049400000000021,0.5619039619795578,0.37950033609678946,0.2623154249591102
2.0,9999,10.0,8.0,517.1549999999995,0.3381972321994506,0.6446700507614214,2,624.9869999999999,0.4270971957250677,0.6991341991341992,3,153,187.81799999999862,0.4205651878817819,0.5458015267175572,0,2045.9479999999962,0.5521692582833073,0.6835664335664335,4,153,0.1949716803634278,0.19876418368792081,0.6039666666666661,0.8249028450300304,0.39268099644127674,0.6729640180939849
2.0,9999,10.0,10.0,441.4960000000001,0.34079257215905306,0.649746192893401,2,786.4189999999999,0.33151125839447126,0.7186147186147186,4,153,196.52199999999834,0.38994846960948976,0.5447154471544715,0,2781.744999999997,0.45199946483263465,0.6993006993006993,4,153,0.1735677944957317,0.1999930002449913,0.6285200000000024,0.8461670719426198,0.38670289903276545,1.2240704540094134
2.0,9999,10.0,12.0,550.8709999999994,0.3800962035990116,0.6565143824027073,2,829.306,0.34081117860665827,0.7272727272727273,4,153,195.07699999999886,0.3906509652027254,0.5406698564593302,0,3280.6019999999953,0.5023178380240265,0.7062937062937062,4,153,0.19504012950664665,0.1982007941753364,0.8335333333333355,0.9793004399520024,0.49862317150010527,1.0106631396627397
2.0,9999,10.0,15.0,339.4849999999997,0.3863229731856142,0.6633466135458167,2,970.3059999999991,0.3431838158940606,0.7424242424242424,4,153,196.68499999999858,0.3936268933263065,0.5422885572139303,0,2673.3269999999948,0.53801864098227,0.7185314685314685,4,153,0.1853903161368372,0.19839484400142632,0.6986166666666691,0.7456616658653574,0.5629325860000876,0.9228044913175133
2.0,9999,12.0,6.0,669.5920000000017,0.4067422462850799,0.6311336717428088,2,355.83899999999926,0.479443431711217,0.670995670995671,2,153,1013.351000000001,0.37165467869667723,0.6228571428571429,3,1568.5699999999952,0.6253491925658186,0.6608391608391608,4,153,0.1808788450885751,0.1993878792108226,0.9694200000000024,0.3200807005785107,0.4418710205170091,0.39481757471744916
2.0,9999,12.0,8.0,623.7410000000007,0.4051631315107943,0.6429780033840947,2,608.466999999999,0.41313835808208954,0.6926406926406926,3,153,191.81799999999862,0.4082248411180378,0.5458015267175572,0,2160.8349999999946,0.5783045132603702,0.6783216783216783,4,153,0.19668874497829159,0.19668874497829159,0.9146599999999998,0.555801029947874,0.4869764303434527,0.6261123465291054
2.0,9999,12.0,10.0,638.2420000000006,0.37529374842122243,0.6480541455160744,2,959.7909999999995,0.34329634421180133,0.70995670995671,4,153,187.81799999999862,0.41696777798472956,0.5458015267175572,0,2820.0889999999945,0.5278681911287507,0.6923076923076923,4,153,0.19965243838018737,0.1997948772593473,0.8520033333333352,0.6493400839811265,0.5966051016232399,0.9274897152531423
2.0,9999,12.0,12.0,554.117,0.38174518242499406,0.6548223350253807,2,915.9909999999998,0.29245593408420617,0.7207792207792207,4,153,188.12599999999838,0.4123633410382989,0.5413223140495868,0,3673.167999999994,0.501466676860307,0.701048951048951,4,153,0.18670572273785327,0.19968370101758873,0.9169733333333352,0.789703212703355,0.6946108017146531,1.1059714431178684
2.0,9999,12.0,15.0,199.19099999999958,0.4021412235048357,0.6296296296296297,1,1037.8609999999987,0.3208014584934287,0.7359307359307359,4,153,196.68499999999858,0.3936268933263065,0.5422885572139303,0,3504.693999999994,0.5662099239946459,0.7132867132867133,4,153,0.19060790154466586,0.19952662308672722,0.8985533333333358,0.8942370155521897,0.5948699268602118,1.0367909692252115
2.0,9999,15.0,6.0,645.922000000003,0.4230536513045334,0.6294416243654822,3,343.80400000000054,0.5683626608466326,0.6601731601731602,2,153,1327.1510000000037,0.39960728781021826,0.6214285714285714,3,861.5349999999987,0.6726976446504205,0.6520979020979021,4,153,0.19601405420768658,0.1973936634166625,0.5820700000000019,0.18260253971062856,0.3282575077322163,0.1555929634423605
2.0,9999,15.0,8.0,612.128000000002,0.4112611292208034,0.6412859560067682,2,634.1259999999997,0.46186588569344195,0.6818181818181818,3,153,197.81799999999862,0.38971432097242165,0.5458015267175572,0,2269.547999999996,0.6305005842796784,0.6695804195804196,4,153,0.19423564113023,0.1975529771233651,1.00265,0.6770562338235129,0.41881185072555915,0.5875983177899606
2.0,9999,15.0,10.0,570.3790000000017,0.3947420320478956,0.6463620981387479,2,1001.4690000000005,0.39192310988580287,0.6991341991341992,4,153,193.81799999999862,0.39834233563047355,0.5458015267175572,0,2510.9029999999975,0.5606835487225253,0.6835664335664335,4,153,0.18869157889700372,0.19842224551478943,0.5687633333333353,0.7905398944816346,0.5686891821331941,0.8994608530277961
2.0,9999,15.0,12.0,542.7930000000006,0.40538500965526636,0.6531302876480541,2,784.7030000000002,0.3338972196535033,0.7056277056277056,4,153,191.12599999999838,0.40299244080714997,0.5413223140495868,0,2919.5639999999967,0.5315409129456801,0.6888111888111889,4,153,0.17771413919079176,0.19868470723808418,0.9209700000000021,0.816733212908056,0.338689758129912,1.0830757639322957
2.0,9999,15.0,15.0,199.92399999999975,0.4105562336735716,0.6278409090909091,1,1091.8949999999993,0.40022368159571886,0.7229437229437229,4,153,196.68499999999858,0.3936268933263065,0.5422885572139303,0,3101.4389999999958,0.58983508913954,0.7027972027972028,4,153,0.18817050443023997,0.19754976556398932,0.8969533333333357,0.8396850388166244,0.4885671467009993,0.9900932920698242
2.0,9999,20.0,6.0,545.5810000000008,0.426425674809974,0.6277495769881557,2,184.51600000000008,0.6215343655968685,0.6525,1,128,1140.695000000001,0.4085826157769355,0.62,3,758.7739999999972,0.6893443454527041,0.6451048951048951,2,153,0.18527353321259651,0.19850008374222347,1.2124966666666719,-0.0008798506664441375,-0.21773012749467002,0.46262919884188736
2.0,9999,20.0,8.0,505.64600000000064,0.4054839479220128,0.6395939086294417,2,494.9649999999983,0.5505603809552087,0.670995670995671,2,153,192.63699999999858,0.4056981551181613,0.5458015267175572,0,1335.197999999995,0.6560503730712197,0.6608391608391608,3,153,0.199203683276105,0.199203683276105,1.050953333333334,0.3428828219722164,-0.03274889047838936,0.6706723490299067
2.0,9999,20.0,10.0,476.21800000000053,0.3894464334893976,0.6446700507614214,2,759.1880000000001,0.36025567547939186,0.6904761904761905,4,153,188.63699999999858,0.4144254051033737,0.5458015267175572,0,2212.409999999996,0.5387203981428923,0.6765734265734266,4,153,0.19244416112387477,0.19841160487431217,0.8666633333333364,0.5067384048900028,0.20815812802510458,1.1702847725645271
2.0,9999,20.0,12.0,445.6850000000002,0.37615034505356654,0.6514382402707276,2,553.4039999999993,0.4281216176325895,0.696969696969697,3,153,195.12299999999868,0.39050727806584834,0.5406698564593302,0,2442.452999999993,0.5394236823877621,0.6818181818181818,4,153,0.17954268234523232,0.19952488137622298,0.9029700000000025,0.6858367008763429,0.03815761993871547,1.4445235114141721
2.0,9999,20.0,15.0,196.77599999999984,0.4144024569527356,0.6278409090909091,1,983.8909999999989,0.4007980894861535,0.7142857142857143,4,153,196.68499999999858,0.3936268933263065,0.5422885572139303,0,2872.361999999993,0.5815234339634048,0.6958041958041958,4,153,0.18982680202583252,0.19981097881404203,0.9676166666666692,0.7011646916320038,0.21054162035985535,1.3629326287109529
2.0,9999,25.0,6.0,573.0760000000016,0.4112192959271532,0.6277495769881557,2,432.2559999999994,0.5512927310154632,0.6493506493506493,2,153,1180.4880000000023,0.39211380695155773,0.62,3,855.012999999997,0.6794319567263114,0.6433566433566433,3,153,0.19703802587602023,0.19870280187509237,1.18914333333334,0.015252541709616096,-0.16609724638551115,0.537757210712702
2.0,9999,25.0,8.0,470.4350000000006,0.40700756400054905,0.637901861252115,2,537.2419999999984,0.5485357987999872,0.6666666666666666,2,153,192.63699999999858,0.4056981551181613,0.5458015267175572,0,1504.170999999994,0.6743261349085282,0.6573426573426573,3,153,0.19412104417709855,0.19996580584720133,1.1061133333333357,0.47105410598352826,-0.04765229778087099,0.6992999092830698
2.0,9999,25.0,10.0,508.8710000000008,0.3956881494047988,0.6429780033840947,2,771.307,0.3611578947368424,0.6861471861471862,4,153,188.63699999999858,0.4144254051033737,0.5458015267175572,0,1959.964999999996,0.5999929975530358,0.6730769230769231,4,153,0.19701643240181607,0.19922427049675434,0.6320700000000032,0.7754712318303267,0.13091677518209632,0.9936273986258013
2.0,9999,25.0,12.0,551.0950000000007,0.4182744977037667,0.649746192893401,2,479.916999999999,0.43146864563537024,0.6883116883116883,3,153,195.12299999999868,0.39050727806584834,0.5406698564593302,0,1700.453999999994,0.6287100173246558,0.6748251748251748,3,153,0.18263772711001441,0.19955917378510904,0.9495766666666698,0.754572360153394,-0.07711737065412305,0.7955006208661739
2.0,9999,25.0,15.0,335.17100000000005,0.4083266378516592,0.6613226452905812,2,1055.3969999999981,0.46424899039082157,0.7056277056277056,4,153,196.68499999999858,0.3936268933263065,0.5422885572139303,0,2492.5809999999915,0.6237518777569462,0.6888111888111889,4,153,0.17404408101461968,0.19954590834232916,1.0477533333333358,0.6445698212349755,0.19465367781118492,1.0651711198622018
2.0,9999,30.0,6.0,679.894000000002,0.4375939563471665,0.6277495769881557,2,454.5619999999992,0.5861182965026211,0.6493506493506493,2,153,1202.3080000000034,0.4097664649323659,0.62,3,1070.3489999999956,0.6738411225615121,0.6433566433566433,2,153,0.18808084655189228,0.19745968120134483,1.2455266666666738,-0.004668541010427685,-0.1419271513005772,0.8603473717691414
2.0,9999,30.0,8.0,500.1440000000016,0.4084246458204121,0.637901861252115,2,753.063999999998,0.5454519564845953,0.6666666666666666,3,153,192.63699999999858,0.4056981551181613,0.5458015267175572,0,2113.5049999999933,0.6848645777234544,0.6573426573426573,3,153,0.18764513178161432,0.1975298887412915,1.1663366666666684,0.5723517889647753,-0.10506980808770205,1.3110917928278236
2.0,9999,30.0,10.0,438.7150000000006,0.4032555194971862,0.6429780033840947,2,834.0429999999999,0.41788504500690854,0.6861471861471862,3,153,188.63699999999858,0.4144254051033737,0.5458015267175572,0,2275.8169999999955,0.6019161979981024,0.6730769230769231,4,153,0.18747709264274362,0.19882553754969443,0.6328466666666699,0.7658526826360437,0.08687414018334749,1.4206776102289371
2.0,9999,30.0,12.0,540.4160000000006,0.3971587648909535,0.649746192893401,2,525.9769999999987,0.4279314495219656,0.6883116883116883,3,153,195.12299999999868,0.39050727806584834,0.5406698564593302,0,1952.937999999993,0.6238944380066109,0.6748251748251748,3,153,0.1836516935440929,0.19876895758932966,0.9550533333333366,0.7381213811728853,-0.05597016389454801,1.029283711805551
2.0,9999,30.0,15.0,335.442,0.40800241431949286,0.6613226452905812,2,1141.2499999999973,0.45401909722222317,0.7056277056277056,4,153,196.68499999999858,0.3936268933263065,0.5422885572139303,0,2856.767999999991,0.6469129315554886,0.6888111888111889,4,153,0.19897171418111315,0.19916804661670473,1.066563333333336,0.7801809445310941,0.18653530943037167,1.1815249463929005
3.0,30,10.0,6.0,541.787,0.3688642242537272,0.654368932038835,2,527.0579999999991,0.39203418221273667,0.7247474747474747,4,87,192.24099999999862,0.40751390750928734,0.5403225806451613,0,945.5919999999976,0.5748916486633378,0.7015810276679841,4,87,0.17482823126278524,0.1983418620334003,0.2728166666666698,0.013225261559005164,0.18272916424352448,1.0664522107029901
3.0,30,10.0,8.0,524.5459999999998,0.346240681792757,0.6621359223300971,2,519.8739999999993,0.3664265990813162,0.73989898989899,4,87,195.6879999999985,0.3944641282317115,0.5384615384615384,0,1669.3719999999964,0.5321413367390397,0.7134387351778656,4,87,0.17331723408803448,0.19779589441655215,0.39498666666666926,0.41946398531885176,0.5745943034139074,0.7847145306893972
3.0,30,10.0,10.0,491.7529999999995,0.3366328952880395,0.6640776699029126,2,594.3739999999996,0.33524464952702066,0.7474747474747475,3,87,195.6879999999985,0.3944641282317115,0.5384615384615384,0,1585.635999999997,0.5195734387244061,0.7193675889328063,4,87,0.16315941898930947,0.19986109653790568,0.5668133333333367,0.5608985541779006,0.333853079838786,0.6202510432888242
3.0,30,10.0,12.0,493.20799999999963,0.36957023272079104,0.6660194174757281,2,709.783999999999,0.3308797328527946,0.7575757575757576,3,87,196.9689999999989,0.39050020887163106,0.535,0,1564.299999999996,0.49935979513444495,0.7272727272727273,4,87,0.19737491364847604,0.1982059062056622,0.3896900000000021,0.43505146231653025,0.5465924988675901,0.6905868367016132
3.0,30,10.0,15.0,370.6399999999992,0.3836904568959473,0.6723044397463002,2,744.2309999999991,0.36160339198162245,0.7651515151515151,3,87,198.02099999999905,0.3847700122722276,0.5360824742268041,0,2275.4949999999944,0.5130768390494526,0.733201581027668,4,87,0.18536969668883446,0.19948771554647707,0.8444466666666692,0.6059938482001763,0.5647256346979841,0.6364639930384528
3.0,30,12.0,6.0,519.6240000000007,0.3933911494171722,0.6524271844660194,2,550.4619999999982,0.4482754690746926,0.7222222222222222,4,87,198.24099999999862,0.3890219284052237,0.5403225806451613,0,1483.4719999999945,0.6663537124852842,0.6996047430830039,4,87,0.174046226677807,0.19926669854934115,0.610103333333337,0.2326889992567689,0.15794547442423212,1.1516058665181563
3.0,30,12.0,8.0,476.45500000000015,0.3902023439822714,0.6601941747572816,2,563.436999999999,0.3707569187875514,0.7373737373737373,4,87,199.6879999999985,0.38208655021429005,0.5384615384615384,0,1742.8819999999957,0.5425975378728956,0.7114624505928854,4,87,0.18268121215073754,0.1989060169070119,0.3832533333333359,0.4327334592843861,0.5000958708266721,0.954162097676603
3.0,30,12.0,10.0,430.11499999999955,0.37250476228272106,0.6621359223300971,2,541.7969999999989,0.3665657754322143,0.7424242424242424,3,87,199.6879999999985,0.38208655021429005,0.5384615384615384,0,1652.0119999999959,0.5243129457632811,0.7154150197628458,4,87,0.1687735228097426,0.19862847041180698,0.5942466666666701,0.4230043866068327,0.4017508441255022,0.7316469813796924
3.0,30,12.0,12.0,496.5889999999997,0.3556036396435132,0.6640776699029126,2,763.2009999999984,0.3288197185448283,0.7550505050505051,4,87,198.9689999999989,0.38431141986292033,0.535,0,2369.551999999993,0.5090375568304567,0.7252964426877471,4,87,0.1843861784120671,0.19878570333221735,0.8496133333333356,0.5684287166326567,0.5748113285594774,0.728903390750592
3.0,30,12.0,15.0,375.8479999999993,0.37757445468195444,0.6723044397463002,2,750.2889999999986,0.3748722428323372,0.7626262626262627,3,87,198.02099999999905,0.3847700122722276,0.5360824742268041,0,2457.6639999999943,0.5129309902645717,0.7312252964426877,4,87,0.18126919511298317,0.1991941175131476,0.8977800000000025,0.5211984529292055,0.6311198863833161,0.7397371207873948
3.0,30,15.0,6.0,357.4930000000004,0.4423086511499784,0.6504854368932039,3,490.53099999999904,0.5067171168626744,0.7171717171717171,3,87,570.4369999999992,0.42373420522032007,0.6378205128205128,2,2484.7099999999937,0.6348683471711704,0.6956521739130435,4,87,0.17602792976485765,0.19932478728308015,0.7810366666666702,0.4597490974357561,0.1830222062669833,1.6928395703959107
3.0,30,15.0,8.0,457.0809999999999,0.38400697771059833,0.658252427184466,2,609.3719999999992,0.37078104143566476,0.7323232323232324,4,87,190.82799999999884,0.4095028855228776,0.5403225806451613,0,1858.5269999999957,0.525071430171834,0.7075098814229249,4,87,0.16888872625530166,0.1994211800249769,0.5442433333333361,0.3128220293433839,0.6204128610067463,0.8858204798042102
3.0,30,15.0,10.0,376.4149999999993,0.35939627590200857,0.6601941747572816,2,520.1299999999994,0.3592093854511355,0.7373737373737373,3,87,190.82799999999884,0.4095028855228776,0.5403225806451613,0,1631.7389999999966,0.5361859056179963,0.7114624505928854,4,87,0.19885874963584058,0.19885874963584058,0.5936133333333367,0.42818835183774584,0.46418832034259117,0.6321649950637138
3.0,30,15.0,12.0,433.39499999999975,0.3731816198130704,0.6621359223300971,2,748.9879999999987,0.32120935321485444,0.7474747474747475,4,87,184.67499999999836,0.42854269490817765,0.5344827586206896,0,2648.1969999999937,0.4999375078115255,0.7193675889328063,4,87,0.1949322488602565,0.1986132820646256,0.8837133333333358,0.534529316208757,0.6169544179781907,0.888605524045484
3.0,30,15.0,15.0,196.80699999999933,0.39816397613536175,0.6271676300578035,1,756.6809999999984,0.3255367286814141,0.7550505050505051,4,87,198.02099999999905,0.3847700122722276,0.5360824742268041,0,2343.268999999995,0.491598171808716,0.7252964426877471,4,87,0.19386970155836689,0.19625424246475823,0.8667100000000028,0.5041043690057132,0.5579258664779794,0.7856620860509573
3.0,30,20.0,6.0,345.87299999999914,0.43127566552544877,0.6504854368932039,2,771.7909999999974,0.5430372933242955,0.7121212121212122,3,87,196.15599999999836,0.3954478911438866,0.5403225806451613,0,2344.7979999999916,0.7014985375952807,0.691699604743083,3,87,0.17196953846242238,0.19965127577165354,0.851970000000005,0.41853989715455353,-0.11461336229648755,2.360281915396747
3.0,30,20.0,8.0,387.3629999999994,0.38276712234764754,0.658252427184466,2,669.486999999998,0.34026592177444853,0.7272727272727273,4,87,199.55699999999842,0.3824919158943609,0.5384615384615384,0,3179.0559999999905,0.5391338919443194,0.7035573122529645,4,87,0.19574962318197686,0.19715748200321823,0.8080766666666697,0.5181177789289837,0.47918908219200707,1.6099424000210294
3.0,30,20.0,10.0,387.37699999999904,0.358691550392411,0.6601941747572816,2,855.6259999999975,0.34509233226238906,0.7323232323232324,4,87,199.55699999999842,0.3824919158943609,0.5384615384615384,0,2580.142999999993,0.5391575418337266,0.7075098814229249,4,87,0.19060583269731976,0.1959564388836369,0.8247133333333372,0.511271176842383,0.5075021969294919,1.0688429474406762
3.0,30,20.0,12.0,379.743999999999,0.37510766678927954,0.6621359223300971,2,864.1659999999974,0.2856294655663565,0.7424242424242424,4,87,197.01499999999874,0.39035786672443124,0.535,0,2780.1149999999925,0.4605357688921009,0.7154150197628458,4,87,0.17983751680356921,0.19969831290586118,0.8641800000000026,0.5494033122695512,0.3723038395402207,1.337969834709015
3.0,30,20.0,15.0,196.5399999999995,0.4075159320153625,0.6253602305475504,1,770.1499999999978,0.32679341553787367,0.7474747474747475,4,87,198.02099999999905,0.3847700122722276,0.5360824742268041,0,2414.863999999993,0.46709885984427363,0.7193675889328063,4,87,0.17923331158635925,0.19829859802891356,0.8944766666666699,0.5296291148127026,0.4135369481246962,0.9651190042185354
3.0,30,25.0,6.0,361.27699999999913,0.43496226770636,0.6504854368932039,2,822.1169999999968,0.5355583829939642,0.7095959595959596,3,87,196.15599999999836,0.3954478911438866,0.5403225806451613,0,2501.4169999999904,0.6966580829897059,0.6897233201581028,3,87,0.173056039872114,0.19873943989705403,0.8356366666666712,0.4555440346764248,-0.13491026816626073,2.6073776674065177
3.0,30,25.0,8.0,437.1299999999994,0.4081660075571712,0.658252427184466,2,685.1249999999973,0.3730523006002153,0.7222222222222222,4,87,199.55699999999842,0.3824919158943609,0.5384615384615384,0,2829.2569999999887,0.6016653716635256,0.6996047430830039,4,87,0.19529891108651162,0.19689060511866316,0.8099100000000028,0.5377468124565974,0.3452904647555759,1.5187975681433703
3.0,30,25.0,10.0,376.14499999999884,0.3538548173141042,0.6601941747572816,2,573.0799999999974,0.3574715084589809,0.7272727272727273,4,87,199.55699999999842,0.3824919158943609,0.5384615384615384,0,2101.5309999999918,0.6102146787800075,0.7035573122529645,4,87,0.19499567962697528,0.19715821083852825,0.8265466666666703,0.578280689972327,0.2933371567721632,0.8788312527770867
3.0,30,25.0,12.0,483.4279999999992,0.3486060010083629,0.6621359223300971,2,668.0799999999965,0.3560104578071998,0.7348484848484849,4,87,197.01499999999874,0.39035786672443124,0.535,0,2332.9909999999904,0.5483244866698825,0.7094861660079052,4,87,0.18518647120234769,0.1957197317905737,0.866013333333336,0.5504355095711986,0.3088358642302407,1.0537055311177732
3.0,30,25.0,15.0,356.95899999999915,0.4014647097605742,0.6708860759493671,2,681.4569999999974,0.3846043953155355,0.73989898989899,3,87,198.02099999999905,0.3847700122722276,0.5360824742268041,0,1928.8289999999915,0.5851734583143773,0.7134387351778656,4,87,0.18855635753113859,0.1982315761095275,0.896310000000003,0.5713042698714799,0.27287605827918315,0.6951835469125904
3.0,30,30.0,6.0,353.8319999999994,0.46549090345990635,0.6504854368932039,2,868.9009999999955,0.5570029400426155,0.7070707070707071,3,87,196.15599999999836,0.3954478911438866,0.5403225806451613,0,2729.1729999999898,0.688949151228072,0.6877470355731226,3,87,0.15682727958252787,0.1999284256236277,0.8356366666666712,0.47893827936173805,-0.06048956458319399,2.5667398091673728
3.0,30,30.0,8.0,437.35199999999963,0.4079561900130827,0.658252427184466,2,649.9309999999973,0.3683039384406282,0.7196969696969697,4,87,199.55699999999842,0.3824919158943609,0.5384615384615384,0,2625.012999999989,0.5801579571103149,0.6976284584980237,4,87,0.18382133301716252,0.1990033662663189,0.8099100000000028,0.5506387978776037,0.28749517492026544,1.4215696675224523
3.0,30,30.0,10.0,492.71099999999933,0.35975967595651515,0.6601941747572816,2,763.6299999999962,0.3911499008820849,0.7247474747474747,4,87,199.55699999999842,0.3824919158943609,0.5384615384615384,0,2127.227999999991,0.5883207022263591,0.7015810276679841,4,87,0.19365114714098494,0.19665344991605463,0.8265466666666703,0.5367013161448491,0.33509726776215176,0.8921677809127753
3.0,30,30.0,12.0,470.04199999999946,0.3623731923701606,0.6621359223300971,2,570.8999999999971,0.3581307322754419,0.7323232323232324,3,87,197.01499999999874,0.39035786672443124,0.535,0,2143.0199999999927,0.551935104810283,0.7075098814229249,4,87,0.19338930879437996,0.19772940730610306,0.866013333333336,0.5383937949710893,0.2805170465827238,0.9432887792669526
3.0,30,30.0,15.0,356.06999999999925,0.4025274466773665,0.6708860759493671,2,693.307999999998,0.3244404897568393,0.7373737373737373,4,87,198.02099999999905,0.3847700122722276,0.5360824742268041,0,1881.1459999999934,0.5745326347019561,0.7114624505928854,4,87,0.1919775770190052,0.19807844104343814,0.896310000000003,0.5726753537132572,0.26465433605607713,0.6625740411112719
3.0,60,10.0,6.0,724.0819999999999,0.36383750049854835,0.6505576208178439,2,571.9519999999993,0.40662915421135976,0.7081339712918661,4,109,199.05599999999845,0.38783832407148566,0.541501976284585,0,1472.8239999999962,0.6402922349844483,0.6893939393939394,4,109,0.1669393342459359,0.19916053833093533,0.6799733333333362,0.19997738059333936,0.18857301592812759,1.048935483511964
3.0,60,10.0,8.0,700.5060000000001,0.35026775971817986,0.6598513011152416,2,518.9200000000001,0.37252740350565555,0.7248803827751196,4,109,194.08899999999835,0.4000655297866917,0.5397489539748954,0,1637.3559999999966,0.5829392537688719,0.7026515151515151,4,109,0.19581810847540002,0.19930641368039265,0.8533666666666704,0.35067354903688397,0.3440374546597249,0.6221788942652564
3.0,60,10.0,10.0,691.8159999999993,0.3760819237067334,0.6672862453531598,2,578.9760000000001,0.3169907016060857,0.7320574162679426,4,109,192.08899999999835,0.4062475851346332,0.5397489539748954,0,1984.823999999997,0.5075805013187618,0.7083333333333334,4,109,0.16994894733622062,0.19964762194726343,0.8055733333333372,0.44577714927114154,0.49759748294359474,0.6923459956481126
3.0,60,10.0,12.0,681.9959999999994,0.3588510493714228,0.6691449814126395,2,703.9989999999993,0.32673307763994786,0.7464114832535885,3,109,186.0759999999982,0.42483393453821994,0.538135593220339,0,2078.7239999999947,0.5249648535073793,0.7196969696969697,4,109,0.19888557781232583,0.19888557781232583,0.866440000000003,0.5903145381939174,0.5629129850819994,0.49363235813997797
3.0,60,10.0,15.0,373.0189999999991,0.3860325686713725,0.6735966735966736,2,721.8429999999998,0.3654298606027458,0.7559808612440191,3,109,198.25699999999892,0.3844880953489762,0.5384615384615384,0,2052.270999999996,0.5423767520196411,0.7272727272727273,4,109,0.1943122851027579,0.199841251106153,0.8984433333333361,0.5208425148323228,0.3914947412170804,0.7027465192475404
3.0,60,12.0,6.0,749.8850000000007,0.39901324838277313,0.6486988847583643,2,512.1309999999987,0.5219180148136612,0.7033492822966507,3,109,1289.2720000000002,0.40225119715760976,0.6367851622874807,2,1436.9669999999953,0.705903114797497,0.6856060606060606,4,109,0.17442697106111313,0.19950671963570152,0.8104700000000034,0.10638305706989049,0.14485241012976235,1.0887150110397812
3.0,60,12.0,8.0,727.7580000000005,0.37226447117189154,0.6579925650557621,2,556.2989999999995,0.39684070703786006,0.7200956937799043,4,109,198.08899999999835,0.3877014190908086,0.5397489539748954,0,1730.499999999996,0.6018080068876475,0.6988636363636364,4,109,0.17686072218128332,0.19851510699964325,0.8533666666666704,0.21649250912752893,0.40970634937061856,0.8148925013109631
3.0,60,12.0,10.0,747.2709999999997,0.38907904804091364,0.6654275092936803,2,466.68399999999974,0.38304300821215587,0.7248803827751196,3,109,196.08899999999835,0.39388347443875016,0.5397489539748954,0,1537.5049999999962,0.6237109275221996,0.7026515151515151,4,109,0.19962445649122681,0.19962445649122681,0.8255733333333373,0.39283731868709193,0.506919081615796,0.3375365918373572
3.0,60,12.0,12.0,676.9489999999996,0.392002958744297,0.6672862453531598,2,695.2829999999985,0.3741119396367963,0.7416267942583732,3,109,188.0759999999982,0.4186518791902784,0.538135593220339,0,2357.769999999993,0.5700348989301873,0.7159090909090909,4,109,0.19829343710689962,0.19829343710689962,0.8997733333333364,0.6261097815177872,0.5729542972813138,0.6173813427358257
3.0,60,12.0,15.0,392.0679999999993,0.37992097712125894,0.6735966735966736,2,756.963999999999,0.41604278544486983,0.7511961722488039,3,109,198.25699999999892,0.3844880953489762,0.5384615384615384,0,2371.452999999994,0.5976598685367431,0.7234848484848485,4,109,0.19944491985742252,0.19944491985742252,0.9730433333333357,0.6780962742835461,0.4703232801798449,0.6237790603326525
3.0,60,15.0,6.0,685.5770000000007,0.41695777979951226,0.6468401486988847,3,383.009,0.5666566668431341,0.6961722488038278,2,109,1306.9500000000005,0.4395174550973942,0.6352395672333848,2,1535.335999999997,0.6938329170937352,0.6799242424242424,4,109,0.17332624621571102,0.19883878151594833,0.8804700000000032,0.10249742528906425,0.11314481223993367,1.21761687966537
3.0,60,15.0,8.0,617.5889999999999,0.3548657700744212,0.6561338289962825,2,529.354,0.3862399284379008,0.7129186602870813,4,109,189.22899999999868,0.41508792428218866,0.541501976284585,0,1804.665999999997,0.6047401823700272,0.6931818181818182,4,109,0.1869742517757885,0.19195362400444071,0.9053000000000035,0.3253853286446535,0.4066768130500247,0.6934630550285006
3.0,60,15.0,10.0,672.693,0.39371944689346394,0.6635687732342007,3,442.80100000000016,0.4095946318625458,0.7177033492822966,3,109,187.22899999999868,0.4212699796301302,0.541501976284585,0,1576.220999999998,0.5358770147662818,0.696969696969697,4,109,0.17461631702174463,0.19652462576388746,0.8628733333333367,0.34925795634700063,0.2601581594830036,0.6587941121065535
3.0,60,15.0,12.0,546.2859999999996,0.38823770554028825,0.6654275092936803,2,715.340999999999,0.3314235676382438,0.7320574162679426,4,109,191.0759999999982,0.4093787961683661,0.538135593220339,0,2335.5829999999946,0.5133514316690942,0.7083333333333334,4,109,0.19014208367202462,0.19894727051805425,0.917873333333336,0.617486034878904,0.4243778475027924,0.7619289022264197
3.0,60,15.0,15.0,196.18599999999924,0.40049565007471666,0.6264367816091954,1,734.9089999999999,0.36702303930709856,0.7416267942583732,3,109,198.25699999999892,0.3844880953489762,0.5384615384615384,0,2630.324999999996,0.5573287860901008,0.7159090909090909,4,109,0.17617542038286738,0.19877771582538975,0.9653066666666692,0.7169415460182578,0.4129527459880753,0.838970164123541
3.0,60,20.0,6.0,665.3089999999991,0.5108346158467159,0.6468401486988847,2,516.6489999999988,0.6068041209914666,0.6913875598086124,2,109,1016.5469999999987,0.44449456734890574,0.6352395672333848,2,1726.846999999996,0.6901629266259441,0.6761363636363636,3,109,0.15330163821963264,0.19931435860639382,0.9160033333333377,0.052191976005604435,-0.1371591647500634,2.3091059256832165
3.0,60,20.0,8.0,519.318999999999,0.3678836693457478,0.6561338289962825,2,699.3249999999991,0.36688482300673636,0.7081339712918661,4,109,197.95799999999826,0.38810634371609903,0.5397489539748954,0,2356.1269999999945,0.5858554873035337,0.6893939393939394,4,109,0.19663227895828259,0.19995767562532782,0.9649666666666712,0.2688442552036461,0.34380477317970315,1.344108754416116
3.0,60,20.0,10.0,543.185999999999,0.3705926163995763,0.6635687732342007,2,534.6869999999994,0.33955385050340026,0.7129186602870813,4,109,195.95799999999826,0.39428839906404056,0.5397489539748954,0,1713.4679999999962,0.5794156393545243,0.6931818181818182,4,109,0.18883720344690955,0.19953707398834655,0.9473066666666705,0.28663863935144174,0.19533715429112397,0.9070996407217657
3.0,60,20.0,12.0,551.6969999999992,0.3644333693362113,0.6654275092936803,2,753.4329999999986,0.3360013863766835,0.7272727272727273,4,109,186.12199999999802,0.42469174726521786,0.538135593220339,0,2388.433999999994,0.5238000730125826,0.7045454545454546,4,109,0.1841290007779459,0.19980286117697163,0.9446400000000033,0.5634804728210123,0.25359765469969675,1.088825415371597
3.0,60,20.0,15.0,195.91899999999941,0.4082802528533593,0.6246418338108882,1,716.7409999999993,0.3463051094544319,0.7344497607655502,4,109,198.25699999999892,0.3844880953489762,0.5384615384615384,0,2585.400999999995,0.5563962894498293,0.7102272727272727,4,109,0.1906836075431718,0.19896528105586947,1.0251366666666701,0.667490753710444,0.2994188944681919,0.9639919750896611
3.0,60,25.0,6.0,637.7959999999991,0.43560857398378555,0.6449814126394052,2,789.3579999999986,0.5710680029187934,0.6889952153110048,2,109,953.3319999999981,0.43093816068693835,0.633693972179289,2,2050.155999999996,0.6855737038404603,0.6742424242424242,3,109,0.15233568691969746,0.19794924581337356,0.9021900000000058,0.060998112701671214,-0.13264163470781787,2.9038990319067324
3.0,60,25.0,8.0,520.1359999999991,0.3697427581487374,0.654275092936803,2,592.2149999999986,0.44474335621876765,0.7033492822966507,4,109,197.95799999999826,0.38810634371609903,0.5397489539748954,0,2150.836999999993,0.6166515902979834,0.6856060606060606,4,109,0.18586561683570899,0.19909346110709186,0.9684800000000056,0.0989088027310372,0.31417172865872467,1.521978994813792
3.0,60,25.0,10.0,573.9979999999991,0.3856945855712009,0.6617100371747212,2,625.0259999999987,0.4441871707315584,0.7081339712918661,4,109,195.95799999999826,0.39428839906404056,0.5397489539748954,0,1710.153999999995,0.6328903595444948,0.6893939393939394,4,109,0.1989541642764551,0.19927133116570356,0.9499800000000043,0.2876285910624683,0.14988151422824392,0.9744225622695328
3.0,60,25.0,12.0,546.2569999999994,0.3577477266213295,0.6635687732342007,2,687.0319999999974,0.3976558537499742,0.7200956937799043,4,109,186.12199999999802,0.42469174726521786,0.538135593220339,0,1976.567999999993,0.5992536698659847,0.6988636363636364,4,109,0.19380596147137652,0.19953641040648848,0.947313333333337,0.532504613193556,0.12318827629344486,0.9656234088594773
3.0,60,25.0,15.0,357.85699999999906,0.4022064795998825,0.6721991701244814,2,694.235999999999,0.43136795735364686,0.7272727272727273,3,109,198.25699999999892,0.3844880953489762,0.5384615384615384,0,2131.415999999993,0.6285874990118002,0.7045454545454546,4,109,0.18954860579102675,0.19972537760579204,1.027810000000004,0.6234213264556292,0.14537204953031968,0.8842645553349415
3.0,60,30.0,6.0,645.5289999999998,0.4401961907307337,0.6449814126394052,2,1063.6629999999975,0.6156506080191076,0.6866028708133971,3,109,777.9089999999985,0.4465750336238339,0.633693972179289,2,2575.7479999999937,0.7307037238940923,0.6723484848484849,3,109,0.1744825139440625,0.19950861029284958,0.9021900000000058,0.3380471982294033,-0.10715249238442426,2.7781526311775284
3.0,60,30.0,8.0,520.0769999999993,0.36218825294629003,0.654275092936803,2,591.2009999999984,0.4099060290528362,0.7009569377990431,4,109,197.95799999999826,0.38810634371609903,0.5397489539748954,0,2347.102999999993,0.6353865196317394,0.6837121212121212,4,109,0.18835258976963115,0.19963300798698624,0.9684800000000056,0.28355719472214935,0.19275274176546087,1.5960570864160508
3.0,60,30.0,10.0,573.2619999999993,0.3862103549521792,0.6617100371747212,2,615.897999999999,0.41385252778506726,0.7057416267942583,4,109,195.95799999999826,0.39428839906404056,0.5397489539748954,0,1683.653999999995,0.614691628590498,0.6875,4,109,0.1991192292758382,0.1997268735004883,0.9499800000000043,0.28420975257865466,0.15227718950289315,0.9449502919180235
3.0,60,30.0,12.0,643.1109999999996,0.39062284678470843,0.6635687732342007,2,644.1519999999982,0.3923060327697607,0.7177033492822966,4,109,186.12199999999802,0.42469174726521786,0.538135593220339,0,2015.1309999999944,0.5973452769083424,0.696969696969697,4,109,0.19580703706015448,0.19953641040648848,0.947313333333337,0.5604456738686054,0.11769158284910786,0.9777689664547127
3.0,60,30.0,15.0,356.96799999999917,0.4032731525124401,0.6721991701244814,2,685.0869999999995,0.4062625229731783,0.7248803827751196,4,109,198.25699999999892,0.3844880953489762,0.5384615384615384,0,2102.093999999994,0.6277551679334274,0.7026515151515151,4,109,0.1912588337673854,0.19989455562191005,1.027810000000004,0.5995828011500042,0.16757767741073093,0.8501677574716375
3.0,120,10.0,6.0,655.0700000000006,0.3736418228976013,0.6410714285714286,2,535.7719999999986,0.43526182402785785,0.6926605504587156,4,127,193.6869999999983,0.40558912618499177,0.5390625,1,1338.4649999999956,0.6500901366111427,0.6776556776556777,4,127,0.16495638965448609,0.19470547146713,0.5905433333333356,0.30022654732239884,0.172536346346019,0.8399029506574249
3.0,120,10.0,8.0,644.0880000000006,0.35058877755950935,0.6517857142857143,2,493.9749999999997,0.3783687467415189,0.713302752293578,3,127,194.4279999999983,0.39964675658317633,0.5416666666666666,0,1574.3149999999955,0.5821872758982128,0.6941391941391941,4,127,0.1898767225378931,0.1999370198387517,0.8125000000000022,0.31840735632183503,0.45255717800926987,0.5118528015057906
3.0,120,10.0,10.0,670.8510000000003,0.37644276634911344,0.6589285714285714,2,613.5750000000003,0.33573625216459185,0.7224770642201835,3,127,192.4279999999983,0.40582234079344265,0.5416666666666666,0,1873.5799999999974,0.5194885511526163,0.7014652014652014,4,127,0.17012878749213192,0.19980269483884697,0.7808600000000032,0.5421257145424072,0.42200504191684973,0.5991908363065275
3.0,120,10.0,12.0,601.5930000000001,0.3705852942218587,0.6625,2,656.0679999999993,0.3316552567358195,0.7362385321100917,3,127,186.41499999999814,0.4243892347216088,0.540084388185654,0,2558.2419999999947,0.5059505251492978,0.7124542124542125,4,127,0.19756682345005372,0.19979638931597937,0.8622266666666694,0.8919555084594,0.5262820785732854,0.5857769634066079
3.0,120,10.0,15.0,191.18599999999924,0.41577462895000045,0.6264367816091954,1,757.590999999999,0.36359755146371514,0.7477064220183486,3,127,198.71199999999885,0.38394573345403776,0.5431472081218274,0,2087.958999999996,0.5417400635205887,0.7216117216117216,4,127,0.19399413555728287,0.19963080777487185,0.8164633333333358,0.6274830760874099,0.3609060537006721,0.7299336597183526
3.0,120,12.0,6.0,864.3590000000029,0.4084422190521117,0.6392857142857142,2,511.42799999999806,0.5411086158253956,0.6880733944954128,4,127,968.1530000000012,0.3911665325521409,0.6292974588938715,3,1389.166999999994,0.7239032865209243,0.673992673992674,4,127,0.16147110945453844,0.19887008645877094,0.6409766666666685,0.3414958165157673,0.12531325284785177,0.869252805896932
3.0,120,12.0,8.0,683.388000000001,0.39643842375580385,0.65,2,524.0649999999991,0.4285262107082862,0.7087155963302753,3,127,198.4279999999983,0.38729558816264376,0.5416666666666666,0,1743.9719999999945,0.618276430943166,0.6904761904761905,4,127,0.17575124871262296,0.1990921398423195,0.8179000000000027,0.3236848378165227,0.570820254384965,0.5379321535276029
3.0,120,12.0,10.0,676.4410000000009,0.39314494560747265,0.6571428571428571,2,617.8649999999993,0.4265754068432821,0.7155963302752294,3,127,196.4279999999983,0.39347117237291,0.5416666666666666,0,1873.4629999999963,0.6122463822255502,0.6959706959706959,4,127,0.18203013660603345,0.1998992174778551,0.8414933333333359,0.6485986011353051,0.43446772767947683,0.43399621726753956
3.0,120,12.0,12.0,628.826,0.4148476978260359,0.6607142857142857,2,814.152999999998,0.37222084179327364,0.731651376146789,3,127,188.41499999999814,0.41821365051134246,0.540084388185654,0,2650.7269999999935,0.5745894946974692,0.7087912087912088,4,127,0.1963214807874898,0.19991383713619493,0.8682600000000025,0.8349176952529724,0.6080096768767167,0.6028806447497101
3.0,120,12.0,15.0,193.18599999999924,0.40966303739988696,0.6264367816091954,1,901.523999999999,0.37609451816266437,0.7431192660550459,4,127,198.71199999999885,0.38394573345403776,0.5431472081218274,0,2627.854999999994,0.5986744766873013,0.717948717948718,4,127,0.19722974388896064,0.19882805066138773,0.9266600000000025,0.7715130502181604,0.4872633019217092,0.725610777125862
3.0,120,15.0,6.0,583.0610000000015,0.4383191086000304,0.6375,2,344.5369999999989,0.5331321865171117,0.676605504587156,3,127,1379.9760000000024,0.4116471857992515,0.6278026905829597,4,1255.808999999995,0.6703018919111594,0.6648351648351648,3,127,0.15509616931848955,0.19949129719216,0.6730433333333357,0.29642388222659144,-0.2072916218425952,1.4346395661960285
3.0,120,15.0,8.0,638.5760000000005,0.3904737406977057,0.6482142857142857,2,458.177999999999,0.408762398995704,0.6972477064220184,4,127,197.20999999999867,0.39105651894669474,0.540650406504065,0,1697.6379999999947,0.5750304508936883,0.6813186813186813,4,127,0.1792012998067627,0.19596699915734242,0.8594666666666695,0.3996468521439758,0.2354814870789288,0.7598705421101015
3.0,120,15.0,10.0,552.6210000000003,0.3839695725302055,0.6553571428571429,2,390.8089999999995,0.4248059904255654,0.7041284403669725,3,127,186.3139999999985,0.42470110172422615,0.5390625,0,1640.5659999999968,0.5737860168108971,0.6868131868131868,4,127,0.19194640856273001,0.19991917553332056,0.8437566666666696,0.6678140824801457,0.2764763206588967,0.3931839064646918
3.0,120,15.0,12.0,538.9169999999999,0.40675360756659157,0.6589285714285714,2,703.3269999999984,0.39857270885663487,0.7178899082568807,4,127,191.41499999999814,0.408950274195943,0.540084388185654,0,2196.628999999995,0.5114904832682454,0.6978021978021978,4,127,0.190913993927572,0.196761201314584,0.854926666666669,0.9379562174964586,0.22365753920050446,0.6645807268558082
3.0,120,15.0,15.0,196.18599999999924,0.40049565007471666,0.6264367816091954,1,790.5299999999991,0.35441756175183575,0.7293577981651376,4,127,198.71199999999885,0.38394573345403776,0.5431472081218274,0,2330.282999999996,0.5473992385615102,0.706959706959707,4,127,0.19151896564437113,0.19934179829973958,0.9953900000000029,0.7673637734979051,0.17326418229559448,0.8773180652598993
3.0,120,20.0,6.0,760.981,0.43389297917717057,0.6375,2,198.0649999999987,0.5544685857220337,0.6693766937669376,1,102,197.60199999999804,0.39357428486375895,0.5390625,1,1082.917999999996,0.7197423341382575,0.6593406593406593,3,127,0.140885748702092,0.18525551366722892,0.7701433333333367,0.04820890210396689,-0.33365310683309735,1.9195617360171457
3.0,120,20.0,8.0,578.8159999999998,0.36860083136192057,0.6482142857142857,2,544.1059999999984,0.41611344523722943,0.6903669724770642,3,127,198.2969999999982,0.38770008892841645,0.5416666666666666,0,1642.283999999995,0.5628209928763305,0.6758241758241759,4,127,0.1563958065071092,0.1995832037428506,0.8984300000000038,0.057503656530215386,0.26732627237542306,1.151602811011374
3.0,120,20.0,10.0,508.8419999999994,0.39395267634931946,0.6553571428571429,2,413.3250000000003,0.39900500082880613,0.6995412844036697,3,127,196.2969999999982,0.39387567313868277,0.5416666666666666,0,1525.896999999997,0.5892655028255396,0.6831501831501832,4,127,0.19870938256027204,0.19870938256027204,0.9315233333333368,0.33257342650101207,0.12267780757839142,0.7601825822444908
3.0,120,20.0,12.0,652.5399999999997,0.4264702377453051,0.6589285714285714,2,732.5589999999984,0.33450073170574507,0.713302752293578,4,127,186.46099999999797,0.4242471962847732,0.540084388185654,0,2281.608999999994,0.5237336856033552,0.6941391941391941,4,127,0.1841042828025896,0.19654849916112072,0.8929566666666695,0.7898455150408361,0.12512322540656795,0.995095351645541
3.0,120,20.0,15.0,195.91899999999941,0.40131154754665627,0.6246418338108882,1,790.2649999999994,0.3473786346990519,0.7224770642201835,4,127,198.71199999999885,0.38394573345403776,0.5431472081218274,0,2424.292999999994,0.5810039284045617,0.7014652014652014,4,127,0.19882226212869133,0.19995117858722922,1.091133333333337,0.7451350145056839,0.14751647115025146,0.9297194205491912
3.0,120,25.0,6.0,574.6470000000004,0.4145890210415537,0.6357142857142857,2,188.753999999999,0.5769393696922457,0.6675675675675675,1,102,197.60199999999804,0.39357428486375895,0.5390625,1,1125.0989999999958,0.7254283528053542,0.6575091575091575,3,127,0.14700531791737792,0.19038643687024112,0.7763300000000048,0.06723600532182772,-0.36859382939854135,2.1331164943372407
3.0,120,25.0,8.0,448.1890000000001,0.36738604592718327,0.6464285714285715,2,564.1939999999981,0.427651977644854,0.6857798165137615,3,127,198.2969999999982,0.38770008892841645,0.5416666666666666,0,1402.8249999999935,0.634103389206415,0.6721611721611722,4,127,0.1712267684514695,0.1997393401610892,0.9452766666666714,0.12548000884192434,0.06092163499088055,1.013166863990251
3.0,120,25.0,10.0,593.6370000000006,0.38101097315845595,0.6535714285714286,3,588.530999999999,0.44191124415470767,0.694954128440367,3,127,196.2969999999982,0.39387567313868277,0.5416666666666666,0,1673.1169999999954,0.6346692821507812,0.6794871794871795,4,127,0.19476820149419816,0.19998050190106542,0.9762600000000043,0.47094680524491817,0.008055342784931918,0.9031789852772774
3.0,120,25.0,12.0,540.1009999999997,0.4158652697801418,0.6571428571428571,2,540.2029999999977,0.3997588792158746,0.7064220183486238,3,127,186.46099999999797,0.4242471962847732,0.540084388185654,0,1826.3289999999934,0.5945515746774181,0.6886446886446886,4,127,0.19315996421711817,0.19950174439337764,0.9241966666666706,0.729161433602586,0.010173576951509666,0.811243155755716
3.0,120,25.0,15.0,345.2459999999994,0.39500633843318783,0.6639175257731958,2,725.1789999999976,0.43183705373848286,0.7155963302752294,3,127,198.71199999999885,0.38394573345403776,0.5431472081218274,0,1853.6469999999929,0.6271249078651592,0.6959706959706959,4,127,0.19165188351877796,0.1991954165134671,0.9958300000000038,0.6664679189443252,0.04515051172784412,0.7774870139147969
3.0,120,30.0,6.0,592.1260000000009,0.4339452179792002,0.6357142857142857,2,189.753999999999,0.5746980363678776,0.6675675675675675,2,102,197.60199999999804,0.39357428486375895,0.5390625,1,1142.6819999999955,0.7197848311748313,0.6556776556776557,3,127,0.1410029540118888,0.1989272846176982,0.7763300000000048,0.11015220520210489,-0.3734235521020207,2.082647660258684
3.0,120,30.0,8.0,612.7680000000005,0.3758504509546136,0.6464285714285715,2,600.0389999999979,0.42693919031464506,0.6834862385321101,3,127,198.2969999999982,0.38770008892841645,0.5416666666666666,0,1827.1449999999936,0.6244478960602716,0.6703296703296703,4,127,0.1621303933688683,0.19725203262055643,0.9019433333333382,0.18323013479195271,0.09037357194380835,1.4820449775519897
3.0,120,30.0,10.0,533.2069999999999,0.39358352275363073,0.6535714285714286,2,566.2389999999991,0.39799986143007643,0.6926605504587156,4,127,196.2969999999982,0.39387567313868277,0.5416666666666666,0,1909.2579999999944,0.6212026406949991,0.6776556776556777,4,127,0.19263034814082924,0.19760958274736787,1.0195933333333378,0.5344557815269682,0.10601886859425225,0.8567888603832938
3.0,120,30.0,12.0,555.0669999999996,0.3952978409093012,0.6571428571428571,2,774.0119999999988,0.42056744052811834,0.7041284403669725,4,127,186.46099999999797,0.4242471962847732,0.540084388185654,0,1824.3249999999948,0.6050724506724614,0.6868131868131868,4,127,0.19339437343244917,0.19962231458081342,0.9641966666666706,0.7093671882822241,0.02166769255206824,0.7727641545644983
3.0,120,30.0,15.0,365.7209999999993,0.3960665676364385,0.6666666666666666,2,736.9429999999982,0.4320013902494284,0.7110091743119266,3,127,198.71199999999885,0.38394573345403776,0.5431472081218274,0,2168.5309999999963,0.6202728634926276,0.6923076923076923,4,127,0.17969707565471582,0.19990064937725976,1.0524966666666704,0.7143381475243904,0.12669453070380254,0.8233046704015159
3.0,240,10.0,6.0,642.869000000002,0.41995789802229294,0.6385964912280702,2,446.8359999999984,0.4235717689416013,0.6846846846846847,4,135,1077.4980000000016,0.42618246954682554,0.6288659793814433,3,1200.7789999999954,0.6334067964950183,0.6714801444043321,4,135,0.17296574269327955,0.1981551753177914,0.5867000000000016,0.274624482678931,0.14346484620937194,0.730780262879106
3.0,240,10.0,8.0,670.6860000000013,0.37053183262478495,0.6491228070175439,2,489.5629999999992,0.3382366017333759,0.7072072072072072,3,135,198.3299999999981,0.394149524373931,0.5409836065573771,1,1497.3689999999958,0.5655340301446528,0.6895306859205776,4,135,0.16090606203532157,0.19910915246700456,0.821780000000002,0.25872864268279416,0.4338050812718548,0.5180616990193347
3.0,240,10.0,10.0,708.584000000001,0.3887120449934862,0.656140350877193,2,579.277,0.32609209642792875,0.7184684684684685,4,135,196.3299999999981,0.4002590436158619,0.5409836065573771,1,2005.2899999999972,0.5139127864230014,0.6985559566787004,4,135,0.16788523365427435,0.19906855821610678,0.7734766666666693,0.5292053461844197,0.45438254283723056,0.6946733260654634
3.0,240,10.0,12.0,553.2390000000003,0.36901291649389867,0.6596491228070176,2,687.782999999999,0.35247200764959563,0.7319819819819819,3,135,189.9169999999981,0.41984921706511324,0.5375,1,2515.1139999999946,0.5428237833362278,0.7093862815884476,4,135,0.19998371561172953,0.19998371561172953,0.8524333333333356,0.8459449732783837,0.5948908560438337,0.5372486269294212
3.0,240,10.0,15.0,191.18599999999924,0.41577462895000045,0.6264367816091954,1,862.389999999999,0.34289940496868,0.7454954954954955,4,135,198.6409999999987,0.38403026497356674,0.5404040404040404,0,2403.432999999993,0.5804159332782747,0.720216606498195,4,135,0.19994588964361604,0.19994588964361604,0.9179366666666684,0.7686454714354432,0.4410064413425079,0.638965435175016
3.0,240,12.0,6.0,837.175000000004,0.4085728377093431,0.6368421052631579,2,468.0449999999978,0.5295660683008678,0.6801801801801802,4,135,1619.3150000000064,0.4299353150197976,0.6273932253313697,4,1278.174999999994,0.7087052329334291,0.6678700361010831,4,135,0.17412123190771725,0.19960909884809114,0.5926000000000013,0.26295993972120413,0.13217725055806673,0.8709335089837966
3.0,240,12.0,8.0,677.3650000000023,0.3938628880403114,0.6473684210526316,2,500.9329999999984,0.43686313546033784,0.7027027027027027,3,135,196.2889999999984,0.40038428876032056,0.54,1,1628.8209999999947,0.6121166135698783,0.6859205776173285,4,135,0.19572899754458076,0.19572899754458076,0.803163333333335,0.28246285694214723,0.45560413234219,0.6129799241647809
3.0,240,12.0,10.0,706.4050000000013,0.384373674882847,0.6543859649122807,2,619.1759999999992,0.4014918592242759,0.7117117117117117,3,135,199.41499999999814,0.3908351101851834,0.5378486055776892,1,2040.5639999999958,0.6109936630851633,0.6931407942238267,4,135,0.18160300976721577,0.19828221507671911,0.811026666666669,0.6709969299181988,0.442463975961209,0.5582010501204997
3.0,240,12.0,12.0,640.1350000000004,0.3856877558362268,0.6578947368421053,2,836.0149999999978,0.3430908510849733,0.7274774774774775,3,135,191.9169999999981,0.4137396978231824,0.5375,1,2713.308999999993,0.5536596324979349,0.7057761732851986,4,135,0.17804395348824337,0.19873739647800112,0.8620500000000022,0.8520501597701375,0.5632472213442501,0.6776688932047026
3.0,240,12.0,15.0,193.18599999999924,0.40966303739988696,0.6264367816091954,1,970.8479999999984,0.361139326927881,0.740990990990991,4,135,198.6409999999987,0.38403026497356674,0.5404040404040404,0,2893.5729999999926,0.59376784960071,0.7166064981949458,4,135,0.18712385181974156,0.19897358057222,0.9408866666666684,0.7558967894398716,0.5342082689830456,0.8447168222326957
3.0,240,15.0,6.0,694.5630000000026,0.4376705084745751,0.6350877192982456,2,194.4439999999986,0.5418799874658105,0.6631853785900783,2,111,1410.7710000000047,0.4403751584026156,0.625920471281296,3,1019.568999999995,0.6844538549007497,0.6588447653429603,3,135,0.1637435039881794,0.19714630720323395,0.5933666666666675,0.3020543503273898,-0.21501779416608713,1.086847507721541
3.0,240,15.0,8.0,628.0720000000013,0.39637108827734785,0.6456140350877193,2,496.9009999999987,0.39367108660190275,0.6914414414414415,4,135,199.44499999999834,0.39074346739655386,0.5378486055776892,1,1704.1949999999947,0.5739140161504765,0.6768953068592057,4,135,0.18989835690446785,0.19974507534758817,0.8204966666666687,0.43612091205878944,0.3274859243997461,0.6367683286992383
3.0,240,15.0,10.0,543.3550000000005,0.3756316009239865,0.6526315789473685,2,658.2049999999997,0.39394300879064836,0.7004504504504504,3,135,190.2159999999983,0.41893584393844396,0.5384615384615384,1,1563.645999999997,0.5251859158141998,0.6841155234657039,4,135,0.1752730608226741,0.19806654045426578,0.6224600000000025,0.5808792409879562,0.24454627446801425,0.6328016824588647
3.0,240,15.0,12.0,637.7370000000008,0.43731164892478097,0.656140350877193,2,716.613999999998,0.3338590227604434,0.713963963963964,4,135,194.9169999999981,0.4045754189602861,0.5375,1,2147.2099999999946,0.5210024806351551,0.6949458483754513,4,135,0.19347572225178175,0.19750296995091124,0.9042500000000018,0.7819981620060295,0.2772062384394671,0.6514332300166923
3.0,240,15.0,15.0,196.18599999999924,0.40049565007471666,0.6264367816091954,1,820.5929999999987,0.384079720474018,0.7274774774774775,4,135,198.6409999999987,0.38403026497356674,0.5404040404040404,0,2455.5619999999944,0.5590038420005257,0.7057761732851986,4,135,0.19531767722637816,0.1999516783443998,0.9431500000000022,0.7685030320184503,0.262500242497137,0.8866269912612732
3.0,240,20.0,6.0,765.5410000000013,0.4585238298464319,0.6350877192982456,2,192.87199999999848,0.5630111970564151,0.6622340425531915,1,109,1355.7700000000025,0.4254763213884442,0.625920471281296,3,189.01699999999573,0.726554125117005,0.636734693877551,2,115,0.19661816751867855,0.19898814528124908,0.5985666666666687,0.12449903038137689,-0.35095016281088476,-0.4599776582280345
3.0,240,20.0,8.0,625.9730000000009,0.41142551072501665,0.6456140350877193,2,512.0309999999981,0.3884048748943781,0.6846846846846847,4,135,196.1579999999983,0.40078446227066733,0.54,1,1534.7359999999953,0.5754201905577592,0.6714801444043321,4,135,0.15409586817612222,0.19763382898250728,0.8409633333333355,0.08116946019203253,0.3041576371839365,0.97080396950957
3.0,240,20.0,10.0,521.1059999999995,0.39887396408645126,0.6526315789473685,2,551.0339999999992,0.3759643755769954,0.6959459459459459,4,135,199.28399999999806,0.3912352836955301,0.5378486055776892,1,1361.2269999999971,0.6208709093522226,0.6805054151624549,4,135,0.1972320940994328,0.1979641858042364,0.8937566666666696,0.37961934567446454,0.02478696706681105,0.694697762898909
3.0,240,20.0,12.0,712.4180000000006,0.41981785757279744,0.656140350877193,2,758.0909999999983,0.3290383681398739,0.7094594594594594,4,135,189.96299999999792,0.4197086981225494,0.5375,1,2376.6619999999944,0.5102603819059685,0.6913357400722022,4,135,0.19726103059025524,0.19973415384123788,0.8758500000000027,0.685060106085233,0.13538885303434678,1.2074355740241662
3.0,240,20.0,15.0,195.91899999999941,0.40131154754665627,0.6246418338108882,1,677.6749999999988,0.3698617823781181,0.7207207207207207,4,135,198.6409999999987,0.38403026497356674,0.5404040404040404,0,2514.8669999999947,0.5281401929035647,0.7003610108303249,4,135,0.17374930364536995,0.19887773295294683,1.032980000000003,0.435546176876632,0.22653224157682317,1.3418793947481453
3.0,240,25.0,6.0,563.3030000000008,0.4203551644631697,0.6333333333333333,2,194.83399999999847,0.5579790371613998,0.6622340425531915,1,109,1356.6490000000024,0.424925785043815,0.6244477172312224,3,199.00599999999713,0.6329643414398488,0.6459227467811158,1,109,0.19608804353154555,0.19608804353154555,0.6172466666666696,-0.17527320095471344,-0.4026880860507478,-0.16735981523476595
3.0,240,25.0,8.0,594.2660000000008,0.3804609095970782,0.643859649122807,2,527.085999999998,0.4250471111330096,0.6801801801801802,3,135,196.1579999999983,0.40078446227066733,0.54,1,1693.7919999999935,0.6257882456804179,0.6678700361010831,4,135,0.1669467662411394,0.19970177867717648,0.8877166666666707,0.06500445864933302,0.18514146250878016,1.3696292068182196
3.0,240,25.0,10.0,527.0850000000007,0.4048856195773162,0.6508771929824562,2,539.1929999999986,0.42489436672414777,0.6914414414414415,4,135,199.28399999999806,0.3912352836955301,0.5378486055776892,1,1714.4409999999953,0.6062948348902668,0.6768953068592057,4,135,0.19098525713180842,0.19795806258444215,0.9397633333333366,0.3450644322589118,0.06008314467786846,1.066186528409995
3.0,240,25.0,12.0,660.0730000000008,0.44232184923439405,0.6543859649122807,2,498.90899999999783,0.424902474151718,0.7027027027027027,2,135,189.96299999999792,0.4197086981225494,0.5375,1,1756.4079999999938,0.6040392399068844,0.6859205776173285,4,135,0.1800620854070494,0.1994568126136489,0.9284200000000034,0.5739655607526635,0.05726899338882552,0.8244073092296118
3.0,240,25.0,15.0,338.0039999999997,0.39500633843318783,0.6611909650924025,2,687.3759999999977,0.4196657313651349,0.713963963963964,3,135,198.6409999999987,0.38403026497356674,0.5404040404040404,0,1739.4529999999927,0.6341980250828817,0.6949458483754513,4,135,0.19798476259771025,0.19986026436516516,0.8733933333333364,0.5749584532879659,0.1310369370336224,0.7374670751331274
3.0,240,30.0,6.0,604.1350000000018,0.4507477583348085,0.6333333333333333,2,192.37099999999873,0.5635668587504006,0.6604774535809018,2,109,1405.5860000000043,0.4234087869891984,0.6244477172312224,3,1112.4489999999955,0.7082888656876842,0.6498194945848376,3,135,0.19608804353154555,0.1984126984126985,0.6172466666666696,0.11014192846277182,-0.3567744498822957,2.211003639785394
3.0,240,30.0,8.0,629.8500000000017,0.40123950452934043,0.643859649122807,2,570.5869999999979,0.4108438080505061,0.6779279279279279,3,135,196.1579999999983,0.40078446227066733,0.54,1,1734.3219999999937,0.6050812084878037,0.6660649819494585,4,135,0.1649888220073104,0.19830547967616766,0.8178100000000033,0.22933273187699643,0.0789280557511185,1.3977177522597248
3.0,240,30.0,10.0,538.0860000000007,0.37631750468283043,0.6508771929824562,2,596.867999999999,0.4069586828207529,0.6891891891891891,4,135,199.28399999999806,0.3912352836955301,0.5378486055776892,1,1296.7629999999958,0.6242204095634528,0.6750902527075813,4,135,0.1967407436554195,0.19920591541965865,0.8964300000000034,0.3605230178106522,0.04032344539888433,0.6103795949844371
3.0,240,30.0,12.0,663.0400000000009,0.4437052980081514,0.6543859649122807,2,509.8349999999991,0.42739667563427436,0.7004504504504504,2,135,189.96299999999792,0.4197086981225494,0.5375,1,2015.9279999999944,0.6065175145186256,0.6841155234657039,4,135,0.1920196628134734,0.19997460322539062,0.9141633333333365,0.7570548664429455,0.025789232170480014,0.9477414667326325
3.0,240,30.0,15.0,345.1119999999996,0.3960665676364385,0.6646216768916156,2,820.9299999999992,0.4312399322621954,0.7094594594594594,4,135,198.6409999999987,0.38403026497356674,0.5404040404040404,0,2172.0539999999955,0.6285067130049905,0.6913357400722022,4,135,0.1818741218890061,0.19802940934758234,1.02898666666667,0.6966827447527104,0.14000294355728427,0.8448605941798386
3.0,9999,10.0,6.0,602.5140000000015,0.4270465634812005,0.6314878892733564,2,453.9249999999979,0.4201329181577374,0.6851441241685144,4,142,949.4430000000009,0.4485265913669778,0.6229985443959243,3,1135.2379999999944,0.6503487040489293,0.6720142602495544,4,142,0.1748664457520583,0.19869424763595323,0.5563866666666695,0.21820198922289635,0.20647048688637404,0.6542919511889516
3.0,9999,10.0,8.0,523.7840000000006,0.35469859612813903,0.6418685121107266,2,518.9199999999987,0.34772429938717975,0.7095343680709535,3,142,198.3299999999981,0.394149524373931,0.5409836065573771,1,1981.6199999999942,0.5500067995346121,0.6916221033868093,4,142,0.1774583527428418,0.19991903279172007,0.9092666666666696,0.20031600265372052,0.7041324069077501,0.6913504378552808
3.0,9999,10.0,10.0,640.1660000000006,0.3759246586502438,0.6487889273356401,2,719.0039999999992,0.30428970460491783,0.720620842572062,3,142,196.3299999999981,0.4002590436158619,0.5409836065573771,1,2034.9409999999957,0.5253830413319007,0.7005347593582888,4,142,0.19984328955377562,0.19984328955377562,0.8276866666666698,0.5116358383822119,0.4392915873891041,0.7058186448449697
3.0,9999,10.0,12.0,555.6830000000002,0.3600113024440525,0.6522491349480969,2,828.6539999999984,0.30644398403826606,0.7339246119733924,4,142,189.9169999999981,0.41984921706511324,0.5375,1,2519.505999999993,0.5194787204200179,0.7112299465240641,4,142,0.19341120551995658,0.19908652466267387,0.9272766666666696,0.7826656958091049,0.46550474577158885,0.6679880781671865
3.0,9999,10.0,15.0,191.18599999999924,0.41577462895000045,0.6264367816091954,1,922.6969999999985,0.33126402287465306,0.7472283813747228,4,142,198.6409999999987,0.38403026497356674,0.5404040404040404,0,2917.337999999993,0.5458984683275498,0.7219251336898396,4,142,0.18720697720404117,0.19971654516054752,0.9727800000000024,0.7516026453363558,0.5157728006729276,0.8565948255563132
3.0,9999,12.0,6.0,633.6440000000023,0.44185143518559483,0.629757785467128,2,454.1879999999974,0.5265016961352132,0.6807095343680709,4,142,1405.6540000000052,0.4457567733747341,0.6215429403202329,3,1309.8529999999926,0.7148370668694662,0.6684491978609626,4,142,0.1639673540998004,0.19858360245548992,0.6689533333333362,0.2556192903336556,0.16412718258038805,0.7897760889140386
3.0,9999,12.0,8.0,628.8930000000018,0.39108646190948615,0.6401384083044983,2,607.9109999999982,0.47546764565637195,0.70509977827051,3,142,196.2889999999984,0.40038428876032056,0.54,1,2430.3269999999925,0.6086001153331023,0.6880570409982175,4,142,0.17591090698930778,0.19964895059520416,0.8985066666666695,0.22912921032670863,0.9317494532556754,0.7971444776300451
3.0,9999,12.0,10.0,579.104000000001,0.38560225545441995,0.6470588235294118,2,768.4099999999987,0.4333576507224448,0.7139689578713969,3,142,199.41499999999814,0.3908351101851834,0.5378486055776892,1,2392.4979999999946,0.6361386329805624,0.6951871657754011,4,142,0.19674171133318397,0.19962619994061256,0.8506366666666698,0.6493278889607299,0.7587769686750543,0.4855640925974467
3.0,9999,12.0,12.0,599.8450000000003,0.3827108799891952,0.6505190311418685,2,872.5109999999972,0.3748129595485076,0.729490022172949,3,142,191.9169999999981,0.4137396978231824,0.5375,1,3127.7449999999913,0.5603971531245423,0.7076648841354723,4,142,0.19488496566892644,0.19960856759893916,0.9502266666666697,0.7604124648758692,0.6969040575322727,0.7895888702299287
3.0,9999,12.0,15.0,193.18599999999924,0.40966303739988696,0.6264367816091954,1,854.1109999999981,0.4110734687513298,0.7427937915742794,4,142,198.6409999999987,0.38403026497356674,0.5404040404040404,0,3237.3429999999917,0.597117229376058,0.7183600713012478,4,142,0.1956157085934533,0.19987141605567055,0.9777933333333362,0.7230937509480198,0.6474773982591504,0.9220212272678472
3.0,9999,15.0,6.0,515.3740000000014,0.48590372881355876,0.6280276816608996,2,350.57299999999805,0.5744412079717356,0.6696230598669624,3,142,1225.4980000000035,0.4556275666943332,0.6200873362445415,3,1214.5919999999944,0.6459444327162291,0.6595365418894831,3,142,0.19844912012621344,0.19949096555289791,0.5691533333333383,0.3069489703576773,-0.11158066513773135,1.222118142965881
3.0,9999,15.0,8.0,536.8700000000006,0.3929659189435545,0.6384083044982699,2,504.44099999999844,0.41799944811010475,0.6917960088691796,3,142,199.44499999999834,0.39074346739655386,0.5378486055776892,1,1637.8309999999933,0.6148964912010397,0.6773618538324421,4,142,0.19295225798360172,0.19731235902956928,0.9355400000000047,0.3511337060114068,0.5752059774240552,0.32528719541749807
3.0,9999,15.0,10.0,496.3910000000003,0.3820997906766448,0.6453287197231834,2,382.94299999999953,0.41304641243172163,0.7006651884700665,3,142,190.2159999999983,0.41893584393844396,0.5384615384615384,1,1794.579999999996,0.5810715199686901,0.6844919786096256,4,142,0.19053970371076132,0.19990338003298472,0.8374366666666713,0.6218808448726492,0.3954549674451999,0.43844883694833325
3.0,9999,15.0,12.0,537.1760000000002,0.4331082511897618,0.6487889273356401,2,695.8779999999979,0.34203033927050913,0.7139689578713969,3,142,194.9169999999981,0.4045754189602861,0.5375,1,2321.1179999999936,0.5138856718295743,0.6951871657754011,4,142,0.17720195580330148,0.19664542568326973,0.9936266666666704,0.7437066117360553,0.34828984840203603,0.6507277483113112
3.0,9999,15.0,15.0,196.18599999999924,0.40049565007471666,0.6264367816091954,1,750.1739999999984,0.3700916896033653,0.7272727272727273,4,142,198.6409999999987,0.38403026497356674,0.5404040404040404,0,2746.6959999999926,0.5455706335290104,0.7058823529411765,4,142,0.1757716374885756,0.1991499143655378,0.9934566666666707,0.7293495218523187,0.3865356816522647,0.9154407047258852
3.0,9999,20.0,6.0,618.9740000000004,0.4752953825767312,0.6280276816608996,2,195.8859999999977,0.5667025008737412,0.6649214659685864,1,115,1161.6810000000012,0.46988118859219297,0.6200873362445415,3,191.68199999999342,0.7466966377659716,0.6391129032258065,2,121,0.19427566745833966,0.1963845602458798,0.8018533333333395,0.055152472639276695,-0.3816599429492238,-0.45650189122212925
3.0,9999,20.0,8.0,527.9209999999996,0.39913033859856983,0.6384083044982699,2,492.3699999999983,0.440184298165242,0.6851441241685144,3,142,196.1579999999983,0.40078446227066733,0.54,1,1467.8299999999936,0.571052302941548,0.6720142602495544,4,142,0.15648840029732927,0.19841761948460954,0.9586166666666729,0.04852574521132613,0.2511483562679877,0.9042201263573106
3.0,9999,20.0,10.0,469.4449999999997,0.3784493465949923,0.6453287197231834,2,432.90899999999874,0.4178391880975376,0.6962305986696231,3,142,199.28399999999806,0.3912352836955301,0.5378486055776892,1,1666.0629999999944,0.578930168609293,0.6809269162210339,4,142,0.1907599079901394,0.1997804911853109,0.9841300000000055,0.3158159999596737,0.1389613457180201,0.867651724149533
3.0,9999,20.0,12.0,611.874,0.4335487316262581,0.6487889273356401,2,694.3149999999971,0.35734382842731854,0.7095343680709535,4,142,189.96299999999792,0.4197086981225494,0.5375,1,1768.2909999999936,0.5567770565321015,0.6916221033868093,4,142,0.19776701266005658,0.19981574134137825,0.9810900000000045,0.5014226175152656,0.012276765702601278,0.957609452546307
3.0,9999,20.0,15.0,195.91899999999941,0.40131154754665627,0.6246418338108882,1,661.0179999999984,0.36907875617553115,0.720620842572062,4,142,198.6409999999987,0.38403026497356674,0.5404040404040404,0,2426.1799999999926,0.5286733715746418,0.7005347593582888,4,142,0.17400004350001216,0.19967134097275943,1.0389600000000043,0.4315222793319411,0.22485710533377734,1.2620881272493407
3.0,9999,25.0,6.0,487.7110000000007,0.4508336597101772,0.6262975778546713,2,180.11099999999783,0.603005162160619,0.6631853785900783,1,115,1140.9550000000015,0.4496526561467572,0.61863173216885,3,193.41899999999305,0.7502240531012389,0.6391129032258065,2,121,0.19375808334503924,0.1995818759698501,0.7977000000000074,0.09030056924588159,-0.40576010612065483,-0.4464554016810852
3.0,9999,25.0,8.0,520.0010000000004,0.35874606890015415,0.6366782006920415,2,638.844999999995,0.49842403572651994,0.6807095343680709,4,142,196.1579999999983,0.40078446227066733,0.54,1,1287.016999999991,0.6532158841495225,0.6684491978609626,4,142,0.16643158205701322,0.199692805900256,1.0820366666666748,0.08374492283996937,0.05923603858067561,0.7949602310684505
3.0,9999,25.0,10.0,486.84500000000025,0.3759032752526049,0.643598615916955,2,573.8249999999978,0.4005408117277935,0.6917960088691796,4,142,199.28399999999806,0.3912352836955301,0.5378486055776892,1,1525.9069999999933,0.6133166937125446,0.6773618538324421,4,142,0.19969371975732395,0.19969371975732395,0.9680733333333387,0.3080711762095525,0.03225760506736197,0.9140182156399703
3.0,9999,25.0,12.0,539.565,0.43315721756189574,0.6470588235294118,2,667.5129999999967,0.3874495055997489,0.7028824833702882,4,142,189.96299999999792,0.4197086981225494,0.5375,1,1843.200999999991,0.6162002694527386,0.6862745098039216,3,142,0.1919567713350975,0.1994942819951454,0.9900633333333386,0.7023629063731547,-0.0027766216720206405,0.818611553189335
3.0,9999,25.0,15.0,321.61699999999973,0.39500633843318783,0.6584867075664622,2,695.188999999996,0.42995745606928354,0.7139689578713969,4,142,198.6409999999987,0.38403026497356674,0.5404040404040404,0,1872.4849999999897,0.625582235853235,0.6951871657754011,4,142,0.18951844547495306,0.19993951829571618,1.0338966666666716,0.6349339281412127,0.05479126611639784,0.7795142766180938
3.0,9999,30.0,6.0,491.1940000000013,0.48175130138780475,0.6262975778546713,2,188.47999999999797,0.5845584831800021,0.6631853785900783,1,115,1274.1830000000027,0.44703043123936226,0.61863173216885,3,199.9449999999929,0.7565159044938906,0.6391129032258065,2,121,0.19375808334503924,0.199704686694551,0.7977000000000074,0.14028295414510472,-0.42932617412996255,-0.4302668509310663
3.0,9999,30.0,8.0,537.8440000000007,0.3916618475253344,0.6366782006920415,2,744.0139999999949,0.48572953756547305,0.6784922394678492,4,142,196.1579999999983,0.40078446227066733,0.54,1,1340.080999999992,0.6180968681341173,0.6666666666666666,4,142,0.17289048396368925,0.19936932835796034,1.1900766666666756,0.01731598437192683,0.03243716337521363,0.9419184124762277
3.0,9999,30.0,10.0,486.88400000000047,0.37543528492856515,0.643598615916955,2,410.2939999999983,0.3924463589488085,0.6895787139689579,3,142,199.28399999999806,0.3912352836955301,0.5378486055776892,1,1683.8079999999934,0.5865189346488165,0.6755793226381461,4,142,0.19274136036852307,0.19887173436039646,0.8545433333333388,0.390665806317092,0.06257213573472753,1.0481092968491614
3.0,9999,30.0,12.0,538.374,0.4330559473962523,0.6470588235294118,2,628.8449999999978,0.39017430254971597,0.7006651884700665,3,142,189.96299999999792,0.4197086981225494,0.5375,1,1911.2009999999925,0.5942605831531155,0.6844919786096256,4,142,0.1921873442231505,0.19982648400305994,1.0291400000000053,0.659399220030809,0.023892585824220935,0.8478546932603517
3.0,9999,30.0,15.0,348.7249999999997,0.3960665676364385,0.6619144602851323,2,683.8829999999973,0.4337209314984395,0.7095343680709535,3,142,198.6409999999987,0.38403026497356674,0.5404040404040404,0,2177.6429999999928,0.6260791063111787,0.6916221033868093,4,142,0.19948376451511673,0.19981134478863014,1.0905633333333382,0.7685663672789866,0.12999846735004184,0.7374122674394104
