variant,filter,tp,sl,h,train_score,train_n,train_ev,train_pf,train_wr,train_pos_years
0959,HIGH_VOL & BIG_GAP,20.0,30.0,480,4.781913441099855,192,1.7853645833333391,1.5663741086121805,0.5260416666666666,4
0959,HIGH_VOL & BIG_GAP,25.0,30.0,480,4.727561451106486,192,1.7679843750000046,1.5608605568736849,0.5260416666666666,4
0959,HIGH_VOL & BIG_GAP,20.0,25.0,480,4.668006045493978,192,1.7521354166666718,1.5500346622717547,0.5260416666666666,4
0959,HIGH_VOL & BIG_GAP,25.0,25.0,480,4.614221021858841,192,1.7347552083333373,1.5445786244964181,0.5260416666666666,4
0959,gap_ratio_range>=0.35,25.0,30.0,480,4.437656914132254,223,1.6754349775784776,1.529287600439726,0.5291479820627802,4
0959,BIG_GAP,25.0,30.0,480,4.437656914132254,223,1.6754349775784776,1.529287600439726,0.5291479820627802,4
0959,BIG_GAP,20.0,30.0,480,4.414865466843511,223,1.6679775784753397,1.5269317293199012,0.5291479820627802,4
0959,gap_ratio_range>=0.35,20.0,30.0,480,4.414865466843511,223,1.6679775784753397,1.5269317293199012,0.5291479820627802,4
0959,HIGH_VOL & BIG_GAP,30.0,30.0,480,4.301409258921109,192,1.642833333333338,1.4965461655195886,0.5208333333333334,4
0959,BIG_GAP,25.0,25.0,480,4.2924430117693975,223,1.6315201793721992,1.5083618722657475,0.5291479820627802,4
0959,gap_ratio_range>=0.35,25.0,25.0,480,4.2924430117693975,223,1.6315201793721992,1.5083618722657475,0.5291479820627802,4
0959,HIGH_VOL & BIG_GAP,30.0,25.0,480,4.278159166200674,192,1.6356458333333375,1.4933020847732403,0.5208333333333334,4
0959,gap_ratio_range>=0.35,20.0,25.0,480,4.26996342709598,223,1.624062780269061,1.5060382372790426,0.5291479820627802,4
0959,BIG_GAP,20.0,25.0,480,4.26996342709598,223,1.624062780269061,1.5060382372790426,0.5291479820627802,4
0959,BIG_GAP,30.0,30.0,480,4.107062264799709,223,1.5768116591928278,1.477824312131063,0.5246636771300448,4
0959,gap_ratio_range>=0.35,30.0,30.0,480,4.107062264799709,223,1.5768116591928278,1.477824312131063,0.5246636771300448,4
0959,gap_ratio_range>=0.35,30.0,25.0,480,4.038932193002926,223,1.5553183856502264,1.4682613080523683,0.5246636771300448,4
0959,BIG_GAP,30.0,25.0,480,4.038932193002926,223,1.5553183856502264,1.4682613080523683,0.5246636771300448,4
0959,HIGH_VOL & BIG_GAP,20.0,20.0,480,3.7489615308571493,192,1.4620729166666695,1.427349204271088,0.5208333333333334,4
0959,BIG_GAP & BIG_PREV_MOVE,20.0,30.0,480,3.7024771890173658,139,1.4416978417266169,1.429411411771764,0.4892086330935252,4
0959,HIGH_VOL & BIG_GAP,25.0,20.0,480,3.6994345702897102,192,1.444692708333335,1.4222691442298625,0.5208333333333334,4
0959,BIG_GAP & BIG_PREV_MOVE,25.0,30.0,480,3.5911505345381185,139,1.4025971223021552,1.417765216124248,0.4892086330935252,4
0959,gap_ratio_range>=0.35,12.0,30.0,480,3.5800515324102054,223,1.3659910313901384,1.4744317164150065,0.5560538116591929,4
0959,BIG_GAP,12.0,30.0,480,3.5800515324102054,223,1.3659910313901384,1.4744317164150065,0.5560538116591929,4
0959,BIG_GAP & BIG_PREV_MOVE,20.0,25.0,480,3.5640605381351333,139,1.3957985611510764,1.4101332611783797,0.4892086330935252,4
0959,BIG_GAP,25.0,20.0,480,3.5580703942526593,223,1.3935156950672651,1.409782972764124,0.5246636771300448,4
0959,gap_ratio_range>=0.35,25.0,20.0,480,3.5580703942526593,223,1.3935156950672651,1.409782972764124,0.5246636771300448,4
0959,gap_ratio_range>=0.35,20.0,20.0,480,3.537060119428985,223,1.3860582959641272,1.4075900192262558,0.5246636771300448,4
0959,BIG_GAP,20.0,20.0,480,3.537060119428985,223,1.3860582959641272,1.4075900192262558,0.5246636771300448,4
0959,HIGH_VOL & BIG_GAP,20.0,15.0,480,3.528016785347971,192,1.3814114583333346,1.4091423053368943,0.5104166666666666,4
0959,HIGH_VOL & BIG_GAP,30.0,20.0,480,3.476903113836686,192,1.3716250000000016,1.3890663365254219,0.515625,4
0959,BIG_GAP & BIG_PREV_MOVE,25.0,25.0,480,3.454235321235323,139,1.3566978417266147,1.3986441351552448,0.4892086330935252,4
0959,BIG_GAP,12.0,25.0,480,3.4200125655927796,223,1.3149596412556088,1.448753911958927,0.5560538116591929,4
0959,gap_ratio_range>=0.35,12.0,25.0,480,3.4200125655927796,223,1.3149596412556088,1.448753911958927,0.5560538116591929,4
0959,HIGH_VOL & BIG_GAP,25.0,15.0,480,3.4062000129320347,192,1.3379895833333333,1.3962817445442501,0.5104166666666666,4
0959,BIG_GAP,30.0,20.0,480,3.393721339094076,223,1.3397354260089696,1.3838448077827374,0.5201793721973094,4
0959,gap_ratio_range>=0.35,30.0,20.0,480,3.393721339094076,223,1.3397354260089696,1.3838448077827374,0.5201793721973094,4
0959,gap_ratio_range>=0.35,20.0,15.0,480,3.377288980094763,223,1.3262825112107621,1.3956351329659158,0.515695067264574,4
0959,BIG_GAP,20.0,15.0,480,3.377288980094763,223,1.3262825112107621,1.3956351329659158,0.515695067264574,4
0959,gap_ratio_range_Q4,25.0,30.0,480,3.3535211028061385,257,1.3228793774319094,1.3838311766020823,0.5136186770428015,4
0959,BIG_GAP,10.0,30.0,480,3.3359044894760745,223,1.2778430493273587,1.4540607636648155,0.5695067264573991,4
0959,gap_ratio_range>=0.35,10.0,30.0,480,3.3359044894760745,223,1.2778430493273587,1.4540607636648155,0.5695067264573991,4
0959,gap_ratio_range>=0.35,25.0,15.0,480,3.3355868590597977,223,1.311318385650223,1.391171277221895,0.515695067264574,4
0959,BIG_GAP,25.0,15.0,480,3.3355868590597977,223,1.311318385650223,1.391171277221895,0.515695067264574,4
0959,gap_ratio_range_Q4,20.0,30.0,480,3.3344305190568284,257,1.3159766536965012,1.3818283631798456,0.5136186770428015,4
0959,BIG_GAP & BIG_PREV_MOVE,20.0,20.0,480,3.322612623997368,139,1.3137194244604264,1.3769250616659596,0.4892086330935252,4
0959,gap_ratio_range>=0.35,15.0,30.0,480,3.315370539552078,223,1.2924439461883446,1.4104492490679228,0.5381165919282511,4
0959,BIG_GAP,15.0,30.0,480,3.315370539552078,223,1.2924439461883446,1.4104492490679228,0.5381165919282511,4
0959,HIGH_VOL & BIG_GAP,25.0,30.0,1440,3.313395268347161,192,1.3496822916666744,1.3067615894274942,0.5052083333333334,4
0959,HIGH_VOL & BIG_GAP,15.0,30.0,480,3.2925582655621435,192,1.284296875000005,1.4079777236568698,0.53125,4
0959,HIGH_VOL & BIG_GAP,20.0,30.0,1440,3.2606228464283777,192,1.3293437500000067,1.3023562163122686,0.5104166666666666,4
0959,BIG_GAP & BIG_PREV_MOVE,25.0,20.0,480,3.2153737567814566,139,1.274618705035965,1.3657065009856213,0.4892086330935252,4
0959,HIGH_VOL & BIG_GAP,15.0,25.0,480,3.1941436402732477,192,1.2510677083333377,1.3932706601963385,0.53125,4
0959,HIGH_VOL & BIG_GAP,30.0,15.0,480,3.19301775114265,192,1.264921875,1.3661680695834675,0.5052083333333334,4
0959,gap_ratio_range>=0.35,15.0,25.0,480,3.185294713819323,223,1.248529147982066,1.3910492747760856,0.5381165919282511,4
0959,BIG_GAP,15.0,25.0,480,3.185294713819323,223,1.248529147982066,1.3910492747760856,0.5381165919282511,4
0959,BIG_GAP,10.0,25.0,480,3.178899442378459,223,1.2268116591928289,1.4281636223920489,0.5695067264573991,4
0959,gap_ratio_range>=0.35,10.0,25.0,480,3.178899442378459,223,1.2268116591928289,1.4281636223920489,0.5695067264573991,4
0959,gap_ratio_range>=0.35,30.0,15.0,480,3.1775351499562934,223,1.2575381165919275,1.367749422996223,0.5112107623318386,4
0959,BIG_GAP,30.0,15.0,480,3.1775351499562934,223,1.2575381165919275,1.367749422996223,0.5112107623318386,4
0959,gap_ratio_range_Q4,30.0,30.0,480,3.1567770968626063,257,1.2567587548638162,1.352700616104326,0.5097276264591439,4
0959,HIGH_VOL & BIG_GAP,20.0,12.0,480,3.104144663596584,192,1.2265885416666649,1.3676600301927555,0.4947916666666667,4
0959,BIG_GAP,20.0,12.0,480,3.0461316011564494,223,1.203910313901342,1.3640727787549163,0.5022421524663677,4
0959,gap_ratio_range>=0.35,20.0,12.0,480,3.0461316011564494,223,1.203910313901342,1.3640727787549163,0.5022421524663677,4
0959,ThuFri & HIGH_VOL,25.0,20.0,480,3.0306253239617202,342,1.214342105263162,1.3309949574286486,0.5029239766081871,4
0959,HIGH_VOL & BIG_GAP,25.0,25.0,1440,2.9936615749575384,192,1.2295833333333412,1.2720392341233646,0.5052083333333334,4
0959,HIGH_VOL & BIG_GAP,12.0,30.0,480,2.9909550758688033,192,1.1667447916666707,1.3920870234886429,0.5416666666666666,4
0959,ThuFri & HIGH_VOL,25.0,15.0,480,2.9847566450458056,342,1.1970380116959123,1.3263727783384933,0.49707602339181284,4
0959,ThuFri & HIGH_VOL,30.0,20.0,480,2.9527361998230504,342,1.1872719298245655,1.3185389384467312,0.5,4
0959,ThuFri & HIGH_VOL,30.0,15.0,480,2.947250300401471,342,1.1845877192982512,1.3191615577687568,0.49415204678362573,4
0959,BIG_GAP,25.0,12.0,480,2.944560778041516,223,1.1665246636771258,1.3527670382811245,0.5022421524663677,4
0959,gap_ratio_range>=0.35,25.0,12.0,480,2.944560778041516,223,1.1665246636771258,1.3527670382811245,0.5022421524663677,4
0959,HIGH_VOL & BIG_GAP,20.0,25.0,1440,2.9422366956271677,192,1.2092447916666735,1.267726695640845,0.5104166666666666,4
0959,ThuFri & HIGH_VOL,25.0,25.0,480,2.9332303550687406,342,1.178985380116961,1.3182902868546094,0.5029239766081871,4
0959,gap_ratio_range>=0.35,20.0,8.0,480,2.930669228452295,223,1.1503273542600871,1.373819259656495,0.47533632286995514,4
0959,BIG_GAP,20.0,8.0,480,2.930669228452295,223,1.1503273542600871,1.373819259656495,0.47533632286995514,4
0959,HIGH_VOL & BIG_GAP,10.0,30.0,480,2.922596111265639,192,1.1380260416666712,1.3923847184360736,0.5572916666666666,4
0959,gap_ratio_range>=0.35,20.0,10.0,480,2.92084112109051,223,1.1552556053811642,1.3551853879062528,0.49327354260089684,4
0959,BIG_GAP,20.0,10.0,480,2.92084112109051,223,1.1552556053811642,1.3551853879062528,0.49327354260089684,4
0959,HIGH_VOL & BIG_GAP,25.0,12.0,480,2.915585954514153,192,1.157124999999997,1.3468388933902211,0.4947916666666667,4
0959,BIG_GAP & BIG_PREV_MOVE,20.0,20.0,1440,2.890845017444927,139,1.2150935251798605,1.255665889618844,0.48201438848920863,3
0959,gap_ratio_range_Q4,25.0,25.0,480,2.88378623105212,257,1.1559844357976679,1.3216456449953995,0.5097276264591439,4
0959,gap_ratio_range>=0.35,20.0,30.0,1440,2.8758321880663265,223,1.1815201793722037,1.2647367643675116,0.515695067264574,4
0959,BIG_GAP,20.0,30.0,1440,2.8758321880663265,223,1.1815201793722037,1.2647367643675116,0.515695067264574,4
0959,BIG_GAP & BIG_PREV_MOVE,30.0,30.0,480,2.874338520875262,139,1.151597122302156,1.3222865610579124,0.48201438848920863,4
0959,gap_ratio_range_Q4,20.0,25.0,480,2.8655535791788753,257,1.1490817120622598,1.3197250040599804,0.5097276264591439,4
0959,HIGH_VOL & BIG_GAP,20.0,10.0,480,2.848610168638779,192,1.1311510416666657,1.341517685150386,0.484375,4
0959,BIG_GAP & BIG_PREV_MOVE,30.0,25.0,480,2.8470999298221042,139,1.1416690647481982,1.3186228054676574,0.48201438848920863,4
0959,BIG_GAP & BIG_PREV_MOVE,12.0,30.0,480,2.830966124713983,139,1.112733812949641,1.3644164436234782,0.5251798561151079,4
0959,HIGH_VOL & BIG_GAP,30.0,30.0,1440,2.820495151272511,192,1.162052083333343,1.2550582618944486,0.5,4
0959,HIGH_VOL & BIG_GAP,12.0,25.0,480,2.819066061110335,192,1.1074739583333368,1.3649008099945101,0.5416666666666666,4
0959,ThuFri & HIGH_VOL,30.0,25.0,480,2.8170226141215435,342,1.1372953216374286,1.301093273076748,0.5,4
0959,BIG_GAP,25.0,10.0,480,2.799521086141324,223,1.110264573991029,1.3413528153896839,0.49327354260089684,4
0959,gap_ratio_range>=0.35,25.0,10.0,480,2.799521086141324,223,1.110264573991029,1.3413528153896839,0.49327354260089684,4
0959,ThuFri & HIGH_VOL,20.0,20.0,480,2.7986950195083113,342,1.1264239766081907,1.3070309878641968,0.5029239766081871,4
0959,BIG_GAP & BIG_PREV_MOVE,20.0,30.0,1440,2.7814728162689204,139,1.1527482014388537,1.2394073684493636,0.48201438848920863,4
0959,ThuFri & HIGH_VOL,25.0,30.0,480,2.7778395818167247,342,1.1216754385964933,1.2982045368152748,0.5029239766081871,4
0959,gap_ratio_range>=0.35,30.0,12.0,480,2.7700827495246267,223,1.1037757847533594,1.3284463973803484,0.4977578475336323,4
0959,BIG_GAP,30.0,12.0,480,2.7700827495246267,223,1.1037757847533594,1.3284463973803484,0.4977578475336323,4
0959,ThuFri & HIGH_VOL,20.0,15.0,480,2.753639696974763,342,1.1091198830409408,1.3024018737932053,0.49707602339181284,4
0959,gap_ratio_range_Q4,30.0,25.0,480,2.7520185351454867,257,1.1093190661478627,1.300527064776262,0.5058365758754864,4
0959,HIGH_VOL & BIG_GAP,10.0,25.0,480,2.750716133862778,192,1.0787552083333374,1.3644994843673577,0.5572916666666666,4
0959,HIGH_VOL & BIG_GAP,25.0,20.0,1440,2.748487986925873,192,1.1333489583333407,1.2486348694170777,0.5,4
0959,gap_ratio_range>=0.35,25.0,8.0,480,2.746920693198769,223,1.082914798206275,1.3519123548938963,0.47533632286995514,4
0959,BIG_GAP,25.0,8.0,480,2.746920693198769,223,1.082914798206275,1.3519123548938963,0.47533632286995514,4
0959,BIG_GAP & BIG_PREV_MOVE,15.0,30.0,480,2.7422191379331635,139,1.1108633093525186,1.3335176489392495,0.5035971223021583,3
0959,gap_ratio_range>=0.35,20.0,25.0,1440,2.7248137803861114,223,1.1229596412556118,1.24835665292748,0.515695067264574,4
0959,BIG_GAP,20.0,25.0,1440,2.7248137803861114,223,1.1229596412556118,1.24835665292748,0.515695067264574,4
0959,BIG_GAP & BIG_PREV_MOVE,30.0,20.0,480,2.7218396735711097,139,1.095561151079131,1.301870298236744,0.48201438848920863,4
0959,gap_ratio_range>=0.35,20.0,8.0,1440,2.707114367883531,223,1.092103139013457,1.295675452547745,0.4484304932735426,4
0959,BIG_GAP,20.0,8.0,1440,2.707114367883531,223,1.092103139013457,1.295675452547745,0.4484304932735426,4
0959,ThuFri & HIGH_VOL,20.0,25.0,480,2.7035138817780804,342,1.0910672514619897,1.294555059207821,0.5029239766081871,4
0959,HIGH_VOL & BIG_GAP,20.0,20.0,1440,2.6979765288649777,192,1.113010416666673,1.244342453097703,0.5052083333333334,4
0959,HIGH_VOL & BIG_GAP,20.0,8.0,480,2.6888625852806736,192,1.0653385416666648,1.336217538311326,0.4635416666666667,4
0959,HIGH_VOL & BIG_GAP,30.0,12.0,480,2.686441261703101,192,1.073640624999997,1.3158971482688702,0.4895833333333333,4
0959,BIG_GAP & BIG_PREV_MOVE,20.0,15.0,480,2.681506579967988,139,1.077237410071935,1.3035837381494944,0.4748201438848921,4
0959,BIG_GAP & BIG_PREV_MOVE,20.0,25.0,1440,2.657177414215382,139,1.123345323741012,1.231884854308089,0.48201438848920863,3
0959,gap_ratio_range>=0.35,30.0,10.0,480,2.6514668035763864,223,1.0564843049327335,1.3204005891336654,0.48878923766816146,4
0959,BIG_GAP,30.0,10.0,480,2.6514668035763864,223,1.0564843049327335,1.3204005891336654,0.48878923766816146,4
0959,HIGH_VOL & BIG_GAP,25.0,10.0,480,2.6403877772387547,192,1.052854166666665,1.3178782537044225,0.484375,4
0959,BIG_GAP,30.0,8.0,480,2.640136574377093,223,1.0447578475336292,1.3356001394366632,0.47085201793721976,4
0959,gap_ratio_range>=0.35,30.0,8.0,480,2.640136574377093,223,1.0447578475336292,1.3356001394366632,0.47085201793721976,4
0959,BIG_GAP & BIG_PREV_MOVE,20.0,12.0,480,2.6366484900974063,139,1.0563237410071842,1.3067251028307942,0.460431654676259,4
0959,gap_ratio_range_Q4,12.0,30.0,480,2.6274682108412537,257,1.0422957198443612,1.3289630424691092,0.5408560311284046,4
0959,ThuFri & HIGH_VOL,30.0,30.0,480,2.6256023036669025,342,1.0653654970760253,1.2767794811490965,0.5,4
0959,BIG_GAP,25.0,30.0,1440,2.6247144658009334,223,1.0815964125560606,1.2417922597124527,0.5067264573991032,4
0959,gap_ratio_range>=0.35,25.0,30.0,1440,2.6247144658009334,223,1.0815964125560606,1.2417922597124527,0.5067264573991032,4
0959,gap_ratio_range>=0.35,10.0,30.0,1440,2.616408555559972,223,1.054654708520187,1.2911845327562197,0.57847533632287,4
0959,BIG_GAP,10.0,30.0,1440,2.616408555559972,223,1.054654708520187,1.2911845327562197,0.57847533632287,4
0959,BIG_GAP & BIG_PREV_MOVE,15.0,25.0,480,2.6158080653516014,139,1.0649640287769782,1.3153909415920604,0.5035971223021583,3
0959,ThuFri & HIGH_VOL,25.0,8.0,480,2.6145523041978214,342,1.0489678362573114,1.3018363583128327,0.45321637426900585,4
0959,BIG_GAP & BIG_PREV_MOVE,10.0,30.0,480,2.60700331377044,139,1.0257338129496418,1.3466159381533533,0.539568345323741,4
0959,BIG_GAP & BIG_PREV_MOVE,12.0,25.0,480,2.600662681955066,139,1.0308633093525177,1.328788560204859,0.5251798561151079,4
0959,HIGH_VOL & BIG_GAP,30.0,25.0,1440,2.5812782788822823,192,1.0679947916666765,1.2296721832942086,0.5,4
0959,gap_ratio_range>=0.35,20.0,20.0,1440,2.5809041822364014,223,1.0849461883408131,1.240575807684928,0.5112107623318386,3
0959,BIG_GAP,20.0,20.0,1440,2.5809041822364014,223,1.0849461883408131,1.240575807684928,0.5112107623318386,3
0959,ThuFri & HIGH_VOL,30.0,8.0,480,2.557394100442687,342,1.0277456140350891,1.2937525281058517,0.4502923976608187,4
0959,ThuFri & HIGH_VOL,20.0,30.0,480,2.5516231173696724,342,1.033757309941522,1.274830944124303,0.5029239766081871,4
0959,BIG_GAP,12.0,20.0,480,2.531952923867244,223,1.0250538116591958,1.3237345169340071,0.5515695067264574,3
0959,gap_ratio_range>=0.35,12.0,20.0,480,2.531952923867244,223,1.0250538116591958,1.3237345169340071,0.5515695067264574,3
0959,gap_ratio_range_Q4,15.0,30.0,480,2.5271678852683146,257,1.0128326848249054,1.297682450552656,0.5252918287937743,4
0959,BIG_GAP,15.0,20.0,480,2.5228089855015714,223,1.010524663677132,1.2986168165844203,0.5336322869955157,4
0959,gap_ratio_range>=0.35,15.0,20.0,480,2.5228089855015714,223,1.010524663677132,1.2986168165844203,0.5336322869955157,4
0959,BIG_GAP,12.0,30.0,1440,2.503915269510718,223,1.0193228699551629,1.2602409279917954,0.5515695067264574,4
0959,gap_ratio_range>=0.35,12.0,30.0,1440,2.503915269510718,223,1.0193228699551629,1.2602409279917954,0.5515695067264574,4
0959,BIG_GAP & BIG_PREV_MOVE,25.0,15.0,480,2.487369716111248,139,1.0021654676258906,1.2824271939143737,0.4748201438848921,4
0959,gap_ratio_range>=0.35,25.0,25.0,1440,2.4770176739813268,223,1.0230358744394688,1.2257456760535663,0.5067264573991032,4
0959,BIG_GAP,25.0,25.0,1440,2.4770176739813268,223,1.0230358744394688,1.2257456760535663,0.5067264573991032,4
0959,ThuFri & HIGH_VOL,20.0,8.0,480,2.462763805411931,342,0.9902894736842115,1.2849518908786186,0.45321637426900585,4
0959,HIGH_VOL & BIG_GAP,20.0,8.0,1440,2.4604104901627335,192,0.9777604166666704,1.2606872322550644,0.4322916666666667,5
0959,HIGH_VOL & BIG_GAP,30.0,10.0,480,2.4449238588835445,192,0.9797864583333317,1.2912378914710436,0.4791666666666667,4
0959,BIG_GAP & BIG_PREV_MOVE,25.0,12.0,480,2.442088174932023,139,0.9812517985611396,1.2849264360276462,0.460431654676259,4
0959,HIGH_VOL & BIG_GAP,15.0,30.0,1440,2.4353802194708987,192,1.00036458333334,1.2345655341199018,0.5208333333333334,4
0959,BIG_GAP,15.0,15.0,480,2.4302585999193864,223,0.9731704035874442,1.2917451986803934,0.5246636771300448,4
0959,gap_ratio_range>=0.35,15.0,15.0,480,2.4302585999193864,223,0.9731704035874442,1.2917451986803934,0.5246636771300448,4
0959,HIGH_VOL & BIG_GAP,10.0,30.0,1440,2.422863881018953,192,0.9810625000000085,1.2657719370773355,0.5677083333333334,4
0959,ThuFri & HIGH_VOL,25.0,12.0,480,2.4173278958715207,342,0.9798888888888938,1.262836042957658,0.4824561403508772,4
0959,HIGH_VOL & BIG_GAP,25.0,8.0,480,2.4134603621803077,192,0.9609999999999973,1.3032886182937706,0.4635416666666667,4
0959,gap_ratio_range>=0.35,12.0,15.0,480,2.4017653688960037,223,0.95630941704036,1.3023566741715775,0.5426008968609866,4
0959,BIG_GAP,12.0,15.0,480,2.4017653688960037,223,0.95630941704036,1.3023566741715775,0.5426008968609866,4
0959,BIG_GAP & BIG_PREV_MOVE,15.0,20.0,480,2.395081455082701,139,0.9828848920863283,1.2841753629127024,0.5035971223021583,3
0959,BIG_GAP & BIG_PREV_MOVE,20.0,8.0,1440,2.381790647070722,139,0.9723812949640308,1.2437604038356456,0.41007194244604317,4
0959,BIG_GAP & BIG_PREV_MOVE,10.0,25.0,480,2.380667654371963,139,0.9438633093525188,1.3103638342165032,0.539568345323741,4
0959,BIG_GAP & BIG_PREV_MOVE,25.0,30.0,1440,2.372480226827179,139,1.006201438848928,1.2087825966236414,0.4748201438848921,3
0959,ThuFri & HIGH_VOL,30.0,12.0,480,2.3688898289067266,342,0.9615906432748585,1.2555230170711806,0.47953216374269003,4
0959,HIGH_VOL & BIG_GAP,30.0,20.0,1440,2.3591417553163,192,0.9978020833333426,1.2140079603123826,0.4947916666666667,3
0959,HIGH_VOL & BIG_GAP,20.0,15.0,1440,2.3555366094864993,192,0.9731302083333387,1.2150546669168196,0.4947916666666667,4
0959,HIGH_VOL & BIG_GAP,15.0,20.0,480,2.3422899272027076,192,0.9610052083333352,1.2812466656708146,0.5260416666666666,3
0959,HIGH_VOL & BIG_GAP,25.0,15.0,1440,2.341540177037844,192,0.9674270833333397,1.2136450528746965,0.4895833333333333,4
0959,gap_ratio_range>=0.35,25.0,20.0,1440,2.334704460330951,223,0.9850224215246701,1.217923584875712,0.5022421524663677,3
0959,BIG_GAP,25.0,20.0,1440,2.334704460330951,223,0.9850224215246701,1.217923584875712,0.5022421524663677,3
0959,BIG_GAP,8.0,30.0,480,2.333168072937097,223,0.9346950672645786,1.3357008605236604,0.5874439461883408,3
0959,gap_ratio_range>=0.35,8.0,30.0,480,2.333168072937097,223,0.9346950672645786,1.3357008605236604,0.5874439461883408,3
0959,BIG_GAP,10.0,20.0,480,2.330226304742585,223,0.9458744394618868,1.304984904743729,0.5650224215246636,3
0959,gap_ratio_range>=0.35,10.0,20.0,480,2.330226304742585,223,0.9458744394618868,1.304984904743729,0.5650224215246636,3
0959,BIG_GAP & BIG_PREV_MOVE,25.0,25.0,1440,2.3003756982840855,139,0.9767985611510863,1.2014525653580241,0.4748201438848921,3
0959,BIG_GAP,20.0,10.0,1440,2.2879825891395904,223,0.9363273542600945,1.2299707251312315,0.4663677130044843,4
0959,gap_ratio_range>=0.35,20.0,10.0,1440,2.2879825891395904,223,0.9363273542600945,1.2299707251312315,0.4663677130044843,4
0959,BIG_GAP,20.0,15.0,1440,2.2879274768183757,223,0.9650896860986604,1.2152630036498153,0.5022421524663677,3
0959,gap_ratio_range>=0.35,20.0,15.0,1440,2.2879274768183757,223,0.9650896860986604,1.2152630036498153,0.5022421524663677,3
0959,gap_ratio_range>=0.35,30.0,30.0,1440,2.2818382694346973,223,0.9648923766816228,1.209405236225762,0.5022421524663677,3
0959,BIG_GAP,30.0,30.0,1440,2.2818382694346973,223,0.9648923766816228,1.209405236225762,0.5022421524663677,3
0959,BIG_GAP & BIG_PREV_MOVE,12.0,20.0,480,2.2817365616852543,139,0.9128129496402851,1.2805729941776245,0.5251798561151079,4
0959,gap_ratio_range_Q4,10.0,30.0,480,2.2752370393182044,257,0.9057976653696532,1.291060265066268,0.5525291828793775,4
0959,HIGH_VOL & BIG_GAP,30.0,8.0,480,2.2678913400218703,192,0.906078124999997,1.2822439731914699,0.4583333333333333,4
0959,HIGH_VOL & BIG_GAP,15.0,15.0,480,2.256401646901431,192,0.906385416666667,1.2687938365823184,0.515625,4
0959,BIG_GAP & BIG_PREV_MOVE,20.0,8.0,480,2.247224333879283,139,0.8977697841726534,1.2803444379295055,0.4316546762589928,4
0959,HIGH_VOL & BIG_GAP,6.0,30.0,1440,2.2466854272066312,192,0.8688020833333413,1.2982051557081091,0.671875,5
0959,gap_ratio_range>=0.35,12.0,25.0,1440,2.240509377505122,223,0.9159192825112169,1.227826639821979,0.5515695067264574,4
0959,BIG_GAP,12.0,25.0,1440,2.240509377505122,223,0.9159192825112169,1.227826639821979,0.5515695067264574,4
0959,gap_ratio_range>=0.35,10.0,25.0,1440,2.2378558483864475,223,0.9288295964125638,1.2478351857546452,0.57847533632287,3
0959,BIG_GAP,10.0,25.0,1440,2.2378558483864475,223,0.9288295964125638,1.2478351857546452,0.57847533632287,3
0959,gap_ratio_range_Q4,25.0,20.0,480,2.2378280056656337,257,0.909027237354087,1.2417678172077178,0.5019455252918288,4
0959,ThuFri & HIGH_VOL,20.0,12.0,480,2.233641666723207,342,0.906590643274858,1.2431752211528748,0.4824561403508772,4
0959,gap_ratio_range_Q4,20.0,20.0,480,2.2206975178023245,257,0.9021245136186788,1.2399319465300083,0.5019455252918288,4
0959,BIG_GAP & BIG_PREV_MOVE,20.0,10.0,1440,2.2178563548806123,139,0.9136115107913699,1.2086590755984956,0.4316546762589928,4
0959,gap_ratio_range>=0.35,10.0,15.0,480,2.212359456793471,223,0.899892376681616,1.2917845625034539,0.5560538116591929,3
0959,BIG_GAP,10.0,15.0,480,2.212359456793471,223,0.899892376681616,1.2917845625034539,0.5560538116591929,3
0959,gap_ratio_range_Q4,20.0,30.0,1440,2.204041359507354,257,0.9138365758754926,1.192997536334547,0.4980544747081712,4
0959,BIG_GAP & BIG_PREV_MOVE,15.0,20.0,1440,2.2016811706774067,139,0.9306258992805803,1.2046250510150827,0.5035971223021583,3
0959,gap_ratio_range>=0.35,15.0,30.0,1440,2.1982670815165783,223,0.9046098654708584,1.2089821897713446,0.5291479820627802,4
0959,BIG_GAP,15.0,30.0,1440,2.1982670815165783,223,0.9046098654708584,1.2089821897713446,0.5291479820627802,4
0959,gap_ratio_range>=0.35,30.0,25.0,1440,2.193251480009271,223,0.928753363228708,1.1999936268398899,0.5022421524663677,3
0959,BIG_GAP,30.0,25.0,1440,2.193251480009271,223,0.928753363228708,1.1999936268398899,0.5022421524663677,3
0959,BIG_GAP,8.0,25.0,480,2.1927304000960746,223,0.883663677130049,1.3116604800713625,0.5874439461883408,3
0959,gap_ratio_range>=0.35,8.0,25.0,480,2.1927304000960746,223,0.883663677130049,1.3116604800713625,0.5874439461883408,3
0959,BIG_GAP,15.0,12.0,480,2.182994963401016,223,0.8751165919282483,1.2659780213190197,0.5112107623318386,4
0959,gap_ratio_range>=0.35,15.0,12.0,480,2.182994963401016,223,0.8751165919282483,1.2659780213190197,0.5112107623318386,4
0959,HIGH_VOL & BIG_GAP,20.0,12.0,1440,2.1773655147887583,192,0.8753125000000045,1.2019170465276672,0.4791666666666667,5
0959,HIGH_VOL & BIG_GAP,12.0,30.0,1440,2.1728402915343397,192,0.888557291666673,1.2202735941020413,0.5364583333333334,4
0959,gap_ratio_range_Q4,30.0,20.0,480,2.1662539018098683,257,0.8818171206225697,1.2297751493208453,0.4980544747081712,4
0959,ThuFri & HIGH_VOL,15.0,20.0,480,2.1642112903590447,342,0.8758625730994161,1.2426021509382317,0.5058479532163743,4
0959,gap_ratio_range>=0.35,12.0,8.0,480,2.1582949095491495,223,0.8548385650224201,1.2908359422200246,0.5022421524663677,4
0959,BIG_GAP,12.0,8.0,480,2.1582949095491495,223,0.8548385650224201,1.2908359422200246,0.5022421524663677,4
0959,BIG_GAP,15.0,8.0,480,2.15112017144194,223,0.8558878923766798,1.2796445525405842,0.484304932735426,4
0959,gap_ratio_range>=0.35,15.0,8.0,480,2.15112017144194,223,0.8558878923766798,1.2796445525405842,0.484304932735426,4
0959,gap_ratio_range>=0.35,12.0,12.0,480,2.150780550350225,223,0.8582556053811642,1.2729598713006416,0.5291479820627802,4
0959,BIG_GAP,12.0,12.0,480,2.150780550350225,223,0.8582556053811642,1.2729598713006416,0.5291479820627802,4
0959,BIG_GAP,12.0,10.0,480,2.128473541661762,223,0.8478340807174878,1.2745883723260718,0.5201793721973094,4
0959,gap_ratio_range>=0.35,12.0,10.0,480,2.128473541661762,223,0.8478340807174878,1.2745883723260718,0.5201793721973094,4
0959,gap_ratio_range_Q4,10.0,25.0,480,2.1266206128510228,257,0.8494435797665397,1.2680972094468395,0.5525291828793775,4
0959,HIGH_VOL & BIG_GAP,25.0,8.0,1440,2.1224925982312444,192,0.8418489583333381,1.2242619411661884,0.4270833333333333,5
0959,BIG_GAP,15.0,10.0,480,2.120454091257496,223,0.8488834080717476,1.2623296356090155,0.5022421524663677,4
0959,gap_ratio_range>=0.35,15.0,10.0,480,2.120454091257496,223,0.8488834080717476,1.2623296356090155,0.5022421524663677,4
0959,HIGH_VOL & BIG_GAP,8.0,30.0,480,2.1146219864283733,192,0.8355052083333389,1.291573969057177,0.578125,4
0959,ThuFri & HIGH_VOL,15.0,25.0,480,2.1116383784999644,342,0.8551257309941507,1.2355056212348272,0.5058479532163743,4
0959,gap_ratio_range>=0.35,20.0,12.0,1440,2.1086283332270854,223,0.8674798206278072,1.200199114540537,0.48878923766816146,4
0959,BIG_GAP,20.0,12.0,1440,2.1086283332270854,223,0.8674798206278072,1.200199114540537,0.48878923766816146,4
0959,gap_ratio_range_Q4,20.0,8.0,1440,2.1065351119892184,257,0.8579922178988367,1.2220890495466152,0.4280155642023346,4
0959,gap_ratio_range_Q4,12.0,25.0,480,2.097342779339079,257,0.8419727626459168,1.25344911796985,0.5369649805447471,4
0959,gap_ratio_range_Q4,15.0,25.0,480,2.093464572774137,257,0.845937743190664,1.2383025086839912,0.5214007782101168,4
0959,prev_move_ratio_Q2,30.0,25.0,480,2.087569629138745,322,0.8672950310559084,1.23403750714426,0.5093167701863354,3
0959,HIGH_VOL & BIG_GAP,15.0,25.0,1440,2.0872458090490102,192,0.8802656250000069,1.200751402792759,0.5208333333333334,3
0959,ThuFri & HIGH_VOL,15.0,15.0,480,2.084417862790664,342,0.8439385964912306,1.2328850352683747,0.5,4
0959,BIG_GAP & BIG_PREV_MOVE,20.0,10.0,480,2.0821735467901408,139,0.8401151079136597,1.2403757878659352,0.4460431654676259,4
0959,HIGH_VOL & BIG_GAP,20.0,10.0,1440,2.0773876265562343,192,0.8511093750000048,1.2058124157734997,0.453125,4
0959,BIG_GAP & BIG_PREV_MOVE,15.0,30.0,1440,2.0762764927600537,139,0.8791223021582789,1.1911359637117285,0.5035971223021583,3
0959,BIG_GAP & BIG_PREV_MOVE,10.0,20.0,480,2.0674928014057086,139,0.8258129496402862,1.261399269918406,0.539568345323741,4
0959,BIG_GAP,15.0,25.0,1440,2.0552547542750506,223,0.8460493273542666,1.1928446655430043,0.5291479820627802,4
0959,gap_ratio_range>=0.35,15.0,25.0,1440,2.0552547542750506,223,0.8460493273542666,1.1928446655430043,0.5291479820627802,4
0959,gap_ratio_range>=0.35,10.0,8.0,480,2.051676499937728,223,0.8118744394618824,1.2807424522011501,0.515695067264574,4
0959,BIG_GAP,10.0,8.0,480,2.051676499937728,223,0.8118744394618824,1.2807424522011501,0.515695067264574,4
0959,BIG_GAP & BIG_PREV_MOVE,20.0,12.0,1440,2.049804114308467,139,0.8681726618705063,1.1882791266604473,0.45323741007194246,3
0959,BIG_GAP,25.0,8.0,1440,2.0428734997684983,223,0.8293004484304982,1.222202463843169,0.43946188340807174,4
0959,gap_ratio_range>=0.35,25.0,8.0,1440,2.0428734997684983,223,0.8293004484304982,1.222202463843169,0.43946188340807174,4
0959,BIG_GAP & BIG_PREV_MOVE,30.0,12.0,480,2.0397829667034255,139,0.8237769784172555,1.2333507914220292,0.45323741007194246,4
0959,HIGH_VOL & BIG_GAP,25.0,12.0,1440,2.03911440452784,192,0.8175260416666722,1.1884494356661868,0.4739583333333333,5
0959,ThuFri & HIGH_VOL,25.0,8.0,1440,2.0366681250464427,342,0.8533362573099412,1.210931633203983,0.4093567251461988,3
0959,BIG_GAP & BIG_PREV_MOVE,30.0,15.0,480,2.031513415465299,139,0.8231079136690568,1.2251194345844754,0.4676258992805755,4
0959,BIG_GAP & BIG_PREV_MOVE,15.0,25.0,1440,2.005421657669309,139,0.8497194244604374,1.183569781104488,0.5035971223021583,3
0959,ThuFri & HIGH_VOL,15.0,30.0,480,2.0045402975082505,342,0.8124356725146188,1.221148527270976,0.5058479532163743,4
0959,ThuFri & HIGH_VOL,20.0,8.0,1440,1.9949398387355277,342,0.8360760233918119,1.2066651681397762,0.4093567251461988,3
0959,HIGH_VOL & BIG_GAP,10.0,25.0,1440,1.9871090309265689,192,0.808880208333342,1.2093617973529351,0.5677083333333334,4
0959,prev_move_ratio_Q2,25.0,25.0,480,1.985335834695905,322,0.8256832298136714,1.2228086612708333,0.5093167701863354,3
0959,ThuFri & HIGH_VOL,25.0,10.0,480,1.979744284347006,342,0.8042309941520496,1.2129764921874222,0.4649122807017544,4
0959,gap_ratio_roll_Q4,20.0,30.0,480,1.9768331064469506,323,0.8038668730650166,1.2103574186011283,0.4891640866873065,4
0959,gap_ratio_range_Q4,15.0,30.0,1440,1.9742605947167071,257,0.8140233463035079,1.1796188067254467,0.5214007782101168,4
0959,BIG_GAP,10.0,12.0,480,1.9738071688596759,223,0.8063228699551557,1.2618819790651707,0.5426008968609866,3
0959,gap_ratio_range>=0.35,10.0,12.0,480,1.9738071688596759,223,0.8063228699551557,1.2618819790651707,0.5426008968609866,3
0959,gap_ratio_range>=0.35,10.0,20.0,1440,1.9707005466631449,223,0.8217354260089761,1.2156773202610556,0.5739910313901345,3
0959,BIG_GAP,10.0,20.0,1440,1.9707005466631449,223,0.8217354260089761,1.2156773202610556,0.5739910313901345,3
0959,BIG_GAP & BIG_PREV_MOVE,12.0,30.0,1440,1.9657084839858605,139,0.8258057553956886,1.1987113460063685,0.5251798561151079,3
0959,HIGH_VOL & BIG_GAP,30.0,15.0,1440,1.9639940614927616,192,0.8318802083333416,1.180595286822689,0.484375,3
0959,BIG_GAP,12.0,20.0,1440,1.9610901567937558,223,0.8222780269058354,1.2025277309290858,0.547085201793722,3
0959,gap_ratio_range>=0.35,12.0,20.0,1440,1.9610901567937558,223,0.8222780269058354,1.2025277309290858,0.547085201793722,3
0959,BIG_GAP,15.0,8.0,1440,1.9595176875173521,223,0.7929551569506775,1.2189371896938122,0.45739910313901344,4
0959,gap_ratio_range>=0.35,15.0,8.0,1440,1.9595176875173521,223,0.7929551569506775,1.2189371896938122,0.45739910313901344,4
0959,HIGH_VOL & BIG_GAP,8.0,25.0,480,1.9584814050991923,192,0.7762343750000049,1.265400066956815,0.578125,4
0959,HIGH_VOL & BIG_GAP,12.0,20.0,480,1.9523901580909817,192,0.783171875000002,1.237555017014595,0.5364583333333334,4
0959,gap_ratio_range_Q4,20.0,8.0,480,1.9516841587381784,257,0.7830661478599215,1.2369555414002238,0.4474708171206226,4
0959,gap_ratio_range>=0.35,10.0,10.0,480,1.9507738159339696,223,0.7959013452914793,1.2625590804529685,0.5336322869955157,3
0959,BIG_GAP,10.0,10.0,480,1.9507738159339696,223,0.7959013452914793,1.2625590804529685,0.5336322869955157,3
0959,BIG_GAP,12.0,8.0,1440,1.9482974482715674,223,0.7854484304932775,1.2258589875513548,0.4798206278026906,4
0959,gap_ratio_range>=0.35,12.0,8.0,1440,1.9482974482715674,223,0.7854484304932775,1.2258589875513548,0.4798206278026906,4
0959,HIGH_VOL & BIG_GAP,15.0,12.0,480,1.942123399071089,192,0.7798072916666641,1.234043484445611,0.5,4
0959,BIG_GAP & BIG_PREV_MOVE,25.0,8.0,480,1.936376352146186,139,0.774525179856106,1.2418591380964223,0.4316546762589928,4
0959,BIG_GAP & BIG_PREV_MOVE,8.0,30.0,480,1.9324582624760258,139,0.7655683453237425,1.2629700836747713,0.5683453237410072,4
0959,HIGH_VOL & BIG_GAP,8.0,30.0,1440,1.9185205152278961,192,0.773817708333341,1.2208337916293863,0.6041666666666666,4
0959,BIG_GAP & BIG_PREV_MOVE,12.0,20.0,1440,1.9160446042223689,139,0.8053669064748245,1.192844764323048,0.5251798561151079,3
0959,BIG_GAP,10.0,8.0,1440,1.914730572874202,223,0.7687264573991079,1.2306121460627013,0.5067264573991032,4
0959,gap_ratio_range>=0.35,10.0,8.0,1440,1.914730572874202,223,0.7687264573991079,1.2306121460627013,0.5067264573991032,4
0959,ThuFri & HIGH_VOL,30.0,10.0,480,1.9130383824899093,342,0.7771608187134529,1.2042263856350228,0.4619883040935672,4
0959,prev_move_ratio_Q2,30.0,30.0,480,1.9120118797105548,322,0.7969161490683314,1.2110379890914615,0.5093167701863354,3
0959,HIGH_VOL & BIG_GAP,10.0,20.0,480,1.9113482385559883,192,0.7648697916666691,1.2374373484236065,0.5520833333333334,4
0959,gap_ratio_range>=0.35,8.0,30.0,1440,1.9094058660149582,223,0.7692152466367778,1.2222724698827208,0.6098654708520179,4
0959,BIG_GAP,8.0,30.0,1440,1.9094058660149582,223,0.7692152466367778,1.2222724698827208,0.6098654708520179,4
0959,ThuFri & HIGH_VOL,30.0,8.0,1440,1.9070717966771715,342,0.7999093567251467,1.1965886283299356,0.4064327485380117,3
0959,gap_ratio_range_Q4,20.0,15.0,480,1.9037624658373706,257,0.7717898832684839,1.2075470316118149,0.490272373540856,4
0959,gap_ratio_range_Q4,25.0,30.0,1440,1.9017760253037803,257,0.7859143968871658,1.1653452742997725,0.48638132295719844,4
0959,BIG_GAP & BIG_PREV_MOVE,15.0,12.0,480,1.9000414097276273,139,0.7645035971222945,1.223719307700888,0.4748201438848921,4
0959,gap_ratio_range_Q4,25.0,15.0,480,1.890435961749669,257,0.7662684824902735,1.2060622358575561,0.490272373540856,4
0959,prev_move_ratio_Q2,20.0,25.0,480,1.8901563672948134,322,0.7865962732919307,1.2122611387569928,0.5093167701863354,3
0959,BIG_GAP & BIG_PREV_MOVE,15.0,15.0,480,1.888555483285434,139,0.7823741007194196,1.222153675187833,0.4892086330935252,3
0959,gap_ratio_range_Q4,12.0,30.0,1440,1.8835456679321563,257,0.770642023346309,1.184601432221156,0.5408560311284046,4
0959,HIGH_VOL & BIG_GAP,6.0,25.0,1440,1.8783088464328068,192,0.747182291666674,1.246183916764342,0.671875,4
0959,HIGH_VOL & BIG_GAP,25.0,10.0,1440,1.8768161697061667,192,0.7672812500000058,1.1853996428378175,0.4479166666666667,4
0959,BIG_GAP & BIG_PREV_MOVE,25.0,10.0,480,1.867849261156626,139,0.7528417266186951,1.215404914719041,0.4460431654676259,4
0959,BIG_GAP,15.0,20.0,1440,1.85778641620999,223,0.7837982062780332,1.1788598168904132,0.5246636771300448,3
0959,gap_ratio_range>=0.35,15.0,20.0,1440,1.85778641620999,223,0.7837982062780332,1.1788598168904132,0.5246636771300448,3
0959,Thu,20.0,15.0,480,1.8474309361645522,261,0.7456934865900425,1.2092601930828653,0.5095785440613027,4
0959,ThuFri & HIGH_VOL,20.0,10.0,480,1.8383051507622064,342,0.7455526315789495,1.1974372852692692,0.4649122807017544,4
0959,BIG_GAP,30.0,8.0,1440,1.8267003576137777,223,0.7405739910313969,1.1965399505163197,0.4349775784753363,4
0959,gap_ratio_range>=0.35,30.0,8.0,1440,1.8267003576137777,223,0.7405739910313969,1.1965399505163197,0.4349775784753363,4
0959,gap_ratio_range_Q4,25.0,8.0,480,1.8262257073733508,257,0.7320350194552522,1.2215135398624994,0.4474708171206226,4
0959,gap_ratio_range_Q4,20.0,12.0,480,1.8257289251086928,257,0.7374785992217878,1.2044421720497605,0.4785992217898833,4
0959,ThuFri & HIGH_VOL,15.0,8.0,480,1.8253462064057517,342,0.7340847953216362,1.2141123433752816,0.4590643274853801,4
0959,gap_ratio_range_Q4,30.0,15.0,480,1.8227310797837268,257,0.7390583657587562,1.1956737856796273,0.48638132295719844,4
0959,HIGH_VOL & BIG_GAP,10.0,15.0,480,1.818075523289362,192,0.7262708333333343,1.2279230405865946,0.5416666666666666,4
0959,HIGH_VOL & BIG_GAP,12.0,25.0,1440,1.8166945198970783,192,0.742416666666673,1.1776107575221433,0.5364583333333334,4
0959,prev_move_ratio_Q2,25.0,30.0,480,1.8116834795424275,322,0.7553043478260942,1.2000184221434185,0.5093167701863354,3
0959,BIG_GAP & BIG_PREV_MOVE,30.0,25.0,1440,1.808020946544738,139,0.7700503597122387,1.1531331368565643,0.4676258992805755,3
0959,BIG_GAP & BIG_PREV_MOVE,12.0,25.0,1440,1.8078525685512283,139,0.7604316546762643,1.1801467079339556,0.5251798561151079,3
0959,BIG_GAP & BIG_PREV_MOVE,10.0,30.0,1440,1.8067758324700027,139,0.7547769784172726,1.195053479167017,0.539568345323741,3
0959,gap_ratio_range_Q4,30.0,30.0,1440,1.7993952262040478,257,0.7430155642023423,1.152572978630756,0.48249027237354086,4
0959,Thu,25.0,15.0,480,1.7964765446202247,261,0.7452988505747176,1.2091494483730758,0.5095785440613027,3
0959,HIGH_VOL & BIG_GAP,12.0,15.0,480,1.7936007571785326,192,0.718135416666667,1.2190811373368398,0.5260416666666666,4
0959,BIG_GAP & BIG_PREV_MOVE,30.0,30.0,1440,1.7927299605622338,139,0.7634820143884976,1.151628891844898,0.4676258992805755,3
0959,gap_ratio_range_Q4,30.0,8.0,480,1.7914685253364104,257,0.7183813229571977,1.2153534264854944,0.44357976653696496,4
0959,gap_ratio_range>=0.35,6.0,30.0,1440,1.791362283954208,223,0.7303408071748939,1.2473922692384254,0.6681614349775785,3
0959,BIG_GAP,6.0,30.0,1440,1.791362283954208,223,0.7303408071748939,1.2473922692384254,0.6681614349775785,3
0959,HIGH_VOL & BIG_GAP,15.0,20.0,1440,1.7907019907571087,192,0.7558802083333399,1.1705846676085558,0.515625,3
0959,HIGH_VOL & BIG_GAP,15.0,10.0,480,1.773396149121356,192,0.7104114583333315,1.2147674149465986,0.4895833333333333,4
0959,gap_ratio_roll_Q4,20.0,8.0,1440,1.7709195053493612,323,0.7210464396284855,1.1786661981976738,0.4148606811145511,4
0959,prev_range_ratio_Q3,25.0,25.0,480,1.770227704036773,322,0.7349844720496914,1.204438006041618,0.45962732919254656,3
0959,gap_ratio_range_Q4,25.0,12.0,480,1.765735992707491,257,0.7125019455252894,1.1975181998319426,0.4785992217898833,4
0959,BIG_GAP & BIG_PREV_MOVE,20.0,15.0,1440,1.7639542454478074,139,0.7504604316546785,1.1506187100220922,0.4676258992805755,3
0959,prev_range_ratio_Q3,25.0,30.0,480,1.755796441636884,322,0.7290900621118043,1.2024665059700663,0.45962732919254656,3
0959,Thu,20.0,20.0,480,1.7499370763953501,261,0.7071532567049843,1.1917979754733208,0.5172413793103449,4
0959,gap_ratio_range_Q4,20.0,10.0,480,1.7432941627526062,257,0.7021789883268484,1.1978643457132865,0.4669260700389105,4
0959,BIG_GAP & BIG_PREV_MOVE,12.0,15.0,480,1.7411211787677279,139,0.6979136690647433,1.2081831135832974,0.5107913669064749,4
0959,Thu,25.0,20.0,480,1.732508427962947,261,0.6998352490421497,1.18981314539452,0.5172413793103449,4
0959,gap_ratio_range_Q4,10.0,30.0,1440,1.7253519492124911,257,0.7001322957198514,1.1786624592773254,0.5642023346303502,4
0959,BIG_GAP & BIG_PREV_MOVE,8.0,25.0,480,1.7235687157207686,139,0.6836978417266195,1.2284240533407689,0.5683453237410072,4
0959,gap_ratio_roll_Q4,20.0,25.0,480,1.7198289035725245,323,0.6976996904024781,1.178342522548332,0.48606811145510836,4
0959,prev_move_ratio_Q2,20.0,30.0,480,1.7182779305725622,322,0.7162173913043537,1.1896674803113358,0.5093167701863354,3
0959,Thu,30.0,15.0,480,1.7155820298974078,261,0.6917203065134151,1.1910330167067535,0.5057471264367817,4
0959,BIG_GAP & BIG_PREV_MOVE,12.0,12.0,480,1.7015343516611416,139,0.6800431654676182,1.2079985917197495,0.49640287769784175,4
0959,ThuFri & HIGH_VOL,12.0,20.0,480,1.6987643238754662,342,0.6836169590643295,1.1924036611479527,0.5146198830409356,4
0959,HIGH_VOL & BIG_GAP,30.0,8.0,1440,1.6976720064408526,192,0.6867135416666734,1.180926857516105,0.421875,4
0959,prev_range_ratio_Q3,30.0,25.0,480,1.6919436162208088,322,0.7035807453416174,1.1915659665645508,0.45652173913043476,3
0959,gap_ratio_range>=0.35,25.0,10.0,1440,1.6909730840697188,223,0.7093991031390192,1.17222305082015,0.45739910313901344,3
0959,BIG_GAP,25.0,10.0,1440,1.6909730840697188,223,0.7093991031390192,1.17222305082015,0.45739910313901344,3
0959,prev_move_ratio_Q2,30.0,20.0,480,1.6903717038109556,322,0.7048726708074627,1.1853190903917326,0.5031055900621118,3
0959,gap_ratio_roll_Q4,30.0,30.0,480,1.688930222438461,323,0.6857832817337469,1.171138116219831,0.48297213622291024,4
0959,gap_ratio_range_Q4,30.0,12.0,480,1.680641740488949,257,0.677509727626457,1.1854176849624463,0.47470817120622566,4
0959,gap_ratio_range>=0.35,6.0,30.0,480,1.673360291081865,223,0.6732152466367762,1.2628131176354247,0.6233183856502242,3
0959,BIG_GAP,6.0,30.0,480,1.673360291081865,223,0.6732152466367762,1.2628131176354247,0.6233183856502242,3
0959,gap_ratio_roll_Q4,25.0,30.0,480,1.6726376477124383,323,0.677659442724459,1.173123481895054,0.48606811145510836,4
0959,gap_ratio_roll>=0.35,20.0,30.0,480,1.6717315651893767,419,0.675630071599049,1.1783097393906001,0.4892601431980907,4
0959,gap_ratio_range_Q4,25.0,10.0,480,1.6679278828496409,257,0.670603112840467,1.1889666998889301,0.4669260700389105,4
0959,BIG_GAP & BIG_PREV_MOVE,15.0,8.0,480,1.6597369430879116,139,0.6610647482014333,1.208160315701957,0.4460431654676259,4
0959,gap_ratio_roll_Q4,20.0,8.0,480,1.65746412806611,323,0.663616099071208,1.1962458869005224,0.43034055727554177,4
0959,ThuFri & HIGH_VOL,12.0,15.0,480,1.6546806408740666,342,0.6650935672514653,1.1871819432649338,0.5087719298245614,4
0959,HIGH_VOL & BIG_GAP,15.0,8.0,480,1.653935669985493,192,0.6584583333333308,1.2080906207461852,0.46875,4
0959,prev_move_ratio_Q2,30.0,15.0,480,1.6514288579619998,322,0.6883913043478347,1.1810688898582429,0.4968944099378882,3
0959,ThuFri & HIGH_VOL,12.0,25.0,480,1.6487143725951403,342,0.6628801169590641,1.1854847287335444,0.5146198830409356,4
0959,Thu,20.0,25.0,480,1.6471411293225506,261,0.664394636015328,1.178134877791464,0.5172413793103449,4
0959,BIG_GAP & BIG_PREV_MOVE,30.0,8.0,480,1.6452174805675193,139,0.6565035971222933,1.2013854713096184,0.4244604316546763,4
0959,BIG_GAP & BIG_PREV_MOVE,12.0,8.0,480,1.642427567954357,139,0.6307482014388422,1.2075807188637184,0.4676258992805755,5
0959,prev_range_ratio_Q3,30.0,30.0,480,1.6402815379969922,322,0.6821583850931712,1.184656189183169,0.45652173913043476,3
0959,HIGH_VOL & BIG_GAP,30.0,12.0,1440,1.6357311045760623,192,0.6455208333333408,1.1466868813829345,0.46875,5
0959,gap_ratio_roll_Q4,20.0,20.0,480,1.6328396686917808,323,0.6606965944272459,1.168680269850492,0.48297213622291024,4
0959,gap_ratio_range_Q4,20.0,25.0,1440,1.6321022942846906,257,0.670221789883275,1.136758780304806,0.49416342412451364,4
0959,Thu,25.0,25.0,480,1.6299122876786256,261,0.6570766283524933,1.176172802347095,0.5172413793103449,4
0959,HIGH_VOL & BIG_GAP,10.0,20.0,1440,1.6263388388567261,192,0.6584531250000083,1.1661964758033583,0.5625,4
0959,BIG_GAP & BIG_PREV_MOVE,10.0,15.0,480,1.6243925321886923,139,0.6474316546762553,1.200066249310828,0.5251798561151079,4
0959,gap_ratio_roll_Q4,20.0,15.0,480,1.6238064781792168,323,0.6559752321981441,1.170518654199952,0.47678018575851394,4
0959,gap_ratio_range_Q4,25.0,8.0,1440,1.6234160142567184,257,0.6564202334630396,1.1684523750087383,0.42023346303501946,4
0959,BIG_GAP & BIG_PREV_MOVE,15.0,8.0,1440,1.6210985774224838,139,0.6551510791366941,1.1691158309547385,0.4244604316546763,4
0959,HIGH_VOL & BIG_GAP,6.0,30.0,480,1.6153301390243224,192,0.651302083333339,1.2498471546794672,0.6197916666666666,3
0959,gap_ratio_range_Q4,30.0,10.0,480,1.6021675744423032,257,0.6433929961089497,1.1793329783230428,0.46303501945525294,4
0959,BIG_GAP & BIG_PREV_MOVE,25.0,8.0,1440,1.5964498862262506,139,0.6459784172661915,1.161759354338937,0.4028776978417266,4
0959,prev_move_ratio_Q2,25.0,20.0,480,1.592180421219934,322,0.6632608695652257,1.174378871717998,0.5031055900621118,3
0959,prev_range_ratio_Q3,30.0,20.0,480,1.5865441933904876,322,0.6597204968944144,1.1775042615060676,0.45652173913043476,3
0959,BIG_GAP & BIG_PREV_MOVE,10.0,20.0,1440,1.5855362503897292,139,0.662395683453243,1.1671884135867272,0.539568345323741,3
0959,gap_ratio_range>=0.35,6.0,25.0,1440,1.5844987429960913,223,0.6480493273542657,1.2135641261331047,0.6681614349775785,3
0959,BIG_GAP,6.0,25.0,1440,1.5844987429960913,223,0.6480493273542657,1.2135641261331047,0.6681614349775785,3
0959,ThuFri & HIGH_VOL,12.0,8.0,480,1.5761661507716969,342,0.6290175438596485,1.1878024932779272,0.47076023391812866,4
0959,ThuFri & HIGH_VOL,15.0,12.0,480,1.5723747597434425,342,0.6320935672514632,1.171157611539933,0.4853801169590643,4
0959,BIG_GAP & BIG_PREV_MOVE,25.0,10.0,1440,1.5674338965089682,139,0.659151079136696,1.1503930454993883,0.4244604316546763,3
0959,BIG_GAP & BIG_PREV_MOVE,10.0,12.0,480,1.5667413470764633,139,0.6223669064748137,1.1960379526249334,0.5107913669064749,4
0959,BIG_GAP & BIG_PREV_MOVE,10.0,25.0,1440,1.56438783449798,139,0.6534316546762655,1.1645535908399178,0.539568345323741,3
0959,HIGH_VOL & BIG_GAP,10.0,12.0,480,1.5622304825777198,192,0.6205260416666647,1.1952833420478512,0.5260416666666666,4
0959,Thu,30.0,20.0,480,1.5586880661290585,261,0.6270996168582419,1.166622382797907,0.5134099616858238,4
0959,prev_move_ratio_Q2,25.0,15.0,480,1.5535915009916312,322,0.6467795031055976,1.1701236576794725,0.4968944099378882,3
0959,gap_ratio_range>=0.35,8.0,25.0,1440,1.5521990816267093,223,0.6433901345291546,1.179391641826877,0.6098654708520179,3
0959,BIG_GAP,8.0,25.0,1440,1.5521990816267093,223,0.6433901345291546,1.179391641826877,0.6098654708520179,3
0959,ThuFri & HIGH_VOL,12.0,30.0,480,1.5467370232063267,342,0.6201900584795322,1.1714908273570337,0.5146198830409356,4
0959,BIG_GAP,6.0,25.0,480,1.5425388658631207,223,0.6221838565022465,1.2381468938966156,0.6233183856502242,3
0959,gap_ratio_range>=0.35,6.0,25.0,480,1.5425388658631207,223,0.6221838565022465,1.2381468938966156,0.6233183856502242,3
0959,BIG_GAP & BIG_PREV_MOVE,25.0,12.0,1440,1.5408179319273816,139,0.6496834532374153,1.1407624359168214,0.4460431654676259,3
0959,gap_ratio_range_Q4,30.0,8.0,1440,1.5340262675729468,257,0.618342412451368,1.1574232022744624,0.4163424124513619,4
0959,gap_ratio_range_Q4,8.0,30.0,480,1.5284333227619908,257,0.6041050583657627,1.1990104276823899,0.5719844357976653,4
0959,HIGH_VOL & BIG_GAP,12.0,12.0,480,1.527682661921041,192,0.607182291666664,1.18662941943953,0.5104166666666666,4
0959,BIG_GAP & BIG_PREV_MOVE,30.0,10.0,480,1.523745972701009,139,0.6097553956834441,1.170945894160213,0.43884892086330934,4
0959,gap_ratio_roll>=0.35,20.0,25.0,480,1.5153045235954519,419,0.6093484486873546,1.1585424996631284,0.48687350835322196,4
0959,gap_ratio_roll_Q4,30.0,25.0,480,1.5128185613719816,323,0.6105758513931899,1.1501318114308643,0.47987616099071206,4
0959,gap_ratio_range_Q4,15.0,8.0,1440,1.5088437278345281,257,0.6057548638132343,1.160682160429288,0.4396887159533074,4
0959,HIGH_VOL & BIG_GAP,12.0,20.0,1440,1.5020512375946211,192,0.6076145833333394,1.142890038042934,0.53125,4
0959,HIGH_VOL & BIG_GAP,8.0,25.0,1440,1.5017311289535171,192,0.6016354166666744,1.1636544207548183,0.6041666666666666,4
0959,Thu,15.0,15.0,480,1.501318328625997,261,0.6214674329501932,1.174399263708959,0.5095785440613027,3
0959,prev_move_ratio_Q2,20.0,20.0,480,1.5007763029390326,322,0.6241739130434851,1.1641024636108537,0.5031055900621118,3
0959,gap_ratio_roll_Q4,30.0,20.0,480,1.4995097059865514,323,0.6045325077399392,1.1496109627665896,0.47678018575851394,4
0959,BIG_GAP,8.0,20.0,480,1.4952129496130722,223,0.6116950672645777,1.1991561181434613,0.5829596412556054,3
0959,gap_ratio_range>=0.35,8.0,20.0,480,1.4952129496130722,223,0.6116950672645777,1.1991561181434613,0.5829596412556054,3
0959,gap_ratio_range_Q4,20.0,20.0,1440,1.493762080330535,257,0.6311984435797722,1.1289058837178638,0.490272373540856,3
0959,BIG_GAP & BIG_PREV_MOVE,10.0,8.0,480,1.4910173520388816,139,0.5874604316546708,1.1976243547204313,0.48201438848920863,4
0959,gap_ratio_roll_Q4,30.0,15.0,480,1.4909395011223416,323,0.5998111455108375,1.1522432698760459,0.47058823529411764,4
0959,prev_range_ratio_Q3,25.0,15.0,480,1.480699210469092,322,0.6143819875776437,1.1659150778747758,0.45652173913043476,3
0959,Thu,20.0,30.0,480,1.4786372029666979,261,0.5930536398467461,1.1560228570506994,0.5172413793103449,4
0959,prev_range_ratio_Q3,30.0,15.0,480,1.4786231854177578,322,0.6140341614906877,1.163761022989773,0.453416149068323,3
0959,gap_ratio_range>=0.2,20.0,30.0,480,1.4735794463623,451,0.5910598669623054,1.1547384919022463,0.4811529933481153,4
0959,HIGH_VOL & BIG_GAP,6.0,25.0,480,1.4655296473482502,192,0.5920312500000051,1.2220611620556163,0.6197916666666666,3
0959,gap_ratio_roll>=0.35,25.0,30.0,480,1.4632013618421404,419,0.5869785202863993,1.1520401823661242,0.48687350835322196,4
0959,prev_move_ratio_Q2,20.0,15.0,480,1.4625202135153494,322,0.607692546583857,1.1598425402675754,0.4968944099378882,3
0959,Thu,25.0,30.0,480,1.4617317237076335,261,0.5857356321839113,1.154097607146206,0.5172413793103449,4
0959,gap_ratio_roll_Q4,25.0,25.0,480,1.460304337950657,323,0.5869721362229112,1.147128049485535,0.48297213622291024,4
0959,HIGH_VOL & BIG_GAP,15.0,8.0,1440,1.459787256300607,192,0.605473958333338,1.1632429244455067,0.4375,3
0959,gap_ratio_range_Q4,15.0,25.0,1440,1.4537928326733656,257,0.5898638132295783,1.1255632309578254,0.5175097276264592,4
0959,gap_ratio_range_Q4,15.0,20.0,480,1.4529708135390795,257,0.5810544747081726,1.1563740889670775,0.5136186770428015,4
0959,HIGH_VOL & BIG_GAP,30.0,10.0,1440,1.439480238832574,192,0.5796510416666744,1.1383214205372398,0.4427083333333333,4
0959,gap_ratio_roll>=0.35,30.0,30.0,480,1.4384248169624416,419,0.5768949880668286,1.14670753357105,0.48448687350835323,4
0959,gap_ratio_roll>=0.35,20.0,15.0,480,1.434750474791128,419,0.5739331742243476,1.151383698040898,0.477326968973747,4
0959,BIG_GAP & BIG_PREV_MOVE,8.0,20.0,480,1.4341367502042734,139,0.5656474820143869,1.1818125059255262,0.5683453237410072,4
0959,gap_ratio_roll>=0.35,20.0,8.0,480,1.4314040529938479,419,0.5680739856801929,1.1676825273373608,0.431980906921241,4
0959,HIGH_VOL & BIG_GAP,6.0,20.0,1440,1.4314021006322113,192,0.5655052083333404,1.1775256575645083,0.6666666666666666,4
0959,Thu,20.0,8.0,480,1.4284431985870667,261,0.5680038314176254,1.162737521542971,0.4521072796934866,4
0959,gap_ratio_range_Q4,10.0,25.0,1440,1.4277251402047566,257,0.5732490272373614,1.1416959852884336,0.5642023346303502,4
0959,gap_ratio_range_Q4,20.0,10.0,1440,1.4261180195424645,257,0.5749649805447518,1.1325090414737546,0.44357976653696496,4
0959,BIG_GAP,30.0,12.0,1440,1.425146343423322,223,0.5970403587444012,1.1357791391272172,0.47533632286995514,3
0959,gap_ratio_range>=0.35,30.0,12.0,1440,1.425146343423322,223,0.5970403587444012,1.1357791391272172,0.47533632286995514,3
0959,ThuFri & HIGH_VOL,15.0,8.0,1440,1.4208367240803152,342,0.5911783625730987,1.1496671808978416,0.4239766081871345,3
0959,BIG_GAP,12.0,15.0,1440,1.4183009268820106,223,0.591748878923772,1.1433093868951638,0.5336322869955157,3
0959,gap_ratio_range>=0.35,12.0,15.0,1440,1.4183009268820106,223,0.591748878923772,1.1433093868951638,0.5336322869955157,3
0959,BIG_GAP & BIG_PREV_MOVE,15.0,10.0,480,1.4169551414889034,139,0.5842661870503529,1.168455354031493,0.460431654676259,3
0959,gap_ratio_range>=0.35,12.0,10.0,1440,1.4157214749542995,223,0.5877174887892425,1.1536222744737676,0.4977578475336323,3
0959,BIG_GAP,12.0,10.0,1440,1.4157214749542995,223,0.5877174887892425,1.1536222744737676,0.4977578475336323,3
0959,gap_ratio_roll_Q4,25.0,20.0,480,1.4112573176170156,323,0.5654489164086698,1.1421162592547927,0.47987616099071206,4
0959,gap_ratio_roll_Q4,20.0,10.0,480,1.410999117683871,323,0.5619256965944278,1.1550876299538846,0.4520123839009288,4
0959,HIGH_VOL & BIG_GAP,10.0,10.0,480,1.410181991696827,192,0.5563385416666655,1.1752618254190927,0.515625,4
0959,gap_ratio_range>=0.35,15.0,10.0,1440,1.4083098841891442,223,0.5862556053811716,1.146350282435281,0.47533632286995514,3
0959,BIG_GAP,15.0,10.0,1440,1.4083098841891442,223,0.5862556053811716,1.146350282435281,0.47533632286995514,3
0959,BIG_GAP,8.0,15.0,480,1.407497633091109,223,0.5746816143497778,1.1881640228109647,0.5739910313901345,3
0959,gap_ratio_range>=0.35,8.0,15.0,480,1.407497633091109,223,0.5746816143497778,1.1881640228109647,0.5739910313901345,3
0959,HIGH_VOL & BIG_GAP,6.0,12.0,1440,1.4044840445629152,192,0.5307916666666704,1.1750229271928545,0.6354166666666666,5
0959,BIG_GAP,10.0,15.0,1440,1.4028966447156015,223,0.5830269058296029,1.148951673049848,0.5605381165919282,3
0959,gap_ratio_range>=0.35,10.0,15.0,1440,1.4028966447156015,223,0.5830269058296029,1.148951673049848,0.5605381165919282,3
0959,gap_ratio_roll_Q4,25.0,15.0,480,1.4022115012648,323,0.560727554179568,1.1440207321786127,0.47368421052631576,4
0959,gap_ratio_range>=0.35,10.0,10.0,1440,1.4019643159849338,223,0.5799641255605437,1.158692685991383,0.5246636771300448,3
0959,BIG_GAP,10.0,10.0,1440,1.4019643159849338,223,0.5799641255605437,1.158692685991383,0.5246636771300448,3
0959,gap_ratio_roll>=0.35,20.0,20.0,480,1.4013807888569767,419,0.5601312649164715,1.1448200879058776,0.48448687350835323,4
0959,gap_ratio_range_Q4,15.0,8.0,480,1.4003675859489764,257,0.5532295719844351,1.1697458826057627,0.4591439688715953,4
0959,gap_ratio_roll_Q4,25.0,8.0,1440,1.395130562342358,323,0.5592972136222946,1.1368434049618839,0.4055727554179567,4
0959,gap_ratio_roll_Q4,30.0,8.0,480,1.3943523451721445,323,0.5526656346749232,1.1610758300082475,0.4241486068111455,4
0959,gap_ratio_range_Q4,8.0,25.0,480,1.3925397673941011,257,0.5477509727626492,1.1771568225235283,0.5719844357976653,4
0959,HIGH_VOL & BIG_GAP,10.0,8.0,1440,1.3824968054072257,192,0.5478437500000055,1.158456321546452,0.484375,4
0959,Thu,25.0,8.0,480,1.3775255270023568,261,0.5676091954023005,1.1626244552509966,0.4521072796934866,3
0959,HIGH_VOL & BIG_GAP,12.0,10.0,480,1.3769974912822776,192,0.5429947916666649,1.1676036480379652,0.5,4
0959,gap_ratio_range_Q4,12.0,20.0,480,1.3712790638599859,257,0.543727626459146,1.154165076156917,0.5291828793774319,4
0959,BIG_GAP & BIG_PREV_MOVE,12.0,10.0,480,1.3672777992647651,139,0.5395611510791287,1.1633836997533935,0.48201438848920863,4
0959,Thu,30.0,8.0,480,1.3647806284372137,261,0.5408505747126455,1.153608931738795,0.4482758620689655,4
0959,Thu,30.0,25.0,480,1.3638684644186192,261,0.5651839080459802,1.147740668369959,0.5134099616858238,3
0959,Thu,15.0,20.0,480,1.3637456502306105,261,0.5637701149425296,1.1529088152434954,0.5172413793103449,3
0959,gap_ratio_roll_Q4,25.0,8.0,480,1.361782826233057,323,0.538349845201239,1.1580443211584364,0.42724458204334365,4
0959,gap_ratio_range>=0.35,15.0,15.0,1440,1.3616216302785333,223,0.5689820627802753,1.129454880103008,0.5112107623318386,3
0959,BIG_GAP,15.0,15.0,1440,1.3616216302785333,223,0.5689820627802753,1.129454880103008,0.5112107623318386,3
0959,prev_move_ratio_Q2,30.0,10.0,480,1.3582333550810572,322,0.5613664596273369,1.1523077026781101,0.46273291925465837,3
0959,gap_ratio_roll>=0.35,30.0,25.0,480,1.3410475122078545,419,0.5344797136038216,1.1348752500149069,0.4821002386634845,4
0959,gap_ratio_roll>=0.35,25.0,25.0,480,1.3379445296812311,419,0.5326300715990486,1.136463167137602,0.48448687350835323,4
0959,gap_ratio_range_Q4,10.0,20.0,480,1.3329051151509725,257,0.5473073929961112,1.1613176256864075,0.5447470817120622,3
0959,BIG_GAP,8.0,20.0,1440,1.3220125192215,223,0.5452645739910378,1.14943822710324,0.6053811659192825,3
0959,gap_ratio_range>=0.35,8.0,20.0,1440,1.3220125192215,223,0.5452645739910378,1.14943822710324,0.6053811659192825,3
0959,gap_ratio_roll>=0.35,30.0,15.0,480,1.3166530381934505,419,0.522930787589502,1.1353744409289162,0.47255369928400953,4
0959,HIGH_VOL & BIG_GAP,10.0,8.0,480,1.3152878930688754,192,0.5356354166666648,1.1755243525915957,0.4947916666666667,3
0959,prev_move_ratio_Q2,30.0,10.0,1440,1.31516021833394,322,0.5492608695652211,1.121323915275899,0.453416149068323,3
0959,gap_ratio_range_Q4,12.0,8.0,480,1.3119053714876592,257,0.5140583657587542,1.1629944098788825,0.47470817120622566,4
0959,HIGH_VOL & BIG_GAP,12.0,8.0,480,1.3080906261787946,192,0.5118749999999975,1.1647680120709158,0.4791666666666667,4
0959,HIGH_VOL & BIG_GAP,12.0,8.0,1440,1.3049889229624967,192,0.5157968750000043,1.1422947220502015,0.453125,4
0959,prev_range_ratio_Q3,30.0,12.0,480,1.3037831430198485,322,0.5379968944099404,1.1445907123409789,0.4409937888198758,3
0959,gap_ratio_range_Q4,25.0,25.0,1440,1.30126264741029,257,0.5228443579766603,1.106291538981186,0.48249027237354086,4
0959,gap_ratio_range_Q4,12.0,25.0,1440,1.300055732372754,257,0.5192451361867763,1.1185672348350242,0.5369649805447471,4
0959,prev_move_ratio_Q2,25.0,10.0,480,1.2983047049220668,322,0.5352826086956588,1.1452307365639616,0.46273291925465837,3
0959,gap_ratio_roll_Q4,20.0,12.0,480,1.2885787343188246,323,0.5103436532507758,1.1330308065649874,0.46439628482972134,4
0959,gap_ratio_roll>=0.35,25.0,15.0,480,1.2860326616870943,419,0.5091479713603854,1.1330393574687903,0.47494033412887826,4
0959,prev_range_ratio_Q3,25.0,12.0,480,1.2840342063134917,322,0.529027950310561,1.1436186984974366,0.4440993788819876,3
0959,gap_ratio_roll>=0.35,30.0,20.0,480,1.2836618961343988,419,0.5091288782816258,1.1284628359559852,0.4797136038186158,4
0959,gap_ratio_range>=0.2,25.0,30.0,480,1.2795616444302516,451,0.5067427937915736,1.13039367832487,0.4789356984478936,4
0959,prev_move_ratio_Q2,30.0,12.0,480,1.276614953117511,322,0.5264658385093236,1.1399583234260673,0.4782608695652174,3
0959,gap_ratio_range_Q4,8.0,30.0,1440,1.2764519247031598,257,0.5035992217898893,1.1375170534959154,0.5953307392996109,4
0959,BIG_GAP & BIG_PREV_MOVE,12.0,8.0,1440,1.275500626003868,139,0.5035035971223044,1.1360336493139722,0.4460431654676259,4
0959,gap_ratio_range_Q4,12.0,8.0,1440,1.275452935262865,257,0.5030155642023385,1.1380112501454587,0.4591439688715953,4
0959,ThuFri & HIGH_VOL,15.0,10.0,480,1.2696152236046867,342,0.5010438596491227,1.1347736390856689,0.47076023391812866,4
0959,HIGH_VOL & BIG_GAP,15.0,15.0,1440,1.2689264508841123,192,0.5057083333333393,1.113721250821323,0.5,4
0959,ThuFri,25.0,20.0,480,1.2651333559963778,514,0.5216926070038947,1.1375295356409996,0.48638132295719844,3
0959,Thu,15.0,25.0,480,1.2648038935407637,261,0.5210114942528733,1.139691553522028,0.5172413793103449,3
0959,ThuFri & HIGH_VOL,12.0,8.0,1440,1.2629863766043075,342,0.5208538011695915,1.136849868629289,0.4473684210526316,3
0959,gap_ratio_range>=0.35,6.0,20.0,1440,1.2622123353181571,223,0.5140493273542653,1.163629589873304,0.6636771300448431,3
0959,BIG_GAP,6.0,20.0,1440,1.2622123353181571,223,0.5140493273542653,1.163629589873304,0.6636771300448431,3
0959,gap_ratio_range_Q4,6.0,30.0,1440,1.256592431324887,257,0.4896731517509781,1.1577503842036538,0.6498054474708171,4
0959,gap_ratio_range>=0.2,20.0,25.0,480,1.2553481811452125,451,0.49614412416851383,1.1271000294800768,0.4789356984478936,4
0959,gap_ratio_roll>=0.35,25.0,20.0,480,1.2533577727554785,419,0.49534606205250914,1.126508825750627,0.4821002386634845,4
0959,ThuFri & HIGH_VOL,10.0,20.0,480,1.2530121656682367,342,0.4915730994152078,1.1421273192551342,0.5263157894736842,4
0959,BIG_GAP,12.0,12.0,1440,1.2501607405711779,223,0.5170179372197353,1.1278966576813438,0.5201793721973094,3
0959,gap_ratio_range>=0.35,12.0,12.0,1440,1.2501607405711779,223,0.5170179372197353,1.1278966576813438,0.5201793721973094,3
0959,gap_ratio_range_Q4,15.0,15.0,480,1.244504270679648,257,0.48963035019455353,1.1332506660680177,0.5019455252918288,4
0959,prev_move_ratio_Q2,20.0,10.0,480,1.2444942964946102,322,0.5117236024844772,1.138838801221429,0.46273291925465837,3
0959,ThuFri & HIGH_VOL,12.0,12.0,480,1.242036003929631,342,0.4880614035087737,1.1350510334114112,0.49415204678362573,4
0959,BIG_GAP & BIG_PREV_MOVE,15.0,10.0,1440,1.2413586180005027,139,0.5146834532374146,1.120446288171378,0.4460431654676259,3
0959,BIG_GAP & BIG_PREV_MOVE,6.0,30.0,1440,1.239210917679936,139,0.5034388489208703,1.1635416496257251,0.6474820143884892,3
0959,ThuFri,25.0,25.0,480,1.2367874990923,514,0.5093132295719863,1.13382931365362,0.48638132295719844,3
0959,BIG_GAP & BIG_PREV_MOVE,10.0,10.0,480,1.235839264112554,139,0.4818848920863242,1.1495574588941362,0.49640287769784175,4
0959,gap_ratio_range>=0.35,10.0,12.0,1440,1.2336229957781515,223,0.5082959641255662,1.131874089620865,0.547085201793722,3
0959,BIG_GAP,10.0,12.0,1440,1.2336229957781515,223,0.5082959641255662,1.131874089620865,0.547085201793722,3
0959,gap_ratio_range_Q4,20.0,12.0,1440,1.2330744246688417,257,0.49048638132296185,1.106224482486929,0.4669260700389105,4
0959,ThuFri & HIGH_VOL,10.0,15.0,480,1.231443290535793,342,0.4820438596491272,1.139729134370814,0.52046783625731,4
0959,gap_ratio_range_Q4,15.0,20.0,1440,1.229077977103036,257,0.5114669260700446,1.1097707830188377,0.5097276264591439,3
0959,BIG_GAP & BIG_PREV_MOVE,30.0,8.0,1440,1.2260843312293772,139,0.484115107913675,1.1195048748867868,0.39568345323741005,4
0959,HIGH_VOL & BIG_GAP,6.0,15.0,1440,1.2210101130651072,192,0.47504687500000503,1.1492828745902102,0.6510416666666666,4
0959,BIG_GAP,15.0,12.0,1440,1.217549594348804,223,0.503955156950678,1.1183424350855184,0.4977578475336323,3
0959,gap_ratio_range>=0.35,15.0,12.0,1440,1.217549594348804,223,0.503955156950678,1.1183424350855184,0.4977578475336323,3
0959,prev_move_ratio_Q2,25.0,12.0,480,1.2173268194200348,322,0.5003819875776455,1.1330240614514824,0.4782608695652174,3
0959,gap_ratio_range_Q4,15.0,12.0,480,1.2165414414329758,257,0.4764202334630326,1.133707533880073,0.490272373540856,4
0959,HIGH_VOL & BIG_GAP,8.0,20.0,480,1.2156715989035696,192,0.47276562500000335,1.1483617784257525,0.5729166666666666,4
0959,gap_ratio_roll>=0.35,20.0,8.0,1440,1.2154523666870523,419,0.5016372315035809,1.1239499378734745,0.4081145584725537,3
0959,gap_ratio_range_Q4,20.0,15.0,1440,1.2136243877448414,257,0.48273929961090056,1.099734553540279,0.4785992217898833,4
0959,gap_ratio_range_Q4,30.0,25.0,1440,1.2058114312015327,257,0.47994552529183676,1.0956783180548182,0.4785992217898833,4
0959,ThuFri & HIGH_VOL,10.0,25.0,480,1.2053862658853387,342,0.4708362573099424,1.1353204012568483,0.5263157894736842,4
0959,gap_ratio_roll_Q4,20.0,30.0,1440,1.205353288019757,323,0.5032105263157952,1.0972400870594243,0.48606811145510836,3
0959,prev_range_ratio_Q3,20.0,15.0,480,1.2047612999986739,322,0.4943788819875806,1.1335080004998486,0.45652173913043476,3
0959,gap_ratio_roll_Q4,30.0,10.0,480,1.1989302175564538,323,0.46955108359133185,1.1274154239325762,0.4458204334365325,4
0959,BIG_GAP & BIG_PREV_MOVE,8.0,20.0,1440,1.1961506989735846,139,0.4908489208633131,1.1313089517108397,0.5827338129496403,3
0959,gap_ratio_range>=0.2,30.0,30.0,480,1.1872986191390833,451,0.48846784922394626,1.1235760363493574,0.47671840354767187,3
0959,gap_ratio_range_Q4,15.0,10.0,480,1.1816796128907947,257,0.46057587548638107,1.131417786166315,0.4785992217898833,4
0959,gap_ratio_roll_Q4,20.0,20.0,1440,1.1809872957117533,323,0.46898452012384595,1.0917263867317017,0.47987616099071206,4
0959,HIGH_VOL & BIG_GAP,8.0,20.0,1440,1.1797057037654555,192,0.46162500000000745,1.1222977606616618,0.5989583333333334,4
0959,gap_ratio_roll>=0.35,25.0,8.0,480,1.177965348357127,419,0.4801479713603835,1.140934482019439,0.4295942720763723,3
0959,gap_ratio_roll_Q4,30.0,8.0,1440,1.169842620633543,323,0.45927244582043913,1.1116934609500189,0.4024767801857585,4
0959,gap_ratio_range>=0.35,8.0,12.0,480,1.167533754094754,223,0.4722017937219728,1.1548705820754812,0.5605381165919282,3
0959,BIG_GAP,8.0,12.0,480,1.167533754094754,223,0.4722017937219728,1.1548705820754812,0.5605381165919282,3
0959,gap_ratio_range>=0.35,8.0,10.0,480,1.166397740641623,223,0.4709641255605375,1.1581213631333698,0.5515695067264574,3
0959,BIG_GAP,8.0,10.0,480,1.166397740641623,223,0.4709641255605375,1.1581213631333698,0.5515695067264574,3
0959,ThuFri,20.0,20.0,480,1.165589320318098,514,0.47771400778210443,1.1259358188661912,0.48638132295719844,3
0959,gap_ratio_roll>=0.35,30.0,8.0,480,1.1654874743692818,419,0.47483770883055026,1.1385990528643266,0.42720763723150357,3
0959,gap_ratio_range_Q4,25.0,20.0,1440,1.1652702591195938,257,0.48382101167315744,1.098441850651691,0.4785992217898833,3
0959,gap_ratio_roll_Q4,15.0,30.0,480,1.1652280590704125,323,0.4776191950464388,1.1256014615821754,0.4953560371517028,3
0959,BIG_GAP & BIG_PREV_MOVE,6.0,30.0,480,1.1637134020319713,139,0.46671942446043346,1.1719974547961194,0.60431654676259,3
0959,ThuFri,30.0,20.0,480,1.162291920484483,514,0.4765194552529219,1.1243454161744342,0.48443579766536965,3
0959,Thu,30.0,30.0,480,1.1569114763901842,261,0.47468582375479285,1.121216657420807,0.5134099616858238,3
0959,gap_ratio_range>=0.35,6.0,10.0,480,1.1560284657756386,223,0.4618789237668163,1.1781216115493098,0.5919282511210763,3
0959,BIG_GAP,6.0,10.0,480,1.1560284657756386,223,0.4618789237668163,1.1781216115493098,0.5919282511210763,3
0959,gap_ratio_range_Q4,10.0,15.0,480,1.1559666520972063,257,0.4483968871595351,1.1319654071485181,0.5330739299610895,4
0959,Thu,12.0,15.0,480,1.1553170733580589,261,0.4712260536398494,1.1334072375514428,0.5172413793103449,3
0959,HIGH_VOL & BIG_GAP,8.0,15.0,480,1.1518803759553853,192,0.44458333333333516,1.1410617640983276,0.5625,4
0959,gap_ratio_roll_Q4,25.0,10.0,480,1.1463162151837556,323,0.44594736842105315,1.122035653073449,0.44891640866873067,4
0959,gap_ratio_range_Q4,10.0,8.0,480,1.1424535296445908,257,0.4401128404669258,1.1413906684583892,0.48638132295719844,4
0959,BIG_GAP,8.0,8.0,480,1.138484285462409,223,0.45752466367712913,1.1605049168671113,0.5291479820627802,3
0959,gap_ratio_range>=0.35,8.0,8.0,480,1.138484285462409,223,0.45752466367712913,1.1605049168671113,0.5291479820627802,3
0959,HIGH_VOL & BIG_GAP,15.0,12.0,1440,1.137970481694243,192,0.4457343750000054,1.1043261060900489,0.484375,4
0959,ThuFri,20.0,25.0,480,1.1375672660213278,514,0.4653346303501959,1.1222733095925317,0.48638132295719844,3
0959,gap_ratio_roll_Q4,30.0,12.0,480,1.1335028926393176,323,0.4417956656346765,1.1129743120006907,0.4582043343653251,4
0959,gap_ratio_range_Q4,12.0,15.0,480,1.127596691249144,257,0.4367392996108966,1.1239139506693492,0.5175097276264592,4
0959,BIG_GAP & BIG_PREV_MOVE,30.0,12.0,1440,1.1249284709360856,139,0.4645179856115172,1.098795958680988,0.43884892086330934,3
0959,HIGH_VOL & BIG_GAP,15.0,10.0,1440,1.1211144651877063,192,0.43715625000000574,1.1070600390311116,0.4583333333333333,4
0959,gap_ratio_range_Q4,6.0,30.0,480,1.113752828478235,257,0.4239105058365801,1.1555323963367208,0.6070038910505836,4
0959,gap_ratio_range_Q4,30.0,20.0,1440,1.1132070765470012,257,0.4603774319066219,1.0922117588560853,0.47470817120622566,3
0959,gap_ratio_range_Q4,10.0,20.0,1440,1.1127711587202733,257,0.45594163424125184,1.1116105361214792,0.556420233463035,3
0959,ThuFri,30.0,25.0,480,1.1123985812478154,514,0.4544124513618694,1.117896590120972,0.48443579766536965,3
0959,gap_ratio_roll_Q4,15.0,8.0,1440,1.1099156221056834,323,0.4314613003096013,1.1089159594447064,0.4241486068111455,4
0959,gap_ratio_range_Q4,10.0,12.0,480,1.1096143655525676,257,0.4274046692606989,1.1282274878418348,0.5214007782101168,4
0959,ThuFri & HIGH_VOL,10.0,30.0,480,1.1083376949184458,342,0.4281461988304105,1.121559638739757,0.5263157894736842,4
0959,Thu,15.0,30.0,480,1.1025374939647912,261,0.4496704980842913,1.1183010627177876,0.5172413793103449,3
0959,BIG_GAP & BIG_PREV_MOVE,30.0,10.0,1440,1.1007491041105286,139,0.45240287769784837,1.1015540594008255,0.4172661870503597,3
0959,gap_ratio_range_Q4,12.0,12.0,480,1.0992554981573697,257,0.4235291828793756,1.1232432958781138,0.5058365758754864,4
0959,prev_move_ratio_Q2,30.0,8.0,1440,1.0983155808177592,322,0.4497888198757824,1.1083573866501488,0.41304347826086957,3
0959,gap_ratio_range_Q4,12.0,10.0,480,1.0954106108184145,257,0.42140466926070014,1.1248236579563684,0.49416342412451364,4
0959,Thu,15.0,8.0,480,1.0950851570659712,261,0.44404597701149323,1.128349779062427,0.4559386973180077,3
0959,ThuFri & HIGH_VOL,25.0,15.0,1440,1.0942419392561535,342,0.4518801169590673,1.0895850554577196,0.4619883040935672,3
0959,ThuFri,25.0,30.0,480,1.091513952402773,514,0.44515369649805664,1.1150311899226995,0.48638132295719844,3
0959,gap_ratio_range>=0.2,25.0,25.0,480,1.0910040274333817,451,0.42291352549889066,1.1068232007531735,0.47671840354767187,4
0959,prev_move_ratio_Q2,30.0,8.0,480,1.0908971103290095,322,0.4424006211180187,1.126798800488138,0.43167701863354035,3
0959,BIG_GAP & BIG_PREV_MOVE,15.0,12.0,1440,1.0899430732685378,139,0.4476618705036014,1.099671951535966,0.4676258992805755,3
0959,gap_ratio_range_Q4,10.0,8.0,1440,1.0866875338597688,257,0.41846692607004354,1.1188951351231848,0.48249027237354086,4
0959,HIGH_VOL & BIG_GAP,10.0,15.0,1440,1.082764110115687,192,0.4196145833333406,1.1037498342006429,0.546875,4
0959,HIGH_VOL & BIG_GAP,6.0,10.0,1440,1.0821737549671502,192,0.4126979166666717,1.1375774370086416,0.6041666666666666,4
0959,ThuFri & HIGH_VOL,10.0,8.0,480,1.0775548266107016,342,0.4127953216374274,1.125883653743268,0.47953216374269003,4
0959,BIG_GAP,6.0,12.0,1440,1.0763171236809026,223,0.4107937219730961,1.1332291045535865,0.6367713004484304,4
0959,gap_ratio_range>=0.35,6.0,12.0,1440,1.0763171236809026,223,0.4107937219730961,1.1332291045535865,0.6367713004484304,4
0959,BIG_GAP,8.0,8.0,1440,1.0748656570265456,223,0.43335426008969086,1.1342022963732428,0.5291479820627802,3
0959,gap_ratio_range>=0.35,8.0,8.0,1440,1.0748656570265456,223,0.43335426008969086,1.1342022963732428,0.5291479820627802,3
0959,ThuFri,25.0,15.0,480,1.0724916154010775,514,0.4363910505836617,1.1139104804447044,0.4805447470817121,3
0959,prev_move_ratio_Q2,25.0,10.0,1440,1.0629681477652881,322,0.43553416149068525,1.0962033027225893,0.453416149068323,3
0959,gap_ratio_roll_Q4,25.0,12.0,480,1.0609745332795453,323,0.40890402476780335,1.1055662970508806,0.4613003095975232,4
0959,BIG_GAP & BIG_PREV_MOVE,8.0,15.0,480,1.0539129581115834,139,0.401654676258989,1.1259878412593807,0.5539568345323741,4
0959,gap_ratio_roll_Q4,15.0,8.0,480,1.0490525917695737,323,0.4006037151702779,1.119432645323025,0.43653250773993807,4
0959,gap_ratio_roll_Q4,20.0,15.0,1440,1.0466516021015304,323,0.40696904024768443,1.080383317576816,0.47058823529411764,4
0959,gap_ratio_roll_Q4,20.0,10.0,1440,1.0443946753971964,323,0.4043591331269398,1.0882295123827883,0.43343653250773995,4
0959,gap_ratio_range>=0.35,6.0,8.0,480,1.0429487783940752,223,0.4127713004484305,1.1633015120576082,0.5695067264573991,3
0959,BIG_GAP,6.0,8.0,480,1.0429487783940752,223,0.4127713004484305,1.1633015120576082,0.5695067264573991,3
0959,gap_ratio_range_Q4,12.0,20.0,1440,1.0418626999324654,257,0.4252840466926123,1.0970988845417182,0.5291828793774319,3
0959,gap_ratio_range>=0.2,15.0,30.0,480,1.0374128244695593,451,0.42027050997782484,1.1115277027559767,0.49002217294900224,3
0959,HIGH_VOL & BIG_GAP,6.0,8.0,1440,1.035608563609018,192,0.3911093750000039,1.1365086521104475,0.578125,4
0959,ThuFri,25.0,8.0,480,1.034843125766593,514,0.4178093385214019,1.1178155780289427,0.433852140077821,3
0959,gap_ratio_roll>=0.35,20.0,10.0,480,1.026001014994947,419,0.4146610978520312,1.1125710116832368,0.45346062052505964,3
0959,gap_ratio_range>=0.2,30.0,25.0,480,1.0245015599269844,451,0.4157250554323719,1.1035575039312104,0.4745011086474501,3
0959,prev_range_ratio_Q3,20.0,12.0,480,1.0134680805449598,322,0.409024844720498,1.1110406658426821,0.4440993788819876,3
0959,BIG_GAP & BIG_PREV_MOVE,6.0,25.0,1440,1.009034786777606,139,0.40385611510791997,1.1270812911872126,0.6474820143884892,3
0959,gap_ratio_roll>=0.35,15.0,30.0,480,1.0086912466917584,419,0.384651551312651,1.1023995455940354,0.4964200477326969,4
0959,gap_ratio_range>=0.35,6.0,15.0,1440,1.0074166405095448,223,0.40309417040359097,1.127087671972709,0.6502242152466368,3
0959,BIG_GAP,6.0,15.0,1440,1.0074166405095448,223,0.40309417040359097,1.127087671972709,0.6502242152466368,3
0959,prev_move_ratio_Q2,15.0,25.0,480,1.0073972411960557,322,0.4064130434782644,1.1096695958822267,0.5093167701863354,3
0959,ThuFri & HIGH_VOL,20.0,12.0,1440,1.0043577500703975,342,0.40976315789473855,1.08500382137788,0.4473684210526316,3
0959,BIG_GAP,6.0,12.0,480,0.9998590090072813,223,0.3960224215246631,1.1459871027892157,0.600896860986547,3
0959,gap_ratio_range>=0.35,6.0,12.0,480,0.9998590090072813,223,0.3960224215246631,1.1459871027892157,0.600896860986547,3
0959,ThuFri & HIGH_VOL,20.0,15.0,1440,0.999576644817655,342,0.40826608187134755,1.0809385901554585,0.4619883040935672,3
0959,Thu,12.0,20.0,480,0.9982821994566479,261,0.4020344827586226,1.109973735675673,0.524904214559387,3
0959,gap_ratio_range>=0.2,20.0,20.0,480,0.99778456241437,451,0.38065631929046495,1.0958132624763013,0.4745011086474501,4
0959,HIGH_VOL & BIG_GAP,10.0,10.0,1440,0.9971625287276975,192,0.3795260416666733,1.1004158903747165,0.5052083333333334,4
0959,gap_ratio_range_Q4,25.0,10.0,1440,0.9964001218291259,257,0.40452140077821536,1.0923494287343694,0.4357976653696498,3
0959,HIGH_VOL & BIG_GAP,10.0,12.0,1440,0.9959256268686674,192,0.3796197916666735,1.0966389117233717,0.53125,4
0959,ThuFri,20.0,30.0,480,0.9939387237389177,514,0.40117509727626627,1.1036667765989112,0.48638132295719844,3
0959,ThuFri,30.0,15.0,480,0.9935360501276953,514,0.4009455252918328,1.1038669767263716,0.4785992217898833,3
0959,HIGH_VOL & BIG_GAP,12.0,15.0,1440,0.9898747157232646,192,0.3782760416666721,1.0880907821788075,0.515625,4
0959,Thu,12.0,8.0,480,0.9898166150173912,261,0.3966858237547887,1.117082498860669,0.4674329501915709,3
0959,gap_ratio_range_Q4,25.0,15.0,1440,0.9895851015756669,257,0.40304280155642597,1.0831164787795495,0.4708171206225681,3
0959,gap_ratio_range_Q4,30.0,15.0,1440,0.9885607719157246,257,0.3795992217898904,1.0773508654667256,0.4669260700389105,4
0959,BIG_GAP & BIG_PREV_MOVE,6.0,8.0,480,0.9868339347075469,139,0.38830215827337755,1.1551101812789517,0.5539568345323741,3
0959,gap_ratio_roll_Q4,15.0,25.0,480,0.9783430126711494,323,0.37145201238390035,1.0954066386016026,0.49226006191950467,4
0959,gap_ratio_range_Q4,25.0,12.0,1440,0.9736515425197776,257,0.3718793774319114,1.0803830205976612,0.4591439688715953,4
0959,HIGH_VOL & BIG_GAP,6.0,10.0,480,0.9731218251005075,192,0.3839114583333334,1.144040786575917,0.5833333333333334,3
0959,BIG_GAP & BIG_PREV_MOVE,6.0,25.0,480,0.9726809284382276,139,0.38484892086331035,1.1376724315421045,0.60431654676259,3
0959,ThuFri,20.0,8.0,480,0.9723801542361389,514,0.38977042801556483,1.1099090519081107,0.433852140077821,3
0959,ThuFri,20.0,15.0,480,0.9672719233251756,514,0.3888968871595367,1.10151315248226,0.4805447470817121,3
0959,ThuFri & HIGH_VOL,10.0,8.0,1440,0.9648630217206419,342,0.38690058479532213,1.1061302405415596,0.47076023391812866,3
0959,gap_ratio_range>=0.35,8.0,15.0,1440,0.9638873035985732,223,0.38673094170404193,1.1045311244359293,0.5919282511210763,3
0959,BIG_GAP,8.0,15.0,1440,0.9638873035985732,223,0.38673094170404193,1.1045311244359293,0.5919282511210763,3
0959,gap_ratio_range_Q4,6.0,25.0,1440,0.9637741364949395,257,0.36165369649805956,1.1118936261143333,0.6498054474708171,4
0959,BIG_GAP & BIG_PREV_MOVE,12.0,10.0,1440,0.958555321195578,139,0.3630359712230248,1.0894770252107404,0.4676258992805755,4
0959,asia_ratio>=1.6,30.0,20.0,480,0.9498825247506576,322,0.38265217391305106,1.0903645119037335,0.46273291925465837,3
0959,gap_ratio_range_Q4,8.0,25.0,1440,0.9480353172616762,257,0.3572607003891114,1.0938080131594425,0.5953307392996109,4
0959,BIG_GAP & BIG_PREV_MOVE,6.0,20.0,1440,0.9480091239249036,139,0.37684892086331473,1.117583678087129,0.6474820143884892,3
0959,ThuFri,30.0,30.0,480,0.947911954755264,514,0.38052529182879585,1.0968697006196815,0.48443579766536965,3
0959,gap_ratio_roll_Q4,8.0,30.0,480,0.9450490455929119,323,0.3533869969040262,1.1083091684758686,0.5603715170278638,4
0959,ThuFri,30.0,8.0,480,0.9428574452605354,514,0.37652723735408666,1.1057107337893097,0.43190661478599224,3
0959,BIG_GAP & BIG_PREV_MOVE,10.0,8.0,1440,0.942471403995123,139,0.37647482014388767,1.104978504783514,0.460431654676259,3
0959,gap_ratio_range_Q4,6.0,25.0,480,0.9394579956369171,257,0.3481011673151786,1.124261752237663,0.6070038910505836,4
0959,gap_ratio_roll_Q4,8.0,25.0,480,0.9381330616505945,323,0.350281733746131,1.1072553620097172,0.5603715170278638,4
0959,Thu,8.0,15.0,480,0.934175426601679,261,0.3704137931034513,1.1170254488408586,0.5555555555555556,3
0959,gap_ratio_roll>=0.35,20.0,12.0,480,0.9330872236893494,419,0.3734295942720799,1.0970143654945406,0.4630071599045346,3
0959,gap_ratio_roll_Q4,15.0,15.0,480,0.9215441872365631,323,0.3452074303405571,1.090175714134365,0.48297213622291024,4
0959,ThuFri,15.0,20.0,480,0.9160674451564202,514,0.3651653696498058,1.0978644439670724,0.490272373540856,3
0959,HIGH_VOL & BIG_GAP,6.0,12.0,480,0.9159706114447279,192,0.3595052083333326,1.1306245186148216,0.59375,3
0959,ThuFri & HIGH_VOL,12.0,10.0,480,0.9117903159581153,342,0.36285964912280755,1.0994076299188948,0.47953216374269003,3
0959,gap_ratio_range_Q4,30.0,10.0,1440,0.9108274968842336,257,0.34216731517510396,1.0774266429289663,0.43190661478599224,4
0959,ThuFri,15.0,25.0,480,0.9102217917423528,514,0.36251361867704124,1.0970847785435194,0.490272373540856,3
0959,HIGH_VOL & BIG_GAP,12.0,12.0,1440,0.9041592423394711,192,0.338281250000005,1.0815792845138792,0.5,4
0959,Thu,12.0,25.0,480,0.9034522187604347,261,0.3592758620689662,1.097141217396349,0.524904214559387,3
0959,HIGH_VOL & BIG_GAP,12.0,10.0,1440,0.9026829919379662,192,0.33706250000000537,1.0847261025416797,0.4739583333333333,4
0959,asia_ratio_Q4,30.0,20.0,480,0.8993658110346956,323,0.35945820433437314,1.0847091595039093,0.4613003095975232,3
0959,gap_ratio_roll_Q4,15.0,20.0,480,0.8975930015857061,323,0.33444891640866814,1.0857983607078183,0.4891640866873065,4
0959,Fri,25.0,25.0,480,0.8965457709707676,253,0.356877470355732,1.091882601125305,0.45454545454545453,3
0959,gap_ratio_roll>=0.35,25.0,8.0,1440,0.8934786168562299,419,0.35621479713604015,1.0871637642057073,0.4009546539379475,3
0959,gap_ratio_roll_Q4,25.0,30.0,1440,0.89345525368829,323,0.3360247678018634,1.0637027985305687,0.47678018575851394,4
0959,gap_ratio_roll_Q4,20.0,25.0,1440,0.8875774361563302,323,0.3566934984520187,1.067818559511947,0.48297213622291024,3
0959,BIG_GAP & BIG_PREV_MOVE,8.0,12.0,480,0.8845245483780545,139,0.3479064748201384,1.1112701301629722,0.539568345323741,3
0959,prev_range_ratio_Q2,10.0,25.0,1440,0.8782055110310366,322,0.34886956521739626,1.0873288576412763,0.5496894409937888,3
0959,gap_ratio_roll_Q4,12.0,30.0,480,0.8772724934447096,323,0.34720123839009276,1.0946713693100183,0.5077399380804953,3
0959,gap_ratio_range>=0.2,30.0,20.0,480,0.8704134161052788,451,0.3224101995565404,1.0793802957456065,0.4700665188470067,4
0959,HIGH_VOL & BIG_GAP,6.0,15.0,480,0.8665151841397797,192,0.3381041666666687,1.1192142977823167,0.6041666666666666,3
0959,gap_ratio_range_Q4,30.0,12.0,1440,0.864474282199075,257,0.32119844357977273,1.0687344396612752,0.45525291828793774,4
0959,gap_ratio_range_Q4,10.0,10.0,480,0.8640328683991969,257,0.33967704280155653,1.1020933958623271,0.5058365758754864,3
0959,gap_ratio_roll>=0.35,15.0,25.0,480,0.8633382284041393,419,0.3183699284009567,1.0835454897886208,0.49403341288782815,4
0959,gap_ratio_range>=0.2,25.0,20.0,480,0.8622780270419577,451,0.31851219512195045,1.0792862477004619,0.4722838137472284,4
0959,Fri,30.0,25.0,480,0.8600635810423017,253,0.3401383399209489,1.087572901094674,0.45454545454545453,3
0959,gap_ratio_range_Q1,30.0,8.0,240,0.8599746262268393,257,0.32801167315175883,1.1644797558724693,0.4980544747081712,3
0959,BIG_GAP & BIG_PREV_MOVE,12.0,12.0,1440,0.8590267964082574,139,0.31759712230216125,1.0750402007146045,0.4892086330935252,4
0959,HIGH_VOL & BIG_GAP,8.0,15.0,1440,0.8581072048069254,192,0.3159062500000071,1.0832357853221026,0.5833333333333334,4
0959,Thu,10.0,15.0,480,0.8578797830856449,261,0.33728352490421787,1.0987677452869045,0.5287356321839081,3
0959,ThuFri & HIGH_VOL,10.0,12.0,480,0.855544234049125,342,0.31378362573099705,1.0891601100024104,0.5058479532163743,4
0959,Fri,25.0,20.0,480,0.8550902867477201,253,0.3379169960474342,1.0865783461473035,0.45454545454545453,3
0959,gap_ratio_roll_Q4,25.0,20.0,1440,0.8539838484129849,323,0.31727863777090487,1.06122874520535,0.47058823529411764,4
0959,prev_move_ratio_Q2,15.0,30.0,480,0.8519713307053333,322,0.3360341614906874,1.0889879992894327,0.5093167701863354,3
0959,gap_ratio_roll>=0.35,30.0,10.0,480,0.85169989442714,419,0.335744630071601,1.0899809902469482,0.4486873508353222,3
0959,asia_ratio>=1.6,30.0,15.0,480,0.8493865361323425,322,0.3130062111801306,1.0746761979065964,0.453416149068323,4
0959,gap_ratio_roll>=0.35,25.0,10.0,480,0.8478610048785357,419,0.33389498806682805,1.0900613361074496,0.4510739856801909,3
0959,HIGH_VOL & BIG_GAP,8.0,12.0,480,0.8413134772503162,192,0.328489583333333,1.10452176362868,0.546875,3
0959,prev_range_ratio_Q3,25.0,10.0,480,0.8373497884388981,322,0.3291086956521745,1.0885190744559912,0.43167701863354035,3
0959,ThuFri & HIGH_VOL,25.0,20.0,1440,0.8372701116243939,342,0.33300877192982825,1.0638198436683095,0.4678362573099415,3
0959,gap_ratio_roll_Q4,8.0,30.0,1440,0.8365406456493829,323,0.30604953560372233,1.0798614982170258,0.5851393188854489,4
0959,prev_range_ratio_Q3,30.0,10.0,480,0.8363517735106841,322,0.32876086956521844,1.087693022647052,0.42857142857142855,3
0959,Thu,20.0,12.0,480,0.835982135159988,261,0.3288429118773998,1.0860481110681137,0.4789272030651341,3
0959,Thu,25.0,12.0,480,0.8351249885137341,261,0.3284482758620747,1.085944846918419,0.4789272030651341,3
0959,gap_ratio_range>=0.35,8.0,10.0,1440,0.8309628203146324,223,0.32530941704036426,1.0932773066023438,0.5515695067264574,3
0959,BIG_GAP,8.0,10.0,1440,0.8309628203146324,223,0.32530941704036426,1.0932773066023438,0.5515695067264574,3
0959,gap_ratio_range>=0.2,15.0,25.0,480,0.8281892238909048,451,0.3253547671840332,1.0844606942774397,0.4878048780487805,3
0959,gap_ratio_roll>=0.35,15.0,8.0,480,0.8230575070648959,419,0.3211264916467789,1.0959264482147468,0.43914081145584727,3
0959,HIGH_VOL & BIG_GAP,25.0,20.0,240,0.8210027596654046,192,0.3087760416666659,1.1731049988320483,0.4895833333333333,3
0959,HIGH_VOL & BIG_GAP,25.0,25.0,240,0.8197158909840366,192,0.3082343750000002,1.1727488732690379,0.4895833333333333,3
0959,HIGH_VOL & BIG_GAP,25.0,30.0,240,0.8197158909840366,192,0.3082343750000002,1.1727488732690379,0.4895833333333333,3
0959,Fri,30.0,20.0,480,0.8187853235992549,253,0.32117786561265105,1.0822895822024912,0.45454545454545453,3
0959,gap_ratio_roll>=0.35,15.0,15.0,480,0.8129119485820269,419,0.2948878281622933,1.078457942471288,0.48448687350835323,4
0959,gap_ratio_range>=0.2,20.0,15.0,480,0.8113008723218164,451,0.31782483370288234,1.080708623732127,0.4678492239467849,3
0959,asia_ratio>=1.6,25.0,20.0,480,0.8015702552971138,322,0.31397204968944853,1.0752492329861383,0.4658385093167702,3
0959,gap_ratio_roll>=0.35,30.0,12.0,480,0.8008206843903882,419,0.31288066825775923,1.0800923496309627,0.45823389021479716,3
0959,BIG_GAP & BIG_PREV_MOVE,6.0,12.0,480,0.8001429506660359,139,0.3078776978417206,1.111692257099679,0.5827338129496403,3
0959,asia_ratio_Q4,30.0,15.0,480,0.8000807871445565,323,0.2900278637770964,1.069045295612542,0.4520123839009288,4
0959,BIG_GAP & BIG_PREV_MOVE,15.0,15.0,1440,0.7976153102085736,139,0.31364748201439163,1.0647872128584726,0.48201438848920863,3
0959,gap_ratio_roll_Q4,20.0,12.0,1440,0.7973396376606432,323,0.2900990712074353,1.059088418223565,0.4520123839009288,4
0959,gap_ratio_range_Q4,15.0,10.0,1440,0.7919665667661875,257,0.286322957198449,1.0674785303921628,0.45525291828793774,4
0959,ThuFri,15.0,30.0,480,0.7912172161315457,514,0.30808171206225554,1.0813219059298524,0.490272373540856,3
0959,HIGH_VOL & BIG_GAP,8.0,8.0,1440,0.7891470336884017,192,0.28260416666667254,1.084707527979557,0.5104166666666666,4
0959,gap_ratio_range>=0.2,12.0,30.0,480,0.7870337231237954,451,0.3056651884700645,1.084089870725281,0.49889135254988914,3
0959,prev_range_ratio_Q2,12.0,25.0,480,0.7828758962135826,322,0.30309316770185984,1.0880572828883963,0.5031055900621118,3
0959,gap_ratio_range>=0.2,10.0,30.0,480,0.7821833927335988,451,0.30311086474501103,1.0856507181470276,0.516629711751663,3
0959,gap_ratio_roll>=0.35,25.0,12.0,480,0.7815537471878937,419,0.3038711217183801,1.0783605352706118,0.4606205250596659,3
0959,Thu,8.0,20.0,480,0.7808016556886882,261,0.3015134099616873,1.0921180778289192,0.5632183908045977,3
0959,HIGH_VOL & BIG_GAP,6.0,20.0,480,0.7784885103732403,192,0.2989791666666702,1.1021147305355148,0.6145833333333334,3
0959,gap_ratio_range>=0.2,10.0,25.0,480,0.7768474873008366,451,0.3006607538802655,1.0848996059873885,0.516629711751663,3
0959,Fri,25.0,30.0,480,0.7731101686568946,253,0.3001264822134397,1.0761585717509594,0.45454545454545453,3
0959,gap_ratio_roll_Q4,15.0,10.0,480,0.7707208036976745,323,0.27487925696594306,1.076259991376452,0.4582043343653251,4
0959,ThuFri & HIGH_VOL,8.0,25.0,480,0.7640492597058219,342,0.2709210526315802,1.081969098477041,0.543859649122807,4
0959,ThuFri & HIGH_VOL,8.0,20.0,480,0.7610287970148217,342,0.26952923976608545,1.081513669914693,0.543859649122807,4
0959,gap_ratio_roll>=0.35,15.0,20.0,480,0.7571951496148412,419,0.26915274463007344,1.0701819347250447,0.4916467780429594,4
0959,asia_ratio_Q4,25.0,20.0,480,0.7522313791902772,323,0.29099071207431115,1.0695896954830761,0.46439628482972134,3
0959,Thu,8.0,25.0,480,0.7506931556872474,261,0.2877509578544064,1.087545286265148,0.5632183908045977,3
0959,gap_ratio_roll_Q4,30.0,30.0,1440,0.7493099417240513,323,0.2917275541795745,1.0543480831267062,0.47368421052631576,3
0959,Thu,12.0,30.0,480,0.747861825827433,261,0.28793486590038425,1.076378711407159,0.524904214559387,3
0959,ThuFri & HIGH_VOL,20.0,20.0,1440,0.7448397058671361,342,0.2893947368421085,1.0554613824634829,0.4678362573099415,3
0959,Thu,30.0,12.0,480,0.7439309018386457,261,0.28636398467433555,1.0740418964140601,0.47509578544061304,3
0959,gap_ratio_roll_Q4,30.0,20.0,1440,0.7427909185037458,323,0.2884613003096067,1.0550102140824467,0.4674922600619195,3
0959,BIG_GAP & BIG_PREV_MOVE,8.0,8.0,480,0.7381751089380166,139,0.28054676258992217,1.0965314427732593,0.5035971223021583,3
0959,Fri,30.0,30.0,480,0.7371533529998793,253,0.2833873517786566,1.0719109350317195,0.45454545454545453,3
0959,gap_ratio_range>=0.35,8.0,12.0,1440,0.7367880375933894,223,0.2824932735426064,1.0771752553070562,0.5739910313901345,3
0959,BIG_GAP,8.0,12.0,1440,0.7367880375933894,223,0.2824932735426064,1.0771752553070562,0.5739910313901345,3
0959,ThuFri,15.0,15.0,480,0.7360828846784478,514,0.28246692607003954,1.0748725977678697,0.48443579766536965,3
0959,gap_ratio_roll_Q4,12.0,8.0,480,0.7313723671538381,323,0.255721362229102,1.0779349934706632,0.44891640866873067,4
0959,HIGH_VOL & BIG_GAP,8.0,10.0,480,0.7242254685113196,192,0.2749687499999993,1.0883299229869614,0.5364583333333334,3
0959,gap_ratio_roll_Q4,25.0,15.0,1440,0.7232617707872702,323,0.2552631578947433,1.049891473187192,0.4613003095975232,4
0959,ThuFri,15.0,8.0,480,0.7231079684078053,514,0.2756945525291809,1.0787787177882113,0.4396887159533074,3
0959,gap_ratio_roll_Q4,8.0,20.0,480,0.7206868845214891,323,0.25091950464396434,1.0751152257386454,0.5572755417956656,4
0959,gap_ratio_roll_Q4,10.0,25.0,480,0.7187110112675241,323,0.27380495356037315,1.077066188439593,0.5232198142414861,3
0959,asia_ratio>=1.6,30.0,25.0,480,0.7138372525284865,322,0.2733198757764046,1.0629207843989588,0.46273291925465837,3
0959,gap_ratio_roll_Q4,8.0,15.0,480,0.7125157474182531,323,0.2470309597523232,1.0747024904575064,0.5510835913312694,4
0959,ThuFri,25.0,12.0,480,0.7112830572687375,514,0.27113618677043205,1.0701148893267043,0.46303501945525294,3
0959,BIG_GAP & BIG_PREV_MOVE,6.0,20.0,480,0.7080291767070301,139,0.26679856115107775,1.0915749106721744,0.60431654676259,3
0959,gap_ratio_range>=0.2,20.0,8.0,480,0.707522043995203,451,0.26858093126385885,1.0758065041016747,0.4190687361419069,3
0959,ThuFri & HIGH_VOL,8.0,30.0,480,0.703395262173719,342,0.24285087719298398,1.0728575000109657,0.543859649122807,4
0959,prev_move_ratio_Q2,12.0,25.0,480,0.7009114163069684,322,0.265850931677023,1.0722568577501155,0.515527950310559,3
0959,gap_ratio_roll_Q4,8.0,25.0,1440,0.6994391532093456,323,0.24219195046440353,1.0621624800150047,0.5851393188854489,4
0959,Fri,25.0,8.0,480,0.6957772283209727,253,0.26327272727272794,1.0730488644788274,0.4150197628458498,3
0959,prev_range_ratio_Q2,20.0,25.0,480,0.6947522297325811,322,0.2628229813664565,1.0726963330996844,0.48757763975155277,3
0959,gap_ratio_range>=0.2,30.0,15.0,480,0.6945207502214223,451,0.26358536585365844,1.0658231478743703,0.4634146341463415,3
0959,gap_ratio_range_Q4,8.0,20.0,480,0.6929279591045814,257,0.2611789883268511,1.0787581825883212,0.5642023346303502,3
0959,gap_ratio_roll_Q4,10.0,30.0,480,0.6920307880011924,323,0.26143034055727765,1.0733277814876927,0.5232198142414861,3
0959,prev_range_ratio_Q3,20.0,12.0,1440,0.6895611050825018,322,0.2624472049689435,1.0558843640432378,0.4409937888198758,3
0959,Fri,20.0,25.0,480,0.6873623002562717,253,0.2599802371541506,1.0669351876067885,0.45454545454545453,3
0959,gap_ratio_range>=0.35,25.0,20.0,240,0.6872822346772326,223,0.25032735426008906,1.1463185126744022,0.47533632286995514,3
0959,BIG_GAP,25.0,20.0,240,0.6872822346772326,223,0.25032735426008906,1.1463185126744022,0.47533632286995514,3
0959,gap_ratio_range>=0.2,25.0,15.0,480,0.6863564214377174,451,0.25968736141906856,1.0653928574220297,0.4656319290465632,3
0959,BIG_GAP & BIG_PREV_MOVE,10.0,10.0,1440,0.6862472927648409,139,0.23600719424460806,1.0603070780159063,0.48201438848920863,4
0959,BIG_GAP,25.0,30.0,240,0.686203205283744,223,0.24986098654708544,1.1460061160156285,0.47533632286995514,3
0959,gap_ratio_range>=0.35,25.0,25.0,240,0.686203205283744,223,0.24986098654708544,1.1460061160156285,0.47533632286995514,3
0959,BIG_GAP,25.0,25.0,240,0.686203205283744,223,0.24986098654708544,1.1460061160156285,0.47533632286995514,3
0959,gap_ratio_range>=0.35,25.0,30.0,240,0.686203205283744,223,0.24986098654708544,1.1460061160156285,0.47533632286995514,3
0959,prev_range_ratio_Q2,20.0,20.0,480,0.684947214749733,322,0.2582608695652148,1.0713444342161584,0.48757763975155277,3
0959,ThuFri & HIGH_VOL,30.0,15.0,1440,0.6844813949760438,342,0.260622807017548,1.050785198319411,0.45614035087719296,3
0959,asia_ratio>=1.6,20.0,20.0,480,0.6783203650576912,322,0.25617701863354825,1.0623253712443033,0.468944099378882,3
0959,ThuFri & HIGH_VOL,8.0,15.0,480,0.6775261749485754,342,0.23076023391813352,1.069360768276854,0.5380116959064327,4
0959,asia_ratio>=1.6,30.0,30.0,480,0.6717138866739957,322,0.25351863354037985,1.0578916799458777,0.4658385093167702,3
0959,gap_ratio_range_Q1,25.0,8.0,240,0.6669894016418643,257,0.24361478599222555,1.122159373603714,0.4980544747081712,3
0959,asia_ratio_Q4,30.0,25.0,480,0.6653419742348498,323,0.250464396284837,1.057545830381355,0.4613003095975232,3
0959,Thu,10.0,20.0,480,0.6647015185534102,261,0.248643678160922,1.070036617702766,0.5363984674329502,3
0959,asia_ratio>=1.6,15.0,20.0,480,0.6635560667196632,322,0.24901863354037682,1.062319832930869,0.484472049689441,3
0959,prev_range_ratio_Q2,10.0,25.0,480,0.6631611438003595,322,0.247503105590059,1.0733523426987277,0.5124223602484472,3
0959,asia_ratio>=1.6,25.0,15.0,480,0.6530541679978216,322,0.2443260869565281,1.0589457894740801,0.45652173913043476,3
0959,ThuFri,12.0,20.0,480,0.6491748526538752,514,0.24164785992218096,1.0657118702173771,0.5,3
0959,HIGH_VOL & BIG_GAP,8.0,12.0,1440,0.6490499525949218,192,0.24164062500000702,1.0652568358276153,0.5625,3
0959,gap_ratio_roll>=0.2,30.0,30.0,480,0.6488424428251336,726,0.2420606060606059,1.0608163011053355,0.46831955922865015,3
0959,gap_ratio_roll_Q4,15.0,30.0,1440,0.6484796586154336,323,0.24330340557276173,1.0487985256184977,0.4984520123839009,3
0959,Fri,20.0,20.0,480,0.6469230081263204,253,0.24101976284585275,1.061752124634418,0.45454545454545453,3
0959,gap_ratio_roll>=0.35,8.0,25.0,480,0.6458726479993261,419,0.2157852028639645,1.0662799954842757,0.5513126491646778,4
0959,BIG_GAP & BIG_PREV_MOVE,6.0,10.0,1440,0.6457899814457735,139,0.23848920863309744,1.0788780519143706,0.5899280575539568,3
0959,ThuFri,12.0,25.0,480,0.6435135674495334,514,0.23899610894941645,1.064943942472241,0.5,3
0959,gap_ratio_roll>=0.35,8.0,30.0,480,0.64323641405362,419,0.21455131264916777,1.0658760302175163,0.5513126491646778,4
0959,gap_ratio_roll_Q4,8.0,20.0,1440,0.6415953067920963,323,0.21487616099071974,1.0551153964965354,0.5820433436532507,4
0959,prev_range_ratio_Q2,12.0,30.0,480,0.6384299369993751,322,0.23626086956521392,1.0673331893606541,0.5031055900621118,3
0959,Thu,8.0,30.0,480,0.637753073109993,261,0.2355670498084298,1.070548803436849,0.5632183908045977,3
0959,gap_ratio_range_Q4,8.0,20.0,1440,0.6365336470097496,257,0.23606225680934428,1.0610395477270158,0.5875486381322957,3
0959,gap_ratio_roll_Q4,12.0,8.0,1440,0.6337113038669265,323,0.2110866873065052,1.0546596727682909,0.43962848297213625,4
0959,gap_ratio_roll_Q4,15.0,12.0,480,0.6322183968892628,323,0.21031578947368357,1.0550924777017063,0.47058823529411764,4
0959,prev_range_ratio_Q2,10.0,30.0,1440,0.6320926917738069,322,0.2343633540372725,1.0570310309568969,0.5496894409937888,3
0959,ThuFri,20.0,12.0,480,0.6308228294408038,514,0.233369649805451,1.0603485922082951,0.46303501945525294,3
0959,asia_ratio_Q4,20.0,20.0,480,0.629969854661466,323,0.23337461300310405,1.0566498150125787,0.4674922600619195,3
0959,ThuFri,30.0,12.0,480,0.6274105072736047,514,0.23179961089494558,1.059582867418932,0.46108949416342415,3
0959,ThuFri & HIGH_VOL,8.0,8.0,480,0.6253334466362586,342,0.20589766081871452,1.065751718329376,0.5,4
0959,gap_ratio_roll_Q4,25.0,20.0,240,0.624665334943366,323,0.22442724458204477,1.1150076312140462,0.47678018575851394,3
0959,prev_range_ratio_Q3,20.0,10.0,480,0.6240172547221674,322,0.22990062111801177,1.0618354679383246,0.43167701863354035,3
0959,asia_ratio_Q4,30.0,30.0,480,0.6235815811433032,323,0.23072445820434176,1.0525850827824867,0.46439628482972134,3
0959,gap_ratio_roll_Q4,15.0,20.0,240,0.6233192276729833,323,0.22382352941176492,1.1146982576716709,0.47678018575851394,3
0959,prev_move_ratio_Q2,15.0,20.0,480,0.6232361913438162,322,0.2296832298136698,1.0603863491806893,0.5031055900621118,3
0959,gap_ratio_roll>=0.35,15.0,8.0,1440,0.622741807272363,419,0.22972553699284198,1.0578548360824729,0.41766109785202865,3
0959,prev_range_ratio_Q2,10.0,20.0,480,0.6200626116815795,322,0.22741304347825833,1.0669993439779086,0.5124223602484472,3
0959,gap_ratio_roll_Q1,30.0,8.0,240,0.6193472190163494,323,0.19947368421053213,1.102268380292983,0.4984520123839009,4
0959,HIGH_VOL & BIG_GAP,25.0,15.0,240,0.6164096743324304,192,0.22024999999999886,1.1176375679111592,0.4895833333333333,3
0959,BIG_GAP & BIG_PREV_MOVE,6.0,12.0,1440,0.6161022069990507,139,0.22499280575539815,1.0716316036601437,0.6115107913669064,3
0959,gap_ratio_roll_Q4,10.0,20.0,240,0.6155394594828238,323,0.21997213622291423,1.1163564962203116,0.47987616099071206,3
0959,asia_ratio_Q4,15.0,20.0,480,0.615255305413775,323,0.22623839009288363,1.056482567891159,0.48297213622291024,3
0959,gap_ratio_roll_Q4,30.0,15.0,1440,0.6128237764605018,323,0.22644582043344513,1.043860979966864,0.4582043343653251,3
0959,gap_ratio_roll>=0.35,20.0,15.0,1440,0.6117323128264109,419,0.20180906921241537,1.040207184113413,0.4630071599045346,4
0959,prev_range_ratio_Q2,8.0,20.0,1440,0.6112752355114799,322,0.2240062111801281,1.059207345552391,0.5838509316770186,3
0959,gap_ratio_roll>=0.2,30.0,25.0,480,0.6108246175727716,726,0.22411983471074381,1.056152763844068,0.4669421487603306,3
0959,ThuFri,12.0,8.0,480,0.6107216791506209,514,0.2230972762645906,1.0651156610455912,0.45136186770428016,3
0959,BIG_GAP & BIG_PREV_MOVE,8.0,10.0,480,0.6100478842036741,139,0.22215827338128757,1.0708113958650523,0.5251798561151079,3
0959,gap_ratio_roll>=0.35,12.0,30.0,480,0.6076755740228372,419,0.19844630071599237,1.0543369795856492,0.5059665871121718,4
0959,gap_ratio_roll>=0.35,20.0,30.0,1440,0.6053963416032087,419,0.19889260143198528,1.038267581018296,0.477326968973747,4
0959,asia_ratio_Q4,25.0,15.0,480,0.6049377277075505,323,0.22156037151703445,1.0533352810007053,0.4551083591331269,3
0959,asia_ratio>=1.6,25.0,25.0,480,0.6016976096496616,322,0.22016770186336113,1.051607051473839,0.4658385093167702,3
0959,gap_ratio_roll_Q4,25.0,30.0,240,0.6005633041564362,323,0.21365015479876306,1.108883583916995,0.47678018575851394,3
0959,gap_ratio_roll_Q4,15.0,30.0,240,0.5992245902207358,323,0.21304643962848321,1.1085759095721437,0.47678018575851394,3
0959,prev_range_ratio_Q3,20.0,20.0,1440,0.5991111989800555,322,0.21972670807453473,1.0439536136303915,0.46273291925465837,3
0959,gap_ratio_roll>=0.2,30.0,20.0,480,0.5975614636134281,726,0.2178044077134986,1.0548778985324918,0.4641873278236915,3
0959,asia_ratio>=1.6,25.0,30.0,480,0.5926637988374908,322,0.21589440993789535,1.0503717486933926,0.468944099378882,3
0959,gap_ratio_roll_Q4,10.0,30.0,240,0.5914075331352542,323,0.20919504643963252,1.110028610369755,0.47987616099071206,3
0959,gap_ratio_roll_Q4,20.0,20.0,240,0.5890888646852059,323,0.2084148606811152,1.106802092951678,0.47678018575851394,3
0959,prev_move_ratio_Q2,15.0,15.0,480,0.5883598519383333,322,0.2132018633540417,1.056078896507558,0.4968944099378882,3
0959,asia_ratio>=1.6,15.0,30.0,480,0.5873208482264618,322,0.21305279503105964,1.0526407464530445,0.48757763975155277,3
0959,asia_ratio>=1.6,20.0,30.0,480,0.5868440589673224,322,0.18915527950311306,1.0451137286969343,0.4720496894409938,4
0959,BIG_GAP & BIG_PREV_MOVE,10.0,12.0,1440,0.5867946239456274,139,0.1890143884892129,1.046376612051954,0.5035971223021583,4
0959,gap_ratio_roll_Q4,25.0,25.0,1440,0.5857357612190708,323,0.18950773993808687,1.0354617776830253,0.47368421052631576,4
0959,gap_ratio_range>=0.35,20.0,20.0,240,0.5856487874327411,223,0.2054843049327348,1.1201073608777588,0.47533632286995514,3
0959,BIG_GAP,20.0,20.0,240,0.5856487874327411,223,0.2054843049327348,1.1201073608777588,0.47533632286995514,3
0959,BIG_GAP,20.0,25.0,240,0.5845974553580934,223,0.20501793721973116,1.119802107326379,0.47533632286995514,3
0959,gap_ratio_range>=0.35,20.0,25.0,240,0.5845974553580934,223,0.20501793721973116,1.119802107326379,0.47533632286995514,3
0959,gap_ratio_range>=0.35,20.0,30.0,240,0.5845974553580934,223,0.20501793721973116,1.119802107326379,0.47533632286995514,3
0959,BIG_GAP,20.0,30.0,240,0.5845974553580934,223,0.20501793721973116,1.119802107326379,0.47533632286995514,3
0959,asia_ratio>=1.6,20.0,15.0,480,0.5815518405059666,322,0.1865310559006278,1.0455137546062774,0.45962732919254656,4
0959,gap_ratio_roll_Q4,25.0,15.0,240,0.5809318628390361,323,0.2048235294117651,1.1039177680251575,0.47678018575851394,3
0959,gap_ratio_roll_Q4,15.0,15.0,240,0.5795991439482915,323,0.20421981424148525,1.1036114715112824,0.47678018575851394,3
0959,gap_ratio_roll>=0.2,20.0,30.0,480,0.5792856710821381,726,0.2090371900826449,1.053632996656795,0.47107438016528924,3
0959,gap_ratio_roll_Q4,25.0,10.0,1440,0.578448425964939,323,0.20950154798762133,1.045084774219684,0.4241486068111455,3
0959,HIGH_VOL & BIG_GAP,8.0,10.0,1440,0.5781435956426557,192,0.20803645833334036,1.0580219403496764,0.5364583333333334,3
0959,ThuFri & HIGH_VOL,10.0,10.0,480,0.5765697475262448,342,0.20723391812865638,1.0583973481668127,0.49122807017543857,3
0959,Fri,30.0,8.0,480,0.5759057994147747,253,0.2070079051383401,1.0574373675737092,0.4150197628458498,3
0959,prev_range_ratio_Q2,20.0,30.0,480,0.5748043766977333,322,0.2065900621117982,1.056267239359492,0.48757763975155277,3
0959,gap_ratio_roll_Q4,10.0,15.0,480,0.5746628315586733,323,0.20632817337461512,1.058191203911081,0.5139318885448917,3
0959,Thu,10.0,25.0,480,0.5735678325361144,261,0.20588505747126565,1.057302446998756,0.5363984674329502,3
0959,Fri,20.0,8.0,480,0.5735655664317185,253,0.20590118577075128,1.0571302921164958,0.4150197628458498,3
0959,gap_ratio_roll_Q4,12.0,25.0,480,0.5687540325684586,323,0.2038699690402474,1.0540250952105132,0.5046439628482973,3
0959,gap_ratio_roll>=0.2,25.0,30.0,480,0.5680526234211547,726,0.20375619834710731,1.0517296004364216,0.4696969696969697,3
0959,gap_ratio_range_Q1,20.0,8.0,240,0.5660436222681565,257,0.19817509727627183,1.0993738768709098,0.4980544747081712,3
0959,gap_ratio_roll_Q4,20.0,30.0,240,0.5651822334457088,323,0.1976377708978335,1.1007231136012576,0.47678018575851394,3
0959,gap_ratio_range>=0.2,15.0,20.0,480,0.5594685480145443,451,0.19965188470066295,1.0509125101847065,0.48337028824833705,3
0959,Fri,15.0,25.0,480,0.558601396237995,253,0.1990039525691671,1.0532325663028164,0.4624505928853755,3
0959,Fri,25.0,10.0,480,0.5579388406061278,253,0.198715415019765,1.0528796951436934,0.43478260869565216,3
0959,BIG_GAP & BIG_PREV_MOVE,12.0,15.0,1440,0.557070023018172,139,0.1991510791366924,1.0440261975119365,0.5035971223021583,3
0959,gap_ratio_range_Q4,6.0,20.0,1440,0.5569711706792955,257,0.197653696498059,1.0590111790967285,0.642023346303502,3
0959,gap_ratio_roll_Q4,25.0,25.0,240,0.5563350333125769,323,0.1937027863777105,1.097724255345736,0.47678018575851394,3
0959,gap_ratio_roll_Q4,15.0,25.0,240,0.5550097916194889,323,0.19309907120743064,1.0974196773034695,0.47678018575851394,3
0959,gap_ratio_roll_Q1,20.0,8.0,240,0.5548100408384373,323,0.16999690402477305,1.0871558977728915,0.4984520123839009,4
0959,BIG_GAP & BIG_PREV_MOVE,6.0,15.0,480,0.5547173977046023,139,0.19577697841726266,1.0672369191541078,0.5899280575539568,3
0959,gap_ratio_range_Q4,15.0,12.0,1440,0.5546029187686011,257,0.19795330739300152,1.0439310870685938,0.4785992217898833,3
0959,asia_ratio_Q4,25.0,25.0,480,0.5540756113784213,323,0.1974767801857658,1.0461930308885359,0.46439628482972134,3
0959,ThuFri,25.0,10.0,480,0.5526277945225699,514,0.1962859922179012,1.0512304009733127,0.4494163424124514,3
0959,gap_ratio_range>=0.35,15.0,20.0,240,0.55250601055209,223,0.19063228699551452,1.1114262274027102,0.47533632286995514,3
0959,BIG_GAP,15.0,20.0,240,0.55250601055209,223,0.19063228699551452,1.1114262274027102,0.47533632286995514,3
0959,prev_move_ratio_Q2,10.0,25.0,480,0.5522595901085252,322,0.19577639751553208,1.054688896176116,0.5341614906832298,3
0959,BIG_GAP,15.0,30.0,240,0.5514637106030214,223,0.19016591928251086,1.1111233396484994,0.47533632286995514,3
0959,gap_ratio_range>=0.35,15.0,30.0,240,0.5514637106030214,223,0.19016591928251086,1.1111233396484994,0.47533632286995514,3
0959,gap_ratio_range>=0.35,15.0,25.0,240,0.5514637106030214,223,0.19016591928251086,1.1111233396484994,0.47533632286995514,3
0959,BIG_GAP,15.0,25.0,240,0.5514637106030214,223,0.19016591928251086,1.1111233396484994,0.47533632286995514,3
0959,prev_move_ratio_Q2,12.0,30.0,480,0.5511342646554026,322,0.19547204968944595,1.0521310606437093,0.515527950310559,3
0959,Fri,15.0,8.0,1440,0.5494960135445401,253,0.1948972332015863,1.0497777571389793,0.40711462450592883,3
0959,Thu,20.0,10.0,480,0.5483272280408287,261,0.19432567049808622,1.049792119691935,0.46360153256704983,3
0959,Thu,25.0,10.0,480,0.5474986963874429,261,0.19393103448276117,1.0496910019978114,0.46360153256704983,3
0959,gap_ratio_roll_Q4,10.0,25.0,240,0.5471369336131433,323,0.18924767801857992,1.098503599997424,0.47987616099071206,3
0959,gap_ratio_roll_Q4,8.0,8.0,480,0.5460064755710603,323,0.16833126934984619,1.055509216484005,0.4984520123839009,4
0959,gap_ratio_roll_Q4,20.0,15.0,240,0.5457092360675587,323,0.18881114551083553,1.0957938420263948,0.47678018575851394,3
0959,asia_ratio_Q4,25.0,30.0,480,0.5451260494429726,323,0.19321671826626124,1.0449889273994977,0.4674922600619195,3
0959,gap_ratio_roll_Q4,10.0,20.0,480,0.5435568629261291,323,0.19168111455108575,1.05318538473565,0.5201238390092879,3
0959,gap_ratio_range>=0.2,12.0,25.0,480,0.5432739246258368,451,0.1917006651884678,1.0515000521213378,0.49667405764966743,3
0959,prev_range_ratio_Q2,30.0,20.0,480,0.5418407754956589,322,0.16706521739130245,1.0461516815615468,0.48757763975155277,4
0959,gap_ratio_roll<0.1,30.0,8.0,240,0.5409537664795967,284,0.16370422535211734,1.0827426155081026,0.4859154929577465,4
0959,gap_ratio_roll_Q1,25.0,8.0,240,0.5402322859341848,323,0.1632817337461357,1.0837130898130054,0.4984520123839009,4
0959,gap_ratio_roll_Q4,10.0,15.0,240,0.5397518320394333,323,0.1858978328173405,1.0965915854564892,0.47987616099071206,3
0959,asia_ratio_Q4,20.0,30.0,480,0.539723107172247,323,0.16656037151703554,1.0396394657266996,0.47058823529411764,4
0959,asia_ratio_Q4,15.0,30.0,480,0.5397024879225851,323,0.19038390092879653,1.046929840293238,0.48606811145510836,3
0959,ThuFri & HIGH_VOL,25.0,12.0,240,0.5394167650562285,342,0.1628070175438638,1.0847796991599705,0.5029239766081871,4
0959,gap_ratio_roll_Q4,8.0,8.0,1440,0.5349739536554802,323,0.16357894736842601,1.047781569965872,0.5077399380804953,4
0959,asia_ratio_Q4,20.0,15.0,480,0.5344318536363838,323,0.16394427244582732,1.039911786164358,0.4582043343653251,4
0959,gap_ratio_range_Q4,8.0,15.0,480,0.531734171069097,257,0.1856653696498077,1.0560332375881618,0.5525291828793775,3
0959,asia_ratio>=1.6,15.0,25.0,480,0.5310893500702045,322,0.1862701863354074,1.0458955754948136,0.484472049689441,3
0959,Thu,15.0,12.0,480,0.5284254204899852,261,0.18474712643678354,1.0483426605256252,0.4789272030651341,3
0959,ThuFri,12.0,30.0,480,0.5282499011804553,514,0.18456420233463078,1.049421807673493,0.5,3
0959,prev_range_ratio_Q2,25.0,20.0,480,0.5270006444853411,322,0.1599658385093147,1.044190481746514,0.48757763975155277,4
0959,prev_range_ratio_Q2,10.0,15.0,1440,0.5268321806382386,322,0.1842639751552861,1.0450670312559358,0.5372670807453416,3
0959,gap_ratio_roll_Q4,10.0,8.0,480,0.5254457916700409,323,0.15881114551083747,1.0492629193196774,0.4613003095975232,4
0959,gap_ratio_range_Q1,30.0,10.0,240,0.5215457358805073,257,0.17835408560312163,1.0831916164078295,0.4980544747081712,3
0959,gap_ratio_roll_Q4,20.0,25.0,240,0.5213100225156138,323,0.17769040247678092,1.0896459085016328,0.47678018575851394,3
0959,prev_range_ratio_Q2,10.0,30.0,480,0.5208277935368374,322,0.1806708074534131,1.0525053203875074,0.5124223602484472,3
0959,ThuFri & HIGH_VOL,25.0,15.0,240,0.5207304583145409,342,0.15420175438596914,1.0799403975116135,0.5029239766081871,4
0959,gap_ratio_roll>=0.2,30.0,8.0,480,0.5195969118738164,726,0.18019559228650123,1.051087416645449,0.41597796143250687,3
0959,asia_ratio>=1.6,15.0,15.0,480,0.5167902420732899,322,0.17937267080745636,1.0448502016620627,0.4751552795031056,3
0959,gap_ratio_range>=0.2,20.0,12.0,480,0.5154493056052362,451,0.17865410199556359,1.0455690718722548,0.4523281596452328,3
0959,BIG_GAP,25.0,15.0,240,0.5151780197964566,223,0.17410762331838472,1.0974269410861346,0.47533632286995514,3
0959,gap_ratio_range>=0.35,25.0,15.0,240,0.5151780197964566,223,0.17410762331838472,1.0974269410861346,0.47533632286995514,3
0959,gap_ratio_roll_Q4,12.0,20.0,240,0.5151067938213822,323,0.1747306501548005,1.0895406358181592,0.47678018575851394,3
0959,ThuFri & HIGH_VOL,25.0,25.0,1440,0.5135049999473947,342,0.17877777777778192,1.0332784335155232,0.4678362573099415,3
0959,asia_ratio>=1.6,20.0,25.0,480,0.5133571517567397,322,0.17790062111801982,1.04247264272162,0.468944099378882,3
0959,gap_ratio_roll>=0.2,20.0,25.0,480,0.5126609831420494,726,0.17732231404958723,1.0452078188007021,0.4696969696969697,3
0959,gap_ratio_roll_Q4,15.0,20.0,1440,0.5100348827322168,323,0.17686377708979087,1.0356620708684339,0.49226006191950467,3
0959,Fri,30.0,12.0,480,0.5088901547573708,253,0.17550988142292667,1.0448430130982322,0.44664031620553357,3
0959,ThuFri & HIGH_VOL,15.0,10.0,1440,0.5069491783288749,342,0.17506140350877286,1.0389941539054728,0.4415204678362573,3
0959,gap_ratio_roll>=0.2,30.0,15.0,480,0.5063856328894061,726,0.17433333333333337,1.0442770529029026,0.45867768595041325,3
0959,ThuFri,12.0,15.0,480,0.5055379349470659,514,0.17370233463035223,1.0468230073226672,0.49416342412451364,3
0959,gap_ratio_range<0.1,30.0,8.0,240,0.5030773011487215,297,0.169558922558933,1.082328053399865,0.49158249158249157,3
0959,HIGH_VOL & BIG_GAP,20.0,15.0,240,0.5014379584785651,192,0.16816666666666555,1.0898193764830568,0.4895833333333333,3
0959,gap_ratio_roll_Q4,25.0,12.0,240,0.5010331209907257,323,0.16844891640866835,1.0839143906339885,0.47678018575851394,3
0959,gap_ratio_roll>=0.35,20.0,20.0,1440,0.500125350570944,419,0.14794749403341778,1.0285936746123787,0.47255369928400953,4
0959,gap_ratio_roll_Q4,15.0,12.0,240,0.49972455143401695,323,0.1678452012383885,1.0836136443204436,0.47678018575851394,3
0959,gap_ratio_roll_Q4,30.0,20.0,240,0.49849336432187225,323,0.16709287925696736,1.085626663874373,0.47678018575851394,3
0959,gap_ratio_roll>=0.35,20.0,10.0,1440,0.4984760915172361,419,0.17105966587112492,1.0371610674124396,0.42482100238663484,3
0959,gap_ratio_roll_Q4,8.0,20.0,240,0.4972841976107591,323,0.16629102167183152,1.0884121951942192,0.48297213622291024,3
0959,prev_range_ratio_Q3,20.0,10.0,240,0.49713188990816926,322,0.16649689440993742,1.0849151039026859,0.5093167701863354,3
0959,gap_ratio_range>=0.2,20.0,8.0,1440,0.49666401015587147,451,0.1698869179600895,1.040557415005381,0.38802660753880264,3
0959,ThuFri,20.0,10.0,480,0.4938822763926071,514,0.1682470817120641,1.043912280042532,0.4494163424124514,3
0959,gap_ratio_roll_Q4,12.0,30.0,240,0.4916065003399599,323,0.16395356037151876,1.0835564629757326,0.47678018575851394,3
0959,gap_ratio_roll>=0.2,25.0,20.0,480,0.4884202459421999,726,0.16572589531680443,1.0420480776119507,0.465564738292011,3
0959,gap_ratio_roll_Q1,15.0,8.0,240,0.48561120078255293,323,0.13792879256966487,1.0707148628035499,0.4984520123839009,4
0959,asia_ratio_Q4,15.0,25.0,480,0.4839545713977597,323,0.16368421052631968,1.0402369313689015,0.48297213622291024,3
0959,Fri,15.0,30.0,480,0.4809843389838337,253,0.1620158102766772,1.0429138268580456,0.4624505928853755,3
0959,ThuFri & HIGH_VOL,20.0,15.0,240,0.4800801261755059,342,0.13529532163743144,1.0701390320507402,0.5029239766081871,4
0959,Fri,15.0,20.0,480,0.47736272852214207,253,0.1602806324110669,1.0424347196395178,0.4624505928853755,3
0959,ThuFri & HIGH_VOL,8.0,8.0,1440,0.4764185721926988,342,0.15954385964912438,1.045948825047685,0.5,3
0959,asia_ratio>=1.6,10.0,20.0,480,0.4763394430776952,322,0.1596987577639794,1.0434688888438064,0.5217391304347826,3
0959,Thu,30.0,10.0,480,0.4754751224142675,261,0.15950957854406414,1.040473841038679,0.45977011494252873,3
0959,gap_ratio_roll_Q4,30.0,30.0,240,0.4750843181334488,323,0.15631578947368566,1.0796639880590806,0.47678018575851394,3
0959,gap_ratio_roll_Q4,8.0,30.0,240,0.4738128606636641,323,0.1555139318885498,1.082211263848225,0.48297213622291024,3
0959,asia_ratio>=1.3,30.0,15.0,480,0.4730077747065858,512,0.15845312500000475,1.0385068120718735,0.439453125,3
0959,gap_ratio_roll_Q4,12.0,15.0,240,0.4724629907006575,323,0.15512693498452082,1.0787040673035544,0.47678018575851394,3
0959,gap_ratio_roll>=0.2,20.0,20.0,480,0.47078223419355386,726,0.15723278236914642,1.040173997814469,0.4669421487603306,3
0959,asia_ratio_Q4,15.0,15.0,480,0.46974949004132144,323,0.1568080495356069,1.0391140058706927,0.47368421052631576,3
0959,gap_ratio_range>=0.2,20.0,10.0,480,0.4690635522425801,451,0.1563281596452321,1.0409857889113279,0.43902439024390244,3
0959,gap_ratio_range>=0.2,20.0,30.0,1440,0.4670418628306956,451,0.15618181818182092,1.0299537201033702,0.4789356984478936,3
0959,gap_ratio_roll_Q4,20.0,12.0,240,0.46644874057819474,323,0.15243653250773878,1.0759376730255228,0.47678018575851394,3
0959,asia_ratio_Q4,20.0,25.0,480,0.4664297541072849,323,0.1553405572755494,1.0370066881245243,0.4674922600619195,3
0959,gap_ratio_roll>=0.35,15.0,10.0,480,0.46429206549578256,419,0.15390214797136123,1.0421551592266751,0.4606205250596659,3
0959,HIGH_VOL & BIG_GAP,15.0,15.0,240,0.46399812088116527,192,0.1509166666666649,1.080605991482069,0.4895833333333333,3
0959,gap_ratio_roll_Q4,12.0,15.0,480,0.4582650219326615,323,0.1510804953560378,1.0404025099745742,0.4953560371517028,3
0959,ThuFri,30.0,10.0,480,0.45815550087787255,514,0.15111284046692833,1.039241006427337,0.4474708171206226,3
0959,gap_ratio_roll_Q4,30.0,15.0,240,0.4560147983305538,323,0.1474891640866877,1.0748290237152043,0.47678018575851394,3
0959,gap_ratio_roll>=0.5,20.0,8.0,1440,0.45356516479803477,230,0.1491521739130497,1.0352714736494706,0.4,3
0959,gap_ratio_roll<0.1,25.0,8.0,240,0.45267449489932726,284,0.12254225352113124,1.0619377205737117,0.4859154929577465,4
0959,prev_range_ratio_Q2,20.0,8.0,480,0.449902149556069,322,0.1468105590062109,1.042783241111298,0.43478260869565216,3
0959,gap_ratio_roll_Q4,12.0,20.0,480,0.4486861000099518,323,0.1465139318885451,1.0386191003130396,0.5015479876160991,3
0959,ThuFri & HIGH_VOL,20.0,12.0,240,0.4485842754390772,342,0.1439005847953261,1.0749344129751943,0.5029239766081871,3
0959,gap_ratio_roll_Q4,12.0,25.0,240,0.4484747240168034,323,0.14400619195046618,1.0726520156818653,0.47678018575851394,3
0959,gap_ratio_roll_Q4,8.0,12.0,480,0.4479906157708225,323,0.12177089783281837,1.0365343459263445,0.5386996904024768,4
0959,gap_ratio_range_Q4,8.0,12.0,480,0.4470092681846704,257,0.14526848249027172,1.0445540773413144,0.5408560311284046,3
0959,prev_range_ratio_Q2,10.0,8.0,480,0.44539373020052486,322,0.144478260869565,1.0445548584448034,0.46273291925465837,3
0959,gap_ratio_roll_Q4,30.0,25.0,1440,0.4443104722208572,323,0.14521052631579798,1.0267846945255374,0.47058823529411764,3
0959,asia_ratio>=1.6,10.0,25.0,480,0.44265149356768374,322,0.14353416149068698,1.0388978521093877,0.5217391304347826,3
0959,gap_ratio_roll>=0.35,10.0,25.0,480,0.4416949853403804,419,0.11885680190931043,1.033497296391984,0.5178997613365155,4
0959,gap_ratio_range>=0.2,10.0,20.0,480,0.44085287309328913,451,0.14264301552106404,1.0390263906776354,0.5121951219512195,3
0959,gap_ratio_roll_Q4,10.0,12.0,240,0.44045208987243634,323,0.14023529411764932,1.0711768153654941,0.47987616099071206,3
0959,gap_ratio_roll<0.1,20.0,8.0,240,0.4401433263472415,284,0.1166338028169055,1.0589513549877487,0.4859154929577465,4
0959,ThuFri & HIGH_VOL,25.0,25.0,240,0.44010592274327553,342,0.11659649122807476,1.059289436708722,0.5029239766081871,4
0959,Fri,20.0,10.0,480,0.4380040700766048,253,0.14134387351778832,1.03761268818177,0.43478260869565216,3
0959,ThuFri,20.0,8.0,1440,0.4372722532979841,514,0.14121984435797796,1.0342201523022365,0.38715953307393,3
0959,gap_ratio_roll_Q4,30.0,25.0,240,0.4321188139624197,323,0.13636842105263305,1.06879871296253,0.47678018575851394,3
0959,gap_ratio_roll_Q4,8.0,25.0,240,0.43074729098783665,323,0.1355665634674972,1.0709184020523412,0.48297213622291024,3
0959,prev_range_ratio_Q2,12.0,8.0,480,0.42993350422494586,322,0.1371366459627319,1.0412742506552208,0.4503105590062112,3
0959,asia_ratio_Q4,10.0,20.0,480,0.42949865270436033,323,0.13719504643963296,1.037235745441744,0.5201238390092879,3
0959,gap_ratio_roll>=0.5,20.0,8.0,480,0.42674716820868064,230,0.13583043478261062,1.0374459424472855,0.40869565217391307,3
0959,Thu,10.0,30.0,480,0.42402825551966106,261,0.13454406130268368,1.0367175843100191,0.5363984674329502,3
0959,ThuFri & HIGH_VOL,15.0,15.0,240,0.42358472724663504,342,0.10872807017544242,1.0563661884724078,0.5029239766081871,4
0959,gap_ratio_roll_Q4,8.0,15.0,240,0.42356234207260623,323,0.1322167182662578,1.0690450168465595,0.48297213622291024,3
0959,gap_ratio_roll>=0.35,8.0,15.0,480,0.42174314535918594,419,0.10907398568019364,1.0329608749178727,0.5417661097852029,4
0959,gap_ratio_roll_Q4,12.0,10.0,480,0.42121933881359286,323,0.13309287925696534,1.0378200571492917,0.47058823529411764,3
0959,BIG_GAP,20.0,15.0,240,0.4178793354531797,223,0.12926457399103047,1.072333719768941,0.47533632286995514,3
0959,gap_ratio_range>=0.35,20.0,15.0,240,0.4178793354531797,223,0.12926457399103047,1.072333719768941,0.47533632286995514,3
0959,gap_ratio_roll>=0.35,12.0,8.0,480,0.4170700357766459,419,0.13093078758949966,1.0397802586659477,0.4486873508353222,3
0959,gap_ratio_roll>=0.35,8.0,20.0,480,0.4165205257736777,419,0.10656324582339195,1.0318499507092598,0.548926014319809,4
0959,gap_ratio_range>=0.2,8.0,30.0,480,0.4127073785448667,451,0.12887361419068752,1.0384884849753064,0.5365853658536586,3
0959,prev_range_ratio_Q3,25.0,8.0,480,0.4116867021240745,322,0.1285900621118025,1.0350460823057321,0.40062111801242234,3
0959,ThuFri,15.0,8.0,1440,0.4112618566556733,514,0.12857392996109124,1.0319971298593402,0.4066147859922179,3
0959,asia_ratio>=1.3,30.0,30.0,480,0.40973355352154955,512,0.12793945312500465,1.0301286833528511,0.44921875,3
0959,ThuFri & HIGH_VOL,25.0,30.0,240,0.40920221268774604,342,0.10197660818713909,1.0514725524488449,0.5029239766081871,4
0959,gap_ratio_roll_Q4,10.0,8.0,1440,0.4074123421724254,323,0.12655417956656753,1.0340090153800598,0.4613003095975232,3
0959,ThuFri & HIGH_VOL,12.0,15.0,240,0.40697449428942234,342,0.10085087719298773,1.0522825388356019,0.5029239766081871,4
0959,gap_ratio_roll_Q4,10.0,10.0,480,0.4063294637853692,323,0.1016532507739947,1.0297379790057153,0.48606811145510836,4
0959,gap_ratio_roll>=0.35,20.0,25.0,1440,0.40603167680599017,419,0.10202386634845315,1.0194458824203736,0.47494033412887826,4
0959,gap_ratio_range>=0.2,20.0,25.0,1440,0.40577098557130925,451,0.1263503325942379,1.0243000577821468,0.47671840354767187,3
0959,prev_move_ratio_Q2,10.0,30.0,480,0.4051028887765719,322,0.12539751552795503,1.034353613008397,0.5341614906832298,3
0959,gap_ratio_roll_Q1,30.0,10.0,240,0.39982966739764925,323,0.09759442724458951,1.0475520277078882,0.4984520123839009,4
0959,gap_ratio_roll_Q1,30.0,12.0,240,0.3997531984552182,323,0.09756346749226685,1.0474179894339155,0.5046439628482973,4
0959,gap_ratio_roll>=0.2,25.0,15.0,480,0.39832570212501506,726,0.1222548209366392,1.031213985857575,0.46005509641873277,3
0959,asia_ratio_Q4,10.0,25.0,480,0.3961226279714767,323,0.12108049535604114,1.0327190374283244,0.5201238390092879,3
0959,ThuFri & HIGH_VOL,25.0,20.0,240,0.39592591025052104,342,0.09566081871345464,1.048131229541361,0.5029239766081871,4
0959,ThuFri & HIGH_VOL,15.0,12.0,240,0.39183571598598566,342,0.11733333333333712,1.0610998521532207,0.5029239766081871,3
0959,gap_ratio_roll_Q4,30.0,10.0,1440,0.39054473273458384,323,0.11876470588236031,1.0253890324356967,0.42105263157894735,3
0959,gap_ratio_roll>=0.35,10.0,30.0,480,0.3899730845413291,419,0.09375656324582636,1.02623771568105,0.5178997613365155,4
0959,Fri,25.0,15.0,480,0.38880481890658203,253,0.11771541501976615,1.0286622518085944,0.4505928853754941,3
0959,prev_move_ratio_Q2,15.0,10.0,480,0.38700275038340354,322,0.11665527950310874,1.0316504438797185,0.46273291925465837,3
0959,BIG_GAP,15.0,15.0,240,0.38615012943488336,223,0.11441255605381018,1.0640228448686864,0.47533632286995514,3
0959,gap_ratio_range>=0.35,15.0,15.0,240,0.38615012943488336,223,0.11441255605381018,1.0640228448686864,0.47533632286995514,3
0959,asia_ratio>=1.3,30.0,25.0,480,0.38613466499783256,512,0.11647070312500452,1.027416840992162,0.447265625,3
0959,gap_ratio_range>=0.2,8.0,25.0,480,0.38463093078499955,451,0.11533702882483332,1.0343070493114779,0.5365853658536586,3
0959,Fri,12.0,25.0,480,0.383433027017006,253,0.11491304347826034,1.0313884303409615,0.4743083003952569,3
0959,asia_ratio>=1.6,15.0,8.0,1440,0.38334300130744603,322,0.11508695652174335,1.0275364677261285,0.40683229813664595,3
0959,ThuFri,15.0,12.0,480,0.3832653402320947,514,0.11490466926070068,1.0300771216081057,0.4669260700389105,3
0959,gap_ratio_roll_Q4,10.0,12.0,480,0.38170191507901996,323,0.08972136222910364,1.0251800748972557,0.5015479876160991,4
0959,gap_ratio_roll_Q1,10.0,8.0,240,0.380617077091572,323,0.0882848297213681,1.0458449958119607,0.5015479876160991,4
0959,gap_ratio_range_Q4,12.0,12.0,1440,0.3790845263012709,257,0.11306225680934301,1.0261803785464525,0.4980544747081712,3
0959,asia_ratio>=1.3,30.0,20.0,480,0.3789937112030515,512,0.11298828125000426,1.0267032002758494,0.4453125,3
0959,gap_ratio_roll_Q4,30.0,12.0,240,0.37837959753243455,323,0.11111455108359093,1.0553527445800115,0.47678018575851394,3
0959,gap_ratio_roll_Q4,8.0,10.0,480,0.37761479719518576,323,0.11186377708978347,1.034749792262949,0.5232198142414861,3
0959,ThuFri & HIGH_VOL,30.0,20.0,1440,0.3773962309502046,342,0.11251169590643753,1.0210897108803931,0.4619883040935672,3
0959,gap_ratio_range>=0.2,20.0,20.0,1440,0.37732357689594653,451,0.11244345898004734,1.0216700816388453,0.4745011086474501,3
0959,gap_ratio_roll>=0.2,20.0,15.0,480,0.37572348276605716,726,0.11127272727272773,1.0285607111328583,0.46143250688705234,3
0959,asia_ratio_Q2,6.0,8.0,240,0.37529063189884326,322,0.10917391304348743,1.0635939998697566,0.5031055900621118,3
0959,ThuFri & HIGH_VOL,12.0,12.0,240,0.3751510512102073,342,0.10945614035088243,1.0569979033468824,0.5029239766081871,3
0959,gap_ratio_range>=0.2,10.0,25.0,1440,0.37254255583742857,451,0.10989135254989249,1.0251143577142754,0.5454545454545454,3
0959,gap_ratio_range_Q1,15.0,8.0,240,0.37170939429461636,257,0.10793385214008502,1.054122871542327,0.4980544747081712,3
0959,asia_ratio>=1.6,10.0,30.0,480,0.36957838532452403,322,0.10821739130435207,1.0290489604113517,0.5217391304347826,3
0959,asia_ratio>=1.6,15.0,8.0,480,0.36855721350821397,322,0.1076552795031083,1.0301578753683287,0.4254658385093168,3
0959,gap_ratio_roll_Q4,25.0,10.0,240,0.36821247284843206,323,0.10635913312693371,1.0516571208605805,0.47368421052631576,3
0959,gap_ratio_roll_Q4,15.0,10.0,240,0.3669428471517182,323,0.10575541795665386,1.051363904973993,0.47368421052631576,3
0959,prev_range_ratio_Q2,15.0,25.0,480,0.3664381592714003,322,0.10663043478260316,1.02979721233128,0.4906832298136646,3
0959,gap_ratio_range_Q1,30.0,30.0,240,0.3656002383929755,257,0.10530350194553188,1.04741755411415,0.5019455252918288,3
0959,gap_ratio_range_Q1,30.0,25.0,240,0.3656002383929755,257,0.10530350194553188,1.04741755411415,0.5019455252918288,3
0959,gap_ratio_range_Q1,30.0,12.0,240,0.36558391870668794,257,0.10529571984436563,1.047413883729898,0.5019455252918288,3
0959,gap_ratio_roll<0.1,15.0,8.0,240,0.3637623912000628,284,0.08025352112676427,1.0405633161116044,0.4859154929577465,4
0959,gap_ratio_roll_Q4,8.0,15.0,1440,0.3634174034136979,323,0.08088235294118422,1.0204333512964345,0.5727554179566563,4
0959,gap_ratio_roll>=0.35,12.0,25.0,480,0.35991274131806317,419,0.10351551312649339,1.0278384850544573,0.5035799522673031,3
0959,gap_ratio_range_Q4,6.0,8.0,480,0.35872922290755505,257,0.07824513618677102,1.0286145649829104,0.5408560311284046,4
0959,gap_ratio_roll>=0.35,15.0,12.0,480,0.3580885939218851,419,0.10266348448687478,1.026899778065575,0.4701670644391408,3
0959,ThuFri & HIGH_VOL,8.0,12.0,480,0.35778401307284524,342,0.10234210526316115,1.0302886337793433,0.5263157894736842,3
0959,prev_range_ratio_Q2,15.0,20.0,480,0.35704416860014365,322,0.10206832298136147,1.0284860430003504,0.4906832298136646,3
0959,Fri,15.0,8.0,480,0.3569789650693577,253,0.1020197628458468,1.0288124506043563,0.42292490118577075,3
0959,gap_ratio_roll_Q4,25.0,12.0,1440,0.35455205741577156,323,0.10124148606811645,1.0204371286899774,0.44272445820433437,3
0959,Fri,30.0,15.0,480,0.3544352205700131,253,0.10097628458498303,1.024586479986373,0.4505928853754941,3
0959,gap_ratio_roll>=0.2,30.0,10.0,480,0.35350059314735793,726,0.10041460055096334,1.0266036216922005,0.43526170798898073,3
0959,ThuFri & HIGH_VOL,30.0,12.0,240,0.35306070121408617,342,0.09897953216374701,1.0515423418869292,0.5029239766081871,3
0959,asia_ratio_Q2,15.0,8.0,240,0.35262582428961176,322,0.09854968944100069,1.0560777556880976,0.484472049689441,3
0959,asia_ratio_Q2,6.0,10.0,240,0.3523661486562896,322,0.09840993788820684,1.0563588698346345,0.5062111801242236,3
0959,ThuFri & HIGH_VOL,20.0,25.0,240,0.35023291907307275,342,0.09769005847953706,1.0496754960487116,0.5029239766081871,3
0959,ThuFri,10.0,20.0,480,0.3502321180500696,514,0.09875680933852399,1.0275272094271792,0.5116731517509727,3
0959,ThuFri & HIGH_VOL,15.0,12.0,1440,0.34915041155493654,342,0.09854678362573291,1.0208717547929549,0.4590643274853801,3
0959,gap_ratio_roll_Q4,15.0,10.0,1440,0.3486936280762212,323,0.07374303405573306,1.016375241135894,0.44272445820433437,4
0959,gap_ratio_range<0.1,25.0,8.0,240,0.3475814139919347,297,0.0965286195286298,1.0468687416930604,0.49158249158249157,3
0959,gap_ratio_roll_Q4,15.0,25.0,1440,0.34541461315395455,323,0.0967863777089852,1.0190301339876795,0.4953560371517028,3
0959,ThuFri,10.0,25.0,480,0.34478268402377155,514,0.09610505836575947,1.0267682818781692,0.5116731517509727,3
0959,asia_ratio_Q2,6.0,12.0,240,0.3443651173363776,322,0.09462422360249381,1.0540735758412614,0.5062111801242236,3
0959,gap_ratio_range_Q1,25.0,10.0,240,0.3420321150495408,257,0.09395719844358835,1.0438254676658583,0.4980544747081712,3
0959,Thu,25.0,8.0,1440,0.34012873504356217,261,0.0694980842911856,1.01629636950057,0.3793103448275862,4
0959,prev_move_ratio_Q2,12.0,20.0,480,0.33941643167930724,322,0.0935496894410003,1.0247681506069337,0.5093167701863354,3
0959,gap_ratio_roll_Q1,20.0,10.0,240,0.3384961001181021,323,0.06811764705883042,1.033189725395076,0.4984520123839009,4
0959,gap_ratio_roll_Q1,20.0,12.0,240,0.33842647383409363,323,0.06808668730650777,1.0330916264281629,0.5046439628482973,4
0959,ThuFri & HIGH_VOL,30.0,15.0,240,0.33498269136901804,342,0.09037426900585233,1.0468513151352752,0.5029239766081871,3
0959,gap_ratio_roll_Q4,20.0,10.0,240,0.33465792585538345,323,0.09034674922600414,1.0438801333455623,0.47368421052631576,3
0959,prev_range_ratio_Q2,10.0,10.0,1440,0.33344186721024455,322,0.0906770186335456,1.0230249072434867,0.5031055900621118,3
0959,asia_ratio_Q4,15.0,8.0,1440,0.3318566915691107,323,0.08996284829721782,1.0214643601355917,0.4055727554179567,3
0959,asia_ratio_Q2,10.0,8.0,240,0.32920171503680207,322,0.08742236024845526,1.0498384455362326,0.48757763975155277,3
0959,Thu,12.0,8.0,1440,0.32901914768078866,261,0.08852107279693415,1.0223336887416128,0.42911877394636017,3
0959,gap_ratio_roll>=0.35,10.0,15.0,480,0.32832100799371444,419,0.06358949880668531,1.0179591033389892,0.5083532219570406,4
0959,prev_range_ratio_Q2,12.0,12.0,480,0.3280430774353693,322,0.08793167701863096,1.0247888300554708,0.4782608695652174,3
0959,gap_ratio_roll_Q1,25.0,10.0,240,0.32464198166346664,323,0.06140247678019306,1.0299178176420578,0.4984520123839009,4
0959,gap_ratio_roll_Q1,25.0,12.0,240,0.32457361790212114,323,0.0613715170278704,1.0298279060879174,0.5046439628482973,4
0959,asia_ratio_Q4,10.0,30.0,480,0.32372004270331045,323,0.08587306501548435,1.0229864005900549,0.5201238390092879,3
0959,gap_ratio_roll>=0.35,25.0,30.0,1440,0.32313521637495196,419,0.06121241050119799,1.0116054141102986,0.4701670644391408,4
0959,ThuFri,12.0,8.0,1440,0.32161360535355155,514,0.08487743190661691,1.0218991255810224,0.4280155642023346,3
0959,gap_ratio_roll_Q1,12.0,8.0,240,0.321194731804595,323,0.05968421052632148,1.0305995628633906,0.4984520123839009,4
0959,gap_ratio_roll>=0.35,12.0,15.0,480,0.3201024726909602,419,0.059570405727925886,1.0161432715348726,0.49403341288782815,4
0959,asia_ratio>=1.3,25.0,15.0,480,0.31992236791139805,512,0.08409570312500447,1.0205832354932107,0.44140625,3
0959,ThuFri & HIGH_VOL,20.0,30.0,240,0.31962344649786034,342,0.08307017543860139,1.0419295565739106,0.5029239766081871,3
0959,asia_ratio_Q2,6.0,15.0,240,0.318986378817351,322,0.08255900621118949,1.0468557771283793,0.5062111801242236,3
0959,asia_ratio_Q4,15.0,8.0,480,0.3170102169207558,323,0.08255417956656617,1.0230376923083577,0.4241486068111455,3
0959,Fri,12.0,8.0,1440,0.3139755019408918,253,0.08111857707510385,1.0214297125684866,0.4268774703557312,3
0959,gap_ratio_range_Q1,30.0,15.0,240,0.31201081595402247,257,0.07959533073930808,1.0354311546822128,0.5019455252918288,3
0959,asia_ratio<1.0,12.0,30.0,1440,0.3102460428147207,406,0.0793866995073897,1.0185502585329693,0.5270935960591133,3
0959,LOW_VOL,12.0,30.0,1440,0.3102460428147207,406,0.0793866995073897,1.0185502585329693,0.5270935960591133,3
0959,gap_ratio_roll>=0.5,15.0,8.0,1440,0.3093005200484148,230,0.07889565217392076,1.019129263260874,0.41304347826086957,3
0959,Thu,20.0,8.0,1440,0.3085673657376471,261,0.05394252873562938,1.012648800165308,0.3793103448275862,4
0959,Fri,12.0,30.0,480,0.3074918547500668,253,0.07792490118577043,1.021072242037386,0.4743083003952569,3
0959,gap_ratio_range>=0.2,10.0,8.0,480,0.3067799891103421,451,0.07749002217294972,1.0232280842612915,0.45454545454545453,3
0959,ThuFri & HIGH_VOL,20.0,20.0,240,0.3064729157108912,342,0.07675438596491693,1.0386185589760588,0.5029239766081871,3
0959,prev_move_ratio_Q2,12.0,15.0,480,0.30570991654420526,322,0.0770683229813722,1.020413971922564,0.5031055900621118,3
0959,Fri,12.0,20.0,480,0.30394844881623295,253,0.07618972332016016,1.0205933570505223,0.4743083003952569,3
0959,gap_ratio_range>=0.2,30.0,10.0,480,0.303813477168348,451,0.07615521064301503,1.01973674381079,0.43458980044345896,3
0959,gap_ratio_roll>=0.35,25.0,15.0,1440,0.3032673628511815,419,0.07606205250597176,1.015030594121138,0.45584725536992843,3
0959,gap_ratio_range>=0.35,12.0,15.0,240,0.30110161384070844,223,0.07401793721973031,1.0414188711061592,0.47533632286995514,3
0959,BIG_GAP,12.0,15.0,240,0.30110161384070844,223,0.07401793721973031,1.0414188711061592,0.47533632286995514,3
0959,prev_range_ratio_Q3,6.0,8.0,240,0.29790124713499266,322,0.07254968944099552,1.0386199896180166,0.5248447204968945,3
0959,asia_ratio>=1.3,25.0,30.0,480,0.2975030086141361,512,0.07311328125000438,1.0174584711875072,0.451171875,3
0959,prev_range_ratio_Q2,12.0,10.0,480,0.2956082757669752,322,0.07206832298136545,1.020419925750524,0.4658385093167702,3
0959,ThuFri & HIGH_VOL,15.0,25.0,240,0.29481784297638053,342,0.07112280701754806,1.0361660211280717,0.5029239766081871,3
0959,gap_ratio_range_Q4,6.0,12.0,480,0.2945143825697397,257,0.07138521400778124,1.0244301929806803,0.5797665369649806,3
0959,Fri,25.0,8.0,1440,0.29374323562020144,253,0.07124110671937343,1.017700766306479,0.38735177865612647,3
0959,ThuFri & HIGH_VOL,15.0,15.0,1440,0.29248319321064115,342,0.07073391812865772,1.014354597909858,0.47368421052631576,3
0959,prev_range_ratio_Q3,6.0,12.0,240,0.29207355429278753,322,0.06974844720497055,1.0369421827452923,0.5279503105590062,3
0959,ThuFri,25.0,8.0,1440,0.29190581637276053,514,0.07035603112840647,1.016967331681471,0.3832684824902724,3
0959,gap_ratio_range>=0.2,10.0,30.0,1440,0.2899654095948242,451,0.06943680709534727,1.0157235830649647,0.5454545454545454,3
0959,gap_ratio_range_Q4,6.0,8.0,1440,0.28991350312440767,257,0.06916342412451575,1.0229406640209087,0.5603112840466926,3
0959,gap_ratio_roll<0.1,30.0,12.0,240,0.2867130737289391,284,0.04291901408451212,1.0203882959238486,0.49295774647887325,4
0959,asia_ratio_Q2,15.0,12.0,240,0.28668988064588263,322,0.06708695652174576,1.0375030815651263,0.484472049689441,3
0959,gap_ratio_roll>=0.5,8.0,30.0,1440,0.28299884908658285,230,0.06596521739131236,1.01619663128858,0.591304347826087,3
0959,asia_ratio_Q2,12.0,8.0,240,0.2825522967591423,322,0.06507142857143555,1.037027612105151,0.484472049689441,3
0959,gap_ratio_roll>=0.35,10.0,8.0,480,0.28209776439725914,419,0.0653866348448702,1.0202563522447832,0.4606205250596659,3
0959,prev_range_ratio_Q3,6.0,10.0,240,0.28209220684493674,322,0.06492857142857261,1.034423427754764,0.5248447204968945,3
0959,Thu,15.0,8.0,1440,0.279570518275122,261,0.0642835249042129,1.0156100411138222,0.4061302681992337,3
0959,ThuFri & HIGH_VOL,12.0,25.0,240,0.27852523613123537,342,0.06324561403509335,1.0321604603272576,0.5029239766081871,3
0959,asia_ratio_Q2,15.0,10.0,240,0.2777119409991796,322,0.06275776397516118,1.0349982680983754,0.484472049689441,3
0959,BIG_GAP & BIG_PREV_MOVE,10.0,15.0,1440,0.2776725106905785,139,0.0633741007194275,1.0145849683266617,0.5179856115107914,3
0959,gap_ratio_roll>=0.35,12.0,20.0,480,0.2776141858353998,419,0.03860859188544348,1.0102827387668218,0.5011933174224343,4
0959,asia_ratio_Q1,8.0,30.0,1440,0.27748927801363155,323,0.06321671826625136,1.0167019343946635,0.5727554179566563,3
0959,gap_ratio_roll_Q1,30.0,15.0,240,0.27307766539249034,323,0.0362291021671897,1.017098438025106,0.5046439628482973,4
0959,ThuFri,10.0,8.0,480,0.2729573726676397,514,0.06092607003891057,1.0181405527898428,0.46108949416342415,3
0959,gap_ratio_roll_Q1,15.0,10.0,240,0.2727322747997093,323,0.036049535603722226,1.0175648196754978,0.4984520123839009,4
0959,gap_ratio_roll>=0.35,10.0,20.0,480,0.2700503186903669,419,0.034856801909310633,1.009659947364697,0.5155131264916468,4
0959,gap_ratio_roll<0.1,10.0,8.0,240,0.269799358424087,284,0.059007042253526064,1.0302552686739377,0.4894366197183099,3
0959,gap_ratio_roll>=0.5,10.0,30.0,1440,0.2682201982745965,230,0.058726086956529915,1.0130780782670765,0.5521739130434783,3
0959,ThuFri & HIGH_VOL,12.0,10.0,1440,0.26668036059226474,342,0.05795321637427148,1.013354355325572,0.4619883040935672,3
0959,gap_ratio_range_Q4,6.0,20.0,480,0.2663672394529602,257,0.05763813229572289,1.0189280050907437,0.5992217898832685,3
0959,gap_ratio_range<0.1,20.0,8.0,240,0.2660066119014363,297,0.05720875420876411,1.0277772782485208,0.49158249158249157,3
0959,asia_ratio_Q2,20.0,8.0,240,0.265809983780708,322,0.05698136645963425,1.032418507596656,0.4813664596273292,3
0959,ThuFri & HIGH_VOL,15.0,30.0,240,0.2646172985194791,342,0.05650292397661238,1.0285197730107096,0.5029239766081871,3
0959,asia_ratio_Q2,10.0,12.0,240,0.26367301759825174,322,0.05595962732920033,1.031339789479547,0.48757763975155277,3
0959,asia_ratio_Q2,15.0,15.0,240,0.2617245185808295,322,0.05502173913044144,1.0305522934482552,0.484472049689441,3
0959,prev_range_ratio_Q3,6.0,15.0,240,0.25951251047348806,322,0.053990683229815754,1.0283594117032948,0.5279503105590062,3
0959,gap_ratio_range>=0.2,20.0,15.0,1440,0.25877459016793253,451,0.05409977827051376,1.0106291309370927,0.458980044345898,3
0959,gap_ratio_roll_Q1,8.0,8.0,240,0.2571721885088416,323,0.052851393188860556,1.02780252406724,0.5046439628482973,3
0959,LOW_VOL,15.0,30.0,1440,0.25709767785534476,406,0.05323399014778507,1.0118288626876637,0.5123152709359606,3
0959,asia_ratio<1.0,15.0,30.0,1440,0.25709767785534476,406,0.05323399014778507,1.0118288626876637,0.5123152709359606,3
0959,ThuFri & HIGH_VOL,30.0,25.0,240,0.25695396740062576,342,0.05276900584795795,1.0268330941990762,0.5029239766081871,3
0959,gap_ratio_roll_Q4,12.0,12.0,480,0.25685564630245517,323,0.05304953560371514,1.0142616723485858,0.48297213622291024,3
0959,asia_ratio_Q2,10.0,10.0,240,0.25475016596197153,322,0.05163043478261576,1.0288453196842235,0.48757763975155277,3
0959,asia_ratio>=1.3,25.0,25.0,480,0.25439873131948376,512,0.05187890625000424,1.012354131299273,0.44921875,3
0959,gap_ratio_range<0.1,30.0,10.0,240,0.25208443721778906,297,0.050457912457923526,1.023160139708842,0.49158249158249157,3
0959,ThuFri & HIGH_VOL,15.0,20.0,240,0.25164156383333514,342,0.05018713450292793,1.025251388429146,0.5029239766081871,3
0959,prev_range_ratio_Q2,15.0,30.0,480,0.2514938123931358,322,0.050397515527944865,1.0138653925679841,0.4906832298136646,3
0959,gap_ratio_range_Q4,6.0,10.0,480,0.2505546796736221,257,0.04984435797665437,1.0173733548884094,0.5642023346303502,3
0959,gap_ratio_roll_Q4,30.0,10.0,240,0.2492168463902114,323,0.04902476780185629,1.0238106336620854,0.47368421052631576,3
0959,asia_ratio>=1.6,10.0,15.0,480,0.24844700045079848,322,0.04890062111801554,1.0132055217296507,0.5093167701863354,3
0959,ThuFri & HIGH_VOL,12.0,30.0,240,0.24844492078036182,342,0.048625730994157686,1.0245437707083482,0.5029239766081871,3
0959,gap_ratio_range_Q1,20.0,10.0,240,0.24813299711474207,257,0.04851750972763462,1.0226305444289405,0.4980544747081712,3
0959,ThuFri,10.0,15.0,480,0.24710017986916438,514,0.0482276264591466,1.013372562537729,0.5058365758754864,3
0959,gap_ratio_roll_Q4,6.0,20.0,240,0.24262780867768774,323,0.04574303405573417,1.024959878368109,0.49226006191950467,3
0959,prev_range_ratio_Q2,20.0,12.0,480,0.2399962017340451,322,0.044726708074532176,1.012135603274809,0.46273291925465837,3
0959,asia_ratio_Q2,10.0,15.0,240,0.23886062299627303,322,0.04389440993789601,1.0244177589355323,0.48757763975155277,3
0959,ThuFri & HIGH_VOL,10.0,12.0,240,0.2378179169888907,342,0.04341812865497721,1.0226094423999024,0.5029239766081871,3
0959,Tue,30.0,10.0,1440,0.2370869799815929,258,0.04333720930232926,1.0095197956577275,0.44573643410852715,3
0959,gap_ratio_roll>=0.35,30.0,15.0,1440,0.23679122783771556,419,0.04321241050120036,1.0084792037996735,0.45346062052505964,3
0959,Fri,15.0,12.0,480,0.2361883788551082,253,0.04285375494071005,1.011221163101189,0.45454545454545453,3
0959,ThuFri & HIGH_VOL,12.0,20.0,240,0.23552057795992304,342,0.04230994152047324,1.0212880208908042,0.5029239766081871,3
0959,ThuFri,10.0,30.0,480,0.2338227915603759,514,0.04167315175097379,1.0114339338016871,0.5116731517509727,3
0959,asia_ratio_Q2,6.0,30.0,240,0.23117878189734645,322,0.04014285714286681,1.02224723587647,0.5062111801242236,3
0959,asia_ratio_Q2,6.0,25.0,240,0.23117878189734645,322,0.04014285714286681,1.02224723587647,0.5062111801242236,3
0959,gap_ratio_roll>=0.35,8.0,8.0,480,0.22919297239143283,419,0.03934367541766249,1.0128514062486607,0.4916467780429594,3
0959,asia_ratio>=1.3,25.0,20.0,480,0.22761769959035108,512,0.03863085937500399,1.0092149345394428,0.447265625,3
0959,ThuFri & HIGH_VOL,30.0,30.0,240,0.22703283433285865,342,0.03814912280702227,1.0192557171636694,0.5029239766081871,3
0959,asia_ratio_Q2,30.0,8.0,240,0.22352338083684004,322,0.036385093167709305,1.0207006341291942,0.4813664596273292,3
0959,gap_ratio_roll_Q1,15.0,12.0,240,0.222667686389353,323,0.036018575851399566,1.017505819473685,0.5046439628482973,3
0959,prev_move_ratio_Q2,10.0,20.0,480,0.2221454324566998,322,0.03589751552795657,1.0097611602260816,0.5279503105590062,3
0959,gap_ratio_range>=0.2,25.0,8.0,1440,0.22113054747752936,451,0.035416851441243104,1.008381450720869,0.38137472283813745,3
0959,gap_ratio_roll_Q4,30.0,12.0,1440,0.22079417174719884,323,0.03527244582044057,1.0070672759010435,0.43962848297213625,3
0959,gap_ratio_roll_Q4,6.0,30.0,240,0.22059511463594345,323,0.034965944272452455,1.0189677729241544,0.49226006191950467,3
0959,ThuFri & HIGH_VOL,10.0,15.0,240,0.22025401576522652,342,0.03481286549708252,1.0180474879643024,0.5029239766081871,3
0959,gap_ratio_range>=0.2,15.0,20.0,1440,0.22016668325288402,451,0.03496008869179915,1.0070510653293483,0.49445676274944567,3
0959,gap_ratio_roll>=0.35,10.0,20.0,240,0.21899436786367654,419,0.03419570405728189,1.0176326168954646,0.477326968973747,3
0959,prev_move_ratio<2.0,30.0,15.0,480,0.21803464615457668,834,0.03386690647482274,1.0088828073256357,0.4712230215827338,3
0959,asia_ratio_Q2,12.0,12.0,240,0.21784883143579736,322,0.03360869565218063,1.0187879987361281,0.484472049689441,3
0959,gap_ratio_roll_Q4,15.0,15.0,1440,0.21784690320170136,323,0.03380804953561098,1.006826898731211,0.47987616099071206,3
0959,asia_ratio_Q2,8.0,8.0,240,0.21724109289013394,322,0.03330434782609522,1.0189884288155298,0.4906832298136646,3
0959,gap_ratio_range>=0.2,25.0,30.0,1440,0.2165181832315025,451,0.033155210643019,1.0062663437039032,0.4700665188470067,3
0959,ThuFri & HIGH_VOL,30.0,20.0,240,0.2141765338923921,342,0.03183333333333782,1.0160167714884718,0.5029239766081871,3
0959,gap_ratio_roll_Q1,20.0,15.0,240,0.21352616212391196,323,0.006752321981430608,1.0031867794678504,0.5046439628482973,4
0959,prev_move_ratio_Q2,10.0,15.0,480,0.2131768566921763,322,0.03145341614907375,1.0085848987832988,0.5217391304347826,3
0959,asia_ratio_Q2,25.0,8.0,240,0.2128248659624442,322,0.03113664596274019,1.0177146259627268,0.4813664596273292,3
0959,asia_ratio_Q2,12.0,10.0,240,0.2090370927288222,322,0.029279503105596055,1.0163283685486697,0.484472049689441,3
0959,gap_ratio_roll<0.1,30.0,10.0,240,0.20813382300451896,284,0.028869718309865004,1.013660901729484,0.4859154929577465,3
0959,gap_ratio_roll>=0.5,10.0,20.0,1440,0.20698014550795296,230,0.028400000000007586,1.0063431516879482,0.5478260869565217,3
0959,HIGH_VOL,30.0,8.0,480,0.20540497539229702,884,0.0275972850678748,1.0076241288239012,0.4106334841628959,3
0959,asia_ratio>=1.0,30.0,8.0,480,0.20540497539229702,884,0.0275972850678748,1.0076241288239012,0.4106334841628959,3
0959,prev_move_ratio<0.7,8.0,15.0,1440,0.20371925436627694,426,0.0018591549295799371,1.0005080303432676,0.5586854460093896,4
0959,asia_ratio_Q4,10.0,15.0,480,0.20367241885642964,323,0.026739938080498703,1.0072005662411252,0.5077399380804953,3
0959,ThuFri & HIGH_VOL,10.0,10.0,1440,0.2031059219008827,342,0.026467836257311663,1.0064323122073238,0.48830409356725146,3
0959,gap_ratio_roll>=0.35,10.0,30.0,240,0.2016167228515415,419,0.02563961813842793,1.0131626989475249,0.477326968973747,3
0959,asia_ratio_Q2,20.0,12.0,240,0.20140124061991369,322,0.02551863354037933,1.0142630497271363,0.4813664596273292,3
0959,asia_ratio>=1.6,30.0,12.0,480,0.20049128977840583,322,0.02517080745342256,1.0059463675067897,0.43478260869565216,3
0959,asia_ratio_Q2,6.0,20.0,240,0.1989269200719535,322,0.024301242236034873,1.013350576761983,0.5062111801242236,3
0959,prev_move_ratio<2.0,25.0,15.0,480,0.19590779908902264,834,0.022884892086333132,1.0060308309882215,0.4724220623501199,3
0959,gap_ratio_range_Q1,30.0,20.0,240,0.1958209804168186,257,0.02279766536965747,1.0098979291890118,0.5019455252918288,3
0959,prev_move_ratio_Q2,12.0,10.0,480,0.19519512957040475,322,0.02252795031056295,1.0061802759398648,0.468944099378882,3
0959,gap_ratio_range_Q1,12.0,8.0,240,0.19488005318935206,257,0.02231517509728472,1.01118982906,0.4980544747081712,3
0959,prev_range_ratio_Q2,10.0,10.0,480,0.19474589099622994,322,0.02230124223602426,1.0064304276265712,0.4751552795031056,3
0959,gap_ratio_roll>=0.35,25.0,20.0,1440,0.19449524029392212,419,0.02220047732697418,1.0042470095838516,0.46539379474940334,3
0959,Fri,10.0,8.0,1440,0.19362311070585744,253,0.021747035573125937,1.0059336620465644,0.44664031620553357,3
0959,asia_ratio_Q2,12.0,15.0,240,0.19334467238334688,322,0.02154347826087631,1.011962592970062,0.484472049689441,3
0959,asia_ratio_Q2,20.0,10.0,240,0.19262923013754105,322,0.02118944099379476,1.011814759531638,0.4813664596273292,3
0959,gap_ratio_range_Q1,25.0,25.0,240,0.1920100470981567,257,0.020906614785998597,1.009414126972449,0.5019455252918288,3
0959,gap_ratio_range_Q1,25.0,30.0,240,0.1920100470981567,257,0.020906614785998597,1.009414126972449,0.5019455252918288,3
0959,gap_ratio_range_Q1,25.0,12.0,240,0.19199433571053845,257,0.02089883268483235,1.009410589760665,0.5019455252918288,3
0959,Fri,20.0,15.0,480,0.19174189038646006,253,0.020818181818184723,1.0050689705283689,0.4505928853754941,3
0959,gap_ratio_range_Q4,6.0,15.0,480,0.19161321768381454,257,0.020735408560313747,1.0068675069880018,0.5875486381322957,3
0959,BIG_GAP & BIG_PREV_MOVE,8.0,15.0,1440,0.19101012938775955,139,0.020453237410074116,1.0050678807238715,0.5611510791366906,3
0959,BIG_GAP & BIG_PREV_MOVE,6.0,15.0,1440,0.1869911752880557,139,0.018446043165469824,1.0053718272383494,0.6258992805755396,3
0959,asia_ratio>=1.0,30.0,15.0,480,0.18601209868591725,884,0.01796606334841893,1.0044512805909935,0.4490950226244344,3
0959,HIGH_VOL,30.0,15.0,480,0.18601209868591725,884,0.01796606334841893,1.0044512805909935,0.4490950226244344,3
0959,asia_ratio>=1.6,12.0,30.0,480,0.18462909870631605,322,0.017276397515531797,1.004416642716391,0.5,3
0959,prev_range_ratio_Q2,10.0,8.0,1440,0.18299833819571523,322,0.016462732919262212,1.0044265042473919,0.4658385093167702,3
0959,gap_ratio_roll>=0.35,30.0,30.0,1440,0.18290968014036865,419,0.016429594272082917,1.003073210169809,0.4677804295942721,3
0959,gap_ratio_roll_Q4,6.0,25.0,240,0.18015819881806838,323,0.015018575851399873,1.0080598264753124,0.49226006191950467,3
0959,gap_ratio_roll<0.1,8.0,8.0,240,0.17937192126282625,284,0.014630281690146353,1.007611465376537,0.49295774647887325,3
0959,gap_ratio_roll>=0.5,10.0,25.0,480,0.17908065427633937,230,0.014513043478260719,1.0037598812337096,0.5217391304347826,3
0959,asia_ratio_Q2,20.0,15.0,240,0.17700731730520677,322,0.013453416149075012,1.007469107172726,0.4813664596273292,3
0959,ThuFri & HIGH_VOL,12.0,10.0,240,0.1769203658598216,342,0.013415204678367126,1.0067055632205435,0.49707602339181284,3
0959,gap_ratio_range>=0.2,10.0,20.0,1440,0.17634950404134708,451,0.013155210643019034,1.002970895439804,0.541019955654102,3
0959,ThuFri & HIGH_VOL,8.0,10.0,480,0.1754158325334772,342,0.012684210526317683,1.0037378345891876,0.5116959064327485,3
0959,asia_ratio_Q2,15.0,25.0,240,0.1752973837739146,322,0.012605590062118767,1.0068385255471786,0.484472049689441,3
0959,asia_ratio_Q2,15.0,30.0,240,0.1752973837739146,322,0.012605590062118767,1.0068385255471786,0.484472049689441,3
0959,gap_ratio_roll_Q4,6.0,15.0,240,0.17341040102696842,323,0.011668730650160447,1.0062508707103037,0.49226006191950467,3
0959,gap_ratio_roll_Q4,10.0,30.0,1440,0.17223817278356257,323,0.011105263157902447,1.0024894923573227,0.5356037151702786,3
0959,Tue,25.0,10.0,1440,0.17138940712360115,258,0.01068217054263687,1.0023465304384847,0.44573643410852715,3
0959,gap_ratio_roll_Q4,10.0,10.0,240,0.17011701140626134,323,0.010034055727555542,1.0048733984021996,0.47368421052631576,3
0959,gap_ratio_roll_Q4,10.0,20.0,1440,0.16947646234076028,323,0.009727554179575174,1.0021952056206227,0.5325077399380805,3
0959,gap_ratio_roll>=0.5,20.0,10.0,480,0.16663492116576356,230,0.008308695652176143,1.0021098211013029,0.43478260869565216,3
0959,prev_move_ratio<0.7,8.0,30.0,1440,0.16453048299905076,426,0.0072582159624436805,1.0019358853795581,0.5727699530516432,3
0959,asia_ratio>=1.3,30.0,12.0,480,0.16412930598284736,512,0.007058593750004061,1.0017168409556363,0.427734375,3
0959,prev_move_ratio<1.0,30.0,8.0,480,0.16281582615269055,545,0.0064018348623878845,1.0018988974530072,0.43302752293577984,3
0959,SMALL_PREV_MOVE,30.0,8.0,480,0.16281582615269055,545,0.0064018348623878845,1.0018988974530072,0.43302752293577984,3
0959,SMALL_PREV_MOVE,30.0,15.0,480,0.16253560041532714,545,0.0062623853211038576,1.0017293367565392,0.47522935779816516,3
0959,prev_move_ratio<1.0,30.0,15.0,480,0.16253560041532714,545,0.0062623853211038576,1.0017293367565392,0.47522935779816516,3
0959,ThuFri,8.0,25.0,480,0.16074775229427427,514,0.005369649805447896,1.0015741591509124,0.5311284046692607,3
0959,asia_ratio_Q2,30.0,12.0,240,0.15985826308816628,322,0.004922360248454379,1.0027512393595641,0.4813664596273292,3
0959,gap_ratio_range>=0.2,10.0,12.0,480,0.15764037030860673,451,0.0038181818181797574,1.001049366540929,0.49002217294900224,3
0959,prev_range_ratio_Q2,20.0,15.0,480,0.15698456701689256,322,0.0034906832298116195,1.0009168856234123,0.4813664596273292,3
0959,asia_ratio>=1.3,20.0,30.0,480,0.15678794358359818,512,0.003392578125004597,1.0008215974654886,0.453125,3
0959,gap_ratio_range>=0.2,25.0,25.0,1440,0.1566495481764998,451,0.003323725055435954,1.0006312392249281,0.4678492239467849,3
0959,asia_ratio_Q4,30.0,12.0,480,0.1561694242497972,323,0.003083591331275978,1.0007269404419754,0.43343653250773995,3
0959,SMALL_PREV_MOVE,25.0,8.0,480,0.15571985522800447,545,0.0028587155963327652,1.0008479456095691,0.43302752293577984,3
0959,prev_move_ratio<1.0,25.0,8.0,480,0.15571985522800447,545,0.0028587155963327652,1.0008479456095691,0.43302752293577984,3
0959,asia_ratio<1.0,15.0,20.0,1440,0.15528233593014606,406,0.0026403940886724777,1.0005861824974223,0.5073891625615764,3
0959,LOW_VOL,15.0,20.0,1440,0.15528233593014606,406,0.0026403940886724777,1.0005861824974223,0.5073891625615764,3
0959,asia_ratio_Q2,8.0,12.0,240,0.15368512942272253,322,0.0018416149068402972,1.0010314909131435,0.4906832298136646,3
0959,gap_ratio_roll<0.1,25.0,12.0,240,0.15351555105275805,284,0.0017570422535260137,1.0008346672955966,0.49295774647887325,3
0959,asia_ratio_Q2,10.0,25.0,240,0.15295770933975686,322,0.0014782608695733351,1.0008033768833409,0.48757763975155277,3
0959,asia_ratio_Q2,10.0,30.0,240,0.15295770933975686,322,0.0014782608695733351,1.0008033768833409,0.48757763975155277,3
0959,gap_ratio_roll>=0.5,8.0,20.0,1440,0.15171322227710823,230,0.000856521739137861,1.0002087499059584,0.5869565217391305,3
0959,asia_ratio_Q2,30.0,10.0,240,0.15118653158629103,322,0.0005931677018698052,1.0003307370761494,0.4813664596273292,3
0959,asia_ratio>=1.6,12.0,20.0,480,0.15086961379735317,322,0.0004347826086994935,1.0001117338945578,0.4968944099378882,3
0959,Fri,12.0,12.0,480,0.1504427009455266,253,0.00022134387351794473,1.000059628895311,0.466403162055336,3
0959,gap_ratio_roll_Q1,25.0,15.0,240,0.15007430405699934,323,3.7151702793242565e-05,1.0000175338622748,0.5046439628482973,3
