variant,filter,tp,sl,h,train_score,train_n,train_ev,train_pf,train_wr,train_pos_years
1000,BIG_GAP,30.0,30.0,480,3.770318266996347,228,1.4722587719298312,1.4250616366281774,0.5175438596491229,4
1000,gap_ratio_range>=0.35,30.0,30.0,480,3.770318266996347,228,1.4722587719298312,1.4250616366281774,0.5175438596491229,4
1000,HIGH_VOL & BIG_GAP,30.0,30.0,480,3.748059837479761,198,1.4850404040404075,1.4228699957862285,0.5151515151515151,3
1000,HIGH_VOL & BIG_GAP,20.0,30.0,480,3.557822758526288,198,1.4177373737373749,1.4037052430541073,0.5151515151515151,3
1000,gap_ratio_range>=0.35,20.0,30.0,480,3.546960392133574,228,1.3932587719298286,1.4022532350524064,0.5175438596491229,4
1000,BIG_GAP,20.0,30.0,480,3.546960392133574,228,1.3932587719298286,1.4022532350524064,0.5175438596491229,4
1000,gap_ratio_range>=0.35,30.0,25.0,480,3.4180499632312458,228,1.3526754385964985,1.379025944738238,0.5131578947368421,4
1000,BIG_GAP,30.0,25.0,480,3.4180499632312458,228,1.3526754385964985,1.379025944738238,0.5131578947368421,4
1000,BIG_GAP,25.0,30.0,480,3.379340627420337,228,1.3331184210526377,1.3848898771572835,0.5175438596491229,4
1000,gap_ratio_range>=0.35,25.0,30.0,480,3.379340627420337,228,1.3331184210526377,1.3848898771572835,0.5175438596491229,4
1000,HIGH_VOL & BIG_GAP,30.0,25.0,480,3.3723302442716356,198,1.357035353535358,1.3745366956555687,0.51010101010101,3
1000,ThuFri & HIGH_VOL,30.0,20.0,480,3.3334112214529537,342,1.3251081871345014,1.364645582809991,0.5175438596491229,4
1000,HIGH_VOL & BIG_GAP,25.0,30.0,480,3.2950514777611435,198,1.3232323232323266,1.3767946282316976,0.5151515151515151,3
1000,ThuFri & HIGH_VOL,30.0,25.0,480,3.2698079342911766,342,1.3027982456140332,1.3563187505248124,0.5175438596491229,4
1000,HIGH_VOL & BIG_GAP,30.0,30.0,1440,3.213921641044398,198,1.3177020202020235,1.2872558399677634,0.494949494949495,4
1000,BIG_GAP,20.0,25.0,480,3.2019126211689564,228,1.273675438596496,1.3568897775691275,0.5131578947368421,4
1000,gap_ratio_range>=0.35,20.0,25.0,480,3.2019126211689564,228,1.273675438596496,1.3568897775691275,0.5131578947368421,4
1000,HIGH_VOL & BIG_GAP,20.0,25.0,480,3.188559454231673,198,1.2897323232323252,1.3559613103410786,0.51010101010101,3
1000,BIG_GAP,30.0,20.0,480,3.1868047973890143,228,1.2697719298245707,1.3522372224763748,0.5087719298245614,4
1000,gap_ratio_range>=0.35,30.0,20.0,480,3.1868047973890143,228,1.2697719298245707,1.3522372224763748,0.5087719298245614,4
1000,gap_ratio_range_Q4,30.0,30.0,480,3.182865292311937,257,1.285692607003898,1.358935001873851,0.5136186770428015,3
1000,ThuFri & HIGH_VOL,30.0,30.0,480,3.163425105938057,342,1.265084795321635,1.3424715219857146,0.5175438596491229,4
1000,ThuFri & HIGH_VOL,30.0,15.0,480,3.104019499817624,342,1.2421432748538008,1.337910254482861,0.5087719298245614,4
1000,ThuFri & HIGH_VOL,25.0,20.0,480,3.098845483782298,342,1.238406432748537,1.3407868427722545,0.5175438596491229,4
1000,gap_ratio_range>=0.35,30.0,15.0,480,3.091419186887064,228,1.246921052631588,1.3589458054936923,0.5,3
1000,BIG_GAP,30.0,15.0,480,3.091419186887064,228,1.246921052631588,1.3589458054936923,0.5,3
1000,HIGH_VOL & BIG_GAP,30.0,20.0,480,3.084255852745905,198,1.2533030303030372,1.3412181904933471,0.5050505050505051,3
1000,BIG_GAP,25.0,25.0,480,3.039718428007098,228,1.213535087719305,1.3400381717384136,0.5131578947368421,4
1000,gap_ratio_range>=0.35,25.0,25.0,480,3.039718428007098,228,1.213535087719305,1.3400381717384136,0.5131578947368421,4
1000,ThuFri & HIGH_VOL,25.0,25.0,480,3.036673476347679,342,1.2160964912280687,1.3326055924091016,0.5175438596491229,4
1000,gap_ratio_range>=0.35,20.0,30.0,1440,3.031985620743753,228,1.2436885964912288,1.2770857823522113,0.5,4
1000,BIG_GAP,20.0,30.0,1440,3.031985620743753,228,1.2436885964912288,1.2770857823522113,0.5,4
1000,BIG_GAP,20.0,15.0,480,2.9962669913418067,228,1.2117807017543922,1.3488301036821577,0.5,3
1000,gap_ratio_range>=0.35,20.0,15.0,480,2.9962669913418067,228,1.2117807017543922,1.3488301036821577,0.5,3
1000,gap_ratio_range>=0.35,20.0,20.0,480,2.974882581872017,228,1.1907719298245678,1.3303224676121062,0.5087719298245614,4
1000,BIG_GAP,20.0,20.0,480,2.974882581872017,228,1.1907719298245678,1.3303224676121062,0.5087719298245614,4
1000,ThuFri & HIGH_VOL,20.0,20.0,480,2.9643450653161363,342,1.1879883040935664,1.326912694166066,0.5175438596491229,4
1000,HIGH_VOL & BIG_GAP,30.0,15.0,480,2.9619514658363943,198,1.2022272727272805,1.3389516521758962,0.494949494949495,3
1000,gap_ratio_range_Q4,30.0,25.0,480,2.941390753866051,257,1.1990583657587623,1.3279857207782069,0.5097276264591439,3
1000,HIGH_VOL & BIG_GAP,25.0,25.0,480,2.9347340491453417,198,1.1952272727272772,1.3298782689179423,0.51010101010101,3
1000,ThuFri & HIGH_VOL,25.0,30.0,480,2.932670815723004,342,1.1783830409356708,1.3190004614740407,0.5175438596491229,4
1000,BIG_GAP,30.0,30.0,1440,2.9215925469334683,228,1.220192982456141,1.2714378682579346,0.4956140350877193,3
1000,gap_ratio_range>=0.35,30.0,30.0,1440,2.9215925469334683,228,1.220192982456141,1.2714378682579346,0.4956140350877193,3
1000,gap_ratio_range_Q4,20.0,30.0,480,2.9197755526978244,257,1.1879105058365809,1.3316365492930984,0.5136186770428015,3
1000,HIGH_VOL & BIG_GAP,20.0,15.0,480,2.9170476548275084,198,1.1854292929292982,1.3342156899041144,0.494949494949495,3
1000,HIGH_VOL & BIG_GAP,20.0,20.0,480,2.904952989237683,198,1.1860000000000044,1.3228945946354747,0.5050505050505051,3
1000,ThuFri & HIGH_VOL,20.0,25.0,480,2.9029937562672097,342,1.1656783625730982,1.3188161014678768,0.5175438596491229,4
1000,Thu,30.0,15.0,480,2.8967574367345046,261,1.152873563218392,1.3391614855025094,0.5325670498084292,4
1000,HIGH_VOL & BIG_GAP,20.0,30.0,1440,2.8750372977195933,198,1.1845707070707086,1.2582335370546327,0.494949494949495,4
1000,BIG_GAP,25.0,20.0,480,2.8158737864624994,228,1.1306315789473769,1.3136394163852114,0.5087719298245614,4
1000,gap_ratio_range>=0.35,25.0,20.0,480,2.8158737864624994,228,1.1306315789473769,1.3136394163852114,0.5087719298245614,4
1000,ThuFri & HIGH_VOL,20.0,30.0,480,2.8003558881253343,342,1.1279649122807,1.305351753245159,0.5175438596491229,4
1000,gap_ratio_range_Q4,25.0,30.0,480,2.8001959092116686,257,1.1427976653696563,1.319042110008529,0.5136186770428015,3
1000,HIGH_VOL & BIG_GAP,25.0,30.0,1440,2.790108464251155,198,1.1507222222222238,1.2508546495689046,0.494949494949495,4
1000,gap_ratio_range>=0.35,25.0,15.0,480,2.776808468235517,228,1.1297105263157978,1.3252049149281118,0.5,3
1000,BIG_GAP,25.0,15.0,480,2.776808468235517,228,1.1297105263157978,1.3252049149281118,0.5,3
1000,ThuFri & HIGH_VOL,25.0,15.0,480,2.7479014205534575,342,1.107204678362573,1.3012018196323984,0.5087719298245614,4
1000,gap_ratio_range_Q4,30.0,15.0,480,2.6982293741387386,257,1.1036653696498144,1.3088786186589099,0.4980544747081712,3
1000,gap_ratio_range>=0.35,20.0,20.0,1440,2.6922485271266954,228,1.1090043859649155,1.247284644377899,0.49122807017543857,4
1000,BIG_GAP,20.0,20.0,1440,2.6922485271266954,228,1.1090043859649155,1.247284644377899,0.49122807017543857,4
1000,gap_ratio_range_Q4,20.0,25.0,480,2.6842996569101767,257,1.1012762645914451,1.3012387884799816,0.5097276264591439,3
1000,gap_ratio_range>=0.35,25.0,30.0,1440,2.6757448318741197,228,1.1026403508771931,1.2452877131737186,0.4956140350877193,4
1000,BIG_GAP,25.0,30.0,1440,2.6757448318741197,228,1.1026403508771931,1.2452877131737186,0.4956140350877193,4
1000,HIGH_VOL & BIG_GAP,25.0,20.0,480,2.657344114620181,198,1.0914949494949564,1.2971651089914338,0.5050505050505051,3
1000,ThuFri & HIGH_VOL,20.0,15.0,480,2.655088556584451,342,1.0714064327485382,1.291463334120812,0.5087719298245614,4
1000,Thu,25.0,15.0,480,2.6420985361739735,261,1.0567777777777794,1.3108912654364129,0.5325670498084292,4
1000,BIG_GAP & BIG_PREV_MOVE,20.0,30.0,1440,2.6354728409208663,138,1.0946449275362264,1.2248975714915245,0.4782608695652174,4
1000,gap_ratio_range_Q4,30.0,20.0,480,2.633365682712845,257,1.0841050583657676,1.2907057425378958,0.5058365758754864,3
1000,BIG_GAP & BIG_PREV_MOVE,30.0,30.0,1440,2.623175789863776,138,1.0896231884057916,1.2238658424744808,0.4782608695652174,4
1000,Thu,20.0,15.0,480,2.618185482541539,261,1.0476475095785465,1.3082052507473054,0.5325670498084292,4
1000,HIGH_VOL & BIG_GAP,25.0,15.0,480,2.601526279136578,198,1.065671717171725,1.3004516678390305,0.494949494949495,3
1000,gap_ratio_range>=0.35,20.0,25.0,1440,2.5729061675885387,228,1.0631052631578963,1.2320519423824032,0.4956140350877193,4
1000,BIG_GAP,20.0,25.0,1440,2.5729061675885387,228,1.0631052631578963,1.2320519423824032,0.4956140350877193,4
1000,gap_ratio_range_Q4,25.0,25.0,480,2.567451193134201,257,1.0561634241245206,1.2888987991021224,0.5097276264591439,3
1000,BIG_GAP & BIG_PREV_MOVE,20.0,20.0,1440,2.558965131158979,138,1.0611086956521723,1.223113561150421,0.47101449275362317,4
1000,gap_ratio_range_Q4,20.0,15.0,480,2.54508780773757,257,1.044793774319073,1.292402449754765,0.4980544747081712,3
1000,ThuFri & HIGH_VOL,30.0,8.0,480,2.5414875336111433,342,1.0200263157894756,1.2955167894848756,0.4619883040935672,4
1000,gap_ratio_range>=0.35,30.0,12.0,480,2.5349745976502542,228,1.035223684210536,1.3038253799892934,0.4868421052631579,3
1000,BIG_GAP,30.0,12.0,480,2.5349745976502542,228,1.035223684210536,1.3038253799892934,0.4868421052631579,3
1000,BIG_GAP,20.0,12.0,480,2.528468735682448,228,1.0327280701754464,1.303092948057835,0.4868421052631579,3
1000,gap_ratio_range>=0.35,20.0,12.0,480,2.528468735682448,228,1.0327280701754464,1.303092948057835,0.4868421052631579,3
1000,ThuFri & HIGH_VOL,30.0,12.0,480,2.5095514442132227,342,1.0173830409356757,1.2700903703772712,0.49707602339181284,4
1000,BIG_GAP & BIG_PREV_MOVE,30.0,30.0,480,2.476147195580561,138,1.0066231884058003,1.261171033805926,0.4855072463768116,4
1000,gap_ratio_range>=0.35,30.0,20.0,1440,2.474869672022021,228,1.041649122807021,1.2319124752459787,0.4868421052631579,3
1000,BIG_GAP,30.0,20.0,1440,2.474869672022021,228,1.041649122807021,1.2319124752459787,0.4868421052631579,3
1000,BIG_GAP,20.0,15.0,1440,2.4691632693347745,228,1.0164166666666694,1.2325128500465046,0.4780701754385965,4
1000,gap_ratio_range>=0.35,20.0,15.0,1440,2.4691632693347745,228,1.0164166666666694,1.2325128500465046,0.4780701754385965,4
1000,BIG_GAP & BIG_PREV_MOVE,30.0,20.0,480,2.4545180546375422,138,0.9976449275362381,1.2598401419283012,0.4782608695652174,4
1000,HIGH_VOL & BIG_GAP,30.0,20.0,1440,2.440452524813611,198,1.0110959595959659,1.2158653721738695,0.48484848484848486,4
1000,gap_ratio_range>=0.35,20.0,8.0,480,2.4366351956613768,228,0.9711710526315845,1.3030291003842844,0.4517543859649123,4
1000,BIG_GAP,20.0,8.0,480,2.4366351956613768,228,0.9711710526315845,1.3030291003842844,0.4517543859649123,4
1000,HIGH_VOL & BIG_GAP,30.0,25.0,1440,2.431962239184842,198,1.0087474747474792,1.212607510857533,0.4898989898989899,4
1000,HIGH_VOL & BIG_GAP,20.0,12.0,480,2.3964339862718202,198,0.9836363636363716,1.2838053464870443,0.4797979797979798,3
1000,gap_ratio_range_Q4,20.0,20.0,480,2.383513743064464,257,0.9863229571984503,1.2644852041247543,0.5058365758754864,3
1000,gap_ratio_range_Q4,25.0,15.0,480,2.3793586565630025,257,0.9802256809338605,1.2743320236612183,0.4980544747081712,3
1000,BIG_GAP & BIG_PREV_MOVE,30.0,20.0,1440,2.3706804110179833,138,0.9836231884057955,1.2068211044679693,0.47101449275362317,4
1000,gap_ratio_range>=0.35,15.0,30.0,480,2.3632804214251397,228,0.9505657894736874,1.2757819031367752,0.5263157894736842,4
1000,BIG_GAP,15.0,30.0,480,2.3632804214251397,228,0.9505657894736874,1.2757819031367752,0.5263157894736842,4
1000,BIG_GAP,30.0,25.0,1440,2.357603736019505,228,0.9957500000000018,1.21702609693146,0.49122807017543857,3
1000,gap_ratio_range>=0.35,30.0,25.0,1440,2.357603736019505,228,0.9957500000000018,1.21702609693146,0.49122807017543857,3
1000,BIG_GAP & BIG_PREV_MOVE,25.0,30.0,1440,2.3455692535237525,138,0.9751086956521694,1.2003385500410892,0.4782608695652174,4
1000,HIGH_VOL & BIG_GAP,30.0,12.0,480,2.343170582016003,198,0.9628434343434437,1.2778060313736377,0.4797979797979798,3
1000,ThuFri & HIGH_VOL,20.0,8.0,480,2.328382979373375,342,0.9370087719298269,1.2714653727198726,0.4619883040935672,4
1000,Thu,30.0,20.0,480,2.3204707583584963,261,0.9384367816091963,1.2595776294300745,0.5363984674329502,4
1000,BIG_GAP & BIG_PREV_MOVE,20.0,30.0,480,2.3157439469022942,138,0.9426086956521751,1.2445623052930215,0.4855072463768116,4
1000,ThuFri & HIGH_VOL,25.0,8.0,480,2.3079022160155667,342,0.9289473684210547,1.2691298642660436,0.4619883040935672,4
1000,gap_ratio_range>=0.35,30.0,8.0,480,2.3045829650371963,228,0.9201885964912355,1.2871213282387612,0.4517543859649123,4
1000,BIG_GAP,30.0,8.0,480,2.3045829650371963,228,0.9201885964912355,1.2871213282387612,0.4517543859649123,4
1000,BIG_GAP & BIG_PREV_MOVE,20.0,20.0,480,2.294289300234246,138,0.9336304347826129,1.2431673413922948,0.4782608695652174,4
1000,BIG_GAP,12.0,30.0,480,2.292215096409775,228,0.9347631578947417,1.2917196493221201,0.543859649122807,3
1000,gap_ratio_range>=0.35,12.0,30.0,480,2.292215096409775,228,0.9347631578947417,1.2917196493221201,0.543859649122807,3
1000,BIG_GAP,25.0,20.0,1440,2.291307569843199,228,0.9460263157894765,1.2106230396962732,0.4868421052631579,4
1000,gap_ratio_range>=0.35,25.0,20.0,1440,2.291307569843199,228,0.9460263157894765,1.2106230396962732,0.4868421052631579,4
1000,gap_ratio_range>=0.35,25.0,12.0,480,2.289180205269983,228,0.9399429824561494,1.275861669481405,0.4868421052631579,3
1000,BIG_GAP,25.0,12.0,480,2.289180205269983,228,0.9399429824561494,1.275861669481405,0.4868421052631579,3
1000,gap_ratio_range_Q4,25.0,20.0,480,2.269970440468941,257,0.9412101167315258,1.2523880723156837,0.5058365758754864,3
1000,HIGH_VOL & BIG_GAP,20.0,20.0,1440,2.2409852629796396,198,0.9284696969697015,1.1982249605355104,0.48484848484848486,4
1000,Thu,30.0,25.0,480,2.23451066404842,261,0.9050153256704991,1.2480400125170379,0.5363984674329502,4
1000,HIGH_VOL & BIG_GAP,20.0,25.0,1440,2.2330146916667375,198,0.9261212121212148,1.1951928808651968,0.4898989898989899,4
1000,BIG_GAP,10.0,30.0,480,2.2281973216714546,228,0.9054517543859688,1.2952049202011677,0.5526315789473685,3
1000,gap_ratio_range>=0.35,10.0,30.0,480,2.2281973216714546,228,0.9054517543859688,1.2952049202011677,0.5526315789473685,3
1000,gap_ratio_range_Q4,30.0,30.0,1440,2.2188708548595173,257,0.9404824902723742,1.199797312824345,0.48638132295719844,3
1000,gap_ratio_range_Q4,30.0,12.0,480,2.20997538485753,257,0.911824902723745,1.259178685188465,0.48638132295719844,3
1000,ThuFri & HIGH_VOL,25.0,12.0,480,2.2077633476751615,342,0.8970643274853836,1.2381486880692791,0.49707602339181284,4
1000,gap_ratio_range_Q4,20.0,8.0,480,2.203466664285225,257,0.9018365758754915,1.276983124455499,0.45136186770428016,3
1000,BIG_GAP & BIG_PREV_MOVE,25.0,20.0,1440,2.1830227387924905,138,0.9053405797101441,1.1903610455938904,0.47101449275362317,4
1000,gap_ratio_range>=0.35,25.0,25.0,1440,2.17684572875107,228,0.9001271929824574,1.1961848771627954,0.49122807017543857,4
1000,BIG_GAP,25.0,25.0,1440,2.17684572875107,228,0.9001271929824574,1.1961848771627954,0.49122807017543857,4
1000,gap_ratio_range_Q4,30.0,8.0,480,2.1587822003579125,257,0.8843035019455318,1.2715981514699943,0.45136186770428016,3
1000,ThuFri & HIGH_VOL,20.0,12.0,480,2.155438495926728,342,0.8758859649122843,1.2325263496173902,0.49707602339181284,4
1000,gap_ratio_range>=0.35,30.0,15.0,1440,2.1475525503224766,228,0.9052017543859677,1.2067484299977866,0.47368421052631576,3
1000,BIG_GAP,30.0,15.0,1440,2.1475525503224766,228,0.9052017543859677,1.2067484299977866,0.47368421052631576,3
1000,gap_ratio_range_Q4,20.0,12.0,480,2.134904335584714,257,0.8819143968871677,1.2506768713502059,0.48638132295719844,3
1000,gap_ratio_range_Q4,20.0,30.0,1440,2.1148838568801107,257,0.8968871595330749,1.190781567107106,0.490272373540856,3
1000,HIGH_VOL & BIG_GAP,25.0,20.0,1440,2.1000983799246202,198,0.8693686868686914,1.1856071061961417,0.48484848484848486,4
1000,gap_ratio_range>=0.35,10.0,30.0,1440,2.096214955562035,228,0.8516578947368406,1.2264984182973595,0.5657894736842105,4
1000,BIG_GAP,10.0,30.0,1440,2.096214955562035,228,0.8516578947368406,1.2264984182973595,0.5657894736842105,4
1000,HIGH_VOL & BIG_GAP,15.0,30.0,480,2.092582832720596,198,0.864671717171718,1.2466131297490006,0.5202020202020202,3
1000,HIGH_VOL & BIG_GAP,25.0,25.0,1440,2.0924766618970145,198,0.8670202020202047,1.1827365238865712,0.4898989898989899,4
1000,BIG_GAP & BIG_PREV_MOVE,25.0,30.0,480,2.0872068832276063,138,0.8498985507246414,1.2205084143496112,0.4855072463768116,4
1000,BIG_GAP,25.0,8.0,480,2.086357111535356,228,0.8345263157894803,1.2603926033786246,0.4517543859649123,4
1000,gap_ratio_range>=0.35,25.0,8.0,480,2.086357111535356,228,0.8345263157894803,1.2603926033786246,0.4517543859649123,4
1000,Thu,25.0,20.0,480,2.0809448493408307,261,0.8423409961685837,1.232996919176879,0.5363984674329502,4
1000,BIG_GAP & BIG_PREV_MOVE,25.0,20.0,480,2.066019494065891,138,0.8409202898550793,1.2190206569845914,0.4782608695652174,4
1000,HIGH_VOL & BIG_GAP,20.0,8.0,480,2.0630820991427146,198,0.8476161616161673,1.2570146556608846,0.4393939393939394,3
1000,HIGH_VOL & BIG_GAP,25.0,12.0,480,2.062297589001978,198,0.8515404040404133,1.2456921361904305,0.4797979797979798,3
1000,Thu,20.0,20.0,480,2.0584527226265346,261,0.8332107279693507,1.2304714284654497,0.5363984674329502,4
1000,gap_ratio_range>=0.35,15.0,25.0,480,2.0563721196012685,228,0.8309824561403546,1.2339486301835034,0.5219298245614035,4
1000,BIG_GAP,15.0,25.0,480,2.0563721196012685,228,0.8309824561403546,1.2339486301835034,0.5219298245614035,4
1000,BIG_GAP & BIG_PREV_MOVE,20.0,15.0,480,2.040177323798882,138,0.8086521739130454,1.2137791519637708,0.463768115942029,5
1000,Thu,30.0,30.0,480,2.0213103328185626,261,0.8204904214559392,1.2197825656351893,0.5363984674329502,4
1000,HIGH_VOL & BIG_GAP,30.0,15.0,1440,2.003278718323547,198,0.8269848484848551,1.1805462598588,0.4696969696969697,4
1000,gap_ratio_range>=0.35,12.0,25.0,480,2.0026853294486253,228,0.8236008771929882,1.249494118756869,0.5394736842105263,3
1000,BIG_GAP,12.0,25.0,480,2.0026853294486253,228,0.8236008771929882,1.249494118756869,0.5394736842105263,3
1000,Thu,15.0,15.0,480,1.9974609352064236,261,0.8238850574712683,1.2423770384631,0.5325670498084292,3
1000,Thu,25.0,25.0,480,1.997178790645886,261,0.8089195402298865,1.2217027791603927,0.5363984674329502,4
1000,ThuFri & HIGH_VOL,30.0,10.0,480,1.9907341077821035,342,0.8078362573099441,1.2167043031036537,0.47953216374269003,4
1000,Thu,12.0,15.0,480,1.983258933790383,261,0.8162605363984722,1.245923760909893,0.5440613026819924,3
1000,Thu,20.0,25.0,480,1.9748926897735275,261,0.7997892720306535,1.2192004217149608,0.5363984674329502,4
1000,BIG_GAP & BIG_PREV_MOVE,20.0,25.0,1440,1.9744065571851017,138,0.8199347826086912,1.1640825524435965,0.47101449275362317,4
1000,BIG_GAP,25.0,15.0,1440,1.9709351324099273,228,0.8315087719298269,1.1899169243684182,0.47368421052631576,3
1000,gap_ratio_range>=0.35,25.0,15.0,1440,1.9709351324099273,228,0.8315087719298269,1.1899169243684182,0.47368421052631576,3
1000,BIG_GAP & BIG_PREV_MOVE,30.0,15.0,480,1.9696850882995667,138,0.8002028985507288,1.2115454611632823,0.463768115942029,4
1000,BIG_GAP & BIG_PREV_MOVE,30.0,25.0,480,1.964648546178911,138,0.8229637681159467,1.2050163281589896,0.4782608695652174,3
1000,gap_ratio_range_Q4,25.0,12.0,480,1.9511788529603464,257,0.8078404669260789,1.2296219695629118,0.48638132295719844,3
1000,HIGH_VOL & BIG_GAP,10.0,30.0,480,1.9437927090902571,198,0.7771111111111131,1.2439425767532564,0.5454545454545454,4
1000,gap_ratio_range>=0.35,20.0,10.0,480,1.9425127527052193,228,0.8026578947368505,1.2332213567685526,0.4692982456140351,3
1000,BIG_GAP,20.0,10.0,480,1.9425127527052193,228,0.8026578947368505,1.2332213567685526,0.4692982456140351,3
1000,ThuFri & HIGH_VOL,15.0,20.0,480,1.9353719646281171,342,0.7832719298245598,1.2155421361988705,0.5175438596491229,4
1000,HIGH_VOL & BIG_GAP,20.0,15.0,1440,1.9276628198436776,198,0.7948636363636411,1.1735335984766215,0.4696969696969697,4
1000,gap_ratio_range_Q4,25.0,8.0,480,1.9188289204328606,257,0.7888521400778268,1.242281956994312,0.45136186770428016,3
1000,gap_ratio_range>=0.35,15.0,15.0,480,1.9130322433454046,228,0.7910175438596545,1.2288156021710297,0.5087719298245614,3
1000,BIG_GAP,15.0,15.0,480,1.9130322433454046,228,0.7910175438596545,1.2288156021710297,0.5087719298245614,3
1000,BIG_GAP,20.0,12.0,1440,1.8905390349810292,228,0.7752368421052678,1.180674270317347,0.4605263157894737,4
1000,gap_ratio_range>=0.35,20.0,12.0,1440,1.8905390349810292,228,0.7752368421052678,1.180674270317347,0.4605263157894737,4
1000,ThuFri & HIGH_VOL,15.0,25.0,480,1.8802992721982739,342,0.7609619883040917,1.208125107461743,0.5175438596491229,4
1000,gap_ratio_range_Q4,25.0,30.0,1440,1.8796089166120806,257,0.7972840466926072,1.1693760508404243,0.48638132295719844,3
1000,BIG_GAP & BIG_PREV_MOVE,20.0,25.0,480,1.8613923838526143,138,0.7589492753623214,1.189069069285912,0.4782608695652174,4
1000,HIGH_VOL & BIG_GAP,30.0,8.0,480,1.8580495916453486,198,0.7652424242424313,1.2320372440619325,0.4393939393939394,3
1000,gap_ratio_range>=0.35,15.0,20.0,480,1.85212647633345,228,0.7480789473684266,1.2084921412977325,0.5175438596491229,4
1000,BIG_GAP,15.0,20.0,480,1.85212647633345,228,0.7480789473684266,1.2084921412977325,0.5175438596491229,4
1000,BIG_GAP,12.0,30.0,1440,1.841643411861202,228,0.7515087719298258,1.1844634063892139,0.5307017543859649,4
1000,gap_ratio_range>=0.35,12.0,30.0,1440,1.841643411861202,228,0.7515087719298258,1.1844634063892139,0.5307017543859649,4
1000,gap_ratio_range_Q4,30.0,20.0,1440,1.839574550690572,257,0.780120622568096,1.1657862922898063,0.47470817120622566,3
1000,gap_ratio_range_Q4,30.0,25.0,1440,1.8387097448661396,257,0.7802762645914413,1.1642459491579706,0.48249027237354086,3
1000,HIGH_VOL & BIG_GAP,12.0,30.0,480,1.8381409028496787,198,0.7581212121212153,1.2267427369909332,0.5353535353535354,3
1000,gap_ratio_range_Q4,20.0,20.0,1440,1.828821044408504,257,0.7754357976653724,1.1650032787536768,0.4785992217898833,3
1000,gap_ratio_range_Q4,20.0,25.0,1440,1.8279675763612109,257,0.7755914396887177,1.163468406813077,0.48638132295719844,3
1000,gap_ratio_range_Q4,15.0,30.0,480,1.825330770942391,257,0.7572801556420272,1.2122998449920215,0.5214007782101168,3
1000,BIG_GAP,30.0,10.0,480,1.8175226754332554,228,0.7516754385965014,1.2184078257855382,0.4692982456140351,3
1000,gap_ratio_range>=0.35,30.0,10.0,480,1.8175226754332554,228,0.7516754385965014,1.2184078257855382,0.4692982456140351,3
1000,BIG_GAP & BIG_PREV_MOVE,30.0,12.0,480,1.8131968772963436,138,0.732289855072469,1.2029485539393392,0.4492753623188406,4
1000,BIG_GAP,10.0,25.0,480,1.8090305436168563,228,0.7428991228070219,1.2331841466554159,0.5482456140350878,3
1000,gap_ratio_range>=0.35,10.0,25.0,480,1.8090305436168563,228,0.7428991228070219,1.2331841466554159,0.5482456140350878,3
1000,BIG_GAP,12.0,15.0,480,1.801598421816979,228,0.7413859649122869,1.227717410340212,0.5263157894736842,3
1000,gap_ratio_range>=0.35,12.0,15.0,480,1.801598421816979,228,0.7413859649122869,1.227717410340212,0.5263157894736842,3
1000,BIG_GAP & BIG_PREV_MOVE,30.0,25.0,1440,1.7952090038510466,138,0.7424492753623145,1.148576416984967,0.47101449275362317,4
1000,ThuFri & HIGH_VOL,20.0,10.0,480,1.7905672766396465,342,0.7248187134502955,1.1944346180967083,0.47953216374269003,4
1000,Thu,25.0,30.0,480,1.789351999317619,261,0.7243946360153266,1.1940416456700431,0.5363984674329502,4
1000,BIG_GAP & BIG_PREV_MOVE,20.0,12.0,480,1.7889742896305636,138,0.7222101449275409,1.200155039071052,0.4492753623188406,4
1000,ThuFri & HIGH_VOL,15.0,30.0,480,1.7881025221498383,342,0.7232485380116935,1.195790850149167,0.5175438596491229,4
1000,HIGH_VOL & BIG_GAP,15.0,25.0,480,1.7733433153656795,198,0.7366666666666685,1.2036334597724099,0.5151515151515151,3
1000,ThuFri & HIGH_VOL,25.0,10.0,480,1.7713270705314235,342,0.7167573099415234,1.1922721243814312,0.47953216374269003,4
1000,Thu,20.0,30.0,480,1.7675704882863619,261,0.7152643678160936,1.1915959452483318,0.5363984674329502,4
1000,Thu,30.0,8.0,480,1.76125936977647,261,0.7079195402298905,1.2054192334759755,0.47126436781609193,4
1000,BIG_GAP,20.0,10.0,1440,1.7531133472592324,228,0.7145219298245646,1.1736398596479267,0.43859649122807015,4
1000,gap_ratio_range>=0.35,20.0,10.0,1440,1.7531133472592324,228,0.7145219298245646,1.1736398596479267,0.43859649122807015,4
1000,gap_ratio_range_Q4,20.0,10.0,480,1.7464395434888118,257,0.7235019455253,1.2065449213543078,0.4708171206225681,3
1000,HIGH_VOL & BIG_GAP,25.0,15.0,1440,1.7312328549344944,198,0.7105101010101058,1.1551176440104054,0.4696969696969697,4
1000,BIG_GAP,12.0,20.0,480,1.7272996436837476,228,0.7129824561403576,1.2122558978831883,0.5350877192982456,3
1000,gap_ratio_range>=0.35,12.0,20.0,480,1.7272996436837476,228,0.7129824561403576,1.2122558978831883,0.5350877192982456,3
1000,HIGH_VOL & BIG_GAP,20.0,10.0,480,1.708932453388086,198,0.7081515151515241,1.201410884582404,0.4595959595959596,3
1000,gap_ratio_range_Q4,20.0,15.0,1440,1.707639765785936,257,0.7218210116731546,1.1579307620533015,0.4669260700389105,3
1000,gap_ratio_range_Q4,30.0,10.0,480,1.7042184197314154,257,0.7059688715953404,1.201539589442818,0.4708171206225681,3
1000,gap_ratio_range_Q4,12.0,30.0,480,1.7013418358453607,257,0.70213229571985,1.2094722679788883,0.5369649805447471,3
1000,ThuFri & HIGH_VOL,15.0,15.0,480,1.6888953930556745,342,0.6813099415204673,1.1853422390005541,0.5087719298245614,4
1000,BIG_GAP & BIG_PREV_MOVE,20.0,8.0,480,1.6862776532616228,138,0.6754565217391367,1.2004046232832553,0.4057971014492754,4
1000,ThuFri & HIGH_VOL,20.0,8.0,1440,1.6858247448442247,342,0.7072456140350935,1.1715578214501552,0.39766081871345027,3
1000,BIG_GAP,10.0,20.0,1440,1.6828533289017045,228,0.6810745614035101,1.1772261260880832,0.5570175438596491,4
1000,gap_ratio_range>=0.35,10.0,20.0,1440,1.6828533289017045,228,0.6810745614035101,1.1772261260880832,0.5570175438596491,4
1000,BIG_GAP & BIG_PREV_MOVE,25.0,15.0,480,1.6815583717817335,138,0.6797101449275409,1.1796914211714051,0.463768115942029,4
1000,gap_ratio_range>=0.35,15.0,30.0,1440,1.6737827044952722,228,0.6843114035087725,1.1536725779207029,0.5087719298245614,4
1000,BIG_GAP,15.0,30.0,1440,1.6737827044952722,228,0.6843114035087725,1.1536725779207029,0.5087719298245614,4
1000,BIG_GAP & BIG_PREV_MOVE,30.0,8.0,480,1.6723351449275532,138,0.6696449275362389,1.1986803519061604,0.4057971014492754,4
1000,ThuFri & HIGH_VOL,12.0,20.0,480,1.6684974581194487,342,0.6706900584795328,1.18953216847818,0.5292397660818714,4
1000,HIGH_VOL & BIG_GAP,10.0,30.0,1440,1.647986864743178,198,0.6672222222222217,1.1701718205976042,0.5555555555555556,4
1000,BIG_GAP & BIG_PREV_MOVE,25.0,25.0,480,1.6430560771228275,138,0.6662391304347878,1.1659731636913746,0.4782608695652174,4
1000,gap_ratio_range_Q4,30.0,15.0,1440,1.6284970992043188,257,0.6875953307393022,1.1502430762795306,0.46303501945525294,3
1000,ThuFri & HIGH_VOL,30.0,8.0,1440,1.6250132021144665,342,0.6812222222222264,1.1652452811988447,0.39766081871345027,3
1000,gap_ratio_range_Q4,10.0,30.0,480,1.6210961893368592,257,0.6459610894941676,1.1999718132398285,0.5447470817120622,4
1000,BIG_GAP & BIG_PREV_MOVE,25.0,25.0,1440,1.61660823528103,138,0.6641666666666631,1.1329107683026913,0.47101449275362317,4
1000,gap_ratio_range_Q4,15.0,25.0,480,1.614823661042689,257,0.6706459143968916,1.1841982924178363,0.5175097276264592,3
1000,ThuFri & HIGH_VOL,12.0,25.0,480,1.6148170235897845,342,0.6483801169590646,1.1820795958786454,0.5292397660818714,4
1000,HIGH_VOL & BIG_GAP,25.0,8.0,480,1.6141281300191777,198,0.6650151515151584,1.2016462732966835,0.4393939393939394,3
1000,BIG_GAP,20.0,8.0,1440,1.6114747941450847,228,0.6730482456140388,1.1714264967910952,0.40350877192982454,3
1000,gap_ratio_range>=0.35,20.0,8.0,1440,1.6114747941450847,228,0.6730482456140388,1.1714264967910952,0.40350877192982454,3
1000,gap_ratio_range>=0.35,25.0,10.0,480,1.6109116358650852,228,0.6660131578947464,1.1935176783638877,0.4692982456140351,3
1000,BIG_GAP,25.0,10.0,480,1.6109116358650852,228,0.6660131578947464,1.1935176783638877,0.4692982456140351,3
1000,gap_ratio_range>=0.35,10.0,25.0,1440,1.6058206880034536,228,0.6491447368421047,1.1656505987283385,0.5614035087719298,4
1000,BIG_GAP,10.0,25.0,1440,1.6058206880034536,228,0.6491447368421047,1.1656505987283385,0.5614035087719298,4
1000,BIG_GAP,15.0,12.0,480,1.598939064667324,228,0.6601929824561479,1.1947204880560314,0.4956140350877193,3
1000,gap_ratio_range>=0.35,15.0,12.0,480,1.598939064667324,228,0.6601929824561479,1.1947204880560314,0.4956140350877193,3
1000,Thu,30.0,12.0,480,1.5905196765861116,261,0.6613716475095844,1.1780789696843417,0.5057471264367817,3
1000,BIG_GAP,15.0,8.0,480,1.5899818577838054,228,0.6322894736842156,1.1983314852367826,0.4605263157894737,4
1000,gap_ratio_range>=0.35,15.0,8.0,480,1.5899818577838054,228,0.6322894736842156,1.1983314852367826,0.4605263157894737,4
1000,HIGH_VOL & BIG_GAP,15.0,15.0,480,1.5873519817065995,198,0.6576161616161667,1.1857005128556202,0.5,3
1000,Thu,10.0,15.0,480,1.567416159662903,261,0.644398467432954,1.1995957956097671,0.5555555555555556,3
1000,gap_ratio_range_Q4,25.0,20.0,1440,1.554312409214997,257,0.6563774319066169,1.1394891733797285,0.47470817120622566,3
1000,gap_ratio_range_Q4,25.0,25.0,1440,1.5537979400845754,257,0.6565330739299622,1.1381983571391716,0.48249027237354086,3
1000,gap_ratio_range>=0.35,10.0,15.0,480,1.5451104003117813,228,0.6343684210526365,1.1992116158569355,0.5350877192982456,3
1000,BIG_GAP,10.0,15.0,480,1.5451104003117813,228,0.6343684210526365,1.1992116158569355,0.5350877192982456,3
1000,gap_ratio_roll>=0.35,30.0,30.0,480,1.5426161074264282,418,0.6228684210526346,1.15553728852947,0.48325358851674644,4
1000,ThuFri & HIGH_VOL,12.0,15.0,480,1.540043651134883,342,0.6163859649122823,1.1740333612651033,0.52046783625731,4
1000,gap_ratio_roll>=0.35,20.0,8.0,480,1.5382404014136082,418,0.6144449760765588,1.1779662191376854,0.430622009569378,4
1000,gap_ratio_range_Q4,15.0,15.0,480,1.5300675391456737,257,0.6336186770428074,1.1780726944266455,0.5058365758754864,3
1000,BIG_GAP & BIG_PREV_MOVE,25.0,12.0,480,1.52732740250968,138,0.6117971014492811,1.1695549053197294,0.4492753623188406,4
1000,BIG_GAP & BIG_PREV_MOVE,20.0,12.0,1440,1.525595678888839,138,0.6206231884057984,1.1359106518303175,0.43478260869565216,4
1000,HIGH_VOL & BIG_GAP,12.0,25.0,480,1.525153191772341,198,0.6301161616161658,1.1823804490988652,0.5303030303030303,3
1000,HIGH_VOL & BIG_GAP,15.0,20.0,480,1.525103020030166,198,0.6329343434343476,1.1725839880464657,0.51010101010101,3
1000,ThuFri & HIGH_VOL,12.0,30.0,480,1.5249583684745072,342,0.6106666666666666,1.1696916514320534,0.5292397660818714,4
1000,gap_ratio_range>=0.35,12.0,12.0,480,1.5203489709112716,228,0.6245131578947444,1.1942675724091474,0.5131578947368421,3
1000,BIG_GAP,12.0,12.0,480,1.5203489709112716,228,0.6245131578947444,1.1942675724091474,0.5131578947368421,3
1000,BIG_GAP,8.0,30.0,480,1.519374868333041,228,0.5998991228070187,1.1993278839273618,0.5701754385964912,4
1000,gap_ratio_range>=0.35,8.0,30.0,480,1.519374868333041,228,0.5998991228070187,1.1993278839273618,0.5701754385964912,4
1000,HIGH_VOL & BIG_GAP,20.0,12.0,1440,1.519146818752792,198,0.616297979797987,1.1404367075569322,0.4494949494949495,4
1000,prev_move_ratio_Q2,20.0,20.0,1440,1.5177968378627926,322,0.641077639751561,1.1335899944862524,0.515527950310559,3
1000,gap_ratio_roll>=0.35,20.0,30.0,480,1.5160834581679232,418,0.610636363636365,1.155265451815859,0.48564593301435405,4
1000,gap_ratio_roll_Q4,20.0,30.0,480,1.509917569076785,323,0.6293498452012404,1.1608292739659594,0.4891640866873065,3
1000,gap_ratio_range_Q4,12.0,25.0,480,1.5094708617446568,257,0.6229688715953372,1.1822452512968102,0.5330739299610895,3
1000,Thu,20.0,8.0,480,1.5079087914835725,261,0.6014674329501974,1.1745296916048815,0.47126436781609193,4
1000,ThuFri & HIGH_VOL,15.0,8.0,480,1.5072974574525484,342,0.600973684210528,1.1752990052632437,0.4649122807017544,4
1000,gap_ratio_roll>=0.35,30.0,20.0,480,1.506521966808747,418,0.6070478468899567,1.1522553345709972,0.4784688995215311,4
1000,BIG_GAP,10.0,20.0,480,1.505617230946367,228,0.6191228070175492,1.1895772786608738,0.543859649122807,3
1000,gap_ratio_range>=0.35,10.0,20.0,480,1.505617230946367,228,0.6191228070175492,1.1895772786608738,0.543859649122807,3
1000,gap_ratio_range>=0.35,12.0,20.0,1440,1.504134572987164,228,0.6072412280701796,1.147638389329592,0.5219298245614035,4
1000,BIG_GAP,12.0,20.0,1440,1.504134572987164,228,0.6072412280701796,1.147638389329592,0.5219298245614035,4
1000,gap_ratio_range>=0.35,8.0,25.0,480,1.4973614087330378,228,0.5908552631578964,1.1957347080216147,0.5701754385964912,4
1000,BIG_GAP,8.0,25.0,480,1.4973614087330378,228,0.5908552631578964,1.1957347080216147,0.5701754385964912,4
1000,ThuFri & HIGH_VOL,25.0,8.0,1440,1.4935559147552397,342,0.6244795321637464,1.1514811063542465,0.39766081871345027,3
1000,asia_ratio>=1.6,30.0,20.0,480,1.4928138888874418,322,0.6024503105590091,1.1459261722146838,0.4751552795031056,4
1000,HIGH_VOL & BIG_GAP,10.0,25.0,480,1.4846100303939243,198,0.5899292929292954,1.1775661012105196,0.5404040404040404,4
1000,Thu,25.0,8.0,480,1.4843843692296335,261,0.591440613026825,1.1716201778172102,0.47126436781609193,4
1000,gap_ratio_roll>=0.35,30.0,8.0,480,1.479640019479766,418,0.5897320574162729,1.1698668122030025,0.42822966507177035,4
1000,gap_ratio_range_Q4,25.0,10.0,480,1.4774422317862013,257,0.6105175097276354,1.1742901892828606,0.4708171206225681,3
1000,gap_ratio_roll_Q4,30.0,30.0,480,1.4769925901707381,323,0.616117647058828,1.1537974062347136,0.48606811145510836,3
1000,Thu,15.0,20.0,480,1.471635696457418,261,0.6094482758620726,1.168577299833931,0.5363984674329502,3
1000,gap_ratio_roll>=0.35,30.0,15.0,480,1.4638577545871994,418,0.5878636363636426,1.149916539157047,0.47129186602870815,4
1000,Thu,12.0,20.0,480,1.4560999727052315,261,0.6018237547892765,1.1702366553519497,0.5478927203065134,3
1000,gap_ratio_roll>=0.35,30.0,25.0,480,1.4409673277532697,418,0.5790000000000031,1.14329417573966,0.48086124401913877,4
1000,asia_ratio_Q4,30.0,20.0,480,1.4292678619553039,323,0.5747523219814276,1.1387784180105083,0.47368421052631576,4
1000,BIG_GAP & BIG_PREV_MOVE,20.0,10.0,1440,1.4264381820213072,138,0.575681159420288,1.1304122289781602,0.41304347826086957,4
1000,gap_ratio_roll>=0.35,20.0,20.0,480,1.4245219913855658,418,0.5708923444976105,1.1449262775859332,0.48086124401913877,4
1000,gap_ratio_range_Q4,20.0,8.0,1440,1.4147562476320807,257,0.5890194552529215,1.1472232136865528,0.3968871595330739,3
1000,gap_ratio_roll>=0.35,20.0,15.0,480,1.4091137192925756,418,0.5636698564593345,1.1450742938207945,0.47368421052631576,4
1000,BIG_GAP & BIG_PREV_MOVE,10.0,30.0,480,1.3995719703673164,138,0.5541739130434791,1.164612844692314,0.5362318840579711,4
1000,gap_ratio_range>=0.35,12.0,25.0,1440,1.3993569652787319,228,0.562153508771932,1.1335043659138946,0.5263157894736842,4
1000,BIG_GAP,12.0,25.0,1440,1.3993569652787319,228,0.562153508771932,1.1335043659138946,0.5263157894736842,4
1000,Thu,15.0,25.0,480,1.3929928589051386,261,0.5760268199233755,1.1578732376914056,0.5363984674329502,3
1000,gap_ratio_range_Q4,25.0,15.0,1440,1.3909605981629105,257,0.583307392996111,1.127455631564718,0.46303501945525294,3
1000,gap_ratio_roll>=0.35,20.0,25.0,480,1.3869354936143872,418,0.5548062200956951,1.139369478247126,0.48325358851674644,4
1000,BIG_GAP & BIG_PREV_MOVE,20.0,15.0,1440,1.3852579419687,138,0.5606594202898542,1.1140426773814591,0.4492753623188406,4
1000,gap_ratio_range>=0.35,15.0,20.0,1440,1.3825255137080779,228,0.5564649122807048,1.125067524673615,0.5,4
1000,BIG_GAP,15.0,20.0,1440,1.3825255137080779,228,0.5564649122807048,1.125067524673615,0.5,4
1000,Thu,12.0,25.0,480,1.3773380186159825,261,0.5684022988505794,1.1592770140055735,0.5478927203065134,3
1000,gap_ratio_range_Q4,15.0,8.0,480,1.3745124643089226,257,0.5633035019455297,1.1738058792102637,0.4591439688715953,3
1000,Thu,8.0,15.0,480,1.3735829592019608,261,0.5603716475095813,1.1835204629638933,0.578544061302682,3
1000,HIGH_VOL & BIG_GAP,20.0,10.0,1440,1.3720542273569702,198,0.5501363636363689,1.1304794680536319,0.4292929292929293,4
1000,ThuFri,30.0,25.0,480,1.3580715055933075,514,0.562167315175099,1.1489536530899662,0.49416342412451364,3
1000,prev_range_ratio_Q3,30.0,25.0,480,1.3508892130990624,322,0.5589534161490717,1.148460280236999,0.45652173913043476,3
1000,HIGH_VOL & BIG_GAP,12.0,15.0,480,1.3461476386168925,198,0.552919191919198,1.1633317419585862,0.5151515151515151,3
1000,gap_ratio_range_Q4,15.0,20.0,480,1.3445221711163255,257,0.5556926070038968,1.149609615209347,0.5136186770428015,3
1000,Thu,20.0,12.0,480,1.3427529333625565,261,0.5549195402298914,1.149415990773048,0.5057471264367817,3
1000,BIG_GAP & BIG_PREV_MOVE,25.0,8.0,480,1.3405915041636565,138,0.5288115942029059,1.1568957955297963,0.4057971014492754,4
1000,gap_ratio_range_Q4,12.0,15.0,480,1.3359242013386852,257,0.5484591439688785,1.1622835800618512,0.5214007782101168,3
1000,ThuFri,30.0,20.0,480,1.3337849658980332,514,0.5516828793774342,1.1457707138454551,0.49416342412451364,3
1000,HIGH_VOL & BIG_GAP,20.0,8.0,1440,1.3319233521090954,198,0.5529292929292987,1.137566895484093,0.3939393939393939,3
1000,BIG_GAP & BIG_PREV_MOVE,20.0,10.0,480,1.3311181124536973,138,0.5272173913043551,1.145449165960307,0.427536231884058,4
1000,gap_ratio_range_Q4,10.0,25.0,480,1.3243326332943657,257,0.5212062256809384,1.1571742199077972,0.5408560311284046,4
1000,Thu,25.0,12.0,480,1.3197300293758722,261,0.544892720306519,1.1467161989572237,0.5057471264367817,3
1000,ThuFri,25.0,25.0,480,1.3194399109755128,514,0.5453229571984455,1.1444905180288392,0.49416342412451364,3
1000,ThuFri & HIGH_VOL,12.0,8.0,480,1.3170725610668417,342,0.5183830409356746,1.154917257807162,0.4766081871345029,4
1000,prev_range_ratio_Q3,30.0,30.0,480,1.3160112461685882,322,0.5438788819875816,1.1438803468659253,0.45652173913043476,3
1000,gap_ratio_roll_Q4,20.0,8.0,480,1.3152916126169285,323,0.5402941176470634,1.156772717962724,0.43034055727554177,3
1000,HIGH_VOL & BIG_GAP,15.0,30.0,1440,1.3149127904492712,198,0.5270454545454569,1.1154015860184439,0.5,4
1000,BIG_GAP,15.0,25.0,1440,1.312099237379663,228,0.5256578947368437,1.1156330923868372,0.5043859649122807,4
1000,gap_ratio_range>=0.35,15.0,25.0,1440,1.312099237379663,228,0.5256578947368437,1.1156330923868372,0.5043859649122807,4
1000,gap_ratio_roll_Q4,30.0,20.0,480,1.3072436609782727,323,0.5422074303405637,1.1343190746231584,0.47987616099071206,3
1000,asia_ratio>=1.6,30.0,25.0,480,1.3051837303387392,322,0.5204285714285728,1.1236031052350135,0.4751552795031056,4
1000,BIG_GAP & BIG_PREV_MOVE,15.0,30.0,480,1.3050321459535144,138,0.5394855072463773,1.1409882757536676,0.5,3
1000,gap_ratio_range>=0.35,10.0,12.0,480,1.3005167141945204,228,0.530653508771936,1.1681128932080405,0.5219298245614035,3
1000,BIG_GAP,10.0,12.0,480,1.3005167141945204,228,0.530653508771936,1.1681128932080405,0.5219298245614035,3
1000,gap_ratio_roll_Q4,30.0,25.0,480,1.298820015348919,323,0.5387770897832862,1.1322733225553674,0.48297213622291024,3
1000,BIG_GAP & BIG_PREV_MOVE,20.0,8.0,1440,1.2960148746479816,138,0.5378333333333334,1.1307992711149333,0.37681159420289856,3
1000,ThuFri,25.0,20.0,480,1.2952603921494066,514,0.5348385214007807,1.1413199429799608,0.49416342412451364,3
1000,gap_ratio_roll_Q4,20.0,25.0,480,1.295100218681934,323,0.5365294117647079,1.1342729654196697,0.48606811145510836,3
1000,HIGH_VOL & BIG_GAP,12.0,30.0,1440,1.2886453578849915,198,0.5135303030303058,1.1199242799518794,0.5202020202020202,4
1000,gap_ratio_roll>=0.35,25.0,8.0,480,1.2885560209908355,418,0.5072248803827795,1.1461013903130146,0.42822966507177035,4
1000,asia_ratio>=1.6,30.0,30.0,480,1.2874155692837326,322,0.5126335403726722,1.1212337540247717,0.4782608695652174,4
1000,BIG_GAP & BIG_PREV_MOVE,15.0,20.0,480,1.2848508400023304,138,0.5305072463768151,1.1391806572916339,0.4927536231884058,3
1000,BIG_GAP,30.0,12.0,1440,1.2808514913560978,228,0.5324429824561451,1.1238921886800166,0.45614035087719296,3
1000,gap_ratio_range>=0.35,30.0,12.0,1440,1.2808514913560978,228,0.5324429824561451,1.1238921886800166,0.45614035087719296,3
1000,gap_ratio_range_Q4,20.0,10.0,1440,1.279989462821546,257,0.5318171206225712,1.1247707510783493,0.4280155642023346,3
1000,gap_ratio_range>=0.2,30.0,30.0,480,1.2785740654292326,462,0.5294913419913405,1.1314306314902685,0.48484848484848486,3
1000,gap_ratio_range>=0.2,20.0,30.0,480,1.272669700588684,462,0.5263831168831146,1.1327995989620185,0.487012987012987,3
1000,ThuFri,30.0,15.0,480,1.2725443826486877,514,0.5248715953307421,1.1387028611089698,0.4883268482490272,3
1000,BIG_GAP & BIG_PREV_MOVE,10.0,30.0,1440,1.2685312473209813,138,0.5254637681159331,1.1286553235278438,0.5362318840579711,3
1000,gap_ratio_roll_Q4,20.0,20.0,480,1.2681656632411147,323,0.5244798761609947,1.1319515086559426,0.48297213622291024,3
1000,BIG_GAP & BIG_PREV_MOVE,30.0,10.0,480,1.267813658760303,138,0.5214057971014572,1.1438458585890916,0.427536231884058,3
1000,gap_ratio_range>=0.35,10.0,15.0,1440,1.2675652693802957,228,0.5011447368421051,1.130253379707052,0.5394736842105263,4
1000,BIG_GAP,10.0,15.0,1440,1.2675652693802957,228,0.5011447368421051,1.130253379707052,0.5394736842105263,4
1000,ThuFri & HIGH_VOL,15.0,12.0,480,1.2672963314588142,342,0.5004093567251492,1.1328464728229068,0.49707602339181284,4
1000,HIGH_VOL & BIG_GAP,12.0,20.0,480,1.2665146412164758,198,0.5197222222222279,1.148291132217675,0.5252525252525253,3
1000,gap_ratio_range>=0.35,25.0,12.0,1440,1.2631006426670068,228,0.5245394736842146,1.1220531504500653,0.45614035087719296,3
1000,BIG_GAP,25.0,12.0,1440,1.2631006426670068,228,0.5245394736842146,1.1220531504500653,0.45614035087719296,3
1000,BIG_GAP & BIG_PREV_MOVE,12.0,20.0,1440,1.2626664603974402,138,0.502036231884056,1.1167126850773996,0.5072463768115942,4
1000,gap_ratio_range_Q4,15.0,12.0,480,1.2523270002223414,257,0.5135252918288012,1.1465875542305997,0.49416342412451364,3
1000,HIGH_VOL & BIG_GAP,15.0,12.0,480,1.2482859979118834,198,0.5113585858585941,1.1477804974523145,0.48484848484848486,3
1000,BIG_GAP & BIG_PREV_MOVE,10.0,20.0,1440,1.2478648839189035,138,0.4937826086956476,1.1221178418715332,0.5289855072463768,4
1000,gap_ratio_roll>=0.35,25.0,30.0,480,1.2456012773981733,418,0.49251435406698807,1.1229864038763802,0.48325358851674644,4
1000,asia_ratio_Q4,30.0,25.0,480,1.243515263911013,323,0.49298452012384086,1.116730285261037,0.47368421052631576,4
1000,ThuFri,30.0,30.0,480,1.2368574485139043,514,0.5095097276264603,1.133143666514486,0.49416342412451364,3
1000,BIG_GAP & BIG_PREV_MOVE,15.0,20.0,1440,1.2361718680029492,138,0.49228985507246154,1.10480036776389,0.4855072463768116,4
1000,gap_ratio_range_Q4,20.0,12.0,1440,1.2325843296758165,257,0.51210116731518,1.1140048075881943,0.4474708171206226,3
1000,BIG_GAP & BIG_PREV_MOVE,15.0,30.0,1440,1.2290350677491229,138,0.4895942028985447,1.1018121980548918,0.4927536231884058,4
1000,ThuFri,20.0,25.0,480,1.228830376342243,514,0.5055525291828812,1.133962969359375,0.4961089494163424,3
1000,asia_ratio_Q4,30.0,30.0,480,1.2259378319335985,323,0.48521362229102355,1.114404428897623,0.47678018575851394,4
1000,HIGH_VOL & BIG_GAP,8.0,25.0,480,1.225907672353261,198,0.4766565656565653,1.1522994673117233,0.5656565656565656,4
1000,gap_ratio_roll>=0.35,25.0,20.0,480,1.2103814846177048,418,0.4766937799043101,1.1195608736923846,0.4784688995215311,4
1000,ThuFri,20.0,20.0,480,1.2049016488842357,514,0.4950680933852165,1.1308213213074272,0.4961089494163424,3
1000,prev_move_ratio_Q2,20.0,25.0,1440,1.2041371359145425,322,0.5017608695652266,1.1008755362448799,0.5186335403726708,3
1000,BIG_GAP & BIG_PREV_MOVE,12.0,30.0,1440,1.2027609538244304,138,0.47574637681158777,1.1077637218066694,0.5144927536231884,4
1000,asia_ratio>=1.6,25.0,20.0,480,1.2009949588091513,322,0.47336024844720787,1.1146578363789006,0.4751552795031056,4
1000,HIGH_VOL & BIG_GAP,8.0,30.0,480,1.2001958144488785,198,0.4870707070707062,1.1561465290427035,0.5656565656565656,3
1000,ThuFri,25.0,30.0,480,1.1987574375597805,514,0.4926653696498068,1.1287419456846564,0.49416342412451364,3
1000,Thu,15.0,30.0,480,1.1977136456767505,261,0.49150191570881546,1.1316572981527426,0.5363984674329502,3
1000,gap_ratio_roll>=0.35,25.0,15.0,480,1.1951496647528406,418,0.4694712918660342,1.1197242131619227,0.47129186602870815,4
1000,gap_ratio_range>=0.2,30.0,20.0,480,1.1942508653120232,462,0.4921212121212124,1.1219383346857603,0.4805194805194805,3
1000,BIG_GAP & BIG_PREV_MOVE,12.0,30.0,480,1.1890362468489992,138,0.48657246376811714,1.1354193346711172,0.5217391304347826,3
1000,gap_ratio_range_Q4,12.0,20.0,480,1.18341621473673,257,0.48342801556420933,1.1376837532484103,0.5291828793774319,3
1000,Thu,12.0,30.0,480,1.1818464328198286,261,0.48387739463601936,1.1324543040412145,0.5478927203065134,3
1000,gap_ratio_roll_Q4,30.0,8.0,480,1.1746707542402781,323,0.4792507739938144,1.138068021677318,0.42724458204334365,3
1000,BIG_GAP & BIG_PREV_MOVE,12.0,20.0,480,1.168933272098795,138,0.477594202898555,1.1334707706140745,0.5144927536231884,3
1000,gap_ratio_roll>=0.35,20.0,12.0,480,1.1639912962526335,418,0.4551172248803872,1.118116484178307,0.46411483253588515,4
1000,gap_ratio_range>=0.35,15.0,10.0,480,1.1635630887168795,228,0.4739824561403588,1.1383978997246613,0.4780701754385965,3
1000,BIG_GAP,15.0,10.0,480,1.1635630887168795,228,0.4739824561403588,1.1383978997246613,0.4780701754385965,3
1000,ThuFri,25.0,15.0,480,1.16172178417288,514,0.4759319066147889,1.1257700316187251,0.4883268482490272,3
1000,gap_ratio_roll>=0.35,30.0,12.0,480,1.1439510290551431,418,0.46868181818182386,1.1207373328690609,0.46172248803827753,3
1000,Thu,30.0,10.0,480,1.1423556449177799,261,0.4673984674329545,1.1231469807079062,0.48659003831417624,3
1000,HIGH_VOL & BIG_GAP,10.0,20.0,480,1.142244341088074,198,0.4643838383838423,1.1366900806481597,0.5353535353535354,3
1000,gap_ratio_roll>=0.2,30.0,15.0,480,1.1406978071294698,732,0.467124316939895,1.1208440049096036,0.47404371584699456,3
1000,asia_ratio_Q4,25.0,20.0,480,1.140166991355241,323,0.4460619195046474,1.1077051195029117,0.47368421052631576,4
1000,gap_ratio_range>=0.2,20.0,20.0,480,1.1394463019725367,462,0.4673679653679648,1.1170605931314372,0.48268398268398266,3
1000,gap_ratio_range_Q4,15.0,30.0,1440,1.138522762540545,257,0.47018287937743364,1.1024218573195224,0.5019455252918288,3
1000,ThuFri & HIGH_VOL,10.0,20.0,480,1.1379241074768836,342,0.440850877192983,1.1275314533769347,0.5409356725146199,4
1000,gap_ratio_roll_Q4,30.0,15.0,480,1.132410420693497,323,0.4642910216718347,1.115936718216089,0.47058823529411764,3
1000,gap_ratio_range>=0.35,8.0,15.0,480,1.129950509645518,228,0.4560087719298267,1.1489729364160532,0.5570175438596491,3
1000,BIG_GAP,8.0,15.0,480,1.129950509645518,228,0.4560087719298267,1.1489729364160532,0.5570175438596491,3
1000,gap_ratio_range_Q4,10.0,30.0,1440,1.1299258047041767,257,0.4630038910505835,1.1164526338659195,0.5525291828793775,3
1000,gap_ratio_roll_Q4,20.0,15.0,480,1.1280205830159236,323,0.46204334365325644,1.11672908278035,0.47368421052631576,3
1000,gap_ratio_range>=0.2,30.0,25.0,480,1.1274587758047878,462,0.46256277056276995,1.1131375847986589,0.48268398268398266,3
1000,BIG_GAP,8.0,20.0,480,1.1238713704521275,228,0.45392105263158156,1.1454642052977348,0.5657894736842105,3
1000,gap_ratio_range>=0.35,8.0,20.0,480,1.1238713704521275,228,0.45392105263158156,1.1454642052977348,0.5657894736842105,3
1000,ThuFri & HIGH_VOL,20.0,12.0,1440,1.1141484381459665,342,0.4601315789473751,1.095375501832782,0.4444444444444444,3
1000,prev_range_ratio_Q3,30.0,15.0,480,1.1117023702951858,322,0.4540993788819905,1.1178235756739692,0.453416149068323,3
1000,HIGH_VOL & BIG_GAP,25.0,12.0,1440,1.1097952557043318,198,0.4561868686868758,1.1039519582557955,0.4494949494949495,3
1000,ThuFri,20.0,30.0,480,1.1093936650620344,514,0.4528949416342426,1.1183580933806048,0.4961089494163424,3
1000,ThuFri & HIGH_VOL,12.0,12.0,480,1.1072572457475294,342,0.42847660818713845,1.117402043453635,0.5087719298245614,4
1000,asia_ratio>=1.6,20.0,20.0,480,1.105299079972945,322,0.42992236024844915,1.1057269025267233,0.4782608695652174,4
1000,asia_ratio>=1.6,30.0,15.0,480,1.103548222433813,322,0.4296149068323017,1.1031584520564808,0.46273291925465837,4
1000,gap_ratio_range>=0.35,8.0,30.0,1440,1.1032817984302608,228,0.42699122807017165,1.1154575060305822,0.5877192982456141,4
1000,BIG_GAP,8.0,30.0,1440,1.1032817984302608,228,0.42699122807017165,1.1154575060305822,0.5877192982456141,4
1000,gap_ratio_roll_Q4,25.0,30.0,480,1.102566988144853,323,0.4509071207430377,1.112556986403638,0.48606811145510836,3
1000,gap_ratio_range>=0.2,20.0,25.0,480,1.0971528846498315,462,0.4486320346320332,1.1112020799555333,0.48484848484848486,3
1000,gap_ratio_roll>=0.35,25.0,25.0,480,1.097106557557964,418,0.4486459330143565,1.1110334182560322,0.48086124401913877,3
1000,ThuFri,20.0,15.0,480,1.0943216975405383,514,0.44588910505836865,1.1178398100059497,0.490272373540856,3
1000,gap_ratio_range_Q4,12.0,12.0,480,1.0895200691847642,257,0.4407431906614864,1.1316723413802308,0.5097276264591439,3
1000,gap_ratio_roll>=0.2,30.0,20.0,480,1.0886211615202948,732,0.4442459016393478,1.1128414647307103,0.4781420765027322,3
1000,ThuFri & HIGH_VOL,10.0,25.0,480,1.0874328113521392,342,0.4185409356725148,1.1203011120673425,0.5409356725146199,4
1000,BIG_GAP & BIG_PREV_MOVE,15.0,15.0,480,1.0854953613751621,138,0.44176086956521876,1.1176510320976982,0.4782608695652174,3
1000,gap_ratio_range>=0.35,12.0,10.0,480,1.0852585115594824,228,0.4383026315789553,1.1338190651292177,0.4956140350877193,3
1000,BIG_GAP,12.0,10.0,480,1.0852585115594824,228,0.4383026315789553,1.1338190651292177,0.4956140350877193,3
1000,gap_ratio_range>=0.2,30.0,15.0,480,1.0774636267837963,462,0.43951298701298813,1.1102075574308081,0.474025974025974,3
1000,gap_ratio_range_Q4,12.0,30.0,1440,1.0675917246153466,257,0.43641245136186996,1.1025791582066624,0.5214007782101168,3
1000,Thu,12.0,8.0,480,1.065725670130527,261,0.430153256704986,1.1288358413117012,0.48659003831417624,3
1000,Thu,10.0,20.0,480,1.063592421297633,261,0.4299616858237584,1.1248228654311194,0.5593869731800766,3
1000,HIGH_VOL & BIG_GAP,10.0,25.0,1440,1.0580159076397118,198,0.4087727272727279,1.099004777946584,0.5505050505050505,4
1000,BIG_GAP,12.0,15.0,1440,1.051531440614084,228,0.4282938596491251,1.104936646424615,0.5043859649122807,3
1000,gap_ratio_range>=0.35,12.0,15.0,1440,1.051531440614084,228,0.4282938596491251,1.104936646424615,0.5043859649122807,3
1000,gap_ratio_range_Q4,10.0,15.0,480,1.0507433510100164,257,0.4233501945525342,1.1276554554606246,0.5291828793774319,3
1000,gap_ratio_roll>=0.2,30.0,30.0,480,1.0506742018453235,732,0.4273524590163958,1.1075676127343126,0.4808743169398907,3
1000,BIG_GAP & BIG_PREV_MOVE,10.0,20.0,480,1.0506321946478736,138,0.42405797101449594,1.1238421541593577,0.5289855072463768,3
1000,gap_ratio_range>=0.2,20.0,15.0,480,1.0469530460624548,462,0.4255822510822514,1.1075903512928746,0.47619047619047616,3
1000,asia_ratio_Q4,20.0,20.0,480,1.0452794470309374,323,0.40275851393189105,1.0987252107447179,0.47678018575851394,4
1000,gap_ratio_roll>=0.35,20.0,10.0,480,1.0445004675236256,418,0.4008205741626841,1.1069289401817528,0.44976076555023925,4
1000,asia_ratio_Q4,30.0,15.0,480,1.0436749743100036,323,0.40245201238390504,1.096336826128749,0.4613003095975232,4
1000,gap_ratio_range>=0.2,25.0,30.0,480,1.040480824335783,462,0.42303030303030165,1.1050048139742792,0.48484848484848486,3
1000,HIGH_VOL & BIG_GAP,10.0,20.0,1440,1.0340108880969974,198,0.4202878787878816,1.103346141331751,0.5454545454545454,3
1000,HIGH_VOL & BIG_GAP,15.0,8.0,480,1.0302642903642152,198,0.4140909090909149,1.125775454227493,0.4444444444444444,3
1000,ThuFri & HIGH_VOL,10.0,15.0,480,1.02929168851886,342,0.3923947368421068,1.113411854584975,0.5321637426900585,4
1000,gap_ratio_range>=0.35,12.0,8.0,480,1.0191267451949755,228,0.408013157894742,1.130143914180312,0.4692982456140351,3
1000,BIG_GAP,12.0,8.0,480,1.0191267451949755,228,0.408013157894742,1.130143914180312,0.4692982456140351,3
1000,asia_ratio>=1.6,25.0,25.0,480,1.0190495412848057,322,0.3913385093167715,1.0929438881820364,0.4751552795031056,4
1000,Thu,15.0,8.0,480,1.0133473030598021,261,0.40737931034483466,1.1192713550646542,0.47509578544061304,3
1000,gap_ratio_roll>=0.2,30.0,25.0,480,1.0069329903070678,732,0.40763387978142346,1.102212384227146,0.47950819672131145,3
1000,BIG_GAP & BIG_PREV_MOVE,30.0,15.0,1440,1.005731745408485,138,0.4107101449275354,1.083541777521634,0.4492753623188406,3
1000,ThuFri & HIGH_VOL,10.0,30.0,480,1.0028937562295503,342,0.3808274853801168,1.1082873139478229,0.5409356725146199,4
1000,asia_ratio>=1.6,25.0,30.0,480,1.0018762605511373,322,0.38354347826087093,1.09070498131566,0.4782608695652174,4
1000,BIG_GAP & BIG_PREV_MOVE,12.0,15.0,480,0.997685226290826,138,0.40106521739130585,1.1135844983130714,0.5,3
1000,gap_ratio_range>=0.35,8.0,25.0,1440,0.99410130269125,228,0.37798684210526035,1.1008702267739567,0.5877192982456141,4
1000,BIG_GAP,8.0,25.0,1440,0.99410130269125,228,0.37798684210526035,1.1008702267739567,0.5877192982456141,4
1000,BIG_GAP & BIG_PREV_MOVE,15.0,12.0,480,0.9919486281761016,138,0.3987681159420337,1.111373990338009,0.463768115942029,3
1000,Thu,10.0,25.0,480,0.9882915946579994,261,0.3965402298850612,1.114013992731536,0.5593869731800766,3
1000,BIG_GAP,8.0,20.0,1440,0.9861388576871176,228,0.3967587719298236,1.107423746726913,0.5833333333333334,3
1000,gap_ratio_range>=0.35,8.0,20.0,1440,0.9861388576871176,228,0.3967587719298236,1.107423746726913,0.5833333333333334,3
1000,gap_ratio_range_Q4,15.0,10.0,480,0.9825583962177643,257,0.3940233463035095,1.112967173210236,0.4785992217898833,3
1000,gap_ratio_range_Q4,8.0,25.0,480,0.9757287889818984,257,0.3666459143968892,1.1157437149079552,0.5603112840466926,4
1000,asia_ratio>=1.6,20.0,30.0,480,0.9756363340435414,322,0.3711614906832302,1.0897543347391947,0.4813664596273292,4
1000,ThuFri & HIGH_VOL,25.0,12.0,1440,0.9698482017155498,342,0.39384795321637867,1.0816363142685372,0.4444444444444444,3
1000,gap_ratio_range>=0.35,10.0,8.0,480,0.9668991251335064,228,0.38431140350877513,1.1256177091681168,0.4824561403508772,3
1000,BIG_GAP,10.0,8.0,480,0.9668991251335064,228,0.38431140350877513,1.1256177091681168,0.4824561403508772,3
1000,gap_ratio_roll>=0.2,30.0,8.0,480,0.9644668911516168,732,0.3858401639344299,1.1108919373412565,0.4275956284153005,3
1000,Thu,8.0,20.0,480,0.9641923654884518,261,0.3842490421455964,1.1189183997495689,0.5823754789272031,3
1000,gap_ratio_range>=0.35,15.0,15.0,1440,0.9629588972689924,228,0.38909210526315974,1.0893739201394315,0.4824561403508772,3
1000,BIG_GAP,15.0,15.0,1440,0.9629588972689924,228,0.38909210526315974,1.0893739201394315,0.4824561403508772,3
1000,asia_ratio_Q4,25.0,25.0,480,0.9600117371595576,323,0.36429411764706066,1.0862586035382547,0.47368421052631576,4
1000,asia_ratio>=1.6,20.0,25.0,480,0.9588158625076157,322,0.36342857142857177,1.0879367285979975,0.4782608695652174,4
1000,gap_ratio_range>=0.2,25.0,20.0,480,0.9581737630730384,462,0.38566017316017354,1.0955593014718306,0.4805194805194805,3
1000,BIG_GAP & BIG_PREV_MOVE,12.0,12.0,480,0.9552591874028175,138,0.3811231884058006,1.1128580256980276,0.4855072463768116,3
1000,ThuFri & HIGH_VOL,30.0,12.0,1440,0.9532288485246116,342,0.38626315789474175,1.0794860501386332,0.4415204678362573,3
1000,BIG_GAP,25.0,10.0,1440,0.9511376293191137,228,0.3829385964912308,1.0920785647091584,0.4342105263157895,3
1000,gap_ratio_range>=0.35,25.0,10.0,1440,0.9511376293191137,228,0.3829385964912308,1.0920785647091584,0.4342105263157895,3
1000,BIG_GAP & BIG_PREV_MOVE,25.0,10.0,480,0.9511022364280842,138,0.3805724637681242,1.1049926431781494,0.427536231884058,3
1000,gap_ratio_range_Q4,8.0,30.0,480,0.9501166586538055,257,0.35521400778210277,1.1117316384491962,0.5603112840466926,4
1000,ThuFri & HIGH_VOL,25.0,20.0,1440,0.9472335179048282,342,0.3842719298245629,1.0746597813397418,0.4678362573099415,3
1000,asia_ratio_Q4,25.0,30.0,480,0.9430163533340012,323,0.35652321981424334,1.084061603957043,0.47678018575851394,4
1000,ThuFri & HIGH_VOL,15.0,10.0,480,0.9429803659114073,342,0.3546228070175464,1.0951285456229707,0.47953216374269003,4
1000,Thu,8.0,25.0,480,0.9427861362246898,261,0.3747279693486619,1.1156310739299253,0.5823754789272031,3
1000,gap_ratio_roll_Q4,25.0,8.0,480,0.9426399940276019,323,0.37595975232198686,1.108310767660985,0.42724458204334365,3
1000,gap_ratio_roll_Q4,25.0,20.0,480,0.9392023299921949,323,0.37699690402477337,1.0933920718360448,0.47987616099071206,3
1000,BIG_GAP & BIG_PREV_MOVE,15.0,8.0,480,0.9340305959546005,138,0.3713840579710209,1.111104607553667,0.42028985507246375,3
1000,gap_ratio_roll_Q4,25.0,25.0,480,0.9313940561060503,323,0.3735665634674959,1.0917130506891295,0.48297213622291024,3
1000,ThuFri & HIGH_VOL,10.0,8.0,480,0.9310966771232967,342,0.34703508771930003,1.1066938272093267,0.48830409356725146,4
1000,gap_ratio_range_Q4,10.0,20.0,480,0.9299138196203761,257,0.36999221789883785,1.1079195234144568,0.5369649805447471,3
1000,gap_ratio_roll>=0.35,30.0,10.0,480,0.9291958118563962,418,0.37132296650718294,1.098431506097868,0.4473684210526316,3
1000,ThuFri & HIGH_VOL,20.0,15.0,1440,0.9288987888410883,342,0.37553801169591167,1.074087747665326,0.45614035087719296,3
1000,BIG_GAP,8.0,12.0,480,0.9247450492756266,228,0.36545175438596833,1.1199653305190789,0.543859649122807,3
1000,gap_ratio_range>=0.35,8.0,12.0,480,0.9247450492756266,228,0.36545175438596833,1.1199653305190789,0.543859649122807,3
1000,asia_ratio_Q4,20.0,30.0,480,0.9169150699458182,323,0.34417956656346843,1.0829681352208207,0.47987616099071206,4
1000,gap_ratio_range_Q4,15.0,25.0,1440,0.9159624440974159,257,0.36834241245136445,1.0794847897092292,0.4980544747081712,3
1000,ThuFri & HIGH_VOL,20.0,10.0,1440,0.9158975193008982,342,0.3682631578947439,1.0797560192535072,0.42105263157894735,3
1000,BIG_GAP & BIG_PREV_MOVE,25.0,15.0,1440,0.914963990707056,138,0.3686594202898551,1.0749883187729479,0.4492753623188406,3
1000,gap_ratio_roll_Q4,20.0,12.0,480,0.9127618315860435,323,0.3642910216718321,1.0938255027135142,0.46439628482972134,3
1000,gap_ratio_roll>=0.35,25.0,12.0,480,0.9083075626574301,418,0.3622511961722538,1.093319692716343,0.46172248803827753,3
1000,Thu,20.0,10.0,480,0.9062186111952543,261,0.3609463601532615,1.095099700892277,0.48659003831417624,3
1000,ThuFri & HIGH_VOL,15.0,8.0,1440,0.9048029179885432,342,0.36129532163743316,1.0891577410072375,0.4064327485380117,3
1000,gap_ratio_range_Q4,30.0,12.0,1440,0.9012842260336414,257,0.36114396887160005,1.0802901080725247,0.44357976653696496,3
1000,asia_ratio_Q4,20.0,25.0,480,0.9002484012425573,323,0.336470588235295,1.0811578358607414,0.47678018575851394,4
1000,gap_ratio_range>=0.2,20.0,8.0,480,0.9001459994274355,462,0.35715584415584434,1.1003324226723572,0.42424242424242425,3
1000,gap_ratio_range>=0.2,25.0,25.0,480,0.8932193639943968,462,0.35610173160173114,1.0870984273270063,0.48268398268398266,3
1000,BIG_GAP & BIG_PREV_MOVE,25.0,12.0,1440,0.8900976973650065,138,0.35615942028985736,1.0779955694073293,0.43478260869565216,3
1000,gap_ratio_roll>=0.2,25.0,15.0,480,0.889506379522072,732,0.35358196721311863,1.0914708556851844,0.47404371584699456,3
1000,gap_ratio_roll_Q4,30.0,12.0,480,0.8873172092886545,323,0.3527832817337534,1.090000426508618,0.4613003095975232,3
1000,gap_ratio_range_Q4,15.0,20.0,1440,0.8843615235495774,257,0.3535642023346338,1.077024536705033,0.490272373540856,3
1000,Thu,25.0,10.0,480,0.8842843650357487,261,0.3509195402298891,1.092457902329165,0.48659003831417624,3
1000,BIG_GAP,10.0,12.0,1440,0.8826800438211369,228,0.3274035087719314,1.0851335600581187,0.5219298245614035,4
1000,gap_ratio_range>=0.35,10.0,12.0,1440,0.8826800438211369,228,0.3274035087719314,1.0851335600581187,0.5219298245614035,4
1000,prev_range_ratio_Q2,12.0,25.0,480,0.8821074954186644,322,0.3482639751552861,1.1021625767989,0.5124223602484472,3
1000,gap_ratio_range_Q4,30.0,8.0,1440,0.8809487106541269,257,0.3502607003891079,1.0868704648911773,0.39299610894941633,3
1000,prev_range_ratio_Q2,20.0,25.0,480,0.8716942430025592,322,0.32141925465838955,1.0897759958918714,0.4968944099378882,4
1000,asia_ratio>=1.6,30.0,8.0,1440,0.8716608453115179,322,0.3471521739130481,1.0788026103280968,0.38198757763975155,3
1000,prev_range_ratio_Q3,25.0,15.0,480,0.8680479909644544,322,0.3436987577639781,1.089178313113212,0.453416149068323,3
1000,gap_ratio_range>=0.2,25.0,15.0,480,0.867399928659979,462,0.3438744588744601,1.0862262670164857,0.474025974025974,3
1000,gap_ratio_roll>=0.2,20.0,15.0,480,0.8597942223540281,732,0.3398756830601127,1.0883936619510646,0.47540983606557374,3
1000,gap_ratio_roll_Q4,20.0,10.0,480,0.8591723398573317,323,0.33908359133127464,1.0914380936955785,0.44891640866873067,3
1000,HIGH_VOL & BIG_GAP,8.0,20.0,480,0.8568628351706189,198,0.335959595959597,1.104011445637133,0.5606060606060606,3
1000,ThuFri & HIGH_VOL,25.0,15.0,1440,0.8495928001629991,342,0.33849415204678657,1.0667795763464225,0.45614035087719296,3
1000,gap_ratio_range>=0.35,30.0,8.0,1440,0.8402760282237562,228,0.3312850877193018,1.0836314516173686,0.3991228070175439,3
1000,BIG_GAP,30.0,8.0,1440,0.8402760282237562,228,0.3312850877193018,1.0836314516173686,0.3991228070175439,3
1000,gap_ratio_range_Q4,10.0,12.0,480,0.8371211978933233,257,0.3273073929961149,1.099314627767908,0.5175097276264592,3
1000,HIGH_VOL & BIG_GAP,30.0,10.0,1440,0.8352512931672107,198,0.3297323232323303,1.0782047888110162,0.4292929292929293,3
1000,gap_ratio_range>=0.35,25.0,8.0,1440,0.8338240061242789,228,0.3283070175438628,1.0828796510050773,0.3991228070175439,3
1000,BIG_GAP,25.0,8.0,1440,0.8338240061242789,228,0.3283070175438628,1.0828796510050773,0.3991228070175439,3
1000,BIG_GAP & BIG_PREV_MOVE,10.0,15.0,480,0.8326769775058512,138,0.3257898550724642,1.0954519205455486,0.5144927536231884,3
1000,asia_ratio>=1.6,25.0,8.0,1440,0.8308417264613831,322,0.32819565217391755,1.0744995308487242,0.38198757763975155,3
1000,gap_ratio_range_Q4,12.0,8.0,480,0.8291180729279405,257,0.3232062256809386,1.101191186825558,0.4669260700389105,3
1000,gap_ratio_range>=0.2,30.0,8.0,480,0.8246943073218371,462,0.3227835497835507,1.0902375842085743,0.42207792207792205,3
1000,gap_ratio_roll>=0.2,25.0,20.0,480,0.8243896081586757,732,0.3238729508196753,1.0822659207936123,0.4781420765027322,3
1000,gap_ratio_range_Q4,12.0,10.0,480,0.8232379860949811,257,0.3212412451361946,1.0957395611187866,0.49416342412451364,3
1000,gap_ratio_range_Q4,10.0,25.0,1440,0.8199726297460538,257,0.32225291828793845,1.0790273469220282,0.5486381322957199,3
1000,prev_move_ratio_Q2,20.0,30.0,1440,0.8199507613115344,322,0.32473913043479047,1.0630429120584974,0.5186335403726708,3
1000,asia_ratio_Q4,30.0,8.0,1440,0.8159953112844752,323,0.3213095975232244,1.072752623694463,0.38080495356037153,3
1000,BIG_GAP & BIG_PREV_MOVE,10.0,12.0,480,0.8060667998934521,138,0.31309420289855316,1.0954294069316473,0.5,3
1000,HIGH_VOL & BIG_GAP,15.0,25.0,1440,0.8059734062199924,198,0.29384848484848836,1.0621968036773752,0.494949494949495,4
1000,gap_ratio_roll_Q4,25.0,15.0,480,0.8038288080500778,323,0.3145603715170351,1.0785479267361227,0.47058823529411764,3
1000,asia_ratio>=1.3,30.0,30.0,480,0.8028755348312896,512,0.314513671875003,1.0758256101844803,0.462890625,3
1000,gap_ratio_range_Q4,25.0,12.0,1440,0.8025345167803459,257,0.3152217898832727,1.0700806153723723,0.44357976653696496,3
1000,Thu,10.0,30.0,480,0.8013578057532674,261,0.3120153256705013,1.08758273124418,0.5593869731800766,3
1000,Thu,8.0,30.0,480,0.7976680238378985,261,0.30936015325670735,1.093572869743386,0.5823754789272031,3
1000,prev_move_ratio_Q2,20.0,10.0,1440,0.7974954991133414,322,0.3128447204969039,1.0697024967686781,0.4472049689440994,3
1000,gap_ratio_roll>=0.2,20.0,20.0,480,0.7949404129480216,732,0.31016666666666937,1.0793350229382568,0.47950819672131145,3
1000,gap_ratio_range_Q4,25.0,8.0,1440,0.7910525058246627,257,0.3087081712062282,1.0765647482535103,0.39299610894941633,3
1000,gap_ratio_roll>=0.2,20.0,30.0,480,0.7878290237039998,732,0.30693442622950967,1.078062834265011,0.4822404371584699,3
1000,gap_ratio_roll>=0.2,25.0,30.0,480,0.7876789841898644,732,0.30697950819672326,1.0772688963369412,0.4808743169398907,3
1000,gap_ratio_range_Q4,12.0,25.0,1440,0.7864491363798926,257,0.3073346303501977,1.0708669753703959,0.5175097276264592,3
1000,gap_ratio_roll>=0.2,20.0,8.0,480,0.7819019718090987,732,0.3027390710382542,1.0872825223449647,0.42896174863387976,3
1000,BIG_GAP & BIG_PREV_MOVE,8.0,20.0,480,0.7790582580144795,138,0.300579710144926,1.0928167696720976,0.5507246376811594,3
1000,asia_ratio_Q4,25.0,8.0,1440,0.7755307746462967,323,0.3024117647058868,1.0684736761304976,0.38080495356037153,3
1000,ThuFri & HIGH_VOL,12.0,10.0,480,0.7753122314540145,342,0.30023391812865846,1.0827501281385905,0.49122807017543857,3
1000,gap_ratio_range_Q4,10.0,8.0,480,0.7676863221135757,257,0.27201167315175334,1.086992501225738,0.4785992217898833,4
1000,BIG_GAP & BIG_PREV_MOVE,25.0,10.0,1440,0.7671009572826604,138,0.2749855072463758,1.0622939840046224,0.41304347826086957,4
1000,HIGH_VOL & BIG_GAP,12.0,20.0,1440,0.7639346323624511,198,0.29689898989899594,1.0678232437614883,0.51010101010101,3
1000,ThuFri,30.0,8.0,480,0.7598655864324593,514,0.29293579766537575,1.081908702497045,0.4357976653696498,3
1000,gap_ratio_roll_Q3,30.0,8.0,480,0.7597190188900915,322,0.26940062111801333,1.0776456140570725,0.42857142857142855,4
1000,ThuFri & HIGH_VOL,8.0,20.0,480,0.7568436413474515,342,0.26760818713450274,1.0808169111342465,0.5614035087719298,4
1000,HIGH_VOL & BIG_GAP,12.0,25.0,1440,0.7568204280778621,198,0.2702323232323271,1.0605248899079567,0.5151515151515151,4
1000,ThuFri & HIGH_VOL,30.0,15.0,1440,0.7550607851378902,342,0.2940730994152076,1.0575183052822963,0.45321637426900585,3
1000,prev_range_ratio_Q2,20.0,30.0,480,0.7536270579051583,322,0.2670062111801288,1.0734613455552464,0.4968944099378882,4
1000,BIG_GAP,6.0,30.0,480,0.7526161750837089,228,0.28678947368421215,1.1012492799762166,0.6008771929824561,3
1000,gap_ratio_range>=0.35,6.0,30.0,480,0.7526161750837089,228,0.28678947368421215,1.1012492799762166,0.6008771929824561,3
1000,gap_ratio_roll>=0.2,25.0,8.0,480,0.750959730985838,732,0.28851775956284453,1.0829211064733009,0.4275956284153005,3
1000,gap_ratio_roll>=0.35,25.0,10.0,480,0.7497433833236701,418,0.2888157894736894,1.0765602338313487,0.4473684210526316,3
1000,prev_range_ratio_Q2,12.0,30.0,480,0.7496658661949369,322,0.2878881987577705,1.0829817574408338,0.5124223602484472,3
1000,ThuFri & HIGH_VOL,8.0,25.0,480,0.7480246657591667,342,0.26353801169590607,1.079490022075172,0.5614035087719298,4
1000,BIG_GAP & BIG_PREV_MOVE,10.0,25.0,480,0.7441140482900802,138,0.28560869565217545,1.0801679267273208,0.5289855072463768,3
1000,asia_ratio>=1.3,30.0,25.0,480,0.740854214567875,512,0.2856445312500031,1.0684947545897348,0.4609375,3
1000,gap_ratio_roll_Q3,30.0,15.0,480,0.736687137535696,322,0.25940062111801326,1.0689508576447564,0.4751552795031056,4
1000,BIG_GAP,8.0,15.0,1440,0.736411022798015,228,0.2823377192982438,1.0769843443361078,0.5657894736842105,3
1000,gap_ratio_range>=0.35,8.0,15.0,1440,0.736411022798015,228,0.2823377192982438,1.0769843443361078,0.5657894736842105,3
1000,prev_range_ratio_Q2,20.0,15.0,480,0.7336130191955847,322,0.25768322981366865,1.0708100390601343,0.4937888198757764,4
1000,BIG_GAP,6.0,25.0,480,0.7326392827141169,228,0.2777456140350898,1.097744314480903,0.6008771929824561,3
1000,gap_ratio_range>=0.35,6.0,25.0,480,0.7326392827141169,228,0.2777456140350898,1.097744314480903,0.6008771929824561,3
1000,gap_ratio_roll>=0.2,20.0,25.0,480,0.730653347048584,732,0.28038524590164116,1.0709126301612764,0.4808743169398907,3
1000,HIGH_VOL & BIG_GAP,15.0,20.0,1440,0.7243051996291393,198,0.27881818181818707,1.0597838917249471,0.4898989898989899,3
1000,Thu,8.0,8.0,480,0.7216532170131159,261,0.27357471264368,1.0895689206395007,0.524904214559387,3
1000,asia_ratio>=1.3,30.0,20.0,480,0.7214091983487412,512,0.276511718750005,1.0664917961952771,0.458984375,3
1000,gap_ratio_range>=0.35,6.0,25.0,1440,0.7175631101736625,228,0.27241228070175294,1.0834710854869702,0.6447368421052632,3
1000,BIG_GAP,6.0,25.0,1440,0.7175631101736625,228,0.27241228070175294,1.0834710854869702,0.6447368421052632,3
1000,ThuFri,15.0,25.0,480,0.716120825938114,514,0.27311867704280385,1.0728015823296846,0.4980544747081712,3
1000,Fri,25.0,25.0,480,0.7159301595407754,253,0.2733913043478284,1.0700371611701218,0.4505928853754941,3
1000,BIG_GAP & BIG_PREV_MOVE,15.0,25.0,1440,0.7150005787115201,138,0.2511159420289805,1.0508478057999413,0.4855072463768116,4
1000,ThuFri,20.0,8.0,480,0.7140354066684689,514,0.27169649805448054,1.0759759905163317,0.4377431906614786,3
1000,gap_ratio_roll_Q4,30.0,10.0,480,0.7134600503091707,323,0.2718482972136294,1.072700311476959,0.4458204334365325,3
1000,gap_ratio_range>=0.35,6.0,30.0,1440,0.7124163931880872,228,0.27004385964912053,1.0826853605146172,0.6447368421052632,3
1000,BIG_GAP,6.0,30.0,1440,0.7124163931880872,228,0.27004385964912053,1.0826853605146172,0.6447368421052632,3
1000,HIGH_VOL & BIG_GAP,8.0,30.0,1440,0.7062888598261379,198,0.26876262626262354,1.0698147936780311,0.5808080808080808,3
1000,gap_ratio_roll_Q4,15.0,30.0,480,0.7061792902128727,323,0.26880804953560455,1.0690574228477667,0.4953560371517028,3
1000,gap_ratio_roll>=0.35,15.0,8.0,480,0.7034384606024676,418,0.2663779904306247,1.077643350742991,0.4354066985645933,3
1000,ThuFri & HIGH_VOL,8.0,30.0,480,0.6982063491368359,342,0.24044444444444368,1.0720227089794532,0.5614035087719298,4
1000,HIGH_VOL & BIG_GAP,6.0,25.0,1440,0.6980087851267529,198,0.21702525252525254,1.064316386751462,0.6464646464646465,5
1000,asia_ratio>=1.6,25.0,15.0,480,0.696479152186808,322,0.26481987577640087,1.0635881297981746,0.46273291925465837,3
1000,HIGH_VOL & BIG_GAP,6.0,30.0,1440,0.6962214288778958,198,0.2395505050505041,1.0714689320871107,0.6464646464646465,4
1000,ThuFri,25.0,8.0,480,0.6949729776232257,514,0.26282879377432494,1.0734903881618116,0.4357976653696498,3
1000,ThuFri,15.0,20.0,480,0.6936034474730168,514,0.2626342412451391,1.0698117842357993,0.4980544747081712,3
1000,gap_ratio_roll>=0.35,20.0,20.0,1440,0.6842711703173288,418,0.2605071770334957,1.0508884876082811,0.4569377990430622,3
1000,gap_ratio_range>=0.35,6.0,20.0,1440,0.6823510743163305,228,0.2560964912280706,1.0787128779606638,0.6403508771929824,3
1000,BIG_GAP,6.0,20.0,1440,0.6823510743163305,228,0.2560964912280706,1.0787128779606638,0.6403508771929824,3
1000,asia_ratio>=1.3,30.0,15.0,480,0.6803609200422197,512,0.2571035156250061,1.0628302913436953,0.451171875,3
1000,prev_range_ratio_Q2,20.0,20.0,480,0.6780057203370736,322,0.23168944099379318,1.0631312255178653,0.4968944099378882,4
1000,prev_range_ratio_Q2,30.0,25.0,480,0.673828482673118,322,0.2295559006211227,1.0641093580737977,0.4937888198757764,4
1000,Fri,25.0,30.0,480,0.6736110813180335,253,0.25360869565217575,1.0646416715780358,0.4505928853754941,3
1000,ThuFri,30.0,12.0,480,0.6706860228329778,514,0.2521575875486459,1.0649230820092919,0.4708171206225681,3
1000,ThuFri & HIGH_VOL,12.0,8.0,1440,0.6690602375484876,342,0.25143567251462584,1.0643858222555682,0.4298245614035088,3
1000,prev_range_ratio_Q2,25.0,25.0,480,0.6688927826385833,322,0.22723602484472566,1.0634614734128793,0.4937888198757764,4
1000,prev_range_ratio_Q2,10.0,25.0,1440,0.6677563298590135,322,0.25101242236024496,1.0626721378591624,0.546583850931677,3
1000,BIG_GAP & BIG_PREV_MOVE,10.0,25.0,1440,0.6661758712826535,138,0.2507536231883979,1.0584981573519945,0.5289855072463768,3
1000,prev_range_ratio_Q2,10.0,25.0,480,0.6648878507284798,322,0.24828571428572022,1.0737715506900298,0.5186335403726708,3
1000,gap_ratio_range_Q4,8.0,15.0,480,0.6596724805195886,257,0.24544357976653944,1.0765362084613415,0.5486381322957199,3
1000,HIGH_VOL & BIG_GAP,6.0,25.0,480,0.6584216293536003,198,0.2208737373737371,1.0754917936572599,0.601010101010101,4
1000,gap_ratio_roll_Q4,15.0,8.0,480,0.6521146643892185,323,0.2424582043343691,1.0709328676573162,0.43653250773993807,3
1000,gap_ratio_roll>=0.35,15.0,30.0,480,0.6516845791508609,418,0.21968181818181817,1.0560854006453422,0.4904306220095694,4
1000,gap_ratio_range>=0.2,25.0,8.0,480,0.6504184097590655,462,0.2420216450216457,1.0676597323115857,0.42207792207792205,3
1000,BIG_GAP & BIG_PREV_MOVE,15.0,10.0,480,0.6460290623099977,138,0.24000724637681886,1.0667253584969538,0.4420289855072464,3
1000,ThuFri & HIGH_VOL,10.0,12.0,480,0.6454615271430857,342,0.2161812865497115,1.0605924511447047,0.52046783625731,4
1000,gap_ratio_roll>=0.5,20.0,8.0,480,0.6413304169922024,234,0.23767948717949383,1.067197396051066,0.41452991452991456,3
1000,BIG_GAP & BIG_PREV_MOVE,10.0,8.0,480,0.6409589706997482,138,0.21321739130435097,1.0681191529555583,0.45652173913043476,4
1000,gap_ratio_roll_Q3,25.0,8.0,480,0.6409485690922434,322,0.21388198757764013,1.061644246372907,0.42857142857142855,4
1000,BIG_GAP & BIG_PREV_MOVE,8.0,20.0,1440,0.6401627917235071,138,0.21411594202897893,1.0557217157792687,0.5579710144927537,4
1000,asia_ratio_Q4,25.0,15.0,480,0.639912561201663,323,0.23816718266254255,1.05701119576922,0.4613003095975232,3
1000,asia_ratio>=1.6,20.0,15.0,480,0.6374492924164614,322,0.23690993788820114,1.0575299489820933,0.4658385093167702,3
1000,gap_ratio_roll_Q3,25.0,15.0,480,0.6372128965243051,322,0.2125993788819879,1.0565106954851375,0.4751552795031056,4
1000,gap_ratio_roll_Q3,30.0,20.0,480,0.6348851626358587,322,0.21156832298136716,1.0555306035779235,0.4751552795031056,4
1000,HIGH_VOL & BIG_GAP,6.0,30.0,480,0.6309246563279186,198,0.23128787878787802,1.0793335943427929,0.601010101010101,3
1000,ThuFri,12.0,25.0,480,0.6282875001359967,514,0.2318229571984461,1.0631584805752046,0.5097276264591439,3
1000,gap_ratio_range>=0.2,15.0,30.0,480,0.6278780091040745,462,0.23212770562770402,1.0586857902714766,0.49134199134199136,3
1000,ThuFri & HIGH_VOL,10.0,8.0,1440,0.626904964386259,342,0.23123976608187619,1.062383008195048,0.4590643274853801,3
1000,gap_ratio_roll>=0.5,12.0,20.0,1440,0.6244067298165459,234,0.23123931623932067,1.0515833446141125,0.5213675213675214,3
1000,prev_range_ratio_Q2,20.0,12.0,480,0.6166858014886056,322,0.22612111801242848,1.0638753495945248,0.4782608695652174,3
1000,gap_ratio_roll>=0.2,30.0,12.0,480,0.6159885854262815,732,0.2263811475409883,1.05842487542789,0.4576502732240437,3
1000,ThuFri,15.0,15.0,480,0.6096076808231806,514,0.22318287937743525,1.0593321589238751,0.49221789883268485,3
1000,gap_ratio_roll>=0.2,30.0,10.0,480,0.6089282210421199,732,0.22280191256831022,1.0598037770497777,0.4453551912568306,3
1000,BIG_GAP & BIG_PREV_MOVE,12.0,25.0,1440,0.6063849894041826,138,0.22277536231883519,1.0486331372272946,0.5072463768115942,3
1000,ThuFri,12.0,20.0,480,0.6059861979194283,514,0.22133852140078136,1.0601303154716861,0.5097276264591439,3
1000,ThuFri,15.0,30.0,480,0.603698324417264,514,0.2204610894941652,1.057951929105711,0.4980544747081712,3
1000,ThuFri & HIGH_VOL,8.0,15.0,480,0.6029816594341779,342,0.19576023391812944,1.058547087774284,0.5526315789473685,4
1000,gap_ratio_range>=0.35,12.0,10.0,1440,0.6026942832051152,228,0.22015350877193254,1.056266492096125,0.4649122807017544,3
1000,BIG_GAP,12.0,10.0,1440,0.6026942832051152,228,0.22015350877193254,1.056266492096125,0.4649122807017544,3
1000,gap_ratio_roll_Q4,25.0,12.0,480,0.5992484201807502,323,0.21853250773994445,1.0557509947918575,0.4613003095975232,3
1000,ThuFri & HIGH_VOL,8.0,8.0,480,0.5975869441459484,342,0.1928479532163748,1.0616601706934223,0.5087719298245614,4
1000,Fri,25.0,20.0,480,0.5971858215893704,253,0.21761264822134763,1.0549624539034572,0.4505928853754941,3
1000,BIG_GAP & BIG_PREV_MOVE,12.0,10.0,480,0.5937526637555786,138,0.21511594202899154,1.0628534527476965,0.463768115942029,3
1000,asia_ratio_Q1,6.0,30.0,480,0.5913062181284796,323,0.18922910216718156,1.0678966060028412,0.5789473684210527,4
1000,gap_ratio_range_Q4,6.0,30.0,480,0.5909569969548156,257,0.21261089494163632,1.0740094108341083,0.5953307392996109,3
1000,BIG_GAP & BIG_PREV_MOVE,8.0,30.0,480,0.5902896663602855,138,0.2133043478260831,1.064138264632439,0.5507246376811594,3
1000,gap_ratio_range>=0.2,30.0,12.0,480,0.590000960695277,462,0.2142445887445907,1.0537319671574952,0.4588744588744589,3
1000,ThuFri,12.0,15.0,480,0.5896782928891879,514,0.21359727626459496,1.058445222609176,0.5038910505836576,3
1000,gap_ratio_range>=0.35,10.0,8.0,1440,0.5894063935245251,228,0.18968421052631898,1.0529193887252637,0.4605263157894737,4
1000,BIG_GAP,10.0,8.0,1440,0.5894063935245251,228,0.18968421052631898,1.0529193887252637,0.4605263157894737,4
1000,gap_ratio_range_Q4,15.0,15.0,1440,0.5884952137732877,257,0.21414785992218188,1.0476282785764486,0.47470817120622566,3
1000,BIG_GAP,15.0,12.0,1440,0.5880914700708479,228,0.2137017543859686,1.0500134466823656,0.4649122807017544,3
1000,gap_ratio_range>=0.35,15.0,12.0,1440,0.5880914700708479,228,0.2137017543859686,1.0500134466823656,0.4649122807017544,3
1000,asia_ratio_Q1,6.0,15.0,480,0.5876027075610601,323,0.21070588235293974,1.0768414373361448,0.5727554179566563,3
1000,HIGH_VOL & BIG_GAP,10.0,15.0,1440,0.58368321592231,198,0.21135858585858783,1.0518835994316849,0.5252525252525253,3
1000,gap_ratio_range>=0.35,6.0,15.0,1440,0.5830190057244202,228,0.1861271929824557,1.0578347504575727,0.6228070175438597,4
1000,BIG_GAP,6.0,15.0,1440,0.5830190057244202,228,0.1861271929824557,1.0578347504575727,0.6228070175438597,4
1000,gap_ratio_roll>=0.5,20.0,30.0,480,0.5826288595555396,234,0.21094871794872022,1.0508721918883994,0.47435897435897434,3
1000,gap_ratio_range>=0.2,20.0,20.0,1440,0.5822585509663059,462,0.21171645021645388,1.0416861822705556,0.47186147186147187,3
1000,asia_ratio_Q4,20.0,15.0,480,0.581397366722314,323,0.21034365325077692,1.0509169640026716,0.46439628482972134,3
1000,gap_ratio_range>=0.2,20.0,12.0,480,0.5795282378448025,462,0.20923809523809647,1.0528204357625848,0.461038961038961,3
1000,gap_ratio_range>=0.35,10.0,10.0,1440,0.5792404537209348,228,0.20880263157894824,1.0557233904336072,0.4956140350877193,3
1000,BIG_GAP,10.0,10.0,1440,0.5792404537209348,228,0.20880263157894824,1.0557233904336072,0.4956140350877193,3
1000,gap_ratio_roll>=0.35,15.0,15.0,480,0.5781681384449913,418,0.18467703349282608,1.0477269495434123,0.4784688995215311,4
1000,Fri,30.0,25.0,480,0.5780908850574811,253,0.20847826086956747,1.0534077906823687,0.4505928853754941,3
1000,BIG_GAP & BIG_PREV_MOVE,30.0,10.0,1440,0.5765141141119455,138,0.2083405797101431,1.0471965409011512,0.41304347826086957,3
1000,gap_ratio_range_Q4,6.0,25.0,480,0.5737045271750277,257,0.20458754863813475,1.071018153330813,0.5953307392996109,3
1000,prev_range_ratio_Q2,15.0,25.0,480,0.5736255067150178,322,0.18213354037267696,1.0513822218055768,0.5,4
1000,asia_ratio>=1.3,25.0,30.0,480,0.5708737467243653,512,0.2053535156250028,1.0495083585173444,0.462890625,3
1000,gap_ratio_range_Q4,8.0,20.0,480,0.5701005237189106,257,0.20375875486381584,1.061754470376936,0.556420233463035,3
1000,gap_ratio_roll>=0.35,15.0,20.0,480,0.5681283431085828,418,0.1799377990430637,1.0458644324113375,0.48564593301435405,4
1000,BIG_GAP,6.0,15.0,480,0.5678283233581074,228,0.20175438596491527,1.0709751679488495,0.5877192982456141,3
1000,gap_ratio_range>=0.35,6.0,15.0,480,0.5678283233581074,228,0.20175438596491527,1.0709751679488495,0.5877192982456141,3
1000,ThuFri,25.0,12.0,480,0.5657584947116183,514,0.20259533073930716,1.052162274394183,0.4708171206225681,3
1000,Fri,20.0,25.0,480,0.564479634425612,253,0.20201185770751137,1.051758936971552,0.45454545454545453,3
1000,BIG_GAP & BIG_PREV_MOVE,25.0,8.0,1440,0.5616277749308652,138,0.20090579710145026,1.0488596191328807,0.37681159420289856,3
1000,asia_ratio>=1.6,30.0,12.0,480,0.5601809945615573,322,0.20020186335404266,1.0488370472165964,0.4472049689440994,3
1000,BIG_GAP & BIG_PREV_MOVE,8.0,12.0,480,0.5599726926724098,138,0.17512318840579486,1.0555398514003886,0.5217391304347826,4
1000,asia_ratio>=1.6,15.0,20.0,480,0.5597093281092378,322,0.19990993788819836,1.0494695383196602,0.48757763975155277,3
1000,prev_range_ratio_Q2,30.0,30.0,480,0.5587242643218016,322,0.17514285714286196,1.0481809545289906,0.4937888198757764,4
1000,BIG_GAP & BIG_PREV_MOVE,8.0,25.0,480,0.5585031103235842,138,0.1983623188405766,1.0593785791135935,0.5507246376811594,3
1000,BIG_GAP & BIG_PREV_MOVE,30.0,8.0,1440,0.5567648061100436,138,0.19858695652173894,1.0482956848453233,0.37681159420289856,3
1000,HIGH_VOL & BIG_GAP,6.0,20.0,1440,0.5548017774621217,198,0.17298484848485066,1.0510569600157422,0.6414141414141414,4
1000,prev_range_ratio_Q2,25.0,30.0,480,0.5538624456241141,322,0.17282298136646493,1.0475427679016918,0.4937888198757764,4
1000,gap_ratio_range>=0.35,15.0,10.0,1440,0.5531506449743515,228,0.19684649122807255,1.0480458780809487,0.44298245614035087,3
1000,BIG_GAP,15.0,10.0,1440,0.5531506449743515,228,0.19684649122807255,1.0480458780809487,0.44298245614035087,3
1000,gap_ratio_roll>=0.35,20.0,15.0,1440,0.5509418781231472,418,0.19664354066985892,1.0389272729597605,0.44258373205741625,3
1000,asia_ratio_Q1,6.0,30.0,1440,0.5505843299141135,323,0.19458513931888016,1.0586583914697014,0.6346749226006192,3
1000,BIG_GAP & BIG_PREV_MOVE,12.0,8.0,480,0.5502376438252168,138,0.19431884057971532,1.0596955119286413,0.43478260869565216,3
1000,ThuFri & HIGH_VOL,30.0,20.0,1440,0.5444282566246004,342,0.19365204678362719,1.0367884728081702,0.4619883040935672,3
1000,ThuFri,20.0,12.0,480,0.5435084166375416,514,0.19200778210117486,1.0494399358781705,0.4727626459143969,3
1000,asia_ratio_Q1,8.0,15.0,1440,0.5410478195132459,323,0.19050154798761587,1.0527277790869556,0.5603715170278638,3
1000,gap_ratio_roll>=0.35,30.0,20.0,1440,0.5407125017139265,418,0.1917990430622032,1.0370930713518351,0.45215311004784686,3
1000,gap_ratio_range>=0.2,12.0,30.0,480,0.5404172446666412,462,0.19044155844155827,1.0500632732768274,0.5043290043290043,3
1000,prev_range_ratio_Q2,20.0,8.0,480,0.5403625483765109,322,0.16612111801242868,1.0488818787689949,0.43788819875776397,4
1000,BIG_GAP,15.0,8.0,1440,0.5400781029132793,228,0.1903815789473721,1.048927764282857,0.40789473684210525,3
1000,gap_ratio_range>=0.35,15.0,8.0,1440,0.5400781029132793,228,0.1903815789473721,1.048927764282857,0.40789473684210525,3
1000,prev_range_ratio_Q2,30.0,15.0,480,0.5391946280788806,322,0.16581987577640178,1.045560741682525,0.4906832298136646,4
1000,gap_ratio_roll_Q3,25.0,20.0,480,0.536659781268418,322,0.16476708074534183,1.0432466227203923,0.4751552795031056,4
1000,Fri,30.0,30.0,480,0.5364668391175826,253,0.18869565217391487,1.0480961520056018,0.4505928853754941,3
1000,prev_range_ratio_Q2,10.0,30.0,480,0.5361264632876175,322,0.1879099378882046,1.0548485494010433,0.5186335403726708,3
1000,asia_ratio_Q1,8.0,30.0,1440,0.5350671421163868,323,0.18776780185758196,1.0507623687710441,0.5789473684210527,3
1000,gap_ratio_roll>=0.35,15.0,25.0,480,0.5344746229891268,418,0.16385167464114836,1.0413256301570302,0.4880382775119617,4
1000,HIGH_VOL & BIG_GAP,8.0,25.0,1440,0.5330642519303517,198,0.18708080808080652,1.047587114146381,0.5808080808080808,3
1000,gap_ratio_range_Q4,8.0,12.0,480,0.5302609898595464,257,0.16107392996109288,1.05036898236307,0.5369649805447471,4
1000,prev_move_ratio<0.7,8.0,20.0,1440,0.5266560910570721,426,0.15981455399061223,1.0439696066495954,0.5704225352112676,4
1000,HIGH_VOL & BIG_GAP,8.0,20.0,1440,0.5255296121851578,198,0.18344444444444502,1.0471026709063653,0.5757575757575758,3
1000,gap_ratio_range_Q4,15.0,8.0,1440,0.5233382928015026,257,0.18244357976654108,1.0463219000593755,0.4046692607003891,3
1000,Fri,20.0,30.0,480,0.5229239262340044,253,0.18222924901185877,1.0464548268523894,0.45454545454545453,3
1000,gap_ratio_range>=0.35,8.0,12.0,1440,0.5218841771004489,228,0.15754385964912213,1.0431400996353746,0.5482456140350878,4
1000,BIG_GAP,8.0,12.0,1440,0.5218841771004489,228,0.15754385964912213,1.0431400996353746,0.5482456140350878,4
1000,gap_ratio_range>=0.2,20.0,10.0,480,0.5218264504487118,462,0.1816060606060617,1.0474341506436533,0.4458874458874459,3
1000,gap_ratio_roll_Q3,30.0,12.0,480,0.5216831798560105,322,0.1814565217391314,1.0483318885080142,0.45962732919254656,3
1000,BIG_GAP & BIG_PREV_MOVE,8.0,15.0,480,0.5211358578560166,138,0.1805724637681117,1.0553292019796734,0.5362318840579711,3
1000,ThuFri,12.0,30.0,480,0.5169525240279609,514,0.17916536964980745,1.0481219375440578,0.5097276264591439,3
1000,asia_ratio>=1.3,25.0,25.0,480,0.5104374312125388,512,0.1764843750000029,1.042319220681904,0.4609375,3
1000,gap_ratio_roll_Q4,15.0,25.0,480,0.5097664759039006,323,0.17598761609907207,1.0442715452283322,0.49226006191950467,3
1000,gap_ratio_roll_Q3,30.0,10.0,480,0.5084227264565642,322,0.17504347826087108,1.0476211397170652,0.4472049689440994,3
1000,asia_ratio_Q4,30.0,12.0,480,0.5048391451094459,323,0.17374922600619788,1.0422487815674546,0.4458204334365325,3
1000,asia_ratio_Q4,15.0,20.0,480,0.5043374325431824,323,0.17345820433436546,1.042782778150674,0.48606811145510836,3
1000,gap_ratio_range>=0.2,15.0,20.0,480,0.5037467647224152,462,0.17311255411255425,1.0434495148885403,0.487012987012987,3
1000,asia_ratio_Q1,6.0,25.0,480,0.5030715108044279,323,0.14765634674922526,1.052546453144711,0.5758513931888545,4
1000,gap_ratio_roll_Q4,12.0,30.0,480,0.49739239488722026,323,0.16984210526316118,1.0453844136526358,0.5108359133126935,3
1000,gap_ratio_roll_Q4,25.0,10.0,480,0.49471264505459406,323,0.1685572755418019,1.045077223433799,0.4458204334365325,3
1000,asia_ratio>=1.3,25.0,20.0,480,0.49143776005281176,512,0.16735156250000482,1.0402424390438654,0.458984375,3
1000,gap_ratio_range>=0.35,8.0,8.0,480,0.4877381491785124,228,0.16435087719298236,1.0549823338146047,0.5,3
1000,BIG_GAP,8.0,8.0,480,0.4877381491785124,228,0.16435087719298236,1.0549823338146047,0.5,3
1000,prev_range_ratio_Q2,30.0,20.0,480,0.4849789000155633,322,0.13982608695652632,1.0380953670266606,0.4937888198757764,4
1000,gap_ratio_roll_Q4,15.0,20.0,480,0.48467296370415436,323,0.16393808049535885,1.0414595723757363,0.4891640866873065,3
1000,prev_range_ratio_Q2,25.0,15.0,480,0.48434496471633265,322,0.16350000000000475,1.044923331598305,0.4906832298136646,3
1000,gap_ratio_roll_Q3,30.0,25.0,480,0.48327899060613355,322,0.13914596273292015,1.0358405306366345,0.4751552795031056,4
1000,prev_range_ratio_Q2,25.0,20.0,480,0.4801638616926613,322,0.1375062111801293,1.0374633210252189,0.4937888198757764,4
1000,gap_ratio_roll>=0.35,25.0,20.0,1440,0.47826129362010056,418,0.16160526315789675,1.0312537302660258,0.45215311004784686,3
1000,prev_move_ratio<0.7,8.0,15.0,1440,0.4763720211991571,426,0.13563145539906368,1.0376690671496325,0.5586854460093896,4
1000,prev_range_ratio_Q2,10.0,30.0,1440,0.4746094220061453,322,0.15921118012421961,1.0388607241833068,0.546583850931677,3
1000,gap_ratio_roll_Q3,30.0,8.0,1440,0.4721844644183884,322,0.13393167701864123,1.0322635427054683,0.3944099378881988,4
1000,gap_ratio_range_Q4,10.0,15.0,1440,0.47199022261259105,257,0.15791439688716066,1.0390175244292161,0.5252918287937743,3
1000,prev_move_ratio<0.7,8.0,12.0,1440,0.4705709946900353,426,0.15682629107981433,1.0441151319894804,0.5516431924882629,3
1000,prev_move_ratio<2.0,30.0,15.0,480,0.4693903065210428,834,0.15642206235012635,1.041849479046872,0.46882494004796166,3
1000,gap_ratio_range_Q4,12.0,15.0,1440,0.46676767598628394,257,0.15554085603113169,1.0365560796636124,0.49416342412451364,3
1000,gap_ratio_range>=0.2,15.0,25.0,480,0.46467269051623816,462,0.15437662337662264,1.038344171763309,0.48917748917748916,3
1000,Fri,30.0,20.0,480,0.4612884298631317,253,0.15269960474308675,1.0385673583560788,0.4505928853754941,3
1000,prev_range_ratio_Q2,15.0,30.0,480,0.4599733925256434,322,0.12772049689441622,1.0354868548668248,0.5,4
1000,gap_ratio_range>=0.35,6.0,20.0,480,0.4567684809900302,228,0.1495833333333364,1.0508199286241153,0.5964912280701754,3
1000,BIG_GAP,6.0,20.0,480,0.4567684809900302,228,0.1495833333333364,1.0508199286241153,0.5964912280701754,3
1000,gap_ratio_range>=0.2,12.0,25.0,480,0.45603897874867916,462,0.15008441558441643,1.0391123059445473,0.5021645021645021,3
1000,asia_ratio>=1.3,30.0,12.0,480,0.45438921788696,512,0.14941406250000666,1.0372193406289747,0.44140625,3
1000,asia_ratio>=1.3,20.0,30.0,480,0.44975375435473175,512,0.14722656250000243,1.0360032134468045,0.46484375,3
1000,Fri,20.0,20.0,480,0.44786819313754295,253,0.14623320158103065,1.036939558985778,0.45454545454545453,3
1000,prev_move_ratio<0.7,8.0,8.0,1440,0.44597407987050514,426,0.14476995305164486,1.0444441241541338,0.5,3
1000,gap_ratio_roll>=0.35,20.0,25.0,1440,0.44412816904265773,418,0.14506459330143745,1.0275669089801471,0.45933014354066987,3
1000,gap_ratio_range>=0.2,12.0,20.0,480,0.4440973453697327,462,0.14432034632034765,1.0378093101088135,0.5,3
1000,gap_ratio_roll_Q3,30.0,30.0,480,0.4432105072773994,322,0.11976708074534179,1.030695795237197,0.4751552795031056,4
1000,gap_ratio_range>=0.2,30.0,10.0,480,0.44111355189036605,462,0.14290476190476373,1.037115824624328,0.44372294372294374,3
1000,asia_ratio>=1.6,15.0,30.0,480,0.4371455634102804,322,0.14114906832297938,1.0343426054590004,0.4906832298136646,3
1000,gap_ratio_roll_Q4,20.0,8.0,1440,0.4362146235106534,323,0.14078328173374882,1.0330157102882864,0.3715170278637771,3
1000,prev_move_ratio<0.7,8.0,10.0,240,0.434869290869449,426,0.1370680751173791,1.078305182483225,0.4835680751173709,3
1000,gap_ratio_roll_Q3,20.0,8.0,480,0.43340097905322716,322,0.11480124223602593,1.0330875738553928,0.42857142857142855,4
1000,gap_ratio_roll>=0.5,12.0,30.0,1440,0.42955987009860086,234,0.13775213675213838,1.0294412608758399,0.5299145299145299,3
1000,BIG_GAP,6.0,12.0,480,0.4280860832912947,228,0.1357850877193025,1.0479869178724508,0.5745614035087719,3
1000,gap_ratio_range>=0.35,6.0,12.0,480,0.4280860832912947,228,0.1357850877193025,1.0479869178724508,0.5745614035087719,3
1000,gap_ratio_roll_Q3,25.0,12.0,480,0.4241401233284913,322,0.13465527950310605,1.0358661341768467,0.45962732919254656,3
1000,gap_ratio_roll>=0.5,12.0,8.0,480,0.4234141996917449,234,0.10991880341881023,1.032538498808952,0.44017094017094016,4
1000,gap_ratio_range>=0.2,15.0,15.0,480,0.4227951451753759,462,0.13411904761904853,1.0339776490974097,0.4805194805194805,3
1000,asia_ratio>=1.6,15.0,25.0,480,0.4211657336124456,322,0.13341614906832097,1.0324805917879138,0.48757763975155277,3
1000,gap_ratio_roll>=0.35,12.0,30.0,480,0.4194930945523067,418,0.10818421052631744,1.0288828978320426,0.5047846889952153,4
1000,asia_ratio_Q1,6.0,20.0,480,0.41580519222759893,323,0.10593498452012344,1.0371475316221388,0.5758513931888545,4
1000,ThuFri & HIGH_VOL,10.0,10.0,480,0.41452980342309087,342,0.12987426900585103,1.0368145703378193,0.5029239766081871,3
1000,gap_ratio_range_Q4,6.0,25.0,1440,0.40573394615897074,257,0.1255097276264586,1.037562753064725,0.6342412451361867,3
1000,asia_ratio>=1.3,25.0,15.0,480,0.4048248490279018,512,0.12548828125000577,1.0306665012027967,0.451171875,3
1000,asia_ratio_Q1,6.0,12.0,480,0.40376351842695274,323,0.12408668730650133,1.045050310676294,0.5603715170278638,3
1000,gap_ratio_roll_Q4,12.0,25.0,480,0.4032345212587276,323,0.12456346749226334,1.0329758504391024,0.5077399380804953,3
1000,prev_move_ratio<0.7,8.0,10.0,1440,0.39943379171633236,426,0.12256338028169332,1.0351412562467408,0.5352112676056338,3
1000,gap_ratio_roll_Q3,20.0,15.0,480,0.3985337047296382,322,0.09799068322981472,1.0260467443014236,0.4751552795031056,4
1000,asia_ratio_Q1,6.0,12.0,1440,0.3948219008241708,323,0.12018266253869675,1.037081685932381,0.6068111455108359,3
1000,gap_ratio_roll_Q3,25.0,10.0,480,0.39293629284720144,322,0.11952484472049785,1.0325171173850451,0.4472049689440994,3
1000,prev_range_ratio_Q2,15.0,15.0,480,0.3906851065703657,322,0.11839751552795603,1.0328560569629106,0.4968944099378882,3
1000,gap_ratio_roll>=0.35,12.0,25.0,480,0.38970747258725114,418,0.09368421052631762,1.0249674040211807,0.5023923444976076,4
1000,gap_ratio_range>=0.2,25.0,12.0,480,0.3893138189749487,462,0.11791341991342164,1.029572368867477,0.4588744588744589,3
1000,gap_ratio_roll_Q4,15.0,15.0,480,0.3874382024742393,323,0.11698142414861129,1.02970859862846,0.47987616099071206,3
1000,gap_ratio_roll_Q3,25.0,25.0,480,0.3868859245853581,322,0.09234472049689481,1.023785697544478,0.4751552795031056,4
1000,gap_ratio_range>=0.2,15.0,8.0,480,0.38670986830170945,462,0.11644588744588844,1.032788563801421,0.42857142857142855,3
1000,gap_ratio_roll_Q4,20.0,20.0,1440,0.3863393703635999,323,0.11685139318885923,1.0225635648316156,0.4551083591331269,3
1000,gap_ratio_roll>=0.35,30.0,15.0,1440,0.38458917436514184,418,0.11597368421052816,1.0227793569038461,0.43779904306220097,3
1000,prev_move_ratio<0.7,8.0,30.0,1440,0.38349015303082856,426,0.11496713615023714,1.0309295408185826,0.5751173708920188,3
1000,asia_ratio_Q4,15.0,30.0,480,0.38295929192406475,323,0.11487925696594285,1.0278621056291122,0.4891640866873065,3
1000,gap_ratio_roll_Q4,12.0,8.0,480,0.3803389020681575,323,0.1132445820433485,1.0339948976983895,0.44891640866873067,3
1000,gap_ratio_roll>=0.5,12.0,25.0,1440,0.379672935842291,234,0.11345299145299438,1.0243885410236064,0.5256410256410257,3
1000,gap_ratio_roll>=0.35,12.0,15.0,480,0.37699278248932433,418,0.08745933014354501,1.0237152765614612,0.49282296650717705,4
1000,prev_range_ratio_Q2,20.0,10.0,480,0.372836519714583,322,0.10974844720497583,1.0304298182770089,0.45962732919254656,3
1000,gap_ratio_roll>=0.35,20.0,30.0,1440,0.37029069821689126,418,0.10903349282296819,1.020394765987781,0.46172248803827753,3
1000,asia_ratio>=1.3,20.0,25.0,480,0.3700447421314161,512,0.10859179687500253,1.026347739550754,0.462890625,3
1000,gap_ratio_roll>=0.35,12.0,20.0,480,0.36721375178326066,418,0.08269138755981147,1.0221422897555483,0.5,4
1000,asia_ratio_Q4,15.0,25.0,480,0.36712783158869533,323,0.10717027863776944,1.0260079039504721,0.48606811145510836,3
1000,gap_ratio_range>=0.2,30.0,20.0,1440,0.3629974947470874,462,0.10541558441558786,1.0205503382438335,0.4653679653679654,3
1000,prev_move_ratio<0.7,8.0,12.0,480,0.3623973676057364,426,0.08014553990610608,1.0262807861297314,0.528169014084507,4
1000,gap_ratio_roll_Q4,8.0,25.0,480,0.3619083630760221,323,0.10432817337461259,1.0311710271694285,0.5510835913312694,3
1000,asia_ratio_Q1,8.0,30.0,480,0.3615087328204529,323,0.10399380804953394,1.033858907442911,0.5356037151702786,3
1000,gap_ratio_range_Q4,6.0,30.0,1440,0.3611200076540301,257,0.10395330739299481,1.0309118867752058,0.6342412451361867,3
1000,prev_move_ratio<0.7,8.0,12.0,240,0.3607536673195379,426,0.10243896713615853,1.0573583784714558,0.4859154929577465,3
1000,prev_move_ratio<0.7,8.0,15.0,480,0.36058629903494815,426,0.07926760563380555,1.0258754853377623,0.5328638497652582,4
1000,gap_ratio_roll>=0.35,15.0,12.0,480,0.357595549111011,418,0.10243062200957272,1.026694215442819,0.4688995215311005,3
1000,asia_ratio_Q1,8.0,15.0,480,0.3555223691962716,323,0.10108978328173107,1.0330676604923885,0.5294117647058824,3
1000,gap_ratio_roll>=0.35,10.0,30.0,480,0.3508078880737606,418,0.07463397129186686,1.020633304959811,0.5191387559808612,4
1000,gap_ratio_roll_Q3,25.0,30.0,480,0.3472961991390874,322,0.07296583850931643,1.0187008351898856,0.4751552795031056,4
1000,gap_ratio_roll>=0.2,15.0,8.0,480,0.34725352331460935,732,0.0972568306010957,1.0281714106400979,0.43306010928961747,3
1000,gap_ratio_range>=0.2,20.0,8.0,1440,0.3465314611408735,462,0.09716233766234383,1.0227123581963906,0.37662337662337664,3
1000,gap_ratio_roll_Q4,30.0,20.0,1440,0.34482257502381,323,0.09652321981424683,1.0184011204633903,0.44891640866873067,3
1000,prev_move_ratio<0.7,8.0,8.0,480,0.3432635446492259,426,0.0950516431924903,1.0332478025429337,0.5023474178403756,3
1000,gap_ratio_range>=0.35,12.0,8.0,1440,0.34272226396490063,228,0.09516228070175889,1.025195934184231,0.42543859649122806,3
1000,BIG_GAP,12.0,8.0,1440,0.34272226396490063,228,0.09516228070175889,1.025195934184231,0.42543859649122806,3
1000,gap_ratio_roll>=0.2,15.0,15.0,480,0.3407956100089208,732,0.0942390710382544,1.0245913707221421,0.47950819672131145,3
1000,gap_ratio_range>=0.2,12.0,15.0,480,0.33996314860699683,462,0.09382467532467725,1.0246608682591811,0.4935064935064935,3
1000,asia_ratio_Q1,8.0,25.0,480,0.3388106823377778,323,0.06864396284829588,1.0221834022687657,0.5325077399380805,4
1000,gap_ratio_roll_Q4,8.0,30.0,480,0.3385817852367835,323,0.09300309597523208,1.0276936295433132,0.5510835913312694,3
1000,prev_move_ratio<0.7,8.0,8.0,240,0.33834051570441237,426,0.09180985915493782,1.0514192858805063,0.4812206572769953,3
1000,gap_ratio_roll_Q4,12.0,20.0,480,0.338191510047828,323,0.09295046439628948,1.0246430318570892,0.5046439628482973,3
1000,prev_range_ratio_Q2,15.0,20.0,480,0.3371567890319731,322,0.0924037267080806,1.0254246846908448,0.5,3
1000,asia_ratio>=1.6,15.0,8.0,480,0.3361146898024938,322,0.0918819875776412,1.0255840639627545,0.4254658385093168,3
1000,HIGH_VOL & BIG_GAP,6.0,15.0,1440,0.33380855315813573,198,0.09067676767676973,1.0270743859479812,0.6212121212121212,3
1000,asia_ratio>=1.3,20.0,20.0,480,0.33133959088491277,512,0.08969335937500444,1.021772761646032,0.4609375,3
1000,BIG_GAP & BIG_PREV_MOVE,10.0,10.0,480,0.33054948277259577,138,0.08908695652174313,1.0266657412247513,0.4782608695652174,3
1000,HIGH_VOL & BIG_GAP,12.0,15.0,1440,0.3300300531178352,198,0.08910101010101495,1.0205164106863973,0.4898989898989899,3
1000,gap_ratio_roll>=0.5,8.0,20.0,1440,0.3286571923371644,234,0.08833760683760414,1.0224364088286844,0.5769230769230769,3
1000,Thu,20.0,15.0,1440,0.32686082652172377,261,0.08766666666666961,1.0174238766735868,0.44061302681992337,3
1000,gap_ratio_roll>=0.5,8.0,8.0,480,0.3201347156387434,234,0.059495726495727576,1.0192158784273404,0.49145299145299143,4
1000,gap_ratio_roll>=0.5,10.0,8.0,480,0.31896239553320327,234,0.0834145299145348,1.025575109112518,0.46153846153846156,3
1000,prev_range_ratio_Q2,10.0,8.0,480,0.31612993650319565,322,0.0820279503105654,1.0252845021021777,0.45962732919254656,3
1000,asia_ratio_Q1,10.0,30.0,480,0.31289015630590317,323,0.08043653250773922,1.0250768056197679,0.5170278637770898,3
1000,gap_ratio_range>=0.2,12.0,20.0,1440,0.31281816320734107,462,0.08070129870130335,1.0175408057554778,0.5108225108225108,3
1000,prev_move_ratio<0.7,30.0,8.0,480,0.3120298379898757,426,0.080030516431932,1.0246006800129328,0.44366197183098594,3
1000,asia_ratio_Q1,12.0,30.0,480,0.31128823644376424,323,0.07967492260061888,1.024328749614767,0.5077399380804953,3
1000,prev_move_ratio<0.7,30.0,12.0,480,0.3083162900218698,426,0.07826291079812989,1.0228776109571016,0.4694835680751174,3
1000,prev_range_ratio_Q2,30.0,8.0,480,0.30216918477937404,322,0.0752515527950381,1.0221401303682824,0.43478260869565216,3
1000,asia_ratio_Q2,6.0,10.0,240,0.30138383551708414,322,0.0740993788819915,1.0429838657375736,0.48757763975155277,3
1000,gap_ratio_roll_Q3,20.0,20.0,480,0.30097711206545197,322,0.05015838509316862,1.0131651343616448,0.4751552795031056,4
1000,gap_ratio_roll_Q4,20.0,12.0,1440,0.29770677732691764,323,0.07330030959752652,1.0150907702564724,0.4241486068111455,3
1000,prev_range_ratio_Q3,30.0,10.0,480,0.294319279749316,322,0.07150000000000255,1.018451465025326,0.42857142857142855,3
1000,prev_move_ratio<2.0,20.0,15.0,480,0.29381554771264234,834,0.07122781774580908,1.0190924313570477,0.4712230215827338,3
1000,asia_ratio>=1.6,15.0,8.0,1440,0.2898452032815587,322,0.06935093167702115,1.0164862951350264,0.40683229813664595,3
1000,gap_ratio_roll>=0.5,20.0,20.0,480,0.28779672221650177,234,0.06834615384615844,1.016159132036468,0.4658119658119658,3
1000,asia_ratio_Q1,10.0,15.0,480,0.28752595475720966,323,0.06804024767801674,1.0212441819438465,0.5108359133126935,3
1000,asia_ratio_Q4,15.0,8.0,480,0.2848983278764421,323,0.06682972136223055,1.0185379368150582,0.4241486068111455,3
1000,gap_ratio_roll>=0.5,15.0,8.0,480,0.2835935917024488,234,0.06617094017094567,1.0189163303003368,0.4230769230769231,3
1000,gap_ratio_roll>=0.5,20.0,20.0,1440,0.28148797832675965,234,0.0653333333333363,1.012571096838067,0.47435897435897434,3
1000,prev_move_ratio<1.0,30.0,15.0,480,0.2778456827042235,545,0.06336330275230383,1.017661282651103,0.47155963302752296,3
1000,SMALL_PREV_MOVE,30.0,15.0,480,0.2778456827042235,545,0.06336330275230383,1.017661282651103,0.47155963302752296,3
1000,gap_ratio_roll>=0.5,12.0,30.0,480,0.2774143867931833,234,0.06319658119658512,1.016159488071615,0.5042735042735043,3
1000,asia_ratio>=1.6,15.0,15.0,480,0.2762587866688828,322,0.03795341614906833,1.009273325209088,0.4751552795031056,4
1000,ThuFri & HIGH_VOL,8.0,8.0,1440,0.2746435969437859,342,0.06178070175438901,1.0175166905567066,0.49122807017543857,3
1000,gap_ratio_roll_Q4,12.0,15.0,480,0.2740308672332037,323,0.06151083591331884,1.0164067906342247,0.4953560371517028,3
1000,gap_ratio_roll>=0.35,8.0,25.0,480,0.2716176433140315,418,0.06026315789473643,1.0181093650363444,0.5430622009569378,3
1000,HIGH_VOL & BIG_GAP,15.0,15.0,1440,0.26895436068222106,198,0.0590959595959643,1.0129017532756086,0.4696969696969697,3
1000,asia_ratio>=1.3,20.0,15.0,480,0.2660079166866459,512,0.05759570312500539,1.0141765859661955,0.453125,3
1000,gap_ratio_roll>=0.35,10.0,25.0,480,0.26448920149847543,418,0.0321028708133979,1.0088297359238456,0.5167464114832536,4
1000,prev_range_ratio_Q2,25.0,8.0,480,0.2637560915435921,322,0.05640993788820578,1.0165966459497955,0.43478260869565216,3
1000,gap_ratio_roll>=0.35,10.0,15.0,480,0.2618440416366676,418,0.030789473684214072,1.0086098993103394,0.507177033492823,4
1000,gap_ratio_roll>=0.35,12.0,8.0,480,0.2604130507292224,418,0.054760765550242736,1.01628026233342,0.4449760765550239,3
1000,gap_ratio_roll_Q4,15.0,12.0,480,0.2572797284698433,323,0.05327244582043799,1.0137939382667764,0.47058823529411764,3
1000,gap_ratio_roll>=0.35,15.0,10.0,480,0.25564625129012386,418,0.0524545454545491,1.014053317489222,0.45454545454545453,3
1000,gap_ratio_roll_Q4,15.0,8.0,240,0.25525973331193125,323,0.05195665634675181,1.025914304597312,0.47058823529411764,3
1000,gap_ratio_range_Q4,15.0,12.0,1440,0.2528312464972123,257,0.051120622568098385,1.011541357115312,0.45525291828793774,3
1000,gap_ratio_range>=0.2,12.0,30.0,1440,0.25240229143711923,462,0.05092424242424498,1.0108751070662085,0.5173160173160173,3
1000,HIGH_VOL & BIG_GAP,8.0,15.0,1440,0.2505442732029563,198,0.04994949494949545,1.0129187152866677,0.5555555555555556,3
1000,gap_ratio_roll>=0.5,30.0,20.0,1440,0.2480485176278558,234,0.048799145299148625,1.0092261253101573,0.4658119658119658,3
1000,Thu,6.0,15.0,480,0.24523059114262546,261,0.0472375478927236,1.0159935346113644,0.5900383141762452,3
1000,gap_ratio_roll>=0.5,15.0,20.0,1440,0.24320114125337222,234,0.04638461538461848,1.009311502974723,0.49145299145299143,3
1000,prev_move_ratio<0.7,8.0,10.0,480,0.24194109083179433,426,0.04562676056338164,1.0150694394373212,0.5211267605633803,3
1000,asia_ratio_Q1,8.0,20.0,480,0.24116177611944992,323,0.02051393188854341,1.0065278730128702,0.5325077399380805,4
1000,gap_ratio_roll_Q4,10.0,8.0,480,0.24095014745640775,323,0.04516099071207779,1.0139094829929,0.46439628482972134,3
1000,asia_ratio_Q1,10.0,25.0,480,0.24080260975030143,323,0.04508668730650116,1.0139561182000698,0.5139318885448917,3
1000,asia_ratio_Q1,12.0,25.0,480,0.2392458966884258,323,0.044325077399380824,1.0134402898904462,0.5046439628482973,3
1000,asia_ratio_Q4,15.0,8.0,1440,0.23920350997713302,323,0.0443684210526341,1.0105180184643303,0.4055727554179567,3
1000,gap_ratio_roll>=0.35,10.0,8.0,480,0.23823016211244027,418,0.04382057416268216,1.0134414894905128,0.46172248803827753,3
1000,prev_move_ratio<0.7,6.0,15.0,1440,0.2371896776065909,426,0.018542253521129697,1.0056719408032926,0.607981220657277,4
1000,gap_ratio_roll>=0.35,8.0,30.0,480,0.2365236862303599,418,0.04298564593301399,1.0128506703189422,0.5430622009569378,3
1000,gap_ratio_range>=0.35,8.0,10.0,1440,0.23490104816213647,228,0.04220175438596323,1.011789542815203,0.5219298245614035,3
1000,BIG_GAP,8.0,10.0,1440,0.23490104816213647,228,0.04220175438596323,1.011789542815203,0.5219298245614035,3
1000,gap_ratio_roll_Q4,8.0,25.0,240,0.2343870422931824,323,0.04174613003096233,1.0214338965215235,0.48606811145510836,3
1000,ThuFri & HIGH_VOL,8.0,12.0,480,0.23144691762418299,342,0.04048538011696173,1.011761218219611,0.5409356725146199,3
1000,prev_move_ratio<2.0,30.0,20.0,480,0.2313844986328327,834,0.0404808153477286,1.0104461319205913,0.4724220623501199,3
1000,BIG_GAP & BIG_PREV_MOVE,6.0,20.0,1440,0.23136552302110658,138,0.0404420289855016,1.0119050666393608,0.6159420289855072,3
1000,prev_move_ratio<0.7,6.0,12.0,1440,0.23046672746435148,426,0.03998591549296013,1.0123767699783774,0.6032863849765259,3
1000,BIG_GAP,6.0,12.0,1440,0.2293365992752634,228,0.03942982456140355,1.0120961773926616,0.6052631578947368,3
1000,gap_ratio_range>=0.35,6.0,12.0,1440,0.2293365992752634,228,0.03942982456140355,1.0120961773926616,0.6052631578947368,3
1000,gap_ratio_roll>=0.35,10.0,20.0,480,0.2279195075294467,418,0.013933014354068783,1.003838280787639,0.5143540669856459,4
1000,prev_move_ratio<0.7,15.0,8.0,240,0.22749794840633114,426,0.03834976525822608,1.020819368371693,0.47183098591549294,3
1000,prev_move_ratio<0.7,10.0,10.0,240,0.22704425545725712,426,0.03812206572770702,1.0209884744325788,0.47417840375586856,3
1000,asia_ratio_Q2,6.0,8.0,240,0.22576738401955077,322,0.037484472049694184,1.0213005513083895,0.484472049689441,3
1000,gap_ratio_roll_Q4,8.0,20.0,240,0.22546481662928625,323,0.037374613003098446,1.0191464356575415,0.48606811145510836,3
1000,gap_ratio_roll_Q3,25.0,8.0,1440,0.22539516513531505,322,0.03752795031056625,1.0090403155881122,0.3944099378881988,3
1000,asia_ratio>=1.3,25.0,12.0,480,0.22500728852813473,512,0.03733007812500633,1.0092989968293031,0.44140625,3
1000,asia_ratio_Q4,15.0,15.0,480,0.22404128141826923,323,0.012003095975232756,1.0029233680940426,0.47368421052631576,4
1000,asia_ratio_Q1,12.0,15.0,480,0.22357577971109455,323,0.03658513931888406,1.0110837646343769,0.5015479876160991,3
1000,gap_ratio_roll_Q4,8.0,20.0,480,0.22001085792110342,323,0.034826625386997684,1.010268211264636,0.5479876160990712,3
1000,SMALL_PREV_MOVE,30.0,12.0,480,0.21934097224523263,545,0.03450275229358941,1.009722924571329,0.46422018348623856,3
1000,prev_move_ratio<1.0,30.0,12.0,480,0.21934097224523263,545,0.03450275229358941,1.009722924571329,0.46422018348623856,3
1000,gap_ratio_roll_Q4,15.0,10.0,480,0.2176198619277459,323,0.03365634674923052,1.0091266123318,0.4551083591331269,3
1000,gap_ratio_roll_Q4,8.0,8.0,480,0.21351321823366182,323,0.03159442724458252,1.0102664859845616,0.49226006191950467,3
1000,asia_ratio>=1.6,10.0,20.0,480,0.20976840517043013,322,0.02976708074534314,1.0078692190795522,0.5279503105590062,3
1000,asia_ratio>=1.0,30.0,8.0,480,0.20959397714737757,884,0.029675339366521693,1.0081986733607045,0.4117647058823529,3
1000,HIGH_VOL,30.0,8.0,480,0.20959397714737757,884,0.029675339366521693,1.0081986733607045,0.4117647058823529,3
1000,prev_move_ratio<0.7,6.0,10.0,1440,0.20923124792186581,426,0.02947887323944034,1.0092778798145914,0.5892018779342723,3
1000,gap_ratio_roll_Q4,30.0,8.0,240,0.20911677046598695,323,0.02934365325077701,1.0146356679164186,0.47058823529411764,3
1000,ThuFri,10.0,25.0,480,0.20867601481662168,514,0.029219844357978433,1.008087863089533,0.519455252918288,3
1000,gap_ratio_roll_Q4,15.0,10.0,240,0.2080226129357935,323,0.028808049535606728,1.0141111207156726,0.47368421052631576,3
1000,Thu,25.0,15.0,1440,0.20522350086206426,261,0.027536398467434303,1.0054728989840072,0.44061302681992337,3
1000,prev_move_ratio<1.0,25.0,8.0,480,0.20328950663766393,545,0.026539449541291806,1.007935641421373,0.43669724770642204,3
1000,SMALL_PREV_MOVE,25.0,8.0,480,0.20328950663766393,545,0.026539449541291806,1.007935641421373,0.43669724770642204,3
1000,BIG_GAP & BIG_PREV_MOVE,10.0,12.0,1440,0.2032889884249649,138,0.026557971014489194,1.0065157988120437,0.4855072463768116,3
1000,prev_range_ratio_Q2,15.0,8.0,480,0.20279501642695846,322,0.026295031055907987,1.0077944123628038,0.4409937888198758,3
1000,asia_ratio_Q2,6.0,12.0,240,0.20263362084564118,322,0.026124223602488818,1.014743926806186,0.48757763975155277,3
1000,gap_ratio_range_Q4,10.0,8.0,1440,0.20255273188689282,257,0.02618287937743561,1.0071410454643388,0.45136186770428016,3
1000,gap_ratio_roll>=0.5,8.0,8.0,1440,0.2006623870988483,234,0.025239316239316995,1.00728049121743,0.49145299145299143,3
1000,prev_move_ratio<1.0,30.0,8.0,480,0.20062316171047193,545,0.025216513761476954,1.0075400663754106,0.43669724770642204,3
1000,SMALL_PREV_MOVE,30.0,8.0,480,0.20062316171047193,545,0.025216513761476954,1.0075400663754106,0.43669724770642204,3
1000,asia_ratio>=1.6,10.0,30.0,480,0.19598224634832878,322,0.02292236024844747,1.0059996374694065,0.531055900621118,3
1000,gap_ratio_roll_Q3,15.0,8.0,480,0.19466491267485894,322,0.022260869565218472,1.006431624065831,0.43167701863354035,3
1000,gap_ratio_roll_Q4,15.0,25.0,240,0.19310349918419292,323,0.021439628482975516,1.0104592399266585,0.47678018575851394,3
1000,HIGH_VOL & BIG_GAP,8.0,12.0,1440,0.19122426208046103,198,0.02055555555555753,1.0055046417519644,0.5353535353535354,3
1000,gap_ratio_roll_Q3,20.0,10.0,480,0.1910019064426885,322,0.02044409937888366,1.0055618828109691,0.4472049689440994,3
1000,prev_range_ratio<1.0,20.0,8.0,480,0.19075482236197153,572,0.02031643356644009,1.0060027872851056,0.4318181818181818,3
1000,gap_ratio_roll_Q4,20.0,10.0,1440,0.19064650816346798,323,0.02027863777090051,1.0044003262287664,0.4024767801857585,3
1000,gap_ratio_roll_Q3,20.0,12.0,480,0.19020020667472545,322,0.020046583850932862,1.0053395118916848,0.45962732919254656,3
1000,prev_move_ratio<0.7,6.0,8.0,1440,0.18845056125660847,426,0.019164319248828394,1.0063619665988968,0.5516431924882629,3
1000,prev_range_ratio_Q2,30.0,10.0,480,0.18785657344037862,322,0.018878881987585253,1.0052338621149852,0.45652173913043476,3
1000,ThuFri,10.0,20.0,480,0.1875676947987008,514,0.018735408560313707,1.0051708334921818,0.519455252918288,3
1000,gap_ratio_roll>=0.5,8.0,25.0,1440,0.18519594006498383,234,0.017559829059824845,1.004344116624042,0.5811965811965812,3
1000,gap_ratio_roll_Q4,20.0,25.0,1440,0.1799678087681457,323,0.014962848297216697,1.002814449019049,0.4582043343653251,3
1000,ThuFri,10.0,15.0,480,0.17983202709065074,514,0.014885214007784886,1.004138272721422,0.5136186770428015,3
1000,gap_ratio_roll_Q4,15.0,20.0,240,0.17590140761821918,323,0.01291021671827,1.0062721008830595,0.47678018575851394,3
1000,ThuFri & HIGH_VOL,15.0,12.0,1440,0.17493901698936232,342,0.012453216374277026,1.0026165321334615,0.4502923976608187,3
1000,BIG_GAP & BIG_PREV_MOVE,15.0,8.0,1440,0.17402098546797293,138,0.011992753623188208,1.002958304882365,0.38405797101449274,3
1000,asia_ratio_Q2,6.0,15.0,240,0.17397432733996468,322,0.01194720496894898,1.0066892132741005,0.48757763975155277,3
1000,gap_ratio_range>=0.2,10.0,20.0,480,0.16671125912423904,462,0.008346320346320334,1.0022307353211715,0.5108225108225108,3
1000,gap_ratio_roll>=0.35,8.0,20.0,480,0.1660813922335141,418,0.008031100478469375,1.002389619782094,0.5406698564593302,3
1000,BIG_GAP & BIG_PREV_MOVE,8.0,25.0,1440,0.16465090917897302,138,0.007318840579700193,1.0018073927732896,0.5579710144927537,3
1000,gap_ratio_roll_Q4,30.0,10.0,240,0.16240889196742572,323,0.00619504643963193,1.0030345354704002,0.47368421052631576,3
1000,BIG_GAP & BIG_PREV_MOVE,12.0,12.0,1440,0.16166011211449388,138,0.005826086956520724,1.0013625271149673,0.463768115942029,3
1000,gap_ratio_range_Q4,12.0,8.0,1440,0.15917279035236867,257,0.004583657587553493,1.0011944996232978,0.42023346303501946,3
1000,prev_range_ratio_Q2,10.0,10.0,480,0.15849590688530787,322,0.004245341614914481,1.0012304440850046,0.4813664596273292,3
1000,asia_ratio_Q4,10.0,20.0,480,0.15768809843116482,323,0.0038421052631599614,1.001011920439081,0.5263157894736842,3
1000,HIGH_VOL & BIG_GAP,10.0,10.0,1440,0.15576982904058995,198,0.002883838383841388,1.0007463223040585,0.4797979797979798,3
1000,gap_ratio_roll_Q4,15.0,12.0,240,0.15325824730704882,323,0.0016284829721385432,1.0007868444396586,0.47678018575851394,3
1000,gap_ratio_roll_Q4,8.0,15.0,240,0.15157306638097148,323,0.0007863777089801472,1.000395437215002,0.48606811145510836,3
1000,BIG_GAP & BIG_PREV_MOVE,15.0,12.0,1440,0.15142040101371435,138,0.0007101449275359155,1.0001565295169945,0.4420289855072464,3
1000,prev_range_ratio_Q2,25.0,10.0,480,0.15007453454653782,322,3.7267080752933915e-05,1.0000103316903097,0.45652173913043476,3
