strategy,tp,sl,rr,horizon_min,train_n,train_net,train_ev,train_wr,train_pf,train_dd,train_streak,train_tp,train_sl,train_time,oos_n,oos_net,oos_ev,oos_wr,oos_pf,oos_dd,oos_streak,oos_tp,oos_sl,oos_time,all_n,all_net,all_wr,all_pf,n_2018,net_2018,wr_2018,tp_2018,sl_2018,time_2018,n_2019,net_2019,wr_2019,tp_2019,sl_2019,time_2019,n_2020,net_2020,wr_2020,tp_2020,sl_2020,time_2020,n_2021,net_2021,wr_2021,tp_2021,sl_2021,time_2021,n_2022,net_2022,wr_2022,tp_2022,sl_2022,time_2022,n_2023,net_2023,wr_2023,tp_2023,sl_2023,time_2023,n_2024,net_2024,wr_2024,tp_2024,sl_2024,time_2024,n_2025,net_2025,wr_2025,tp_2025,sl_2025,time_2025,n_2026,net_2026,wr_2026,tp_2026,sl_2026,time_2026,oos_all_years_positive,train_pos_years
CORE A - Asia Compression Breakout,4.0,8.0,0.5,1440,220,-94.61899999999991,-0.43008636363636327,0.6,0.8459194773387528,153.90200000000004,4,129,69,22,176,23.501999999999953,0.13353409090909063,0.6761363636363636,1.0519383511087341,60.0,3,119,56,1,396,-71.11699999999996,0.6338383838383839,0.9333227700344839,34,15.28300000000013,0.6470588235294118,20,6,8,58,-55.77399999999989,0.5172413793103449,29,17,12,45,-36.0,0.6,27,18,0,40,-46.128000000000156,0.55,22,16,2,43,28.0,0.7209302325581395,31,12,0,46,40.0,0.7391304347826086,34,12,0,45,-8.498000000000047,0.6444444444444445,29,15,1,50,-4.0,0.66,33,17,0,35,-4.0,0.6571428571428571,23,12,0,False,2
CORE A - Asia Compression Breakout,4.0,10.0,0.4,1440,220,-129.20399999999995,-0.5872909090909089,0.6272727272727273,0.807924504179594,188.52700000000004,4,135,57,28,176,46.93499999999972,0.26667613636363474,0.7272727272727273,1.1017527885272018,80.0,3,127,45,4,396,-82.26900000000023,0.6717171717171717,0.9274484142872007,34,17.883000000000038,0.6470588235294118,20,2,12,58,-47.77399999999989,0.5689655172413793,32,14,12,45,-56.766999999999825,0.6222222222222222,28,16,1,40,-64.12800000000016,0.575,23,15,2,43,21.58199999999988,0.7441860465116279,32,10,1,46,39.452999999999975,0.7608695652173914,35,10,1,45,3.4819999999997435,0.7111111111111111,31,11,3,50,-10.0,0.7,35,15,0,35,14.0,0.7428571428571429,26,9,0,False,2
CORE A - Asia Compression Breakout,4.0,12.0,0.3333333333333333,1440,220,-82.60600000000068,-0.37548181818182125,0.6590909090909091,0.8737056147995251,157.51100000000065,4,142,42,36,176,132.93499999999972,0.7553124999999984,0.7897727272727273,1.3170667716122255,80.0,3,138,34,4,396,50.32899999999904,0.7171717171717171,1.0468900814280648,34,16.839999999999918,0.6470588235294118,20,1,13,58,-47.02099999999996,0.5862068965517241,33,11,14,45,-39.896999999999935,0.6888888888888889,31,12,2,40,-46.11000000000058,0.6,24,10,6,43,33.58199999999988,0.7906976744186046,34,8,1,46,35.452999999999975,0.782608695652174,36,9,1,45,45.48199999999974,0.8,35,7,3,50,-8.0,0.74,37,13,0,35,60.0,0.8571428571428571,30,5,0,False,2
CORE A - Asia Compression Breakout,4.0,15.0,0.26666666666666666,1440,220,-50.35400000000027,-0.2288818181818194,0.6863636363636364,0.9220312686293299,140.01800000000003,4,148,29,43,176,117.1909999999998,0.6658579545454534,0.8068181818181818,1.2633393180965302,89.39699999999993,3,140,26,10,396,66.83699999999953,0.73989898989899,1.0612710181676168,34,13.839999999999918,0.6470588235294118,20,1,13,58,-28.05899999999974,0.603448275862069,34,5,19,45,-56.896999999999935,0.7111111111111111,32,11,2,40,-26.82000000000039,0.65,26,6,8,43,47.58199999999988,0.8372093023255814,36,6,1,46,45.115999999999985,0.8043478260869565,37,5,4,45,47.47199999999975,0.8222222222222222,35,5,5,50,-20.396999999999935,0.76,38,11,1,35,45.0,0.8571428571428571,30,5,0,False,2
CORE A - Asia Compression Breakout,4.0,20.0,0.2,1440,220,-111.37800000000038,-0.5062636363636381,0.6909090909090909,0.8433164942666983,194.28300000000036,4,149,20,51,176,119.29700000000003,0.6778238636363638,0.8295454545454546,1.2599555907110935,87.89499999999998,3,144,19,13,396,7.918999999999642,0.7525252525252525,1.0067697647380656,34,18.199999999999818,0.6470588235294118,20,0,14,58,-47.968999999999824,0.603448275862069,34,4,20,45,-77.95899999999983,0.7111111111111111,32,7,6,40,-45.232000000000426,0.65,26,4,10,43,41.58199999999988,0.8604651162790697,37,5,1,46,56.22200000000021,0.8043478260869565,37,2,7,45,22.471999999999753,0.8222222222222222,35,5,5,50,-3.3969999999999345,0.82,41,8,1,35,44.0,0.8857142857142857,31,4,0,False,2
CORE A - Asia Compression Breakout,4.0,25.0,0.16,1440,220,-113.71200000000044,-0.5168727272727293,0.6954545454545454,0.8414458832568064,197.03300000000058,4,150,12,58,176,102.65200000000004,0.5832500000000003,0.8409090909090909,1.2122847724574923,71.14300000000003,3,146,16,14,396,-11.0600000000004,0.76010101010101,0.9907890057706126,34,18.199999999999818,0.6470588235294118,20,0,14,58,-67.96899999999982,0.603448275862069,34,4,20,45,-60.169999999999845,0.7333333333333333,33,4,8,40,-42.533000000000584,0.65,26,1,13,43,38.75999999999999,0.8604651162790697,37,3,3,46,46.22200000000021,0.8043478260869565,37,2,7,45,-2.5280000000002474,0.8222222222222222,35,5,5,50,34.958000000000084,0.86,43,5,2,35,24.0,0.8857142857142857,31,4,0,False,2
CORE A - Asia Compression Breakout,4.0,30.0,0.13333333333333333,1440,220,-90.1550000000002,-0.40979545454545546,0.7,0.8707684942031808,173.47600000000034,4,151,5,64,176,136.70499999999947,0.7767329545454515,0.8522727272727273,1.2988054775357634,67.04000000000042,3,148,9,19,396,46.54999999999927,0.7676767676767676,1.0402985294283142,34,18.199999999999818,0.6470588235294118,20,0,14,58,-70.25999999999976,0.603448275862069,34,2,22,45,-20.177999999999656,0.7555555555555555,34,0,11,40,-41.67700000000059,0.65,26,0,14,43,23.75999999999999,0.8604651162790697,37,3,3,46,36.22200000000021,0.8043478260869565,37,2,7,45,2.1349999999997635,0.8222222222222222,35,2,8,50,60.3479999999995,0.88,44,2,4,35,38.0,0.9142857142857143,32,3,0,True,2
CORE A - Asia Compression Breakout,4.0,35.0,0.11428571428571428,1440,220,-63.332000000000335,-0.2878727272727288,0.7045454545454546,0.9061471456029254,148.41500000000042,4,152,3,65,176,166.98499999999967,0.9487784090909073,0.8579545454545454,1.3872340425531906,57.340000000000146,3,149,6,21,396,103.65299999999934,0.7727272727272727,1.0937166034071526,34,18.199999999999818,0.6470588235294118,20,0,14,58,-67.4369999999999,0.603448275862069,34,1,23,45,-20.177999999999656,0.7555555555555555,34,0,11,40,-41.67700000000059,0.65,26,0,14,43,47.75999999999999,0.8837209302325582,38,2,3,46,26.222000000000207,0.8043478260869565,37,2,7,45,28.414999999999964,0.8222222222222222,35,0,10,50,50.3479999999995,0.88,44,2,4,35,62.0,0.9428571428571428,33,2,0,True,2
CORE A - Asia Compression Breakout,5.0,8.0,0.625,1440,220,-76.22599999999989,-0.34648181818181767,0.5636363636363636,0.8868046129949125,149.35900000000015,4,117,76,27,176,51.50199999999995,0.29262499999999975,0.6363636363636364,1.101282600914851,57.0,3,112,63,1,396,-24.723999999999933,0.5959595959595959,0.9790811405364245,34,21.133000000000266,0.6176470588235294,17,6,11,58,-58.230999999999995,0.4827586206896552,25,19,14,45,-48.0,0.5333333333333333,24,21,0,40,-24.128000000000156,0.55,22,16,2,43,33.0,0.6744186046511628,29,14,0,46,61.0,0.717391304347826,33,13,0,45,-5.498000000000047,0.6,27,17,1,50,16.0,0.64,32,18,0,35,-20.0,0.5714285714285714,20,15,0,False,2
CORE A - Asia Compression Breakout,5.0,10.0,0.5,1440,220,-133.81099999999992,-0.6082318181818178,0.5863636363636363,0.8229982790709365,204.98400000000015,4,122,65,33,176,98.93499999999972,0.5621306818181803,0.6988636363636364,1.1935102148592212,75.0,3,122,50,4,396,-34.876000000000204,0.6363636363636364,0.972479033372999,34,23.733000000000175,0.6176470588235294,17,2,15,58,-51.230999999999995,0.5344827586206896,28,16,14,45,-88.76699999999983,0.5333333333333333,24,20,1,40,-41.128000000000156,0.575,23,15,2,43,23.58199999999988,0.6976744186046512,30,12,1,46,74.45299999999997,0.7608695652173914,35,10,1,45,4.4819999999997435,0.6666666666666666,29,13,3,50,10.0,0.68,34,16,0,35,10.0,0.6857142857142857,24,11,0,True,2
CORE A - Asia Compression Breakout,5.0,12.0,0.4166666666666667,1440,220,-88.21800000000053,-0.4009909090909115,0.6136363636363636,0.8808499258502899,170.39100000000076,4,128,47,45,176,169.6809999999998,0.9640965909090898,0.7556818181818182,1.34592136084433,64.0,3,132,39,5,396,81.46299999999928,0.6767676767676768,1.0661809567369906,34,22.690000000000055,0.6176470588235294,17,1,16,58,-45.13200000000006,0.5517241379310345,29,12,17,45,-65.92399999999975,0.6,27,14,4,40,-22.110000000000582,0.6,24,10,6,43,22.25799999999981,0.7209302325581395,31,10,2,46,71.45299999999997,0.782608695652174,36,9,1,45,30.227999999999838,0.7333333333333333,32,9,4,50,12.0,0.72,36,14,0,35,56.0,0.8,28,7,0,True,2
CORE A - Asia Compression Breakout,5.0,15.0,0.3333333333333333,1440,220,-51.480999999999995,-0.23400454545454544,0.6409090909090909,0.9297564583097396,149.40699999999993,4,133,32,55,176,160.9369999999999,0.9144147727272721,0.7784090909090909,1.3117284847357888,77.39699999999993,3,135,30,11,396,109.4559999999999,0.702020202020202,1.0876232622405668,34,19.690000000000055,0.6176470588235294,17,1,16,58,-28.169999999999845,0.5689655172413793,30,6,22,45,-83.41099999999983,0.6222222222222222,28,12,5,40,-1.5840000000002874,0.65,25,6,9,43,41.993999999999915,0.7674418604651163,33,7,3,46,82.11599999999999,0.8043478260869565,37,5,4,45,26.217999999999847,0.7555555555555555,32,7,6,50,-2.3969999999999345,0.74,37,12,1,35,55.0,0.8285714285714286,29,6,0,False,2
CORE A - Asia Compression Breakout,5.0,20.0,0.25,1440,220,-102.85799999999995,-0.4675363636363634,0.65,0.8697754386586838,206.70100000000002,4,134,21,65,176,147.04300000000012,0.8354715909090916,0.8011363636363636,1.2672697562740045,96.89499999999998,3,139,23,14,396,44.18500000000017,0.7171717171717171,1.0329734376702404,34,24.049999999999955,0.6176470588235294,17,0,17,58,-50.013999999999896,0.5689655172413793,30,4,24,45,-109.47299999999973,0.6222222222222222,28,8,9,40,-19.996000000000322,0.65,25,4,11,43,52.575000000000045,0.813953488372093,34,5,4,46,93.22200000000021,0.8043478260869565,37,2,7,45,-8.782000000000153,0.7555555555555555,32,7,6,50,-12.396999999999935,0.78,39,10,1,35,75.0,0.8857142857142857,31,4,0,False,2
CORE A - Asia Compression Breakout,5.0,25.0,0.2,1440,220,-109.19200000000001,-0.4963272727272728,0.6545454545454545,0.8637118767825159,209.8860000000002,4,135,13,72,176,159.38800000000037,0.9056136363636385,0.8181818181818182,1.2883170351397024,92.15299999999979,3,142,18,16,396,50.19600000000037,0.7272727272727273,1.0370721864805723,34,24.049999999999955,0.6176470588235294,17,0,17,58,-70.0139999999999,0.5689655172413793,30,4,24,45,-95.68399999999974,0.6444444444444445,29,5,11,40,-17.29700000000048,0.65,25,1,14,43,49.753000000000156,0.813953488372093,34,3,6,46,83.22200000000021,0.8043478260869565,37,2,7,45,3.2080000000000837,0.7777777777777778,33,5,7,50,17.958000000000084,0.82,41,7,2,35,55.0,0.8857142857142857,31,4,0,True,2
CORE A - Asia Compression Breakout,5.0,30.0,0.16666666666666666,1440,220,-89.63499999999976,-0.4074318181818171,0.6590909090909091,0.8860516025363961,181.8050000000003,4,136,6,78,176,220.4409999999998,1.2525056818181808,0.8352272727272727,1.4349930639009092,93.05000000000018,3,145,10,21,396,130.80600000000004,0.7373737373737373,1.1011336813058945,34,24.049999999999955,0.6176470588235294,17,0,17,58,-72.30499999999984,0.5689655172413793,30,2,26,45,-59.69199999999955,0.6666666666666666,30,1,14,40,-16.441000000000486,0.65,25,0,15,43,34.753000000000156,0.813953488372093,34,3,6,46,73.22200000000021,0.8043478260869565,37,2,7,45,7.871000000000095,0.7777777777777778,33,2,10,50,69.3479999999995,0.86,43,3,4,35,70.0,0.9142857142857143,32,3,0,True,2
CORE A - Asia Compression Breakout,5.0,35.0,0.14285714285714285,1440,220,-66.8119999999999,-0.3036909090909086,0.6636363636363637,0.9130962988013867,177.50600000000009,4,137,4,79,176,246.721,1.4018238636363636,0.8409090909090909,1.508190710809102,88.34999999999991,3,146,7,23,396,179.9090000000001,0.7424242424242424,1.143434473895275,34,24.049999999999955,0.6176470588235294,17,0,17,58,-69.48199999999997,0.5689655172413793,30,1,27,45,-64.69199999999955,0.6666666666666666,30,1,14,40,-16.441000000000486,0.65,25,0,15,43,59.753000000000156,0.8372093023255814,35,2,6,46,63.22200000000021,0.8043478260869565,37,2,7,45,34.151000000000295,0.7777777777777778,33,0,12,50,54.3479999999995,0.86,43,3,4,35,95.0,0.9428571428571428,33,2,0,True,2
CORE A - Asia Compression Breakout,6.0,8.0,0.75,1440,220,-74.35800000000017,-0.3379909090909099,0.5318181818181819,0.8969638435349168,150.66700000000037,6,103,82,35,176,100.25199999999995,0.569613636363636,0.6079545454545454,1.1850528289906006,58.0,4,107,67,2,396,25.893999999999778,0.5656565656565656,1.0204952125861848,34,26.642000000000053,0.6176470588235294,14,6,14,58,-80.87200000000007,0.43103448275862066,18,21,19,45,-24.0,0.5333333333333333,24,21,0,40,-16.128000000000156,0.525,21,17,2,43,20.0,0.6046511627906976,26,17,0,46,72.75,0.6739130434782609,31,14,1,45,7.501999999999953,0.5777777777777777,26,18,1,50,48.0,0.64,32,18,0,35,-28.0,0.5142857142857142,18,17,0,False,2
CORE A - Asia Compression Breakout,6.0,10.0,0.6,1440,220,-106.94300000000021,-0.4861045454545464,0.5636363636363636,0.8656923544497105,197.29200000000037,4,110,69,41,176,139.75399999999968,0.7940568181818164,0.6647727272727273,1.2511546493280563,72.0,3,116,54,6,396,32.81099999999947,0.6085858585858586,1.0242559325792855,34,29.241999999999962,0.6176470588235294,14,2,18,58,-58.87200000000007,0.5,22,17,19,45,-64.76699999999983,0.5333333333333333,24,20,1,40,-34.128000000000156,0.55,22,16,2,43,21.58199999999988,0.6511627906976745,28,14,1,46,76.27199999999993,0.6956521739130435,32,11,3,45,17.481999999999744,0.6444444444444445,28,14,3,50,44.0,0.68,34,16,0,35,2.0,0.6285714285714286,22,13,0,True,2
CORE A - Asia Compression Breakout,6.0,12.0,0.5,1440,220,-66.71300000000087,-0.30324090909091306,0.5909090909090909,0.915409789503981,169.06200000000104,4,114,51,55,176,224.7829999999999,1.2771761363636358,0.7272727272727273,1.422762836185819,60.0,3,126,42,8,396,158.06999999999903,0.6515151515151515,1.1197172591435214,34,28.19899999999984,0.6176470588235294,14,1,19,58,-53.77300000000014,0.5172413793103449,23,13,22,45,-42.28699999999981,0.6,25,14,6,40,-16.110000000000582,0.575,23,11,6,43,17.25799999999981,0.6744186046511628,29,12,2,46,66.55500000000006,0.717391304347826,32,10,4,45,44.22799999999984,0.7111111111111111,31,10,4,50,48.0,0.72,36,14,0,35,66.0,0.7714285714285715,27,8,0,True,2
CORE A - Asia Compression Breakout,6.0,15.0,0.4,1440,220,-27.91000000000031,-0.12686363636363776,0.6181818181818182,0.964404777998556,145.25900000000047,4,119,35,66,176,189.039,1.0740852272727273,0.7443181818181818,1.3251142824711843,73.39699999999993,3,128,34,14,396,161.12899999999968,0.6742424242424242,1.1179958522146418,34,25.19899999999984,0.6176470588235294,14,1,19,58,-29.74499999999989,0.5344827586206896,24,6,28,45,-58.77399999999989,0.6222222222222222,26,12,7,40,2.4159999999997126,0.625,24,7,9,43,32.993999999999915,0.7209302325581395,31,9,3,46,75.21800000000007,0.7391304347826086,33,6,7,45,37.21799999999985,0.7333333333333333,31,8,6,50,34.603000000000065,0.74,37,12,1,35,42.0,0.7714285714285715,27,8,0,True,3
CORE A - Asia Compression Breakout,6.0,20.0,0.3,1440,220,-75.11100000000033,-0.34141363636363786,0.6272727272727273,0.9103554702605156,196.30600000000027,4,120,23,77,176,185.1450000000002,1.0519602272727284,0.7727272727272727,1.300878527272373,64.49800000000005,3,133,26,17,396,110.03399999999988,0.6919191919191919,1.0757171640435335,34,29.55899999999974,0.6176470588235294,14,0,20,58,-51.58899999999994,0.5344827586206896,24,4,30,45,-84.83599999999979,0.6222222222222222,26,8,11,40,-20.996000000000322,0.625,24,5,11,43,52.750999999999976,0.7674418604651163,32,6,5,46,81.3240000000003,0.7391304347826086,33,3,10,45,-2.782000000000153,0.7333333333333333,31,8,6,50,26.603000000000065,0.78,39,10,1,35,80.0,0.8571428571428571,30,5,0,False,2
CORE A - Asia Compression Breakout,6.0,25.0,0.24,1440,220,-87.46900000000028,-0.3975863636363649,0.6318181818181818,0.897133294288933,209.41100000000029,4,120,14,86,176,185.49000000000046,1.0539204545454572,0.7897727272727273,1.2930317865792116,72.15299999999979,3,136,21,19,396,98.02100000000019,0.702020202020202,1.0660823006815132,34,29.55899999999974,0.6176470588235294,14,0,20,58,-71.58899999999994,0.5344827586206896,24,4,30,45,-75.96699999999964,0.6444444444444445,26,5,14,40,-23.29700000000048,0.625,24,2,14,43,53.825000000000045,0.7674418604651163,32,3,8,46,66.3240000000003,0.7391304347826086,33,3,10,45,5.208000000000084,0.7555555555555555,32,6,7,50,58.958000000000084,0.82,41,7,2,35,55.0,0.8571428571428571,30,5,0,True,2
CORE A - Asia Compression Breakout,6.0,30.0,0.2,1440,220,-46.634000000000015,-0.21197272727272734,0.6363636363636364,0.942813978042353,163.4889999999998,4,121,6,93,176,234.5429999999999,1.3326306818181812,0.8068181818181818,1.3896386743084972,73.05000000000018,3,139,13,24,396,187.90899999999988,0.7121212121212122,1.1325703086362702,34,29.55899999999974,0.6176470588235294,14,0,20,58,-73.87999999999988,0.5344827586206896,24,2,32,45,-38.974999999999454,0.6666666666666666,27,1,17,40,-2.1630000000004657,0.625,24,0,16,43,38.825000000000045,0.7674418604651163,32,3,8,46,51.3240000000003,0.7391304347826086,33,3,10,45,4.871000000000095,0.7555555555555555,32,3,10,50,112.3479999999995,0.86,43,3,4,35,66.0,0.8857142857142857,31,4,0,True,2
CORE A - Asia Compression Breakout,6.0,35.0,0.17142857142857143,1440,220,-22.81100000000015,-0.10368636363636431,0.6409090909090909,0.9714024592054719,165.66599999999994,4,122,4,94,176,246.8230000000001,1.4024034090909097,0.8125,1.4143619789480755,74.64499999999998,3,140,10,26,396,224.01199999999994,0.7171717171717171,1.160775008863683,34,29.55899999999974,0.6176470588235294,14,0,20,58,-71.05700000000002,0.5344827586206896,24,1,33,45,-43.974999999999454,0.6666666666666666,27,1,17,40,-2.1630000000004657,0.625,24,0,16,43,64.82500000000005,0.7906976744186046,33,2,8,46,36.3240000000003,0.7391304347826086,33,3,10,45,26.151000000000295,0.7555555555555555,32,1,12,50,97.3479999999995,0.86,43,3,4,35,87.0,0.9142857142857143,32,3,0,True,2
CORE A - Asia Compression Breakout,7.5,8.0,0.9375,1440,220,-121.32099999999991,-0.5514590909090905,0.4818181818181818,0.8467795813878888,208.23600000000033,6,83,90,47,176,37.58200000000011,0.2135340909090915,0.5284090909090909,1.057486982751764,77.0,5,92,81,3,396,-83.7389999999998,0.5025252525252525,0.9420713843471886,34,24.29600000000005,0.5882352941176471,10,6,18,58,-137.38699999999994,0.3620689655172414,9,24,25,45,-19.0,0.4888888888888889,22,23,0,40,-15.628000000000156,0.475,19,19,2,43,26.39800000000014,0.5581395348837209,23,18,2,46,4.580000000000155,0.5217391304347826,23,21,2,45,46.50199999999995,0.5777777777777777,26,18,1,50,3.0,0.52,26,24,0,35,-16.5,0.4857142857142857,17,18,0,False,2
CORE A - Asia Compression Breakout,7.5,10.0,0.75,1440,220,-157.52099999999996,-0.7160045454545453,0.5136363636363637,0.8198654488526101,268.5580000000002,5,89,75,56,176,105.4659999999999,0.5992386363636357,0.5965909090909091,1.158210786703609,115.0,5,102,65,9,396,-52.055000000000064,0.5505050505050505,0.966221740597503,34,26.895999999999958,0.5882352941176471,10,2,22,58,-127.07399999999984,0.41379310344827586,12,20,26,45,-63.766999999999825,0.4888888888888889,22,22,1,40,-40.05600000000027,0.5,19,17,4,43,46.48000000000002,0.627906976744186,26,14,3,46,38.48400000000015,0.5869565217391305,25,15,6,45,59.48199999999974,0.6444444444444445,28,14,3,50,-10.0,0.56,28,22,0,35,17.5,0.6,21,14,0,False,2
CORE A - Asia Compression Breakout,7.5,12.0,0.625,1440,220,-123.29100000000062,-0.5604136363636392,0.5409090909090909,0.8597164540830833,239.50400000000081,4,93,57,70,176,197.1170000000002,1.1199829545454556,0.6647727272727273,1.3023865151233913,102.0,5,112,52,12,396,73.82599999999957,0.5959595959595959,1.0482289296491043,34,25.852999999999838,0.5882352941176471,10,1,23,58,-126.47499999999991,0.43103448275862066,13,16,29,45,-43.78699999999981,0.5555555555555556,23,16,6,40,-22.538000000000693,0.525,20,12,8,43,43.65599999999995,0.6511627906976745,27,12,4,46,34.38900000000035,0.6304347826086957,25,13,8,45,90.72799999999984,0.7111111111111111,31,10,4,50,4.5,0.62,31,19,0,35,67.5,0.7142857142857143,25,10,0,True,2
CORE A - Asia Compression Breakout,7.5,15.0,0.5,1440,220,-70.92699999999991,-0.3223954545454541,0.5681818181818182,0.9183096417818996,198.3820000000003,4,98,38,84,176,134.37300000000027,0.7634829545454561,0.6818181818181818,1.1836637621732449,119.89699999999993,5,114,44,18,396,63.44600000000037,0.6186868686868687,1.0396570464919899,34,22.852999999999838,0.5882352941176471,10,1,23,58,-109.94699999999966,0.4482758620689655,14,9,35,45,-44.13499999999976,0.5777777777777777,24,12,9,40,16.9879999999996,0.6,22,7,11,43,43.31400000000008,0.6744186046511628,28,9,6,46,35.55200000000036,0.6521739130434783,26,9,11,45,83.71799999999985,0.7333333333333333,31,8,6,50,-22.396999999999935,0.64,32,17,1,35,37.5,0.7142857142857143,25,10,0,False,3
CORE A - Asia Compression Breakout,7.5,20.0,0.375,1440,220,-113.91999999999985,-0.5178181818181811,0.5772727272727273,0.8760817825426732,252.75900000000001,4,99,24,97,176,167.26400000000035,0.9503636363636384,0.7215909090909091,1.2226523293674147,107.39699999999993,4,121,31,24,396,53.344000000000506,0.6414141414141414,1.0319319984436266,34,27.212999999999738,0.5882352941176471,10,0,24,58,-129.08299999999963,0.4482758620689655,14,5,39,45,-70.19699999999966,0.5777777777777777,24,8,13,40,-6.424000000000433,0.6,22,5,13,43,64.57100000000014,0.7209302325581395,29,6,8,46,50.94300000000044,0.6521739130434783,26,3,17,45,43.71799999999985,0.7333333333333333,31,8,6,50,-24.896999999999935,0.7,35,14,1,35,97.5,0.8285714285714286,29,6,0,False,2
CORE A - Asia Compression Breakout,7.5,25.0,0.3,1440,220,-131.2779999999998,-0.5967181818181809,0.5818181818181818,0.8598586181644275,270.86400000000003,4,99,15,106,176,160.32900000000086,0.9109602272727322,0.7386363636363636,1.2053738524265738,76.32199999999966,3,124,25,27,396,29.051000000001068,0.6515151515151515,1.0169154599653092,34,27.212999999999738,0.5882352941176471,10,0,24,58,-154.08299999999963,0.4482758620689655,14,5,39,45,-61.32799999999952,0.6,24,5,16,40,-8.725000000000591,0.6,22,2,16,43,65.64500000000021,0.7209302325581395,29,3,11,46,35.94300000000044,0.6521739130434783,26,3,17,45,53.208000000000084,0.7555555555555555,32,6,7,50,3.6780000000003383,0.74,37,10,3,35,67.5,0.8285714285714286,29,6,0,True,2
CORE A - Asia Compression Breakout,7.5,30.0,0.25,1440,220,-88.25499999999943,-0.4011590909090883,0.5863636363636363,0.9020728314938129,237.34899999999948,4,100,6,114,176,193.8820000000003,1.1016022727272743,0.7556818181818182,1.2519204382445275,74.89699999999993,3,127,17,32,396,105.62700000000086,0.6616161616161617,1.063217637521569,34,27.212999999999738,0.5882352941176471,10,0,24,58,-155.68599999999947,0.4482758620689655,14,2,42,45,-22.83599999999933,0.6222222222222222,25,1,19,40,12.408999999999423,0.6,22,0,18,43,50.64500000000021,0.7209302325581395,29,3,11,46,20.94300000000044,0.6521739130434783,26,3,17,45,52.871000000000095,0.7555555555555555,32,3,10,50,45.067999999999756,0.78,39,6,5,35,75.0,0.8571428571428571,30,5,0,True,3
CORE A - Asia Compression Breakout,7.5,35.0,0.21428571428571427,1440,220,-62.93199999999956,-0.28605454545454345,0.5909090909090909,0.9287622480212998,239.5259999999996,4,101,4,115,176,187.6620000000005,1.0662613636363665,0.7613636363636364,1.2395676950886982,93.82199999999966,3,128,14,34,396,124.73000000000093,0.6666666666666666,1.0748345276779163,34,27.212999999999738,0.5882352941176471,10,0,24,58,-152.8629999999996,0.4482758620689655,14,1,43,45,-27.83599999999933,0.6222222222222222,25,1,19,40,12.408999999999423,0.6,22,0,18,43,78.14500000000021,0.7441860465116279,30,2,11,46,5.943000000000438,0.6521739130434783,26,3,17,45,74.1510000000003,0.7555555555555555,32,1,12,50,15.067999999999756,0.78,39,6,5,35,92.5,0.8857142857142857,31,4,0,True,3
CORE A - Asia Compression Breakout,8.0,8.0,1.0,1440,220,-128.01200000000017,-0.5818727272727281,0.4681818181818182,0.8416809923692442,220.49900000000048,6,78,92,50,176,67.58200000000011,0.38398863636363695,0.5227272727272727,1.102126489237595,72.0,5,91,82,3,396,-60.430000000000064,0.49242424242424243,0.9589000474727235,34,13.10499999999979,0.5588235294117647,7,6,21,58,-148.88699999999994,0.3448275862068966,8,25,25,45,-24.0,0.4666666666666667,21,24,0,40,-6.128000000000156,0.475,19,19,2,43,37.89800000000014,0.5581395348837209,23,18,2,46,0.08000000000015461,0.5,22,22,2,45,59.50199999999995,0.5777777777777777,26,18,1,50,16.0,0.52,26,24,0,35,-8.0,0.4857142857142857,17,18,0,False,2
CORE A - Asia Compression Breakout,8.0,10.0,0.8,1440,220,-163.96200000000022,-0.7452818181818192,0.5,0.8165923917420599,276.07100000000037,5,84,76,60,176,138.4659999999999,0.7867386363636357,0.5909090909090909,1.204644577360604,110.0,5,101,66,9,396,-25.496000000000322,0.5404040404040404,0.9837666410075683,34,15.7049999999997,0.5588235294117647,7,2,25,58,-137.82399999999984,0.39655172413793105,11,20,27,45,-70.76699999999983,0.4666666666666667,21,23,1,40,-30.556000000000267,0.5,19,17,4,43,59.48000000000002,0.627906976744186,26,14,3,46,32.98400000000015,0.5652173913043478,24,16,6,45,73.48199999999974,0.6444444444444445,28,14,3,50,4.0,0.56,28,22,0,35,28.0,0.6,21,14,0,True,2
CORE A - Asia Compression Breakout,8.0,12.0,0.6666666666666666,1440,220,-109.73200000000088,-0.49878181818182216,0.5318181818181819,0.8764812023642946,227.51700000000096,4,89,57,74,176,233.1170000000002,1.3245284090909102,0.6590909090909091,1.3511480393028166,96.0,5,111,53,12,396,123.38499999999931,0.5883838383838383,1.0794876353998761,34,14.66199999999958,0.5588235294117647,7,1,26,58,-136.7249999999999,0.41379310344827586,12,16,30,45,-32.28699999999981,0.5555555555555556,23,16,6,40,-12.538000000000693,0.525,20,12,8,43,57.15599999999995,0.6511627906976745,27,12,4,46,26.88900000000035,0.6086956521739131,24,14,8,45,106.22799999999984,0.7111111111111111,31,10,4,50,20.0,0.62,31,19,0,35,80.0,0.7142857142857143,25,10,0,True,2
CORE A - Asia Compression Breakout,8.0,15.0,0.5333333333333333,1440,220,-54.868000000000166,-0.24940000000000076,0.5590909090909091,0.9374905298175457,187.64099999999985,4,94,38,88,176,167.69600000000014,0.9528181818181826,0.6761363636363636,1.2260413381103734,117.39699999999993,5,112,44,20,396,112.82799999999997,0.6111111111111112,1.0696625231456185,34,11.66199999999958,0.5588235294117647,7,1,26,58,-119.69699999999966,0.43103448275862066,13,9,36,45,-32.13499999999976,0.5777777777777777,24,12,9,40,27.9879999999996,0.6,22,7,11,43,57.31400000000008,0.6744186046511628,28,9,6,46,24.875000000000227,0.6304347826086957,24,9,13,45,99.21799999999985,0.7333333333333333,31,8,6,50,-6.3969999999999345,0.64,32,17,1,35,50.0,0.7142857142857143,25,10,0,False,3
CORE A - Asia Compression Breakout,8.0,20.0,0.4,1440,220,-97.3610000000001,-0.4425500000000005,0.5681818181818182,0.8951787681047856,245.27200000000016,4,95,24,101,176,204.08700000000022,1.1595852272727285,0.7159090909090909,1.2680097335359186,99.39699999999993,4,119,31,26,396,106.72600000000011,0.6338383838383839,1.0631395238771357,34,16.02199999999948,0.5588235294117647,7,0,27,58,-138.83299999999963,0.43103448275862066,13,5,40,45,-58.19699999999966,0.5777777777777777,24,8,13,40,4.575999999999567,0.6,22,5,13,43,79.07100000000014,0.7209302325581395,29,6,8,46,40.266000000000304,0.6304347826086957,24,3,19,45,59.21799999999985,0.7333333333333333,31,8,6,50,-7.3969999999999345,0.7,35,14,1,35,112.0,0.8285714285714286,29,6,0,False,3
CORE A - Asia Compression Breakout,8.0,25.0,0.32,1440,220,-114.71900000000005,-0.5214500000000002,0.5727272727272728,0.8787667751279501,263.3770000000002,4,95,15,110,176,198.65200000000073,1.1287045454545497,0.7329545454545454,1.251163825692923,69.82199999999966,3,122,25,29,396,83.93300000000067,0.6439393939393939,1.0483152994514717,34,16.02199999999948,0.5588235294117647,7,0,27,58,-163.83299999999963,0.43103448275862066,13,5,40,45,-49.32799999999952,0.6,24,5,16,40,2.274999999999409,0.6,22,2,16,43,80.14500000000021,0.7209302325581395,29,3,11,46,25.266000000000304,0.6304347826086957,24,3,19,45,69.20800000000008,0.7555555555555555,32,6,7,50,22.17800000000034,0.74,37,10,3,35,82.0,0.8285714285714286,29,6,0,True,3
CORE A - Asia Compression Breakout,8.0,30.0,0.26666666666666666,1440,220,-71.19599999999969,-0.32361818181818036,0.5772727272727273,0.9218265506003885,242.86199999999963,4,96,6,118,176,233.70500000000015,1.327869318181819,0.75,1.2996705873905112,73.39699999999993,3,125,17,34,396,162.50900000000047,0.6540404040404041,1.0961240777775219,34,16.02199999999948,0.5588235294117647,7,0,27,58,-165.43599999999947,0.43103448275862066,13,2,43,45,-10.33599999999933,0.6222222222222222,25,1,19,40,23.408999999999423,0.6,22,0,18,43,65.14500000000021,0.7209302325581395,29,3,11,46,10.266000000000304,0.6304347826086957,24,3,19,45,68.8710000000001,0.7555555555555555,32,3,10,50,64.56799999999976,0.78,39,6,5,35,90.0,0.8571428571428571,30,5,0,True,3
CORE A - Asia Compression Breakout,8.0,35.0,0.22857142857142856,1440,220,-45.37299999999982,-0.20624090909090828,0.5818181818181818,0.9491858742262755,245.03899999999976,4,97,4,119,176,227.98500000000035,1.2953693181818202,0.7556818181818182,1.2872820198766879,88.39699999999993,3,126,14,36,396,182.61200000000053,0.6590909090909091,1.1082777848271645,34,16.02199999999948,0.5588235294117647,7,0,27,58,-162.6129999999996,0.43103448275862066,13,1,44,45,-15.33599999999933,0.6222222222222222,25,1,19,40,23.408999999999423,0.6,22,0,18,43,93.14500000000021,0.7441860465116279,30,2,11,46,-4.733999999999696,0.6304347826086957,24,3,19,45,90.1510000000003,0.7555555555555555,32,1,12,50,34.567999999999756,0.78,39,6,5,35,108.0,0.8857142857142857,31,4,0,False,3
CORE A - Asia Compression Breakout,10.0,8.0,1.25,1440,220,-109.86799999999994,-0.49939999999999973,0.44545454545454544,0.8693478571088809,233.92900000000031,10,61,96,63,176,65.51700000000005,0.37225568181818214,0.4715909090909091,1.0897020064760368,78.07100000000014,5,78,90,8,396,-44.350999999999885,0.45707070707070707,0.9717744168064126,34,12.748999999999796,0.5588235294117647,4,6,24,58,-144.99700000000007,0.3275862068965517,6,25,27,45,-43.48400000000015,0.4,17,27,1,40,12.66000000000031,0.475,14,19,7,43,53.20400000000018,0.5348837209302325,20,19,4,46,-17.347999999999956,0.45652173913043476,16,24,6,45,42.86500000000001,0.4888888888888889,22,21,2,50,14.0,0.46,23,27,0,35,26.0,0.4857142857142857,17,18,0,False,3
CORE A - Asia Compression Breakout,10.0,10.0,1.0,1440,220,-114.8739999999998,-0.5221545454545445,0.4818181818181818,0.8745536309054497,261.0620000000001,6,67,77,76,176,165.00899999999956,0.9375511363636339,0.5454545454545454,1.2222720623297683,90.0,5,88,72,16,396,50.13499999999976,0.51010101010101,1.03023648811649,34,15.348999999999705,0.5588235294117647,4,2,28,58,-129.59399999999982,0.3793103448275862,8,20,30,45,-71.60099999999989,0.4222222222222222,18,24,3,40,-11.767999999999802,0.5,14,17,9,43,82.74000000000001,0.6046511627906976,23,14,6,46,15.55600000000004,0.5217391304347826,18,18,10,45,63.724999999999454,0.5555555555555556,24,16,5,50,15.728000000000065,0.52,25,24,1,35,70.0,0.6,21,14,0,True,2
CORE A - Asia Compression Breakout,10.0,12.0,0.8333333333333334,1440,220,-69.29800000000046,-0.31499090909091115,0.509090909090909,0.9245763145378175,207.2670000000005,5,71,58,91,176,275.46299999999997,1.5651306818181816,0.6136363636363636,1.3772287559501961,82.0,5,97,58,21,396,206.1649999999995,0.5555555555555556,1.1250234231305913,34,14.305999999999585,0.5588235294117647,4,1,29,58,-126.49499999999989,0.39655172413793105,9,16,33,45,-31.120999999999867,0.5111111111111111,20,17,8,40,8.249999999999773,0.525,15,12,13,43,65.76199999999994,0.6046511627906976,23,12,8,46,16.86100000000033,0.5652173913043478,18,15,13,45,94.87399999999957,0.6222222222222222,26,12,7,50,33.728000000000065,0.58,28,21,1,35,130.0,0.7142857142857143,25,10,0,True,3
CORE A - Asia Compression Breakout,10.0,15.0,0.6666666666666666,1440,220,-13.780999999999722,-0.06264090909090783,0.5363636363636364,0.9848752407658414,185.2449999999999,5,75,39,106,176,183.8510000000001,1.0446079545454552,0.625,1.2224640925426231,117.39699999999993,5,97,49,30,396,170.0700000000004,0.5757575757575758,1.0978772261500878,34,11.305999999999585,0.5588235294117647,4,1,29,58,-107.46699999999964,0.41379310344827586,10,9,39,45,-31.968999999999824,0.5333333333333333,21,13,11,40,46.42900000000009,0.6,16,7,17,43,67.92000000000007,0.627906976744186,24,9,10,46,11.847000000000207,0.5869565217391305,18,10,18,45,93.67299999999977,0.6444444444444445,26,9,10,50,-21.66899999999987,0.58,28,20,2,35,100.0,0.7142857142857143,25,10,0,False,3
CORE A - Asia Compression Breakout,10.0,20.0,0.5,1440,220,-50.167999999999665,-0.22803636363636212,0.5454545454545454,0.9476392905712527,225.38799999999992,5,76,24,120,176,252.125,1.4325284090909092,0.6704545454545454,1.3008091572451905,107.39699999999993,4,105,34,37,396,201.95700000000033,0.601010101010101,1.1124307526837425,34,15.665999999999485,0.5588235294117647,4,0,30,58,-126.60299999999961,0.41379310344827586,10,5,43,45,-53.92499999999973,0.5333333333333333,21,8,16,40,23.017000000000053,0.6,16,5,19,43,91.67700000000013,0.6744186046511628,25,6,12,46,22.238000000000284,0.5869565217391305,18,4,24,45,61.555999999999585,0.6444444444444445,26,8,11,50,-1.668999999999869,0.66,32,16,2,35,170.0,0.8285714285714286,29,6,0,False,3
CORE A - Asia Compression Breakout,10.0,25.0,0.4,1440,220,-67.52599999999961,-0.3069363636363619,0.55,0.9307823908499832,243.49299999999994,5,76,15,129,176,245.18000000000052,1.3930681818181847,0.6875,1.2801733742733703,78.82199999999966,3,108,27,41,396,177.6540000000009,0.6111111111111112,1.0959948386037002,34,15.665999999999485,0.5588235294117647,4,0,30,58,-151.6029999999996,0.41379310344827586,10,5,43,45,-45.055999999999585,0.5555555555555556,21,5,19,40,20.715999999999894,0.6,16,2,22,43,92.7510000000002,0.6744186046511628,25,3,15,46,9.728000000000293,0.5869565217391305,18,3,25,45,73.54599999999982,0.6666666666666666,27,6,12,50,21.906000000000404,0.7,34,12,4,35,140.0,0.8285714285714286,29,6,0,True,3
CORE A - Asia Compression Breakout,10.0,30.0,0.3333333333333333,1440,220,-37.14999999999918,-0.16886363636363264,0.55,0.9606955252146414,233.0749999999996,5,76,6,138,176,276.23299999999995,1.5695056818181816,0.7045454545454546,1.316038707256352,76.42499999999973,3,111,19,46,396,239.08300000000077,0.6186868686868687,1.131419669717953,34,15.665999999999485,0.5588235294117647,4,0,30,58,-153.20599999999945,0.41379310344827586,10,2,46,45,-19.21099999999933,0.5555555555555556,21,1,23,40,41.84999999999991,0.6,16,0,24,43,77.7510000000002,0.6744186046511628,25,3,15,46,-5.271999999999707,0.5869565217391305,18,3,25,45,73.20899999999983,0.6666666666666666,27,3,15,50,58.29599999999982,0.74,36,8,6,35,150.0,0.8571428571428571,30,5,0,False,3
CORE A - Asia Compression Breakout,10.0,35.0,0.2857142857142857,1440,220,-9.326999999999316,-0.04239545454545144,0.5545454545454546,0.9899424388750032,235.25199999999973,5,77,4,139,176,262.51300000000015,1.4915511363636371,0.7102272727272727,1.2924062786822432,103.82199999999966,3,112,16,48,396,253.18600000000083,0.6237373737373737,1.1387221732150592,34,15.665999999999485,0.5588235294117647,4,0,30,58,-150.38299999999958,0.41379310344827586,10,1,47,45,-24.21099999999933,0.5555555555555556,21,1,23,40,41.84999999999991,0.6,16,0,24,43,107.7510000000002,0.6976744186046512,26,2,15,46,-20.271999999999707,0.5869565217391305,18,3,25,45,94.48900000000003,0.6666666666666666,27,1,17,50,18.29599999999982,0.74,36,8,6,35,170.0,0.8857142857142857,31,4,0,False,3
CORE A - Asia Compression Breakout,12.0,8.0,1.5,1440,220,-87.5839999999996,-0.39810909090908914,0.42727272727272725,0.8982559794244377,221.79500000000007,11,51,98,71,176,135.336,0.7689545454545456,0.44886363636363635,1.1775166090623503,96.07100000000014,11,73,94,9,396,47.75200000000041,0.43686868686868685,1.0294182152423716,34,15.698999999999842,0.5588235294117647,3,6,25,58,-138.38400000000001,0.3275862068965517,5,25,28,45,-47.749000000000024,0.35555555555555557,13,28,4,40,36.44600000000037,0.475,13,19,8,43,46.404000000000224,0.4883720930232558,17,20,6,46,-5.347999999999956,0.43478260869565216,15,25,6,45,60.68399999999997,0.4666666666666667,20,22,3,50,60.0,0.46,23,27,0,35,20.0,0.42857142857142855,15,20,0,False,3
CORE A - Asia Compression Breakout,12.0,10.0,1.2,1440,220,-88.69699999999943,-0.40316818181817926,0.4636363636363636,0.9056042331601095,249.03499999999985,6,56,79,85,176,253.53799999999956,1.4405568181818156,0.5227272727272727,1.3268657563068538,84.0,7,83,75,18,396,164.84100000000012,0.4898989898989899,1.0961007827817173,34,18.29899999999975,0.5588235294117647,3,2,29,58,-123.08799999999974,0.3793103448275862,6,20,32,45,-75.86599999999976,0.37777777777777777,14,25,6,40,12.018000000000256,0.5,13,17,10,43,79.94000000000005,0.5581395348837209,20,15,8,46,36.266000000000076,0.5,17,18,11,45,83.54399999999941,0.5333333333333333,22,17,6,50,65.72800000000007,0.52,25,24,1,35,68.0,0.5428571428571428,19,16,0,True,3
CORE A - Asia Compression Breakout,12.0,12.0,1.0,1440,220,-34.4050000000002,-0.15638636363636454,0.4909090909090909,0.9634756373318157,189.24000000000024,5,60,59,101,176,375.99199999999996,2.1363181818181816,0.5909090909090909,1.4886071540886632,75.08899999999994,7,92,61,23,396,341.58699999999976,0.5353535353535354,1.1995843392782435,34,17.25599999999963,0.5588235294117647,3,1,30,58,-117.9889999999998,0.39655172413793105,7,16,35,45,-33.38599999999974,0.4666666666666667,16,18,11,40,34.03599999999983,0.525,14,12,14,43,65.67799999999988,0.5581395348837209,20,12,11,46,37.57100000000037,0.5434782608695652,17,15,14,45,116.69299999999953,0.6,24,13,8,50,89.72800000000007,0.58,28,21,1,35,132.0,0.6571428571428571,23,12,0,True,3
CORE A - Asia Compression Breakout,12.0,15.0,0.8,1440,220,20.405000000000427,0.09275000000000194,0.5181818181818182,1.0217689092394915,168.99299999999994,5,63,40,117,176,304.3499999999999,1.7292613636363632,0.6079545454545454,1.354823666569513,97.39699999999993,5,93,50,33,396,324.75500000000034,0.5580808080808081,1.180912330036945,34,14.25599999999963,0.5588235294117647,3,1,30,58,-102.66799999999967,0.41379310344827586,7,9,42,45,-35.233999999999696,0.4888888888888889,17,14,14,40,74.21500000000015,0.6,15,7,18,43,69.83600000000001,0.5813953488372093,21,9,13,46,32.557000000000244,0.5652173913043478,17,10,19,45,114.46199999999953,0.6222222222222222,24,9,12,50,34.33100000000013,0.58,28,20,2,35,123.0,0.6857142857142857,24,11,0,True,3
CORE A - Asia Compression Breakout,12.0,20.0,0.6,1440,220,-28.23599999999942,-0.1283454545454519,0.5272727272727272,0.9714590109914553,217.93399999999974,5,63,25,132,176,383.6239999999998,2.179681818181817,0.6534090909090909,1.4386901412960442,75.39699999999993,4,101,35,40,396,355.3880000000004,0.5833333333333334,1.190680280503705,34,18.61599999999953,0.5588235294117647,3,0,31,58,-121.80399999999963,0.41379310344827586,7,5,46,45,-62.1899999999996,0.4888888888888889,17,9,19,40,50.80300000000011,0.6,15,5,20,43,86.33900000000017,0.627906976744186,21,6,16,46,42.94800000000032,0.5652173913043478,17,4,25,45,82.34499999999935,0.6222222222222222,24,8,13,50,62.33100000000013,0.66,32,16,2,35,196.0,0.8,28,7,0,True,3
CORE A - Asia Compression Breakout,12.0,25.0,0.48,1440,220,-50.59399999999937,-0.22997272727272441,0.5318181818181819,0.9499936743391668,242.7049999999997,5,63,16,141,176,412.68900000000053,2.3448238636363667,0.6761363636363636,1.4629563360073419,75.0,4,104,27,45,396,362.09500000000116,0.5959595959595959,1.1902585839542705,34,18.61599999999953,0.5588235294117647,3,0,31,58,-146.80399999999963,0.41379310344827586,7,5,46,45,-58.32099999999946,0.5111111111111111,17,6,22,40,48.50199999999995,0.6,15,2,23,43,87.41300000000024,0.627906976744186,21,3,19,46,30.43800000000033,0.5652173913043478,17,3,26,45,96.33499999999958,0.6444444444444445,25,6,14,50,87.91600000000062,0.7,33,12,5,35,198.0,0.8285714285714286,29,6,0,True,3
CORE A - Asia Compression Breakout,12.0,30.0,0.4,1440,220,-16.894999999999072,-0.07679545454545032,0.5318181818181819,0.9827258849980532,216.82299999999964,5,63,6,151,176,449.74199999999996,2.5553522727272724,0.6931818181818182,1.5051192315986197,70.42499999999973,4,107,19,50,396,432.8470000000009,0.6035353535353535,1.2316645980750596,34,18.61599999999953,0.5588235294117647,3,0,31,58,-148.40699999999947,0.41379310344827586,7,2,49,45,-29.152999999999338,0.5111111111111111,17,1,27,40,69.63599999999997,0.6,15,0,25,43,72.41300000000024,0.627906976744186,21,3,19,46,15.43800000000033,0.5652173913043478,17,3,26,45,95.99799999999959,0.6444444444444445,25,3,17,50,128.30600000000004,0.74,35,8,7,35,210.0,0.8571428571428571,30,5,0,True,3
CORE A - Asia Compression Breakout,12.0,35.0,0.34285714285714286,1440,220,12.928000000000793,0.058763636363639966,0.5363636363636364,1.0134634410505825,218.99999999999977,5,64,4,152,176,438.02200000000016,2.4887613636363644,0.6988636363636364,1.4791901873780207,85.42499999999973,4,108,16,52,396,450.95000000000095,0.6085858585858586,1.2405941787892987,34,18.61599999999953,0.5588235294117647,3,0,31,58,-145.5839999999996,0.41379310344827586,7,1,50,45,-34.15299999999934,0.5111111111111111,17,1,27,40,69.63599999999997,0.6,15,0,25,43,104.41300000000024,0.6511627906976745,22,2,19,46,0.43800000000032924,0.5652173913043478,17,3,26,45,117.27799999999979,0.6444444444444445,25,1,19,50,88.30600000000004,0.74,35,8,7,35,232.0,0.8857142857142857,31,4,0,True,3
CORE A - Asia Compression Breakout,15.0,8.0,1.875,1440,220,-11.276999999999816,-0.051259090909090074,0.42727272727272725,0.9868998068136805,189.88000000000034,11,40,98,82,176,159.34100000000035,0.9053465909090929,0.4090909090909091,1.1962298586720397,96.07100000000014,11,61,100,15,396,148.06400000000053,0.41919191919191917,1.0885106098076387,34,24.69899999999984,0.5588235294117647,3,6,25,58,-137.44100000000026,0.3275862068965517,3,25,30,45,-23.389999999999873,0.35555555555555557,10,28,7,40,59.68700000000035,0.475,11,19,10,43,65.16800000000012,0.4883720930232558,13,20,10,46,28.86400000000026,0.43478260869565216,13,25,8,45,51.47700000000009,0.4222222222222222,15,23,7,50,60.0,0.4,20,30,0,35,19.0,0.37142857142857144,13,22,0,True,3
CORE A - Asia Compression Breakout,15.0,10.0,1.5,1440,220,-16.70299999999952,-0.07592272727272509,0.4590909090909091,0.982225897005336,207.40999999999985,6,43,79,98,176,288.90599999999995,1.6415113636363634,0.48295454545454547,1.3459782214286482,75.0,7,69,80,27,396,272.20300000000043,0.4696969696969697,1.153372898822896,34,27.29899999999975,0.5588235294117647,3,2,29,58,-123.34899999999993,0.3793103448275862,3,20,35,45,-48.50699999999961,0.37777777777777777,11,25,9,40,35.25900000000024,0.5,11,17,12,43,92.59500000000003,0.5348837209302325,15,15,13,46,76.47800000000029,0.5,15,18,13,45,69.44999999999959,0.4888888888888889,15,18,12,50,67.97800000000007,0.46,22,26,2,35,75.0,0.4857142857142857,17,18,0,True,3
CORE A - Asia Compression Breakout,15.0,12.0,1.25,1440,220,44.27299999999968,0.20124090909090767,0.4863636363636364,1.0469947976982916,153.76800000000026,5,46,59,115,176,442.00299999999993,2.5113806818181814,0.5568181818181818,1.5345334050877073,75.08899999999994,7,78,65,33,396,486.2759999999996,0.5176767676767676,1.2748909257209529,34,26.25599999999963,0.5588235294117647,3,1,30,58,-115.25,0.39655172413793105,4,16,38,45,-0.02699999999958891,0.4666666666666667,13,18,14,40,54.960999999999785,0.525,11,12,17,43,78.33299999999986,0.5348837209302325,15,12,16,46,77.78300000000058,0.5434782608695652,15,15,16,45,106.5989999999997,0.5555555555555556,17,14,14,50,83.62099999999964,0.52,24,23,3,35,174.0,0.6285714285714286,22,13,0,True,3
CORE A - Asia Compression Breakout,15.0,15.0,1.0,1440,220,99.92600000000039,0.45420909090909267,0.5136363636363637,1.1065928497901236,147.32200000000057,5,48,40,132,176,361.3609999999999,2.0531874999999995,0.5738636363636364,1.389764293349239,95.75400000000036,5,79,54,43,396,461.28700000000026,0.5404040404040404,1.2473943221590684,34,23.25599999999963,0.5588235294117647,3,1,30,58,-99.92899999999986,0.41379310344827586,4,9,45,45,1.1250000000004547,0.4888888888888889,14,14,17,40,89.98300000000017,0.6,11,7,22,43,85.49099999999999,0.5581395348837209,16,9,18,46,72.76900000000046,0.5652173913043478,15,10,21,45,101.36799999999971,0.5777777777777777,17,10,18,50,22.223999999999705,0.52,24,22,4,35,165.0,0.6571428571428571,23,12,0,True,4
CORE A - Asia Compression Breakout,15.0,20.0,0.75,1440,220,51.28500000000054,0.2331136363636388,0.5227272727272727,1.0518332401813992,178.5079999999998,5,48,25,147,176,444.63499999999976,2.526335227272726,0.6193181818181818,1.4613099715413032,67.39699999999993,4,87,39,50,396,495.9200000000003,0.5656565656565656,1.2538914111472215,34,27.61599999999953,0.5588235294117647,3,0,31,58,-119.06499999999983,0.41379310344827586,4,5,49,45,-25.83099999999945,0.4888888888888889,14,9,22,40,66.57100000000014,0.6,11,5,24,43,101.99400000000014,0.6046511627906976,16,6,21,46,83.16000000000054,0.5652173913043478,15,4,27,45,64.25099999999952,0.5777777777777777,17,9,19,50,52.223999999999705,0.6,28,18,4,35,245.0,0.7714285714285715,27,8,0,True,3
CORE A - Asia Compression Breakout,15.0,25.0,0.6,1440,220,28.92700000000059,0.13148636363636632,0.5272727272727272,1.0285879186963434,202.92299999999977,5,48,16,156,176,486.7830000000006,2.765812500000003,0.6420454545454546,1.498387963735584,75.0,4,90,30,56,396,515.7100000000012,0.5782828282828283,1.2593363291118875,34,27.61599999999953,0.5588235294117647,3,0,31,58,-144.06499999999983,0.41379310344827586,4,5,49,45,-21.961999999999307,0.5111111111111111,14,6,25,40,64.26999999999998,0.6,11,2,27,43,103.06800000000021,0.6046511627906976,16,3,24,46,70.65000000000055,0.5652173913043478,15,3,28,45,100.32399999999984,0.6,18,6,21,50,70.8090000000002,0.64,29,14,7,35,245.0,0.8,28,7,0,True,3
CORE A - Asia Compression Breakout,15.0,30.0,0.5,1440,220,62.626000000000886,0.2846636363636404,0.5272727272727272,1.0640241595972864,188.7779999999998,5,48,6,166,176,519.7559999999996,2.953159090909089,0.6590909090909091,1.5256740383234446,67.39699999999993,4,93,21,62,396,582.3820000000005,0.5858585858585859,1.296090709053416,34,27.61599999999953,0.5588235294117647,3,0,31,58,-145.66799999999967,0.41379310344827586,4,2,52,45,7.206000000000813,0.5111111111111111,14,1,30,40,85.404,0.6,11,0,29,43,88.06800000000021,0.6046511627906976,16,3,24,46,55.650000000000546,0.5652173913043478,15,3,28,45,99.98699999999985,0.6,18,3,24,50,109.11899999999923,0.68,31,9,10,35,255.0,0.8285714285714286,29,6,0,True,4
CORE A - Asia Compression Breakout,15.0,35.0,0.42857142857142855,1440,220,95.44900000000075,0.4338590909090943,0.5318181818181819,1.099390944239483,190.95499999999993,5,49,4,167,176,501.03599999999983,2.8467954545454535,0.6647727272727273,1.4900289692917679,77.39699999999993,4,94,18,64,396,596.4850000000006,0.5909090909090909,1.3008294831402647,34,27.61599999999953,0.5588235294117647,3,0,31,58,-142.8449999999998,0.41379310344827586,4,1,53,45,2.206000000000813,0.5111111111111111,14,1,30,40,85.404,0.6,11,0,29,43,123.06800000000021,0.627906976744186,17,2,24,46,40.650000000000546,0.5652173913043478,15,3,28,45,121.26700000000005,0.6,18,1,26,50,64.11899999999923,0.68,31,9,10,35,275.0,0.8571428571428571,30,5,0,True,4
CORE A - Asia Compression Breakout,20.0,8.0,2.5,1440,220,-43.97399999999948,-0.1998818181818158,0.4090909090909091,0.950476439312973,230.962,11,21,101,98,176,133.77100000000087,0.760062500000005,0.35795454545454547,1.151322606480456,96.09799999999973,11,42,109,25,396,89.79700000000139,0.38636363636363635,1.0506768520384013,34,21.294999999999845,0.5588235294117647,1,6,27,58,-158.45899999999983,0.3275862068965517,0,25,33,45,-43.45399999999995,0.3111111111111111,7,30,8,40,87.24000000000046,0.475,6,19,15,43,49.403999999999996,0.4418604651162791,7,21,15,46,52.23500000000058,0.43478260869565216,7,25,14,45,-21.322999999999638,0.3111111111111111,9,28,8,50,102.85899999999992,0.38,16,31,3,35,0.0,0.2857142857142857,10,25,0,False,3
CORE A - Asia Compression Breakout,20.0,10.0,2.0,1440,220,-100.39999999999918,-0.45636363636363264,0.4318181818181818,0.898877174040039,247.8389999999995,6,22,84,114,176,316.22600000000057,1.7967386363636395,0.4431818181818182,1.3523915972323604,90.0,8,50,86,40,396,215.8260000000014,0.43686868686868685,1.1141801787408159,34,23.894999999999754,0.5588235294117647,1,2,31,58,-144.3669999999995,0.3793103448275862,0,20,38,45,-67.57099999999969,0.3333333333333333,8,27,10,40,62.81200000000035,0.5,6,17,17,43,24.830999999999904,0.4418604651162791,7,18,18,46,109.84900000000061,0.5,9,18,19,45,39.86999999999989,0.4444444444444444,10,20,15,50,96.50700000000006,0.42,17,27,6,35,70.0,0.4,14,21,0,True,3
CORE A - Asia Compression Breakout,20.0,12.0,1.6666666666666667,1440,220,-52.048,-0.2365818181818182,0.4590909090909091,0.9482210949694438,187.40999999999985,6,24,64,132,176,534.3230000000005,3.0359261363636394,0.5227272727272727,1.6008861649188906,96.0,8,60,70,46,396,482.27500000000055,0.48737373737373735,1.254576329877926,34,22.851999999999634,0.5588235294117647,1,1,32,58,-148.8919999999996,0.39655172413793105,0,16,42,45,-13.090999999999667,0.4222222222222222,10,20,15,40,82.5139999999999,0.525,6,12,22,43,4.568999999999733,0.4418604651162791,7,15,21,46,111.1540000000009,0.5434782608695652,9,15,22,45,83.019,0.5111111111111111,12,16,17,50,120.14999999999964,0.48,19,24,7,35,220.0,0.5714285714285714,20,15,0,True,3
CORE A - Asia Compression Breakout,20.0,15.0,1.3333333333333333,1440,220,-1.3949999999992997,-0.006340909090905907,0.4863636363636364,0.9986263857994885,187.3189999999995,6,26,45,149,176,443.6810000000005,2.5209147727272754,0.5397727272727273,1.4417122883309095,112.39699999999993,8,61,59,56,396,442.2860000000012,0.51010101010101,1.2189506471698885,34,19.851999999999634,0.5588235294117647,1,1,32,58,-133.57099999999946,0.41379310344827586,0,9,49,45,-12.938999999999623,0.4444444444444444,11,16,18,40,117.53600000000029,0.6,6,7,27,43,7.726999999999862,0.46511627906976744,8,12,23,46,106.14000000000078,0.5652173913043478,9,10,27,45,71.78800000000001,0.5333333333333333,12,12,21,50,55.7529999999997,0.48,19,23,8,35,210.0,0.6,21,14,0,True,3
CORE A - Asia Compression Breakout,20.0,20.0,1.0,1440,220,-63.03299999999922,-0.2865136363636328,0.4954545454545455,0.9416649545502509,234.21099999999956,6,26,29,165,176,514.7950000000005,2.924971590909094,0.5795454545454546,1.4820299764132618,95.95100000000002,5,67,43,66,396,451.7620000000013,0.5328282828282829,1.2102678743890531,34,24.211999999999534,0.5588235294117647,1,0,33,58,-152.70699999999943,0.41379310344827586,0,5,53,45,-37.8919999999996,0.4444444444444444,11,10,24,40,94.12400000000025,0.6,6,5,29,43,9.230000000000018,0.5116279069767442,8,9,26,46,116.53100000000086,0.5652173913043478,9,4,33,45,42.88099999999986,0.5333333333333333,12,9,24,50,55.38299999999981,0.54,21,20,9,35,300.0,0.7142857142857143,25,10,0,True,3
CORE A - Asia Compression Breakout,20.0,25.0,0.8,1440,220,-81.80499999999938,-0.3718409090909063,0.5,0.925590284031269,260.42199999999957,6,26,19,175,176,551.9430000000013,3.13603977272728,0.6022727272727273,1.50138576625925,105.0,5,70,34,72,396,470.13800000000197,0.5454545454545454,1.213677626020296,34,24.211999999999534,0.5588235294117647,1,0,33,58,-177.70699999999943,0.41379310344827586,0,5,53,45,-39.022999999999456,0.4666666666666667,11,7,27,40,91.82300000000009,0.6,6,2,32,43,18.889999999999873,0.5116279069767442,8,5,30,46,104.02100000000087,0.5652173913043478,9,3,34,45,83.95400000000018,0.5555555555555556,13,6,26,50,68.9680000000003,0.58,22,16,12,35,295.0,0.7428571428571429,26,9,0,True,3
CORE A - Asia Compression Breakout,20.0,30.0,0.6666666666666666,1440,220,-58.789999999999054,-0.26722727272726843,0.5,0.9453812858205962,241.48399999999947,6,26,8,186,176,600.3600000000008,3.411136363636368,0.6193181818181818,1.5396892175423273,109.55599999999959,5,73,24,79,396,541.5700000000018,0.553030303030303,1.2474290578031968,34,24.211999999999534,0.5588235294117647,1,0,33,58,-179.30999999999926,0.41379310344827586,0,2,56,45,-14.854999999999336,0.4666666666666667,11,2,32,40,112.95700000000011,0.6,6,0,34,43,-1.7940000000000964,0.5116279069767442,8,4,31,46,89.02100000000087,0.5652173913043478,9,3,34,45,83.61700000000019,0.5555555555555556,13,3,29,50,77.72199999999975,0.6,23,11,16,35,350.0,0.8,28,7,0,True,2
CORE A - Asia Compression Breakout,20.0,35.0,0.5714285714285714,1440,220,-25.380999999999176,-0.11536818181817807,0.5045454545454545,0.9761223825498944,248.6609999999996,6,27,5,188,176,571.640000000001,3.2479545454545513,0.625,1.4923101302343056,129.55599999999959,5,74,21,81,396,546.2590000000018,0.5580808080808081,1.2456090103862245,34,24.211999999999534,0.5588235294117647,1,0,33,58,-176.4869999999994,0.41379310344827586,0,1,57,45,-24.854999999999336,0.4666666666666667,11,2,32,40,112.95700000000011,0.6,6,0,34,43,38.791999999999916,0.5348837209302325,9,2,32,46,74.02100000000087,0.5652173913043478,9,3,34,45,104.89700000000039,0.5555555555555556,13,1,31,50,22.721999999999753,0.6,23,11,16,35,370.0,0.8285714285714286,29,6,0,True,3
CORE A - Asia Compression Breakout,25.0,8.0,3.125,1440,220,2.4420000000006894,0.011100000000003133,0.4090909090909091,1.0027501827261054,205.70900000000006,11,15,101,104,176,155.0490000000009,0.8809602272727323,0.3352272727272727,1.1692652498002218,99.47499999999968,11,32,113,31,396,157.49100000000158,0.37626262626262624,1.0873032723136364,34,8.83199999999988,0.5588235294117647,0,6,28,58,-158.45899999999983,0.3275862068965517,0,25,33,45,-18.201000000000022,0.3111111111111111,6,30,9,40,101.01900000000069,0.475,4,19,17,43,69.25099999999998,0.4418604651162791,5,21,17,46,63.05100000000061,0.43478260869565216,4,25,17,45,2.4590000000005148,0.3111111111111111,7,28,10,50,105.53899999999976,0.34,13,33,4,35,-16.0,0.22857142857142856,8,27,0,False,3
CORE A - Asia Compression Breakout,25.0,10.0,2.5,1440,220,-57.647999999999,-0.26203636363635907,0.4318181818181818,0.9419369654288867,226.24999999999955,6,15,84,121,176,339.1030000000005,1.9267215909090938,0.42045454545454547,1.3617596447937907,85.0,8,38,90,48,396,281.4550000000015,0.42676767676767674,1.1458147581911526,34,11.431999999999789,0.5588235294117647,0,2,32,58,-144.3669999999995,0.3793103448275862,0,20,38,45,-45.98199999999974,0.3333333333333333,6,27,12,40,76.59100000000058,0.5,4,17,19,43,44.677999999999884,0.4418604651162791,5,18,20,46,123.70400000000063,0.5,5,18,23,45,68.65200000000004,0.4444444444444444,8,20,17,50,111.74699999999984,0.4,14,28,8,35,35.0,0.3142857142857143,11,24,0,True,3
CORE A - Asia Compression Breakout,25.0,12.0,2.0833333333333335,1440,220,-26.879999999999654,-0.12218181818181661,0.4590909090909091,0.9732589731167128,187.40999999999985,6,15,64,141,176,599.2000000000005,3.4045454545454574,0.5,1.6393342047000459,96.0,8,48,74,54,396,572.3200000000008,0.4772727272727273,1.2946424618337318,34,10.388999999999669,0.5588235294117647,0,1,33,58,-148.8919999999996,0.39655172413793105,0,16,42,45,-9.085999999999558,0.4222222222222222,6,20,19,40,96.29300000000012,0.525,4,12,24,43,24.415999999999713,0.4418604651162791,5,15,23,46,125.00900000000092,0.5434782608695652,5,15,26,45,121.80100000000016,0.5111111111111111,10,16,19,50,143.38999999999942,0.46,16,25,9,35,209.0,0.4857142857142857,17,18,0,True,3
CORE A - Asia Compression Breakout,25.0,15.0,1.6666666666666667,1440,220,33.77300000000105,0.15351363636364113,0.4863636363636364,1.033255249027886,179.6499999999994,6,17,45,158,176,501.55800000000045,2.8497613636363663,0.5170454545454546,1.4711867177349582,122.10100000000057,8,49,63,64,396,535.3310000000015,0.5,1.257367455983724,34,7.388999999999669,0.5588235294117647,0,1,33,58,-133.57099999999946,0.41379310344827586,0,9,49,45,-3.9339999999995143,0.4444444444444444,7,16,22,40,131.3150000000005,0.6,4,7,29,43,32.57399999999984,0.46511627906976744,6,12,25,46,119.9950000000008,0.5652173913043478,5,10,31,45,110.57000000000016,0.5333333333333333,10,12,23,50,75.99299999999948,0.46,16,24,10,35,195.0,0.5142857142857142,18,17,0,True,3
CORE A - Asia Compression Breakout,25.0,20.0,1.25,1440,220,-27.864999999998872,-0.12665909090908578,0.4954545454545455,0.9742118248939886,226.54199999999946,6,17,29,174,176,582.6720000000005,3.3106363636363665,0.5568181818181818,1.5075659444952105,110.0,5,55,47,74,396,554.8070000000016,0.5227272727272727,1.2489590564445172,34,11.748999999999569,0.5588235294117647,0,0,34,58,-152.70699999999943,0.41379310344827586,0,5,53,45,-28.88699999999949,0.4444444444444444,7,10,28,40,107.90300000000047,0.6,4,5,31,43,34.077,0.5116279069767442,6,9,28,46,130.38600000000088,0.5652173913043478,5,4,37,45,81.66300000000001,0.5333333333333333,10,9,26,50,80.62299999999959,0.52,18,21,11,35,290.0,0.6285714285714286,22,13,0,True,3
CORE A - Asia Compression Breakout,25.0,25.0,1.0,1440,220,-46.636999999999034,-0.21198636363635925,0.5,0.9575790486689852,252.75299999999947,6,17,19,184,176,601.8700000000006,3.4197159090909124,0.5738636363636364,1.5062900356246087,150.0,5,57,37,82,396,555.2330000000015,0.5328282828282829,1.2426536303449351,34,11.748999999999569,0.5588235294117647,0,0,34,58,-177.70699999999943,0.41379310344827586,0,5,53,45,-30.017999999999347,0.4666666666666667,7,7,31,40,105.60200000000032,0.6,4,2,34,43,43.73699999999985,0.5116279069767442,6,5,32,46,117.87600000000089,0.5652173913043478,5,3,38,45,99.4060000000004,0.5333333333333333,10,6,29,50,94.20800000000008,0.56,19,17,14,35,290.3799999999992,0.6571428571428571,23,11,1,True,3
CORE A - Asia Compression Breakout,25.0,30.0,0.8333333333333334,1440,220,-23.621999999998707,-0.10737272727272139,0.5,0.9780540352722261,234.0679999999993,6,17,8,195,176,630.847,3.5843579545454545,0.5909090909090909,1.51905842510252,169.55599999999959,5,59,27,90,396,607.2250000000013,0.5404040404040404,1.2649625459094604,34,11.748999999999569,0.5588235294117647,0,0,34,58,-179.30999999999926,0.41379310344827586,0,2,56,45,-5.849999999999227,0.4666666666666667,7,2,36,40,126.73600000000033,0.6,4,0,36,43,23.052999999999884,0.5116279069767442,6,4,33,46,102.87600000000089,0.5652173913043478,5,3,38,45,99.06900000000041,0.5333333333333333,10,3,32,50,83.52199999999948,0.58,19,12,19,35,345.3799999999992,0.7142857142857143,25,9,1,True,3
CORE A - Asia Compression Breakout,25.0,35.0,0.7142857142857143,1440,220,9.648000000001275,0.04385454545455125,0.5045454545454545,1.0090765239020787,241.24499999999944,6,17,5,198,176,637.577,3.6225965909090907,0.6022727272727273,1.5124854511899477,134.55599999999959,5,60,23,93,396,647.2250000000013,0.547979797979798,1.2805422509265083,34,11.748999999999569,0.5588235294117647,0,0,34,58,-176.4869999999994,0.41379310344827586,0,1,57,45,-15.849999999999227,0.4666666666666667,7,2,36,40,126.73600000000033,0.6,4,0,36,43,63.5,0.5348837209302325,6,2,35,46,87.87600000000089,0.5652173913043478,5,3,38,45,120.34900000000061,0.5333333333333333,10,1,34,50,68.9719999999993,0.6,19,11,20,35,360.3799999999992,0.7428571428571429,26,8,1,True,3
CORE A - Asia Compression Breakout,30.0,8.0,3.75,1440,220,-6.39699999999948,-0.029077272727270363,0.4090909090909091,0.9927956925065973,210.80700000000002,11,11,101,108,176,206.32000000000085,1.172272727272732,0.32386363636363635,1.2213705402934736,99.47499999999968,11,26,115,35,396,199.92300000000137,0.3712121212121212,1.109850639000019,34,8.83199999999988,0.5588235294117647,0,6,28,58,-158.45899999999983,0.3275862068965517,0,25,33,45,-12.045000000000073,0.3111111111111111,5,30,10,40,61.02400000000057,0.475,1,19,20,43,94.25099999999998,0.4418604651162791,5,21,17,46,70.07900000000063,0.43478260869565216,2,25,19,45,32.7620000000004,0.3111111111111111,6,28,11,50,117.47899999999981,0.32,11,34,5,35,-14.0,0.2,7,28,0,False,3
CORE A - Asia Compression Breakout,30.0,10.0,3.0,1440,220,-66.48699999999917,-0.3022136363636326,0.4318181818181818,0.9330343293864553,228.1169999999995,6,11,84,125,176,398.37700000000063,2.2635056818181853,0.4147727272727273,1.4205079108395766,119.89699999999993,8,30,91,55,396,331.89000000000146,0.42424242424242425,1.1710576567745057,34,11.431999999999789,0.5588235294117647,0,2,32,58,-144.3669999999995,0.3793103448275862,0,20,38,45,-39.825999999999794,0.3333333333333333,5,27,13,40,36.59600000000046,0.5,1,17,22,43,69.67799999999988,0.4418604651162791,5,18,20,46,131.26500000000055,0.5,2,18,26,45,103.95499999999993,0.4444444444444444,7,20,18,50,113.15700000000015,0.4,11,28,11,35,50.0,0.2857142857142857,10,25,0,True,3
CORE A - Asia Compression Breakout,30.0,12.0,2.5,1440,220,-35.718999999999824,-0.16235909090909012,0.4590909090909091,0.9644656719031197,187.40999999999985,6,11,64,145,176,646.6470000000004,3.674130681818184,0.48863636363636365,1.6727321906941666,140.08100000000059,8,38,76,62,396,610.9280000000006,0.4722222222222222,1.3106800066313335,34,10.388999999999669,0.5588235294117647,0,1,33,58,-148.8919999999996,0.39655172413793105,0,16,42,45,-2.929999999999609,0.4222222222222222,5,20,20,40,56.298,0.525,1,12,27,43,49.41599999999971,0.4418604651162791,5,15,23,46,132.57000000000085,0.5434782608695652,2,15,29,45,167.10400000000004,0.5111111111111111,9,16,20,50,136.9729999999995,0.46,12,25,13,35,210.0,0.42857142857142855,15,20,0,True,3
CORE A - Asia Compression Breakout,30.0,15.0,2.0,1440,220,2.570000000000846,0.011681818181822026,0.4818181818181818,1.0025247241223154,178.08899999999971,6,12,45,163,176,548.0050000000003,3.1136647727272746,0.5056818181818182,1.500709484246526,183.47800000000052,8,39,65,72,396,550.5750000000012,0.49242424242424243,1.26064079076307,34,7.388999999999669,0.5588235294117647,0,1,33,58,-133.57099999999946,0.41379310344827586,0,9,49,45,7.222000000000435,0.4444444444444444,6,16,23,40,91.32000000000039,0.6,1,7,32,43,30.20999999999981,0.4418604651162791,5,12,26,46,127.55600000000072,0.5652173913043478,2,10,34,45,155.87300000000005,0.5333333333333333,9,12,24,50,69.57599999999957,0.46,12,24,14,35,195.0,0.45714285714285713,16,19,0,True,4
CORE A - Asia Compression Breakout,30.0,20.0,1.5,1440,220,-59.067999999999074,-0.2684909090909049,0.4909090909090909,0.9454537731162131,220.3859999999995,6,12,29,179,176,649.1190000000004,3.6881761363636385,0.5454545454545454,1.54640888303017,138.8480000000004,5,45,49,82,396,590.0510000000013,0.5151515151515151,1.2598346625589922,34,11.748999999999569,0.5588235294117647,0,0,34,58,-152.70699999999943,0.41379310344827586,0,5,53,45,-17.73099999999954,0.4444444444444444,6,10,29,40,67.90800000000036,0.6,1,5,34,43,31.712999999999965,0.4883720930232558,5,9,29,46,137.9470000000008,0.5652173913043478,2,4,40,45,126.9659999999999,0.5333333333333333,9,9,27,50,84.20599999999968,0.52,14,21,15,35,300.0,0.5714285714285714,20,15,0,True,3
CORE A - Asia Compression Breakout,30.0,25.0,1.2,1440,220,-77.83999999999924,-0.35381818181817837,0.4954545454545455,0.929348763331065,246.59699999999953,6,12,19,189,176,668.3170000000005,3.7972556818181844,0.5625,1.5394939396263276,165.0,5,47,39,90,396,590.4770000000012,0.5252525252525253,1.2522829182216892,34,11.748999999999569,0.5588235294117647,0,0,34,58,-177.70699999999943,0.41379310344827586,0,5,53,45,-18.861999999999398,0.4666666666666667,6,7,32,40,65.6070000000002,0.6,1,2,37,43,41.37299999999982,0.4883720930232558,5,5,33,46,125.43700000000081,0.5652173913043478,2,3,41,45,144.7090000000003,0.5333333333333333,9,6,30,50,102.79100000000017,0.56,15,17,18,35,295.3799999999992,0.6,21,13,1,True,3
CORE A - Asia Compression Breakout,30.0,30.0,1.0,1440,220,-54.82499999999891,-0.2492045454545405,0.4954545454545455,0.949176581829644,232.91199999999935,6,12,8,200,176,720.4639999999999,4.093545454545454,0.5795454545454546,1.5753594878765176,189.55599999999959,5,49,28,99,396,665.639000000001,0.5328282828282829,1.28556762463786,34,11.748999999999569,0.5588235294117647,0,0,34,58,-179.30999999999926,0.41379310344827586,0,2,56,45,5.306000000000722,0.4666666666666667,6,2,37,40,86.74100000000021,0.6,1,0,39,43,20.68899999999985,0.4883720930232558,5,4,34,46,110.43700000000081,0.5652173913043478,2,3,41,45,144.3720000000003,0.5333333333333333,9,3,33,50,92.10499999999956,0.58,15,12,23,35,373.5499999999993,0.6571428571428571,23,10,2,True,4
CORE A - Asia Compression Breakout,30.0,35.0,0.8571428571428571,1440,220,-21.554999999998927,-0.09797727272726785,0.5,0.9797667568425075,240.0889999999995,6,12,5,203,176,727.194,4.131784090909091,0.5909090909090909,1.5655057320917816,149.55599999999959,5,50,24,102,396,705.639000000001,0.5404040404040404,1.3001130465404698,34,11.748999999999569,0.5588235294117647,0,0,34,58,-176.4869999999994,0.41379310344827586,0,1,57,45,-4.693999999999278,0.4666666666666667,6,2,37,40,86.74100000000021,0.6,1,0,39,43,61.13599999999997,0.5116279069767442,5,2,36,46,95.43700000000081,0.5652173913043478,2,3,41,45,165.6520000000005,0.5333333333333333,9,1,35,50,77.55499999999938,0.6,15,11,24,35,388.5499999999993,0.6857142857142857,24,9,2,True,3
CORE B - Thu/Fri Asia Close Breakout,4.0,8.0,0.5,480,482,-126.78399999999942,-0.26303734439833903,0.5975103734439834,0.8972538684586302,236.95999999999958,6,270,137,75,324,25.241999999999734,0.07790740740740659,0.6697530864197531,1.0300540072009599,87.93700000000035,6,216,103,5,806,-101.54199999999969,0.6265508684863523,0.9510367713644532,97,-46.559000000000424,0.4948453608247423,35,17,45,97,-56.69599999999946,0.5360824742268041,49,25,23,91,-31.05399999999986,0.6263736263736264,56,32,3,97,-74.65099999999984,0.5979381443298969,58,37,2,100,82.17600000000016,0.73,72,26,2,98,65.17900000000009,0.7142857142857143,69,25,4,99,-67.93700000000035,0.6060606060606061,60,38,1,81,36.0,0.7037037037037037,57,24,0,46,-8.0,0.6521739130434783,30,16,0,False,1
CORE B - Thu/Fri Asia Close Breakout,4.0,10.0,0.4,480,482,-121.56499999999937,-0.2522095435684634,0.6286307053941909,0.905285662306943,260.9829999999995,6,283,103,96,324,66.60399999999959,0.2055679012345666,0.7191358024691358,1.0774468718459151,82.46700000000033,4,231,81,12,806,-54.960999999999785,0.6650124069478908,0.974359070057341,97,-26.592000000000553,0.5154639175257731,36,6,55,97,-90.80699999999933,0.5360824742268041,49,22,26,91,-37.33499999999981,0.6593406593406593,58,26,7,97,-72.64499999999975,0.6494845360824743,63,30,4,100,105.81400000000008,0.78,77,19,4,98,55.07099999999991,0.7244897959183674,70,18,10,99,-48.467000000000326,0.6767676767676768,66,31,2,81,58.0,0.7654320987654321,62,19,0,46,2.0,0.717391304347826,33,13,0,False,1
CORE B - Thu/Fri Asia Close Breakout,4.0,12.0,0.3333333333333333,480,482,-118.98499999999922,-0.2468568464730274,0.6431535269709544,0.9087316471872385,252.31599999999912,6,288,76,118,324,151.7769999999996,0.46844753086419627,0.7623456790123457,1.1830329955513101,68.11400000000049,4,244,63,17,806,32.79200000000037,0.6910669975186104,1.0153742575891411,97,-33.01500000000033,0.5154639175257731,36,4,57,97,-108.45399999999927,0.5360824742268041,49,17,31,91,-3.502999999999929,0.7032967032967034,61,18,12,97,-89.58199999999965,0.6597938144329897,64,23,10,100,115.56899999999996,0.8,78,14,8,98,87.89100000000008,0.7551020408163265,73,12,13,99,-28.114000000000487,0.7272727272727273,70,25,4,81,100.0,0.8271604938271605,67,14,0,46,-8.0,0.7391304347826086,34,12,0,False,1
CORE B - Thu/Fri Asia Close Breakout,4.0,15.0,0.26666666666666666,480,482,-104.77699999999982,-0.21737966804979214,0.6556016597510373,0.9201661335621188,254.71199999999953,6,293,46,143,324,228.9999999999991,0.7067901234567873,0.7993827160493827,1.2862464219197247,60.798,4,256,45,23,806,124.22299999999927,0.7133995037220844,1.0588052344957128,97,-32.83800000000042,0.5154639175257731,36,1,60,97,-103.93099999999981,0.5463917525773195,50,7,40,91,-1.5670000000000073,0.7252747252747253,62,13,16,97,-82.5159999999994,0.6804123711340206,66,15,16,100,116.07499999999982,0.81,79,10,11,98,70.89100000000008,0.7653061224489796,74,11,13,99,24.92599999999902,0.7777777777777778,75,15,9,81,101.18299999999999,0.8518518518518519,69,11,1,46,32.0,0.8260869565217391,38,8,0,True,1
CORE B - Thu/Fri Asia Close Breakout,4.0,20.0,0.2,480,482,-0.42000000000030013,-0.0008713692946064318,0.6680497925311203,0.999659113321283,153.23199999999997,6,299,17,166,324,287.3639999999991,0.8869259259259232,0.8209876543209876,1.3733716539811796,88.0,4,263,28,33,806,286.9439999999988,0.7295285359801489,1.1433482188130544,97,-29.880000000000337,0.5154639175257731,36,0,61,97,-104.41600000000017,0.5463917525773195,50,2,45,91,59.743999999999915,0.7582417582417582,65,4,22,97,-43.803999999999405,0.7010309278350515,68,6,23,100,117.9359999999997,0.82,80,5,15,98,90.50600000000031,0.7653061224489796,74,4,20,99,103.07499999999891,0.8282828282828283,80,8,11,81,101.7829999999999,0.8765432098765432,71,8,2,46,-8.0,0.8260869565217391,38,8,0,False,2
CORE B - Thu/Fri Asia Close Breakout,4.0,25.0,0.16,480,482,-0.24400000000036925,-0.0005062240663908076,0.6680497925311203,0.9998019327789072,145.06200000000058,6,299,10,173,324,241.07099999999923,0.7440462962962939,0.8271604938271605,1.2925835529086487,126.0,4,265,22,37,806,240.82699999999886,0.7320099255583127,1.1171426431188352,97,-29.880000000000337,0.5154639175257731,36,0,61,97,-105.54600000000028,0.5463917525773195,50,1,46,91,75.21199999999999,0.7582417582417582,65,1,25,97,-32.96599999999944,0.7010309278350515,68,3,26,100,92.9359999999997,0.82,80,5,15,98,81.28500000000031,0.7653061224489796,74,2,22,99,88.00299999999902,0.8282828282828283,80,6,13,81,61.7829999999999,0.8765432098765432,71,8,2,46,10.0,0.8695652173913043,40,6,0,True,2
CORE B - Thu/Fri Asia Close Breakout,4.0,30.0,0.13333333333333333,480,482,10.4249999999995,0.021628630705393153,0.6680497925311203,1.008536433580405,140.02200000000062,6,299,4,179,324,239.34999999999923,0.7387345679012322,0.8333333333333334,1.2871074538780787,112.0,4,267,16,41,806,249.77499999999873,0.7344913151364765,1.1215511636598634,97,-29.880000000000337,0.5154639175257731,36,0,61,97,-100.50600000000031,0.5463917525773195,50,0,47,91,75.29500000000007,0.7582417582417582,65,0,26,97,-47.96599999999944,0.7010309278350515,68,3,26,100,113.48199999999952,0.82,80,1,19,98,80.85800000000017,0.7653061224489796,74,1,23,99,71.90299999999911,0.8282828282828283,80,4,15,81,72.58899999999994,0.8888888888888888,72,6,3,46,14.0,0.8913043478260869,41,5,0,True,2
CORE B - Thu/Fri Asia Close Breakout,4.0,35.0,0.11428571428571428,480,482,14.04499999999939,0.02913900414937633,0.6680497925311203,1.011534835284687,140.02200000000062,6,299,1,182,324,247.08299999999872,0.7626018518518479,0.8364197530864198,1.2977165461540574,109.0,4,268,11,45,806,261.1279999999981,0.7357320099255583,1.1275323643996722,97,-29.880000000000337,0.5154639175257731,36,0,61,97,-100.50600000000031,0.5463917525773195,50,0,47,91,75.29500000000007,0.7582417582417582,65,0,26,97,-41.683999999999514,0.7010309278350515,68,1,28,100,110.81999999999948,0.82,80,0,20,98,75.85800000000017,0.7653061224489796,74,1,23,99,76.20599999999877,0.8282828282828283,80,1,18,81,67.01899999999978,0.8888888888888888,72,5,4,46,28.0,0.9130434782608695,42,4,0,True,2
CORE B - Thu/Fri Asia Close Breakout,5.0,8.0,0.625,480,482,-125.91599999999903,-0.26123651452281954,0.553941908713693,0.9079560730673055,211.77699999999936,6,238,152,92,324,89.68499999999949,0.276805555555554,0.6327160493827161,1.096600119558602,58.93700000000035,6,203,114,7,806,-36.23099999999954,0.5856079404466501,0.9842227925800836,97,-38.16700000000037,0.4742268041237113,30,18,49,97,-53.08499999999958,0.4948453608247423,39,26,32,91,-40.05399999999986,0.5714285714285714,51,37,3,97,-53.47099999999955,0.5670103092783505,54,38,5,100,58.86100000000033,0.66,64,33,3,98,73.62199999999984,0.6632653061224489,63,29,6,99,-33.93700000000035,0.5858585858585859,58,40,1,81,41.0,0.654320987654321,53,28,0,46,9.0,0.6304347826086957,29,17,0,False,1
CORE B - Thu/Fri Asia Close Breakout,5.0,10.0,0.5,480,482,-115.83599999999865,-0.24032365145227935,0.5850622406639004,0.9187227011040604,267.12699999999904,6,250,115,117,324,154.04699999999934,0.47545370370370166,0.6882716049382716,1.1620655155109338,58.93700000000035,4,220,90,14,806,38.211000000000695,0.6265508684863523,1.0160839796642531,97,-19.68000000000029,0.4948453608247423,30,7,60,97,-89.19599999999946,0.4948453608247423,39,23,35,91,-59.41899999999964,0.5934065934065934,52,31,8,97,-55.48599999999942,0.6082474226804123,58,31,8,100,107.94500000000016,0.73,71,23,6,98,56.51399999999967,0.673469387755102,64,22,12,99,-12.467000000000326,0.6565656565656566,64,33,2,81,75.0,0.7283950617283951,59,22,0,46,35.0,0.717391304347826,33,13,0,False,1
CORE B - Thu/Fri Asia Close Breakout,5.0,12.0,0.4166666666666667,480,482,-123.20799999999804,-0.2556182572614067,0.5995850622406639,0.9154447441202925,276.28999999999905,6,254,85,143,324,232.87899999999922,0.71876234567901,0.7314814814814815,1.2483353949837903,45.584000000000515,4,232,72,20,806,109.67100000000119,0.652605459057072,1.045793752531432,97,-24.44699999999989,0.4948453608247423,30,4,63,97,-108.84299999999939,0.4948453608247423,39,18,40,91,-44.83199999999965,0.6263736263736264,54,23,14,97,-69.57699999999932,0.6185567010309279,59,23,15,100,124.49100000000021,0.76,72,17,11,98,84.33399999999983,0.7040816326530612,67,16,15,99,6.544999999999391,0.7070707070707071,67,27,5,81,116.0,0.7901234567901234,64,17,0,46,26.0,0.7391304347826086,34,12,0,True,1
CORE B - Thu/Fri Asia Close Breakout,5.0,15.0,0.3333333333333333,480,482,-103.56399999999849,-0.21486307053941595,0.6120331950207469,0.9293295092493846,280.9869999999994,6,259,51,172,324,267.57199999999875,0.8258395061728356,0.7623456790123457,1.2807483629167713,57.325000000000045,4,242,54,28,806,164.00800000000027,0.6724565756823822,1.0678134856250696,97,-24.269999999999982,0.4948453608247423,30,1,66,97,-101.75700000000006,0.5051546391752577,40,7,50,91,-48.58299999999963,0.6483516483516484,55,17,19,97,-60.51099999999906,0.6391752577319587,61,15,21,100,131.55700000000024,0.77,73,11,16,98,68.80399999999986,0.7142857142857143,68,13,17,99,38.5849999999989,0.7474747474747475,71,18,10,81,110.18299999999999,0.8148148148148148,66,14,1,46,50.0,0.8043478260869565,37,9,0,True,1
CORE B - Thu/Fri Asia Close Breakout,5.0,20.0,0.25,480,482,16.683000000000675,0.034612033195022145,0.6265560165975104,1.0121423986095528,164.24200000000087,6,264,20,198,324,337.9359999999988,1.0430123456790086,0.7901234567901234,1.3642717550767849,85.0,4,251,35,38,806,354.61899999999946,0.6923076923076923,1.1540717111948866,97,-21.311999999999898,0.4948453608247423,30,0,67,97,-102.24200000000042,0.5051546391752577,40,2,55,91,34.97700000000009,0.6923076923076923,58,6,27,97,-19.79899999999907,0.6597938144329897,63,6,28,100,125.05899999999997,0.78,73,6,21,98,78.4190000000001,0.7142857142857143,68,6,24,99,131.7339999999988,0.8080808080808081,77,10,12,81,97.7829999999999,0.8395061728395061,68,11,2,46,30.0,0.8260869565217391,38,8,0,True,2
CORE B - Thu/Fri Asia Close Breakout,5.0,25.0,0.2,480,482,19.56200000000058,0.040585062240665104,0.6265560165975104,1.014267719958252,156.55300000000102,6,264,12,206,324,294.7629999999988,0.9097623456790086,0.7993827160493827,1.2989858765199667,145.0,4,254,27,43,806,314.32499999999936,0.6960297766749379,1.1333613074223687,97,-21.311999999999898,0.4948453608247423,30,0,67,97,-103.37200000000053,0.5051546391752577,40,1,56,91,58.14800000000014,0.6923076923076923,58,2,31,97,-8.960999999999103,0.6597938144329897,63,3,31,100,95.05899999999997,0.78,73,6,21,98,59.19800000000009,0.7142857142857143,68,4,26,99,142.7819999999988,0.8181818181818182,78,6,15,81,42.7829999999999,0.8395061728395061,68,11,2,46,50.0,0.8695652173913043,40,6,0,True,2
CORE B - Thu/Fri Asia Close Breakout,5.0,30.0,0.16666666666666666,480,482,29.354000000000497,0.06090041493776037,0.6265560165975104,1.0215636076472427,147.30700000000093,6,264,5,213,324,304.49199999999837,0.9397901234567851,0.8055555555555556,1.3087693822523396,122.86999999999989,4,256,18,50,806,333.84599999999887,0.6985111662531017,1.1422181439894483,97,-21.311999999999898,0.4948453608247423,30,0,67,97,-98.33200000000056,0.5051546391752577,40,0,57,91,62.35400000000027,0.6923076923076923,58,0,33,97,-23.960999999999103,0.6597938144329897,63,3,31,100,110.60499999999979,0.78,73,2,25,98,54.17099999999982,0.7142857142857143,68,2,28,99,126.68199999999888,0.8181818181818182,78,4,17,81,68.63899999999967,0.8518518518518519,69,7,5,46,55.0,0.8913043478260869,41,5,0,True,2
CORE B - Thu/Fri Asia Close Breakout,5.0,35.0,0.14285714285714285,480,482,36.76000000000022,0.07626556016597556,0.6265560165975104,1.0271518145404026,147.30700000000093,6,264,1,217,324,313.88499999999794,0.9687808641975245,0.808641975308642,1.3197185853075184,127.86999999999989,4,257,12,55,806,350.64499999999816,0.6997518610421837,1.1501291090214467,97,-21.311999999999898,0.4948453608247423,30,0,67,97,-98.33200000000056,0.5051546391752577,40,0,57,91,62.35400000000027,0.6923076923076923,58,0,33,97,-17.678999999999178,0.6597938144329897,63,1,33,100,111.72899999999959,0.78,73,0,27,98,54.830999999999904,0.7142857142857143,68,1,29,99,130.98499999999854,0.8181818181818182,78,1,20,81,58.068999999999505,0.8518518518518519,69,6,6,46,70.0,0.9130434782608695,42,4,0,True,2
CORE B - Thu/Fri Asia Close Breakout,6.0,8.0,0.75,480,482,-88.02599999999825,-0.1826265560165939,0.5269709543568465,0.9388193821331701,203.6369999999988,6,210,159,113,324,40.466999999999416,0.12489814814814634,0.5771604938271605,1.0380860505498741,92.0,6,183,130,11,806,-47.55899999999883,0.5471464019851117,0.9809863175367731,97,-30.730000000000246,0.4742268041237113,23,18,56,97,-82.71299999999951,0.4536082474226804,30,29,38,91,-24.550999999999704,0.5384615384615384,48,39,4,97,-30.86899999999946,0.5463917525773195,51,40,6,100,80.83700000000067,0.62,58,33,9,98,-17.59600000000023,0.5510204081632653,50,38,10,99,24.062999999999647,0.5858585858585859,58,40,1,81,66.0,0.6296296296296297,51,30,0,46,-32.0,0.5217391304347826,24,22,0,False,1
CORE B - Thu/Fri Asia Close Breakout,6.0,10.0,0.6,480,482,-92.59799999999791,-0.1921120331950164,0.5560165975103735,0.9384759104067667,258.0879999999984,6,219,120,143,324,132.4489999999994,0.40879320987654133,0.6388888888888888,1.1219600682502713,60.552000000000135,4,202,102,20,806,39.85100000000148,0.5893300248138957,1.015380120660484,97,-12.243000000000166,0.4948453608247423,23,7,67,97,-121.44099999999935,0.4536082474226804,30,25,42,91,-46.915999999999485,0.5604395604395604,49,33,9,97,-25.26199999999926,0.5876288659793815,55,32,10,100,113.26400000000035,0.68,62,23,15,98,-25.084000000000287,0.5714285714285714,52,28,18,99,51.532999999999674,0.6565656565656566,64,33,2,81,102.0,0.7037037037037037,57,24,0,46,4.0,0.6304347826086957,29,17,0,False,1
CORE B - Thu/Fri Asia Close Breakout,6.0,12.0,0.5,480,482,-104.21399999999721,-0.21621161825725563,0.5705394190871369,0.9325583983930105,268.27199999999857,6,223,89,170,324,175.51099999999929,0.5417006172839484,0.6790123456790124,1.1582263531787524,66.0,4,212,85,27,806,71.29700000000207,0.6141439205955335,1.0268590402367619,97,-17.009999999999764,0.4948453608247423,23,4,70,97,-145.08799999999928,0.4536082474226804,30,20,47,91,-32.57299999999941,0.5934065934065934,51,24,16,97,-40.352999999999156,0.5979381443298969,56,24,17,100,130.8100000000004,0.71,63,17,20,98,-12.034000000000106,0.6020408163265306,54,22,22,99,73.54499999999939,0.7070707070707071,67,27,5,81,144.0,0.7654320987654321,62,19,0,46,-30.0,0.6304347826086957,29,17,0,False,1
CORE B - Thu/Fri Asia Close Breakout,6.0,15.0,0.4,480,482,-85.6209999999976,-0.1776369294605759,0.58298755186722,0.9448932923395378,276.01999999999884,6,227,54,201,324,241.76399999999853,0.7461851851851806,0.7160493827160493,1.2168312276286615,93.0,4,224,62,38,806,156.14300000000094,0.6364764267990074,1.0585086172461837,97,-16.832999999999856,0.4948453608247423,23,1,73,97,-131.16599999999994,0.4639175257731959,31,8,58,91,-59.32399999999939,0.6043956043956044,51,19,21,97,-17.17399999999884,0.6288659793814433,58,15,24,100,138.87600000000043,0.72,64,11,25,98,15.99599999999964,0.6326530612244898,57,14,27,99,109.5849999999989,0.7474747474747475,71,18,10,81,134.183,0.7901234567901234,64,16,1,46,-18.0,0.6956521739130435,32,14,0,False,1
CORE B - Thu/Fri Asia Close Breakout,6.0,20.0,0.3,480,482,32.37500000000159,0.06716804979253442,0.5975103734439834,1.022045329964967,188.9840000000006,6,231,22,229,324,316.3179999999984,0.9762901234567851,0.7469135802469136,1.2874486679334392,170.0,4,234,41,49,806,348.693,0.6575682382133995,1.1357311294131018,97,-13.874999999999773,0.4948453608247423,23,0,74,97,-127.98800000000028,0.4639175257731959,31,2,64,91,17.23600000000033,0.6483516483516484,54,8,29,97,24.62400000000116,0.6494845360824743,59,6,32,100,132.37800000000016,0.73,64,6,30,98,29.800999999999704,0.6326530612244898,57,6,35,99,208.7339999999988,0.8080808080808081,77,10,12,81,139.7829999999999,0.8271604938271605,67,12,2,46,-62.0,0.717391304347826,33,13,0,False,3
CORE B - Thu/Fri Asia Close Breakout,6.0,25.0,0.24,480,482,25.254000000001497,0.0523941908713724,0.5975103734439834,1.0171133967524266,186.29500000000075,6,231,14,237,324,246.1449999999984,0.7597067901234518,0.7561728395061729,1.2070871255908167,234.0,4,237,33,54,806,271.3989999999999,0.6612903225806451,1.1018653360817805,97,-13.874999999999773,0.4948453608247423,23,0,74,97,-129.1180000000004,0.4639175257731959,31,1,65,91,30.40700000000038,0.6483516483516484,54,4,33,97,35.462000000001126,0.6494845360824743,59,3,35,100,102.37800000000016,0.73,64,6,30,98,10.5799999999997,0.6326530612244898,57,4,37,99,220.7819999999988,0.8181818181818182,78,6,15,81,79.7829999999999,0.8271604938271605,67,12,2,46,-65.0,0.7608695652173914,35,11,0,False,3
CORE B - Thu/Fri Asia Close Breakout,6.0,30.0,0.2,480,482,25.046000000001413,0.05196265560166268,0.5975103734439834,1.0169700534049202,182.04900000000066,6,231,7,244,324,263.873999999998,0.8144259259259197,0.7654320987654321,1.2219523129810719,221.8699999999999,4,240,23,61,806,288.9199999999994,0.6650124069478908,1.10842207454224,97,-13.874999999999773,0.4948453608247423,23,0,74,97,-124.07800000000043,0.4639175257731959,31,0,66,91,24.61300000000051,0.6483516483516484,54,2,35,97,20.462000000001126,0.6494845360824743,59,3,35,100,117.92399999999998,0.73,64,2,34,98,5.552999999999429,0.6326530612244898,57,2,39,99,204.68199999999888,0.8181818181818182,78,4,17,81,101.63899999999967,0.8395061728395061,68,8,5,46,-48.0,0.8043478260869565,37,9,0,False,3
CORE B - Thu/Fri Asia Close Breakout,6.0,35.0,0.17142857142857143,480,482,22.452000000001135,0.04658091286307289,0.5975103734439834,1.0151857843959513,187.04900000000066,6,231,3,248,324,249.26699999999755,0.7693425925925851,0.7685185185185185,1.2060936730043532,245.8699999999999,4,241,17,66,806,271.7189999999987,0.6662531017369727,1.1010869904894836,97,-13.874999999999773,0.4948453608247423,23,0,74,97,-124.07800000000043,0.4639175257731959,31,0,66,91,14.613000000000511,0.6483516483516484,54,2,35,97,26.74400000000105,0.6494845360824743,59,1,37,100,119.04799999999977,0.73,64,0,36,98,6.212999999999511,0.6326530612244898,57,1,40,99,208.98499999999854,0.8181818181818182,78,1,20,81,86.0689999999995,0.8395061728395061,68,7,6,46,-52.0,0.8260869565217391,38,8,0,False,3
CORE B - Thu/Fri Asia Close Breakout,7.5,8.0,0.9375,480,482,-134.09999999999786,-0.27821576763485034,0.48132780082987553,0.9147713730961011,230.15899999999874,6,172,175,135,324,32.71099999999933,0.10095987654320782,0.5216049382716049,1.0273133153142766,74.5,7,162,146,16,806,-101.38899999999853,0.4975186104218362,0.9634111574154941,97,-23.13799999999992,0.4639175257731959,18,18,61,97,-92.1319999999996,0.422680412371134,21,30,46,91,-56.27599999999961,0.4725274725274725,38,45,8,97,-21.726999999999407,0.5051546391752577,45,43,9,100,59.173000000000684,0.54,50,39,11,98,5.4539999999997235,0.5204081632653061,44,40,14,99,33.56299999999965,0.5353535353535354,53,45,1,81,20.69399999999996,0.5308641975308642,43,37,1,46,-27.0,0.4782608695652174,22,24,0,False,1
CORE B - Thu/Fri Asia Close Breakout,7.5,10.0,0.75,480,482,-158.61799999999744,-0.3290829875518619,0.5124481327800829,0.9045444561125853,312.60299999999825,6,179,135,168,324,133.73599999999942,0.41276543209876365,0.5833333333333334,1.1078024063209853,66.1110000000001,6,181,116,27,806,-24.881999999998015,0.5409429280397022,0.9914266842299856,97,-4.65099999999984,0.4845360824742268,18,7,72,97,-132.85999999999945,0.422680412371134,21,26,50,91,-89.1409999999994,0.4945054945054945,39,39,13,97,-27.590999999999212,0.5463917525773195,47,35,15,100,95.62500000000045,0.61,54,28,18,98,-3.034000000000333,0.5408163265306123,46,30,22,99,51.74599999999987,0.5959595959595959,58,38,3,81,72.52399999999989,0.6172839506172839,50,29,2,46,12.5,0.5869565217391305,27,19,0,False,1
CORE B - Thu/Fri Asia Close Breakout,7.5,12.0,0.625,480,482,-156.8709999999969,-0.32545850622406,0.529045643153527,0.9074576713131246,312.7039999999986,6,183,98,201,324,162.8099999999995,0.5024999999999984,0.6234567901234568,1.1260331490173034,73.97600000000011,6,190,99,35,806,5.939000000002579,0.5669975186104218,1.0019883291540153,97,-9.417999999999438,0.4845360824742268,18,4,75,97,-156.53399999999942,0.422680412371134,21,20,56,91,-70.65899999999942,0.5274725274725275,41,28,22,97,-28.65299999999911,0.5670103092783505,48,25,24,100,108.39300000000048,0.64,55,21,24,98,9.015999999999849,0.5714285714285714,48,24,26,99,67.26999999999975,0.6464646464646465,60,32,7,81,112.02399999999989,0.6790123456790124,55,24,2,46,-25.5,0.5869565217391305,27,19,0,False,1
CORE B - Thu/Fri Asia Close Breakout,7.5,15.0,0.5,480,482,-140.27599999999734,-0.291029045643148,0.5414937759336099,0.9180443185589239,316.0559999999989,6,187,59,236,324,217.67299999999886,0.6718302469135767,0.6574074074074074,1.1649737767537733,94.97600000000011,6,201,74,49,806,77.39700000000153,0.5880893300248139,1.0255347325413526,97,-9.24099999999953,0.4845360824742268,18,1,78,97,-141.11200000000008,0.4329896907216495,22,8,67,91,-97.11399999999935,0.5384615384615384,41,21,29,97,-1.3739999999988868,0.5979381443298969,50,15,32,100,108.56500000000051,0.65,56,14,30,98,48.15599999999972,0.5918367346938775,50,14,34,99,94.30999999999926,0.6868686868686869,64,23,12,81,90.20699999999988,0.7037037037037037,57,21,3,46,-15.0,0.6521739130434783,30,16,0,False,1
CORE B - Thu/Fri Asia Close Breakout,7.5,20.0,0.375,480,482,15.815000000001646,0.03281120331950549,0.558091286307054,1.0099275972766442,208.51800000000048,6,190,22,270,324,301.1459999999986,0.9294629629629586,0.691358024691358,1.2284061717130565,162.5,4,212,49,63,806,316.96100000000024,0.6116625310173698,1.1088651523732949,97,-6.282999999999447,0.4845360824742268,18,0,79,97,-137.93400000000042,0.4329896907216495,22,2,73,91,-9.585999999999558,0.5824175824175825,43,8,40,97,41.924000000001115,0.6185567010309279,51,6,40,100,127.69399999999996,0.67,56,6,38,98,61.960999999999785,0.5918367346938775,50,6,42,99,191.71799999999917,0.7474747474747475,70,13,16,81,114.96699999999964,0.7530864197530864,61,15,5,46,-67.5,0.6739130434782609,31,15,0,False,2
CORE B - Thu/Fri Asia Close Breakout,7.5,25.0,0.3,480,482,8.694000000001552,0.01803734439834347,0.558091286307054,1.0054332236564592,204.40500000000065,6,190,14,278,324,261.86899999999855,0.8082376543209832,0.7037037037037037,1.1887012301980757,212.5,4,216,38,70,806,270.5630000000001,0.6166253101736973,1.0905529269898346,97,-6.282999999999447,0.4845360824742268,18,0,79,97,-139.06400000000053,0.4329896907216495,22,1,74,91,3.585000000000491,0.5824175824175825,43,4,44,97,52.76200000000108,0.6185567010309279,51,3,43,100,97.69399999999996,0.67,56,6,38,98,42.73999999999978,0.5918367346938775,50,4,44,99,206.6689999999992,0.7575757575757576,71,8,20,81,89.95999999999958,0.7654320987654321,62,13,6,46,-77.5,0.717391304347826,33,13,0,False,3
CORE B - Thu/Fri Asia Close Breakout,7.5,30.0,0.25,480,482,8.486000000001468,0.01760580912863375,0.558091286307054,1.0053025469846537,200.15900000000056,6,190,7,285,324,279.7679999999982,0.863481481481476,0.7129629629629629,1.2009329584262507,212.8699999999999,4,219,27,78,806,288.2539999999997,0.6203473945409429,1.0963187855280234,97,-6.282999999999447,0.4845360824742268,18,0,79,97,-134.02400000000057,0.4329896907216495,22,0,75,91,-2.208999999999378,0.5824175824175825,43,2,46,97,37.76200000000108,0.6185567010309279,51,3,43,100,113.23999999999978,0.67,56,2,42,98,37.71299999999951,0.5918367346938775,50,2,46,99,201.23899999999935,0.7575757575757576,71,5,23,81,108.31599999999935,0.7777777777777778,63,9,9,46,-67.5,0.7608695652173914,35,11,0,False,2
CORE B - Thu/Fri Asia Close Breakout,7.5,35.0,0.21428571428571427,480,482,5.89200000000119,0.012224066390043961,0.558091286307054,1.0036757068343076,207.23100000000045,6,190,3,289,324,268.7139999999981,0.8293641975308584,0.7160493827160493,1.1904558724614576,230.3699999999999,4,220,19,85,806,274.6059999999993,0.6215880893300249,1.0911145058025333,97,-6.282999999999447,0.4845360824742268,18,0,79,97,-134.02400000000057,0.4329896907216495,22,0,75,91,-12.208999999999378,0.5824175824175825,43,2,46,97,44.044000000001006,0.6185567010309279,51,1,45,100,114.36399999999958,0.67,56,0,44,98,38.37299999999959,0.5918367346938775,50,1,47,99,208.18199999999933,0.7575757575757576,71,1,27,81,102.1589999999992,0.7777777777777778,63,7,11,46,-80.0,0.782608695652174,36,10,0,False,2
CORE B - Thu/Fri Asia Close Breakout,8.0,8.0,1.0,480,482,-141.58299999999804,-0.29374066390041087,0.4730290456431535,0.9116434359603233,215.18799999999874,6,160,178,144,324,19.773999999999432,0.061030864197529115,0.5030864197530864,1.0159579576332118,90.21900000000028,7,154,151,19,806,-121.8089999999986,0.4851116625310174,0.9571326916146765,97,-32.74100000000021,0.4639175257731959,13,18,66,97,-81.6319999999996,0.422680412371134,21,30,46,91,-53.27599999999961,0.46153846153846156,37,46,8,97,-14.764999999999418,0.4948453608247423,43,43,11,100,40.83100000000081,0.52,46,41,13,98,-39.58300000000031,0.47959183673469385,39,44,15,99,49.16299999999978,0.5252525252525253,51,45,3,81,26.19399999999996,0.5185185185185185,42,38,1,46,-16.0,0.4782608695652174,22,24,0,False,1
CORE B - Thu/Fri Asia Close Breakout,8.0,10.0,0.8,480,482,-175.98499999999763,-0.3651141078838125,0.504149377593361,0.8962771522115196,313.64099999999826,6,166,138,178,324,120.29899999999952,0.37129320987654174,0.5648148148148148,1.0931052043378249,94.14800000000014,6,173,121,30,806,-55.6859999999981,0.5285359801488834,0.9813681990630906,97,-14.254000000000133,0.4845360824742268,13,7,77,97,-122.35999999999945,0.422680412371134,21,26,50,91,-87.6409999999994,0.4835164835164835,38,40,13,97,-37.62899999999922,0.5257731958762887,44,36,17,100,85.89900000000057,0.6,50,29,21,98,-37.07100000000037,0.5102040816326531,42,33,23,99,69.846,0.5858585858585859,56,38,5,81,61.52399999999989,0.5925925925925926,48,31,2,46,26.0,0.5869565217391305,27,19,0,False,1
CORE B - Thu/Fri Asia Close Breakout,8.0,12.0,0.6666666666666666,480,482,-178.2379999999971,-0.3697883817427326,0.520746887966805,0.8973352602387988,299.6939999999986,6,170,101,211,324,146.3059999999998,0.45156172839506115,0.6049382716049383,1.1083042165107189,86.19000000000005,6,182,103,39,806,-31.931999999997288,0.5545905707196029,0.9896559666238752,97,-19.02099999999973,0.4845360824742268,13,4,80,97,-146.03399999999942,0.422680412371134,21,20,56,91,-70.15899999999942,0.5164835164835165,40,29,22,97,-40.19099999999912,0.5463917525773195,45,26,26,100,97.1670000000006,0.63,51,22,27,98,-27.587999999999965,0.5408163265306123,44,26,28,99,86.36999999999989,0.6363636363636364,58,32,9,81,99.52399999999989,0.654320987654321,53,26,2,46,-12.0,0.5869565217391305,27,19,0,False,1
CORE B - Thu/Fri Asia Close Breakout,8.0,15.0,0.5333333333333333,480,482,-163.03699999999753,-0.3382510373443932,0.533195020746888,0.9071539050291815,305.0459999999989,6,174,61,247,324,194.6689999999992,0.6008302469135778,0.6388888888888888,1.1399975692494224,93.47600000000011,6,193,78,53,806,31.632000000001653,0.575682382133995,1.0100530460901278,97,-18.843999999999824,0.4845360824742268,13,1,83,97,-130.11200000000008,0.4329896907216495,22,8,67,91,-99.61399999999935,0.5274725274725275,40,22,29,97,-9.305999999998903,0.5773195876288659,47,15,35,100,94.83900000000062,0.64,52,15,33,98,6.551999999999907,0.5612244897959183,46,16,36,99,115.4099999999994,0.6767676767676768,62,23,14,81,72.70699999999988,0.6790123456790124,55,23,3,46,0.0,0.6521739130434783,30,16,0,False,1
CORE B - Thu/Fri Asia Close Breakout,8.0,20.0,0.4,480,482,-8.723999999998568,-0.018099585062237696,0.549792531120332,0.9946827443962815,220.0940000000005,6,177,23,282,324,286.2809999999988,0.8835833333333296,0.6728395061728395,1.2064171662803138,152.0,5,204,51,69,806,277.55700000000024,0.5992555831265509,1.0916755543415397,97,-15.88599999999974,0.4845360824742268,13,0,84,97,-126.93400000000042,0.4329896907216495,22,2,73,91,-16.085999999999558,0.5714285714285714,42,9,40,97,34.4920000000011,0.5979381443298969,48,6,43,100,115.69000000000005,0.66,52,6,42,98,14.267000000000053,0.5612244897959183,46,7,45,99,206.54699999999912,0.7272727272727273,67,13,19,81,117.46699999999964,0.7407407407407407,60,16,5,46,-52.0,0.6739130434782609,31,15,0,False,2
CORE B - Thu/Fri Asia Close Breakout,8.0,25.0,0.32,480,482,-20.844999999998663,-0.043246887966802205,0.549792531120332,0.9873881984514931,222.40500000000065,6,177,15,290,324,247.89399999999864,0.7651049382716008,0.6851851851851852,1.1701059224918537,200.0,5,208,39,77,806,227.04899999999998,0.6042183622828784,1.0730035506794136,97,-15.88599999999974,0.4845360824742268,13,0,84,97,-128.06400000000053,0.4329896907216495,22,1,74,91,-7.914999999999509,0.5714285714285714,42,5,44,97,45.330000000001064,0.5979381443298969,48,3,46,100,85.69000000000005,0.66,52,6,42,98,-1.0640000000000782,0.5612244897959183,46,4,48,99,221.99799999999914,0.7373737373737373,68,8,23,81,87.95999999999958,0.7530864197530864,61,14,6,46,-61.0,0.717391304347826,33,13,0,False,2
CORE B - Thu/Fri Asia Close Breakout,8.0,30.0,0.26666666666666666,480,482,-26.052999999998747,-0.05405186721991441,0.549792531120332,0.9842867266778252,223.15900000000056,6,177,8,297,324,262.2929999999983,0.809546296296291,0.6944444444444444,1.1788085429543929,203.8699999999999,5,211,28,85,806,236.23999999999955,0.607940446650124,1.0755987837120844,97,-15.88599999999974,0.4845360824742268,13,0,84,97,-123.02400000000057,0.4329896907216495,22,0,75,91,-18.708999999999378,0.5714285714285714,42,3,46,97,30.330000000001064,0.5979381443298969,48,3,46,100,101.23599999999988,0.66,52,2,46,98,-6.091000000000349,0.5612244897959183,46,2,50,99,216.5679999999993,0.7373737373737373,68,5,26,81,101.81599999999935,0.7654320987654321,62,10,9,46,-50.0,0.7608695652173914,35,11,0,False,2
CORE B - Thu/Fri Asia Close Breakout,8.0,35.0,0.22857142857142856,480,482,-33.646999999999025,-0.06980705394190669,0.549792531120332,0.9797991017153388,233.15900000000056,6,177,4,301,324,246.7389999999982,0.7615401234567846,0.6975308641975309,1.1655469802012404,218.8699999999999,5,212,20,92,806,213.0919999999992,0.609181141439206,1.0675182331421458,97,-15.88599999999974,0.4845360824742268,13,0,84,97,-123.02400000000057,0.4329896907216495,22,0,75,91,-33.70899999999938,0.5714285714285714,42,3,46,97,36.61200000000099,0.5979381443298969,48,1,48,100,102.35999999999967,0.66,52,0,48,98,-5.431000000000267,0.5612244897959183,46,1,51,99,223.51099999999929,0.7373737373737373,68,1,30,81,90.6589999999992,0.7654320987654321,62,8,11,46,-62.0,0.782608695652174,36,10,0,False,2
CORE B - Thu/Fri Asia Close Breakout,10.0,8.0,1.25,480,482,-52.44199999999796,-0.10880082987551444,0.45435684647302904,0.9685516751711044,158.59399999999914,6,133,185,164,324,-5.54300000000012,-0.017108024691358394,0.4506172839506173,0.9959491683846586,128.10900000000015,10,132,167,25,806,-57.98499999999808,0.45285359801488834,0.98090036568792,97,-16.490000000000236,0.4639175257731959,10,18,69,97,-64.36299999999937,0.41237113402061853,17,30,50,91,-37.36799999999948,0.43956043956043955,29,48,14,97,9.66000000000031,0.4742268041237113,37,45,15,100,56.119000000000824,0.48,40,44,16,98,-63.473000000000184,0.42857142857142855,31,48,19,99,63.736000000000104,0.48484848484848486,45,49,5,81,-15.80600000000004,0.43209876543209874,35,45,1,46,10.0,0.45652173913043476,21,25,0,False,2
CORE B - Thu/Fri Asia Close Breakout,10.0,10.0,1.0,480,482,-108.84399999999755,-0.22581742738588703,0.483402489626556,0.9390516848924414,250.33499999999822,6,138,146,198,324,76.0920000000001,0.23485185185185214,0.5092592592592593,1.0520000601377977,141.95800000000008,7,149,138,37,806,-32.75199999999745,0.49379652605459057,0.9899198158778297,97,1.9969999999998436,0.4845360824742268,10,7,80,97,-105.09099999999921,0.41237113402061853,17,26,54,91,-73.73299999999927,0.46153846153846156,30,42,19,97,-15.203999999999496,0.5051546391752577,38,38,21,100,83.18700000000058,0.55,43,33,24,98,-82.96100000000024,0.4489795918367347,33,38,27,99,81.52900000000045,0.5454545454545454,49,42,8,81,17.523999999999887,0.5061728395061729,41,38,2,46,60.0,0.5652173913043478,26,20,0,False,2
CORE B - Thu/Fri Asia Close Breakout,10.0,12.0,0.8333333333333334,480,482,-116.37599999999702,-0.24144398340248344,0.5,0.9365663892781646,237.4459999999981,6,141,107,234,324,107.14000000000033,0.33067901234568003,0.5493827160493827,1.0697949082419098,126.93200000000024,7,158,115,51,806,-9.235999999996693,0.5198511166253101,0.9972590869162661,97,-2.7699999999997544,0.4845360824742268,10,4,83,97,-128.7649999999992,0.41237113402061853,17,20,60,91,-56.250999999999294,0.4945054945054945,32,31,28,97,-16.25999999999931,0.5257731958762887,39,27,31,100,87.67000000000053,0.58,43,25,32,98,-60.34999999999991,0.47959183673469385,35,27,36,99,95.96600000000035,0.5959595959595959,51,35,13,81,51.52399999999989,0.5679012345679012,46,33,2,46,20.0,0.5652173913043478,26,20,0,False,1
CORE B - Thu/Fri Asia Close Breakout,10.0,15.0,0.6666666666666666,480,482,-101.9569999999976,-0.21152904564314856,0.5124481327800829,0.9452130097674828,234.89699999999948,6,144,64,274,324,212.62300000000005,0.656243827160494,0.5895061728395061,1.1365448513517507,99.72299999999996,7,170,86,68,806,110.66600000000244,0.543424317617866,1.0323761159953515,97,-2.592999999999847,0.4845360824742268,10,1,86,97,-113.13999999999987,0.422680412371134,17,8,72,91,-82.41699999999923,0.5054945054945055,32,22,37,97,15.62500000000091,0.5567010309278351,41,16,40,100,80.56800000000044,0.59,44,17,39,98,-15.139999999999873,0.5,37,16,45,99,137.4760000000001,0.6363636363636364,55,25,19,81,30.286999999999807,0.6049382716049383,48,29,4,46,60.0,0.6521739130434783,30,16,0,False,2
CORE B - Thu/Fri Asia Close Breakout,10.0,20.0,0.5,480,482,72.94800000000146,0.15134439834025198,0.5311203319502075,1.0421224280506693,178.67500000000018,6,147,24,311,324,328.8979999999997,1.0151172839506164,0.6265432098765432,1.211623741123845,150.0,7,181,57,86,806,401.84600000000114,0.5694789081885856,1.1222913274089594,97,0.36500000000023647,0.4845360824742268,10,0,87,97,-109.96200000000022,0.422680412371134,17,2,78,91,5.111000000000558,0.5494505494505495,34,9,48,97,65.2890000000009,0.5773195876288659,42,6,49,100,112.14499999999998,0.62,44,7,49,98,-7.424999999999727,0.5,37,7,54,99,221.88599999999997,0.6868686868686869,59,15,25,81,104.43699999999944,0.6790123456790124,54,20,7,46,10.0,0.6739130434782609,31,15,0,False,4
CORE B - Thu/Fri Asia Close Breakout,10.0,25.0,0.4,480,482,59.589000000001306,0.1236286307053969,0.5311203319502075,1.0341451367432828,180.98600000000033,6,147,15,320,324,290.8609999999994,0.8977191358024673,0.6388888888888888,1.1782017043244057,215.57999999999993,7,185,43,96,806,350.4500000000007,0.5744416873449132,1.1037642022532927,97,0.36500000000023647,0.4845360824742268,10,0,87,97,-111.09200000000033,0.422680412371134,17,1,79,91,13.282000000000608,0.5494505494505495,34,5,52,97,76.12700000000086,0.5773195876288659,42,3,52,100,80.90699999999993,0.62,44,6,50,98,-22.755999999999858,0.5,37,4,57,99,229.337,0.696969696969697,60,10,29,81,79.27999999999929,0.691358024691358,55,16,10,46,5.0,0.717391304347826,33,13,0,False,4
CORE B - Thu/Fri Asia Close Breakout,10.0,30.0,0.3333333333333333,480,482,54.38100000000122,0.11282365145228469,0.5311203319502075,1.0310681819220564,181.74000000000024,6,147,8,327,324,364.0159999999994,1.1235061728395044,0.6512345679012346,1.2276457337687592,178.44999999999982,7,189,29,106,806,418.3970000000006,0.5794044665012407,1.1249161795676985,97,0.36500000000023647,0.4845360824742268,10,0,87,97,-106.05200000000036,0.422680412371134,17,0,80,91,2.4880000000007385,0.5494505494505495,34,3,54,97,61.12700000000086,0.5773195876288659,42,3,52,100,96.45299999999975,0.62,44,2,54,98,-27.78300000000013,0.5,37,2,59,99,246.66300000000047,0.696969696969697,60,5,34,81,125.13599999999906,0.7160493827160493,57,11,13,46,20.0,0.7608695652173914,35,11,0,False,4
CORE B - Thu/Fri Asia Close Breakout,10.0,35.0,0.2857142857142857,480,482,46.787000000000944,0.09706846473029242,0.5311203319502075,1.02661421981035,191.74000000000024,6,147,4,331,324,362.0949999999996,1.1175771604938258,0.654320987654321,1.2247687258646511,191.81699999999955,7,190,20,114,806,408.8820000000005,0.5806451612903226,1.1213682535470388,97,0.36500000000023647,0.4845360824742268,10,0,87,97,-106.05200000000036,0.422680412371134,17,0,80,91,-12.511999999999261,0.5494505494505495,34,3,54,97,67.40900000000079,0.5773195876288659,42,1,54,100,97.57699999999954,0.62,44,0,56,98,-27.123000000000047,0.5,37,1,60,99,253.60600000000045,0.696969696969697,60,1,38,81,125.61199999999917,0.7160493827160493,57,8,16,46,10.0,0.782608695652174,36,10,0,False,3
CORE B - Thu/Fri Asia Close Breakout,12.0,8.0,1.5,480,482,1.93000000000211,0.004004149377597739,0.44190871369294604,1.001133928734049,138.27399999999943,6,105,189,188,324,30.20800000000031,0.09323456790123552,0.42592592592592593,1.0211638284054059,133.61300000000006,10,114,173,37,806,32.13800000000242,0.43548387096774194,1.0102697396423845,97,-9.776000000000295,0.4639175257731959,7,18,72,97,-45.34099999999944,0.41237113402061853,13,30,54,91,-31.16699999999969,0.4175824175824176,22,49,20,97,18.625000000000227,0.4536082474226804,30,47,20,100,69.5890000000013,0.46,33,45,22,98,-38.08400000000006,0.41836734693877553,26,48,24,99,51.39900000000034,0.45454545454545453,37,51,11,81,-15.106999999999971,0.3950617283950617,31,48,2,46,32.0,0.43478260869565216,20,26,0,False,2
CORE B - Thu/Fri Asia Close Breakout,12.0,10.0,1.2,480,482,-43.069999999997435,-0.08935684647302372,0.4730290456431535,0.976202894771158,207.38799999999856,6,109,148,225,324,123.36600000000067,0.3807592592592613,0.4845679012345679,1.0804061302781884,146.5239999999999,7,130,144,50,806,80.29600000000323,0.47766749379652607,1.0240107410807473,97,8.710999999999785,0.4845360824742268,7,7,83,97,-86.06899999999928,0.41237113402061853,13,26,58,91,-57.23899999999935,0.45054945054945056,23,42,26,97,0.20400000000040563,0.4845360824742268,31,39,27,100,91.323000000001,0.53,35,34,31,98,-53.572000000000116,0.4387755102040816,28,38,32,99,62.71500000000083,0.5151515151515151,40,44,15,81,24.222999999999956,0.4691358024691358,37,41,3,46,90.0,0.5434782608695652,25,21,0,False,3
CORE B - Thu/Fri Asia Close Breakout,12.0,12.0,1.0,480,482,-30.74899999999684,-0.06379460580912208,0.491701244813278,0.9833847926192595,190.90199999999868,6,112,108,262,324,160.4140000000009,0.49510493827160773,0.5246913580246914,1.099140384500099,127.80400000000009,7,139,121,64,806,129.66500000000406,0.5049627791563276,1.0373814074021337,97,3.9440000000001874,0.4845360824742268,7,4,86,97,-109.74299999999926,0.41237113402061853,13,20,64,91,-35.75699999999938,0.4835164835164835,25,31,35,97,-0.851999999999407,0.5051546391752577,32,28,37,100,111.65900000000101,0.57,35,25,40,98,-26.960999999999785,0.46938775510204084,30,27,41,99,77.15200000000073,0.5656565656565656,42,37,20,81,62.222999999999956,0.5308641975308642,42,36,3,46,48.0,0.5434782608695652,25,21,0,False,2
CORE B - Thu/Fri Asia Close Breakout,12.0,15.0,0.8,480,482,-16.540999999997666,-0.03431742738588727,0.504149377593361,0.9911793000179189,198.47299999999927,6,114,64,304,324,253.727000000001,0.7831080246913611,0.5617283950617284,1.1529668307704928,110.78999999999996,7,149,91,84,806,237.18600000000333,0.5272952853598015,1.0671163235288301,97,4.121000000000095,0.4845360824742268,7,1,89,97,-94.11799999999994,0.422680412371134,13,8,76,91,-61.92299999999932,0.4945054945054945,25,22,44,97,28.82200000000057,0.5360824742268041,33,16,48,100,106.55700000000093,0.58,36,17,47,98,22.24900000000025,0.4897959183673469,32,16,50,99,123.28200000000083,0.6060606060606061,45,26,28,81,15.195999999999913,0.5555555555555556,43,32,6,46,93.0,0.6304347826086957,29,17,0,True,3
CORE B - Thu/Fri Asia Close Breakout,12.0,20.0,0.6,480,482,164.1720000000014,0.3406058091286336,0.5228215767634855,1.094022860271488,148.5630000000001,6,116,24,342,324,372.4850000000008,1.1496450617283975,0.5987654320987654,1.22358123738741,168.78999999999996,7,159,61,104,806,536.6570000000022,0.5533498759305211,1.157281482263019,97,7.079000000000178,0.4845360824742268,7,0,90,97,-90.94000000000028,0.422680412371134,13,2,82,91,29.605000000000473,0.5384615384615384,27,9,55,97,80.29400000000055,0.5567010309278351,33,6,58,100,138.13400000000047,0.61,36,7,57,98,29.964000000000397,0.4897959183673469,32,7,59,99,201.46500000000083,0.6565656565656566,48,16,35,81,101.05599999999959,0.6296296296296297,49,22,10,46,40.0,0.6521739130434783,30,16,0,True,4
CORE B - Thu/Fri Asia Close Breakout,12.0,25.0,0.48,480,482,150.81300000000124,0.3128900414937785,0.5228215767634855,1.0857162343807287,150.87400000000025,6,116,15,351,324,359.44800000000055,1.1094074074074092,0.6141975308641975,1.2066944177533354,207.3699999999999,7,164,46,114,806,510.2610000000018,0.5595533498759305,1.1458523654299764,97,7.079000000000178,0.4845360824742268,7,0,90,97,-92.07000000000039,0.422680412371134,13,1,83,91,37.77600000000052,0.5384615384615384,27,5,59,97,91.13200000000052,0.5567010309278351,33,3,61,100,106.89600000000041,0.61,36,6,58,98,14.633000000000266,0.4897959183673469,32,4,62,99,205.91600000000085,0.6666666666666666,49,11,39,81,67.89899999999943,0.6419753086419753,50,18,13,46,71.0,0.717391304347826,33,13,0,True,4
CORE B - Thu/Fri Asia Close Breakout,12.0,30.0,0.4,480,482,145.60500000000116,0.3020850622406663,0.5228215767634855,1.08251197260878,151.62800000000016,6,116,8,358,324,434.83600000000024,1.342086419753087,0.6265432098765432,1.254045966360976,169.23999999999978,7,168,31,125,806,580.4410000000014,0.5645161290322581,1.1669711094797455,97,7.079000000000178,0.4845360824742268,7,0,90,97,-87.03000000000043,0.422680412371134,13,0,84,91,26.982000000000653,0.5384615384615384,27,3,61,97,76.13200000000052,0.5567010309278351,33,3,61,100,122.44200000000023,0.61,36,2,62,98,9.605999999999995,0.4897959183673469,32,2,64,99,227.47500000000105,0.6666666666666666,49,5,45,81,107.7549999999992,0.6666666666666666,52,13,16,46,90.0,0.7608695652173914,35,11,0,True,4
CORE B - Thu/Fri Asia Close Breakout,12.0,35.0,0.34285714285714286,480,482,138.01100000000088,0.286329875518674,0.5228215767634855,1.0778734566908568,161.62800000000016,6,116,4,362,324,424.9150000000004,1.3114660493827173,0.6296296296296297,1.2451106506595662,185.60699999999952,7,169,22,133,806,562.9260000000013,0.56575682382134,1.1605694089042455,97,7.079000000000178,0.4845360824742268,7,0,90,97,-87.03000000000043,0.422680412371134,13,0,84,91,11.982000000000653,0.5384615384615384,27,3,61,97,82.41400000000044,0.5567010309278351,33,1,63,100,123.56600000000003,0.61,36,0,64,98,10.266000000000076,0.4897959183673469,32,1,65,99,234.41800000000103,0.6666666666666666,49,1,49,81,98.23099999999931,0.6666666666666666,52,10,19,46,82.0,0.782608695652174,36,10,0,True,4
CORE B - Thu/Fri Asia Close Breakout,15.0,8.0,1.875,480,482,102.0790000000029,0.21178215767635458,0.43775933609958506,1.0595528475442686,105.32399999999961,6,76,190,216,324,48.41999999999962,0.14944444444444327,0.39197530864197533,1.0320938343647943,127.20699999999988,10,92,183,49,806,150.49900000000252,0.41935483870967744,1.0466983286541616,97,-6.072000000000344,0.4639175257731959,4,18,75,97,-32.99199999999951,0.41237113402061853,7,30,60,91,5.9610000000004675,0.4175824175824176,18,49,24,97,64.3570000000002,0.44329896907216493,25,48,24,100,70.82500000000209,0.45,22,45,33,98,19.881999999999607,0.41836734693877553,22,48,28,99,-20.644999999999982,0.3939393939393939,25,56,18,81,3.1829999999999927,0.35802469135802467,27,51,3,46,46.0,0.391304347826087,18,28,0,False,3
CORE B - Thu/Fri Asia Close Breakout,15.0,10.0,1.5,480,482,56.20100000000343,0.11659958506224778,0.46887966804979253,1.0308131680636536,161.77799999999888,6,78,149,255,324,162.88299999999958,0.5027253086419741,0.4506172839506173,1.099806187894188,122.37900000000013,7,106,153,65,806,219.08400000000302,0.46153846153846156,1.0633938102173062,97,12.414999999999736,0.4845360824742268,4,7,86,97,-73.71999999999935,0.41237113402061853,7,26,64,91,-23.91799999999921,0.45054945054945056,18,42,31,97,46.93600000000038,0.4742268041237113,26,40,31,100,94.48800000000188,0.52,23,34,43,98,4.405999999999494,0.4387755102040816,23,38,37,99,10.311000000000377,0.46464646464646464,28,48,23,81,58.16599999999971,0.43209876543209874,33,43,5,46,90.0,0.4782608695652174,22,24,0,True,3
CORE B - Thu/Fri Asia Close Breakout,15.0,12.0,1.25,480,482,79.0380000000041,0.1639792531120417,0.487551867219917,1.0424209765873673,142.41599999999926,6,81,108,293,324,221.68599999999992,0.6842160493827159,0.49382716049382713,1.1300028148530412,106.1740000000002,7,113,127,84,806,300.724000000004,0.49007444168734493,1.084273664942096,97,7.648000000000138,0.4845360824742268,4,4,89,97,-97.39399999999932,0.41237113402061853,7,20,70,91,3.5640000000007603,0.4835164835164835,20,31,40,97,50.39600000000064,0.4948453608247423,27,28,42,100,114.82400000000189,0.56,23,25,52,98,19.555999999999585,0.46938775510204084,23,27,48,99,21.168000000000802,0.5151515151515151,29,40,30,81,111.96199999999953,0.49382716049382713,38,37,6,46,69.0,0.5,23,23,0,True,4
CORE B - Thu/Fri Asia Close Breakout,15.0,15.0,1.0,480,482,96.92200000000321,0.20108298755187387,0.5,1.0513418964961962,150.39099999999962,6,82,64,336,324,330.64200000000005,1.0205000000000002,0.5308641975308642,1.1888730975137725,93.82300000000032,7,122,96,106,806,427.56400000000326,0.5124069478908189,1.1175149379668983,97,7.8250000000000455,0.4845360824742268,4,1,92,97,-81.769,0.422680412371134,7,8,82,91,-22.60199999999918,0.4945054945054945,20,22,49,97,80.74600000000055,0.5257731958762887,27,16,54,100,112.7220000000018,0.57,24,17,59,98,74.76599999999962,0.4897959183673469,25,16,57,99,87.64800000000082,0.5656565656565656,32,28,39,81,48.22799999999961,0.5061728395061729,38,33,10,46,120.0,0.5869565217391305,27,19,0,True,3
CORE B - Thu/Fri Asia Close Breakout,15.0,20.0,0.75,480,482,283.63500000000226,0.5884543568464777,0.5186721991701245,1.1612832605676984,125.51500000000078,6,84,24,374,324,443.9399999999998,1.3701851851851847,0.5679012345679012,1.2489999394242612,163.78999999999996,7,131,66,127,806,727.5750000000021,0.5384615384615384,1.2054422610042173,97,10.78300000000013,0.4845360824742268,4,0,93,97,-78.59100000000035,0.422680412371134,7,2,88,91,74.92600000000061,0.5384615384615384,22,9,60,97,132.21800000000053,0.5463917525773195,27,6,64,100,144.29900000000134,0.6,24,7,69,98,82.48099999999977,0.4897959183673469,25,7,66,99,154.37100000000078,0.6161616161616161,34,18,47,81,112.08799999999928,0.5679012345679012,43,24,14,46,95.0,0.6304347826086957,29,17,0,True,4
CORE B - Thu/Fri Asia Close Breakout,15.0,25.0,0.6,480,482,270.2760000000021,0.5607385892116227,0.5186721991701245,1.1525282834445008,126.64500000000089,6,84,15,383,324,481.35599999999954,1.4856666666666651,0.5864197530864198,1.2622513179142627,209.3699999999999,7,137,49,138,806,751.6320000000017,0.5459057071960298,1.208355544319546,97,10.78300000000013,0.4845360824742268,4,0,93,97,-79.72100000000046,0.422680412371134,7,1,89,91,83.09700000000066,0.5384615384615384,22,5,64,97,143.0560000000005,0.5463917525773195,27,3,67,100,113.06100000000129,0.6,24,6,70,98,67.14999999999964,0.4897959183673469,25,4,69,99,172.27500000000077,0.6262626262626263,35,12,52,81,71.93099999999913,0.5802469135802469,44,20,17,46,170.0,0.717391304347826,33,13,0,True,4
CORE B - Thu/Fri Asia Close Breakout,15.0,30.0,0.5,480,482,265.06800000000203,0.5499336099585105,0.5186721991701245,1.1491508180652406,122.17500000000041,6,84,8,390,324,564.1639999999993,1.7412469135802449,0.5987654320987654,1.311234048375102,172.23999999999978,7,141,33,150,806,829.2320000000013,0.5508684863523573,1.2309935598962523,97,10.78300000000013,0.4845360824742268,4,0,93,97,-74.6810000000005,0.422680412371134,7,0,90,91,72.3030000000008,0.5384615384615384,22,3,66,97,128.0560000000005,0.5463917525773195,27,3,67,100,128.6070000000011,0.6,24,2,74,98,62.122999999999365,0.4897959183673469,25,2,71,99,199.25400000000104,0.6262626262626263,35,5,59,81,107.7869999999989,0.6049382716049383,46,15,20,46,195.0,0.7608695652173914,35,11,0,True,4
CORE B - Thu/Fri Asia Close Breakout,15.0,35.0,0.42857142857142855,480,482,257.47400000000175,0.5341784232365182,0.5186721991701245,1.1442613214550863,132.1750000000004,6,84,4,394,324,558.1129999999994,1.7225709876543192,0.6018518518518519,1.304361246188756,184.73699999999963,7,142,23,159,806,815.5870000000011,0.5521091811414393,1.225394045146959,97,10.78300000000013,0.4845360824742268,4,0,93,97,-74.6810000000005,0.422680412371134,7,0,90,91,57.30300000000079,0.5384615384615384,22,3,66,97,134.33800000000042,0.5463917525773195,27,1,69,100,129.7310000000009,0.6,24,0,76,98,62.78299999999945,0.4897959183673469,25,1,72,99,206.19700000000103,0.6262626262626263,35,1,63,81,99.1329999999989,0.6049382716049383,46,11,24,46,190.0,0.782608695652174,36,10,0,True,4
CORE B - Thu/Fri Asia Close Breakout,20.0,8.0,2.5,480,482,139.12800000000288,0.2886473029045703,0.4315352697095436,1.080046441757079,106.47599999999989,7,43,193,246,324,98.53199999999993,0.3041111111111109,0.36728395061728397,1.0626917123022273,151.20000000000027,10,66,190,68,806,237.6600000000028,0.4057071960297767,1.0718053334026236,97,3.0539999999996326,0.4639175257731959,2,18,77,97,-16.172999999999547,0.41237113402061853,4,30,63,91,23.7150000000006,0.4175824175824176,12,49,30,97,84.37099999999987,0.4329896907216495,16,49,32,100,44.16100000000233,0.43,9,47,44,98,50.45699999999965,0.41836734693877553,15,48,35,99,29.60900000000038,0.3838383838383838,20,57,22,81,-33.534000000000106,0.30864197530864196,16,54,11,46,52.0,0.32608695652173914,15,31,0,False,4
CORE B - Thu/Fri Asia Close Breakout,20.0,10.0,2.0,480,482,97.25000000000341,0.2017634854771855,0.46265560165975106,1.0524561903159149,130.81099999999878,7,45,152,285,324,234.8280000000002,0.7247777777777784,0.4228395061728395,1.1366086808304678,121.47500000000014,8,78,161,85,806,332.0780000000036,0.4466501240694789,1.0929432611111791,97,21.540999999999713,0.4845360824742268,2,7,88,97,-56.900999999999385,0.41237113402061853,4,26,67,91,-6.163999999999078,0.45054945054945056,12,42,37,97,69.95000000000005,0.4639175257731959,17,41,39,100,68.82400000000212,0.5,10,36,54,98,35.81399999999985,0.4387755102040816,15,38,45,99,73.56500000000074,0.45454545454545453,23,49,27,81,15.448999999999614,0.37037037037037035,21,47,13,46,110.0,0.41304347826086957,19,27,0,True,3
CORE B - Thu/Fri Asia Close Breakout,20.0,12.0,1.6666666666666667,480,482,109.39300000000412,0.22695643153527825,0.48132780082987553,1.057600061500164,126.93000000000006,6,46,111,325,324,344.63100000000054,1.0636759259259276,0.4691358024691358,1.1918635141379448,115.66800000000035,7,86,134,104,806,454.02400000000466,0.47642679900744417,1.122861537495685,97,16.774000000000115,0.4845360824742268,2,4,91,97,-80.57499999999936,0.41237113402061853,4,20,73,91,11.624000000000933,0.4835164835164835,12,31,48,97,76.41000000000031,0.4845360824742268,18,29,50,100,85.16000000000213,0.54,10,27,63,98,50.96399999999994,0.46938775510204084,15,27,56,99,87.42200000000116,0.5050505050505051,24,41,34,81,118.24499999999944,0.4444444444444444,27,40,14,46,88.0,0.43478260869565216,20,26,0,True,4
CORE B - Thu/Fri Asia Close Breakout,20.0,15.0,1.3333333333333333,480,482,140.17400000000316,0.29081742738589866,0.49377593360995853,1.0731643282274106,138.1959999999999,6,47,65,370,324,465.8450000000007,1.4377932098765454,0.5092592592592593,1.2532848271054922,94.29800000000023,7,91,101,132,806,606.0190000000039,0.5,1.161385883119274,97,16.951000000000022,0.4845360824742268,2,1,94,97,-64.95000000000005,0.422680412371134,4,8,85,91,-14.541999999999007,0.4945054945054945,12,22,57,97,113.78700000000026,0.5154639175257731,18,16,63,100,88.92800000000193,0.55,11,18,71,98,95.20000000000005,0.4897959183673469,15,16,67,99,143.81400000000144,0.5555555555555556,25,29,45,81,76.83099999999922,0.4691358024691358,27,34,20,46,150.0,0.5217391304347826,24,22,0,True,3
CORE B - Thu/Fri Asia Close Breakout,20.0,20.0,1.0,480,482,331.8870000000022,0.688562240663905,0.5124481327800829,1.1852340520294233,103.51200000000085,6,49,25,408,324,565.1759999999999,1.7443703703703701,0.5432098765432098,1.2972854977218715,133.0699999999997,7,98,71,155,806,897.0630000000021,0.5248138957816377,1.2429196073806634,97,19.909000000000106,0.4845360824742268,2,0,95,97,-61.77200000000039,0.422680412371134,4,2,91,91,92.98600000000079,0.5384615384615384,14,9,68,97,165.25900000000024,0.5360824742268041,18,6,73,100,115.50500000000147,0.58,11,8,81,98,102.91500000000019,0.4897959183673469,15,7,76,99,215.5370000000014,0.6060606060606061,27,19,53,81,126.72399999999834,0.5185185185185185,30,25,26,46,120.0,0.5652173913043478,26,20,0,True,4
CORE B - Thu/Fri Asia Close Breakout,20.0,25.0,0.8,480,482,313.52800000000207,0.6504730290456474,0.5124481327800829,1.1732126164868226,118.80899999999951,6,49,16,417,324,674.6719999999996,2.08232098765432,0.5648148148148148,1.3492767233408536,188.64999999999964,7,105,52,167,806,988.2000000000016,0.533498759305211,1.2641044102389771,97,19.909000000000106,0.4845360824742268,2,0,95,97,-62.9020000000005,0.422680412371134,4,1,92,91,101.15700000000083,0.5384615384615384,14,5,72,97,176.0970000000002,0.5360824742268041,18,3,76,100,79.26700000000142,0.58,11,7,82,98,87.58400000000006,0.4897959183673469,15,4,79,99,255.52100000000132,0.6161616161616161,28,12,59,81,86.56699999999819,0.5308641975308642,31,21,29,46,245.0,0.6739130434782609,31,15,0,True,4
CORE B - Thu/Fri Asia Close Breakout,20.0,30.0,0.6666666666666666,480,482,303.320000000002,0.6292946058091328,0.5124481327800829,1.166633338533988,122.97799999999961,6,49,9,424,324,762.4799999999993,2.3533333333333313,0.5771604938271605,1.3963368676246917,167.8699999999999,7,109,36,179,806,1065.8000000000013,0.5384615384615384,1.2846610482299896,97,19.909000000000106,0.4845360824742268,2,0,95,97,-57.862000000000535,0.422680412371134,4,0,93,91,90.36300000000097,0.5384615384615384,14,3,74,97,161.0970000000002,0.5360824742268041,18,3,76,100,89.81300000000124,0.58,11,3,86,98,82.55699999999979,0.4897959183673469,15,2,81,99,282.5000000000016,0.6161616161616161,28,5,66,81,127.42299999999796,0.5555555555555556,33,16,32,46,270.0,0.717391304347826,33,13,0,True,4
CORE B - Thu/Fri Asia Close Breakout,20.0,35.0,0.5714285714285714,480,482,296.9570000000017,0.6160933609958541,0.5124481327800829,1.1625694510214626,120.62299999999982,6,49,4,429,324,746.4289999999994,2.3037932098765412,0.5802469135802469,1.3808565776590167,177.0,7,110,26,188,806,1043.386000000001,0.5397022332506204,1.2755530413710126,97,19.909000000000106,0.4845360824742268,2,0,95,97,-57.862000000000535,0.422680412371134,4,0,93,91,75.36300000000097,0.5384615384615384,14,3,74,97,167.37900000000013,0.5360824742268041,18,1,78,100,92.16800000000103,0.58,11,0,89,98,83.21699999999987,0.4897959183673469,15,1,82,99,289.4430000000016,0.6161616161616161,28,1,70,81,113.76899999999796,0.5555555555555556,33,12,36,46,260.0,0.7391304347826086,34,12,0,True,4
CORE B - Thu/Fri Asia Close Breakout,25.0,8.0,3.125,480,482,97.42900000000282,0.20213485477179008,0.42738589211618255,1.0556943689402543,119.40299999999888,7,19,194,269,324,199.10200000000054,0.614512345679014,0.3549382716049383,1.1252494269157123,158.52100000000019,10,49,192,83,806,296.53100000000336,0.39826302729528534,1.0888084588326739,97,3.4469999999996617,0.4639175257731959,0,18,79,97,-10.732999999999493,0.41237113402061853,3,30,64,91,48.77900000000045,0.4175824175824176,7,49,35,97,39.332999999999856,0.422680412371134,6,49,42,100,16.60300000000234,0.42,3,48,49,98,100.80199999999991,0.41836734693877553,10,48,40,99,47.664000000001124,0.37373737373737376,14,58,27,81,-76.36400000000049,0.2716049382716049,10,55,16,46,127.0,0.32608695652173914,15,31,0,False,4
CORE B - Thu/Fri Asia Close Breakout,25.0,10.0,2.5,480,482,60.586000000003196,0.12569709543569127,0.45850622406639,1.032447723528645,153.01899999999887,7,20,153,309,324,315.12400000000093,0.9726049382716078,0.4104938271604938,1.1810083771028925,115.154,8,57,163,104,806,375.71000000000413,0.4392059553349876,1.1041289046607057,97,21.93399999999974,0.4845360824742268,0,7,90,97,-51.46099999999933,0.41237113402061853,3,26,68,91,18.900000000000773,0.45054945054945056,7,42,42,97,29.912000000000035,0.4536082474226804,7,41,49,100,41.30100000000198,0.49,3,37,60,98,86.1590000000001,0.4387755102040816,10,38,50,99,83.9130000000016,0.45454545454545453,15,49,35,81,-24.948000000000775,0.3333333333333333,14,48,19,46,170.0,0.391304347826087,18,28,0,False,4
CORE B - Thu/Fri Asia Close Breakout,25.0,12.0,2.0833333333333335,480,482,75.72900000000391,0.15711410788382554,0.47717842323651455,1.0395566958936358,138.92399999999884,7,21,112,349,324,421.6670000000015,1.301441358024696,0.4537037037037037,1.2298936365673445,105.86599999999976,7,63,137,124,806,497.3960000000054,0.46774193548387094,1.1326875854479994,97,17.167000000000144,0.4845360824742268,0,4,93,97,-75.13499999999931,0.41237113402061853,3,20,74,91,36.688000000000784,0.4835164835164835,7,31,53,97,41.3720000000003,0.4742268041237113,8,29,60,100,55.63700000000199,0.53,3,28,69,98,101.3090000000002,0.46938775510204084,10,27,61,99,102.77000000000203,0.5050505050505051,16,41,42,81,66.58799999999928,0.3950617283950617,18,42,21,46,151.0,0.41304347826086957,19,27,0,True,4
CORE B - Thu/Fri Asia Close Breakout,25.0,15.0,1.6666666666666667,480,482,108.51000000000295,0.22512448132780694,0.4896265560165975,1.0561024828101822,145.1709999999989,7,22,66,394,324,558.8810000000017,1.7249413580246966,0.49382716049382713,1.296305152194902,96.03599999999983,7,68,104,152,806,667.3910000000046,0.4913151364764268,1.1746956919157798,97,17.34400000000005,0.4845360824742268,0,1,96,97,-59.50999999999999,0.422680412371134,3,8,86,91,10.522000000000844,0.4945054945054945,7,22,62,97,78.74900000000025,0.5051546391752577,8,16,73,100,61.40500000000179,0.54,4,19,77,98,145.5450000000003,0.4897959183673469,10,16,72,99,164.1620000000023,0.5555555555555556,17,29,53,81,19.17399999999907,0.41975308641975306,18,36,27,46,230.0,0.5,23,23,0,True,4
CORE B - Thu/Fri Asia Close Breakout,25.0,20.0,1.25,480,482,305.223000000002,0.6332427385892158,0.508298755186722,1.168169073216907,101.1889999999994,6,24,26,432,324,692.7920000000008,2.1382469135802493,0.5308641975308642,1.3565441375139922,153.42000000000007,7,73,73,178,806,998.0150000000028,0.5173697270471465,1.26556710763981,97,20.302000000000135,0.4845360824742268,0,0,97,97,-56.332000000000335,0.422680412371134,3,2,92,91,128.05000000000064,0.5384615384615384,9,9,73,97,130.22100000000023,0.5257731958762887,8,6,83,100,82.98200000000134,0.57,4,9,87,98,153.26000000000045,0.4897959183673469,10,7,81,99,239.2250000000024,0.6060606060606061,18,19,62,81,53.75699999999779,0.4691358024691358,20,27,34,46,246.55000000000018,0.5652173913043478,25,20,1,True,4
CORE B - Thu/Fri Asia Close Breakout,25.0,25.0,1.0,480,482,281.86400000000185,0.5847800829875557,0.508298755186722,1.1533256162094427,127.42699999999945,6,24,17,441,324,779.8180000000002,2.4068456790123465,0.5493827160493827,1.3922923723079568,214.0,7,78,54,192,806,1061.682000000002,0.5248138957816377,1.27747795780915,97,20.302000000000135,0.4845360824742268,0,0,97,97,-57.462000000000444,0.422680412371134,3,1,93,91,136.22100000000069,0.5384615384615384,9,5,77,97,141.0590000000002,0.5257731958762887,8,3,86,100,41.74400000000128,0.57,4,8,88,98,137.92900000000031,0.4897959183673469,10,4,84,99,266.0090000000025,0.6161616161616161,18,12,69,81,8.599999999997635,0.48148148148148145,21,23,37,46,367.27999999999975,0.6521739130434783,29,15,2,True,4
CORE B - Thu/Fri Asia Close Breakout,25.0,30.0,0.8333333333333334,480,482,266.65600000000177,0.5532282157676385,0.508298755186722,1.1438627839425457,131.59599999999955,6,24,10,448,324,877.626,2.7087222222222223,0.5617283950617284,1.441009004337096,157.8699999999999,7,82,38,204,806,1144.2820000000017,0.5297766749379652,1.2977121619529688,97,20.302000000000135,0.4845360824742268,0,0,97,97,-52.42200000000048,0.422680412371134,3,0,94,91,125.42700000000082,0.5384615384615384,9,3,79,97,126.0590000000002,0.5257731958762887,8,3,86,100,47.2900000000011,0.57,4,4,92,98,132.90200000000004,0.4897959183673469,10,2,86,99,292.9880000000028,0.6161616161616161,18,5,76,81,49.4559999999974,0.5061728395061729,23,18,40,46,402.27999999999975,0.6956521739130435,31,13,2,True,4
CORE B - Thu/Fri Asia Close Breakout,25.0,35.0,0.7142857142857143,480,482,255.29300000000148,0.5296535269709575,0.508298755186722,1.1368931533851294,130.35099999999966,6,24,5,453,324,856.575,2.6437500000000003,0.5648148148148148,1.4206956267202067,184.36699999999973,7,83,28,213,806,1111.8680000000015,0.5310173697270472,1.2850213496594083,97,20.302000000000135,0.4845360824742268,0,0,97,97,-52.42200000000048,0.422680412371134,3,0,94,91,110.42700000000082,0.5384615384615384,9,3,79,97,132.34100000000012,0.5257731958762887,8,1,88,100,44.64500000000089,0.57,4,1,95,98,133.56200000000013,0.4897959183673469,10,1,87,99,299.93100000000277,0.6161616161616161,18,1,80,81,25.801999999997406,0.5061728395061729,23,14,44,46,397.27999999999975,0.717391304347826,32,12,2,True,4
CORE B - Thu/Fri Asia Close Breakout,30.0,8.0,3.75,480,482,81.18000000000325,0.16842323651452956,0.42531120331950206,1.0463528664777093,143.5659999999998,7,10,194,278,324,115.95599999999945,0.3578888888888872,0.3395061728395062,1.0711541907312268,154.47700000000077,10,31,197,96,806,197.1360000000027,0.39081885856079407,1.0583071477246921,97,3.4469999999996617,0.4639175257731959,0,18,79,97,-5.999999999999545,0.41237113402061853,2,30,65,91,18.15100000000075,0.4065934065934066,3,49,39,97,49.99599999999987,0.422680412371134,4,49,44,100,15.586000000002514,0.42,1,48,51,98,123.58499999999981,0.41836734693877553,7,48,43,99,15.522000000000844,0.37373737373737376,6,58,35,81,-73.1510000000012,0.25925925925925924,7,56,18,46,50.0,0.2391304347826087,11,35,0,False,4
CORE B - Thu/Fri Asia Close Breakout,30.0,10.0,3.0,480,482,49.33700000000363,0.10235892116183325,0.45643153526970953,1.0263949261309093,154.96299999999928,7,11,153,318,324,229.31499999999983,0.7077623456790119,0.3950617283950617,1.1280419847498737,126.62700000000086,8,36,168,120,806,278.65200000000345,0.4317617866004963,1.0761319093002673,97,21.93399999999974,0.4845360824742268,0,7,90,97,-46.72799999999938,0.41237113402061853,2,26,69,91,-11.727999999998929,0.43956043956043955,3,42,46,97,45.575000000000045,0.4536082474226804,5,41,51,100,40.28400000000215,0.49,1,37,62,98,108.94200000000001,0.4387755102040816,7,38,53,99,56.77100000000132,0.45454545454545453,7,49,43,81,-26.318000000001575,0.32098765432098764,9,49,23,46,89.92000000000007,0.30434782608695654,13,32,1,False,3
CORE B - Thu/Fri Asia Close Breakout,30.0,12.0,2.5,480,482,69.48000000000434,0.14414937759337,0.475103734439834,1.0362547412153502,132.66199999999867,7,12,112,358,324,301.8080000000002,0.9315061728395069,0.4351851851851852,1.1583310731446037,143.14000000000033,7,39,143,142,806,371.28800000000456,0.45905707196029777,1.0971291432948391,97,17.167000000000144,0.4845360824742268,0,4,93,97,-70.40199999999936,0.41237113402061853,2,20,75,91,6.060000000001082,0.4725274725274725,3,31,57,97,62.03500000000031,0.4742268041237113,6,29,62,100,54.620000000002165,0.53,1,28,71,98,124.0920000000001,0.46938775510204084,7,27,64,99,77.08800000000178,0.5050505050505051,7,41,51,81,32.707999999998265,0.37037037037037035,11,44,26,46,67.92000000000007,0.32608695652173914,14,31,1,True,4
CORE B - Thu/Fri Asia Close Breakout,30.0,15.0,2.0,480,482,96.94100000000321,0.20112240663901082,0.487551867219917,1.0500693133127028,138.90899999999874,7,12,66,404,324,479.75199999999995,1.4807160493827158,0.4783950617283951,1.2446257763872226,185.79400000000123,7,44,109,171,806,576.6930000000032,0.4838709677419355,1.147972328556441,97,17.34400000000005,0.4845360824742268,0,1,96,97,-54.777000000000044,0.422680412371134,2,8,87,91,-20.105999999998858,0.4835164835164835,3,22,66,97,99.41200000000026,0.5051546391752577,6,16,75,100,55.0680000000018,0.54,1,19,80,98,168.3280000000002,0.4897959183673469,7,16,75,99,143.48000000000206,0.5555555555555556,8,29,62,81,-20.70600000000195,0.3950617283950617,11,38,32,46,188.64999999999964,0.43478260869565216,18,26,2,False,3
CORE B - Thu/Fri Asia Close Breakout,30.0,20.0,1.5,480,482,303.65400000000227,0.6299875518672247,0.5062240663900415,1.1671207182931636,101.1889999999994,6,14,26,442,324,600.7859999999991,1.8542777777777752,0.5154320987654321,1.2940596894387133,255.7800000000002,7,48,78,198,806,904.4400000000014,0.5099255583126551,1.2343079064540374,97,20.302000000000135,0.4845360824742268,0,0,97,97,-51.59900000000039,0.422680412371134,2,2,93,91,107.42200000000093,0.5274725274725275,5,9,77,97,150.88400000000024,0.5257731958762887,6,6,85,100,76.64500000000135,0.57,1,9,90,98,176.04300000000035,0.4897959183673469,7,7,84,99,210.6660000000022,0.6060606060606061,8,19,72,81,13.87699999999677,0.4444444444444444,13,29,39,46,200.19999999999982,0.5,20,23,3,True,4
CORE B - Thu/Fri Asia Close Breakout,30.0,25.0,1.2,480,482,280.2950000000021,0.5815248962655646,0.5062240663900415,1.152306674933288,127.42699999999945,6,14,17,451,324,706.0619999999981,2.1792037037036978,0.5370370370370371,1.3381767551197417,302.5500000000002,7,52,58,214,806,986.3570000000002,0.5186104218362283,1.251097581527536,97,20.302000000000135,0.4845360824742268,0,0,97,97,-52.7290000000005,0.422680412371134,2,1,94,91,115.59300000000098,0.5274725274725275,5,5,81,97,161.7220000000002,0.5257731958762887,6,3,88,100,35.40700000000129,0.57,1,8,91,98,160.71200000000022,0.4897959183673469,7,4,87,99,237.45000000000232,0.6161616161616161,8,12,79,81,7.529999999996562,0.4691358024691358,14,24,43,46,300.369999999999,0.5869565217391305,23,18,5,True,4
CORE B - Thu/Fri Asia Close Breakout,30.0,30.0,1.0,480,482,265.08700000000204,0.5499730290456474,0.5062240663900415,1.1428623781420095,131.59599999999955,6,14,10,458,324,759.7999999999968,2.3450617283950517,0.5462962962962963,1.3605645459416063,265.12000000000035,7,54,41,229,806,1024.8869999999988,0.5223325062034739,1.2586275030332146,97,20.302000000000135,0.4845360824742268,0,0,97,97,-47.68900000000053,0.422680412371134,2,0,95,91,104.79900000000112,0.5274725274725275,5,3,83,97,146.7220000000002,0.5257731958762887,6,3,88,100,40.95300000000111,0.57,1,4,95,98,155.68499999999995,0.4897959183673469,7,2,89,99,264.4290000000026,0.6161616161616161,8,5,86,81,3.6859999999960564,0.48148148148148145,15,19,47,46,335.9999999999982,0.6304347826086957,24,15,7,True,4
CORE B - Thu/Fri Asia Close Breakout,30.0,35.0,0.8571428571428571,480,482,253.72400000000175,0.5263983402489663,0.5062240663900415,1.1359062919143148,130.35099999999966,6,14,5,463,324,732.9489999999967,2.262188271604928,0.5493827160493827,1.338685052737808,273.41700000000037,7,55,30,239,806,986.6729999999984,0.5235732009925558,1.244770908304279,97,20.302000000000135,0.4845360824742268,0,0,97,97,-47.68900000000053,0.422680412371134,2,0,95,91,89.79900000000112,0.5274725274725275,5,3,83,97,153.00400000000013,0.5257731958762887,6,1,90,100,38.3080000000009,0.57,1,1,98,98,156.34500000000003,0.4897959183673469,7,1,90,99,271.3720000000026,0.6161616161616161,8,1,90,81,-20.768000000004122,0.48148148148148145,15,14,52,46,325.9999999999982,0.6521739130434783,25,14,7,False,4
Satellite C - 14:00 Previous Close Continuation,4.0,8.0,0.5,1440,1304,-423.1930000000009,-0.3245345092024547,0.6073619631901841,0.8801460588302265,454.2520000000013,5,769,397,138,949,-522.8800000000006,-0.550979978925185,0.6143308746048473,0.8164869077405192,598.8800000000006,7,581,352,16,2253,-946.0730000000015,0.6102973812694186,0.8517169956670534,260,-84.57900000000018,0.5576923076923077,137,62,61,261,-89.14900000000057,0.5862068965517241,138,64,59,262,-55.74300000000039,0.6374045801526718,167,87,8,261,-55.88299999999981,0.6360153256704981,166,87,8,260,-137.83899999999994,0.6192307692307693,161,97,2,260,-124.64500000000044,0.6115384615384616,158,91,11,262,-171.65800000000036,0.6106870229007634,159,101,2,261,-225.57699999999977,0.5900383141762452,154,105,2,166,-1.0,0.6626506024096386,110,55,1,False,0
Satellite C - 14:00 Previous Close Continuation,4.0,10.0,0.4,1440,1304,-262.68300000000045,-0.20144401840490833,0.6480061349693251,0.9265023368565249,314.48400000000083,5,818,300,186,949,-387.34100000000035,-0.4081570073761858,0.6743940990516333,0.8683292881083983,483.5510000000006,5,638,288,23,2253,-650.0240000000008,0.6591211717709721,0.9002383754373234,260,-44.86100000000033,0.5653846153846154,139,33,88,261,-128.60100000000057,0.5977011494252874,140,51,70,262,10.096000000000004,0.6984732824427481,181,68,13,261,-32.876999999999725,0.6896551724137931,180,72,9,260,-66.43999999999983,0.6884615384615385,178,76,6,260,-49.016000000000304,0.6730769230769231,174,70,16,262,-99.74800000000027,0.683206106870229,178,80,4,261,-225.57699999999977,0.6475095785440613,169,90,2,166,-13.0,0.7048192771084337,117,48,1,False,1
Satellite C - 14:00 Previous Close Continuation,4.0,12.0,0.3333333333333333,1440,1304,-212.4370000000015,-0.16291180981595207,0.6702453987730062,0.9415206980397702,349.6880000000017,5,844,234,226,949,-296.1760000000004,-0.31209272918862,0.7144362486828241,0.901305426475415,405.01600000000053,5,675,240,34,2253,-508.6130000000019,0.6888592987128274,0.9233280099469037,260,-40.839000000000624,0.573076923076923,141,21,98,261,-139.52100000000064,0.6053639846743295,141,38,82,262,-45.419000000000324,0.7137404580152672,185,60,17,261,-24.144999999999754,0.7164750957854407,187,60,14,260,37.48699999999985,0.7423076923076923,190,55,15,260,-42.77100000000041,0.6961538461538461,179,55,26,262,-90.8280000000002,0.7213740458015268,188,69,5,261,-181.57699999999977,0.7011494252873564,183,76,2,166,19.0,0.7530120481927711,125,40,1,False,1
Satellite C - 14:00 Previous Close Continuation,4.0,15.0,0.26666666666666666,1440,1304,-256.4540000000013,-0.19666717791411145,0.6855828220858896,0.9316160232264571,378.6800000000019,5,862,170,272,949,-293.73300000000063,-0.3095184404636466,0.7502634351949421,0.9060372520279533,384.72300000000064,5,706,192,51,2253,-550.187000000002,0.7128273413226809,0.9199875106598581,260,-7.860000000001037,0.5769230769230769,142,6,112,261,-163.07000000000062,0.6130268199233716,143,27,91,262,-12.28200000000038,0.7519083969465649,194,45,23,261,-65.36799999999926,0.7279693486590039,190,46,25,260,-7.874000000000024,0.7576923076923077,193,46,21,260,-24.670000000000755,0.7269230769230769,185,41,34,262,-31.406000000000176,0.767175572519084,199,50,13,261,-231.6569999999997,0.735632183908046,192,66,3,166,-6.0,0.7831325301204819,130,35,1,False,0
Satellite C - 14:00 Previous Close Continuation,4.0,20.0,0.2,1440,1304,-287.2940000000019,-0.22031748466257817,0.6970858895705522,0.9251582637500787,484.6420000000023,5,876,96,332,949,-393.6610000000005,-0.41481664910432087,0.7776606954689147,0.881613867796774,521.6769999999997,5,730,140,79,2253,-680.9550000000024,0.7310252996005326,0.9049465404116962,260,-15.966000000001031,0.5769230769230769,142,2,116,261,-208.06500000000096,0.6130268199233716,143,14,104,262,-24.9200000000003,0.767175572519084,198,28,36,261,-118.73399999999947,0.7394636015325671,193,28,40,260,80.39099999999985,0.7884615384615384,200,24,36,260,-3.257000000000289,0.7423076923076923,187,22,51,262,-7.747000000000526,0.7938931297709924,206,32,24,261,-297.6569999999997,0.7777777777777778,203,55,3,166,-85.0,0.8072289156626506,134,31,1,False,1
Satellite C - 14:00 Previous Close Continuation,4.0,25.0,0.16,1440,1304,-128.76500000000146,-0.0987461656441729,0.700920245398773,0.9652001346969503,420.666000000002,5,881,51,372,949,-567.8019999999992,-0.5983161222339296,0.7892518440463646,0.8395829283838334,651.9539999999993,5,740,111,98,2253,-696.5670000000007,0.738126941855304,0.9037850218531335,260,-9.559000000000879,0.5769230769230769,142,0,118,261,-181.1240000000007,0.6130268199233716,143,7,111,262,18.874000000000024,0.7748091603053435,200,17,45,261,-75.12499999999977,0.7432950191570882,194,12,55,260,118.16899999999987,0.7961538461538461,202,15,43,260,-27.64500000000021,0.7423076923076923,187,14,59,262,-29.42600000000016,0.8053435114503816,208,23,31,261,-415.73099999999886,0.789272030651341,206,48,7,166,-95.0,0.8373493975903614,139,26,1,False,2
Satellite C - 14:00 Previous Close Continuation,4.0,30.0,0.13333333333333333,1440,1304,-202.0100000000009,-0.15491564417177983,0.7024539877300614,0.9465780293716377,430.28100000000154,5,883,34,387,949,-536.9429999999998,-0.565798735511064,0.8008429926238145,0.8488624212108221,659.7109999999993,5,751,83,115,2253,-738.9530000000007,0.7438970261873058,0.8992439406169553,260,-9.559000000000879,0.5769230769230769,142,0,118,261,-196.24100000000044,0.6130268199233716,143,5,113,262,11.218000000000302,0.7786259541984732,201,10,51,261,-99.16399999999976,0.7432950191570882,194,7,60,260,91.73599999999988,0.8,203,12,45,260,-7.785000000000309,0.7423076923076923,187,8,65,262,-17.670000000000528,0.8091603053435115,209,13,40,261,-388.4879999999989,0.8160919540229885,213,39,9,166,-123.0,0.8554216867469879,142,23,1,False,2
Satellite C - 14:00 Previous Close Continuation,4.0,35.0,0.11428571428571428,1440,1304,-236.50200000000086,-0.18136656441717858,0.7032208588957055,0.9380867798722214,471.0380000000016,5,884,23,397,949,-516.3830000000003,-0.5441338250790309,0.8050579557428873,0.8544001421083348,745.9989999999993,5,754,61,134,2253,-752.8850000000011,0.7461162893919219,0.8977958958716401,260,-9.559000000000879,0.5769230769230769,142,0,118,261,-196.9980000000005,0.6130268199233716,143,3,115,262,-28.90899999999965,0.7786259541984732,201,9,52,261,-108.06599999999958,0.7432950191570882,194,4,63,260,107.02999999999975,0.8038461538461539,204,7,49,260,-19.576000000000477,0.7423076923076923,187,4,69,262,54.981999999999516,0.8129770992366412,210,6,46,261,-352.7889999999993,0.8237547892720306,214,29,18,166,-199.0,0.8614457831325302,143,22,1,False,1
Satellite C - 14:00 Previous Close Continuation,5.0,8.0,0.625,1440,1304,-500.67900000000054,-0.3839562883435587,0.553680981595092,0.873640001998828,538.7920000000006,6,676,441,187,949,-455.18400000000065,-0.4796459430979986,0.5721812434141201,0.8558656235345004,553.1840000000007,7,539,390,20,2253,-955.8630000000012,0.5614735907678651,0.8657566490528938,260,-161.75100000000043,0.4807692307692308,107,68,85,261,-55.04300000000012,0.5517241379310345,121,66,74,262,-124.00400000000036,0.5687022900763359,146,103,13,261,13.345000000000255,0.6091954022988506,157,94,10,260,-173.22599999999989,0.5576923076923077,145,110,5,260,-111.9690000000005,0.5653846153846154,145,101,14,262,-146.63800000000037,0.5725190839694656,148,111,3,261,-240.57699999999977,0.5402298850574713,141,118,2,166,44.0,0.6325301204819277,105,60,1,False,1
Satellite C - 14:00 Previous Close Continuation,5.0,10.0,0.5,1440,1304,-285.4540000000002,-0.21890644171779156,0.598159509202454,0.9289524130951723,358.4010000000003,6,728,335,241,949,-269.9050000000002,-0.28440990516333003,0.6364594309799789,0.9176560067899738,400.11500000000046,5,600,320,29,2253,-555.3590000000004,0.6142920550377274,0.9238771252652299,260,-125.20500000000038,0.48846153846153845,109,38,113,261,-86.20500000000015,0.5670498084291188,123,52,86,262,-46.164999999999964,0.6374045801526718,162,82,18,261,49.11400000000026,0.6666666666666666,171,78,12,260,-76.99299999999994,0.6307692307692307,163,85,12,260,-6.610000000000355,0.6346153846153846,163,77,20,262,-70.71800000000007,0.6450381679389313,167,89,6,261,-221.57699999999977,0.6053639846743295,158,101,2,166,29.0,0.6746987951807228,112,53,1,False,1
Satellite C - 14:00 Previous Close Continuation,5.0,12.0,0.4166666666666667,1440,1304,-219.08600000000138,-0.16801073619632007,0.6219325153374233,0.9463852778416085,430.64200000000073,6,752,260,292,949,-210.17100000000005,-0.22146575342465757,0.6754478398314014,0.9381922714974708,405.44100000000003,5,636,270,43,2253,-429.2570000000014,0.644474034620506,0.9426640805705794,260,-113.18400000000065,0.49230769230769234,110,22,128,261,-98.12500000000023,0.5747126436781609,124,39,98,262,-91.9340000000002,0.6603053435114504,167,71,24,261,46.555000000000064,0.6934865900383141,176,66,19,260,37.601999999999634,0.6884615384615385,175,62,23,260,1.4549999999994725,0.6576923076923077,168,60,32,262,-85.04899999999975,0.6793893129770993,176,78,8,261,-202.57699999999977,0.6551724137931034,171,88,2,166,76.0,0.7289156626506024,121,44,1,False,2
Satellite C - 14:00 Previous Close Continuation,5.0,15.0,0.3333333333333333,1440,1304,-217.9280000000008,-0.16712269938650368,0.6388036809815951,0.9478769086822229,410.1910000000007,6,770,188,346,949,-133.8520000000001,-0.14104531085353011,0.7165437302423604,0.9618399456957897,378.6769999999997,5,672,214,63,2253,-351.7800000000009,0.6715490457168221,0.9542469812411061,260,-75.21800000000098,0.49615384615384617,111,6,143,261,-122.6740000000002,0.5823754789272031,126,28,107,262,-14.488000000000056,0.7099236641221374,178,52,32,261,-18.975999999999203,0.7011494252873564,177,52,32,260,13.427999999999656,0.7038461538461539,178,50,32,260,43.431999999999334,0.6884615384615385,174,43,43,262,-41.626999999999725,0.7251908396946565,187,59,16,261,-219.6569999999997,0.7011494252873564,183,75,3,166,84.0,0.7710843373493976,128,37,1,False,1
Satellite C - 14:00 Previous Close Continuation,5.0,20.0,0.25,1440,1304,-133.58500000000117,-0.10244248466257759,0.6533742331288344,0.9681053805770514,511.30100000000107,6,788,102,414,949,-230.19000000000005,-0.24256059009483671,0.7471022128556375,0.9384885153977791,459.6769999999997,5,699,157,93,2253,-363.7750000000012,0.6928539724811362,0.9541299268953786,260,-83.32400000000098,0.49615384615384617,111,2,147,261,-164.1330000000005,0.5823754789272031,126,14,121,262,-16.864000000000033,0.7251908396946565,182,31,49,261,-50.507999999999356,0.7164750957854407,181,31,49,260,181.2439999999997,0.7461538461538462,188,24,48,260,37.08499999999981,0.7,175,24,61,262,-55.968000000000075,0.7519083969465649,194,41,27,261,-235.3069999999998,0.7547892720306514,197,60,4,166,24.0,0.8012048192771084,133,32,1,False,1
Satellite C - 14:00 Previous Close Continuation,5.0,25.0,0.2,1440,1304,11.74599999999964,0.009007668711656166,0.6572085889570553,1.002890505553014,454.66900000000055,6,792,55,457,949,-408.3979999999988,-0.4303456269757627,0.7597471022128557,0.897273922289002,595.253999999999,5,710,124,115,2253,-396.65199999999913,0.7003994673768309,0.9506605777080477,260,-76.91700000000083,0.49615384615384617,111,0,149,261,-137.19200000000023,0.5823754789272031,126,7,128,262,16.032000000000608,0.732824427480916,183,19,60,261,-11.198999999999614,0.7203065134099617,182,14,65,260,221.0219999999997,0.7538461538461538,190,15,55,260,2.696999999999889,0.7,175,16,69,262,-61.41399999999999,0.767175572519084,197,29,36,261,-363.6809999999987,0.7662835249042146,200,52,9,166,14.0,0.8313253012048193,138,27,1,False,2
Satellite C - 14:00 Previous Close Continuation,5.0,30.0,0.16666666666666666,1440,1304,-37.09699999999998,-0.028448619631901824,0.6587423312883436,0.9910013166793288,459.5980000000002,6,794,35,475,949,-337.2759999999996,-0.35540147523709126,0.7734457323498419,0.9150326994971634,556.0109999999991,5,723,91,135,2253,-374.3729999999996,0.7070572569906791,0.9537352576108765,260,-76.91700000000083,0.49615384615384617,111,0,149,261,-152.30899999999997,0.5823754789272031,126,5,130,262,8.062000000000808,0.7366412213740458,184,11,67,261,-11.521999999999707,0.7203065134099617,182,7,72,260,195.58899999999971,0.7576923076923077,191,12,57,260,28.749999999999773,0.7,175,8,77,262,-35.58800000000065,0.7748091603053435,199,17,46,261,-314.43799999999874,0.7969348659003831,208,42,11,166,-16.0,0.8493975903614458,141,24,1,False,2
Satellite C - 14:00 Previous Close Continuation,5.0,35.0,0.14285714285714285,1440,1304,-75.58899999999994,-0.05796702453987725,0.6595092024539877,0.9818556672325194,500.35500000000025,6,795,24,485,949,-385.6560000000002,-0.4063814541622763,0.7766069546891464,0.9043116288405946,686.2989999999991,5,725,69,155,2253,-461.2450000000001,0.7088326675543719,0.9437253341958347,260,-76.91700000000083,0.49615384615384617,111,0,149,261,-153.06600000000003,0.5823754789272031,126,3,132,262,-37.064999999999145,0.7366412213740458,184,10,68,261,-20.423999999999523,0.7203065134099617,182,4,75,260,211.88299999999958,0.7615384615384615,192,7,61,260,16.958999999999605,0.7,175,4,81,262,26.12399999999934,0.7786259541984732,200,9,53,261,-332.7389999999991,0.8007662835249042,208,33,20,166,-96.0,0.8554216867469879,142,23,1,False,1
Satellite C - 14:00 Previous Close Continuation,6.0,8.0,0.75,1440,1304,-716.0420000000017,-0.5491119631901854,0.504601226993865,0.8371430377956098,742.4390000000019,10,591,492,221,949,-599.5130000000008,-0.63173129610116,0.5205479452054794,0.8303253889412475,671.5130000000008,14,487,436,26,2253,-1315.5550000000026,0.511318242343542,0.8341053741810908,260,-162.9230000000009,0.4461538461538462,92,72,96,261,-130.57800000000088,0.49808429118773945,98,75,88,262,-138.83100000000036,0.5267175572519084,133,114,15,261,-26.88599999999974,0.5555555555555556,141,106,14,260,-256.82399999999984,0.49615384615384617,127,125,8,260,-141.57700000000068,0.5153846153846153,130,111,19,262,-171.35900000000038,0.5267175572519084,135,123,4,261,-281.57699999999977,0.4904214559386973,128,131,2,166,-5.0,0.5662650602409639,94,71,1,False,0
Satellite C - 14:00 Previous Close Continuation,6.0,10.0,0.6,1440,1304,-466.87300000000073,-0.35803144171779194,0.5521472392638037,0.8954517188090972,505.95500000000106,7,641,375,288,949,-431.4740000000004,-0.4546617492096948,0.5858798735511064,0.8843109490800758,533.1140000000007,8,547,364,38,2253,-898.3470000000011,0.5663559698180204,0.8903816150434971,260,-129.9990000000007,0.45384615384615384,93,41,126,261,-177.74000000000092,0.5134099616858238,100,61,100,262,-26.815999999999576,0.6030534351145038,150,89,23,261,45.94800000000032,0.6245210727969349,156,86,19,260,-178.26599999999985,0.5653846153846154,142,98,20,260,-66.63800000000037,0.5769230769230769,145,88,27,262,-90.25900000000024,0.6030534351145038,154,100,8,261,-255.57699999999977,0.5593869731800766,146,113,2,166,-19.0,0.6144578313253012,102,63,1,False,1
Satellite C - 14:00 Previous Close Continuation,6.0,12.0,0.5,1440,1304,-404.67900000000236,-0.3103366564417196,0.5766871165644172,0.9112120220816425,510.444000000002,7,663,292,349,949,-376.75700000000006,-0.39700421496311916,0.6269757639620653,0.9034119124034745,511.6700000000001,6,583,310,56,2253,-781.4360000000024,0.5978695073235686,0.9076149705561406,260,-122.97800000000097,0.4576923076923077,94,25,141,261,-181.121000000001,0.5210727969348659,101,45,115,262,-81.58499999999981,0.6259541984732825,155,78,29,261,35.18299999999999,0.6513409961685823,161,72,28,260,-54.178000000000566,0.6269230769230769,152,72,36,260,-57.66000000000054,0.6038461538461538,150,69,41,262,-124.51999999999975,0.6335877862595419,161,89,12,261,-229.57699999999977,0.6130268199233716,160,99,2,166,35.0,0.6746987951807228,112,53,1,False,1
Satellite C - 14:00 Previous Close Continuation,6.0,15.0,0.4,1440,1304,-382.7440000000015,-0.29351533742331404,0.5958588957055214,0.917903865689262,471.7050000000015,7,683,210,411,949,-218.5200000000002,-0.23026343519494227,0.6733403582718651,0.9451914061970931,401.6769999999997,5,623,242,84,2253,-601.2640000000017,0.6284953395472703,0.9304825583210294,260,-89.5510000000013,0.46153846153846156,95,8,157,261,-207.70700000000102,0.5287356321839081,103,32,126,262,36.14700000000039,0.683206106870229,168,56,38,261,-31.66599999999903,0.6590038314176245,162,55,44,260,-89.96700000000055,0.6461538461538462,155,59,46,260,23.302999999998974,0.6384615384615384,157,47,56,262,-49.795999999999594,0.6870229007633588,173,66,23,261,-215.0269999999996,0.6666666666666666,174,83,4,166,23.0,0.7168674698795181,119,46,1,False,1
Satellite C - 14:00 Previous Close Continuation,6.0,20.0,0.3,1440,1304,-357.0190000000018,-0.27378757668711795,0.6088957055214724,0.9245426619847559,589.5120000000018,7,698,117,489,949,-206.89499999999998,-0.21801369863013698,0.7123287671232876,0.9506050254692279,444.6769999999997,5,658,176,115,2253,-563.9140000000018,0.6524633821571239,0.9367808424811428,260,-88.79200000000151,0.46153846153846156,95,2,163,261,-256.8630000000012,0.5287356321839081,103,16,142,262,17.771000000000413,0.6984732824427481,172,35,55,261,-64.1779999999992,0.6743295019157088,166,33,62,260,35.042999999999665,0.6807692307692308,162,31,67,260,23.95599999999945,0.6538461538461539,159,27,74,262,-53.17399999999975,0.7175572519083969,181,46,35,261,-178.67699999999968,0.7318007662835249,191,65,5,166,1.0,0.7650602409638554,127,38,1,False,2
Satellite C - 14:00 Previous Close Continuation,6.0,25.0,0.24,1440,1304,-175.44500000000107,-0.13454371165644255,0.6142638036809815,0.9616621174870521,542.3840000000012,7,702,62,540,949,-405.09999999999854,-0.426870389884087,0.726027397260274,0.9091491167773618,614.253999999999,5,670,138,141,2253,-580.5449999999996,0.6613404349755881,0.9357465735822343,260,-82.38500000000136,0.46153846153846156,95,0,165,261,-230.2120000000009,0.5287356321839081,103,8,150,262,56.92600000000107,0.7099236641221374,172,21,69,261,-25.006999999999607,0.6781609195402298,167,15,79,260,105.23299999999972,0.6923076923076923,165,18,77,260,-0.7990000000006603,0.6538461538461539,159,16,85,262,-72.24999999999932,0.732824427480916,184,33,45,261,-329.05099999999857,0.7432950191570882,194,57,10,166,-3.0,0.8012048192771084,133,32,1,False,2
Satellite C - 14:00 Previous Close Continuation,6.0,30.0,0.2,1440,1304,-227.67200000000048,-0.17459509202454024,0.61579754601227,0.9509381511945885,550.2230000000006,7,704,40,560,949,-400.61299999999915,-0.4221422550052678,0.7386722866174921,0.9114706727944241,626.2779999999989,5,681,104,164,2253,-628.2849999999996,0.6675543719485131,0.9314526718112758,260,-82.38500000000136,0.46153846153846156,95,0,165,261,-244.2390000000005,0.5287356321839081,103,5,153,262,39.95600000000127,0.7137404580152672,173,13,76,261,-30.3299999999997,0.6781609195402298,167,8,86,260,89.3259999999998,0.6961538461538461,166,14,80,260,25.253999999999223,0.6538461538461539,159,8,93,262,-72.79199999999992,0.7366412213740458,185,20,57,261,-298.07499999999845,0.7739463601532567,201,47,13,166,-55.0,0.8192771084337349,136,29,1,False,2
Satellite C - 14:00 Previous Close Continuation,6.0,35.0,0.17142857142857143,1440,1304,-265.86200000000053,-0.2038819018404912,0.6165644171779141,0.9432488739940658,595.9800000000007,7,705,27,572,949,-375.41299999999933,-0.3955879873551099,0.7449947312961012,0.9171726081605766,678.9859999999985,5,686,78,185,2253,-641.2749999999999,0.6706613404349756,0.9304260720259813,260,-82.38500000000136,0.46153846153846156,95,0,165,261,-244.99600000000055,0.5287356321839081,103,3,155,262,-15.170999999998685,0.7137404580152672,173,12,77,261,-21.86599999999953,0.6781609195402298,167,4,90,260,98.55599999999959,0.7,167,8,85,260,13.462999999999056,0.6538461538461539,159,4,97,262,-25.079999999999927,0.7404580152671756,186,12,64,261,-286.79599999999846,0.7816091954022989,202,36,23,166,-77.0,0.8373493975903614,139,26,1,False,1
Satellite C - 14:00 Previous Close Continuation,7.5,8.0,0.9375,1440,1304,-721.9970000000014,-0.5536786809815962,0.4624233128834356,0.847537563036194,748.8980000000015,10,501,528,275,949,-524.2680000000014,-0.5524425711275041,0.4773445732349842,0.8636868876358302,608.7710000000013,14,438,475,36,2253,-1246.2650000000028,0.46870838881491345,0.8547752583133972,260,-164.3030000000008,0.4076923076923077,74,75,111,261,-204.56600000000094,0.4521072796934866,72,81,108,262,-148.08500000000026,0.48091603053435117,115,125,22,261,-31.300999999999704,0.49808429118773945,124,117,20,260,-173.74199999999973,0.47307692307692306,116,130,14,260,-145.18200000000115,0.46923076923076923,111,121,28,262,-162.00900000000047,0.48091603053435117,122,135,5,261,-213.57699999999977,0.45977011494252873,120,139,2,166,-3.5,0.5120481927710844,85,80,1,False,0
Satellite C - 14:00 Previous Close Continuation,7.5,10.0,0.75,1440,1304,-510.54000000000065,-0.39151840490797596,0.5069018404907976,0.895221123572538,547.023000000001,7,544,406,354,949,-359.5310000000004,-0.3788524762908329,0.5405690200210748,0.9125824893630935,456.8640000000007,8,494,400,55,2253,-870.071000000001,0.5210830004438527,0.9031678231788411,260,-132.86300000000097,0.4153846153846154,74,42,144,261,-269.5490000000009,0.46360153256704983,73,66,122,262,-47.72699999999941,0.5534351145038168,130,100,32,261,44.31100000000038,0.5670498084291188,138,95,28,260,-104.71199999999976,0.5346153846153846,129,103,28,260,-75.10500000000047,0.5269230769230769,124,97,39,262,-66.84900000000016,0.5572519083969466,140,109,13,261,-194.07699999999977,0.524904214559387,137,122,2,166,-23.5,0.5602409638554217,93,72,1,False,1
Satellite C - 14:00 Previous Close Continuation,7.5,12.0,0.625,1440,1304,-418.42300000000273,-0.3208765337423334,0.5329754601226994,0.9159346174431702,607.7060000000022,7,567,316,421,949,-336.6079999999997,-0.35469757639620625,0.5795574288724974,0.92270153327946,472.2139999999997,8,528,345,76,2253,-755.0310000000025,0.5525965379494008,0.9190923065300541,260,-141.8290000000011,0.4153846153846154,74,26,160,261,-281.430000000001,0.47126436781609193,74,50,137,262,-92.35299999999984,0.5801526717557252,136,87,39,261,78.88099999999986,0.6053639846743295,145,77,39,260,18.30799999999931,0.5923076923076923,138,76,46,260,-96.12700000000063,0.55,128,79,53,262,-102.90399999999931,0.583969465648855,146,96,20,261,-184.57699999999977,0.5747126436781609,150,109,2,166,47.0,0.6265060240963856,104,61,1,False,2
Satellite C - 14:00 Previous Close Continuation,7.5,15.0,0.5,1440,1304,-340.92800000000193,-0.2614478527607377,0.553680981595092,0.9327503669429608,521.6030000000017,7,588,226,490,949,-185.5500000000004,-0.19552160168598567,0.6259220231822972,0.9587960679612834,391.1769999999997,7,566,272,111,2253,-526.4780000000023,0.584110075454949,0.945002716028748,260,-103.00900000000138,0.41923076923076924,75,8,177,261,-307.47000000000116,0.4789272030651341,76,35,150,262,88.09100000000035,0.6450381679389313,151,61,50,261,6.44100000000094,0.6130268199233716,145,59,57,260,-24.981000000000677,0.6115384615384616,141,63,56,260,21.203999999998587,0.5884615384615385,135,52,73,262,-55.97999999999911,0.6335877862595419,156,74,32,261,-194.7739999999999,0.6245210727969349,163,93,5,166,44.0,0.6746987951807228,112,53,1,False,2
Satellite C - 14:00 Previous Close Continuation,7.5,20.0,0.375,1440,1304,-295.72300000000223,-0.22678144171779313,0.566717791411043,0.942347549201087,636.4110000000021,7,600,125,579,949,-201.87599999999998,-0.2127249736564805,0.6659641728134879,0.9577912519862841,486.1769999999997,7,600,200,149,2253,-497.5990000000022,0.6085219707057257,0.9497993837700555,260,-102.25000000000159,0.41923076923076924,75,2,183,261,-347.71300000000133,0.4789272030651341,76,17,168,262,54.04800000000046,0.6603053435114504,154,39,69,261,-9.295999999999367,0.6283524904214559,148,34,79,260,109.4879999999996,0.6461538461538462,147,33,80,260,6.806999999999107,0.6038461538461538,137,31,92,262,-62.78199999999924,0.6641221374045801,162,51,49,261,-172.40099999999984,0.6896551724137931,180,74,7,166,26.5,0.7289156626506024,121,44,1,False,2
Satellite C - 14:00 Previous Close Continuation,7.5,25.0,0.3,1440,1304,-113.80300000000148,-0.08727223926380481,0.5720858895705522,0.9771303851197887,576.8170000000014,7,603,67,634,949,-397.25499999999806,-0.4186037934668051,0.6817702845100105,0.9217982572008678,669.1999999999989,7,613,156,180,2253,-511.05799999999954,0.6182867288060364,0.9491790008790738,260,-95.84300000000144,0.41923076923076924,75,0,185,261,-326.06200000000104,0.4789272030651341,76,9,176,262,95.66900000000123,0.6717557251908397,154,24,84,261,26.375000000000227,0.632183908045977,149,16,96,260,186.05799999999954,0.6576923076923077,149,18,93,260,-21.725000000001046,0.6038461538461538,137,18,105,262,-73.32899999999881,0.683206106870229,165,37,60,261,-336.2009999999982,0.7011494252873564,183,64,14,166,34.0,0.7710843373493976,128,37,1,False,3
Satellite C - 14:00 Previous Close Continuation,7.5,30.0,0.25,1440,1304,-174.16500000000087,-0.13356211656441785,0.5736196319018405,0.9655223132485852,588.1560000000009,7,605,43,656,949,-450.49799999999846,-0.4747081138040026,0.6944151738672286,0.9137034873140691,716.2239999999988,7,624,120,205,2253,-624.6629999999993,0.6245006657789614,0.9391870697841234,260,-95.84300000000144,0.41923076923076924,75,0,185,261,-345.0890000000006,0.4789272030651341,76,6,179,262,70.10500000000138,0.6755725190839694,155,15,92,261,25.011000000000195,0.632183908045977,149,8,104,260,171.6509999999996,0.6615384615384615,150,14,96,260,-3.102000000001226,0.6038461538461538,137,9,114,262,-79.17099999999914,0.6870229007633588,166,23,73,261,-329.7249999999981,0.7318007662835249,190,54,17,166,-38.5,0.7891566265060241,131,34,1,False,3
Satellite C - 14:00 Previous Close Continuation,7.5,35.0,0.21428571428571427,1440,1304,-225.85500000000093,-0.17320168711656514,0.5743865030674846,0.9558075792872938,642.178000000001,7,606,30,668,949,-400.1709999999978,-0.4216765015806088,0.7007376185458377,0.9231916876711617,778.9379999999978,7,629,89,231,2253,-626.0259999999987,0.6276076342654239,0.9393427625259261,260,-95.84300000000144,0.41923076923076924,75,0,185,261,-350.8460000000007,0.4789272030651341,76,4,181,262,4.97800000000143,0.6755725190839694,155,14,93,261,33.475000000000364,0.632183908045977,149,4,108,260,182.3809999999994,0.6653846153846154,151,8,101,260,-2.940000000001419,0.6038461538461538,137,4,119,262,-3.2789999999988595,0.6908396946564885,167,13,82,261,-312.9519999999975,0.7394636015325671,191,41,29,166,-81.0,0.8072289156626506,134,31,1,False,3
Satellite C - 14:00 Previous Close Continuation,8.0,8.0,1.0,1440,1304,-687.6230000000016,-0.5273182515337436,0.4516871165644172,0.8568156371418137,716.4210000000019,10,478,535,291,949,-516.0550000000014,-0.5437881981032681,0.4636459430979979,0.8689229997076479,611.0580000000014,14,421,485,43,2253,-1203.678000000003,0.4567243675099867,0.8622699183627978,260,-167.30900000000065,0.4,68,76,116,261,-190.23700000000122,0.4482758620689655,68,81,112,262,-132.7990000000002,0.46946564885496184,112,127,23,261,-37.039999999999964,0.4827586206896552,118,120,23,260,-160.2379999999996,0.4576923076923077,112,131,17,260,-188.77200000000107,0.4461538461538462,103,126,31,262,-137.22600000000057,0.4732824427480916,118,136,8,261,-197.0569999999998,0.4482758620689655,117,141,3,166,7.0,0.5,83,82,1,False,0
Satellite C - 14:00 Previous Close Continuation,8.0,10.0,0.8,1440,1304,-491.8470000000009,-0.37718328220858965,0.495398773006135,0.9008644607253777,535.1130000000016,8,518,413,373,949,-325.31800000000044,-0.34280084299262426,0.5279241306638567,0.9227966888660379,431.80100000000084,9,478,409,62,2253,-817.1650000000013,0.5090989791389259,0.9109370732354876,260,-137.86900000000082,0.4076923076923077,68,43,149,261,-254.72000000000116,0.45977011494252873,69,66,126,262,-47.24499999999921,0.5381679389312977,125,102,35,261,34.694999999999936,0.5517241379310345,131,98,32,260,-86.70799999999963,0.5192307692307693,125,104,31,260,-122.19500000000039,0.5038461538461538,116,102,42,262,-35.06600000000026,0.549618320610687,136,110,16,261,-155.0569999999998,0.5172413793103449,135,123,3,166,-13.0,0.5481927710843374,91,74,1,False,1
Satellite C - 14:00 Previous Close Continuation,8.0,12.0,0.6666666666666666,1440,1304,-430.64400000000296,-0.33024846625767096,0.5199386503067485,0.9154369358702011,587.8830000000023,8,539,324,441,949,-335.85599999999977,-0.35390516332982064,0.5648050579557429,0.9252006750860895,473.61199999999985,9,510,355,84,2253,-766.5000000000027,0.5388371060807812,0.9200118714279271,260,-148.83500000000095,0.4076923076923077,68,27,165,261,-286.10100000000125,0.46360153256704983,69,51,141,262,-92.87099999999964,0.5648854961832062,131,89,42,261,58.35099999999943,0.5862068965517241,137,80,44,260,38.81199999999944,0.5769230769230769,134,77,49,260,-163.67800000000057,0.5230769230769231,119,84,57,262,-70.12099999999941,0.5763358778625954,142,97,23,261,-161.0569999999998,0.5632183908045977,147,111,3,166,59.0,0.6144578313253012,102,63,1,False,2
Satellite C - 14:00 Previous Close Continuation,8.0,15.0,0.5333333333333333,1440,1304,-355.2880000000023,-0.27246012269938824,0.5406441717791411,0.9315463099170643,501.24100000000203,8,559,231,514,949,-245.60800000000063,-0.2588071654373031,0.6090621707060063,0.9477279866651114,423.1569999999997,8,545,284,120,2253,-600.8960000000029,0.5694629383044829,0.9392349785571561,260,-109.41800000000126,0.4115384615384615,69,8,183,261,-306.8410000000015,0.47126436781609193,71,35,155,262,89.07300000000055,0.6297709923664122,146,63,53,261,-14.86599999999953,0.5938697318007663,137,61,63,260,-13.236000000000558,0.5961538461538461,136,64,60,260,-61.65700000000152,0.5615384615384615,125,57,78,262,-21.196999999999207,0.6259541984732825,152,75,35,261,-193.7539999999999,0.6091954022988506,159,96,6,166,31.0,0.6566265060240963,109,56,1,False,1
Satellite C - 14:00 Previous Close Continuation,8.0,20.0,0.4,1440,1304,-301.86800000000267,-0.2314938650306769,0.553680981595092,0.9424772285529168,600.2880000000023,8,571,127,606,949,-263.9440000000002,-0.2781285563751319,0.6501580611169653,0.947266580637015,528.1569999999997,8,580,209,160,2253,-565.8120000000029,0.5943186861961829,0.9448152554785882,260,-108.65900000000147,0.4115384615384615,69,2,189,261,-347.08400000000165,0.47126436781609193,71,17,173,262,55.60600000000068,0.6450381679389313,149,40,73,261,-20.963999999999942,0.6091954022988506,140,34,87,260,119.23299999999972,0.6307692307692307,142,34,84,260,-92.88400000000115,0.5769230769230769,127,35,98,262,-29.99899999999934,0.6564885496183206,158,52,52,261,-200.0609999999997,0.6704980842911877,175,77,9,166,59.0,0.7228915662650602,120,45,1,False,2
Satellite C - 14:00 Previous Close Continuation,8.0,25.0,0.32,1440,1304,-125.12200000000189,-0.09595245398773151,0.5590490797546013,0.9754721948486549,540.6940000000016,8,574,68,662,949,-477.9229999999984,-0.5036069546891448,0.6659641728134879,0.9102900557023329,717.6799999999989,8,593,163,193,2253,-603.0450000000003,0.6040834442964935,0.9421742360664691,260,-102.25200000000132,0.4115384615384615,69,0,191,261,-325.43300000000136,0.47126436781609193,71,9,181,262,92.22700000000145,0.6564885496183206,149,25,88,261,15.206999999999653,0.6130268199233716,141,16,104,260,195.12899999999968,0.6423076923076924,144,18,98,260,-121.51600000000144,0.5769230769230769,127,20,113,262,-44.04599999999891,0.6755725190839694,161,38,63,261,-377.36099999999806,0.6819923371647509,178,67,16,166,65.0,0.7650602409638554,127,38,1,False,3
Satellite C - 14:00 Previous Close Continuation,8.0,30.0,0.26666666666666666,1440,1304,-189.4840000000013,-0.14530981595092124,0.5605828220858896,0.963431323147148,551.533000000001,8,576,44,684,949,-554.6299999999987,-0.5844362486828227,0.678609062170706,0.8991006691996257,762.7039999999988,8,604,126,219,2253,-744.114,0.6102973812694186,0.9303163434271128,260,-102.25200000000132,0.4115384615384615,69,0,191,261,-344.46000000000095,0.47126436781609193,71,6,184,262,62.1630000000016,0.6603053435114504,150,16,96,261,13.84299999999962,0.6130268199233716,141,8,112,260,181.22199999999975,0.6461538461538462,145,14,101,260,-106.85700000000156,0.5769230769230769,127,10,123,262,-54.38799999999924,0.6793893129770993,162,24,76,261,-382.38499999999794,0.7126436781609196,185,57,19,166,-11.0,0.7831325301204819,130,35,1,False,3
Satellite C - 14:00 Previous Close Continuation,8.0,35.0,0.22857142857142856,1440,1304,-230.89400000000137,-0.17706595092024646,0.5613496932515337,0.955860472647406,602.2900000000011,8,577,30,697,949,-512.9729999999979,-0.5405405690200189,0.684931506849315,0.9066928401265918,838.1979999999976,8,609,93,247,2253,-743.8669999999993,0.6134043497558811,0.9306655876899722,260,-102.25200000000132,0.4115384615384615,69,0,191,261,-350.217000000001,0.47126436781609193,71,4,186,262,6.8160000000016225,0.6603053435114504,150,14,98,261,22.30699999999979,0.6130268199233716,141,4,116,260,192.45199999999954,0.65,146,8,106,260,-108.08500000000186,0.5769230769230769,127,4,129,262,17.004000000001042,0.683206106870229,163,14,85,261,-364.8919999999971,0.7203065134099617,186,43,32,166,-57.0,0.8012048192771084,133,32,1,False,3
Satellite C - 14:00 Previous Close Continuation,10.0,8.0,1.25,1440,1304,-648.2020000000016,-0.49708742331288464,0.42254601226993865,0.8712922677112568,678.7930000000017,10,377,560,367,949,-609.2580000000016,-0.6420000000000017,0.41201264488935724,0.8588843334598742,712.0570000000023,14,359,530,60,2253,-1257.4600000000032,0.4181091877496671,0.8655650526012838,260,-136.23300000000086,0.4,45,76,139,261,-173.09900000000107,0.4367816091954023,47,82,132,262,-103.3889999999999,0.42748091603053434,97,134,31,261,-71.05900000000042,0.4329501915708812,95,129,37,260,-164.42199999999934,0.4153846153846154,93,139,28,260,-167.34800000000087,0.41923076923076924,86,133,41,262,-226.7830000000008,0.40458015267175573,97,152,13,261,-136.12699999999995,0.4099616858237548,107,149,5,166,-79.0,0.41566265060240964,69,96,1,False,0
Satellite C - 14:00 Previous Close Continuation,10.0,10.0,1.0,1440,1304,-350.85600000000113,-0.2690613496932524,0.46855828220858897,0.9322692081607595,412.44800000000146,8,415,429,460,949,-446.0150000000008,-0.4699841938883043,0.47418335089567965,0.9050483013265327,595.3830000000016,14,411,455,83,2253,-796.8710000000019,0.4709276520195295,0.9193241202830126,260,-106.79300000000103,0.4076923076923077,45,43,172,261,-237.58200000000102,0.4482758620689655,48,67,146,262,-9.699999999999363,0.49236641221374045,108,107,47,261,39.94299999999953,0.5095785440613027,107,104,50,260,-36.72399999999925,0.4846153846153846,107,108,45,260,-117.37800000000016,0.47307692307692306,96,110,54,262,-63.51000000000067,0.49236641221374045,117,122,23,261,-134.12699999999995,0.4674329501915709,122,134,5,166,-131.0,0.4578313253012048,76,89,1,False,1
Satellite C - 14:00 Previous Close Continuation,10.0,12.0,0.8333333333333334,1440,1304,-342.8980000000033,-0.26295858895705776,0.49079754601226994,0.9360020993076273,510.3190000000027,8,430,340,534,949,-451.92700000000013,-0.47621390937829305,0.512118018967334,0.9103847178883547,579.5680000000007,9,444,398,107,2253,-794.8250000000035,0.4997780736795384,0.9235813160848669,260,-117.75900000000115,0.4076923076923077,45,27,188,261,-270.9630000000011,0.4521072796934866,48,52,161,262,-75.3259999999998,0.5152671755725191,113,95,54,261,34.25199999999904,0.5363984674329502,110,85,66,260,86.89799999999968,0.5423076923076923,114,81,65,260,-158.23500000000035,0.49230769230769234,99,90,71,262,-132.56499999999983,0.5152671755725191,122,110,30,261,-116.12699999999995,0.5172413793103449,135,121,5,166,-45.0,0.5301204819277109,88,77,1,False,2
Satellite C - 14:00 Previous Close Continuation,10.0,15.0,0.6666666666666666,1440,1304,-309.3340000000028,-0.23721932515337638,0.5099693251533742,0.9438662723280792,461.39800000000287,8,447,245,612,949,-286.95300000000134,-0.3023740779768191,0.5626975763962065,0.9456260246530671,459.8869999999997,8,480,320,149,2253,-596.2870000000041,0.532179316466933,0.944727123269081,260,-76.34200000000146,0.4115384615384615,46,8,206,261,-290.70300000000134,0.45977011494252873,50,36,175,262,77.98300000000017,0.5725190839694656,125,68,69,261,-47.121999999999844,0.5440613026819924,110,65,86,260,26.84999999999968,0.5615384615384615,116,68,76,260,-52.78400000000147,0.5307692307692308,104,62,94,262,-53.3449999999998,0.5763358778625954,131,85,46,261,-104.82400000000007,0.5708812260536399,149,104,8,166,-76.0,0.5783132530120482,96,69,1,False,2
Satellite C - 14:00 Previous Close Continuation,10.0,20.0,0.5,1440,1304,-256.2470000000035,-0.19650843558282474,0.522239263803681,0.9540989861354919,541.160000000003,8,458,134,712,949,-189.95500000000152,-0.20016332982086565,0.6111696522655427,0.9660107757051166,543.8869999999997,8,519,234,196,2253,-446.202000000005,0.5596981802041722,0.9600581240310532,260,-75.58300000000168,0.4115384615384615,46,2,212,261,-318.85300000000166,0.45977011494252873,50,17,194,262,28.829000000000406,0.5877862595419847,128,44,90,261,-42.16200000000049,0.5593869731800766,113,35,113,260,151.52199999999993,0.5923076923076923,121,36,103,260,-78.29900000000112,0.55,105,38,117,262,8.474999999999454,0.6183206106870229,139,56,67,261,-89.13099999999986,0.6360153256704981,166,84,11,166,-31.0,0.6566265060240963,109,56,1,False,2
Satellite C - 14:00 Previous Close Continuation,10.0,25.0,0.4,1440,1304,-8.427000000002408,-0.006462423312885282,0.5283742331288344,0.9984339216983144,461.7390000000021,8,462,70,772,949,-306.14499999999975,-0.3225974710221283,0.6301369863013698,0.9478375442233761,700.2339999999995,8,535,179,235,2253,-314.57200000000216,0.5712383488681758,0.9720381065819852,260,-69.17600000000152,0.4115384615384615,46,0,214,261,-297.20200000000136,0.45977011494252873,50,9,202,262,118.40200000000141,0.6030534351145038,129,26,107,261,3.844999999999118,0.5632183908045977,114,16,131,260,235.70399999999995,0.6038461538461538,123,19,118,260,-113.04800000000137,0.55,105,22,133,262,39.847999999999956,0.6412213740458015,143,39,80,261,-225.25499999999874,0.6513409961685823,170,71,20,166,-7.6899999999996,0.7048192771084337,117,47,2,False,3
Satellite C - 14:00 Previous Close Continuation,10.0,30.0,0.3333333333333333,1440,1304,-62.77600000000166,-0.0481411042944798,0.5299079754601227,0.9884926711718827,485.76600000000167,8,464,45,795,949,-440.8520000000001,-0.46454373024236045,0.642781875658588,0.9279477938085561,822.947999999999,8,546,142,261,2253,-503.62800000000175,0.5774522858411008,0.9564855630131949,260,-69.17600000000152,0.4115384615384615,46,0,214,261,-316.22900000000095,0.45977011494252873,50,6,205,262,101.3510000000017,0.6068702290076335,130,16,116,261,2.480999999999085,0.5632183908045977,114,8,139,260,218.79700000000003,0.6076923076923076,124,15,121,260,-108.38900000000149,0.55,105,12,143,262,26.50599999999963,0.6450381679389313,144,25,93,261,-236.27899999999863,0.6819923371647509,177,61,23,166,-122.6899999999996,0.7228915662650602,120,44,2,False,3
Satellite C - 14:00 Previous Close Continuation,10.0,35.0,0.2857142857142857,1440,1304,-91.17000000000166,-0.06991564417178042,0.5306748466257669,0.9834046271183352,505.1490000000017,8,465,30,809,949,-341.7819999999997,-0.36014963119072674,0.6512118018967334,0.9438957660412308,879.9319999999975,8,553,103,293,2253,-432.95200000000136,0.5814469596094097,0.9626301970608194,260,-69.17600000000152,0.4115384615384615,46,0,214,261,-321.986000000001,0.45977011494252873,50,4,207,262,46.004000000001724,0.6068702290076335,130,14,118,261,10.944999999999254,0.5632183908045977,114,4,143,260,243.0429999999999,0.6115384615384616,125,8,127,260,-116.22700000000191,0.55,105,5,150,262,126.36799999999971,0.648854961832061,145,14,103,261,-234.2329999999979,0.6896551724137931,178,45,38,166,-117.6899999999996,0.7530120481927711,125,39,2,False,3
Satellite C - 14:00 Previous Close Continuation,12.0,8.0,1.5,1440,1304,-652.552000000001,-0.5004233128834363,0.40337423312883436,0.8744170963889851,688.552000000001,10,297,577,430,949,-598.8820000000012,-0.6310663856691267,0.37829293993677554,0.8684624024859571,732.253000000002,14,312,559,78,2253,-1251.4340000000022,0.39280958721704395,0.8716361960501249,260,-156.78800000000024,0.4,22,76,162,261,-125.53500000000099,0.4329501915708812,39,82,140,262,-91.11699999999973,0.3969465648854962,82,140,40,261,-45.89900000000034,0.4099616858237548,80,133,48,260,-233.21299999999974,0.3769230769230769,74,146,40,260,-92.03400000000056,0.4076923076923077,76,135,49,262,-285.9490000000003,0.35877862595419846,79,162,21,261,-119.89900000000034,0.37547892720306514,96,158,7,166,-101.0,0.3674698795180723,61,104,1,False,0
Satellite C - 14:00 Previous Close Continuation,12.0,10.0,1.2,1440,1304,-283.11700000000064,-0.21711426380368148,0.4516871165644172,0.9469412263655723,377.79800000000114,8,330,441,533,949,-398.23399999999947,-0.41963540569019964,0.44151738672286617,0.9197480683344691,584.1740000000004,14,358,480,111,2253,-681.3510000000001,0.4474034620505992,0.9338379258300302,260,-127.34800000000041,0.4076923076923077,22,43,195,261,-188.01800000000094,0.4444444444444444,40,67,154,262,32.26800000000071,0.46564885496183206,93,111,58,261,65.81099999999947,0.48659003831417624,88,107,66,260,-65.82999999999947,0.45384615384615384,87,113,60,260,-36.42399999999998,0.46153846153846156,84,112,64,262,-118.59399999999914,0.44656488549618323,95,129,38,261,-110.21600000000035,0.4329501915708812,110,143,8,166,-133.0,0.41566265060240964,69,96,1,False,2
Satellite C - 14:00 Previous Close Continuation,12.0,12.0,1.0,1440,1304,-225.74200000000246,-0.1731150306748485,0.4754601226993865,0.958928018779339,464.7970000000016,8,344,348,612,949,-334.92599999999857,-0.35292518440463494,0.4815595363540569,0.9370761920167555,497.1389999999992,11,392,420,137,2253,-560.668000000001,0.4780292942743009,0.9481773506106307,260,-138.31400000000053,0.4076923076923077,22,27,211,261,-221.39900000000102,0.4482758620689655,40,52,169,262,-14.591999999999643,0.49236641221374045,98,98,66,261,67.868999999999,0.5134099616858238,90,87,84,260,80.69399999999973,0.5153846153846153,94,84,82,260,-75.28100000000018,0.4807692307692308,87,92,81,262,-132.38899999999808,0.4770992366412214,102,114,46,261,-90.25600000000031,0.4827586206896552,122,130,9,166,-37.0,0.4879518072289157,81,84,1,False,2
Satellite C - 14:00 Previous Close Continuation,12.0,15.0,0.8,1440,1304,-190.9140000000018,-0.1464064417177928,0.4938650306748466,0.9662475231140657,424.8540000000014,8,357,250,697,949,-172.95299999999975,-0.18224762908324527,0.5321390937829295,0.9692028182271282,495.55999999999995,8,425,341,183,2253,-363.86700000000155,0.5099866844207723,0.9677198714319969,260,-94.89700000000084,0.4115384615384615,23,8,229,261,-237.13900000000126,0.4559386973180077,42,36,183,262,135.83300000000054,0.5458015267175572,108,70,84,261,-15.56899999999996,0.5210727969348659,90,66,105,260,20.85799999999972,0.5346153846153846,94,70,96,260,38.119999999998754,0.5192307692307693,91,63,106,262,-87.11999999999807,0.5343511450381679,108,90,64,261,-50.95300000000043,0.5402298850574713,137,112,12,166,-73.0,0.536144578313253,89,76,1,False,2
Satellite C - 14:00 Previous Close Continuation,12.0,20.0,0.6,1440,1304,-150.36900000000264,-0.11531365030675049,0.5061349693251533,0.9738620022044572,506.5480000000023,8,367,138,799,949,-77.69999999999982,-0.08187565858798716,0.5806111696522656,0.9870398111315181,588.56,8,463,250,236,2253,-228.06900000000246,0.5375055481580115,0.9805868521502746,260,-94.13800000000106,0.4115384615384615,23,2,235,261,-265.2890000000016,0.4559386973180077,42,17,202,262,72.7920000000006,0.5610687022900763,110,46,106,261,-9.609000000000606,0.5363984674329502,93,36,132,260,145.875,0.5653846153846154,99,37,124,260,6.057999999999083,0.5384615384615384,91,38,131,262,-15.937999999998738,0.5763358778625954,116,58,88,261,1.1799999999998363,0.6091954022988506,155,90,16,166,-69.0,0.608433734939759,101,64,1,False,2
Satellite C - 14:00 Previous Close Continuation,12.0,25.0,0.48,1440,1304,90.2169999999985,0.0691848159509191,0.5122699386503068,1.0162071901812273,425.3150000000014,8,371,73,860,949,-266.45999999999776,-0.2807797681770261,0.5985247629083246,0.9581579708547329,752.963999999999,8,478,195,276,2253,-176.24299999999926,0.5486018641810919,0.985232747015891,260,-87.7310000000009,0.4115384615384615,23,0,237,261,-243.63800000000128,0.4559386973180077,42,9,210,262,154.3650000000016,0.5763358778625954,111,28,123,261,38.16399999999908,0.5402298850574713,94,16,151,260,229.05700000000002,0.5769230769230769,101,20,139,260,-28.691000000001168,0.5384615384615384,91,22,147,262,-11.134999999997945,0.5954198473282443,119,41,102,261,-156.94399999999905,0.6245210727969349,159,77,25,166,-69.6899999999996,0.6566265060240963,109,55,2,False,3
Satellite C - 14:00 Previous Close Continuation,12.0,30.0,0.4,1440,1304,47.132999999999356,0.036144938650306255,0.5138036809815951,1.0083664621543307,449.342000000001,8,373,45,886,949,-397.527999999998,-0.41889146469968175,0.6122233930453108,0.9401542091058859,860.9879999999989,8,489,156,304,2253,-350.3949999999986,0.5552596537949401,0.971457147272225,260,-87.7310000000009,0.4115384615384615,23,0,237,261,-262.6650000000009,0.4559386973180077,42,6,213,262,143.60700000000202,0.5801526717557252,112,16,134,261,36.799999999999045,0.5402298850574713,94,8,159,260,217.12200000000007,0.5807692307692308,102,15,143,260,-24.03200000000129,0.5384615384615384,91,12,157,262,-12.837999999998146,0.5992366412213741,119,26,117,261,-183.96799999999894,0.6551724137931034,166,67,28,166,-176.6899999999996,0.6807228915662651,113,51,2,False,3
Satellite C - 14:00 Previous Close Continuation,12.0,35.0,0.34285714285714286,1440,1304,20.73899999999935,0.01590414110429398,0.5145705521472392,1.003656409303454,466.4370000000008,8,374,30,900,949,-341.5179999999975,-0.3598714436248657,0.6206533192834562,0.948820935465028,1029.9719999999975,8,496,116,337,2253,-320.7789999999982,0.559254327563249,0.9740153876561773,260,-87.7310000000009,0.4115384615384615,23,0,237,261,-268.42200000000093,0.4559386973180077,42,4,215,262,88.26000000000204,0.5801526717557252,112,14,136,261,45.263999999999214,0.5402298850574713,94,4,163,260,243.36799999999994,0.5846153846153846,103,8,149,260,-31.87000000000171,0.5384615384615384,91,5,164,262,96.96400000000199,0.6030534351145038,120,14,128,261,-209.9219999999982,0.6628352490421456,167,51,43,166,-196.6899999999996,0.7108433734939759,118,46,2,False,3
Satellite C - 14:00 Previous Close Continuation,15.0,8.0,1.875,1440,1304,-655.3330000000008,-0.5025559815950926,0.38496932515337423,0.8777112155729061,700.3410000000006,11,217,595,492,949,-670.8760000000009,-0.7069293993677565,0.3350895679662803,0.8617415866261471,835.5370000000016,17,258,596,95,2253,-1326.2090000000017,0.36395916555703506,0.8701225151012644,260,-167.24300000000062,0.4,11,76,173,261,-94.30600000000072,0.42911877394636017,25,82,154,262,-63.27299999999968,0.3702290076335878,65,146,51,261,-48.46100000000001,0.3831417624521073,60,138,63,260,-282.0499999999997,0.3423076923076923,56,153,51,260,-63.57100000000037,0.38076923076923075,62,141,57,262,-254.4190000000001,0.3282442748091603,66,167,29,261,-181.88600000000042,0.31800766283524906,80,173,8,166,-171.0,0.30120481927710846,50,115,1,False,0
Satellite C - 14:00 Previous Close Continuation,15.0,10.0,1.5,1440,1304,-273.346,-0.20962116564417177,0.43328220858895705,0.9504307159606725,377.20900000000006,10,240,456,608,949,-472.98299999999904,-0.49840147523709066,0.39620653319283455,0.9115801953456236,693.0549999999998,14,297,518,134,2253,-746.328999999999,0.4176653351087439,0.9313007313983224,260,-137.8030000000008,0.4076923076923077,11,43,206,261,-153.78900000000067,0.44061302681992337,26,67,168,262,40.07000000000107,0.4312977099236641,72,117,73,261,97.39399999999978,0.46360153256704983,67,110,84,260,-119.21799999999939,0.4230769230769231,64,119,77,260,-1.1189999999999145,0.4346153846153846,69,118,73,262,-148.47099999999864,0.40076335877862596,76,137,49,261,-147.39300000000048,0.3793103448275862,93,157,11,166,-176.0,0.35542168674698793,59,106,1,False,2
Satellite C - 14:00 Previous Close Continuation,15.0,12.0,1.25,1440,1304,-271.9330000000016,-0.20853757668711778,0.455521472392638,0.9524097785599429,475.50300000000175,10,248,361,695,949,-355.6829999999977,-0.3747976817702821,0.43730242360379346,0.9381259136083749,548.0279999999982,11,330,453,166,2253,-627.6159999999993,0.4478473146915224,0.9452463845519875,260,-148.76900000000091,0.4076923076923077,11,27,222,261,-187.17000000000075,0.4444444444444444,26,52,183,262,-40.4719999999993,0.4541984732824427,75,103,84,261,90.66199999999935,0.4904214559386973,68,90,103,260,13.816000000000031,0.4807692307692308,68,89,103,260,-17.3599999999999,0.4576923076923077,72,95,93,262,-127.88999999999737,0.4351145038167939,83,119,60,261,-146.43300000000045,0.42528735632183906,104,145,12,166,-64.0,0.42771084337349397,71,94,1,False,2
Satellite C - 14:00 Previous Close Continuation,15.0,15.0,1.0,1440,1304,-208.79500000000075,-0.16011886503067543,0.4746932515337423,0.9644856331761115,394.35100000000193,10,259,260,785,949,-191.19399999999928,-0.20146891464699607,0.48788198103266595,0.9687401236863942,590.877,8,360,372,217,2253,-399.98900000000003,0.480248557478917,0.9666549260990316,260,-102.35200000000123,0.4115384615384615,12,8,240,261,-211.5480000000009,0.4521072796934866,26,36,199,262,118.97600000000102,0.5076335877862596,84,75,103,261,17.149000000000342,0.49808429118773945,68,67,126,260,-31.019999999999982,0.5038461538461538,69,74,117,260,94.11699999999905,0.49615384615384617,75,66,119,262,-44.8609999999976,0.4961832061068702,89,93,80,261,-44.45000000000073,0.4904214559386973,120,124,17,166,-196.0,0.4578313253012048,76,89,1,False,2
Satellite C - 14:00 Previous Close Continuation,15.0,20.0,0.75,1440,1304,-170.84800000000155,-0.13101840490797664,0.4869631901840491,0.9714760677483457,498.9590000000028,8,267,144,893,949,-83.16799999999967,-0.0876375131717594,0.5374077976817703,0.9874214939879739,649.5100000000002,8,399,277,273,2253,-254.0160000000012,0.5082112738570794,0.9798424812945643,260,-101.59300000000144,0.4115384615384615,12,2,246,261,-239.69800000000123,0.4521072796934866,26,17,218,262,39.661000000001195,0.5229007633587787,86,50,126,261,24.17999999999961,0.5134099616858238,70,36,155,260,106.60200000000032,0.5346153846153846,73,39,148,260,59.80799999999908,0.5153846153846153,75,39,146,262,35.32100000000173,0.5381679389312977,97,61,104,261,-27.29700000000048,0.5555555555555556,137,102,22,166,-151.0,0.5421686746987951,90,75,1,False,3
Satellite C - 14:00 Previous Close Continuation,15.0,25.0,0.6,1440,1304,-10.705000000000155,-0.008209355828220978,0.4915644171779141,0.9981734547435662,423.87100000000123,8,268,79,957,949,-189.52199999999743,-0.19970706006322175,0.5574288724973656,0.9728222423908607,754.9869999999992,8,415,213,321,2253,-200.2269999999976,0.5193075898801598,0.9843989666994802,260,-95.18600000000129,0.4115384615384615,12,0,248,261,-218.04700000000093,0.4521072796934866,26,9,226,262,104.2340000000022,0.5381679389312977,87,32,143,261,70.07299999999918,0.5172413793103449,70,16,175,260,128.22100000000069,0.5384615384615384,73,22,165,260,20.058999999998832,0.5153846153846153,75,23,162,262,55.82700000000273,0.5572519083969466,99,42,121,261,-162.7179999999994,0.5708812260536399,141,84,36,166,-102.6899999999996,0.6024096385542169,100,64,2,False,3
Satellite C - 14:00 Previous Close Continuation,15.0,30.0,0.5,1440,1304,-46.34599999999932,-0.03554141104294427,0.4938650306748466,0.9921816839929992,413.94900000000075,8,270,50,984,949,-234.64999999999782,-0.24726027397260045,0.5742887249736565,0.9675888120419065,816.6349999999993,8,429,170,350,2253,-280.99599999999714,0.5277407900577008,0.9786601399686917,260,-95.18600000000129,0.4115384615384615,12,0,248,261,-237.07400000000052,0.4521072796934866,26,6,229,262,107.9190000000026,0.5458015267175572,88,19,155,261,68.70899999999915,0.5172413793103449,70,8,183,260,109.28600000000074,0.5423076923076923,74,17,169,260,27.657999999998538,0.5153846153846153,75,12,173,262,49.124000000002525,0.5610687022900763,99,27,136,261,-158.74199999999928,0.6053639846743295,149,73,39,166,-152.6899999999996,0.6385542168674698,106,58,2,False,3
Satellite C - 14:00 Previous Close Continuation,15.0,35.0,0.42857142857142855,1440,1304,-57.498999999999114,-0.044094325153373554,0.4946319018404908,0.9903428401747523,463.1090000000006,8,271,33,1000,949,-111.39599999999768,-0.1173825079030534,0.5848261327713382,0.9846435133815084,957.3749999999982,8,438,126,385,2253,-168.8949999999968,0.5326231691078562,0.987212704149468,260,-95.18600000000129,0.4115384615384615,12,0,248,261,-242.83100000000059,0.4521072796934866,26,4,231,262,51.348000000002685,0.5458015267175572,88,16,158,261,77.17299999999932,0.5172413793103449,70,4,187,260,151.99700000000075,0.5461538461538461,75,9,176,260,19.819999999998117,0.5153846153846153,75,5,180,262,156.92600000000266,0.5648854961832062,100,15,147,261,-195.45199999999886,0.6130268199233716,150,55,56,166,-92.6899999999996,0.6807228915662651,113,51,2,False,3
Satellite C - 14:00 Previous Close Continuation,20.0,8.0,2.5,1440,1304,-547.0820000000003,-0.41954141104294507,0.37423312883435583,0.8992295624621361,575.0070000000003,11,133,603,568,949,-376.92600000000084,-0.3971822971549008,0.31401475237091675,0.9245142681022583,526.0580000000016,24,195,612,142,2253,-924.0080000000012,0.3488681757656458,0.9113434668280636,260,-173.9670000000001,0.39615384615384613,5,76,179,261,-50.154000000000906,0.42911877394636017,15,82,164,262,-46.471999999999525,0.3473282442748092,43,151,68,261,-14.519999999999982,0.3716475095785441,35,140,86,260,-261.9689999999998,0.3269230769230769,35,154,71,260,-87.45200000000045,0.36153846153846153,36,144,80,262,-147.21400000000017,0.32061068702290074,48,168,46,261,-109.26000000000022,0.2835249042145594,65,181,15,166,-33.0,0.27710843373493976,46,119,1,False,0
Satellite C - 14:00 Previous Close Continuation,20.0,10.0,2.0,1440,1304,-147.29300000000012,-0.11295475460122709,0.42254601226993865,0.9737001160071058,304.82500000000164,10,148,464,692,949,-118.56499999999869,-0.12493677555321253,0.37302423603793466,0.9785646864123816,431.0,14,226,534,189,2253,-265.8579999999988,0.4016866400355082,0.9761172754264985,260,-144.52700000000027,0.40384615384615385,5,43,212,261,-114.1640000000009,0.44061302681992337,15,67,179,262,63.677000000001044,0.4083969465648855,48,122,92,261,146.17699999999968,0.4521072796934866,40,112,109,260,-98.45599999999968,0.4076923076923077,40,120,100,260,-53.36200000000008,0.4115384615384615,38,120,102,262,-8.43599999999833,0.3931297709923664,56,138,68,261,-25.76700000000028,0.3448275862068966,78,165,18,166,-31.0,0.3253012048192771,54,111,1,False,2
Satellite C - 14:00 Previous Close Continuation,20.0,12.0,1.6666666666666667,1440,1304,-188.3710000000017,-0.14445628834355959,0.4432515337423313,0.9677198294165605,442.5520000000022,10,153,370,781,949,46.164000000002716,0.048644889357220986,0.41201264488935724,1.0077237506000198,412.05700000000024,11,254,470,225,2253,-142.20699999999897,0.43009320905459386,0.9879612010811362,260,-155.4930000000004,0.40384615384615385,5,27,228,261,-147.54500000000098,0.4444444444444444,15,52,194,262,-43.86499999999933,0.42748091603053434,50,109,103,261,140.44499999999925,0.4789272030651341,41,92,128,260,18.08699999999976,0.46153846153846156,42,90,128,260,-76.64699999999993,0.4346153846153846,39,96,125,262,45.14500000000294,0.42748091603053434,63,120,79,261,10.665999999999713,0.39080459770114945,88,153,20,166,67.0,0.3855421686746988,64,101,1,False,2
Satellite C - 14:00 Previous Close Continuation,20.0,15.0,1.3333333333333333,1440,1304,-119.1610000000012,-0.09138113496932607,0.4624233128834356,0.9801938710551378,346.8560000000018,10,160,268,876,949,280.10300000000143,0.2951559536354072,0.46153846153846156,1.043776442774675,469.0799999999999,8,282,388,279,2253,160.94200000000023,0.4620505992010652,1.0129636612004471,260,-104.0760000000007,0.4076923076923077,6,8,246,261,-171.92300000000114,0.4521072796934866,15,36,210,262,120.65500000000065,0.48091603053435117,55,80,127,261,60.932000000000244,0.48659003831417624,41,69,151,260,-24.74900000000025,0.4846153846153846,43,75,142,260,48.64999999999918,0.47307692307692306,42,66,152,262,148.4440000000027,0.48854961832061067,68,94,100,261,144.00899999999956,0.4521072796934866,103,132,26,166,-61.0,0.41566265060240964,69,96,1,False,2
Satellite C - 14:00 Previous Close Continuation,20.0,20.0,1.0,1440,1304,-45.605000000002065,-0.03497315950920404,0.4754601226993865,0.9925587990304654,463.2350000000031,8,167,149,988,949,489.4090000000017,0.5157102212855655,0.5110642781875658,1.070436844326211,584.1969999999997,8,316,291,342,2253,443.80399999999963,0.4904571682201509,1.033937984283903,260,-103.31700000000092,0.4076923076923077,6,2,252,261,-200.07300000000146,0.4521072796934866,15,17,229,262,62.87200000000098,0.5,57,53,152,261,71.85899999999947,0.5019157088122606,43,37,181,260,123.05399999999986,0.5153846153846153,46,40,174,260,14.340999999999212,0.49230769230769234,42,39,179,262,237.68600000000197,0.5305343511450382,73,62,127,261,178.38200000000052,0.5134099616858238,117,109,35,166,59.0,0.5060240963855421,84,81,1,True,3
Satellite C - 14:00 Previous Close Continuation,20.0,25.0,0.8,1440,1304,66.05099999999925,0.050652607361962615,0.47929447852760737,1.0109476384287615,438.0250000000019,8,167,84,1053,949,372.01500000000397,0.39200737618546255,0.530031612223393,1.050403448432374,733.5669999999996,8,331,227,391,2253,438.0660000000032,0.5006657789613849,1.0326571270038896,260,-96.91000000000076,0.4076923076923077,6,0,254,261,-178.42200000000116,0.4521072796934866,15,9,237,262,72.44500000000198,0.5114503816793893,57,36,169,261,129.26499999999896,0.5057471264367817,43,16,202,260,139.67300000000023,0.5192307692307693,46,23,191,260,-25.40800000000104,0.49230769230769234,42,23,195,262,263.19200000000296,0.549618320610687,75,43,144,261,-17.038999999998396,0.524904214559387,120,92,49,166,151.27000000000044,0.5662650602409639,94,69,3,False,3
Satellite C - 14:00 Previous Close Continuation,20.0,30.0,0.6666666666666666,1440,1304,51.09600000000023,0.03918404907975478,0.4815950920245399,1.0083904867093154,429.4090000000008,8,169,53,1082,949,281.1700000000035,0.296280295047422,0.5458377239199157,1.0363136287630497,773.6079999999993,8,344,184,421,2253,332.2660000000037,0.5086551264980027,1.0240205422315742,260,-96.91000000000076,0.4076923076923077,6,0,254,261,-197.44900000000075,0.4521072796934866,15,6,240,262,96.81600000000253,0.5190839694656488,58,21,183,261,127.90099999999893,0.5057471264367817,43,8,210,260,120.73800000000028,0.5230769230769231,47,18,195,260,-17.809000000001333,0.49230769230769234,42,12,206,262,251.48900000000276,0.5534351145038168,75,28,159,261,-8.779999999998381,0.5593869731800766,128,80,53,166,56.27000000000044,0.5963855421686747,99,64,3,False,3
Satellite C - 14:00 Previous Close Continuation,20.0,35.0,0.5714285714285714,1440,1304,35.671000000000504,0.02735506134969364,0.48236196319018404,1.0058236665410103,495.16600000000085,8,170,35,1099,949,324.4240000000036,0.3418587987355149,0.5553213909378293,1.0412645976706818,885.0609999999983,8,352,141,456,2253,360.0950000000041,0.5130936529072347,1.0257445707049315,260,-96.91000000000076,0.4076923076923077,6,0,254,261,-203.2060000000008,0.4521072796934866,15,4,242,262,30.24500000000262,0.5190839694656488,58,18,186,261,136.3649999999991,0.5057471264367817,43,4,214,260,169.17700000000036,0.5269230769230769,48,9,203,260,-25.647000000001754,0.49230769230769234,42,5,213,262,359.2910000000029,0.5572519083969466,76,16,170,261,-75.48999999999796,0.5670498084291188,129,62,70,166,66.27000000000044,0.6325301204819277,105,58,3,False,3
Satellite C - 14:00 Previous Close Continuation,25.0,8.0,3.125,1440,1304,-544.026000000001,-0.41719785276073695,0.3688650306748466,0.9005926514436947,575.0490000000011,11,83,607,614,949,-129.7420000000011,-0.13671443624868398,0.30031612223393045,0.9744549411521717,362.99900000000093,24,152,622,175,2253,-673.7680000000021,0.33999112294718153,0.9361456668209238,260,-198.87100000000032,0.39615384615384613,0,76,184,261,-43.1490000000008,0.42911877394636017,9,82,170,262,-35.2519999999995,0.33587786259541985,30,152,80,261,-17.069000000000415,0.36398467432950193,22,141,98,260,-249.68499999999995,0.3192307692307692,22,156,82,260,-58.21900000000073,0.36153846153846153,21,144,95,262,-38.16799999999944,0.31297709923664124,40,168,54,261,-98.35500000000093,0.2567049808429119,49,187,25,166,65.0,0.25301204819277107,42,123,1,False,0
Satellite C - 14:00 Previous Close Continuation,25.0,10.0,2.5,1440,1304,-114.04300000000057,-0.08745628834355872,0.41641104294478526,0.9798263741107934,313.60100000000057,10,94,468,742,949,139.641000000001,0.14714541622760904,0.35721812434141204,1.0246850792280366,370.0,14,177,546,226,2253,25.59800000000041,0.3914780292942743,1.0022633122112672,260,-169.4310000000005,0.40384615384615385,0,43,217,261,-107.15900000000079,0.44061302681992337,9,67,185,262,97.89700000000107,0.3969465648854962,35,123,104,261,164.82199999999943,0.4444444444444444,24,112,125,260,-100.1719999999998,0.39615384615384613,26,123,111,260,-20.35900000000038,0.4115384615384615,22,120,118,262,92.86200000000235,0.38549618320610685,45,138,79,261,-31.86200000000099,0.3103448275862069,60,173,28,166,99.0,0.30120481927710846,50,115,1,False,2
Satellite C - 14:00 Previous Close Continuation,25.0,12.0,2.0833333333333335,1440,1304,-136.30400000000236,-0.104527607361965,0.4371165644171779,0.9768557674397199,449.2970000000023,10,97,372,835,949,240.3540000000021,0.25327081138040264,0.39199157007376184,1.0389456414743523,397.0940000000005,11,198,485,266,2253,104.04999999999973,0.4181091877496671,1.0086270839527616,260,-180.39700000000062,0.40384615384615385,0,27,233,261,-140.54000000000087,0.4444444444444444,9,52,200,262,-3.448999999999387,0.41603053435114506,36,110,116,261,160.9829999999988,0.47126436781609193,24,92,145,260,27.098999999999705,0.45,28,91,141,260,-50.23400000000015,0.4346153846153846,22,96,142,262,107.44300000000362,0.4122137404580153,50,122,90,261,-18.855000000001382,0.3524904214559387,67,161,33,166,202.0,0.35542168674698793,59,106,1,False,2
Satellite C - 14:00 Previous Close Continuation,25.0,15.0,1.6666666666666667,1440,1304,-67.80300000000193,-0.05199616564417326,0.455521472392638,0.988831936481237,362.2750000000028,10,102,269,933,949,455.37600000000043,0.47984826132771385,0.440463645943098,1.068445450354668,388.0799999999999,9,217,404,328,2253,387.5729999999985,0.44917887261429207,1.0304593409415737,260,-123.98000000000093,0.4076923076923077,1,8,251,261,-164.91800000000103,0.4521072796934866,9,36,216,262,163.11700000000064,0.46564885496183206,40,80,142,261,81.4699999999998,0.4789272030651341,24,69,168,260,-23.492000000000417,0.47307692307692306,28,76,156,260,70.97299999999882,0.47307692307692306,23,66,171,262,229.74200000000337,0.4732824427480916,55,96,111,261,70.66099999999824,0.4099616858237548,75,141,45,166,84.0,0.3855421686746988,64,101,1,True,2
Satellite C - 14:00 Previous Close Continuation,25.0,20.0,1.25,1440,1304,25.49499999999739,0.019551380368096158,0.46855828220858897,1.0041279093300948,487.8870000000031,8,106,149,1049,949,740.1110000000003,0.7798851422550056,0.48998946259220233,1.1021447455514355,582.9099999999994,8,247,304,398,2253,765.6059999999977,0.47758544163337774,1.0570413050018483,260,-123.22100000000114,0.4076923076923077,1,2,257,261,-193.06800000000135,0.4521072796934866,9,17,235,262,106.78200000000106,0.4847328244274809,41,53,168,261,102.39699999999903,0.4942528735632184,26,37,198,260,132.6049999999998,0.5038461538461538,29,40,191,260,36.66399999999885,0.49230769230769234,23,39,198,262,326.49600000000237,0.5152671755725191,58,63,141,261,77.95099999999911,0.4674329501915709,86,117,58,166,299.0,0.4819277108433735,80,85,1,True,3
Satellite C - 14:00 Previous Close Continuation,25.0,25.0,1.0,1440,1304,137.1509999999987,0.1051771472392628,0.4723926380368098,1.0225544250012044,457.0920000000017,8,106,84,1114,949,582.5570000000023,0.6138640674394124,0.5079030558482613,1.075199433264742,760.329999999999,8,260,240,449,2253,719.708000000001,0.4873501997336884,1.0520482121489607,260,-116.81400000000099,0.4076923076923077,1,0,259,261,-171.41700000000105,0.4521072796934866,9,9,243,262,116.35500000000206,0.4961832061068702,41,36,185,261,159.80299999999852,0.49808429118773945,26,16,219,260,149.22400000000016,0.5076923076923077,29,23,208,260,-3.0850000000014006,0.49230769230769234,23,23,214,262,328.4320000000032,0.5305343511450382,59,44,159,261,-142.4699999999998,0.4789272030651341,89,100,72,166,399.6800000000003,0.5421686746987951,89,73,4,False,3
Satellite C - 14:00 Previous Close Continuation,25.0,30.0,0.8333333333333334,1440,1304,132.19599999999969,0.10137730061349669,0.4746932515337423,1.0215398036494614,448.6820000000007,8,108,53,1143,949,549.5720000000019,0.5791064278187587,0.5247629083245522,1.0675063213629212,757.3059999999991,8,274,195,480,2253,681.7680000000016,0.4957833999112295,1.0477484277927662,260,-116.81400000000099,0.4076923076923077,1,0,259,261,-190.44400000000064,0.4521072796934866,9,6,246,262,145.7260000000026,0.5038167938931297,42,21,199,261,158.4389999999985,0.49808429118773945,26,8,227,260,135.28900000000021,0.5115384615384615,30,18,212,260,4.513999999998305,0.49230769230769234,23,12,225,262,311.729000000003,0.5343511450381679,59,29,174,261,-76.35099999999966,0.5172413793103449,98,86,77,166,309.6800000000003,0.572289156626506,94,68,4,False,3
Satellite C - 14:00 Previous Close Continuation,25.0,35.0,0.7142857142857143,1440,1304,114.89200000000005,0.08810736196319023,0.4754601226993865,1.0186128824371257,514.4390000000008,8,108,35,1161,949,602.7660000000021,0.6351591148577472,0.5353003161222339,1.072795505070853,864.2709999999984,8,281,151,517,2253,717.6580000000022,0.5006657789613849,1.049654680163493,260,-116.81400000000099,0.4076923076923077,1,0,259,261,-196.2010000000007,0.4521072796934866,9,4,248,262,79.1550000000027,0.5038167938931297,42,18,202,261,166.90299999999866,0.49808429118773945,26,4,231,260,181.8490000000004,0.5153846153846153,30,9,221,260,-3.3240000000021155,0.49230769230769234,23,5,232,262,466.1810000000032,0.5419847328244275,60,16,186,261,-168.06099999999924,0.524904214559387,99,68,94,166,307.97000000000025,0.608433734939759,99,62,5,False,3
Satellite C - 14:00 Previous Close Continuation,30.0,8.0,3.75,1440,1304,-443.390000000001,-0.3400230061349701,0.36809815950920244,0.9190996614662303,471.31500000000096,11,55,608,641,949,77.78299999999854,0.08196311907270658,0.291886195995785,1.0151242079686993,330.141000000001,24,124,630,195,2253,-365.6070000000025,0.3359964491788726,0.9655855275983063,260,-198.87100000000032,0.39615384615384613,0,76,184,261,-47.158000000000584,0.42911877394636017,4,82,175,262,-12.61699999999928,0.3320610687022901,21,153,88,261,-1.7690000000006876,0.36398467432950193,14,141,106,260,-182.97500000000014,0.3192307692307692,16,156,88,260,12.899999999998954,0.36153846153846153,16,144,100,262,-6.73099999999954,0.30916030534351147,28,169,65,261,24.613999999999123,0.25287356321839083,44,188,29,166,47.0,0.21686746987951808,36,129,1,False,0
Satellite C - 14:00 Previous Close Continuation,30.0,10.0,3.0,1440,1304,-4.052000000000589,-0.003107361963190636,0.4156441717791411,0.9992844875415718,317.61000000000035,10,62,469,773,949,428.55000000000064,0.4515806111696529,0.3487881981032666,1.0747006353083786,330.0,14,146,554,249,2253,424.49800000000005,0.38748335552596536,1.0372367548589807,260,-169.4310000000005,0.40384615384615385,0,43,217,261,-111.16800000000057,0.44061302681992337,4,67,190,262,130.75500000000147,0.3931297709923664,24,124,114,261,190.12199999999916,0.4444444444444444,16,112,133,260,-44.330000000000155,0.39615384615384613,18,123,119,260,55.75999999999931,0.4115384615384615,17,120,123,262,119.68300000000227,0.3816793893129771,30,139,93,261,144.10699999999906,0.3065134099616858,55,174,32,166,109.0,0.26506024096385544,44,121,1,True,2
Satellite C - 14:00 Previous Close Continuation,30.0,12.0,2.5,1440,1304,-36.109000000002425,-0.02769095092024726,0.4363496932515337,0.9938812087921208,453.426000000002,10,64,373,867,949,517.0470000000018,0.5448335089567986,0.38250790305584825,1.0823385526771536,346.5090000000007,11,162,494,293,2253,480.9379999999994,0.41367066134043495,1.0394831101333288,260,-180.39700000000062,0.40384615384615385,0,27,233,261,-144.54900000000066,0.4444444444444444,4,52,205,262,32.409000000001015,0.4122137404580153,25,111,126,261,186.28299999999854,0.47126436781609193,16,92,153,260,70.1449999999993,0.45,19,91,150,260,25.884999999999536,0.4346153846153846,17,96,147,262,108.5540000000035,0.4083969465648855,33,123,106,261,179.6079999999988,0.3486590038314176,60,162,39,166,203.0,0.3132530120481928,52,113,1,True,3
Satellite C - 14:00 Previous Close Continuation,30.0,15.0,2.0,1440,1304,53.52099999999837,0.04104371165644047,0.455521472392638,1.0088156265591153,359.707000000001,10,67,269,968,949,872.4010000000003,0.9192845100105377,0.43308746048472074,1.1293591952574284,314.1640000000009,9,180,410,359,2253,925.9219999999987,0.44607190412782954,1.072252020671437,260,-128.99000000000092,0.4076923076923077,0,8,252,261,-168.92700000000082,0.4521072796934866,4,36,221,262,225.1140000000014,0.46564885496183206,28,80,154,261,106.76999999999953,0.4789272030651341,16,69,176,260,19.553999999999178,0.47307692307692306,19,76,165,260,145.1309999999985,0.47307692307692306,17,66,177,262,228.0430000000033,0.46946564885496184,36,97,129,261,320.2269999999985,0.4061302681992337,68,141,52,166,179.0,0.35542168674698793,59,106,1,True,3
Satellite C - 14:00 Previous Close Continuation,30.0,20.0,1.5,1440,1304,147.54599999999755,0.11314877300613309,0.46855828220858897,1.0238892531876136,482.59000000000265,8,68,149,1087,949,1268.1490000000001,1.336300316122234,0.48261327713382507,1.17240463289809,465.0729999999994,8,206,309,434,2253,1415.6949999999977,0.4744784731469152,1.1046190466161268,260,-128.23100000000113,0.4076923076923077,0,2,258,261,-197.07700000000114,0.4521072796934866,4,17,240,262,173.77900000000182,0.4847328244274809,29,53,180,261,125.20699999999874,0.4942528735632184,16,37,208,260,173.86799999999926,0.5038461538461538,19,40,201,260,110.82199999999852,0.49230769230769234,17,39,204,262,317.52000000000226,0.5114503816793893,36,64,162,261,379.8569999999995,0.46360153256704983,78,117,66,166,459.9499999999998,0.45180722891566266,75,89,2,True,3
Satellite C - 14:00 Previous Close Continuation,30.0,25.0,1.2,1440,1304,259.20199999999886,0.19877453987729973,0.4723926380368098,1.0426256612723364,447.6460000000018,8,68,84,1152,949,1081.5980000000022,1.139723919915703,0.4994731296101159,1.1367938428491824,642.492999999999,8,217,246,486,2253,1340.800000000001,0.48379937860630273,1.0958558844524802,260,-121.82400000000098,0.4076923076923077,0,0,260,261,-175.42600000000084,0.4521072796934866,4,9,248,262,183.35200000000282,0.4961832061068702,29,36,197,261,182.61299999999824,0.49808429118773945,16,16,229,260,190.48699999999963,0.5076923076923077,19,23,218,260,71.07299999999827,0.49230769230769234,17,23,220,262,305.45900000000324,0.5267175572519084,36,45,181,261,174.4360000000006,0.47509578544061304,81,100,80,166,530.6300000000001,0.5060240963855421,83,78,5,True,3
Satellite C - 14:00 Previous Close Continuation,30.0,30.0,1.0,1440,1304,264.24699999999984,0.20264340490797533,0.4746932515337423,1.0430559812321043,434.2360000000008,8,70,53,1181,949,1111.1930000000013,1.1709093782929414,0.5163329820864068,1.133868158790418,636.0099999999993,8,230,199,520,2253,1375.4400000000012,0.49223257878384374,1.0952656614956386,260,-121.82400000000098,0.4076923076923077,0,0,260,261,-194.45300000000043,0.4521072796934866,4,6,251,262,217.72300000000337,0.5038167938931297,30,21,211,261,181.2489999999982,0.49808429118773945,16,8,237,260,181.55199999999968,0.5115384615384615,20,18,222,260,78.67199999999798,0.49230769230769234,17,12,231,262,285.276000000003,0.5305343511450382,36,29,197,261,277.7950000000005,0.5134099616858238,89,86,86,166,469.4499999999998,0.536144578313253,88,72,6,True,3
Satellite C - 14:00 Previous Close Continuation,30.0,35.0,0.8571428571428571,1440,1304,246.9430000000002,0.18937346625766888,0.4754601226993865,1.0400055793934402,499.99300000000085,8,70,35,1199,949,1179.3870000000015,1.2427681770284527,0.5268703898840885,1.1394095725573123,701.9769999999985,8,237,155,557,2253,1426.3300000000017,0.4971149578339991,1.097476283240453,260,-121.82400000000098,0.4076923076923077,0,0,260,261,-200.2100000000005,0.4521072796934866,4,4,253,262,151.15200000000345,0.5038167938931297,30,18,214,261,189.71299999999837,0.49808429118773945,16,4,241,260,228.11199999999985,0.5153846153846153,20,9,231,260,70.83399999999756,0.49230769230769234,17,5,238,262,444.72800000000325,0.5381679389312977,37,16,209,261,191.08500000000095,0.5210727969348659,90,68,103,166,472.7399999999998,0.572289156626506,93,66,7,True,3
