family,param,tp,sl,robust_score,positive_train_years,train_n,train_net,train_expectancy,train_pf,train_positive_rate,train_max_dd,train_tp,train_sl,train_eod,oos_n,oos_net,oos_expectancy,oos_pf,oos_positive_rate,oos_max_dd,oos_tp,oos_sl,oos_eod,all_n,all_net,all_expectancy,all_pf,all_positive_rate,all_max_dd,all_tp,all_sl,all_eod
europe_09_10_orb,b=0.0,10.0,15.0,-1.0954945058332146,1,770,-595.8640000000016,-0.7738493506493528,0.8616762811212346,0.5285714285714286,646.5370000000025,356,248,166,164,-310.0,-1.8902439024390243,0.7350427350427351,0.524390243902439,330.0,86,78,0,934,-905.8640000000016,-0.9698758029978604,0.8346284514627353,0.5278372591006424,937.1140000000019,442,326,166
europe_09_10_orb,b=0.0,10.0,20.0,-1.2926985691083357,1,770,-732.807000000003,-0.9516974025974064,0.8411576393493502,0.551948051948052,766.932000000003,371,174,225,164,-419.1800000000003,-2.5559756097560995,0.6938459515914633,0.5792682926829268,439.1800000000003,95,68,1,934,-1151.9870000000033,-1.233390792291224,0.8074438501100603,0.556745182012848,1176.1120000000033,466,242,226
europe_09_10_orb,b=0.0,10.0,25.0,-1.6383034862153338,1,770,-999.0100000000034,-1.2974155844155888,0.7981645481901051,0.561038961038961,1028.1350000000034,378,121,271,164,-514.1800000000003,-3.135243902439026,0.6648502783245772,0.6219512195121951,534.1800000000003,102,61,1,934,-1513.1900000000037,-1.620117773019276,0.7666200993675623,0.5717344753747323,1532.3150000000037,480,182,272
europe_09_10_orb,b=0.0,10.0,30.0,-1.7384065039424472,0,770,-1118.035000000003,-1.4519935064935103,0.7802885283349157,0.5636363636363636,1142.208000000003,380,91,299,164,-459.1800000000003,-2.7998780487804895,0.7073758268649867,0.676829268292683,489.1800000000003,111,52,1,934,-1577.2150000000033,-1.6886670235546075,0.7631037795942848,0.5835117773019272,1591.3880000000033,491,143,300
europe_09_10_orb,b=0.0,10.0,35.0,-1.9641413283276061,0,770,-1286.5390000000027,-1.6708298701298736,0.7557430909096082,0.564935064935065,1310.7770000000028,381,67,322,164,-590.6700000000001,-3.601646341463415,0.6574197589578814,0.6951219512195121,620.6700000000001,113,49,2,934,-1877.2090000000028,-2.009859743040688,0.7314949147766481,0.5877944325481799,1891.4470000000028,494,116,324
europe_09_10_orb,b=0.0,15.0,15.0,-1.0973423986726796,1,770,-607.1290000000035,-0.7884792207792254,0.8748823020391905,0.4597402597402597,685.4300000000044,244,277,249,164,-339.9399999999996,-2.072804878048778,0.7563154121863802,0.4329268292682927,354.9399999999996,70,93,1,934,-947.0690000000031,-1.0139925053533225,0.8484074255421756,0.4550321199143469,985.9470000000033,314,370,250
europe_09_10_orb,b=0.0,15.0,20.0,-1.160221776505152,1,770,-615.4150000000047,-0.7992402597402659,0.8800839586683595,0.487012987012987,677.5810000000024,260,190,320,164,-374.1199999999999,-2.281219512195121,0.7675089175853541,0.5060975609756098,389.1199999999999,82,80,2,934,-989.5350000000046,-1.0594593147751656,0.8532114841373873,0.49036402569593146,1029.2260000000047,342,270,322
europe_09_10_orb,b=0.0,15.0,25.0,-1.517189722613367,1,770,-896.2920000000047,-1.1640155844155906,0.8372974323152721,0.4961038961038961,945.9830000000047,266,134,370,164,-429.1899999999996,-2.6170121951219487,0.7594563542104528,0.5548780487804879,444.1899999999996,90,71,3,934,-1325.4820000000043,-1.4191456102783773,0.818253493131657,0.5064239828693791,1360.1730000000043,356,205,373
europe_09_10_orb,b=0.0,15.0,30.0,-1.6806221935408818,0,770,-1051.9570000000037,-1.3661779220779269,0.8147780741097578,0.4974025974025974,1096.6480000000038,267,102,401,164,-334.1899999999996,-2.037743902439022,0.8183009378822892,0.6158536585365854,364.1899999999996,100,61,3,934,-1386.1470000000033,-1.484097430406856,0.8156398500749661,0.5182012847965739,1430.8380000000034,367,163,404
europe_09_10_orb,b=0.0,15.0,35.0,-1.9561849308676167,0,770,-1244.8950000000036,-1.6167467532467579,0.7885485204876392,0.4987012987012987,1289.6990000000037,268,75,427,164,-400.6799999999994,-2.4431707317073132,0.7965316744953665,0.6463414634146342,490.6799999999994,104,56,4,934,-1645.575000000003,-1.7618576017130654,0.7905494837544189,0.5246252676659529,1715.379000000003,372,131,431
europe_09_10_orb,b=0.0,20.0,15.0,-1.383382572825564,0,770,-864.0470000000055,-1.1221389610389683,0.8335204841515873,0.41818181818181815,929.8270000000055,166,294,310,164,-409.9399999999996,-2.499634146341461,0.7397206349206352,0.3597560975609756,414.9399999999996,58,105,1,934,-1273.987000000005,-1.3640117773019327,0.8116827368660665,0.4079229122055675,1344.767000000005,224,399,311
europe_09_10_orb,b=0.0,20.0,20.0,-1.5393075553672282,1,770,-918.8080000000066,-1.1932571428571515,0.8338582628756002,0.44545454545454544,948.8680000000068,176,205,389,164,-524.1199999999999,-3.195853658536585,0.7225674631321527,0.42073170731707316,524.1199999999999,68,94,2,934,-1442.9280000000065,-1.5448907922912274,0.8055207895576023,0.4411134903640257,1472.9880000000067,244,299,391
europe_09_10_orb,b=0.0,20.0,25.0,-1.9807045919053938,1,770,-1211.0690000000063,-1.5728168831168914,0.7957904197271056,0.45584415584415583,1236.1290000000065,179,146,445,164,-609.1899999999996,-3.714573170731705,0.7145648354222797,0.4695121951219512,609.1899999999996,76,85,3,934,-1820.259000000006,-1.948885438972169,0.7742949891937395,0.4582441113490364,1845.319000000006,255,231,448
europe_09_10_orb,b=0.0,20.0,30.0,-2.2894554728750203,0,770,-1424.0100000000048,-1.8493636363636425,0.7682072043755134,0.45584415584415583,1444.070000000005,179,112,479,164,-409.17599999999993,-2.4949756097560973,0.8118069979523842,0.5426829268292683,457.01600000000053,88,71,5,934,-1833.1860000000047,-1.962725910064245,0.7796041380204154,0.47109207708779444,1901.0860000000055,267,183,484
europe_09_10_orb,b=0.0,20.0,35.0,-2.5224962951344447,0,770,-1577.0050000000049,-2.0480584415584477,0.750422120791195,0.4584415584415584,1599.4110000000053,180,81,509,164,-505.6659999999997,-3.0833292682926814,0.7852101488550852,0.573170731707317,555.6659999999997,92,66,6,934,-2082.671000000005,-2.229840471092082,0.7598652127165858,0.4785867237687366,2147.8440000000046,272,147,515
europe_09_10_orb,b=0.0,25.0,15.0,-1.4195810151469084,1,770,-865.390000000006,-1.1238831168831247,0.8363296722375858,0.4077922077922078,987.6780000000072,112,300,358,164,-359.9399999999996,-2.194756097560973,0.7838198198198201,0.3231707317073171,400.0,52,111,1,934,-1225.3300000000056,-1.3119164882227041,0.8237543109232679,0.3929336188436831,1341.445000000006,164,411,359
europe_09_10_orb,b=0.0,25.0,20.0,-1.629079913718926,1,770,-952.8880000000077,-1.237516883116893,0.8316526655183063,0.43376623376623374,990.6210000000076,119,211,440,164,-454.1199999999999,-2.7690243902439016,0.7739774435341782,0.38414634146341464,504.1800000000003,62,100,2,934,-1407.0080000000075,-1.5064325481798797,0.8165433415521092,0.42505353319057815,1494.801000000008,181,311,442
europe_09_10_orb,b=0.0,25.0,25.0,-2.089452903774654,1,770,-1264.9760000000072,-1.6428259740259834,0.7916133403598574,0.44285714285714284,1277.9720000000073,121,150,499,164,-539.1899999999996,-3.287743902439022,0.7639531574915182,0.4329268292682927,584.1800000000003,69,91,4,934,-1804.1660000000068,-1.931655246252684,0.7840506902739939,0.4411134903640257,1862.1520000000075,190,241,503
europe_09_10_orb,b=0.0,25.0,30.0,-2.4441893098441847,0,770,-1497.9170000000056,-1.9453467532467605,0.7623588193560416,0.44285714285714284,1508.467000000006,121,116,533,164,-406.3559999999993,-2.477780487804874,0.8296712601164601,0.49390243902439024,537.0160000000005,78,78,8,934,-1904.273000000005,-2.0388361884368362,0.7808406456540158,0.4518201284796574,2045.4830000000065,199,194,541
europe_09_10_orb,b=0.0,25.0,35.0,-2.7086313664316712,0,770,-1665.9120000000057,-2.163522077922085,0.74364668769716,0.44545454545454544,1676.254000000006,122,85,563,164,-525.9559999999988,-3.2070487804877974,0.7977649231980736,0.524390243902439,617.1459999999993,81,73,10,934,-2191.8680000000045,-2.346753747323345,0.7591146314143985,0.4593147751605996,2276.167000000005,203,158,573
europe_09_10_orb,b=0.0,30.0,15.0,-1.2704313731662706,0,770,-811.3630000000064,-1.0537181818181902,0.8487148472992568,0.4,932.4180000000065,83,305,382,164,-244.8699999999999,-1.4931097560975604,0.8555339233038348,0.31097560975609756,375.0,47,113,4,934,-1056.2330000000063,-1.1308704496788076,0.8503524371941199,0.38436830835117775,1307.4180000000065,130,418,386
europe_09_10_orb,b=0.0,30.0,20.0,-1.5074516827688575,1,770,-923.008000000008,-1.1987116883116986,0.8397830928364728,0.42597402597402595,1010.741000000008,88,216,466,164,-314.47000000000025,-1.9175000000000015,0.8465386154461784,0.3719512195121951,469.1800000000003,56,102,6,934,-1237.4780000000083,-1.3249229122055763,0.8415555615306699,0.4164882226980728,1479.9210000000082,144,318,472
europe_09_10_orb,b=0.0,30.0,25.0,-1.8084932275764862,0,770,-1139.1910000000073,-1.4794688311688406,0.8142517270959325,0.43766233766233764,1194.4980000000076,91,152,527,164,-374.53999999999996,-2.283780487804878,0.8395458926850167,0.42073170731707316,539.1800000000003,63,93,8,934,-1513.7310000000073,-1.6206970021413354,0.821224832244488,0.4346895074946467,1733.6780000000078,154,245,535
europe_09_10_orb,b=0.0,30.0,30.0,-2.1841171857539963,0,770,-1382.1320000000057,-1.7949766233766309,0.783226399812795,0.43766233766233764,1442.6820000000062,91,118,561,164,-333.47599999999966,-2.0333902439024367,0.8668245983683942,0.4695121951219512,485.46600000000035,69,81,14,934,-1715.6080000000054,-1.8368394004282713,0.8068000306307679,0.44325481798715205,1928.1480000000065,160,199,575
europe_09_10_orb,b=0.0,30.0,35.0,-2.4574363871777716,0,770,-1555.1270000000059,-2.0196454545454623,0.763699881115038,0.44025974025974024,1611.0560000000064,92,87,591,164,-462.35299999999916,-2.8192256097560926,0.8308899370747133,0.5,590.8159999999998,71,76,17,934,-2017.480000000005,-2.160042826552468,0.7834203668245875,0.45074946466809424,2192.366000000006,163,163,608
europe_09_10_orb,b=1.0,10.0,15.0,-0.9999660910678284,0,762,-579.216999999998,-0.760127296587924,0.8634863598782353,0.5301837270341208,680.1599999999976,350,241,171,164,-335.0,-2.042682926829268,0.7172995780590717,0.5182926829268293,355.0,85,79,0,926,-914.216999999998,-0.9872753779697603,0.8315715179505094,0.5280777537796977,973.7409999999982,435,320,171
europe_09_10_orb,b=1.0,10.0,20.0,-0.8217546032827308,1,762,-424.4639999999981,-0.5570393700787377,0.9017224002328303,0.5616797900262467,611.9639999999986,372,153,237,164,-340.0,-2.073170731707317,0.7424242424242424,0.5975609756097561,360.0,98,66,0,926,-764.4639999999981,-0.8255550755939505,0.864433446100935,0.5680345572354212,790.0779999999986,470,219,237
europe_09_10_orb,b=1.0,10.0,25.0,-1.2028524776671652,0,762,-747.2959999999975,-0.9807034120734875,0.8403849066066227,0.5669291338582677,777.4349999999979,376,111,275,164,-421.96000000000004,-2.572926829268293,0.7113737721962297,0.6341463414634146,441.96000000000004,104,58,2,926,-1169.2559999999976,-1.2626954643628483,0.8096859235690875,0.5788336933045356,1189.394999999998,480,169,277
europe_09_10_orb,b=1.0,10.0,30.0,-1.332601889255746,0,762,-867.4879999999982,-1.1384356955380555,0.8200999366452688,0.5695538057742782,892.6269999999986,378,81,303,164,-471.96000000000004,-2.8778048780487806,0.6997633527570676,0.6707317073170732,491.96000000000004,110,52,2,926,-1339.4479999999983,-1.4464881209503222,0.7905153491194503,0.5874730021598272,1354.5869999999986,488,133,305
europe_09_10_orb,b=1.0,10.0,35.0,-1.4166218583487373,0,762,-949.3679999999972,-1.2458897637795239,0.8075840074909788,0.573490813648294,973.5899999999976,381,58,323,164,-570.0959999999995,-3.476195121951217,0.663154610814107,0.6890243902439024,600.0959999999995,112,48,4,926,-1519.4639999999968,-1.6408898488120915,0.7706950887745686,0.593952483801296,1533.6859999999972,493,106,327
europe_09_10_orb,b=1.0,15.0,15.0,-0.9174808564320887,0,762,-565.7150000000004,-0.7424081364829401,0.8815374386841099,0.4671916010498688,646.8619999999999,242,271,249,164,-399.8599999999997,-2.438170731707315,0.7193964912280704,0.42073170731707316,429.8599999999997,68,95,1,926,-965.575,-1.0427375809935207,0.8442740273930627,0.458963282937365,1046.7219999999995,310,366,250
europe_09_10_orb,b=1.0,15.0,20.0,-0.7111140324419045,1,762,-365.708000000001,-0.47993175853018505,0.9252889601276085,0.5,562.0049999999976,260,173,329,164,-314.8599999999997,-1.9198780487804858,0.800721518987342,0.5182926829268293,329.8599999999997,84,79,1,926,-680.5680000000007,-0.7349546436285105,0.8948924210567283,0.5032397408207343,753.3479999999995,344,252,330
europe_09_10_orb,b=1.0,15.0,25.0,-1.074496405023188,0,762,-665.3440000000005,-0.8731548556430453,0.8734790392801351,0.5078740157480315,716.5850000000005,264,125,373,164,-391.8199999999997,-2.389146341463413,0.7776226475061865,0.5609756097560976,406.8199999999997,91,70,3,926,-1057.1640000000002,-1.1416457883369333,0.8494223887134162,0.5172786177105831,1093.4050000000002,355,195,376
europe_09_10_orb,b=1.0,15.0,30.0,-1.2350636778964472,0,762,-807.8630000000014,-1.0601876640419967,0.8509708002657151,0.510498687664042,854.1040000000014,265,92,405,164,-336.8199999999997,-2.053780487804876,0.8171404373602035,0.6158536585365854,351.8199999999997,100,61,3,926,-1144.6830000000011,-1.2361587473002171,0.8423908860456926,0.5291576673866091,1175.9240000000011,365,153,408
europe_09_10_orb,b=1.0,15.0,35.0,-1.4384533463683176,0,762,-969.5730000000008,-1.2724055118110247,0.8272490190282593,0.5131233595800525,1014.8970000000008,267,68,427,164,-419.9559999999992,-2.560707317073166,0.7870898007357329,0.6402439024390244,464.9559999999992,103,56,5,926,-1389.529,-1.5005712742980561,0.8168057415402472,0.5356371490280778,1419.853,370,124,432
europe_09_10_orb,b=1.0,20.0,15.0,-0.8591711880912856,0,762,-525.9340000000007,-0.6902020997375337,0.8943278053410534,0.43832020997375326,617.2610000000004,174,280,308,164,-444.8599999999997,-2.712560975609754,0.7202138364779876,0.35365853658536583,454.8599999999997,57,106,1,926,-970.7940000000003,-1.0483736501079917,0.8521715971276527,0.42332613390928725,1072.121,231,386,309
europe_09_10_orb,b=1.0,20.0,20.0,-0.8569440783496581,1,762,-466.3170000000007,-0.6119645669291348,0.9100883966779229,0.463254593175853,576.6579999999983,183,183,396,164,-374.8599999999997,-2.2857317073170713,0.7940329670329672,0.4451219512195122,400.0,72,91,1,926,-841.1770000000004,-0.9083984881209507,0.8799415219869164,0.46004319654427644,959.1350000000002,255,274,397
europe_09_10_orb,b=1.0,20.0,25.0,-1.2576386781608222,1,762,-766.2300000000002,-1.0055511811023625,0.8622184124881117,0.47112860892388453,807.5060000000008,185,133,444,164,-431.8199999999997,-2.633048780487803,0.7880076191972353,0.49390243902439024,431.8199999999997,80,81,3,926,-1198.05,-1.2937904967602591,0.842323522571867,0.47516198704103674,1239.3260000000005,265,214,447
europe_09_10_orb,b=1.0,20.0,30.0,-1.5177722520988262,0,762,-943.7250000000008,-1.238484251968505,0.8356807593482494,0.47244094488188976,971.746000000001,185,98,479,164,-296.78999999999996,-1.8096951219512194,0.8588011969951426,0.5548780487804879,400.1800000000003,90,69,5,926,-1240.5150000000008,-1.3396490280777547,0.8418753396197481,0.4870410367170626,1371.9260000000013,275,167,484
europe_09_10_orb,b=1.0,20.0,35.0,-1.6769044488221696,0,762,-1059.2220000000004,-1.3900551181102367,0.820500388834312,0.4763779527559055,1088.5590000000009,187,72,503,164,-404.9259999999995,-2.469060975609753,0.821808938992953,0.5792682926829268,409.9259999999995,93,64,7,926,-1464.148,-1.5811533477321813,0.8208642012617274,0.4946004319654428,1491.2520000000002,280,136,510
europe_09_10_orb,b=1.0,25.0,15.0,-0.8207058169082286,1,762,-473.218000000001,-0.6210209973753293,0.9063833743830181,0.4304461942257218,623.6899999999985,118,285,359,164,-519.8599999999997,-3.1698780487804856,0.6986318840579712,0.29878048780487804,529.8599999999997,48,115,1,926,-993.0780000000007,-1.0724384449244067,0.853525077988451,0.40712742980561556,1117.5730000000005,166,400,360
europe_09_10_orb,b=1.0,25.0,20.0,-0.8410549630944186,1,762,-418.505000000001,-0.5492191601049882,0.9208757222958205,0.4553805774278215,607.5259999999982,125,188,449,164,-374.8599999999997,-2.2857317073170713,0.8106767676767679,0.39634146341463417,470.0,64,99,1,926,-793.3650000000007,-0.8567656587473009,0.8908595444539991,0.4449244060475162,984.1850000000004,189,287,450
europe_09_10_orb,b=1.0,25.0,25.0,-1.2549034700233892,1,762,-724.0850000000005,-0.9502427821522316,0.8725129967778097,0.463254593175853,788.4320000000012,127,137,498,164,-441.8199999999997,-2.6940243902439005,0.8024908804806524,0.4451219512195122,535.1800000000003,71,89,4,926,-1165.9050000000002,-1.259076673866091,0.852727237588385,0.46004319654427644,1323.6120000000014,198,226,502
europe_09_10_orb,b=1.0,25.0,30.0,-1.553280776279382,1,762,-921.5800000000011,-1.209422572178479,0.8433146738414324,0.4645669291338583,965.9270000000017,127,102,533,164,-368.8800000000001,-2.2492682926829275,0.8444810765916363,0.5,495.1800000000003,79,78,7,926,-1290.4600000000012,-1.3935853131749474,0.8436498739043489,0.4708423326133909,1461.107000000002,206,180,540
europe_09_10_orb,b=1.0,25.0,35.0,-1.731774630529154,0,762,-1047.0770000000007,-1.3741167979002633,0.8271994758604527,0.468503937007874,1092.4100000000017,129,76,557,164,-512.1359999999995,-3.1227804878048753,0.8020673827966482,0.524390243902439,540.6759999999995,81,73,10,926,-1559.2130000000002,-1.6838153347732183,0.8196791421091605,0.47840172786177104,1620.9730000000009,210,149,567
europe_09_10_orb,b=1.0,30.0,15.0,-0.7756356516825437,0,762,-512.0850000000023,-0.6720275590551211,0.9003450369557344,0.421259842519685,671.5800000000022,83,290,389,164,-436.22999999999956,-2.6599390243902414,0.7514358974358977,0.2865853658536585,481.22999999999956,42,117,5,926,-948.3150000000019,-1.024098272138231,0.8624350482622959,0.39740820734341253,1152.8100000000018,125,407,394
europe_09_10_orb,b=1.0,30.0,20.0,-0.8125854836544959,1,762,-466.1920000000025,-0.6118005249343865,0.9136352175764791,0.4461942257217848,616.648000000002,89,193,480,164,-255.25999999999885,-1.5564634146341394,0.8728176817602046,0.3780487804878049,411.2399999999998,56,100,8,926,-721.4520000000014,-0.7791058315334788,0.9025720660188051,0.43412526997840173,1027.8880000000017,145,293,488
europe_09_10_orb,b=1.0,30.0,25.0,-1.0784280273937012,0,762,-678.4430000000018,-0.8903451443569578,0.8820332601999811,0.4566929133858268,792.7900000000025,92,139,531,164,-292.2199999999989,-1.7818292682926762,0.8712119876597625,0.4268292682926829,461.4200000000001,63,90,11,926,-970.6630000000007,-1.0482321814254867,0.878971783278542,0.4514038876889849,1254.2100000000025,155,229,542
europe_09_10_orb,b=1.0,30.0,30.0,-1.3998024844648371,0,762,-885.9380000000024,-1.1626482939632576,0.851432103576846,0.458005249343832,980.285000000003,92,104,566,164,-304.2799999999993,-1.8553658536585322,0.8767583243214785,0.4695121951219512,401.4200000000001,69,81,14,926,-1190.2180000000017,-1.2853326133909306,0.8588477253029946,0.46004319654427644,1381.705000000003,161,185,580
europe_09_10_orb,b=1.0,30.0,35.0,-1.5812341796608333,0,762,-1011.435000000002,-1.327342519685042,0.8355635160681755,0.46194225721784776,1106.768000000003,94,78,590,164,-455.84299999999894,-2.7795304878048714,0.8307615827162917,0.49390243902439024,464.35599999999886,70,75,19,926,-1467.278000000001,-1.5845334773218152,0.8341011250945795,0.46760259179265656,1563.2880000000016,164,153,609
europe_09_10_orb,b=2.0,10.0,15.0,-0.9698282260232267,1,745,-526.8450000000003,-0.7071744966442957,0.8712474199140843,0.5248322147651007,678.3899999999992,337,228,180,163,-320.0,-1.9631901840490797,0.7264957264957265,0.5214723926380368,360.0,85,78,0,908,-846.8450000000003,-0.9326486784140972,0.8390615361166782,0.5242290748898678,903.1419999999996,422,306,180
europe_09_10_orb,b=2.0,10.0,20.0,-0.8413911028976658,1,745,-431.04200000000037,-0.5785798657718125,0.8979738781770583,0.5570469798657718,690.9809999999995,359,146,240,163,-260.0,-1.5950920245398772,0.7936507936507936,0.6134969325153374,300.0,100,63,0,908,-691.0420000000004,-0.7610594713656392,0.8740082628053427,0.5671806167400881,780.028,459,209,240
europe_09_10_orb,b=2.0,10.0,25.0,-1.1833502023929392,1,745,-676.8949999999998,-0.9085838926174493,0.850926283394554,0.5664429530201343,806.4339999999982,366,110,269,163,-306.77999999999975,-1.8820858895705506,0.7771757288746206,0.656441717791411,346.77999999999975,107,55,1,908,-983.6749999999995,-1.0833425110132153,0.8337671630007033,0.5825991189427313,1045.5199999999993,473,165,270
europe_09_10_orb,b=2.0,10.0,30.0,-1.1873447458561333,0,745,-733.264000000001,-0.9842469798657733,0.8411831644589759,0.5691275167785235,771.8850000000009,368,72,305,163,-341.77999999999975,-2.0968098159509188,0.7677777928766529,0.6932515337423313,381.77999999999975,113,49,1,908,-1075.0440000000008,-1.1839691629955955,0.8234397392467704,0.5914096916299559,1123.6650000000006,481,121,306
europe_09_10_orb,b=2.0,10.0,35.0,-1.2453547082990135,0,745,-783.9480000000005,-1.0522791946308732,0.8331218125535631,0.5731543624161074,820.7890000000004,371,55,319,163,-373.6129999999994,-2.292104294478524,0.7579620021339548,0.7177914110429447,423.6129999999994,117,44,2,908,-1157.561,-1.2748469162995595,0.8145332275654311,0.5991189427312775,1204.4019999999998,488,99,321
europe_09_10_orb,b=2.0,15.0,15.0,-0.9270304544859557,0,745,-550.3770000000006,-0.7387610738255042,0.8806178026597486,0.4563758389261745,671.858,234,256,255,163,-416.09000000000015,-2.5526993865030683,0.7080070175438595,0.4171779141104294,461.09000000000015,67,95,1,908,-966.4670000000008,-1.0643909691629965,0.8398619103560604,0.44933920704845814,1054.3370000000007,301,351,256
europe_09_10_orb,b=2.0,15.0,20.0,-0.7304492585687268,1,745,-382.57700000000136,-0.5135261744966462,0.9198162411425255,0.49261744966442955,684.6969999999985,252,165,328,163,-296.09000000000015,-1.8165030674846634,0.8101987179487179,0.5214723926380368,341.09000000000015,84,78,1,908,-678.6670000000015,-0.7474306167400898,0.8928068425002127,0.4977973568281938,796.3400000000013,336,243,329
europe_09_10_orb,b=2.0,15.0,25.0,-1.0463193358422818,1,745,-609.0280000000016,-0.8174872483221498,0.8804351411075317,0.5020134228187919,775.0449999999985,257,123,365,163,-342.8699999999999,-2.1034969325153368,0.8014396738438018,0.5705521472392638,387.8699999999999,92,69,2,908,-951.8980000000015,-1.0483458149779752,0.8604354177797351,0.51431718061674,1042.4300000000014,349,192,367
europe_09_10_orb,b=2.0,15.0,30.0,-1.0905322882363722,0,745,-717.4130000000025,-0.9629704697986611,0.862487873984898,0.5033557046979866,779.7210000000025,258,82,405,163,-327.8699999999999,-2.0114723926380362,0.8210101649761434,0.6196319018404908,372.8699999999999,100,61,2,908,-1045.2830000000024,-1.1511927312775356,0.8517091181578205,0.5242290748898678,1122.5910000000024,358,143,407
europe_09_10_orb,b=2.0,15.0,35.0,-1.2169572977676586,0,745,-837.5870000000018,-1.1242778523489958,0.843945228694774,0.5060402684563758,898.1150000000018,260,65,420,163,-336.21299999999974,-2.06265644171779,0.8244431297624226,0.6503067484662577,411.21299999999974,105,54,4,908,-1173.8000000000015,-1.2927312775330413,0.8388165636921743,0.5319383259911894,1249.3280000000016,365,119,424
europe_09_10_orb,b=2.0,20.0,15.0,-0.7725004203036597,0,745,-441.54700000000116,-0.5926805369127532,0.9075741562565214,0.43221476510067114,610.552999999999,169,264,312,163,-431.09000000000015,-2.644723926380369,0.7262920634920634,0.3558282208588957,476.09000000000015,57,105,1,908,-872.6370000000013,-0.9610539647577107,0.8626268455684866,0.4185022026431718,983.8360000000007,226,369,313
europe_09_10_orb,b=2.0,20.0,20.0,-0.7263903564120918,0,745,-405.89100000000144,-0.5448201342281899,0.9191373261533493,0.46174496644295304,642.8759999999991,179,173,393,163,-276.09000000000015,-1.693803680981596,0.8431306818181817,0.4601226993865031,316.09000000000015,74,88,1,908,-681.9810000000016,-0.7510803964757726,0.899405561758888,0.46145374449339205,817.4260000000011,253,261,394
europe_09_10_orb,b=2.0,20.0,25.0,-1.0088185177440712,0,745,-619.7590000000016,-0.8318912751677874,0.884036420735764,0.47114093959731546,713.5649999999989,182,129,434,163,-332.8699999999999,-2.042147239263803,0.8316099920072036,0.50920245398773,405.0,82,79,2,908,-952.6290000000015,-1.0491508810572703,0.8698808994362676,0.4779735682819383,1093.0630000000012,264,208,436
europe_09_10_orb,b=2.0,20.0,30.0,-1.18699782769459,0,745,-762.0440000000026,-1.0228778523489968,0.8611110149191323,0.47114093959731546,817.1240000000023,182,87,476,163,-200.89999999999964,-1.2325153374233107,0.9017512629535264,0.5705521472392638,340.0,92,68,3,908,-962.9440000000022,-1.0605110132158615,0.8721448503841783,0.4889867841409692,1157.1240000000023,274,155,479
europe_09_10_orb,b=2.0,20.0,35.0,-1.284769914117272,0,745,-831.5950000000023,-1.1162348993288622,0.8514453705643908,0.47516778523489933,886.5380000000021,184,68,493,163,-219.24299999999948,-1.345049079754598,0.8986465589812651,0.6012269938650306,326.83299999999963,97,61,5,908,-1050.8380000000018,-1.1573105726872266,0.864601227151961,0.4977973568281938,1206.7280000000017,281,129,498
europe_09_10_orb,b=2.0,25.0,15.0,-0.6399269462573474,0,745,-365.2580000000012,-0.49027919463087405,0.9247816295329785,0.42416107382550333,633.1629999999989,114,269,362,163,-546.0900000000001,-3.350245398773007,0.6834260869565216,0.294478527607362,596.0900000000001,47,115,1,908,-911.3480000000013,-1.003687224669605,0.861517636919067,0.4008810572687225,1071.582000000001,161,384,363
europe_09_10_orb,b=2.0,25.0,20.0,-0.5916909249274294,1,745,-318.48900000000117,-0.42750201342282035,0.9378335705238573,0.45369127516778524,662.2799999999988,123,178,444,163,-274.6900000000005,-1.6852147239263835,0.8569322916666664,0.4110429447852761,405.0,65,96,2,908,-593.1790000000017,-0.6532808370044071,0.9157795065770836,0.4460352422907489,863.5260000000007,188,274,446
europe_09_10_orb,b=2.0,25.0,25.0,-0.8694148939228492,0,745,-533.6270000000013,-0.7162778523489951,0.9023440094942586,0.46308724832214765,725.8279999999986,126,133,486,163,-341.47000000000025,-2.0949079754601243,0.8431306792601915,0.4601226993865031,525.0,72,87,4,908,-875.0970000000016,-0.9637632158590326,0.8854755216338931,0.46255506607929514,1171.523000000001,198,220,490
europe_09_10_orb,b=2.0,25.0,30.0,-1.1115795089766158,0,745,-695.9120000000023,-0.934110067114097,0.8763183711771142,0.46308724832214765,795.5840000000021,126,91,528,163,-254.5,-1.5613496932515338,0.8900557713160043,0.5153374233128835,460.0,81,77,5,908,-950.4120000000023,-1.046709251101324,0.8803226111100614,0.4724669603524229,1255.584000000002,207,168,533
europe_09_10_orb,b=2.0,25.0,35.0,-1.2327392643752657,0,745,-775.463000000002,-1.0408899328859087,0.8653203617888252,0.4671140939597315,874.9980000000019,128,72,545,163,-315.77300000000014,-1.9372576687116574,0.8725772783197808,0.5460122699386503,471.83299999999963,84,70,9,908,-1091.2360000000022,-1.2018017621145398,0.8675039190809792,0.4812775330396476,1335.3080000000014,212,142,554
europe_09_10_orb,b=2.0,30.0,15.0,-0.6256664561610703,1,745,-364.2020000000002,-0.48886174496644325,0.9260848440666669,0.4161073825503356,625.466999999999,82,273,390,163,-508.90999999999985,-3.122147239263803,0.7124802259887006,0.27607361963190186,553.9099999999999,41,118,4,908,-873.1120000000001,-0.9615770925110133,0.8696322009264035,0.3909691629955947,1069.1389999999994,123,391,394
europe_09_10_orb,b=2.0,30.0,20.0,-0.5144123062072378,0,745,-326.11400000000026,-0.4377369127516782,0.9374601231911726,0.44563758389261743,641.6699999999987,88,182,475,163,-222.23000000000093,-1.36337423312884,0.8871338821820541,0.38650306748466257,341.2399999999998,56,98,9,908,-548.3440000000012,-0.6039030837004419,0.9236658287704251,0.43502202643171806,844.2099999999996,144,280,484
europe_09_10_orb,b=2.0,30.0,25.0,-0.7509688563706848,0,745,-450.4520000000007,-0.6046335570469807,0.9184803332075571,0.4577181208053691,745.3869999999988,92,135,518,163,-264.0100000000007,-1.6196932515337465,0.8819143464161912,0.43558282208588955,451.2399999999998,63,89,11,908,-714.4620000000014,-0.7868524229074905,0.9079471772938894,0.45374449339207046,1051.4070000000002,155,224,529
europe_09_10_orb,b=2.0,30.0,30.0,-0.8546161718724885,0,745,-606.4280000000015,-0.8139973154362435,0.8932657193028587,0.4577181208053691,742.9190000000012,92,92,561,163,-262.0400000000004,-1.6076073619631928,0.8927726718444375,0.4785276073619632,361.2399999999998,70,81,12,908,-868.4680000000019,-0.9564625550660814,0.8931174320261508,0.46145374449339205,1104.159000000001,162,173,573
europe_09_10_orb,b=2.0,30.0,35.0,-0.951441777444589,0,745,-680.9790000000012,-0.9140657718120822,0.8829501594659885,0.46174496644295304,817.333000000001,94,73,578,163,-332.65000000000055,-2.040797546012273,0.8731400516287381,0.50920245398773,373.0729999999994,72,73,18,908,-1013.6290000000017,-1.1163314977973586,0.8799023179753453,0.47026431718061673,1183.1600000000003,166,146,596
open_10_30_orb,b=0.0,10.0,15.0,0.017601678679646973,2,774,60.58799999999928,0.07827906976744094,1.015417323495845,0.5645994832041343,301.2199999999991,380,228,166,163,-370.0,-2.2699386503067487,0.6916666666666667,0.50920245398773,405.0,83,80,0,937,-309.4120000000007,-0.330215581643544,0.9396841827221571,0.5549626467449307,555.0,463,308,166
open_10_30_orb,b=0.0,10.0,20.0,0.17984055786873362,2,774,264.96199999999976,0.3423281653746767,1.0663042017618427,0.6046511627906976,229.23099999999954,405,152,217,163,-187.9900000000007,-1.153312883435587,0.8443778508100228,0.6257668711656442,207.9900000000007,102,60,1,937,76.97199999999907,0.08214727854855824,1.0147905122587813,0.608324439701174,229.23099999999954,507,212,218
open_10_30_orb,b=0.0,10.0,25.0,-0.11838797311647699,1,774,33.54899999999998,0.04334496124031005,1.0078764799654412,0.6098191214470284,274.69899999999984,408,105,261,163,-347.9900000000007,-2.134907975460127,0.7528462560103406,0.6503067484662577,372.9900000000007,106,56,1,937,-314.4410000000007,-0.3355827107790829,0.9445173960454388,0.6168623265741728,457.9640000000004,514,161,262
open_10_30_orb,b=0.0,10.0,30.0,-0.2242204628476486,1,774,-59.094000000001415,-0.07634883720930416,0.9864836335864801,0.6124031007751938,315.1429999999998,410,75,289,163,-124.82000000000062,-0.765766871165648,0.9043392958415716,0.7239263803680982,247.9900000000007,118,43,2,937,-183.91400000000203,-0.1962796157950929,0.9676028250159019,0.6318036286019211,365.79700000000093,528,118,291
open_10_30_orb,b=0.0,10.0,35.0,-0.2996986936557944,1,774,-103.82800000000134,-0.134144702842379,0.9766509016550673,0.6162790697674418,362.3199999999997,413,57,304,163,-153.94000000000142,-0.9444171779141192,0.887957261598031,0.7484662576687117,302.9900000000007,122,38,3,937,-257.76800000000276,-0.27509925293490156,0.9557153452321165,0.6392742796157951,418.4770000000017,535,95,307
open_10_30_orb,b=0.0,15.0,15.0,-0.05295582977209683,2,774,80.34000000000015,0.1037984496124033,1.0180194243742657,0.49870801033591733,311.84799999999973,259,256,259,163,-295.5799999999999,-1.8133742331288338,0.7834578754578755,0.44171779141104295,370.5799999999999,71,91,1,937,-215.23999999999978,-0.22971184631803604,0.9630395489190219,0.4887940234791889,535.5799999999999,330,347,260
open_10_30_orb,b=0.0,15.0,20.0,0.15197653602667544,1,774,361.0890000000011,0.4665232558139549,1.0794235491508395,0.5387596899224806,304.31299999999965,282,168,324,163,-73.57000000000062,-0.4513496932515375,0.9484800313727683,0.558282208588957,227.9900000000007,90,71,2,937,287.51900000000046,0.306850586979723,1.04812547348152,0.5421558164354322,304.31299999999965,372,239,326
open_10_30_orb,b=0.0,15.0,25.0,-0.13177213806233873,1,774,161.25900000000092,0.20834496124031127,1.0335395719903115,0.5452196382428941,339.3589999999999,286,116,372,163,-268.5700000000006,-1.6476687116564455,0.8404209175336749,0.5828220858895705,372.9900000000007,94,67,2,937,-107.3109999999997,-0.11452614727854823,0.9834677551050591,0.551760939167556,432.9900000000007,380,183,374
open_10_30_orb,b=0.0,15.0,30.0,-0.2467882835924178,1,774,63.37599999999975,0.08188113695090407,1.0128659897621832,0.5490956072351422,329.2699999999993,287,83,404,163,-47.82000000000062,-0.29337423312883815,0.9707490732924722,0.656441717791411,292.9900000000007,105,54,4,937,15.55599999999913,0.016601921024545496,1.002371097486158,0.567769477054429,382.9900000000007,392,137,408
open_10_30_orb,b=0.0,15.0,35.0,-0.34870077342523054,1,774,-21.965000000000146,-0.028378552971576414,0.9956428990263422,0.5516795865633075,376.09299999999826,289,63,422,163,-155.45000000000164,-0.9536809815951021,0.9130325323785272,0.6748466257668712,372.9900000000007,108,49,6,937,-177.41500000000178,-0.1893436499466401,0.9740190075748543,0.5731056563500534,492.9900000000007,397,112,428
open_10_30_orb,b=0.0,20.0,15.0,-0.025951011992954562,2,774,61.17899999999713,0.07904263565891102,1.0129188206304978,0.46511627906976744,267.29499999999985,181,272,321,163,-395.5799999999999,-2.4268711656441715,0.746423076923077,0.3619631901840491,475.5799999999999,58,104,1,937,-334.4010000000028,-0.35688473852721747,0.9468837922825744,0.4471718249733191,630.5799999999999,239,376,322
open_10_30_orb,b=0.0,20.0,20.0,0.1816266225227372,2,774,292.1239999999991,0.3774211886304898,1.0598375403936784,0.5012919896640827,283.0590000000002,197,180,397,163,-63.57000000000062,-0.3900000000000038,0.961425736806655,0.49079754601226994,287.9900000000007,79,82,2,937,228.5539999999985,0.24392102454642314,1.0350009234385233,0.4994663820704376,327.9900000000007,276,262,399
open_10_30_orb,b=0.0,20.0,25.0,-0.06754453752219827,1,774,112.57699999999977,0.1454483204134364,1.0218838666234342,0.5090439276485789,293.37499999999955,200,125,449,163,-260.85300000000007,-1.6003251533742335,0.8650520695916689,0.5214723926380368,415.27300000000014,83,77,3,937,-148.2760000000003,-0.15824546424759903,0.9790490191008356,0.5112059765208111,490.27300000000014,283,202,452
open_10_30_orb,b=0.0,20.0,30.0,-0.19202471813041427,1,774,-24.70200000000068,-0.03191472868217142,0.9953273617942688,0.5116279069767442,272.6989999999996,200,90,484,163,14.896999999999935,0.09139263803680941,1.0078206864690626,0.6012269938650306,350.27300000000014,95,63,5,937,-9.805000000000746,-0.010464247598720113,0.9986365547121181,0.5272145144076841,470.27300000000014,295,153,489
open_10_30_orb,b=0.0,20.0,35.0,-0.2717671554140868,1,774,-82.71300000000065,-0.10686434108527215,0.9846880575623738,0.5155038759689923,284.0359999999996,202,69,503,163,-122.73300000000108,-0.7529631901840558,0.9416238198292464,0.6196319018404908,395.27300000000014,98,58,7,937,-205.44600000000173,-0.2192593383137692,0.9726229399843715,0.5336179295624333,548.853000000001,300,127,510
open_10_30_orb,b=0.0,25.0,15.0,0.12099878663603598,3,774,123.75299999999811,0.15988759689922236,1.0254133809758499,0.4496124031007752,268.67299999999955,127,279,368,163,-505.5799999999999,-3.1017177914110423,0.7043391812865497,0.3006134969325153,610.5799999999999,48,114,1,937,-381.8270000000018,-0.40749946638207235,0.9419680527691652,0.423692636072572,780.5799999999999,175,393,369
open_10_30_orb,b=0.0,25.0,20.0,0.28218633620762273,3,774,360.88999999999965,0.46626614987080056,1.0715984250687536,0.4844961240310077,277.3510000000001,140,186,448,163,-30.240000000001146,-0.18552147239264508,0.9830634727721795,0.44171779141104295,277.9900000000007,70,88,5,937,330.6499999999985,0.3528815368196355,1.048440044512394,0.47705442902881534,297.9900000000007,210,274,453
open_10_30_orb,b=0.0,25.0,25.0,0.017605891644733473,1,774,161.31600000000117,0.2084186046511643,1.0303881651249296,0.49224806201550386,289.73299999999995,141,129,504,163,-209.95300000000088,-1.2880552147239317,0.8988417193048385,0.4785276073619632,350.27300000000014,74,82,7,937,-48.636999999999716,-0.051907150480255834,0.9934131942507074,0.48986125933831376,400.27300000000014,215,211,511
open_10_30_orb,b=0.0,25.0,30.0,-0.05509620970361902,1,774,88.85700000000043,0.1148023255813959,1.0164217823835235,0.49612403100775193,273.2829999999999,142,92,540,163,25.71699999999919,0.15777300613496434,1.012320583331736,0.5521472392638037,265.27300000000014,83,68,12,937,114.57399999999961,0.12227748132337206,1.0152801129544613,0.5058697972251868,350.27300000000014,225,160,552
open_10_30_orb,b=0.0,25.0,35.0,-0.1396466102803654,1,774,30.84600000000046,0.03985271317829517,1.0055716273645912,0.5,294.6199999999999,144,71,559,163,-121.91300000000183,-0.7479325153374345,0.9472226671572971,0.5705521472392638,310.38300000000163,86,63,14,937,-91.06700000000137,-0.09718996798292569,0.988393510551713,0.512273212379936,430.38300000000163,230,134,573
open_10_30_orb,b=0.0,30.0,15.0,-0.043750733198955116,2,774,28.943999999998823,0.037395348837207784,1.0058183572548545,0.4405684754521964,289.90099999999916,86,286,402,163,-323.4999999999991,-1.9846625766871109,0.811355962842665,0.294478527607362,439.8099999999995,45,114,4,937,-294.55600000000027,-0.3143607257203845,0.9559672141440204,0.4151547491995731,641.5559999999996,131,400,406
open_10_30_orb,b=0.0,30.0,20.0,0.17254315599103043,2,774,276.9840000000006,0.35786046511627984,1.0534669221387851,0.4754521963824289,284.8389999999995,97,193,484,163,118.73999999999842,0.728466257668702,1.065518592293812,0.4233128834355828,217.9900000000007,62,89,12,937,395.723999999999,0.4223308431163277,1.0565903365526517,0.4663820704375667,290.78600000000006,159,282,496
open_10_30_orb,b=0.0,30.0,25.0,-0.12065565455459351,1,774,47.41000000000213,0.06125322997416296,1.0086459157394332,0.48320413436692505,343.52299999999923,98,136,540,163,-19.29300000000103,-0.11836196319019036,0.9907348089381499,0.4662576687116564,258.59299999999985,66,82,15,937,28.1170000000011,0.030007470651015045,1.0037163169537122,0.48025613660619,371.3889999999992,164,218,555
open_10_30_orb,b=0.0,30.0,30.0,-0.2062382032999001,1,774,-38.0399999999986,-0.04914728682170362,0.9932118872630811,0.4870801033591731,393.44099999999935,99,98,577,163,134.54699999999866,0.8254417177914029,1.0625084786709154,0.5276073619631901,210.0,72,69,22,937,96.50700000000006,0.10299573105656357,1.0124422829533493,0.49413020277481323,393.44099999999935,171,167,599
open_10_30_orb,b=0.0,30.0,35.0,-0.3385727058893975,1,774,-162.33099999999877,-0.2097299741602051,0.9718073981113697,0.4896640826873385,459.6719999999991,99,76,599,163,-68.08300000000236,-0.41768711656443164,0.9718093321573927,0.5398773006134969,275.0100000000025,74,65,24,937,-230.41400000000112,-0.24590608324439822,0.9718079696131868,0.4983991462113127,466.3990000000017,173,141,623
open_10_30_orb,b=1.0,10.0,15.0,-0.6014520052844174,1,771,-311.9219999999991,-0.4045680933852129,0.9234693164027378,0.5447470817120622,548.1949999999988,358,231,182,163,-395.0,-2.423312883435583,0.6748971193415638,0.5030674846625767,430.0,82,81,0,934,-706.9219999999991,-0.7568758029978577,0.8663859769557479,0.5374732334047109,771.4339999999997,440,312,182
open_10_30_orb,b=1.0,10.0,20.0,-0.5029992609299463,1,771,-211.40199999999777,-0.2741919584954575,0.949950353303601,0.5810635538261998,520.7449999999988,381,153,237,163,-247.9900000000007,-1.5214110429447896,0.8012884718627549,0.6134969325153374,267.9900000000007,100,62,1,934,-459.39199999999846,-0.49185438972162576,0.9160442674085996,0.5867237687366167,520.7449999999988,481,215,238
open_10_30_orb,b=1.0,10.0,25.0,-0.6583655576730196,1,771,-335.11699999999723,-0.43465239948118967,0.9238185368217875,0.5888456549935149,592.6579999999988,386,107,278,163,-347.9900000000007,-2.134907975460127,0.7528462560103406,0.6503067484662577,362.9900000000007,106,56,1,934,-683.1069999999979,-0.7313779443254795,0.8823633040642367,0.5995717344753747,695.8029999999978,492,163,279
open_10_30_orb,b=1.0,10.0,30.0,-0.8206885862155066,1,771,-476.7099999999966,-0.6183009079117985,0.8952406360234565,0.5901426718547341,664.0559999999962,387,78,306,163,-410.8200000000015,-2.5203680981595187,0.7293319277902218,0.6809815950920245,430.8200000000015,110,50,3,934,-887.5299999999982,-0.9502462526766575,0.8537438014186456,0.6059957173447538,905.2259999999981,497,128,309
open_10_30_orb,b=1.0,10.0,35.0,-0.8912200023619392,1,771,-529.0039999999967,-0.6861271076523953,0.8855667690140524,0.5927367055771725,694.2659999999983,389,59,323,163,-435.8200000000015,-2.673742331288353,0.7263812154696125,0.7116564417177914,480.8200000000015,115,45,3,934,-964.8239999999983,-1.0330021413276214,0.8447742444918592,0.6134903640256959,1007.5199999999982,504,104,326
open_10_30_orb,b=1.0,15.0,15.0,-0.5280571648807129,1,771,-283.7379999999996,-0.3680129701686117,0.9381463705153134,0.48508430609597925,535.2409999999991,244,261,266,163,-236.88999999999942,-1.4533128834355793,0.8225543071161053,0.4539877300613497,315.0,73,89,1,934,-520.627999999999,-0.5574175588865086,0.9120894781695267,0.4796573875802998,691.69,317,350,267
open_10_30_orb,b=1.0,15.0,20.0,-0.3904639327405799,1,771,-114.65299999999797,-0.14870687418936182,0.9759380150945397,0.5214007782101168,507.5099999999984,264,171,336,163,-109.88000000000011,-0.6741104294478534,0.9241154980352074,0.5521472392638037,267.9900000000007,89,72,2,934,-224.53299999999808,-0.24039935760171102,0.9638601475770063,0.5267665952890792,507.5099999999984,353,243,338
open_10_30_orb,b=1.0,15.0,25.0,-0.5660346212069942,1,771,-242.50699999999756,-0.3145356679636804,0.9511972527965686,0.5291828793774319,568.8569999999993,269,120,382,163,-229.8800000000001,-1.4103067484662584,0.8613501890843732,0.588957055214724,412.9900000000007,95,66,2,934,-472.38699999999767,-0.5057676659528882,0.9287190687472502,0.5396145610278372,696.0669999999989,364,186,384
open_10_30_orb,b=1.0,15.0,30.0,-0.7062566502178208,1,771,-381.4429999999959,-0.4947380025940284,0.9253317312981385,0.5304798962386511,631.1129999999966,269,86,416,163,-232.71000000000095,-1.4276687116564475,0.867612925247468,0.6319018404907976,427.9900000000007,101,58,4,934,-614.1529999999968,-0.6575513918629516,0.9105554926072291,0.5481798715203426,835.7489999999971,370,144,420
open_10_30_orb,b=1.0,15.0,35.0,-0.7754382308137618,1,771,-413.736999999996,-0.5366238651102412,0.9202172626921697,0.5343709468223087,633.5799999999963,272,66,433,163,-367.16000000000076,-2.2525153374233176,0.8104736094979994,0.6503067484662577,497.4400000000005,104,54,5,934,-780.8969999999968,-0.8360781584582406,0.890370355603488,0.5546038543897216,927.605999999997,376,120,438
open_10_30_orb,b=1.0,20.0,15.0,-0.4014097180990461,1,771,-178.25700000000097,-0.23120233463035145,0.9628645485256397,0.4565499351491569,458.21200000000044,178,273,320,163,-501.8899999999994,-3.0790797546012234,0.6872959501557636,0.34355828220858897,581.8899999999994,55,107,1,934,-680.1470000000004,-0.7282087794432552,0.8938130426854248,0.43683083511777304,866.632000000001,233,380,321
open_10_30_orb,b=1.0,20.0,20.0,-0.2777865137553052,1,771,-20.18099999999845,-0.02617509727626258,0.9959787261642239,0.4915693904020752,483.6609999999987,193,180,398,163,-224.8800000000001,-1.3796319018404914,0.8698603579881828,0.4662576687116564,307.9900000000007,75,86,2,934,-245.06099999999856,-0.26237794432548023,0.9636760957342785,0.487152034261242,483.6609999999987,268,266,400
open_10_30_orb,b=1.0,20.0,25.0,-0.3760184717968025,1,771,-65.88899999999785,-0.0854591439688688,0.9872942760896017,0.5019455252918288,540.2959999999987,198,125,448,163,-294.8800000000001,-1.8090797546012276,0.8493965750591167,0.5153374233128835,412.9900000000007,83,78,2,934,-360.76899999999796,-0.3862623126338308,0.9494987445692139,0.5042826552462527,540.2959999999987,281,203,450
open_10_30_orb,b=1.0,20.0,30.0,-0.491770714483195,1,771,-201.3949999999959,-0.2612127107652346,0.9621560251490175,0.503242542153048,548.2949999999987,198,90,483,163,-278.6860000000006,-1.7097300613496969,0.8657025550083366,0.5644171779141104,431.6260000000002,89,68,6,934,-480.0809999999965,-0.5140053533190541,0.935096640344233,0.5139186295503212,667.8699999999967,287,158,489
open_10_30_orb,b=1.0,20.0,35.0,-0.5456976282310255,1,771,-210.25899999999615,-0.2727094682230819,0.9609614527325171,0.5071335927367056,586.0519999999988,200,69,502,163,-448.1360000000004,-2.749300613496935,0.8055463227732481,0.5828220858895705,563.1360000000004,92,64,7,934,-658.3949999999966,-0.7049197002141291,0.9143887873425518,0.5203426124197003,798.3569999999972,292,133,509
open_10_30_orb,b=1.0,25.0,15.0,-0.33417148876298564,1,771,-155.95800000000077,-0.20228015564202434,0.9684957772972762,0.44228274967574577,511.999,119,283,369,163,-466.8899999999994,-2.864355828220855,0.724548672566372,0.3067484662576687,571.8899999999994,49,113,1,934,-622.8480000000002,-0.666860813704497,0.9062735878016982,0.41862955032119914,869.3330000000008,168,396,370
open_10_30_orb,b=1.0,25.0,20.0,-0.1863443006541884,1,771,33.04400000000123,0.04285862516212871,1.0063701131348597,0.4773022049286641,537.6809999999991,132,187,452,163,-43.04000000000087,-0.26404907975460656,0.9760376360548947,0.43558282208588955,232.9900000000007,70,89,4,934,-9.99599999999964,-0.010702355460385053,0.9985686258421459,0.47002141327623126,537.6809999999991,202,276,456
open_10_30_orb,b=1.0,25.0,25.0,-0.32560941667895293,1,771,-49.10799999999722,-0.06369390402074866,0.9908491107660473,0.4876783398184176,607.6889999999989,134,130,507,163,-146.60000000000127,-0.8993865030674925,0.928567252031886,0.4785276073619632,332.9900000000007,76,81,6,934,-195.7079999999985,-0.2095374732334031,0.9736198253264399,0.4860813704496788,607.6889999999989,210,211,513
open_10_30_orb,b=1.0,25.0,30.0,-0.427463855716894,1,771,-154.61399999999526,-0.2005369649805386,0.9718751654185364,0.490272373540856,620.687999999999,135,94,542,163,-143.2460000000019,-0.878809815950932,0.9342060178486941,0.5276073619631901,349.3860000000004,80,70,13,934,-297.85999999999717,-0.31890792291220255,0.9611889022619918,0.49678800856531047,620.687999999999,215,164,555
open_10_30_orb,b=1.0,25.0,35.0,-0.5020446364243121,1,771,-188.07399999999507,-0.24393514915693265,0.966304843045038,0.49416342412451364,663.444999999999,136,73,562,163,-307.69600000000173,-1.8877055214724032,0.872676112288135,0.5460122699386503,459.4760000000015,83,66,14,934,-495.7699999999968,-0.5308029978586689,0.9380153690677978,0.5032119914346895,712.5119999999972,219,139,576
open_10_30_orb,b=1.0,30.0,15.0,-0.3273190264578256,1,771,-156.18500000000017,-0.20257457846952032,0.9689207829690227,0.4357976653696498,570.0819999999999,85,288,398,163,-361.83999999999924,-2.219877300613492,0.7895434796517212,0.2883435582822086,447.0899999999997,44,114,5,934,-518.0249999999994,-0.55463062098501,0.9231951812787951,0.4100642398286938,753.1460000000006,129,402,403
open_10_30_orb,b=1.0,30.0,20.0,-0.16751754533970475,1,771,42.17000000000189,0.054695201037615944,1.0079756414793126,0.4708171206225681,537.0699999999993,95,192,484,163,15.18999999999778,0.09319018404906614,1.0082209425670543,0.4049079754601227,180.0,60,91,12,934,57.35999999999967,0.06141327623126303,1.008039165423628,0.4593147751605996,537.0699999999993,155,283,496
open_10_30_orb,b=1.0,30.0,25.0,-0.32062337975499744,1,771,-54.98199999999656,-0.07131258106354936,0.9899877500991089,0.48119325551232167,608.4309999999998,97,135,539,163,-41.69000000000233,-0.25576687116565844,0.9800416497115627,0.4539877300613497,236.3100000000004,66,82,15,934,-96.67199999999889,-0.1035032119914335,0.9872469814281002,0.47644539614561027,608.4309999999998,163,217,554
open_10_30_orb,b=1.0,30.0,30.0,-0.4152043797320635,1,771,-164.51899999999455,-0.2133839169909138,0.970785676868303,0.48378728923476005,648.384999999998,98,98,575,163,-23.33600000000297,-0.14316564417179736,0.9894824136003881,0.5030674846625767,210.0,70,71,22,934,-187.85499999999752,-0.20112955032119648,0.9760700669154077,0.487152034261242,648.384999999998,168,169,597
open_10_30_orb,b=1.0,30.0,35.0,-0.5291103442755715,1,771,-257.9489999999946,-0.33456420233462336,0.955144250181807,0.48638132295719844,713.8419999999978,98,77,596,163,-187.7360000000026,-1.15175460122701,0.9237840054238159,0.5214723926380368,346.0000000000032,72,67,24,934,-445.6849999999972,-0.4771788008565281,0.9457397778677075,0.4925053533190578,713.8419999999978,170,144,620
open_10_30_orb,b=2.0,10.0,15.0,-0.7107686814870188,1,755,-395.9630000000018,-0.5244543046357639,0.9017426185309394,0.5324503311258278,529.6200000000022,339,231,185,163,-295.0,-1.8098159509202454,0.7445887445887446,0.5276073619631901,355.0,86,77,0,918,-690.9630000000018,-0.7526830065359497,0.8667343638346682,0.5315904139433552,773.9240000000013,425,308,185
open_10_30_orb,b=2.0,10.0,20.0,-0.4696215405948089,1,755,-194.18300000000113,-0.25719602649006773,0.9527280747516849,0.5721854304635762,479.3760000000009,365,149,241,163,-189.1800000000003,-1.160613496932517,0.8435468664714929,0.6257668711656442,289.1800000000003,102,60,1,918,-383.3630000000014,-0.41760675381263773,0.9278981795448418,0.5816993464052288,479.6950000000013,467,209,242
open_10_30_orb,b=2.0,10.0,25.0,-0.5912639518376219,1,755,-242.9280000000001,-0.32175894039735115,0.9423912852732672,0.5814569536423841,564.5870000000002,371,103,281,163,-244.1800000000003,-1.4980368098159527,0.816981216927251,0.6687116564417178,364.1800000000003,109,53,1,918,-487.1080000000004,-0.5306187363834427,0.9122492677951274,0.5969498910675382,603.4400000000003,480,156,282
open_10_30_orb,b=2.0,10.0,30.0,-0.7813068359605501,1,755,-429.413,-0.568758940397351,0.9029212494520551,0.5841059602649007,604.1060000000007,373,73,309,163,-332.920000000001,-2.0424539877300676,0.7718147485589341,0.6932515337423313,469.1800000000003,112,48,3,918,-762.333000000001,-0.8304281045751645,0.870403038792235,0.6034858387799564,894.9250000000002,485,121,312
open_10_30_orb,b=2.0,10.0,35.0,-0.909632689230445,0,755,-553.8189999999984,-0.7335350993377462,0.8782213985676005,0.5841059602649007,658.6870000000006,373,55,327,163,-310.1600000000017,-1.9028220858895808,0.7916977279901131,0.7300613496932515,476.420000000001,117,42,4,918,-863.979,-0.9411535947712418,0.8568799433734382,0.6100217864923747,1026.5709999999992,490,97,331
open_10_30_orb,b=2.0,15.0,15.0,-0.6495157432800575,1,755,-343.3960000000038,-0.4548291390728528,0.9238267373041043,0.4741721854304636,614.9650000000042,236,259,260,163,-177.57999999999993,-1.0894478527607359,0.8639233716475097,0.4662576687116564,357.5799999999999,75,87,1,918,-520.9760000000038,-0.5675119825708101,0.9103788328790994,0.47276688453159044,799.8930000000032,311,346,261
open_10_30_orb,b=2.0,15.0,20.0,-0.3828853234148588,1,755,-142.60500000000388,-0.1888807947019919,0.9693667320196424,0.5112582781456954,508.076,255,170,330,163,-111.76000000000022,-0.6856441717791425,0.9228805255385804,0.5521472392638037,346.7600000000002,89,72,2,918,-254.3650000000041,-0.2770860566448846,0.9583309648282311,0.5185185185185185,568.5990000000033,344,242,332
open_10_30_orb,b=2.0,15.0,25.0,-0.5544719756850354,1,755,-244.440000000003,-0.3237615894039775,0.9493113148741135,0.519205298013245,558.4139999999993,259,120,376,163,-151.76000000000022,-0.9310429447852774,0.9056910973290743,0.6012269938650306,454.1800000000003,97,64,2,918,-396.20000000000323,-0.4315904139433586,0.9383975080377097,0.5337690631808278,755.3700000000026,356,184,378
open_10_30_orb,b=2.0,15.0,30.0,-0.688098987384882,1,755,-377.7080000000019,-0.5002754966887443,0.9241400765893839,0.5218543046357615,575.1079999999997,260,83,412,163,-201.3760000000002,-1.235435582822087,0.8835296907443073,0.6380368098159509,530.0559999999996,101,57,5,918,-579.0840000000021,-0.6308104575163421,0.9136727455195719,0.5424836601307189,948.5790000000006,361,140,417
open_10_30_orb,b=2.0,15.0,35.0,-0.8255559640934005,1,755,-488.8240000000003,-0.6474490066225169,0.9042485654150182,0.5231788079470199,624.9559999999994,261,63,431,163,-248.6160000000009,-1.5252515337423367,0.8648084002631875,0.6687116564417178,594.8760000000002,105,52,6,918,-737.4400000000012,-0.80331154684096,0.8938037549727285,0.5490196078431373,1118.5979999999997,366,115,437
open_10_30_orb,b=2.0,20.0,15.0,-0.3268362567767704,1,755,-137.82200000000307,-0.18254569536424248,0.970609171630819,0.4503311258278146,475.66200000000345,175,268,312,163,-257.5799999999999,-1.5802453987730056,0.82828,0.38650306748466257,442.5799999999999,62,100,1,918,-395.402000000003,-0.4307211328976068,0.9361150866190375,0.43899782135076254,683.9940000000024,237,368,313
open_10_30_orb,b=2.0,20.0,20.0,-0.04097458619348601,1,755,112.93499999999676,0.14958278145694937,1.0233703024264258,0.48741721854304637,434.9919999999988,189,175,391,163,-146.76000000000022,-0.9003680981595106,0.913117607359784,0.4785276073619632,386.7600000000002,77,84,2,918,-33.825000000003456,-0.03684640522876193,0.9948133853758161,0.485838779956427,467.85000000000036,266,259,393
open_10_30_orb,b=2.0,20.0,25.0,-0.21684997796973574,1,755,6.099999999997635,0.008079470198672365,1.001214036651965,0.495364238410596,479.62699999999813,193,125,437,163,-102.02999999999975,-0.6259509202453972,0.9446826967388654,0.5398773006134969,366.7600000000002,87,73,3,918,-95.93000000000211,-0.10449891067538357,0.9860343775886187,0.5032679738562091,479.62699999999813,280,198,440
open_10_30_orb,b=2.0,20.0,30.0,-0.3874668188715388,1,755,-154.26800000000162,-0.2043284768211942,0.9702948086390522,0.4966887417218543,518.9469999999988,193,87,475,163,-113.98599999999988,-0.6993006134969317,0.9420390521712602,0.5828220858895705,435.0559999999996,92,64,7,918,-268.2540000000015,-0.29221568627451144,0.9625338395042052,0.5119825708061002,634.8140000000003,285,151,482
open_10_30_orb,b=2.0,20.0,35.0,-0.5123424985377931,1,755,-251.40400000000045,-0.33298543046357676,0.9526585100246928,0.49801324503311256,567.6109999999987,194,66,495,163,-191.41600000000108,-1.1743312883435648,0.9093502557302514,0.6134969325153374,517.2160000000003,95,59,9,918,-442.8200000000015,-0.482374727668847,0.9403371338623076,0.5185185185185185,808.193,289,125,504
open_10_30_orb,b=2.0,25.0,15.0,-0.44481690083021147,0,755,-266.4700000000025,-0.35294039735099675,0.9449818409310984,0.43443708609271525,623.4250000000029,113,278,364,163,-187.57999999999993,-1.1507975460122695,0.8820251572327045,0.3496932515337423,447.5799999999999,56,106,1,918,-454.05000000000246,-0.4946078431372576,0.9294220238104488,0.41938997821350765,867.6000000000017,169,384,365
open_10_30_orb,b=2.0,25.0,20.0,-0.19887197304356535,1,755,-53.204000000002225,-0.07046887417218838,0.9894474739905735,0.47019867549668876,560.8809999999987,124,184,447,163,57.0,0.3496932515337423,1.032561939092036,0.4539877300613497,291.6700000000001,72,87,4,918,3.7959999999977754,0.004135076252720888,1.0005588651680362,0.4673202614379085,560.8809999999987,196,271,451
open_10_30_orb,b=2.0,25.0,25.0,-0.40273062858865705,1,755,-194.1730000000009,-0.25718278145695483,0.9631770244263956,0.4781456953642384,611.2059999999976,127,133,495,163,57.159999999999854,0.350674846625766,1.0295541032428854,0.50920245398773,320.5100000000002,79,76,8,918,-137.01300000000106,-0.14925163398692926,0.9809895010952892,0.48366013071895425,635.0680000000004,206,209,503
open_10_30_orb,b=2.0,25.0,30.0,-0.5701791246749583,1,755,-339.1710000000003,-0.4492331125827818,0.9377841295242665,0.48079470198675495,667.9380000000015,128,93,534,163,44.45399999999972,0.2727239263803664,1.021537895047941,0.5521472392638037,394.47599999999966,83,66,14,918,-294.71700000000055,-0.32104248366013133,0.9607854903772985,0.4934640522875817,834.697999999999,211,159,548
open_10_30_orb,b=2.0,25.0,35.0,-0.7317698775590563,0,755,-475.90299999999866,-0.6303350993377466,0.9149969055067692,0.4821192052980132,742.1440000000002,128,72,555,163,-27.976000000001477,-0.17163190184049987,0.9873924623364677,0.5828220858895705,481.71600000000035,86,61,16,918,-503.87900000000013,-0.5488877995642703,0.9355459348691325,0.5,1055.9729999999981,214,133,571
open_10_30_orb,b=2.0,30.0,15.0,-0.3605179872345822,0,755,-201.46400000000244,-0.266839735099341,0.9589126528814206,0.4291390728476821,601.1790000000026,79,282,394,163,-93.73999999999933,-0.5750920245398732,0.9424664428500412,0.32515337423312884,375.0,50,108,5,918,-295.20400000000177,-0.3215729847494573,0.9548107803607127,0.4106753812636166,737.3830000000019,129,390,399
open_10_30_orb,b=2.0,30.0,20.0,-0.12633682022142914,1,755,-3.185000000002219,-0.004218543046360555,0.9993781514639501,0.4649006622516556,553.5379999999984,86,188,481,163,151.48000000000002,0.9293251533742333,1.0832390016595048,0.4233128834355828,222.48999999999978,64,90,9,918,148.2949999999978,0.1615413943355096,1.0213630888120768,0.45751633986928103,553.5379999999984,150,278,490
open_10_30_orb,b=2.0,30.0,25.0,-0.30062378012100555,1,755,-94.1540000000009,-0.12470728476821312,0.9823950272131585,0.4741721854304636,603.8629999999973,90,136,529,163,198.32000000000016,1.2166871165644182,1.0994888105187646,0.48466257668711654,250.0,71,78,14,918,104.16599999999926,0.11347058823529331,1.01418858010406,0.4760348583877996,603.8629999999973,161,214,543
open_10_30_orb,b=2.0,30.0,30.0,-0.45518791095309263,1,755,-234.2929999999999,-0.3103218543046356,0.9576067643024901,0.4768211920529801,651.4520000000011,91,95,569,163,195.61400000000003,1.2000858895705524,1.0916954952421132,0.5276073619631901,262.7600000000002,75,68,20,918,-38.67899999999986,-0.042133986928104425,0.9949504958250435,0.485838779956427,651.4520000000011,166,163,589
open_10_30_orb,b=2.0,30.0,35.0,-0.6227537387706329,0,755,-381.0249999999983,-0.5046688741721831,0.9329629353340622,0.4781456953642384,730.6579999999999,91,74,590,163,121.0439999999985,0.7426012269938559,1.0527519077482246,0.558282208588957,341.66000000000076,77,62,24,918,-259.98099999999977,-0.28320370370370346,0.9674143366841365,0.4923747276688453,761.4729999999977,168,136,614
afternoon_14_15_orb,b=0.0,10.0,15.0,-0.6140691700674875,0,773,-387.84899999999925,-0.501745148771021,0.9021436364058403,0.5278137128072445,470.3829999999996,336,204,233,162,-120.32699999999932,-0.742759259259255,0.8843373285515042,0.5679012345679012,265.3269999999993,92,69,1,935,-508.17599999999857,-0.5435037433155064,0.8984415578705617,0.5347593582887701,630.7099999999989,428,273,234
afternoon_14_15_orb,b=0.0,10.0,20.0,-0.5867842553237026,1,773,-341.1129999999994,-0.44128460543337567,0.9160496142391755,0.5485122897800776,433.7449999999999,350,131,292,162,-165.32699999999932,-1.0205370370370328,0.8605220331604702,0.6296296296296297,285.3269999999993,102,59,1,935,-506.4399999999987,-0.541647058823528,0.9035094337609526,0.5625668449197861,639.0719999999992,452,190,293
afternoon_14_15_orb,b=0.0,10.0,25.0,-0.6646815983863119,0,773,-420.78999999999974,-0.5443596377749026,0.8999419563952473,0.5588615782664942,498.42200000000025,356,89,328,162,-130.42699999999968,-0.805104938271603,0.8948531433127466,0.6851851851851852,315.4269999999997,111,49,2,935,-551.2169999999994,-0.5895368983957213,0.8987828610440984,0.5807486631016042,753.8489999999999,467,138,330
afternoon_14_15_orb,b=0.0,10.0,30.0,-0.7249289625561347,1,773,-416.73600000000033,-0.5391151358344118,0.9017457658488165,0.5640362225097024,493.13100000000077,360,55,358,162,-135.42699999999968,-0.8359691358024671,0.8962584656208278,0.7222222222222222,305.4269999999997,117,43,2,935,-552.163,-0.5905486631016043,0.9004543494376611,0.5914438502673797,748.5580000000004,477,98,360
afternoon_14_15_orb,b=0.0,10.0,35.0,-0.797251188798254,1,773,-425.73800000000097,-0.5507606727037528,0.900305052890743,0.5666235446313066,502.1330000000014,362,39,372,162,-177.1269999999995,-1.0933765432098734,0.8713793281229694,0.7407407407407407,345.4269999999997,120,38,4,935,-602.8650000000005,-0.6447754010695192,0.8932516386798203,0.5967914438502674,807.5600000000011,482,77,376
afternoon_14_15_orb,b=0.0,15.0,15.0,-0.15204943836130533,2,773,-10.670000000002346,-0.013803363518761122,0.9974711834600698,0.48771021992238034,392.7520000000011,237,216,320,162,-219.3869999999988,-1.3542407407407333,0.8330879718073908,0.4506172839506173,354.3869999999988,73,87,2,935,-230.05700000000115,-0.2460502673796804,0.9584265792901451,0.48128342245989303,399.1510000000019,310,303,322
afternoon_14_15_orb,b=0.0,15.0,20.0,-0.03289126037419099,2,773,122.57999999999674,0.1585769728331135,1.0284667988367107,0.5109961190168176,397.0460000000012,250,139,384,162,-327.72699999999895,-2.0230061728394997,0.7896120437021383,0.5061728395061729,437.72699999999895,82,77,3,935,-205.1470000000022,-0.21940855614973498,0.9650146423920609,0.5101604278074866,437.72699999999895,332,216,387
afternoon_14_15_orb,b=0.0,15.0,25.0,-0.052811230102270956,2,773,116.6649999999961,0.15092496765846844,1.026415851367503,0.5239327296248383,436.1460000000013,256,92,425,162,-279.3169999999991,-1.7241790123456735,0.8316674872854317,0.5679012345679012,457.8269999999993,92,65,5,935,-162.652000000003,-0.17395935828877326,0.9732295071228545,0.5315508021390374,504.97400000000016,348,157,430
afternoon_14_15_orb,b=0.0,15.0,30.0,-0.0719082370055327,2,773,80.7189999999955,0.10442302716687646,1.017947833681643,0.5278137128072445,465.21800000000076,259,59,455,162,-251.77700000000004,-1.5541790123456793,0.8553950665570831,0.6172839506172839,410.28700000000026,99,56,7,935,-171.05800000000454,-0.1829497326203257,0.9725805314046824,0.5433155080213904,600.6970000000015,358,115,462
afternoon_14_15_orb,b=0.0,15.0,35.0,-0.10921745665815841,2,773,67.06699999999432,0.08676196636480507,1.0147805571992587,0.5304010349288486,459.54200000000105,260,42,471,162,-370.84400000000005,-2.289160493827161,0.8038074197282409,0.6296296296296297,507.65400000000045,101,51,10,935,-303.7770000000057,-0.32489518716578153,0.9527395332621097,0.5475935828877005,736.9740000000024,361,93,481
afternoon_14_15_orb,b=0.0,20.0,15.0,-0.03181624557281226,2,773,99.04099999999744,0.12812548512289448,1.0227691922880708,0.46571798188874514,423.38500000000045,159,222,392,162,-290.57699999999795,-1.7936851851851725,0.8050573704008593,0.37037037037037035,479.3869999999988,60,98,4,935,-191.5360000000005,-0.20485133689839627,0.96720475011977,0.44919786096256686,479.3869999999988,219,320,396
afternoon_14_15_orb,b=0.0,20.0,20.0,0.14593473138858637,2,773,294.7939999999967,0.3813635187580811,1.0664102715442407,0.4890038809831824,420.6630000000007,172,142,459,162,-496.8069999999975,-3.0667098765431944,0.727809350888142,0.41358024691358025,625.6169999999984,66,89,7,935,-202.01300000000083,-0.21605668449197948,0.967751184149801,0.47593582887700536,625.6169999999984,238,231,466
afternoon_14_15_orb,b=0.0,20.0,25.0,0.11551933895112665,2,773,277.3479999999961,0.35879430789132744,1.0608577371291037,0.500646830530401,459.0280000000007,176,94,503,162,-430.7869999999971,-2.659179012345661,0.780413159908188,0.48148148148148145,638.1069999999982,76,76,10,935,-153.439000000001,-0.16410588235294224,0.9764632487432358,0.49732620320855614,638.1069999999982,252,170,513
afternoon_14_15_orb,b=0.0,20.0,30.0,0.08337849891365023,2,773,219.1219999999953,0.2834695989650651,1.0470669049775707,0.5032341526520052,489.60000000000014,178,61,534,162,-422.59299999999666,-2.6085987654320784,0.797580893542361,0.5308641975308642,615.8269999999984,82,66,14,935,-203.47100000000137,-0.2176160427807501,0.9698260009704509,0.5080213903743316,747.396999999999,260,127,548
afternoon_14_15_orb,b=0.0,20.0,35.0,0.020512158895240107,2,773,171.70999999999435,0.2221345407503161,1.0364224889938143,0.5045278137128072,483.92400000000043,178,43,552,162,-581.6599999999967,-3.5904938271604734,0.7456423442569915,0.5432098765432098,748.1939999999986,84,61,17,935,-409.9500000000023,-0.43844919786096503,0.9414455430695559,0.5112299465240642,952.4339999999997,262,104,569
afternoon_14_15_orb,b=0.0,25.0,15.0,0.15551486063304645,2,773,237.64499999999862,0.3074320827943061,1.0539227131603002,0.4579560155239327,386.2420000000004,108,225,440,162,-388.15399999999727,-2.3960123456789955,0.7585707585956396,0.3148148148148148,544.293999999998,48,105,9,935,-150.50899999999865,-0.16097219251336753,0.9749772023525012,0.43315508021390375,544.293999999998,156,330,449
afternoon_14_15_orb,b=0.0,25.0,20.0,0.34175406222631244,2,773,442.0379999999982,0.5718473479948231,1.09798370418381,0.48124191461837,398.3070000000007,117,145,511,162,-618.7639999999969,-3.819530864197512,0.6863911803284682,0.35802469135802467,733.7639999999969,53,95,14,935,-176.72599999999875,-0.18901176470588102,0.972745916112952,0.45989304812834225,733.7639999999969,170,240,525
afternoon_14_15_orb,b=0.0,25.0,25.0,0.32816105094717446,2,773,433.4219999999975,0.5607011642949515,1.093392865569582,0.49288486416558863,436.6720000000007,121,96,556,162,-496.2239999999965,-3.06311111111109,0.7653381152483139,0.43209876543209874,728.0239999999967,63,81,18,935,-62.801999999999,-0.0671679144385016,0.9907035487184407,0.4823529411764706,728.0239999999967,184,177,574
afternoon_14_15_orb,b=0.0,25.0,30.0,0.27397320542968934,2,773,375.19599999999673,0.4853764553686892,1.0790040498429898,0.49547218628719275,468.3570000000002,123,63,587,162,-560.7899999999954,-3.4616666666666385,0.755465922469805,0.4691358024691358,738.5039999999963,67,71,24,935,-185.5939999999987,-0.19849625668449059,0.9736460991202824,0.4909090909090909,757.6039999999966,190,134,611
afternoon_14_15_orb,b=0.0,25.0,35.0,0.17864225671771888,2,773,317.7839999999958,0.41110478654591953,1.065958685533709,0.49676584734799484,462.6810000000005,123,45,605,162,-701.3269999999957,-4.329179012345652,0.7176437101146346,0.48148148148148145,890.8709999999965,69,65,28,935,-383.5429999999999,-0.4102064171122993,0.9474725415591471,0.49411764705882355,987.6409999999973,192,110,633
afternoon_14_15_orb,b=0.0,30.0,15.0,0.17181352308788608,2,773,252.46699999999873,0.32660672703751453,1.0563273221435914,0.4514877102199224,332.2660000000003,80,230,463,162,-505.2539999999972,-3.1188518518518342,0.7001004306885805,0.2716049382716049,607.3939999999975,37,110,15,935,-252.78699999999844,-0.270360427807485,0.9590089648177322,0.4203208556149733,607.3939999999975,117,340,478
afternoon_14_15_orb,b=0.0,30.0,20.0,0.4205447666061816,2,773,468.6769999999983,0.6063091849935295,1.101889294577123,0.47477360931435963,344.3310000000006,87,149,537,162,-721.9499999999971,-4.456481481481464,0.6497326722105253,0.3148148148148148,809.0899999999974,42,99,21,935,-253.27299999999877,-0.270880213903742,0.9619767587623791,0.4470588235294118,809.0899999999974,129,248,558
afternoon_14_15_orb,b=0.0,30.0,25.0,0.4371623673065663,2,773,472.2809999999979,0.6109715394566596,1.0996972863430539,0.48641655886157825,382.6960000000006,91,99,583,162,-702.1799999999971,-4.334444444444427,0.691041170750596,0.3765432098765432,800.2739999999976,48,87,27,935,-229.8989999999992,-0.24588128342245905,0.9672035755248308,0.46737967914438505,800.2739999999976,139,186,610
afternoon_14_15_orb,b=0.0,30.0,30.0,0.28043713305266793,2,773,374.73399999999674,0.48477878395859864,1.0770997963943523,0.4890038809831824,414.3810000000001,91,66,616,162,-750.1259999999961,-4.630407407407383,0.6944218128252855,0.41358024691358025,842.0939999999969,52,76,34,935,-375.39199999999937,-0.4014887700534753,0.9486829528627704,0.47593582887700536,992.2059999999974,143,142,650
afternoon_14_15_orb,b=0.0,30.0,35.0,0.14477947423886534,1,773,317.92199999999616,0.4112833117723107,1.0645051726362784,0.49029754204398446,431.2440000000015,91,47,635,162,-967.1629999999964,-5.97014197530862,0.6420318504648556,0.41975308641975306,1049.1309999999971,53,70,39,935,-649.2410000000002,-0.6943754010695189,0.9149143542293294,0.47807486631016044,1271.3129999999978,144,117,674
afternoon_14_15_orb,b=1.0,10.0,15.0,-0.39521888937304667,1,771,-225.9460000000006,-0.2930557717250332,0.9407601502639685,0.5369649805447471,344.1700000000003,332,193,246,162,-145.32699999999932,-0.897080246913576,0.8622919720617407,0.5617283950617284,260.3269999999993,91,70,1,933,-371.2729999999999,-0.3979346195069667,0.9237540854496895,0.5412647374062165,519.8060000000003,423,263,247
afternoon_14_15_orb,b=1.0,10.0,20.0,-0.3320881168522307,1,771,-195.36800000000198,-0.25339559014267443,0.9500700641451748,0.5577172503242542,337.8570000000002,344,126,301,162,-255.32699999999932,-1.5760925925925884,0.7949719230370823,0.6111111111111112,325.3269999999993,99,62,1,933,-450.6950000000013,-0.4830600214362286,0.9126250201137224,0.5669882100750268,552.9510000000016,443,188,302
afternoon_14_15_orb,b=1.0,10.0,25.0,-0.3270075541540509,1,771,-188.25200000000336,-0.24416601815824043,0.9525617635496771,0.569390402075227,355.0250000000001,350,81,340,162,-186.8169999999991,-1.1531913580246858,0.8536853754296824,0.6728395061728395,361.8169999999991,109,50,3,933,-375.06900000000246,-0.40200321543408624,0.9284925942441976,0.587352625937835,650.463999999999,459,131,343
afternoon_14_15_orb,b=1.0,10.0,30.0,-0.4005603673030441,1,771,-213.41000000000508,-0.2767963683527952,0.9469593524870511,0.5732814526588845,403.4440000000002,353,51,367,162,-236.8169999999991,-1.4618333333333278,0.8279967490232912,0.7037037037037037,416.8169999999991,114,45,3,933,-450.2270000000042,-0.4825584137191899,0.9166298016697104,0.5959271168274384,800.0899999999992,467,96,370
afternoon_14_15_orb,b=1.0,10.0,35.0,-0.36331828805916955,1,771,-165.1560000000061,-0.2142101167315254,0.9587652649113751,0.5771725032425421,415.58300000000054,356,33,382,162,-162.66699999999946,-1.004117283950614,0.8799343379954639,0.7407407407407407,399.34000000000015,119,37,6,933,-327.82300000000555,-0.3513644158628141,0.9388399167848386,0.6055734190782422,750.25,475,70,388
afternoon_14_15_orb,b=1.0,15.0,15.0,0.05255934546332666,2,771,115.22899999999686,0.14945395590142263,1.0282200956351895,0.49286640726329445,356.10900000000015,234,206,331,162,-129.3869999999988,-0.7986851851851778,0.898071273772302,0.4691358024691358,294.3869999999988,76,84,2,933,-14.158000000001948,-0.015174705251877758,0.9973549362442108,0.4887459807073955,356.10900000000015,310,290,333
afternoon_14_15_orb,b=1.0,15.0,20.0,0.12201305483594554,2,771,220.73399999999515,0.2862957198443517,1.0528833391630998,0.5175097276264592,347.95200000000114,245,135,391,162,-339.3869999999988,-2.094981481481474,0.783745500631776,0.5061728395061729,459.3869999999988,82,78,2,933,-118.65300000000366,-0.12717363344051838,0.9793408639914524,0.5155412647374062,459.3869999999988,327,213,393
afternoon_14_15_orb,b=1.0,15.0,25.0,0.15793427660466927,2,771,237.89499999999293,0.30855382619973143,1.0560578376348027,0.5291828793774319,361.96399999999994,250,86,435,162,-209.84399999999823,-1.2953333333333223,0.8698534514784795,0.5802469135802469,428.35399999999845,93,63,6,933,28.0509999999947,0.03006538049302755,1.0047900406225354,0.5380493033226152,482.00799999999845,343,149,441
afternoon_14_15_orb,b=1.0,15.0,30.0,0.13021121016227563,2,771,212.64699999999107,0.27580674448766673,1.0492924183876158,0.5330739299610895,412.08700000000135,253,55,463,162,-299.84399999999823,-1.850888888888878,0.8312987694719219,0.6111111111111112,503.35399999999845,98,58,6,933,-87.19700000000716,-0.09345873526260147,0.9856851273041447,0.5466237942122186,656.6339999999987,351,113,469
afternoon_14_15_orb,b=1.0,15.0,35.0,0.1720346708411741,2,771,259.56099999998946,0.336654993514902,1.060243712684365,0.5369649805447471,393.2450000000017,255,36,480,162,-235.72099999999864,-1.4550679012345595,0.8683412701338371,0.6481481481481481,421.23099999999886,103,48,11,933,23.839999999990823,0.025551982851008386,1.0039088951960253,0.5562700964630225,595.3409999999999,358,84,491
afternoon_14_15_orb,b=1.0,20.0,15.0,0.19544432052769276,2,771,215.88799999999787,0.280010376134887,1.0514980467105368,0.4708171206225681,356.0419999999999,153,210,408,162,-289.746999999998,-1.7885617283950495,0.8038681194903982,0.3765432098765432,470.35699999999815,59,97,6,933,-73.85900000000015,-0.07916291532690263,0.9869724944112902,0.45444801714898175,470.35699999999815,212,307,414
afternoon_14_15_orb,b=1.0,20.0,20.0,0.26263148173452167,2,771,327.63299999999595,0.42494552529182356,1.0761288520665173,0.49416342412451364,338.19399999999973,162,138,471,162,-604.1869999999985,-3.72954938271604,0.6772069088397102,0.4012345679012346,739.7969999999987,63,91,8,933,-276.5540000000026,-0.29641371918542614,0.9552169078301017,0.4780278670953912,739.7969999999987,225,229,479
afternoon_14_15_orb,b=1.0,20.0,25.0,0.33784335180079417,3,771,392.7269999999937,0.5093735408560229,1.0901782913731906,0.5071335927367056,356.8969999999997,167,87,517,162,-459.08399999999847,-2.8338518518518425,0.765141628472928,0.48148148148148145,695.8439999999991,74,75,13,933,-66.35700000000475,-0.07112218649518194,0.9894833901846551,0.5026795284030011,695.8439999999991,241,162,530
afternoon_14_15_orb,b=1.0,20.0,30.0,0.33050371304336856,2,771,377.47899999999186,0.48959662775615026,1.0852048212134093,0.5110246433203631,402.32899999999995,170,56,545,162,-609.7439999999992,-3.763851851851847,0.7209903783631918,0.5061728395061729,838.8639999999996,78,70,14,933,-232.26500000000738,-0.2489442658092255,0.9648915350757383,0.5101822079314041,882.4109999999991,248,126,559
afternoon_14_15_orb,b=1.0,20.0,35.0,0.3537326481462197,2,771,395.6129999999905,0.5131167315174974,1.0890522861104586,0.5136186770428015,383.4870000000003,170,37,564,162,-591.8909999999992,-3.653648148148143,0.7379174057546583,0.5432098765432098,808.0109999999995,82,60,20,933,-196.27800000000866,-0.21037299035370702,0.970708684542688,0.5187566988210075,897.971,252,97,584
afternoon_14_15_orb,b=1.0,25.0,15.0,0.40556271052072623,3,771,396.87799999999856,0.5147574578469502,1.0931483469065826,0.46433203631647213,319.0239999999999,110,214,447,162,-320.9939999999974,-1.9814444444444286,0.796927153055261,0.3271604938271605,511.9039999999977,50,103,9,933,75.88400000000115,0.08133333333333456,1.0129907369697606,0.4405144694533762,511.9039999999977,160,317,456
afternoon_14_15_orb,b=1.0,25.0,20.0,0.512112911302703,3,771,521.5529999999969,0.6764630350194513,1.1187448972203988,0.4876783398184176,293.0479999999998,117,142,512,162,-689.5239999999981,-4.256320987654309,0.6560778578710795,0.345679012345679,835.4339999999984,52,96,14,933,-167.97100000000114,-0.18003322615219844,0.973742625171601,0.4630225080385852,835.4339999999984,169,238,526
afternoon_14_15_orb,b=1.0,25.0,25.0,0.6068478415412242,3,771,602.4069999999949,0.7813320363164655,1.135355751856063,0.5006485084306096,314.8789999999997,121,89,561,162,-499.690999999998,-3.084512345679,0.7606687983508512,0.43209876543209874,790.6309999999985,62,79,21,933,102.71599999999694,0.11009217577705996,1.0157096297111985,0.4887459807073955,790.6309999999985,183,168,582
afternoon_14_15_orb,b=1.0,25.0,30.0,0.5846323529906323,3,771,592.1589999999931,0.7680402075226888,1.1305524457239444,0.5045395590142672,357.183,124,58,589,162,-705.3509999999987,-4.354018518518511,0.7021980777902191,0.4506172839506173,941.2909999999993,65,75,22,933,-113.19200000000569,-0.12132047159700503,0.9836056218731516,0.49517684887459806,941.2909999999993,189,133,611
afternoon_14_15_orb,b=1.0,25.0,35.0,0.5850367616808054,2,771,600.2929999999917,0.778590142671844,1.1317003874489342,0.5071335927367056,338.34100000000035,124,39,608,162,-681.5879999999979,-4.20733333333332,0.7224398843316273,0.4876543209876543,899.5279999999984,69,64,29,933,-81.29500000000621,-0.08713290460879551,0.9884090491399562,0.5037513397642015,899.5279999999984,193,103,637
afternoon_14_15_orb,b=1.0,30.0,15.0,0.43774520444842047,3,771,384.26399999999853,0.4983968871595312,1.088627719249608,0.4578469520103761,304.54800000000205,77,219,475,162,-438.4439999999977,-2.70644444444443,0.7380271793425535,0.2839506172839506,553.2639999999983,39,109,14,933,-54.179999999999154,-0.058070739549838324,0.9909840243501237,0.42765273311897106,553.2639999999983,116,328,489
afternoon_14_15_orb,b=1.0,30.0,20.0,0.5962189771498486,3,771,554.358999999997,0.7190129701686082,1.1239562775842113,0.48249027237354086,288.16800000000194,84,146,541,162,-791.9959999999992,-4.888864197530859,0.6217621578768908,0.30864197530864196,887.8799999999992,41,100,21,933,-237.63700000000222,-0.2547020364415887,0.9638086335256534,0.45230439442658094,887.8799999999992,125,246,562
afternoon_14_15_orb,b=1.0,30.0,25.0,0.6588314360165989,3,771,594.1869999999951,0.770670557717244,1.130259261500201,0.49416342412451364,276.0589999999995,87,93,591,162,-651.0729999999999,-4.018969135802468,0.7069733425147058,0.3888888888888889,808.0810000000001,48,84,30,933,-56.88600000000474,-0.06097106109325267,0.9916140165596852,0.4758842443729904,808.0810000000001,135,177,621
afternoon_14_15_orb,b=1.0,30.0,30.0,0.5977126305285145,3,771,543.457999999993,0.7048741893644527,1.116451459452045,0.4980544747081712,317.7429999999997,88,62,621,162,-900.1130000000007,-5.5562530864197575,0.6443548418960615,0.4012345679012346,1012.0410000000006,50,80,32,933,-356.6550000000077,-0.3822668810289472,0.9504490986766688,0.4812433011789925,1039.6490000000003,138,142,653
afternoon_14_15_orb,b=1.0,30.0,35.0,0.589456717511952,3,771,547.191999999992,0.7097172503242439,1.1165864058092905,0.5006485084306096,343.174,88,42,641,162,-946.3499999999999,-5.841666666666666,0.6466268142418709,0.43209876543209874,1036.1479999999997,53,70,39,933,-399.15800000000786,-0.42782207931404914,0.9458511321926226,0.4887459807073955,1109.569,141,112,680
afternoon_14_15_orb,b=2.0,10.0,15.0,-0.32088487736642185,0,762,-216.53399999999965,-0.2841653543307082,0.9416277557010485,0.5328083989501312,429.70900000000006,324,193,245,162,-246.6299999999992,-1.5224074074074025,0.7791300609870777,0.5370370370370371,276.6299999999992,87,74,1,924,-463.16399999999885,-0.501259740259739,0.9040306727885713,0.5335497835497836,611.3389999999993,411,267,246
afternoon_14_15_orb,b=2.0,10.0,20.0,-0.3034406480362203,1,762,-169.99899999999957,-0.22309580052493383,0.9552033936000557,0.5551181102362205,443.48499999999945,336,119,307,162,-256.6299999999992,-1.5841358024691308,0.7941410041471814,0.6111111111111112,296.6299999999992,99,62,1,924,-426.62899999999877,-0.4617196969696956,0.9153772122713348,0.564935064935065,559.4769999999992,435,181,308
afternoon_14_15_orb,b=2.0,10.0,25.0,-0.3171042608886722,0,762,-189.304000000001,-0.24843044619422702,0.9510152920661197,0.562992125984252,415.0750000000003,341,74,347,162,-188.11999999999898,-1.1612345679012284,0.8528150721372022,0.6728395061728395,243.11999999999898,109,50,3,924,-377.424,-0.4084675324675324,0.9266093722077994,0.5822510822510822,548.2670000000003,450,124,350
afternoon_14_15_orb,b=2.0,10.0,30.0,-0.1509794073199477,1,762,-48.31600000000185,-0.06340682414698405,0.9871864470608199,0.5695538057742782,359.20899999999756,345,42,375,162,-398.119999999999,-2.4575308641975244,0.7342535978426299,0.6790123456790124,448.119999999999,110,49,3,924,-446.43600000000083,-0.48315584415584506,0.9152682339387508,0.5887445887445888,621.3259999999987,455,91,378
afternoon_14_15_orb,b=2.0,10.0,35.0,-0.17145330852848842,1,762,-33.50100000000248,-0.04396456692913711,0.9911510665948201,0.573490813648294,382.08999999999764,348,28,386,162,-397.8099999999995,-2.4556172839506143,0.7416751084443753,0.7098765432098766,447.8099999999995,114,43,5,924,-431.31100000000197,-0.46678679653679866,0.9190154041428202,0.5974025974025974,606.5559999999996,462,71,391
afternoon_14_15_orb,b=2.0,15.0,15.0,0.12403334933888875,2,762,166.003999999999,0.2178530183727021,1.0417171679349466,0.4921259842519685,370.0590000000009,230,207,325,162,-222.3199999999988,-1.3723456790123383,0.8312331096468595,0.4506172839506173,297.3199999999988,73,87,2,924,-56.3159999999998,-0.06094805194805174,0.9893675047337032,0.48484848484848486,370.0590000000009,303,294,327
afternoon_14_15_orb,b=2.0,15.0,20.0,0.09778874211228836,2,762,193.8299999999988,0.2543700787401559,1.0471928036513491,0.515748031496063,402.76900000000046,238,131,393,162,-342.3199999999988,-2.113086419753079,0.7822835046301013,0.5061728395061729,431.6299999999992,82,78,2,924,-148.49,-0.1607034632034632,0.9738551573250809,0.5140692640692641,431.6299999999992,320,209,395
afternoon_14_15_orb,b=2.0,15.0,25.0,0.13349580156134208,2,762,251.64799999999696,0.330246719160101,1.0607887111096501,0.5249343832020997,378.23200000000134,244,79,439,162,-294.52699999999777,-1.8180679012345542,0.8232427923278213,0.5679012345679012,411.6299999999992,91,65,6,924,-42.879000000000815,-0.04640584415584504,0.9926147038337607,0.5324675324675324,411.6299999999992,335,144,445
afternoon_14_15_orb,b=2.0,15.0,30.0,0.2799393907595146,2,762,396.14599999999587,0.5198766404199421,1.0975165101561943,0.531496062992126,361.13999999999805,248,46,468,162,-529.5269999999978,-3.2686851851851713,0.7258155213122912,0.5802469135802469,597.056999999998,93,63,6,924,-133.3810000000019,-0.14435173160173367,0.9777461997975181,0.54004329004329,597.056999999998,341,109,474
afternoon_14_15_orb,b=2.0,15.0,35.0,0.25416778882476415,2,762,408.6109999999949,0.5362349081364762,1.0998725840027772,0.5354330708661418,389.02099999999814,250,31,481,162,-550.7039999999984,-3.399407407407397,0.7266444522430435,0.6111111111111112,576.3939999999984,97,55,10,924,-142.09300000000349,-0.1537803030303068,0.976728688340678,0.5487012987012987,576.3939999999984,347,86,491
afternoon_14_15_orb,b=2.0,20.0,15.0,0.26636430368575903,3,762,296.80899999999997,0.38951312335958,1.0726241987846092,0.46981627296587924,400.1379999999997,153,210,399,162,-389.3599999999983,-2.4034567901234465,0.7433219945679412,0.35802469135802467,499.96999999999844,56,99,7,924,-92.55099999999834,-0.10016341991341812,0.9834843489352653,0.45021645021645024,499.96999999999844,209,309,406
afternoon_14_15_orb,b=2.0,20.0,20.0,0.2873558752264266,2,762,359.28499999999985,0.47150262467191584,1.0853441594056967,0.494750656167979,406.1779999999992,159,133,470,162,-606.9799999999991,-3.7467901234567846,0.6733663744625439,0.4012345679012346,742.5899999999992,62,89,11,924,-247.69499999999925,-0.268068181818181,0.9591809795675008,0.47835497835497837,742.5899999999992,221,222,481
afternoon_14_15_orb,b=2.0,20.0,25.0,0.3314344747734972,2,762,421.61599999999794,0.5533018372703385,1.0991487313277166,0.5039370078740157,378.43100000000004,164,81,517,162,-545.2969999999987,-3.3660308641975227,0.7250640327525014,0.46296296296296297,668.436999999999,71,75,16,924,-123.68100000000072,-0.1338538961038969,0.9801657194623424,0.4967532467532468,668.436999999999,235,156,533
afternoon_14_15_orb,b=2.0,20.0,30.0,0.4905499324260299,3,762,576.1139999999968,0.7560551181102321,1.1376619447927119,0.510498687664042,319.35699999999724,168,48,546,162,-820.2969999999987,-5.063561728395054,0.6430946413964745,0.47530864197530864,948.436999999999,73,73,16,924,-244.1830000000018,-0.26426731601731795,0.9623369149688177,0.5043290043290043,948.436999999999,241,121,562
afternoon_14_15_orb,b=2.0,20.0,35.0,0.4404221486120677,2,762,552.9889999999962,0.7257073490813598,1.1305245681391916,0.5131233595800525,347.2379999999973,168,33,561,162,-831.0239999999985,-5.129777777777768,0.6532613561971177,0.5123456790123457,927.3239999999987,77,64,21,924,-278.03500000000236,-0.3009036796536822,0.9580853001491098,0.512987012987013,927.3239999999987,245,97,582
afternoon_14_15_orb,b=2.0,25.0,15.0,0.43883113932561274,3,762,367.37799999999925,0.4821233595800515,1.087954366331523,0.46194225721784776,297.7070000000017,106,216,440,162,-478.77699999999777,-2.9554135802469,0.7077896594804789,0.30246913580246915,521.516999999998,46,107,9,924,-111.39899999999852,-0.12056168831168672,0.9808440819804993,0.43398268398268397,521.516999999998,152,323,449
afternoon_14_15_orb,b=2.0,25.0,20.0,0.49113490536834764,3,762,466.5739999999994,0.6123018372703404,1.108257922515399,0.4881889763779528,294.39400000000114,112,138,512,162,-717.8529999999987,-4.431191358024684,0.6421993198401236,0.3395061728395062,812.8529999999987,51,95,16,924,-251.27899999999931,-0.27194696969696897,0.9602163033376453,0.4621212121212121,812.8529999999987,163,233,528
afternoon_14_15_orb,b=2.0,25.0,25.0,0.5481144359666643,3,762,538.2749999999978,0.7063976377952728,1.1233062923491335,0.4973753280839895,266.3470000000043,116,84,562,162,-562.9599999999982,-3.4750617283950507,0.7333665504226424,0.41358024691358025,715.4299999999985,61,79,22,924,-24.6850000000004,-0.0267153679653684,0.9961886525138063,0.48268398268398266,715.4299999999985,177,163,584
afternoon_14_15_orb,b=2.0,25.0,30.0,0.705167944115916,3,762,697.7729999999967,0.9157125984251926,1.1617843899613738,0.5039370078740157,250.2360000000017,120,51,591,162,-902.9599999999982,-5.573827160493816,0.6353684819228851,0.41975308641975306,1005.8639999999987,62,78,22,924,-205.1870000000015,-0.22206385281385443,0.9697780816526603,0.48917748917748916,1005.8639999999987,182,129,613
afternoon_14_15_orb,b=2.0,25.0,35.0,0.6588992381748121,3,762,674.1279999999956,0.884682414698157,1.1544331774938732,0.5065616797900262,262.88799999999674,120,35,607,162,-918.6869999999981,-5.6709074074073955,0.6466167119925844,0.4567901234567901,994.1209999999983,66,69,27,924,-244.55900000000247,-0.2646742424242451,0.9648867616404965,0.49783549783549785,994.1209999999983,186,104,634
afternoon_14_15_orb,b=2.0,30.0,15.0,0.47858313983378187,3,762,452.2149999999999,0.5934580052493438,1.107111321021072,0.458005249343832,354.7589999999989,74,219,469,162,-586.576999999998,-3.620845679012333,0.6582529668079898,0.2654320987654321,616.576999999998,35,112,15,924,-134.36199999999803,-0.14541341991341777,0.9773737467631859,0.42424242424242425,616.576999999998,109,331,484
afternoon_14_15_orb,b=2.0,30.0,20.0,0.510878892461737,3,762,551.1910000000003,0.7233477690288718,1.1261353684359394,0.484251968503937,386.0189999999982,79,141,542,162,-812.4229999999984,-5.014956790123447,0.6111381545284807,0.30864197530864196,905.6529999999989,39,99,24,924,-261.23199999999815,-0.2827186147186127,0.9595557874430842,0.45346320346320346,905.6529999999989,118,240,566
afternoon_14_15_orb,b=2.0,30.0,25.0,0.5263564263185634,2,762,586.8659999999988,0.7701653543307071,1.1318392631490268,0.4921259842519685,346.2119999999991,82,87,593,162,-707.5899999999983,-4.367839506172829,0.6840132844907552,0.3765432098765432,810.8199999999988,46,84,32,924,-120.72399999999948,-0.13065367965367908,0.9819563876784985,0.47186147186147187,810.8199999999988,128,171,625
afternoon_14_15_orb,b=2.0,30.0,30.0,0.6549530154258152,3,762,715.4329999999977,0.9388884514435666,1.162082434395776,0.49868766404199477,346.50699999999597,84,54,624,162,-1067.5899999999983,-6.590061728395051,0.5939646362553124,0.38271604938271603,1171.253999999999,47,83,32,924,-352.1570000000006,-0.38112229437229506,0.9500012068189528,0.47835497835497837,1171.253999999999,131,137,656
afternoon_14_15_orb,b=2.0,30.0,35.0,0.5810336235316355,2,762,676.7879999999966,0.8881732283464522,1.1510282285868827,0.5013123359580053,384.38799999999605,84,38,640,162,-1124.5069999999987,-6.941401234567893,0.5960561386871283,0.41358024691358025,1208.1709999999994,50,74,38,924,-447.7190000000021,-0.4845443722943746,0.9383733456003296,0.48593073593073594,1208.1709999999994,134,112,678
asia_close_breakout,b=0.0,10.0,15.0,-0.4602841945828216,2,687,-101.23200000000088,-0.1473537117903943,0.9714286359397682,0.5473071324599709,423.81400000000053,326,197,164,114,40.0,0.3508771929824561,1.0606060606060606,0.6140350877192983,130.0,70,44,0,801,-61.23200000000088,-0.07644444444444555,0.98543180221968,0.5568039950062422,423.81400000000053,396,241,164
asia_close_breakout,b=0.0,10.0,20.0,-0.2944828613353757,2,687,50.70499999999856,0.07380640465793095,1.0140590800223808,0.5851528384279476,469.7090000000005,346,127,214,114,60.0,0.5263157894736842,1.0833333333333333,0.6842105263157895,130.0,78,36,0,801,110.70499999999856,0.13820848938826288,1.02558726713056,0.599250936329588,469.7090000000005,424,163,214
asia_close_breakout,b=0.0,10.0,25.0,-0.2581509714964081,2,687,86.34099999999921,0.12567831149927106,1.0236344579507786,0.5982532751091703,481.77199999999993,354,82,251,114,55.0,0.4824561403508772,1.070967741935484,0.7280701754385965,150.0,83,31,0,801,141.3409999999992,0.17645568039949963,1.0319185092395684,0.616729088639201,481.77199999999993,437,113,251
asia_close_breakout,b=0.0,10.0,30.0,-0.27710358626307835,2,687,72.89499999999816,0.1061062590975228,1.0197193172482277,0.6026200873362445,492.6370000000004,357,59,271,114,100.0,0.8771929824561403,1.1282051282051282,0.7719298245614035,150.0,88,26,0,801,172.89499999999816,0.2158489388264646,1.0386216950298983,0.6267166042446941,492.6370000000004,445,85,271
asia_close_breakout,b=0.0,10.0,35.0,-0.3834293295164999,2,687,-21.977000000001908,-0.031989810771472935,0.9942036148744253,0.6026200873362445,494.57800000000043,357,41,289,114,138.69999999999982,1.216666666666665,1.1798262673408528,0.7982456140350878,165.0,91,22,1,801,116.72299999999791,0.14572159800249426,1.0255814356137816,0.630461922596754,494.57800000000043,448,63,290
asia_close_breakout,b=0.0,15.0,15.0,-0.17236091890218033,2,687,91.87999999999829,0.13374090247452444,1.0232350480013126,0.4847161572052402,375.4090000000008,238,216,233,114,120.0,1.0526315789473684,1.150943396226415,0.5350877192982456,120.0,61,53,0,801,211.8799999999983,0.26451935081148353,1.0446122233870547,0.4918851435705368,375.4090000000008,299,269,233
asia_close_breakout,b=0.0,15.0,20.0,-0.04525475474607343,2,687,205.45699999999783,0.2990640465793273,1.0502175449162237,0.519650655021834,417.3110000000006,252,141,294,114,170.0,1.4912280701754386,1.1931818181818181,0.6140350877192983,120.0,70,44,0,801,375.45699999999783,0.46873533083645175,1.075524320510027,0.533083645443196,417.3110000000006,322,185,294
asia_close_breakout,b=0.0,15.0,25.0,-0.10767694892383692,2,687,153.9529999999986,0.22409461426491792,1.0364765154577322,0.529839883551674,429.374,257,95,335,114,259.9200000000001,2.2800000000000007,1.2888000000000002,0.6842105263157895,140.0,77,36,1,801,413.8729999999987,0.5166953807740308,1.0808250039155518,0.5518102372034956,429.374,334,131,336
asia_close_breakout,b=0.0,15.0,30.0,-0.035217625114101314,2,687,225.32999999999743,0.3279912663755421,1.053426093785046,0.537117903930131,440.2390000000005,261,66,360,114,304.9200000000001,2.674736842105264,1.3278709677419356,0.7280701754385965,120.0,82,31,1,801,530.2499999999975,0.6619850187265887,1.1030091292994286,0.5642946317103621,440.2390000000005,343,97,361
asia_close_breakout,b=0.0,15.0,35.0,-0.1796835109197208,2,687,95.45799999999736,0.13894905385734696,1.0219571180874223,0.537117903930131,442.1800000000005,261,48,378,114,446.44000000000005,3.9161403508771935,1.5170241348960023,0.7719298245614035,120.0,87,24,3,801,541.8979999999974,0.6765268414481865,1.103992090507803,0.5705368289637952,442.1800000000005,348,72,381
asia_close_breakout,b=0.0,20.0,15.0,0.0821549202860648,2,687,293.37999999999784,0.4270451237263433,1.0716567315757097,0.462882096069869,387.62600000000157,170,223,294,114,233.73000000000002,2.050263157894737,1.268655172413793,0.49122807017543857,101.26999999999998,55,58,1,801,527.1099999999979,0.658064918851433,1.106181366661818,0.46691635455680397,387.62600000000157,225,281,295
asia_close_breakout,b=0.0,20.0,20.0,0.16774175225609472,2,687,373.6799999999978,0.5439301310043636,1.0875696880646224,0.4963609898107715,434.5280000000014,179,148,360,114,263.73,2.313421052631579,1.26373,0.5614035087719298,116.26999999999998,63,50,1,801,637.4099999999978,0.7957677902621696,1.121014271258327,0.5056179775280899,434.5280000000014,242,198,361
asia_close_breakout,b=0.0,20.0,25.0,0.13485764978765785,2,687,349.63899999999876,0.5089359534206678,1.0797800998235263,0.5065502183406113,432.2310000000007,183,98,406,114,385.24000000000024,3.379298245614037,1.376427824625517,0.631578947368421,115.0,70,40,4,801,734.878999999999,0.9174519350811473,1.1359390700310619,0.5243445692883895,432.2310000000007,253,138,410
asia_close_breakout,b=0.0,20.0,30.0,0.13227490676851117,2,687,355.2929999999976,0.5171659388646254,1.0802876129342205,0.5109170305676856,443.09600000000114,185,69,433,114,446.1540000000009,3.9136315789473763,1.4199112279010944,0.6754385964912281,160.0,75,34,5,801,801.4469999999985,1.000558052434455,1.1460429403750059,0.5343320848938826,443.09600000000114,260,103,438
asia_close_breakout,b=0.0,20.0,35.0,0.025801362690650587,2,687,265.42099999999755,0.3863478893740867,1.0585256194702455,0.512372634643377,445.03700000000117,186,50,451,114,597.6740000000009,5.24275438596492,1.5911851517741284,0.7192982456140351,130.0,80,27,7,801,863.0949999999984,1.0775218476903852,1.155621940530834,0.5418227215980025,445.03700000000117,266,77,458
asia_close_breakout,b=0.0,25.0,15.0,0.013242915933234956,2,687,233.77099999999655,0.34027802037845206,1.055703197135861,0.4497816593886463,375.12500000000114,108,229,350,114,188.73000000000002,1.6555263157894737,1.1906363636363637,0.42105263157894735,135.0,47,66,1,801,422.50099999999657,0.5274669163545526,1.0814581455542749,0.44569288389513106,375.12500000000114,155,295,351
asia_close_breakout,b=0.0,25.0,20.0,-0.004636144178358725,2,687,245.80399999999622,0.35779330422124633,1.05559172904426,0.48034934497816595,422.02700000000095,114,155,418,114,242.25999999999976,2.1250877192982434,1.2125087719298244,0.5,120.0,55,57,2,801,488.063999999996,0.6093183520599201,1.0877561518795056,0.48314606741573035,422.02700000000095,169,212,420
asia_close_breakout,b=0.0,25.0,25.0,-0.0354111605560562,2,687,208.9929999999972,0.3042110625909712,1.04592862101619,0.49053857350800584,419.73000000000025,117,104,466,114,385.0799999999995,3.3778947368421006,1.3271429785064985,0.5701754385964912,175.0,62,46,6,801,594.0729999999967,0.7416641697877612,1.1037231511830574,0.50187265917603,419.73000000000025,179,150,472
asia_close_breakout,b=0.0,25.0,30.0,-0.06773777358126254,2,687,194.64699999999607,0.2833289665211005,1.0421030796179012,0.4949053857350801,430.5950000000007,119,75,493,114,423.00400000000036,3.710561403508775,1.3394388959593515,0.6140350877192983,239.08599999999933,66,40,8,801,617.6509999999964,0.7710998751560505,1.1052343280927233,0.5118601747815231,465.2319999999995,185,115,501
asia_close_breakout,b=0.0,25.0,35.0,-0.13250248750566343,2,687,140.4339999999961,0.20441630276564207,1.0298070292324693,0.4978165938864629,432.53600000000074,120,54,513,114,606.634,5.321350877192983,1.5099195908767673,0.6666666666666666,195.0,71,32,11,801,747.0679999999961,0.9326691635455632,1.1265979846147454,0.5218476903870163,432.53600000000074,191,86,524
asia_close_breakout,b=0.0,30.0,15.0,0.09411181648109046,2,687,260.8459999999959,0.3796885007277961,1.06146555837668,0.44395924308588064,326.48900000000094,75,232,380,114,199.69000000000005,1.7516666666666671,1.1893029472826036,0.37719298245614036,135.0,41,70,3,801,460.53599999999597,0.5749513108614182,1.0869158058333772,0.4344569288389513,326.48900000000094,116,302,383
asia_close_breakout,b=0.0,30.0,20.0,0.050670025039633804,2,687,249.59199999999532,0.3633071324599641,1.0556672330959433,0.4745269286754003,373.39100000000076,78,158,451,114,238.75999999999885,2.0943859649122705,1.1959828281087106,0.4473684210526316,164.72000000000025,47,60,7,801,488.3519999999942,0.6096779026217156,1.085647045123276,0.4706616729088639,427.21000000000004,125,218,458
asia_close_breakout,b=0.0,30.0,25.0,0.10345978823937324,2,687,267.7809999999963,0.3897831149927166,1.0581824368264021,0.4861717612809316,371.09400000000005,82,106,499,114,366.1099999999983,3.2114912280701606,1.286956044645095,0.5087719298245614,219.72000000000025,53,49,12,801,633.8909999999946,0.7913745318351992,1.1078361907749488,0.4893882646691635,438.05000000000064,135,155,511
asia_close_breakout,b=0.0,30.0,30.0,0.059495711995835754,2,687,244.75499999999488,0.35626637554584406,1.052240523047684,0.49053857350800584,381.9590000000005,83,77,527,114,366.70399999999836,3.2167017543859506,1.2672271063125233,0.543859649122807,233.80599999999959,56,43,15,801,611.4589999999932,0.7633695380773948,1.1009439344723444,0.49812734082397003,489.31199999999944,139,120,542
asia_close_breakout,b=0.0,30.0,35.0,-0.04020157979922673,2,687,167.8119999999949,0.2442678311499198,1.0350815064067242,0.49344978165938863,383.90000000000055,83,56,548,114,551.056999999998,4.833833333333316,1.414099415661707,0.5964912280701754,155.0,60,35,19,801,718.8689999999929,0.8974644194756465,1.1175732002011691,0.5081148564294632,468.99599999999964,143,91,567
asia_close_breakout,b=1.0,10.0,15.0,-0.4978616614975647,2,660,-91.47200000000066,-0.1385939393939404,0.9730089879550777,0.556060606060606,457.2340000000013,312,189,159,110,75.0,0.6818181818181818,1.1219512195121952,0.6272727272727273,125.0,69,41,0,770,-16.472000000000662,-0.021392207792208653,0.9958860933371294,0.5662337662337662,457.2340000000013,381,230,159
asia_close_breakout,b=1.0,10.0,20.0,-0.6165323111483088,2,660,-151.72900000000095,-0.22989242424242567,0.9578601842077269,0.5818181818181818,545.9550000000011,326,129,205,110,-10.0,-0.09090909090909091,0.9864864864864865,0.6636363636363637,180.0,73,37,0,770,-161.72900000000095,-0.21003766233766358,0.9627404818079675,0.5935064935064935,545.9550000000011,399,166,205
asia_close_breakout,b=1.0,10.0,25.0,-0.55426763742359,2,660,-66.94900000000212,-0.10143787878788199,0.981485301958632,0.5984848484848485,567.5240000000015,336,82,242,110,15.0,0.13636363636363635,1.0193548387096774,0.7181818181818181,205.0,79,31,0,770,-51.949000000002115,-0.06746623376623652,0.9881691881925537,0.6155844155844156,567.5240000000015,415,113,242
asia_close_breakout,b=1.0,10.0,30.0,-0.5120637893886117,2,660,-21.35300000000234,-0.032353030303033846,0.9940856903231663,0.6045454545454545,567.3200000000015,340,54,266,110,90.32999999999993,0.8211818181818176,1.1204399999999999,0.7727272727272727,180.0,84,25,1,770,68.97699999999759,0.08958051948051635,1.0158189760746497,0.6285714285714286,567.3200000000015,424,79,267
asia_close_breakout,b=1.0,10.0,35.0,-0.6329389247284044,2,660,-128.02400000000262,-0.19397575757576155,0.9655577905913447,0.6045454545454545,582.9940000000015,340,40,280,110,99.98000000000002,0.9089090909090911,1.1314920760176235,0.7909090909090909,180.3499999999999,86,21,3,770,-28.044000000002598,-0.036420779220782594,0.9937365673110182,0.6311688311688312,582.9940000000015,426,61,283
asia_close_breakout,b=1.0,15.0,15.0,-0.25406303117578394,2,660,93.97299999999836,0.14238333333333086,1.025287519633731,0.49696969696969695,457.3440000000014,220,204,236,110,120.0,1.0909090909090908,1.1568627450980393,0.5363636363636364,135.0,59,51,0,770,213.97299999999836,0.27788701298701085,1.0477492428893183,0.5025974025974026,457.3440000000014,279,255,236
asia_close_breakout,b=1.0,15.0,20.0,-0.35626737663905494,2,660,43.61899999999832,0.0660893939393914,1.011000434529647,0.5227272727272727,546.3750000000011,231,140,289,110,110.0,1.0,1.125,0.6,185.0,66,44,0,770,153.61899999999832,0.19950519480519263,1.0317053533522917,0.5337662337662338,546.3750000000011,297,184,289
asia_close_breakout,b=1.0,15.0,25.0,-0.3712683483726848,2,660,43.3319999999967,0.06565454545454046,1.0106843354849773,0.5333333333333333,554.2540000000015,237,92,331,110,132.72000000000025,1.2065454545454568,1.1401064099315938,0.6545454545454545,182.27999999999975,72,37,1,770,176.05199999999695,0.2286389610389571,1.03518972955286,0.5506493506493506,554.2540000000015,309,129,332
asia_close_breakout,b=1.0,15.0,30.0,-0.25232751356770805,2,660,162.53099999999654,0.24625909090908565,1.0404322967806348,0.5424242424242425,554.0500000000015,242,61,357,110,293.0500000000002,2.664090909090911,1.3284282960505673,0.7272727272727273,157.27999999999975,79,29,2,770,455.5809999999967,0.5916636363636321,1.0927464790596133,0.5688311688311688,554.0500000000015,321,90,359
asia_close_breakout,b=1.0,15.0,35.0,-0.40644976864056614,2,660,20.859999999996262,0.03160606060605494,1.0050126132343553,0.5424242424242425,569.7240000000015,242,47,371,110,392.7000000000003,3.5700000000000025,1.460574926990606,0.7636363636363637,167.62999999999965,83,23,4,770,413.55999999999653,0.5370909090909046,1.0824788816887938,0.574025974025974,569.7240000000015,325,70,375
asia_close_breakout,b=1.0,20.0,15.0,0.10542798128732528,2,660,339.17099999999846,0.5138954545454522,1.0885559806768526,0.4772727272727273,402.8860000000011,158,210,292,110,205.0,1.8636363636363635,1.239766081871345,0.4818181818181818,120.0,53,57,0,770,544.1709999999985,0.7067155844155825,1.116151314680114,0.4779220779220779,402.8860000000011,211,267,292
asia_close_breakout,b=1.0,20.0,20.0,-0.04254293569171008,2,660,241.92699999999945,0.3665560606060598,1.0588621004441776,0.5015151515151515,491.9170000000008,164,146,350,110,200.0,1.8181818181818181,1.2,0.5454545454545454,160.0,60,50,0,770,441.92699999999945,0.5739311688311681,1.0864816957282724,0.5077922077922078,491.9170000000008,224,196,350
asia_close_breakout,b=1.0,20.0,25.0,-0.05295855937212374,2,660,256.00299999999766,0.3878833333333298,1.0608856716050863,0.5121212121212121,499.7960000000012,169,95,396,110,289.1700000000001,2.6288181818181826,1.27518247480563,0.6090909090909091,135.0,67,41,2,770,545.1729999999977,0.7080168831168802,1.1037341777089476,0.525974025974026,499.7960000000012,236,136,398
asia_close_breakout,b=1.0,20.0,30.0,0.014054418905279031,2,660,310.9359999999974,0.4711151515151476,1.0737148629557771,0.5181818181818182,499.59200000000124,172,64,424,110,475.41400000000067,4.32194545454546,1.47308829792739,0.6818181818181818,132.27999999999975,74,32,4,770,786.3499999999981,1.0212337662337638,1.1505550346763842,0.5415584415584416,499.59200000000124,246,96,428
asia_close_breakout,b=1.0,20.0,35.0,-0.17471189319775743,2,660,154.26499999999714,0.23373484848484416,1.0352624897080107,0.5181818181818182,515.2660000000012,172,50,438,110,580.0640000000008,5.273309090909097,1.5917414252866071,0.7181818181818181,122.62999999999965,78,26,6,770,734.3289999999979,0.9536740259740233,1.137128881492309,0.5467532467532468,515.2660000000012,250,76,444
asia_close_breakout,b=1.0,25.0,15.0,-0.0517352668813969,2,660,197.02699999999686,0.29852575757575284,1.0500685998290775,0.4636363636363636,414.17600000000107,97,216,347,110,70.0,0.6363636363636364,1.0696517412935322,0.39090909090909093,135.0,43,67,0,770,267.02699999999686,0.3467883116883076,1.0540525057888017,0.45324675324675323,414.17600000000107,140,283,347
asia_close_breakout,b=1.0,25.0,20.0,-0.30023027624849946,2,660,27.902999999997746,0.04227727272726931,1.0065391520686218,0.48484848484848486,503.2070000000008,101,153,406,110,73.52999999999975,0.6684545454545432,1.0623135593220336,0.4636363636363636,150.0,50,59,1,770,101.43299999999749,0.13173116883116556,1.0186215811187924,0.4818181818181818,503.2070000000008,151,212,407
asia_close_breakout,b=1.0,25.0,25.0,-0.340101539462936,2,660,19.008999999995694,0.02880151515150863,1.0043430539695672,0.4954545454545455,511.08600000000115,104,101,455,110,214.0099999999993,1.9455454545454482,1.1740597956926273,0.5363636363636364,175.0,57,48,5,770,233.018999999995,0.3026220779220714,1.0415630795837745,0.5012987012987012,511.08600000000115,161,149,460
asia_close_breakout,b=1.0,25.0,30.0,-0.28212248654523897,2,660,58.94199999999546,0.08930606060605373,1.013334346835993,0.5015151515151515,510.8820000000012,107,70,483,110,382.2640000000001,3.4751272727272737,1.313689576450469,0.6090909090909091,190.0,63,39,8,770,441.2059999999956,0.5729948051947995,1.0782429968859277,0.5168831168831168,510.8820000000012,170,109,491
asia_close_breakout,b=1.0,25.0,35.0,-0.44607325431186723,2,660,-67.90000000000464,-0.10287878787879491,0.985097478730436,0.503030303030303,527.0700000000008,107,54,499,110,508.4639999999995,4.622399999999995,1.425864939746523,0.6545454545454545,160.0,67,32,11,770,440.56399999999485,0.5721610389610323,1.0766167347682656,0.5246753246753246,527.0700000000008,174,86,510
asia_close_breakout,b=1.0,30.0,15.0,0.006376033839616213,2,660,210.29499999999734,0.31862878787878385,1.052808868283816,0.4575757575757576,376.920000000001,68,219,373,110,101.43000000000029,0.9220909090909117,1.0966497055628612,0.35454545454545455,135.0,37,69,4,770,311.72499999999764,0.4048376623376593,1.061952826219465,0.44285714285714284,376.920000000001,105,288,377
asia_close_breakout,b=1.0,30.0,20.0,-0.26277446377992253,2,660,40.06399999999826,0.060703030303027664,1.0092545431320055,0.47878787878787876,465.9510000000007,71,156,433,110,95.23999999999978,0.8658181818181798,1.0768572765861293,0.41818181818181815,180.9300000000003,43,61,6,770,135.30399999999804,0.17571948051947797,1.0242989912355607,0.4701298701298701,465.9510000000007,114,217,439
asia_close_breakout,b=1.0,30.0,25.0,-0.24541474392608642,2,660,65.98999999999592,0.09998484848484229,1.0148997815270697,0.4909090909090909,473.83000000000106,74,103,483,110,225.2499999999991,2.0477272727272644,1.1727152135074408,0.4818181818181818,228.0699999999997,49,50,11,770,291.239999999995,0.37823376623375976,1.050799795014698,0.4896103896103896,473.83000000000106,123,153,494
asia_close_breakout,b=1.0,30.0,30.0,-0.18929667157866836,2,660,102.24299999999539,0.15491363636362937,1.0228100618334421,0.49696969696969695,473.6260000000011,76,72,512,110,371.17399999999907,3.3743090909090823,1.2821358694908571,0.5454545454545454,212.15599999999904,54,41,15,770,473.41699999999446,0.6148272727272656,1.0816524806181484,0.5038961038961038,473.6260000000011,130,113,527
asia_close_breakout,b=1.0,30.0,35.0,-0.3732477394684653,1,660,-34.59900000000471,-0.05242272727273441,0.9925245110219106,0.4984848484848485,489.3000000000011,76,56,528,110,496.64399999999887,4.514945454545444,1.3817589796884693,0.5909090909090909,140.0,57,34,19,770,462.04499999999416,0.600058441558434,1.0779262242080032,0.5116883116883116,489.3000000000011,133,90,547
asia_close_breakout,b=2.0,10.0,15.0,-0.7510434642559677,2,613,-188.53100000000086,-0.3075546492659068,0.9411797740364348,0.5497553017944535,512.7670000000019,284,177,152,108,5.0,0.046296296296296294,1.0077519379844961,0.6018518518518519,125.0,65,43,0,721,-183.53100000000086,-0.2545506241331496,0.9523321733091231,0.5575589459084604,512.7670000000019,349,220,152
asia_close_breakout,b=2.0,10.0,20.0,-1.0732195218451892,1,613,-367.68600000000083,-0.599814029363786,0.8946392338086542,0.5693311582381729,643.108000000002,294,128,191,108,-30.0,-0.2777777777777778,0.9594594594594594,0.6574074074074074,200.0,71,37,0,721,-397.68600000000083,-0.5515755894590858,0.9059795294366303,0.5825242718446602,643.108000000002,365,165,191
asia_close_breakout,b=2.0,10.0,25.0,-0.9132069649193082,1,613,-220.55900000000065,-0.35980261011419357,0.9363723171013153,0.5938009787928222,655.5120000000018,306,81,226,108,-40.0,-0.37037037037037035,0.95,0.7037037037037037,205.0,76,32,0,721,-260.55900000000065,-0.36138557558946,0.9389276673542095,0.6102635228848821,655.5120000000018,382,113,226
asia_close_breakout,b=2.0,10.0,30.0,-0.8606393926578435,1,613,-168.66200000000026,-0.2751419249592174,0.9511761894547492,0.600326264274062,631.6130000000019,310,53,250,108,70.32999999999993,0.6512037037037031,1.0937733333333333,0.7685185185185185,190.0,82,25,1,721,-98.33200000000033,-0.1363828016643555,0.9766126935811438,0.6255201109570042,631.6130000000019,392,78,251
asia_close_breakout,b=2.0,10.0,35.0,-0.9797336453039825,1,613,-257.42300000000023,-0.41993964110929893,0.9273486254481743,0.600326264274062,666.799000000002,310,38,265,108,79.98000000000002,0.7405555555555557,1.1051884000789112,0.7870370370370371,200.3499999999999,84,21,3,721,-177.4430000000002,-0.24610679611650516,0.9587688393987007,0.6282940360610264,666.799000000002,394,59,268
asia_close_breakout,b=2.0,15.0,15.0,-0.4161119681926271,2,613,33.19499999999903,0.05415171288743724,1.0094362176217204,0.4893964110929853,475.5020000000013,207,192,214,108,60.0,0.5555555555555556,1.0769230769230769,0.5185185185185185,120.0,56,52,0,721,93.19499999999903,0.1292579750346727,1.0216842038154612,0.49375866851595007,475.5020000000013,263,244,214
asia_close_breakout,b=2.0,15.0,20.0,-0.7765468202816002,1,613,-183.86500000000115,-0.299942903752041,0.9523899043240731,0.5073409461663948,610.8430000000014,214,140,259,108,115.0,1.0648148148148149,1.1337209302325582,0.6018518518518519,170.0,65,43,0,721,-68.86500000000115,-0.09551317614424569,0.9854158005765061,0.521497919556172,610.8430000000014,279,183,259
asia_close_breakout,b=2.0,15.0,25.0,-0.7079203365185237,1,613,-129.34800000000064,-0.2110081566068526,0.9671576381571428,0.5269168026101142,628.2470000000012,222,93,298,108,100.0,0.9259259259259259,1.105263157894737,0.6481481481481481,185.0,70,38,0,721,-29.34800000000064,-0.040704576976422525,0.9939964610459346,0.5450762829403606,628.2470000000012,292,131,298
asia_close_breakout,b=2.0,15.0,30.0,-0.5015103814366616,2,613,50.89400000000046,0.0830244698205554,1.01324819130457,0.5367047308319739,586.6890000000012,227,59,327,108,284.77999999999975,2.6368518518518496,1.3271265292056742,0.7222222222222222,160.64000000000033,77,28,3,721,335.6740000000002,0.4655672676837728,1.0712361349886073,0.5644937586685159,586.6890000000012,304,87,330
asia_close_breakout,b=2.0,15.0,35.0,-0.6471726570046804,1,613,-67.8669999999995,-0.11071288743882464,0.9828633486703928,0.5367047308319739,607.853000000001,227,44,342,108,389.42999999999984,3.6058333333333317,1.471521976026153,0.7592592592592593,170.99000000000024,81,22,5,721,321.56300000000033,0.4459958391123444,1.0671848602724225,0.5700416088765603,607.853000000001,308,66,347
asia_close_breakout,b=2.0,20.0,15.0,0.04573352856059393,2,613,323.5609999999979,0.5278319738988546,1.089517845690922,0.47471451876019577,395.8810000000017,151,197,265,108,165.0,1.5277777777777777,1.1929824561403508,0.4722222222222222,115.0,51,57,0,721,488.5609999999979,0.67761581137309,1.1093103323290414,0.47434119278779474,395.8810000000017,202,254,265
asia_close_breakout,b=2.0,20.0,20.0,-0.2927173035410964,2,613,115.46999999999821,0.18836867862968712,1.0291329889281013,0.49429037520391517,531.2220000000018,156,144,313,108,240.0,2.2222222222222223,1.25,0.5555555555555556,120.0,60,48,0,721,355.4699999999982,0.4930235783633817,1.0721979353100646,0.5034674063800277,531.2220000000018,216,192,313
asia_close_breakout,b=2.0,20.0,25.0,-0.2489514712558599,2,613,137.12999999999874,0.22370309951060155,1.0336683555268347,0.5106035889070146,548.6260000000016,162,96,355,108,245.52999999999975,2.2734259259259235,1.2328468330061544,0.6018518518518519,135.0,65,42,1,721,382.6599999999985,0.5307350901525638,1.074629922101386,0.5242718446601942,548.6260000000016,227,138,356
asia_close_breakout,b=2.0,20.0,30.0,-0.09875676033572378,2,613,252.14599999999973,0.41133115823817246,1.0626244156886644,0.5171288743882545,507.0680000000016,165,62,386,108,456.22400000000016,4.2242962962962975,1.4635923365978871,0.6759259259259259,135.64000000000033,72,31,5,721,708.3699999999999,0.9824826629680997,1.1413791678832959,0.5409153952843273,507.0680000000016,237,93,391
asia_close_breakout,b=2.0,20.0,35.0,-0.26425370443568874,2,613,118.38499999999976,0.19312398042414317,1.0284573717537298,0.5171288743882545,528.2320000000013,165,47,401,108,565.8740000000003,5.239574074074077,1.5928759418977936,0.7129629629629629,125.99000000000024,76,25,7,721,684.259,0.9490416088765603,1.1337870595545483,0.5464632454923717,528.2320000000013,241,72,408
asia_close_breakout,b=2.0,25.0,15.0,-0.12509613879249415,2,613,177.66299999999774,0.28982544861337317,1.0477528890198158,0.45840130505709625,426.8500000000013,91,203,319,108,23.170000000000073,0.21453703703703772,1.0231276763522754,0.37962962962962965,180.0,41,66,1,721,200.8329999999978,0.27854785020804135,1.0425286767284383,0.44660194174757284,426.8500000000013,132,269,320
asia_close_breakout,b=2.0,25.0,20.0,-0.5633722691616162,2,613,-107.30800000000204,-0.17505383360522356,0.9739632669223717,0.47471451876019577,562.1910000000014,94,151,368,108,121.69999999999982,1.1268518518518502,1.107524981666858,0.4722222222222222,150.0,50,56,2,721,14.391999999997779,0.01996116504854061,1.002739643625512,0.47434119278779474,562.1910000000014,144,207,370
asia_close_breakout,b=2.0,25.0,25.0,-0.5501552585982302,2,613,-104.03800000000183,-0.16971941272430968,0.9754976632366501,0.4910277324632953,579.5950000000012,98,102,413,108,152.22999999999956,1.409537037037033,1.1226375573995002,0.5277777777777778,158.30000000000018,55,49,4,721,48.19199999999773,0.06684049930651557,1.0087823908980371,0.49653259361997226,579.5950000000012,153,151,417
asia_close_breakout,b=2.0,25.0,30.0,-0.4183218008654941,2,613,-4.022000000000844,-0.006561174551388,0.9990490379134065,0.49755301794453505,538.0700000000011,101,68,444,108,312.14400000000023,2.8902222222222242,1.2571783087780934,0.5925925925925926,190.0,60,38,10,721,308.1219999999994,0.42735367545076197,1.0566075346028119,0.5117891816920943,538.0700000000011,161,106,454
asia_close_breakout,b=2.0,25.0,35.0,-0.5538419162462308,2,613,-109.32400000000052,-0.17834257748776594,0.9748323078541643,0.499184339314845,584.2340000000008,101,51,461,108,441.4239999999995,4.0872592592592545,1.3726839383137766,0.6296296296296297,160.0,64,31,13,721,332.099999999999,0.4606102635228835,1.060073053608643,0.5187239944521498,584.2340000000008,165,82,474
asia_close_breakout,b=2.0,30.0,15.0,-0.08812822578762247,2,613,154.52699999999868,0.25208319738988366,1.040852966649711,0.45024469820554647,385.6640000000011,62,207,344,108,60.32000000000062,0.5585185185185243,1.0581846242886086,0.35185185185185186,150.0,35,68,5,721,214.8469999999993,0.2979847434119269,1.0445813177911094,0.435506241331484,385.6640000000011,97,275,349
asia_close_breakout,b=2.0,30.0,20.0,-0.5405404024133842,2,613,-135.4440000000011,-0.2209526916802628,0.9677779580526316,0.466557911908646,521.0050000000012,65,155,393,108,158.4300000000003,1.466944444444447,1.1340219267079488,0.4351851851851852,153.76999999999953,43,58,7,721,22.985999999999194,0.03188072122052593,1.0042680655632505,0.4618585298196949,521.0050000000012,108,213,400
asia_close_breakout,b=2.0,30.0,25.0,-0.5651223306210189,2,613,-161.304000000001,-0.263138662316478,0.9629023659562096,0.4828711256117455,538.409000000001,67,106,440,108,203.96000000000004,1.888518518518519,1.1567006507425535,0.49074074074074076,203.76999999999953,48,51,9,721,42.65599999999904,0.05916227461858397,1.0075501567875298,0.4840499306518724,538.409000000001,115,157,449
asia_close_breakout,b=2.0,30.0,30.0,-0.37574580359748627,2,613,-15.768000000000029,-0.025722675367047355,0.9963512255490112,0.4910277324632953,496.851000000001,70,71,472,108,276.54399999999987,2.560592592592591,1.2085006476439781,0.5370370370370371,242.85599999999886,51,41,16,721,260.77599999999984,0.3616865464632453,1.0461730476502609,0.49791955617198336,496.851000000001,121,112,488
asia_close_breakout,b=2.0,30.0,35.0,-0.5322098380309213,2,613,-136.0699999999997,-0.22197389885807456,0.9694284694261104,0.4926590538336052,534.9450000000006,70,54,489,108,400.0939999999996,3.7045740740740705,1.3049343554363875,0.5740740740740741,168.58599999999842,54,34,20,721,264.0239999999999,0.3661914008321774,1.0458141236615552,0.5048543689320388,534.9450000000006,124,88,509
asia_rejection,ext=0.0,10.0,15.0,-1.2941401079238375,0,683,-712.3260000000007,-1.0429370424597375,0.8171802227173319,0.5329428989751098,954.4450000000013,297,227,159,118,-120.0,-1.0169491525423728,0.8461538461538461,0.559322033898305,195.0,66,52,0,801,-832.3260000000007,-1.0391086142322106,0.8220129507568863,0.5368289637952559,979.4450000000013,363,279,159
asia_rejection,ext=0.0,10.0,20.0,-1.6215755345408505,0,683,-913.9660000000024,-1.3381639824304574,0.7830418849186658,0.5578330893118595,1116.1670000000033,307,165,211,118,-37.840000000000146,-0.32067796610169613,0.9531590413943354,0.652542372881356,197.84000000000015,77,40,1,801,-951.8060000000025,-1.1882721598002528,0.8104152632478417,0.5717852684144819,1116.1670000000033,384,205,212
asia_rejection,ext=0.0,10.0,25.0,-1.6202479156481626,0,683,-950.8150000000026,-1.3921156661786274,0.7796155478453629,0.5695461200585652,1109.9320000000032,313,107,263,118,-132.84000000000015,-1.125762711864408,0.8575961579692122,0.6779661016949152,247.84000000000015,80,37,1,801,-1083.6550000000027,-1.352877652933836,0.7934788678200333,0.5855181023720349,1144.902000000004,393,144,264
asia_rejection,ext=0.0,10.0,30.0,-1.6879808951510689,0,683,-1012.7170000000024,-1.4827481698389493,0.7691945670584842,0.5724743777452416,1141.6390000000033,314,69,300,118,-117.84000000000015,-0.9986440677966114,0.878244337907092,0.7203389830508474,297.84000000000015,85,32,1,801,-1130.5570000000025,-1.4114319600499408,0.788901581748572,0.5942571785268415,1211.1390000000038,399,101,301
asia_rejection,ext=0.0,10.0,35.0,-1.8671656455415926,0,683,-1133.2990000000018,-1.6592957540263569,0.7491776836329493,0.5739385065885798,1259.6190000000015,315,53,315,118,-114.57000000000016,-0.9709322033898319,0.8848044883718591,0.7457627118644068,309.57000000000016,88,28,2,801,-1247.869000000002,-1.5578888888888913,0.7736457953920471,0.599250936329588,1317.869000000002,403,81,317
asia_rejection,ext=0.0,15.0,15.0,-1.4388026161402163,0,683,-787.2059999999999,-1.1525710102489017,0.8197994735034909,0.47584187408491946,1065.0660000000005,196,255,232,118,-210.0,-1.7796610169491525,0.7878787878787878,0.4406779661016949,285.0,52,66,0,801,-997.2059999999999,-1.2449513108614232,0.8139020248203788,0.4706616729088639,1140.0660000000005,248,321,232
asia_rejection,ext=0.0,15.0,20.0,-1.6920778221773691,0,683,-955.0410000000011,-1.3983030746705727,0.7973952727027411,0.5036603221083455,1195.8220000000017,206,182,295,118,-142.84000000000015,-1.2105084745762724,0.8686939255772906,0.5338983050847458,305.0,63,54,1,801,-1097.8810000000012,-1.3706379525593024,0.8107641372615464,0.5081148564294632,1254.786000000002,269,236,296
asia_rejection,ext=0.0,15.0,25.0,-1.6259703328941397,0,683,-945.460000000001,-1.3842752562225489,0.8042158227228176,0.5183016105417276,1134.5240000000017,214,120,349,118,-355.6700000000001,-3.014152542372882,0.7296662536958355,0.5423728813559322,465.6700000000001,64,52,2,801,-1301.130000000001,-1.6243820224719114,0.788253835013653,0.5218476903870163,1392.3240000000023,278,172,351
asia_rejection,ext=0.0,15.0,30.0,-1.7414864925852351,0,683,-1038.4590000000005,-1.5204377745241588,0.7897258228301773,0.5212298682284041,1177.3980000000013,215,80,388,118,-390.6700000000001,-3.3107627118644074,0.7259744541163102,0.5847457627118644,555.6700000000001,69,47,2,801,-1429.1290000000006,-1.7841810237203504,0.7754447685632198,0.5305867665418227,1534.658000000002,284,127,390
asia_rejection,ext=0.0,15.0,35.0,-1.875346593079906,0,683,-1120.811,-1.6410117130307467,0.7780988396829348,0.5241581259150805,1333.7160000000015,217,60,406,118,-478.31999999999925,-4.053559322033892,0.6900707565508128,0.6016949152542372,638.3199999999993,71,42,5,801,-1599.1309999999992,-1.996418227215979,0.7574967771247358,0.5355805243445693,1670.9730000000006,288,102,411
asia_rejection,ext=0.0,20.0,15.0,-1.9149202011655437,0,683,-1065.3300000000008,-1.5597803806735004,0.7720181507218686,0.4363103953147877,1273.3530000000014,124,272,287,118,-230.0,-1.9491525423728813,0.7927927927927928,0.3728813559322034,345.0,44,74,0,801,-1295.3300000000008,-1.6171410736579286,0.7760057632262998,0.42696629213483145,1408.3530000000014,168,346,287
asia_rejection,ext=0.0,20.0,20.0,-1.8778369039515388,0,683,-1082.163000000002,-1.5844260614934145,0.7822367357977654,0.4699853587115666,1295.5360000000023,136,191,356,118,-267.84000000000015,-2.2698305084745773,0.7952043063371665,0.4406779661016949,447.84000000000015,52,65,1,801,-1350.0030000000022,-1.6853970037453212,0.7849384614722886,0.4656679151061174,1479.4600000000032,188,256,357
asia_rejection,ext=0.0,20.0,25.0,-1.752422505379539,0,683,-1023.2020000000018,-1.4980995607613496,0.7989877110065012,0.486090775988287,1214.6780000000024,144,127,412,118,-550.7199999999993,-4.667118644067791,0.6537919935626637,0.4406779661016949,695.7199999999993,52,63,3,801,-1573.9220000000012,-1.9649463171036219,0.7644170019724692,0.4794007490636704,1649.3080000000025,196,190,415
asia_rejection,ext=0.0,20.0,30.0,-1.86321588688452,0,683,-1118.9780000000019,-1.6383279648609106,0.7851228750702106,0.4890190336749634,1264.1220000000021,145,85,453,118,-483.13999999999896,-4.094406779661008,0.7071665818120111,0.5084745762711864,699.8799999999992,58,54,6,801,-1602.1180000000008,-2.000147315855182,0.7663667232721415,0.4918851435705368,1702.3590000000022,203,139,459
asia_rejection,ext=0.0,20.0,35.0,-1.992134821094608,0,683,-1195.6910000000012,-1.7506456808199138,0.7754249528289304,0.49194729136163984,1428.5620000000004,147,64,472,118,-564.0299999999979,-4.77991525423727,0.6814775493147057,0.5254237288135594,790.7699999999982,60,48,10,801,-1759.720999999999,-2.1969051186017468,0.7519775876221705,0.4968789013732834,1842.6929999999993,207,112,482
asia_rejection,ext=0.0,25.0,15.0,-1.9328193090030774,0,683,-1068.7980000000027,-1.5648579795022002,0.775750078365926,0.4260614934114202,1304.772000000003,85,278,320,118,-323.75,-2.7436440677966103,0.7354443309499489,0.3050847457627119,418.75,36,81,1,801,-1392.5480000000027,-1.7385118601747849,0.7675154578109773,0.40823970037453183,1525.4790000000032,121,359,321
asia_rejection,ext=0.0,25.0,20.0,-2.2076157283206705,0,683,-1252.5190000000036,-1.8338491947291415,0.7564063667505659,0.4538799414348463,1490.3780000000042,90,198,395,118,-471.85000000000036,-3.998728813559325,0.6847713531750007,0.3474576271186441,611.8500000000004,41,74,3,801,-1724.369000000004,-2.1527702871410788,0.7402545502966845,0.43820224719101125,1834.185000000005,131,272,398
asia_rejection,ext=0.0,25.0,25.0,-1.8897152962346897,0,683,-1106.214000000003,-1.6196398243045431,0.7879230390079013,0.47291361639824303,1328.9720000000032,97,130,456,118,-785.7799999999997,-6.659152542372879,0.5660544074929037,0.3474576271186441,910.7799999999997,41,71,6,801,-1891.9940000000026,-2.3620399500624254,0.7307489514901139,0.4544319600499376,1947.739000000004,138,201,462
asia_rejection,ext=0.0,25.0,30.0,-2.0223569682713927,0,683,-1208.0900000000029,-1.7687994143484669,0.7739553887041495,0.47584187408491946,1390.1830000000032,98,87,498,118,-728.1999999999994,-6.17118644067796,0.6187314784757639,0.4152542372881356,939.4199999999996,47,62,9,801,-1936.2900000000022,-2.4173408239700405,0.7330880942035854,0.46691635455680397,2016.3700000000035,145,149,507
asia_rejection,ext=0.0,25.0,35.0,-2.1333027577861405,0,683,-1284.8030000000022,-1.8811171303074703,0.7651693260825021,0.4787701317715959,1535.0380000000027,100,66,517,118,-758.2999999999984,-6.4262711864406645,0.6236799269493415,0.4406779661016949,954.5199999999986,50,54,14,801,-2043.1030000000005,-2.5506903870162305,0.7270851586292644,0.4731585518102372,2087.445000000002,150,120,531
asia_rejection,ext=0.0,30.0,15.0,-1.9398676020971015,0,683,-1081.9200000000014,-1.5840702781844824,0.7744765258979289,0.4216691068814056,1308.8250000000019,57,280,346,118,-470.98,-3.99135593220339,0.6455465663217309,0.2457627118644068,530.98,28,88,2,801,-1552.9000000000015,-1.9387016229712877,0.7465117410329077,0.39575530586766544,1671.7620000000022,85,368,348
asia_rejection,ext=0.0,30.0,20.0,-2.185086446356662,0,683,-1250.6410000000024,-1.8310995607613505,0.7587082885403889,0.4494875549048316,1484.4310000000032,62,200,421,118,-695.6799999999998,-5.895593220338982,0.580118900322902,0.2796610169491525,809.0800000000004,31,82,5,801,-1946.3210000000022,-2.4298639200998777,0.7154483989521571,0.42446941323345816,2057.0680000000034,93,282,426
asia_rejection,ext=0.0,30.0,25.0,-1.9368053793278501,0,683,-1140.048000000002,-1.6691771595900469,0.7842569867987864,0.4670571010248902,1358.7370000000026,67,132,484,118,-1039.5899999999997,-8.81008474576271,0.4804024470701136,0.2796610169491525,1132.9900000000002,31,78,9,801,-2179.6380000000017,-2.7211460674157326,0.7008065974042444,0.4394506866416979,2236.314000000003,98,210,493
asia_rejection,ext=0.0,30.0,30.0,-1.9733118783781327,0,683,-1186.924000000002,-1.737809663250369,0.7799003313018085,0.47144948755490484,1419.8480000000013,69,88,526,118,-1022.4999999999991,-8.665254237288128,0.5222877859849285,0.3389830508474576,1187.12,36,69,13,801,-2209.424000000001,-2.7583320848938837,0.7067036095215287,0.4519350811485643,2300.335000000001,105,157,539
asia_rejection,ext=0.0,30.0,35.0,-2.0881033495280565,0,683,-1258.6370000000013,-1.8428067349926813,0.7721667901496256,0.4743777452415813,1591.7540000000008,71,67,545,118,-1083.469999999998,-9.181949152542355,0.5224669331699648,0.3644067796610169,1239.7099999999987,38,60,20,801,-2342.106999999999,-2.9239787765293372,0.6994705302742663,0.4581772784019975,2414.331,109,127,565
prevday_breakout,b=0.0,10.0,15.0,-0.40598526151893183,1,562,-130.83499999999958,-0.2328024911032021,0.9539407607105732,0.5587188612099644,318.222000000002,250,160,152,117,-205.0,-1.7521367521367521,0.7515151515151515,0.5299145299145299,255.0,62,55,0,679,-335.8349999999996,-0.4946023564064795,0.9083815089613354,0.5537555228276878,355.8349999999996,312,215,152
prevday_breakout,b=0.0,10.0,20.0,-0.1495003371821022,1,562,46.14400000000205,0.08210676156583994,1.0163285526739498,0.594306049822064,281.21700000000146,265,98,199,117,-240.0,-2.051282051282051,0.7446808510638298,0.5982905982905983,290.0,70,47,0,679,-193.85599999999795,-0.2855022091310721,0.9485242845800689,0.5949926362297496,290.0,335,145,199
prevday_breakout,b=0.0,10.0,25.0,-0.39925365130997414,1,562,-100.26899999999819,-0.17841459074732774,0.9666240934042073,0.6014234875444839,372.14100000000076,268,70,224,117,-251.11000000000058,-2.1462393162393214,0.7516491776364586,0.6495726495726496,306.1100000000006,76,40,1,679,-351.37899999999877,-0.5174948453608229,0.9124909129805352,0.6097201767304861,384.5539999999985,344,110,225
prevday_breakout,b=0.0,10.0,30.0,-0.6728712158030665,1,562,-277.6499999999987,-0.49403914590747106,0.9127329713786779,0.6014234875444839,463.96700000000055,268,52,242,117,-203.63000000000056,-1.7404273504273553,0.8010706993737967,0.7008547008547008,263.63000000000056,82,33,2,679,-481.2799999999993,-0.7088070692194393,0.8855524197882455,0.6185567010309279,524.454999999999,350,85,244
prevday_breakout,b=0.0,10.0,35.0,-0.6649028555493277,1,562,-225.39399999999887,-0.40105693950177734,0.92853281315843,0.6067615658362989,496.14100000000053,270,39,253,117,-290.5500000000011,-2.4833333333333427,0.7383728783035426,0.7008547008547008,350.5500000000011,82,29,6,679,-515.944,-0.7598586156111928,0.879010243269742,0.6229749631811488,559.1189999999997,352,68,259
prevday_breakout,b=0.0,15.0,15.0,-0.13368283235344208,2,562,84.63699999999994,0.15059964412811377,1.0270859548713565,0.5106761565836299,260.0570000000023,184,176,202,117,-206.88699999999972,-1.768264957264955,0.7878082051282054,0.4444444444444444,281.8869999999997,51,65,1,679,-122.24999999999977,-0.18004418262150187,0.9701811522441824,0.4992636229749632,281.8869999999997,235,241,203
prevday_breakout,b=0.0,15.0,20.0,0.15083925950882476,2,562,281.8720000000021,0.5015516014234913,1.0899671119826784,0.5480427046263345,244.52200000000175,194,109,259,117,-193.69700000000012,-1.6555299145299156,0.823911818181818,0.5299145299145299,268.6970000000001,60,55,2,679,88.175000000002,0.12986008836524596,1.0208301047753685,0.5449189985272459,268.6970000000001,254,164,261
prevday_breakout,b=0.0,15.0,25.0,-0.13018081215989838,2,562,112.77900000000204,0.20067437722420292,1.0337991673906775,0.5551601423487544,321.669000000001,196,78,288,117,-214.8070000000007,-1.8359572649572709,0.8226362592993199,0.5811965811965812,289.8070000000007,66,48,3,679,-102.02799999999866,-0.15026215022091113,0.9775656579626986,0.5596465390279823,321.669000000001,262,126,291
prevday_breakout,b=0.0,15.0,30.0,-0.4068569180159784,1,562,-59.6019999999985,-0.10605338078291547,0.9830874090553106,0.5569395017793595,418.4950000000008,197,59,306,117,-132.32700000000068,-1.1310000000000058,0.8927336397461146,0.6410256410256411,251.88699999999972,73,40,4,679,-191.92899999999918,-0.282664212076582,0.9596597130996797,0.5714285714285714,418.4950000000008,270,99,310
prevday_breakout,b=0.0,15.0,35.0,-0.398772137285114,1,562,-11.765999999999167,-0.020935943060496738,0.996648566953321,0.5622775800711743,444.7359999999999,199,44,319,117,-204.2470000000012,-1.745700854700865,0.8453318692968831,0.6495726495726496,328.4969999999994,74,35,8,679,-216.01300000000037,-0.3181340206185573,0.9552887253437852,0.5773195876288659,444.7359999999999,273,79,327
prevday_breakout,b=0.0,20.0,15.0,0.3504269024678267,2,562,396.7269999999992,0.7059199288256213,1.1219193039486932,0.49110320284697506,189.18800000000033,144,184,234,117,-279.6369999999997,-2.3900598290598265,0.748074774774775,0.36752136752136755,319.6369999999997,41,74,2,679,117.08999999999946,0.17244477172312145,1.0268308091657836,0.4698085419734904,394.41699999999946,185,258,236
prevday_breakout,b=0.0,20.0,20.0,0.6108071568907564,2,562,551.8080000000018,0.9818647686832772,1.1674542079467074,0.5266903914590747,201.08300000000008,150,116,296,117,-226.44700000000012,-1.9354444444444454,0.8202801587301587,0.46153846153846156,266.4470000000001,51,63,3,679,325.3610000000017,0.47917673048601134,1.07142507469908,0.5154639175257731,345.08699999999953,201,179,299
prevday_breakout,b=0.0,20.0,25.0,0.31579711693853285,2,562,361.578000000002,0.6433772241992919,1.1027619815511702,0.5338078291814946,248.2570000000003,151,84,327,117,-238.25700000000052,-2.0363846153846197,0.828814996299782,0.5128205128205128,278.2570000000005,57,55,5,679,123.3210000000015,0.18162150220913328,1.02511421151037,0.5301914580265096,339.15700000000015,208,139,332
prevday_breakout,b=0.0,20.0,30.0,-0.016247032665373973,2,562,134.3070000000016,0.2389804270462662,1.0358547071066042,0.5338078291814946,312.33299999999986,151,64,347,117,-93.10700000000043,-0.7957863247863284,0.9338098758761887,0.5811965811965812,219.8499999999999,65,45,7,679,41.20000000000118,0.060677466863035615,1.0079960749364199,0.5419734904270986,312.33299999999986,216,109,354
prevday_breakout,b=0.0,20.0,35.0,0.07007855081283426,2,562,257.6860000000015,0.45851601423487814,1.0702299563253324,0.5409252669039146,330.15900000000056,153,46,363,117,-185.02700000000095,-1.5814273504273586,0.8781578843393164,0.5897435897435898,263.4969999999994,66,40,11,679,72.65900000000056,0.10700883652430127,1.0140058657357567,0.5493372606774669,330.15900000000056,219,86,374
prevday_breakout,b=0.0,25.0,15.0,0.2225644581881781,2,562,292.7629999999988,0.5209306049822042,1.08692919156027,0.4750889679715303,219.25400000000195,91,191,280,117,-234.63699999999972,-2.005444444444442,0.7994555555555558,0.3333333333333333,284.6369999999997,37,78,2,679,58.12599999999907,0.0856053019145789,1.0128091976941413,0.45066273932253315,399.41699999999946,128,269,282
prevday_breakout,b=0.0,25.0,20.0,0.48241162520133696,2,562,455.04400000000123,0.8096868327402157,1.1325925574106688,0.5106761565836299,214.8980000000006,97,122,343,117,-241.44700000000012,-2.063649572649574,0.8250384057971014,0.41025641025641024,291.4470000000001,45,69,3,679,213.59700000000112,0.3145758468335804,1.0443893541362173,0.49337260677466865,400.08699999999953,142,191,346
prevday_breakout,b=0.0,25.0,25.0,0.2610104522195598,2,562,332.67400000000157,0.5919466192170847,1.0915142067172336,0.5213523131672598,269.3290000000004,99,88,375,117,-306.34700000000066,-2.618350427350433,0.8021154827499334,0.452991452991453,356.34700000000066,49,61,7,679,26.327000000000908,0.038773195876289995,1.0050791701931985,0.5095729013254786,434.38700000000017,148,149,382
prevday_breakout,b=0.0,25.0,30.0,-0.03447532900617786,2,562,140.40300000000116,0.24982740213523338,1.0364447598538922,0.5231316725978647,323.1379999999999,100,67,395,117,-232.53700000000072,-1.9874957264957327,0.8568386381826013,0.5042735042735043,327.5370000000007,55,52,10,679,-92.13399999999956,-0.1356907216494839,0.9831773660035774,0.5198821796759941,396.8870000000006,155,119,405
prevday_breakout,b=0.0,25.0,35.0,0.10544405570862325,2,562,302.90200000000095,0.538971530249112,1.0806492367128666,0.5320284697508897,358.9740000000006,102,48,412,117,-256.3770000000013,-2.1912564102564214,0.8492981507388808,0.5299145299145299,358.4969999999994,57,45,15,679,46.524999999999636,0.06851988217967546,1.0085257233121037,0.5316642120765832,412.3039999999987,159,93,427
prevday_breakout,b=0.0,30.0,15.0,0.32928383563465985,2,562,369.6559999999986,0.6577508896797127,1.1092015550592598,0.4697508896797153,223.09800000000018,63,192,307,117,-319.6369999999997,-2.7319401709401685,0.7463198412698415,0.28205128205128205,394.6369999999997,31,84,2,679,50.01899999999887,0.07366568483063161,1.0107681676095996,0.4374079528718704,469.41699999999946,94,276,309
prevday_breakout,b=0.0,30.0,20.0,0.6170470040954319,2,562,553.5970000000009,0.9850480427046279,1.1602703882640681,0.505338078291815,227.73600000000033,68,123,371,117,-316.4470000000001,-2.704675213675215,0.7890353333333333,0.358974358974359,376.4470000000001,39,75,3,679,237.15000000000077,0.3492636229749643,1.047869016322497,0.4801178203240059,435.08699999999953,107,198,374
prevday_breakout,b=0.0,30.0,25.0,0.40261306038556527,2,562,437.32700000000114,0.7781619217081871,1.119443737361268,0.5160142348754448,282.16700000000014,70,88,404,117,-382.697000000001,-3.270914529914539,0.7734796917358204,0.4017094017094017,442.697000000001,43,66,8,679,54.63000000000011,0.08045655375552299,1.0102096424774951,0.4963181148748159,478.59700000000066,113,154,412
prevday_breakout,b=0.0,30.0,30.0,0.11319296933158718,2,562,250.05600000000072,0.4449395017793607,1.06447010352869,0.5177935943060499,310.17300000000046,71,67,424,117,-261.7670000000012,-2.2373247863247965,0.8513236588759827,0.46153846153846156,363.8870000000011,49,56,12,679,-11.711000000000467,-0.01724742268041306,0.9979233182930105,0.508100147275405,363.8870000000011,120,123,436
prevday_breakout,b=0.0,30.0,35.0,0.24344124751899088,2,562,404.8250000000005,0.7203291814946629,1.1070415675332939,0.5266903914590747,355.17300000000046,72,48,442,117,-230.6070000000018,-1.9710000000000154,0.8734715264708617,0.49572649572649574,327.7270000000017,52,48,17,679,174.2179999999987,0.2565802650957271,1.0310853112634961,0.5213549337260678,355.17300000000046,124,96,459
prevday_breakout,b=2.0,10.0,15.0,-0.4556104197009577,2,513,-126.08199999999943,-0.24577387914229906,0.9510905342211483,0.557504873294347,296.53600000000006,229,145,139,111,-115.0,-1.0360360360360361,0.8435374149659864,0.5585585585585585,165.0,62,49,0,624,-241.08199999999943,-0.38634935897435807,0.9272285468921917,0.5576923076923077,296.53600000000006,291,194,139
prevday_breakout,b=2.0,10.0,20.0,-0.27124825082429416,2,513,-10.066999999998643,-0.01962378167641061,0.9961638095615537,0.5964912280701754,277.2130000000002,244,96,173,111,-90.0,-0.8108108108108109,0.8875,0.6396396396396397,160.0,71,40,0,624,-100.06699999999864,-0.16036378205127988,0.9707766853629066,0.6041666666666666,277.2130000000002,315,136,173
prevday_breakout,b=2.0,10.0,25.0,-0.2565918168413151,2,513,7.35700000000179,0.014341130604291989,1.002760140524431,0.6101364522417154,299.39599999999973,249,61,203,111,-220.0,-1.981981981981982,0.7684210526315789,0.6576576576576577,265.0,73,38,0,624,-212.6429999999982,-0.3407740384615356,0.9411848171344935,0.6185897435897436,299.39599999999973,322,99,203
prevday_breakout,b=2.0,10.0,30.0,-0.4140637457130177,2,513,-78.85999999999876,-0.1537231968810892,0.9714447211297843,0.6120857699805068,344.2959999999998,250,44,219,111,-130.0,-1.1711711711711712,0.8602150537634409,0.7207207207207207,180.0,80,31,0,624,-208.85999999999876,-0.3347115384615365,0.9434238409214717,0.6314102564102564,344.2959999999998,330,75,219
prevday_breakout,b=2.0,10.0,35.0,-0.5272842129888882,2,513,-130.8539999999989,-0.25507602339181074,0.9536579362563773,0.6140350877192983,360.68299999999954,251,35,227,111,-196.70000000000073,-1.7720720720720786,0.8026487408447872,0.7207207207207207,246.70000000000073,80,26,5,624,-327.55399999999963,-0.5249262820512814,0.9142608474866866,0.6330128205128205,360.68299999999954,331,61,232
prevday_breakout,b=2.0,15.0,15.0,-0.005130251717381462,2,513,181.17200000000025,0.3531617933723202,1.064509329305506,0.5165692007797271,265.97500000000036,175,158,180,111,-116.88699999999972,-1.0530360360360336,0.8679242937853111,0.46846846846846846,225.0,51,59,1,624,64.28500000000054,0.1030208333333342,1.0174050795703327,0.5080128205128205,265.97500000000036,226,217,181
prevday_breakout,b=2.0,15.0,20.0,0.16523152289829834,2,513,268.72200000000134,0.5238245614035114,1.0931583288063782,0.5516569200779727,261.22400000000016,183,106,224,111,-73.69700000000012,-0.663936936936938,0.9247989795918367,0.5585585585585585,195.0,60,49,2,624,195.02500000000123,0.3125400641025661,1.050464824962551,0.5528846153846154,261.22400000000016,243,155,226
prevday_breakout,b=2.0,15.0,25.0,0.09197256624783873,2,513,227.35500000000206,0.443187134502928,1.0763041223792542,0.5614035087719298,273.16399999999976,186,69,258,111,-238.69700000000012,-2.1504234234234243,0.7968536170212766,0.5765765765765766,298.6970000000001,62,47,2,624,-11.341999999998052,-0.01817628205127893,0.997270007389418,0.5641025641025641,307.054000000001,248,116,260
prevday_breakout,b=2.0,15.0,30.0,-0.0589126649280281,2,513,151.1380000000015,0.29461598440546105,1.0489784357868142,0.5653021442495126,304.62999999999965,188,51,274,111,-103.76700000000028,-0.9348378378378404,0.9105510874343787,0.6486486486486487,230.07000000000016,70,38,3,624,47.37100000000123,0.07591506410256607,1.0111569411925971,0.5801282051282052,304.62999999999965,258,89,277
prevday_breakout,b=2.0,15.0,35.0,-0.16596883420663408,2,513,99.42400000000066,0.19380896686159974,1.0315379342437372,0.5672514619883041,339.62999999999965,189,39,285,111,-155.467000000001,-1.4006036036036127,0.8732712733438208,0.6576576576576577,258.4969999999994,71,32,8,624,-56.04300000000035,-0.08981250000000056,0.987202722997855,0.5833333333333334,339.62999999999965,260,71,293
prevday_breakout,b=2.0,20.0,15.0,0.23211676494736805,2,513,315.3089999999993,0.6146374269005834,1.1069350831343123,0.49317738791423,227.06800000000044,126,166,221,111,-150.19699999999966,-1.3531261261261232,0.8498870632445834,0.3963963963963964,203.30999999999995,42,66,3,624,165.11199999999963,0.2646025641025635,1.041809376267674,0.47596153846153844,262.30700000000024,168,232,224
prevday_breakout,b=2.0,20.0,20.0,0.3974857889642515,2,513,391.5980000000004,0.7633489278752444,1.127776401901255,0.5282651072124757,217.39200000000005,133,114,266,111,-57.00700000000006,-0.5135765765765772,0.9486682394467655,0.4954954954954955,190.55999999999995,52,55,4,624,334.59100000000035,0.5362035256410262,1.0801363168348515,0.5224358974358975,217.39200000000005,185,169,270
prevday_breakout,b=2.0,20.0,25.0,0.25520309450278844,2,513,300.2240000000015,0.5852319688109191,1.0940187026518862,0.5360623781676414,245.81699999999955,134,76,303,111,-222.70699999999988,-2.0063693693693683,0.8308031847811224,0.5135135135135135,265.55999999999995,54,52,5,624,77.51700000000164,0.12422596153846417,1.0171897220466055,0.532051282051282,381.06400000000076,188,128,308
prevday_breakout,b=2.0,20.0,30.0,0.022467944615085556,2,513,163.22700000000123,0.31818128654971,1.048721074408534,0.5380116959064327,267.28299999999945,135,58,320,111,-22.777000000000044,-0.2051981981981986,0.9824296282582367,0.5945945945945946,230.6300000000001,63,42,6,624,140.45000000000118,0.2250801282051301,1.03022663628436,0.5480769230769231,314.6140000000014,198,100,326
prevday_breakout,b=2.0,20.0,35.0,-0.0027858745377501437,2,513,170.61900000000014,0.3325906432748541,1.0507245428907628,0.5419103313840156,295.79799999999955,136,43,334,111,-89.47700000000077,-0.806099099099106,0.9353036448956272,0.6036036036036037,224.58000000000084,64,36,11,624,81.14199999999937,0.1300352564102554,1.017094517670079,0.5528846153846154,300.50800000000163,200,79,345
prevday_breakout,b=2.0,25.0,15.0,0.26938641138436453,2,513,325.3359999999991,0.6341832358674446,1.1064794040955175,0.4775828460038986,245.4590000000003,88,173,252,111,-180.19699999999966,-1.6233963963963933,0.8347665419600941,0.34234234234234234,222.75,36,72,3,624,145.13899999999944,0.2325945512820504,1.0350074253204753,0.453525641025641,311.7470000000003,124,245,255
prevday_breakout,b=2.0,25.0,20.0,0.4341643307974248,2,513,419.9340000000004,0.8185847953216383,1.131715446157398,0.5126705653021443,230.7829999999999,95,119,299,111,-112.00700000000006,-1.0090720720720727,0.9104345253326509,0.43243243243243246,185.12000000000035,45,62,4,624,307.92700000000036,0.493472756410257,1.069372442833581,0.4983974358974359,250.36400000000094,140,181,303
prevday_breakout,b=2.0,25.0,25.0,0.3905585851573529,2,513,401.5000000000016,0.7826510721247595,1.1219758569829283,0.5243664717348928,242.7229999999995,97,78,338,111,-302.7069999999999,-2.727090090090089,0.7970125933774125,0.45045045045045046,327.7069999999999,47,59,5,624,98.79300000000171,0.15832211538461813,1.020655481669575,0.5112179487179487,438.20400000000063,144,137,343
prevday_breakout,b=2.0,25.0,30.0,0.14329016768283576,2,513,259.5030000000013,0.5058538011695931,1.0750305323029454,0.5263157894736842,274.1889999999994,98,60,355,111,-174.1170000000002,-1.5686216216216233,0.8867656909479926,0.5135135135135135,244.1170000000002,54,50,7,624,85.3860000000011,0.13683653846154023,1.0170898396454018,0.5240384615384616,378.98400000000174,152,110,362
prevday_breakout,b=2.0,25.0,35.0,0.19091656933340695,2,513,306.0150000000001,0.5965204678362575,1.0887762703957835,0.5321637426900585,309.1889999999994,99,44,370,111,-177.737000000001,-1.6012342342342432,0.8885221121822406,0.5405405405405406,291.8869999999997,56,42,13,624,128.2779999999991,0.2055737179487165,1.0254448858116165,0.5336538461538461,357.6480000000015,155,86,383
prevday_breakout,b=2.0,30.0,15.0,0.317428136956367,2,513,352.7429999999995,0.6876081871345019,1.1148014278293945,0.47173489278752434,239.83600000000047,58,174,281,111,-225.19699999999966,-2.028801801801799,0.8067907272040911,0.2972972972972973,292.75,31,77,3,624,127.54599999999982,0.20440064102564073,1.0300944080924996,0.4407051282051282,351.7470000000003,89,251,284
prevday_breakout,b=2.0,30.0,20.0,0.47986579193542633,2,513,447.49400000000105,0.8723079922027311,1.1393872113400108,0.50682261208577,228.21699999999987,62,120,331,111,-163.06699999999955,-1.469072072072068,0.879259714488805,0.38738738738738737,246.17999999999984,39,67,5,624,284.4270000000015,0.4558125000000024,1.0623606938656849,0.4855769230769231,256.42400000000043,101,187,336
prevday_breakout,b=2.0,30.0,25.0,0.4447003426660934,2,513,434.0600000000022,0.8461208576998094,1.1307850053120305,0.5185185185185185,240.15699999999947,64,79,370,111,-362.6669999999999,-3.2672702702702696,0.7747633775525414,0.40540540540540543,395.7800000000002,41,63,7,624,71.3930000000023,0.11441185897436267,1.0144841533101163,0.4983974358974359,461.0240000000008,105,142,377
prevday_breakout,b=2.0,30.0,30.0,0.25888065205725475,2,513,327.963000000002,0.6393040935672554,1.094762920055859,0.5224171539961013,271.62299999999937,65,60,388,111,-176.95700000000033,-1.5942072072072102,0.8925299258458491,0.4774774774774775,252.1900000000005,48,53,10,624,151.00600000000168,0.24199679487179757,1.0295658360954756,0.5144230769230769,298.9440000000018,113,113,398
prevday_breakout,b=2.0,30.0,35.0,0.30648593365139554,2,513,379.4750000000008,0.7397173489278769,1.1100156177385272,0.5282651072124757,306.62299999999937,66,44,403,111,-120.57700000000114,-1.0862792792792895,0.9283674039221271,0.5135135135135135,266.8869999999997,51,44,16,624,258.8979999999997,0.4149006410256405,1.0504423432159393,0.5256410256410257,306.62299999999937,117,88,419
prevday_breakout,b=5.0,10.0,15.0,-0.22468164816342956,1,435,-1.0879999999999654,-0.002501149425287277,0.9994926899323665,0.5563218390804597,264.8099999999997,206,114,115,105,-75.0,-0.7142857142857143,0.8888888888888888,0.5714285714285714,160.0,60,45,0,540,-76.08799999999997,-0.14090370370370364,0.9730150426738119,0.5592592592592592,264.8099999999997,266,159,115
prevday_breakout,b=5.0,10.0,20.0,-0.5367769629351737,2,435,-130.6879999999992,-0.3004321839080441,0.9442699849041802,0.5816091954022988,295.24499999999944,212,88,135,105,-60.0,-0.5714285714285714,0.918918918918919,0.6476190476190476,140.0,68,37,0,540,-190.6879999999992,-0.35312592592592446,0.9381890555004508,0.5944444444444444,295.24499999999944,280,125,135
prevday_breakout,b=5.0,10.0,25.0,-0.1410780259870587,2,435,49.88200000000097,0.11467126436781833,1.022238073372001,0.6022988505747127,208.92199999999934,219,54,162,105,-105.0,-1.0,0.8727272727272727,0.6857142857142857,215.0,72,33,0,540,-55.11799999999903,-0.10207037037036858,0.9820350771978662,0.6185185185185185,215.0,291,87,162
prevday_breakout,b=5.0,10.0,30.0,-0.04332171471009455,2,435,118.76800000000071,0.2730298850574729,1.0538824900054626,0.6091954022988506,244.14999999999986,222,34,179,105,-30.0,-0.2857142857142857,0.9629629629629629,0.7428571428571429,160.0,78,27,0,540,88.76800000000071,0.1643851851851865,1.029449897883488,0.6351851851851852,244.14999999999986,300,61,179
prevday_breakout,b=5.0,10.0,35.0,-0.18959295639749474,2,435,49.65100000000007,0.11414022988505762,1.0218407343265647,0.6091954022988506,244.01299999999947,222,28,185,105,-78.65000000000055,-0.7490476190476243,0.908402725208175,0.7428571428571429,201.60999999999967,78,22,5,540,-28.99900000000048,-0.053701851851852736,0.9907409742938232,0.6351851851851852,273.7500000000009,300,50,190
prevday_breakout,b=5.0,15.0,15.0,0.17567573321042879,2,435,233.20099999999934,0.5360942528735617,1.0984494281556554,0.5126436781609195,263.74599999999987,154,126,155,105,-86.88699999999972,-0.8274952380952354,0.8946824242424246,0.47619047619047616,180.0,49,55,1,540,146.31399999999962,0.27095185185185117,1.0458127605292729,0.5055555555555555,263.74599999999987,203,181,156
prevday_breakout,b=5.0,15.0,20.0,-0.22211148288329302,2,435,62.88799999999969,0.14457011494252803,1.0240742286163595,0.5379310344827586,303.153,157,98,180,105,-58.697000000000116,-0.5590190476190487,0.9361989130434781,0.5619047619047619,176.8100000000004,57,46,2,540,4.190999999999576,0.007761111111110326,1.0011864945159663,0.5425925925925926,303.153,214,144,182
prevday_breakout,b=5.0,15.0,25.0,0.11153878822624769,2,435,218.04800000000046,0.5012597701149436,1.0856469279553667,0.5563218390804597,214.25799999999958,162,62,211,105,-88.69700000000012,-0.8447333333333344,0.9134663414634145,0.6095238095238096,226.8100000000004,62,41,2,540,129.35100000000034,0.23953888888888952,1.03622370196371,0.5666666666666667,226.8100000000004,224,103,213
prevday_breakout,b=5.0,15.0,30.0,0.04093366548095023,2,435,188.7539999999999,0.43391724137931015,1.072872702676408,0.5586206896551724,247.846,163,43,229,105,21.302999999999884,0.20288571428571317,1.020885294117647,0.6761904761904762,180.0,69,34,2,540,210.0569999999998,0.38899444444444403,1.0581845045188782,0.5814814814814815,247.846,232,77,231
prevday_breakout,b=5.0,15.0,35.0,-0.17354826149967692,2,435,101.42699999999877,0.2331655172413765,1.0378810202743958,0.5586206896551724,249.3489999999997,163,34,238,105,0.4729999999995016,0.0045047619047571584,1.000447988786073,0.6857142857142857,196.60999999999967,70,27,8,540,101.89999999999827,0.18870370370370051,1.0272945575616501,0.5833333333333334,275.6370000000006,233,61,246
prevday_breakout,b=5.0,20.0,15.0,0.30211351157393135,2,435,331.4379999999976,0.7619264367816037,1.1328569097915209,0.48735632183908045,277.64599999999973,109,133,193,105,-61.03699999999981,-0.5813047619047601,0.9330294053105115,0.41904761904761906,172.75,42,60,3,540,270.4009999999978,0.5007425925925885,1.079387299077331,0.4740740740740741,277.64599999999973,151,193,196
prevday_breakout,b=5.0,20.0,20.0,-0.08087110915422091,2,435,158.73499999999763,0.36490804597700605,1.0576044308253283,0.5126436781609195,309.9910000000002,112,104,219,105,-97.84700000000021,-0.9318761904761924,0.9086736979652789,0.4857142857142857,180.9600000000005,48,53,4,540,60.88799999999742,0.11275555555555078,1.0159100957302363,0.5074074074074074,309.9910000000002,160,157,223
prevday_breakout,b=5.0,20.0,25.0,0.3229480331555579,2,435,335.16799999999853,0.770501149425284,1.124460307964697,0.5310344827586206,221.25399999999945,117,66,252,105,-118.54700000000003,-1.1290190476190478,0.900556161395856,0.5333333333333333,216.4000000000001,53,47,5,540,216.6209999999985,0.40114999999999723,1.0557572821706471,0.5314814814814814,258.13700000000017,170,113,257
prevday_breakout,b=5.0,20.0,30.0,0.24176244284240395,2,435,305.09399999999823,0.7013655172413752,1.111224569775559,0.5333333333333333,254.6840000000002,118,46,271,105,46.452999999999975,0.4424095238095236,1.03913149692528,0.6095238095238096,181.4000000000001,61,39,5,540,351.5469999999982,0.6510129629629596,1.0894488625737722,0.5481481481481482,254.6840000000002,179,85,276
prevday_breakout,b=5.0,20.0,35.0,0.183376668353059,2,435,288.7769999999973,0.6638551724137869,1.1039004634876628,0.535632183908046,261.3630000000003,119,35,281,105,5.6229999999995925,0.05355238095237707,1.0045058617069864,0.6190476190476191,211.60999999999967,62,32,11,540,294.3999999999969,0.5451851851851794,1.0731012303056238,0.5518518518518518,270.40700000000015,181,67,292
prevday_breakout,b=5.0,25.0,15.0,0.47761209610461636,2,435,377.1609999999996,0.8670367816091945,1.1456445573233536,0.47126436781609193,270.36099999999965,77,139,219,105,-171.0369999999998,-1.6289238095238077,0.8341700601124686,0.34285714285714286,272.75,34,68,3,540,206.1239999999998,0.3817111111111107,1.0569246221829942,0.4462962962962963,355.9369999999999,111,207,222
prevday_breakout,b=5.0,25.0,20.0,0.04481183424553248,2,435,190.57400000000007,0.4381011494252875,1.0663254119453536,0.496551724137931,284.35699999999974,79,109,247,105,-262.8470000000002,-2.5033047619047637,0.7899576474348728,0.4,355.9600000000005,39,62,4,540,-72.27300000000014,-0.13383888888888915,0.9824780748647544,0.4777777777777778,494.1470000000004,118,171,251
prevday_breakout,b=5.0,25.0,25.0,0.46805123950815686,2,435,407.6800000000012,0.9371954022988533,1.1450464922252055,0.5172413793103449,224.27399999999943,83,70,282,105,-277.42700000000013,-2.642161904761906,0.8007133108253717,0.45714285714285713,355.5400000000004,44,55,6,540,130.25300000000107,0.24120925925926123,1.0309920683546745,0.5055555555555555,419.15700000000015,127,125,288
prevday_breakout,b=5.0,25.0,30.0,0.48605045888607645,2,435,419.4960000000008,0.9643586206896569,1.1472500139529058,0.5218390804597701,234.36499999999955,85,48,302,105,-187.6570000000006,-1.7872095238095296,0.8707890080078216,0.5142857142857142,330.7700000000009,50,47,8,540,231.83900000000017,0.4293314814814818,1.0539010169024963,0.5203703703703704,382.77700000000095,135,95,310
prevday_breakout,b=5.0,25.0,35.0,0.5025935399449096,2,435,442.29899999999975,1.016779310344827,1.154639942996714,0.5264367816091954,239.36499999999955,86,36,313,105,-105.40700000000106,-1.0038761904762006,0.9272131532427349,0.5523809523809524,311.6099999999997,53,37,15,540,336.8919999999987,0.6238740740740717,1.0781952053061656,0.5314814814814814,342.547,139,73,328
prevday_breakout,b=5.0,30.0,15.0,0.5442894056966749,2,435,430.1849999999988,0.9889310344827559,1.1650212555709079,0.46436781609195404,261.60599999999977,54,140,241,105,-153.55699999999933,-1.4624476190476128,0.8573420661464146,0.3142857142857143,292.75,29,71,5,540,276.6279999999995,0.5122740740740731,1.0751044051904217,0.4351851851851852,334.28699999999935,83,211,246
prevday_breakout,b=5.0,30.0,20.0,0.11740934227242361,2,435,248.59799999999927,0.5714896551724121,1.0858547468283388,0.4896551724137931,276.1819999999998,56,110,269,105,-274.61699999999973,-2.6153999999999975,0.7920592132661949,0.3619047619047619,389.38000000000056,33,65,7,540,-26.01900000000046,-0.04818333333333419,0.9938288251429303,0.4648148148148148,450.9169999999999,89,175,276
prevday_breakout,b=5.0,30.0,25.0,0.5433282911661158,2,435,460.5240000000001,1.0586758620689658,1.1622745012917859,0.5103448275862069,228.25399999999945,59,71,305,105,-279.19699999999966,-2.6590190476190445,0.810886984793579,0.41904761904761906,378.9600000000005,38,58,9,540,181.32700000000045,0.33579074074074156,1.0420294732704074,0.4925925925925926,378.9600000000005,97,129,314
prevday_breakout,b=5.0,30.0,30.0,0.6312478822050792,2,435,511.48,1.175816091954023,1.179396418805829,0.5172413793103449,240.76800000000026,61,48,326,105,-192.30700000000024,-1.8314952380952405,0.8760573093233992,0.47619047619047616,372.10000000000036,43,50,12,540,319.1729999999998,0.5910611111111107,1.0724948985803244,0.5092592592592593,372.10000000000036,104,98,338
prevday_breakout,b=5.0,30.0,35.0,0.6554409771529273,2,435,539.282999999999,1.2397310344827563,1.1884002175771446,0.5218390804597701,250.76800000000026,62,36,337,105,-45.0570000000007,-0.4291142857142924,0.9705010442513794,0.5238095238095238,277.21000000000004,47,39,19,540,494.2259999999983,0.9152333333333301,1.1125839807938458,0.5222222222222223,277.21000000000004,109,75,356
morning_momentum_cont,th=3.0,10.0,15.0,-0.8420212656785491,1,323,-180.04000000000042,-0.5573993808049549,0.9044704274316954,0.5510835913312694,250.35300000000052,168,116,39,135,-275.0,-2.037037037037037,0.717948717948718,0.5185185185185185,310.0,70,65,0,458,-455.0400000000004,-0.9935371179039311,0.8408757429225653,0.5414847161572053,455.3530000000005,238,181,39
morning_momentum_cont,th=3.0,10.0,20.0,-1.1935577794941166,0,323,-269.85700000000065,-0.8354705882352962,0.8705392116649368,0.5851393188854489,349.85700000000065,179,87,57,135,-345.5600000000004,-2.5597037037037067,0.69298837911795,0.5777777777777777,405.5600000000004,78,56,1,458,-615.417000000001,-1.3437052401746747,0.8082830404335907,0.5829694323144105,615.417000000001,257,143,58
morning_momentum_cont,th=3.0,10.0,25.0,-1.138922584676851,1,323,-246.39100000000144,-0.7628204334365369,0.8849179566773137,0.6099071207430341,352.99700000000144,187,58,78,135,-380.5600000000004,-2.818962962962966,0.6907424262124559,0.6296296296296297,460.0,85,49,1,458,-626.9510000000018,-1.3688886462882137,0.8140473720941884,0.6157205240174672,633.5570000000018,272,107,79
morning_momentum_cont,th=3.0,10.0,30.0,-1.3447663454300987,0,323,-333.28900000000203,-1.031854489164093,0.8510913403606711,0.6160990712074303,429.895000000002,188,44,91,135,-305.5600000000004,-2.2634074074074104,0.7526951341901645,0.6888888888888889,420.0,93,41,1,458,-638.8490000000024,-1.3948668122270795,0.8160935191179839,0.6375545851528385,645.4550000000024,281,85,92
morning_momentum_cont,th=3.0,10.0,35.0,-1.314226289622577,1,323,-300.976000000001,-0.9318142414860713,0.8653892082733644,0.6253869969040248,405.506000000001,191,30,102,135,-372.5600000000004,-2.759703703703707,0.7183038954754414,0.7037037037037037,487.0,95,37,3,458,-673.5360000000014,-1.4706026200873394,0.8107225095813969,0.648471615720524,680.1420000000014,286,67,105
morning_momentum_cont,th=3.0,15.0,15.0,-1.2522273385785165,1,323,-289.5720000000017,-0.8965077399380857,0.8698561582730895,0.4551083591331269,374.8850000000018,120,134,69,135,-323.1999999999998,-2.394074074074073,0.7237606837606839,0.4222222222222222,338.1999999999998,56,78,1,458,-612.7720000000015,-1.33793013100437,0.8195083085052639,0.44541484716157204,623.0850000000016,176,212,70
morning_momentum_cont,th=3.0,15.0,20.0,-1.641247412352378,1,323,-391.2850000000021,-1.2114086687306567,0.8416047715507532,0.48606811145510836,476.59800000000223,129,101,93,135,-313.7600000000002,-2.32414814814815,0.7633000392287033,0.5037037037037037,343.7600000000002,67,66,2,458,-705.0450000000023,-1.5393995633187825,0.8142598741578996,0.4912663755458515,710.3580000000024,196,167,95
morning_momentum_cont,th=3.0,15.0,25.0,-1.7431555441292965,1,323,-426.1490000000024,-1.3193467492260136,0.8357916161240944,0.5046439628482973,537.7550000000024,135,71,117,135,-363.7600000000002,-2.69451851851852,0.7543091803101528,0.5555555555555556,423.1999999999998,74,59,2,458,-789.9090000000026,-1.724692139737997,0.8061921146925259,0.519650655021834,806.5150000000026,209,130,119
morning_momentum_cont,th=3.0,15.0,30.0,-2.0176007454858675,0,323,-543.0770000000032,-1.6813529411764805,0.8008817889499551,0.5108359133126935,634.6830000000032,136,54,133,135,-343.7600000000002,-2.546370370370372,0.7804236183857532,0.6074074074074074,383.1999999999998,81,52,2,458,-886.8370000000034,-1.9363253275109245,0.7934211047363473,0.5393013100436681,903.4430000000034,217,106,135
morning_momentum_cont,th=3.0,15.0,35.0,-2.0903638357938545,0,323,-560.3040000000026,-1.734687306501556,0.7980622330056141,0.5170278637770898,663.6240000000025,138,38,147,135,-405.7600000000002,-3.0056296296296314,0.7574018271392355,0.6296296296296297,435.7600000000002,84,47,4,458,-966.0640000000028,-2.1093100436681285,0.7827701358855922,0.5502183406113537,982.6700000000028,222,85,151
morning_momentum_cont,th=3.0,20.0,15.0,-0.989611887173595,1,323,-206.65800000000172,-0.639808049535609,0.9118180941497946,0.4179566563467492,293.96800000000167,90,141,92,135,-253.19999999999982,-1.8755555555555543,0.7990476190476192,0.37777777777777777,263.1999999999998,50,84,1,458,-459.85800000000154,-1.0040567685589554,0.8723872234595845,0.40611353711790393,465.17100000000164,140,225,93
morning_momentum_cont,th=3.0,20.0,20.0,-1.377212784309536,1,323,-306.3210000000024,-0.9483622291021746,0.8824227768661648,0.44891640866873067,378.5160000000021,96,106,121,135,-298.7600000000002,-2.2130370370370387,0.7988906540294568,0.4444444444444444,298.7600000000002,59,74,2,458,-605.0810000000026,-1.3211375545851587,0.8520886322718949,0.44759825327510916,605.0810000000026,155,180,123
morning_momentum_cont,th=3.0,20.0,25.0,-1.4937968510059851,1,323,-353.5050000000024,-1.0944427244582118,0.8712302599873445,0.4674922600619195,414.6910000000023,100,75,148,135,-343.576,-2.5450074074074074,0.7943121788148297,0.4962962962962963,343.576,66,66,3,458,-697.0810000000024,-1.522010917030573,0.842133106864826,0.4759825327510917,703.6870000000024,166,141,151
morning_momentum_cont,th=3.0,20.0,30.0,-1.762659626309993,0,323,-469.8730000000028,-1.4547151702786463,0.8369587432297896,0.47368421052631576,516.6190000000031,101,57,165,135,-250.3060000000005,-1.8541185185185223,0.8559063177491757,0.5555555555555556,350.3760000000002,74,57,4,458,-720.1790000000033,-1.5724432314410552,0.8440844652982556,0.4978165938864629,826.855000000003,175,114,169
morning_momentum_cont,th=3.0,20.0,35.0,-1.7422345960065613,0,323,-437.1000000000022,-1.3532507739938149,0.8497501335439781,0.48297213622291024,490.56000000000245,104,40,179,135,-322.3060000000005,-2.3874518518518557,0.8275614117123371,0.5777777777777777,410.3760000000002,77,52,6,458,-759.4060000000027,-1.6580917030567743,0.8410705989209456,0.5109170305676856,854.0820000000024,181,92,185
morning_momentum_cont,th=3.0,25.0,15.0,-0.842102200031527,1,323,-176.58800000000224,-0.5467120743034125,0.9269528412559993,0.3931888544891641,237.56400000000144,69,145,109,135,-323.1999999999998,-2.394074074074073,0.7657971014492755,0.31851851851851853,333.1999999999998,42,92,1,458,-499.78800000000206,-1.0912401746724936,0.8683885931935409,0.37117903930131,516.2770000000005,111,237,110
morning_momentum_cont,th=3.0,25.0,20.0,-1.3597748488101944,0,323,-337.9910000000027,-1.0464117647058908,0.8757808465870972,0.4179566563467492,342.9910000000027,73,111,139,135,-408.7600000000002,-3.0278518518518536,0.7545810418117629,0.37777777777777777,413.7600000000002,50,83,2,458,-746.7510000000029,-1.6304606986899628,0.8297609589454877,0.40611353711790393,751.7510000000029,123,194,141
morning_momentum_cont,th=3.0,25.0,25.0,-1.5774306585774975,0,323,-419.68500000000245,-1.299334365325085,0.8548008257654877,0.43343653250773995,475.83400000000233,76,80,167,135,-413.576,-3.063525925925926,0.7788808239626684,0.43703703703703706,420.3760000000002,58,74,3,458,-833.2610000000025,-1.8193471615720578,0.8249740326437757,0.4344978165938865,846.2100000000025,134,154,170
morning_momentum_cont,th=3.0,25.0,30.0,-1.8395417060220116,0,323,-529.2330000000027,-1.6384922600619278,0.8248783042976584,0.44272445820433437,585.3820000000026,76,61,186,135,-365.1160000000009,-2.7045629629629695,0.8171600608137745,0.4888888888888889,475.3760000000002,65,65,5,458,-894.3490000000036,-1.9527270742358156,0.8218074386486713,0.45633187772925765,1010.7580000000028,141,126,191
morning_momentum_cont,th=3.0,25.0,35.0,-1.8276685668319983,0,323,-501.4600000000021,-1.5525077399380869,0.8366214730718322,0.4520123839009288,557.609000000002,79,44,200,135,-424.90600000000177,-3.147451851851865,0.8008796972326926,0.5185185185185185,570.3760000000002,68,59,8,458,-926.3660000000039,-2.022633187772934,0.8219632805007652,0.47161572052401746,1077.9850000000022,147,103,208
morning_momentum_cont,th=3.0,30.0,15.0,-0.9114116205564575,0,323,-216.771000000002,-0.6711176470588297,0.911120741896677,0.38390092879256965,232.72400000000061,46,146,131,135,-308.1199999999999,-2.2823703703703697,0.7860277777777779,0.28888888888888886,375.0,37,96,2,458,-524.8910000000019,-1.1460502183406156,0.864681776300626,0.3558951965065502,591.771000000002,83,242,133
morning_momentum_cont,th=3.0,30.0,20.0,-1.3918211621480885,0,323,-363.1740000000025,-1.1243777089783358,0.867812278541506,0.4086687306501548,373.1740000000025,50,112,161,135,-385.2500000000009,-2.8537037037037103,0.7792971882948734,0.34814814814814815,425.5600000000004,44,87,4,458,-748.4240000000034,-1.6341135371179114,0.8334233628483239,0.39082969432314413,788.7340000000029,94,199,165
morning_momentum_cont,th=3.0,30.0,25.0,-1.58511582372851,0,323,-434.8680000000022,-1.3463405572755487,0.8511691898579511,0.4241486068111455,501.0170000000021,53,81,189,135,-370.0660000000007,-2.741229629629635,0.8121850854862216,0.4074074074074074,500.3760000000002,52,78,5,458,-804.9340000000029,-1.7574978165938928,0.8354682314205402,0.4192139737991266,941.3930000000023,105,159,194
morning_momentum_cont,th=3.0,30.0,30.0,-1.8641120473723427,0,323,-549.4160000000024,-1.7009783281733821,0.820368518259985,0.43343653250773995,615.5650000000023,53,62,208,135,-325.46600000000217,-2.4108592592592752,0.8462546459094258,0.45925925925925926,560.3760000000002,58,69,8,458,-874.8820000000046,-1.910222707423591,0.830956649700153,0.4410480349344978,1115.9410000000025,111,131,216
morning_momentum_cont,th=3.0,30.0,35.0,-1.8624106028767562,0,323,-527.8230000000017,-1.6341269349845253,0.8303256397068275,0.44272445820433437,593.9720000000016,55,45,223,135,-325.25600000000304,-2.4093037037037264,0.8547261263933069,0.4962962962962963,600.3760000000002,62,62,11,458,-853.0790000000047,-1.8626179039301414,0.8405375163840465,0.4585152838427948,1134.3480000000018,117,107,234
morning_momentum_fade,th=3.0,10.0,15.0,-0.6853777688679622,2,323,-8.122999999998228,-0.025148606811140027,0.9954639244341084,0.5851393188854489,370.8079999999991,174,111,38,135,175.0,1.2962962962962963,1.24822695035461,0.6518518518518519,90.0,88,47,0,458,166.87700000000177,0.3643602620087375,1.066864335641921,0.6048034934497817,370.8079999999991,262,158,38
morning_momentum_fade,th=3.0,10.0,20.0,-0.7693980858048661,2,323,-36.665999999997894,-0.11351702786377056,0.9811425847094793,0.631578947368421,360.8919999999989,186,86,51,135,162.0699999999997,1.2005185185185163,1.2056908608632741,0.7037037037037037,100.0,95,39,1,458,125.40400000000182,0.2738078602620127,1.0458966786723773,0.6528384279475983,370.8919999999989,281,125,52
morning_momentum_fade,th=3.0,10.0,25.0,-1.2517314365215788,1,323,-168.4699999999982,-0.5215789473684155,0.9201902510546482,0.6501547987616099,473.4509999999989,189,69,65,135,142.0699999999997,1.0523703703703682,1.165596260767195,0.7407407407407407,145.0,100,34,1,458,-26.3999999999985,-0.05764192139737664,0.9911075930713333,0.6768558951965066,473.4509999999989,289,103,66
morning_momentum_fade,th=3.0,10.0,30.0,-0.9638828042936168,1,323,-96.62499999999886,-0.29914860681114197,0.9533573759064846,0.6625386996904025,439.19899999999893,192,45,86,135,212.0699999999997,1.5708888888888868,1.2501031924805108,0.7851851851851852,150.0,106,28,1,458,115.44500000000085,0.25206331877729443,1.039542282961008,0.6986899563318777,439.19899999999893,298,73,87
morning_momentum_fade,th=3.0,10.0,35.0,-1.3106598197451929,1,323,-189.4019999999989,-0.5863839009287892,0.9128937904138196,0.6656346749226006,524.7159999999988,193,36,94,135,235.32999999999902,1.7431851851851778,1.2753460399920422,0.8074074074074075,175.0,109,24,2,458,45.92800000000011,0.10027947598253299,1.01516250969776,0.7074235807860262,524.7159999999988,302,60,96
morning_momentum_fade,th=3.0,15.0,15.0,-1.0486346719998298,2,323,-161.78499999999804,-0.5008823529411703,0.924570306945258,0.4984520123839009,449.78399999999874,120,133,70,135,124.46000000000004,0.9219259259259261,1.1317037037037037,0.5333333333333333,180.0,71,63,1,458,-37.324999999998,-0.08149563318776856,0.9879201060247366,0.5087336244541485,449.78399999999874,191,196,71
morning_momentum_fade,th=3.0,15.0,20.0,-1.0262087633851524,2,323,-180.5479999999984,-0.5589721362229053,0.9222332296718736,0.5479876160990712,421.4639999999995,130,98,95,135,101.52999999999975,0.7520740740740722,1.0933240190085756,0.5925925925925926,142.9300000000003,79,54,2,458,-79.01799999999866,-0.17252838427947306,0.9768247795189456,0.5611353711790393,421.4639999999995,209,152,97
morning_momentum_fade,th=3.0,15.0,25.0,-1.153943291754675,2,323,-240.3929999999989,-0.7442507739938046,0.9012927981473389,0.5727554179566563,464.57999999999925,133,74,116,135,111.52999999999975,0.8261481481481463,1.094282840066614,0.6444444444444445,162.9300000000003,86,47,2,458,-128.86299999999915,-0.28136026200873177,0.9643862041900375,0.5938864628820961,464.57999999999925,219,121,118
morning_momentum_fade,th=3.0,15.0,30.0,-0.8244971034043826,2,323,-166.4249999999995,-0.5152476780185743,0.9309153175591534,0.5851393188854489,467.4289999999994,136,49,138,135,146.52999999999975,1.0854074074074056,1.1183669512815746,0.6888888888888889,247.9300000000003,92,41,2,458,-19.894999999999754,-0.04343886462882043,0.9945447266605062,0.6157205240174672,467.4289999999994,228,90,140
morning_momentum_fade,th=3.0,15.0,35.0,-1.2951833496173912,2,323,-274.20199999999954,-0.8489226006191937,0.8916958326108502,0.5882352941176471,567.9459999999992,137,40,146,135,123.30999999999949,0.9134074074074037,1.0955040080548344,0.7037037037037037,297.64999999999964,94,35,6,458,-150.89200000000005,-0.3294585152838429,0.9605297197670789,0.6222707423580786,567.9459999999992,231,75,152
morning_momentum_fade,th=3.0,20.0,15.0,-0.44110414569965356,2,323,26.456000000000813,0.08190712074303658,1.0119250940381295,0.47368421052631576,338.5569999999998,91,137,95,135,164.46000000000004,1.2182222222222225,1.1522777777777777,0.4666666666666667,270.0,62,72,1,458,190.91600000000085,0.41684716157205426,1.0578793790539078,0.47161572052401746,339.09699999999975,153,209,96
morning_momentum_fade,th=3.0,20.0,20.0,-0.5713886478434764,2,323,-32.946999999999434,-0.10200309597523044,0.986516803352486,0.5170278637770898,392.8270000000007,98,103,122,135,176.52999999999975,1.3076296296296277,1.1414582548700647,0.5333333333333333,247.9300000000003,71,62,2,458,143.5830000000003,0.31350000000000067,1.0388956762716413,0.5218340611353712,392.8270000000007,169,165,124
morning_momentum_fade,th=3.0,20.0,25.0,-0.5399517883199969,2,323,-57.791999999999916,-0.1789226006191948,0.9774012978455922,0.544891640866873,403.25100000000066,102,78,143,135,136.52999999999975,1.0113333333333314,1.0969721506040782,0.5777777777777777,335.0,77,56,2,458,78.73799999999983,0.1719170305676852,1.0198570327936862,0.5545851528384279,403.25100000000066,179,134,145
morning_momentum_fade,th=3.0,20.0,30.0,-0.21863298363568467,2,323,11.175999999999476,0.03460061919504482,1.0043811987925828,0.5572755417956656,387.7650000000008,105,53,165,135,213.6299999999992,1.5824444444444385,1.1452445218006153,0.6296296296296297,320.83000000000084,84,48,3,458,224.80599999999868,0.49084279475982245,1.0558978350113009,0.5786026200873362,387.7650000000008,189,101,168
morning_momentum_fade,th=3.0,20.0,35.0,-0.6854853820742757,2,323,-91.81100000000015,-0.28424458204334413,0.9656638444332166,0.5603715170278638,500.95300000000043,106,43,174,135,220.40999999999894,1.632666666666659,1.1446212394606468,0.6518518518518519,412.3100000000004,87,41,7,458,128.5989999999988,0.2807838427947572,1.0306338565824116,0.5873362445414847,500.95300000000043,193,84,181
morning_momentum_fade,th=3.0,25.0,15.0,-0.3994446980189121,2,323,31.880000000000337,0.09869969040247782,1.0138880720716013,0.4551083591331269,330.5970000000002,62,142,119,135,154.46000000000004,1.1441481481481484,1.1287166666666666,0.4074074074074074,300.0,54,80,1,458,186.34000000000037,0.4068558951965074,1.0533086158040563,0.4410480349344978,420.82699999999977,116,222,120
morning_momentum_fade,th=3.0,25.0,20.0,-0.6765756329998179,2,323,-62.0559999999989,-0.19212383900928454,0.9755849024238055,0.4953560371517028,417.67400000000043,66,107,150,135,126.52999999999975,0.9372592592592573,1.088610786243023,0.4666666666666667,297.9300000000003,62,71,2,458,64.47400000000084,0.14077292576419398,1.0162417914388122,0.4868995633187773,452.1639999999993,128,178,152
morning_momentum_fade,th=3.0,25.0,25.0,-0.3709980379175692,2,323,-9.480999999999312,-0.02935294117646846,0.9963888246673632,0.5294117647058824,402.90200000000095,71,80,172,135,109.17399999999998,0.8086962962962961,1.0678972343323403,0.5185185185185185,382.9300000000003,68,64,3,458,99.69300000000067,0.21767030567685736,1.023549206770648,0.5262008733624454,402.90200000000095,139,144,175
morning_momentum_fade,th=3.0,25.0,30.0,-0.03390427504589316,2,323,64.48700000000008,0.19965015479876186,1.0245286693348081,0.541795665634675,390.7330000000011,74,55,194,135,169.8739999999998,1.2583259259259245,1.0992933254619102,0.5703703703703704,407.2300000000005,74,56,5,458,234.36099999999988,0.5117052401746722,1.0540017733225557,0.5502183406113537,407.2300000000005,148,111,199
morning_momentum_fade,th=3.0,25.0,35.0,-0.2682023566882312,2,323,16.500000000000455,0.05108359133127076,1.006050531841749,0.5479876160990712,464.380000000001,76,44,203,135,207.7769999999996,1.5390888888888858,1.117451174359119,0.6,411.0600000000004,77,48,10,458,224.27700000000004,0.48968777292576426,1.04988275349899,0.5633187772925764,464.380000000001,153,92,213
morning_momentum_fade,th=3.0,30.0,15.0,-0.010844230251694675,2,323,133.79499999999962,0.41422600619194927,1.0579075046689128,0.4520123839009288,322.2240000000006,47,143,133,135,109.46000000000004,0.8108148148148151,1.0838773946360154,0.35555555555555557,315.0,47,87,1,458,243.25499999999965,0.5311244541484709,1.0672812436471353,0.42358078602620086,330.0440000000003,94,230,134
morning_momentum_fade,th=3.0,30.0,20.0,-0.2214450721623969,2,323,54.85900000000038,0.16984210526315907,1.0214150257679844,0.49226006191950467,411.0140000000006,51,108,164,135,11.872999999999593,0.08794814814814512,1.0074770298438847,0.4074074074074074,392.58700000000044,53,79,3,458,66.73199999999997,0.14570305676855888,1.0160814105140787,0.4672489082969432,411.0140000000006,104,187,167
morning_momentum_fade,th=3.0,30.0,25.0,0.03474539190859316,2,323,96.12400000000002,0.2975975232198143,1.0362489822839154,0.5232198142414861,382.5090000000014,55,80,188,135,-15.483000000000175,-0.11468888888889019,0.9914360622369228,0.45925925925925926,502.58700000000044,59,72,4,458,80.64099999999985,0.1760720524017464,1.0180821539381226,0.5043668122270742,502.58700000000044,114,152,192
morning_momentum_fade,th=3.0,30.0,30.0,0.42363150380184655,3,323,185.09199999999942,0.5730402476780168,1.06970515441244,0.5356037151702786,370.3400000000015,58,55,210,135,110.80699999999979,0.8207925925925911,1.058159077071655,0.5185185185185185,491.8870000000006,66,62,7,458,295.8989999999992,0.6460676855895179,1.0648816514332773,0.5305676855895196,491.8870000000006,124,117,217
morning_momentum_fade,th=3.0,30.0,35.0,0.2337870060529313,2,323,147.1049999999998,0.4554334365325071,1.0534277785223272,0.541795665634675,443.98700000000144,60,44,219,135,151.74999999999955,1.1240740740740707,1.0768191068228525,0.5481481481481482,497.24400000000014,69,53,13,458,298.85499999999934,0.652521834061134,1.063199403311183,0.5436681222707423,497.24400000000014,129,97,232
morning_momentum_cont,th=5.0,10.0,15.0,-1.795030843281369,1,173,-208.17299999999977,-1.2033121387283223,0.8096674416882366,0.5260115606936416,268.1729999999998,88,68,17,111,-240.0,-2.1621621621621623,0.7037037037037037,0.5135135135135135,255.0,57,54,0,284,-448.1729999999998,-1.578073943661971,0.764582008086218,0.5211267605633803,448.1729999999998,145,122,17
morning_momentum_cont,th=5.0,10.0,20.0,-1.9554208660922854,1,173,-240.933,-1.3926763005780347,0.8003030270378692,0.5722543352601156,320.933,96,54,23,111,-285.5600000000004,-2.572612612612616,0.6914732702363972,0.5765765765765766,325.5600000000004,64,46,1,284,-526.4930000000004,-1.8538485915492973,0.753058202586896,0.573943661971831,526.4930000000004,160,100,24
morning_momentum_cont,th=5.0,10.0,25.0,-1.6820426000442448,1,173,-193.9890000000005,-1.1213236994219682,0.8409338206172934,0.6069364161849711,303.9890000000005,102,36,35,111,-270.5600000000004,-2.437477477477481,0.7240760381822628,0.6396396396396397,320.5600000000004,71,39,1,284,-464.5490000000009,-1.635735915492961,0.7888518250686666,0.6197183098591549,464.5490000000009,173,75,36
morning_momentum_cont,th=5.0,10.0,30.0,-1.8224920488228302,1,173,-225.54000000000087,-1.303699421965323,0.8212000856184739,0.6184971098265896,335.5400000000009,103,27,43,111,-185.5600000000004,-1.6717117117117153,0.8078213679108494,0.7027027027027027,270.0,78,32,1,284,-411.1000000000013,-1.44753521126761,0.8153993991836437,0.6514084507042254,411.1000000000013,181,59,44
morning_momentum_cont,th=5.0,10.0,35.0,-1.7886890436643987,1,173,-203.83100000000013,-1.1782138728323708,0.8381909675391221,0.630057803468208,313.83100000000013,105,19,49,111,-222.58000000000038,-2.0052252252252285,0.7823348784447179,0.7207207207207207,307.02,80,29,2,284,-426.4110000000005,-1.5014471830985934,0.8131645489753451,0.6654929577464789,426.4110000000005,185,48,51
morning_momentum_cont,th=5.0,15.0,15.0,-1.9799685360226302,0,173,-235.76800000000003,-1.362820809248555,0.8161611451642959,0.43352601156069365,280.76800000000003,67,79,27,111,-293.1999999999998,-2.6414414414414398,0.6992820512820515,0.4144144144144144,315.0,45,65,1,284,-528.9679999999998,-1.8625633802816897,0.765681153822131,0.426056338028169,535.768,112,144,28
morning_momentum_cont,th=5.0,15.0,20.0,-2.136363488938556,0,173,-272.27400000000034,-1.5738381502890193,0.8079273002778721,0.47398843930635837,332.27400000000034,73,62,38,111,-253.76000000000022,-2.286126126126128,0.766240465750396,0.5045045045045045,300.5600000000004,55,54,2,284,-526.0340000000006,-1.8522323943661991,0.789848416993692,0.4859154929577465,542.8340000000007,128,116,40
morning_momentum_cont,th=5.0,15.0,25.0,-2.174435010372043,0,173,-291.53000000000065,-1.6851445086705241,0.8052328513982704,0.49710982658959535,376.53000000000065,77,45,51,111,-243.76000000000022,-2.196036036036038,0.7935217185064714,0.5675675675675675,320.0,62,47,2,284,-535.2900000000009,-1.884823943661975,0.8000689481816688,0.5246478873239436,557.090000000001,139,92,53
morning_momentum_cont,th=5.0,15.0,30.0,-2.432423805632389,0,173,-353.09100000000126,-2.0409884393063655,0.7756277626257869,0.5086705202312138,428.09100000000126,78,35,60,111,-208.76000000000022,-1.8807207207207226,0.8310401761144743,0.6216216216216216,330.0,68,41,2,284,-561.8510000000015,-1.9783485915493009,0.7999992168711577,0.5528169014084507,643.6510000000017,146,76,62
morning_momentum_cont,th=5.0,15.0,35.0,-2.5673466241113787,0,173,-383.2320000000009,-2.215213872832375,0.7632653313359994,0.5144508670520231,462.02200000000084,79,26,68,111,-230.7800000000002,-2.0790990990991007,0.8228285402815949,0.6486486486486487,375.5600000000004,71,37,3,284,-614.0120000000011,-2.162014084507046,0.7898230474720207,0.5669014084507042,728.7920000000013,150,63,71
morning_momentum_cont,th=5.0,20.0,15.0,-1.6755529898521089,0,173,-210.08099999999968,-1.214341040462426,0.8459185252607192,0.3872832369942196,213.6389999999999,50,84,39,111,-208.19999999999982,-1.875675675675674,0.7988405797101451,0.3783783783783784,240.0,41,69,1,284,-418.2809999999995,-1.4728204225352095,0.8256029645924167,0.38380281690140844,453.6389999999999,91,153,40
morning_momentum_cont,th=5.0,20.0,20.0,-1.9161531784547354,0,173,-277.8569999999995,-1.6061098265895926,0.8179892925244844,0.42196531791907516,277.8569999999995,54,67,52,111,-218.76000000000022,-1.9708108108108129,0.8185407611400509,0.45045045045045046,265.5600000000004,49,60,2,284,-496.61699999999973,-1.7486514084507032,0.8182326271879693,0.43309859154929575,543.4169999999999,103,127,54
morning_momentum_cont,th=5.0,20.0,25.0,-1.8486149057405308,0,173,-274.43299999999954,-1.5863179190751417,0.8280455123333061,0.4508670520231214,315.41499999999974,57,48,68,111,-193.57600000000002,-1.743927927927928,0.8533932758547566,0.5135135135135135,285.3760000000002,56,52,3,284,-468.00899999999956,-1.6479190140845055,0.8395217428426534,0.4753521126760563,560.7909999999999,113,100,71
morning_momentum_cont,th=5.0,20.0,30.0,-2.1059269634014433,0,173,-330.43399999999974,-1.9100231213872818,0.8024043906680365,0.4624277456647399,370.43399999999974,58,37,78,111,-103.57600000000002,-0.9331171171171173,0.9244178240132636,0.5765765765765766,350.3760000000002,63,45,3,284,-434.00999999999976,-1.5282042253521118,0.8573578952557802,0.5070422535211268,680.81,121,82,81
morning_momentum_cont,th=5.0,20.0,35.0,-2.2779731234568663,0,173,-365.57499999999936,-2.1131502890173373,0.7883687475215859,0.4682080924855491,405.57499999999936,59,28,86,111,-130.596,-1.1765405405405405,0.9103908615091575,0.6036036036036037,390.3760000000002,66,41,4,284,-496.17099999999937,-1.7470809859154908,0.8442070816761185,0.5211267605633803,755.9509999999996,125,69,90
morning_momentum_cont,th=5.0,25.0,15.0,-1.6484658481756964,0,173,-252.3100000000004,-1.4584393063583838,0.8236126034740574,0.35260115606936415,252.3100000000004,37,88,48,111,-283.1999999999998,-2.5513513513513497,0.7515789473684212,0.3153153153153153,310.0,34,76,1,284,-535.5100000000002,-1.8855985915492965,0.7916652888173228,0.3380281690140845,562.3100000000004,71,164,49
morning_momentum_cont,th=5.0,25.0,20.0,-1.8535413576001256,0,173,-320.08600000000024,-1.8502080924855506,0.8016307766485473,0.3872832369942196,325.08600000000024,41,71,61,111,-288.7600000000002,-2.6014414414414433,0.785397901245578,0.38738738738738737,315.5600000000004,42,67,2,284,-608.8460000000005,-2.1438239436619733,0.7942494914919737,0.3873239436619718,635.6460000000006,83,138,63
morning_momentum_cont,th=5.0,25.0,25.0,-2.100060619993339,0,173,-351.172,-2.0298959537572254,0.7943311216699862,0.41040462427745666,401.172,43,52,78,111,-213.57600000000002,-1.9241081081081084,0.8547473571385823,0.4594594594594595,345.3760000000002,50,58,3,284,-564.748,-1.988549295774648,0.8222855217020117,0.4295774647887324,696.5480000000002,93,110,81
morning_momentum_cont,th=5.0,25.0,30.0,-2.3921318433658114,0,173,-395.35300000000007,-2.2852774566473992,0.7771119657859454,0.4277456647398844,445.35300000000007,43,40,90,111,-173.57600000000002,-1.563747747747748,0.8901679094089001,0.5135135135135135,430.3760000000002,56,52,3,284,-568.9290000000001,-2.0032711267605636,0.8303805733196189,0.4612676056338028,825.7290000000003,99,92,93
morning_momentum_cont,th=5.0,25.0,35.0,-2.704599158665951,0,173,-440.4939999999997,-2.5462080924855472,0.7611093786861107,0.43352601156069365,490.4939999999997,44,31,98,111,-183.38600000000088,-1.652126126126134,0.8900165287670111,0.5495495495495496,505.3760000000002,59,47,5,284,-623.8800000000006,-2.1967605633802836,0.8223227734598271,0.4788732394366197,945.8699999999999,103,78,103
morning_momentum_cont,th=5.0,30.0,15.0,-1.8534959943517952,0,173,-287.0120000000006,-1.6590289017341076,0.8016901922281001,0.34104046242774566,287.06800000000203,26,89,58,111,-308.1199999999999,-2.775855855855855,0.7432333333333334,0.27927927927927926,420.0,29,80,2,284,-595.1320000000005,-2.0955352112676073,0.7751920737085569,0.31690140845070425,707.068000000002,55,169,60
morning_momentum_cont,th=5.0,30.0,20.0,-2.0025110437112215,0,173,-339.78800000000047,-1.9640924855491357,0.7922353949715273,0.37572254335260113,349.78800000000047,30,72,71,111,-305.2500000000009,-2.750000000000008,0.7858736215943203,0.35135135135135137,407.130000000001,36,71,4,284,-645.0380000000014,-2.2712605633802867,0.7892726151884,0.36619718309859156,746.9180000000015,66,143,75
morning_momentum_cont,th=5.0,30.0,25.0,-2.196491492293632,0,173,-365.87400000000025,-2.1148786127167645,0.7890392966016131,0.3988439306358382,425.87400000000025,32,53,88,111,-210.0660000000007,-1.892486486486493,0.8662320361493039,0.42342342342342343,435.3760000000002,44,62,5,284,-575.940000000001,-2.0279577464788767,0.825720890162765,0.4084507042253521,801.2500000000005,76,115,93
morning_momentum_cont,th=5.0,30.0,30.0,-2.5390795090670863,0,173,-415.0550000000003,-2.3991618497109846,0.770133371436293,0.4161849710982659,475.0550000000003,32,41,100,111,-178.9260000000013,-1.6119459459459575,0.8947726855707201,0.4774774774774775,530.3760000000002,49,56,6,284,-593.9810000000016,-2.091482394366203,0.8305820576666918,0.44014084507042256,945.4310000000005,81,97,106
morning_momentum_cont,th=5.0,30.0,35.0,-2.8530875989111015,0,173,-460.1959999999999,-2.6600924855491326,0.7553157607900997,0.42196531791907516,520.1959999999999,33,32,108,111,-128.73600000000215,-1.1597837837838032,0.9273661190839958,0.5225225225225225,550.3760000000002,53,50,8,284,-588.9320000000021,-2.07370422535212,0.8387888220945579,0.4612676056338028,1010.5720000000001,86,82,116
morning_momentum_fade,th=5.0,10.0,15.0,-1.077693209510502,2,173,-30.278999999999314,-0.17502312138727927,0.9700157749167937,0.5895953757225434,290.20799999999963,96,66,11,111,160.0,1.4414414414414414,1.280701754385965,0.6576576576576577,75.0,73,38,0,284,129.72100000000069,0.45676408450704464,1.0821106814589667,0.6161971830985915,290.20799999999963,169,104,11
morning_momentum_fade,th=5.0,10.0,20.0,-0.9474000283834122,2,173,-39.623999999999114,-0.22904046242774054,0.96402187888165,0.6416184971098265,232.0019999999995,104,51,18,111,162.0699999999997,1.4600900900900875,1.2581020177408304,0.7117117117117117,80.0,79,31,1,284,122.4460000000006,0.43114788732394577,1.070808076952881,0.6690140845070423,242.0019999999995,183,82,19
morning_momentum_fade,th=5.0,10.0,25.0,-1.3186431727195655,1,173,-75.24299999999971,-0.4349306358381486,0.9357794876390687,0.6705202312138728,270.60199999999986,107,40,26,111,147.0699999999997,1.3249549549549524,1.2153515001537487,0.7477477477477478,105.0,83,27,1,284,71.827,0.2529119718309859,1.0387298369159343,0.7007042253521126,270.60199999999986,190,67,27
morning_momentum_fade,th=5.0,10.0,30.0,-0.7749983737346587,2,173,9.586000000000013,0.05541040462427753,1.0085834066077726,0.6878612716763006,273.77199999999993,110,26,37,111,252.0699999999997,2.2709009009008985,1.3951373975201034,0.8018018018018018,120.0,89,21,1,284,261.6559999999997,0.9213239436619709,1.1491141687410524,0.7323943661971831,273.77199999999993,199,47,38
morning_momentum_fade,th=5.0,10.0,35.0,-1.0625529856738325,2,173,-28.443999999999733,-0.16441618497109672,0.975581111847505,0.6936416184971098,361.5920000000001,111,21,41,111,282.0699999999997,2.5411711711711686,1.4421645008072979,0.8288288288288288,140.0,92,18,1,284,253.62599999999998,0.8930492957746478,1.1406871440885837,0.7464788732394366,361.5920000000001,203,39,42
morning_momentum_fade,th=5.0,15.0,15.0,-0.8191407686676216,1,173,7.320000000001528,0.04231213872833253,1.006320113762049,0.5202312138728323,274.2639999999992,73,75,25,111,124.46000000000004,1.1212612612612616,1.1626928104575165,0.5405405405405406,180.0,59,51,1,284,131.78000000000156,0.4640140845070478,1.0685209652419119,0.528169014084507,274.2639999999992,132,126,26
morning_momentum_fade,th=5.0,15.0,20.0,-0.4270235192350126,1,173,26.66000000000099,0.1541040462427803,1.0213569258203319,0.5780346820809249,222.19799999999987,80,55,38,111,126.52999999999975,1.1399099099099077,1.1457836461465782,0.6036036036036037,132.9300000000003,66,43,2,284,153.19000000000074,0.5394014084507068,1.0723879225247461,0.5880281690140845,222.19799999999987,146,98,40
morning_momentum_fade,th=5.0,15.0,25.0,-0.20979758289647563,2,173,26.121000000000777,0.15098843930636288,1.0200923659624357,0.6127167630057804,242.9979999999996,83,42,48,111,71.52999999999975,0.6444144144144122,1.0727722218265794,0.6396396396396397,147.9300000000003,70,39,2,284,97.65100000000052,0.3438415492957765,1.0427735552191526,0.6232394366197183,242.9979999999996,153,81,50
morning_momentum_fade,th=5.0,15.0,30.0,0.3476518973016864,3,173,115.9500000000005,0.6702312138728352,1.0923744659289991,0.630057803468208,256.16799999999967,86,28,59,111,146.52999999999975,1.3200900900900878,1.146833946268776,0.6936936936936937,232.9300000000003,76,33,2,284,262.48000000000025,0.9242253521126769,1.1164948403277726,0.6549295774647887,256.16799999999967,162,61,61
morning_momentum_fade,th=5.0,15.0,35.0,-0.13345206943954097,1,173,72.92000000000075,0.42150289017341475,1.0555264927313754,0.6358381502890174,348.98799999999983,87,23,63,111,126.8100000000004,1.142432432432436,1.1210423328401664,0.7117117117117117,282.64999999999964,78,29,4,284,199.73000000000116,0.703274647887328,1.0845992010663748,0.6654929577464789,348.98799999999983,165,52,67
morning_momentum_fade,th=5.0,20.0,15.0,-0.4958909391246972,2,173,44.98000000000047,0.26000000000000273,1.03651338567081,0.47398843930635837,236.21000000000004,56,79,38,111,104.46000000000004,0.9410810810810815,1.1160666666666668,0.4594594594594595,230.0,50,60,1,284,149.4400000000005,0.5261971830985933,1.0700978527372829,0.46830985915492956,236.21000000000004,106,139,39
morning_momentum_fade,th=5.0,20.0,20.0,-0.15612144576667608,1,173,51.08999999999992,0.29531791907514404,1.037838642519258,0.5260115606936416,216.42400000000043,62,59,52,111,136.52999999999975,1.2299999999999978,1.132820328232467,0.5315315315315315,187.9300000000003,58,51,2,284,187.61999999999966,0.6606338028169002,1.0788936886310587,0.528169014084507,216.42400000000043,120,110,54
morning_momentum_fade,th=5.0,20.0,25.0,0.074736135977234,2,173,45.5509999999997,0.2633005780346804,1.032034268530591,0.5606936416184971,199.63400000000001,65,46,62,111,61.529999999999745,0.554324324324322,1.0520149121249776,0.5675675675675675,262.9300000000003,62,47,2,284,107.08099999999945,0.37704577464788536,1.0411079068638966,0.5633802816901409,262.9300000000003,127,93,64
morning_momentum_fade,th=5.0,20.0,30.0,0.6221480227158039,3,173,130.37999999999943,0.7536416184971065,1.0933207455066394,0.5780346820809249,217.8040000000001,68,32,73,111,133.6299999999992,1.2038738738738666,1.108569014404913,0.6216216216216216,270.83000000000084,68,40,3,284,264.0099999999986,0.9296126760563332,1.1004624522488462,0.5950704225352113,270.83000000000084,136,72,76
morning_momentum_fade,th=5.0,20.0,35.0,0.1262476948291274,2,173,92.1400000000001,0.5326011560693648,1.0633109264599683,0.5838150289017341,315.62400000000025,69,26,78,111,143.90999999999985,1.2964864864864851,1.1123813986177813,0.6486486486486487,345.5500000000002,71,35,5,284,236.04999999999995,0.8311619718309857,1.0862785175080878,0.6091549295774648,345.5500000000002,140,61,83
morning_momentum_fade,th=5.0,25.0,15.0,-0.579122600533251,2,173,13.398000000000593,0.07744508670520574,1.0103550856083792,0.44508670520231214,262.6300000000001,39,83,51,111,34.460000000000036,0.3104504504504508,1.0337843137254903,0.38738738738738737,270.0,42,68,1,284,47.85800000000063,0.16851408450704447,1.0206832142176463,0.4225352112676056,337.8599999999997,81,151,52
morning_momentum_fade,th=5.0,25.0,20.0,-0.13104957197906533,1,173,29.975000000001046,0.17326589595376327,1.0212837264521046,0.49710982658959535,239.3140000000003,43,61,69,111,21.529999999999745,0.19396396396396168,1.0178238805228779,0.45045045045045046,282.9300000000003,49,60,2,284,51.50500000000079,0.1813556338028197,1.0196863259823195,0.4788732394366197,282.9300000000003,92,121,71
morning_momentum_fade,th=5.0,25.0,25.0,0.20847546836046701,3,173,56.856000000000904,0.32864739884393585,1.038807119279882,0.5375722543352601,223.75400000000081,46,47,80,111,-40.82600000000002,-0.367801801801802,0.9704786214775875,0.4954954954954955,382.9300000000003,53,55,3,284,16.030000000000882,0.05644366197183409,1.0056284677576228,0.5211267605633803,382.9300000000003,99,102,83
morning_momentum_fade,th=5.0,25.0,30.0,0.813787573525816,3,173,151.68500000000063,0.8767919075144545,1.1049532161274458,0.5549132947976878,244.35700000000088,49,33,91,111,21.273999999999432,0.19165765765765255,1.0144639421279138,0.5495495495495496,370.83000000000084,59,48,4,284,172.95900000000006,0.6090105633802819,1.059311894373739,0.5528169014084507,370.83000000000084,108,81,95
morning_momentum_fade,th=5.0,25.0,35.0,0.7156723265605867,3,173,173.4450000000013,1.0025722543352675,1.1177092954680115,0.5664739884393064,294.3570000000009,51,26,96,111,62.677000000000135,0.5646576576576589,1.041084854642588,0.5855855855855856,349.42700000000013,62,42,7,284,236.12200000000144,0.8314154929577515,1.078732186460193,0.573943661971831,349.42700000000013,113,68,103
morning_momentum_fade,th=5.0,30.0,15.0,-0.20828224420910857,2,173,63.789999999999736,0.36872832369942043,1.0487371806087293,0.4393063583815029,260.7970000000005,29,84,60,111,-25.539999999999964,-0.23009009009008977,0.9769909909909911,0.3333333333333333,300.0,36,74,1,284,38.24999999999977,0.1346830985915485,1.0158132539459752,0.397887323943662,300.0,65,158,61
morning_momentum_fade,th=5.0,30.0,20.0,0.33255081323707314,3,173,95.36700000000019,0.5512543352601167,1.066767108690919,0.4913294797687861,242.48100000000068,33,62,78,111,-83.47000000000025,-0.7519819819819843,0.9380754193467018,0.38738738738738737,377.9300000000003,42,67,2,284,11.896999999999935,0.0418908450704223,1.0042852259657966,0.4507042253521127,377.9300000000003,75,129,80
morning_momentum_fade,th=5.0,30.0,25.0,0.5305626930173842,3,173,100.9380000000001,0.5834566473988445,1.067679941424244,0.5260115606936416,214.91100000000097,35,47,91,111,-160.82600000000002,-1.448882882882883,0.8967694312324688,0.43243243243243246,487.9300000000003,46,62,3,284,-59.88799999999992,-0.21087323943661943,0.9803602887452072,0.4894366197183099,487.9300000000003,81,109,94
morning_momentum_fade,th=5.0,30.0,30.0,1.1007135078049002,3,173,210.76699999999983,1.218306358381502,1.1432256503754825,0.5433526011560693,218.08100000000104,38,33,102,111,-28.136000000000422,-0.2534774774774813,0.9827939629656807,0.4954954954954955,465.2400000000007,53,53,5,284,182.6309999999994,0.6430669014084486,1.0587840336705168,0.5246478873239436,465.2400000000007,91,86,107
morning_momentum_fade,th=5.0,30.0,35.0,1.1613174298143396,3,173,242.5270000000005,1.4018901734104074,1.161704825868292,0.5549132947976878,278.08100000000104,40,26,107,111,21.307000000000244,0.19195495495495715,1.0125562784338686,0.5315315315315315,470.797,56,46,9,284,263.83400000000074,0.9289929577464815,1.0825323854072268,0.545774647887324,470.797,96,72,116
prevday_rejection,ext=0.0,10.0,15.0,-0.16751314344096238,0,456,-59.03199999999788,-0.12945614035087255,0.9733055982635446,0.5482456140350878,180.14499999999794,201,116,139,85,50.0,0.5882352941176471,1.1041666666666667,0.6235294117647059,115.0,53,32,0,541,-9.031999999997879,-0.016695009242140256,0.9966441257338198,0.5600739371534196,194.9400000000005,254,148,139
prevday_rejection,ext=0.0,10.0,20.0,-0.49810367593127536,0,456,-222.83499999999663,-0.4886732456140277,0.9089768323602723,0.5657894736842105,297.4749999999983,208,89,159,85,40.0,0.47058823529411764,1.0740740740740742,0.6823529411764706,180.0,58,27,0,541,-182.83499999999663,-0.3379574861367775,0.9388125549468856,0.5841035120147874,396.12499999999704,266,116,159
prevday_rejection,ext=0.0,10.0,25.0,-0.3239441034335087,0,456,-128.534999999996,-0.2818749999999912,0.9468079603283036,0.581140350877193,215.96599999999899,214,52,190,85,10.0,0.11764705882352941,1.0166666666666666,0.7176470588235294,215.0,61,24,0,541,-118.53499999999599,-0.21910351201478,0.960703585990474,0.6025878003696857,325.965999999999,275,76,190
prevday_rejection,ext=0.0,10.0,30.0,-0.5169566968212979,0,456,-200.10599999999522,-0.43882894736841055,0.9202130459122092,0.5855263157894737,284.6789999999969,216,40,200,85,50.0,0.5882352941176471,1.0833333333333333,0.7647058823529411,180.0,65,20,0,541,-150.10599999999522,-0.2774602587800281,0.9517034083611232,0.6136783733826248,343.32899999999563,281,60,200
prevday_rejection,ext=0.0,10.0,35.0,-0.5859886843135924,0,456,-228.48099999999408,-0.5010548245613905,0.9102721943591292,0.5877192982456141,291.7039999999945,217,25,214,85,138.0699999999997,1.6243529411764672,1.2501585345967778,0.8117647058823529,191.9300000000003,69,15,1,541,-90.41099999999437,-0.16711829944546094,0.9708192436583973,0.6229205175600739,301.7039999999945,286,40,215
prevday_rejection,ext=0.0,15.0,15.0,-0.4668875925814413,0,456,-153.60399999999845,-0.33685087719297907,0.9391298248561807,0.48464912280701755,287.3429999999994,135,134,187,85,-105.0,-1.2352941176470589,0.8478260869565217,0.4588235294117647,195.0,39,46,0,541,-258.60399999999845,-0.47801109057301006,0.9195249744123878,0.4805914972273567,387.7029999999986,174,180,187
prevday_rejection,ext=0.0,15.0,20.0,-0.7913934033055625,0,456,-301.9479999999969,-0.6621666666666599,0.8908695185468843,0.5021929824561403,399.78399999999897,141,100,215,85,-125.0,-1.4705882352941178,0.84375,0.5294117647058824,315.0,45,40,0,541,-426.9479999999969,-0.7891829944547077,0.8803012066939687,0.5064695009242144,627.8799999999972,186,140,215
prevday_rejection,ext=0.0,15.0,25.0,-0.6323666998761037,1,456,-180.83199999999601,-0.3965614035087632,0.9339365428110812,0.5175438596491229,340.54699999999843,146,60,250,85,-205.0,-2.411764705882353,0.7783783783783784,0.5647058823529412,360.0,48,37,0,541,-385.831999999996,-0.7131829944547061,0.8946461011504695,0.5249537892791127,561.6969999999963,194,97,250
prevday_rejection,ext=0.0,15.0,30.0,-0.8503446836304842,1,456,-256.970999999995,-0.5635328947368311,0.9096250034290119,0.5219298245614035,404.1999999999971,148,45,263,85,-210.0,-2.4705882352941178,0.7878787878787878,0.611764705882353,360.0,52,33,0,541,-466.970999999995,-0.8631626617375139,0.8781831519184357,0.5360443622920518,617.8359999999952,200,78,263
prevday_rejection,ext=0.0,15.0,35.0,-0.8924209314432097,1,456,-281.58599999999365,-0.6175131578947229,0.9023288580198222,0.5241228070175439,412.9609999999964,149,28,279,85,-184.26000000000022,-2.1677647058823557,0.8174305927114914,0.6470588235294118,336.9300000000003,55,28,2,541,-465.84599999999386,-0.8610831792975857,0.8803148093100656,0.5434380776340111,629.3809999999942,204,56,281
prevday_rejection,ext=0.0,20.0,15.0,-1.169309199592111,0,456,-427.60799999999904,-0.9377368421052611,0.8436450355302332,0.4451754385964912,502.6699999999994,76,147,233,85,-45.51999999999998,-0.5355294117647057,0.9380680272108843,0.4235294117647059,205.0,34,49,2,541,-473.127999999999,-0.8745434380776322,0.8636461361198484,0.4417744916820702,647.6699999999994,110,196,235
prevday_rejection,ext=0.0,20.0,20.0,-1.3391725171712126,0,456,-535.9659999999972,-1.175364035087713,0.8193611314642323,0.46710526315789475,606.9259999999992,81,107,268,85,-90.51999999999998,-1.064941176470588,0.8971363636363636,0.4823529411764706,320.0,39,44,2,541,-626.4859999999971,-1.1580147874306785,0.8371519223261001,0.46950092421441775,831.0559999999975,120,151,270
prevday_rejection,ext=0.0,20.0,25.0,-1.1350238876383378,0,456,-423.4399999999964,-0.9285964912280623,0.8567456802787148,0.4824561403508772,493.4629999999968,85,65,306,85,-200.98999999999933,-2.36458823529411,0.8049530796626787,0.5058823529411764,358.59999999999945,41,41,3,541,-624.4299999999957,-1.154214417744909,0.8433572517291593,0.48613678373382624,792.0629999999962,126,106,309
prevday_rejection,ext=0.0,20.0,30.0,-1.3890735307408604,0,456,-514.5789999999954,-1.1284627192982355,0.8333077961426003,0.4868421052631579,596.9619999999973,87,50,319,85,-182.44999999999936,-2.1464705882352866,0.8329105345580765,0.5529411764705883,335.0599999999995,45,36,4,541,-697.0289999999948,-1.2884085027726335,0.8332039940357963,0.49722735674676527,834.6619999999953,132,86,323
prevday_rejection,ext=0.0,20.0,35.0,-1.4805559361779865,0,456,-560.4409999999943,-1.229037280701742,0.8221734500649839,0.48903508771929827,620.4639999999947,87,33,336,85,-142.32999999999947,-1.674470588235288,0.8719835223644332,0.5882352941176471,296.9899999999998,48,30,7,541,-702.7709999999938,-1.2990221811460145,0.8351628479068255,0.5046210720887245,857.4539999999945,135,63,343
prevday_rejection,ext=0.0,25.0,15.0,-0.8297681266960628,1,456,-287.50299999999925,-0.6304890350877177,0.8948744613057955,0.4451754385964912,404.25599999999986,56,147,253,85,-35.51999999999998,-0.41788235294117626,0.9553207547169812,0.3764705882352941,228.1300000000001,30,53,2,541,-323.02299999999923,-0.5970850277264311,0.9084882830847963,0.4343807763401109,489.64599999999973,86,200,255
prevday_rejection,ext=0.0,25.0,20.0,-1.146701368514199,0,456,-446.28699999999685,-0.9786995614035019,0.8508640313532178,0.46271929824561403,529.1369999999997,59,108,289,85,-36.98000000000002,-0.435058823529412,0.9606595744680851,0.4470588235294118,338.1300000000001,35,47,3,541,-483.26699999999687,-0.8932846580406596,0.8771089723441983,0.4602587800369686,705.5429999999974,94,155,292
prevday_rejection,ext=0.0,25.0,25.0,-0.835875570886266,0,456,-268.7609999999961,-0.5893881578947283,0.9092418569217189,0.48026315789473684,360.94799999999896,64,65,327,85,-192.60999999999922,-2.2659999999999907,0.8281234662645125,0.4588235294117647,423.59999999999945,36,44,5,541,-461.3709999999953,-0.8528114602587714,0.8869720067870064,0.47689463955637706,658.419999999996,100,109,332
prevday_rejection,ext=0.0,25.0,30.0,-1.1671980147651517,0,456,-404.8999999999951,-0.8879385964912173,0.8703252309821827,0.4824561403508772,484.4989999999955,65,51,340,85,-169.06999999999925,-1.9890588235294029,0.8587658404965379,0.5058823529411764,386.5199999999995,40,39,6,541,-573.9699999999943,-1.0609426987060893,0.8671217175438838,0.48613678373382624,741.018999999995,105,90,346
prevday_rejection,ext=0.0,25.0,35.0,-1.2653372874480904,0,456,-455.76199999999403,-0.9994780701754256,0.8572192972398248,0.48464912280701755,530.3609999999944,65,34,357,85,-128.94999999999936,-1.5170588235294042,0.8953302434312529,0.5411764705882353,376.9899999999998,43,33,9,541,-584.7119999999934,-1.0807985212569193,0.8678321849036589,0.49353049907578556,768.8109999999942,108,67,366
prevday_rejection,ext=0.0,30.0,15.0,-1.1113659042654576,1,456,-373.371000000001,-0.8187960526315812,0.8661289177543188,0.43640350877192985,499.56300000000124,36,150,270,85,-14.230000000000018,-0.16741176470588257,0.9827515151515152,0.35294117647058826,225.0,26,55,4,541,-387.601000000001,-0.7164528650646969,0.8927511473328691,0.4232902033271719,566.823000000001,62,205,274
prevday_rejection,ext=0.0,30.0,20.0,-1.4082068157206096,0,456,-524.4009999999987,-1.1500021929824533,0.8277859768660919,0.45394736842105265,606.4740000000015,38,110,308,85,-15.570000000000164,-0.18317647058823722,0.984112244897959,0.4235294117647059,350.0,30,49,6,541,-539.9709999999989,-0.9980979667282789,0.8658475140954631,0.4491682070240296,784.7499999999991,68,159,314
prevday_rejection,ext=0.0,30.0,25.0,-0.9558134882105759,1,456,-336.7409999999975,-0.7384671052631524,0.8879085828869536,0.47149122807017546,418.15100000000075,41,66,349,85,-176.19999999999936,-2.072941176470581,0.849482757147861,0.43529411764705883,430.0599999999995,31,46,8,541,-512.9409999999968,-0.9481349353049849,0.8771338178602351,0.4658040665434381,715.6229999999973,72,112,357
prevday_rejection,ext=0.0,30.0,30.0,-1.3112185431375654,0,456,-472.87999999999647,-1.0370175438596414,0.8508407555997021,0.47368421052631576,539.2899999999997,42,52,362,85,-202.6599999999994,-2.38423529411764,0.8425440334397754,0.47058823529411764,406.5199999999995,34,42,9,541,-675.5399999999959,-1.2486876155267945,0.8484450439976917,0.4731977818853974,848.2219999999963,76,94,371
prevday_rejection,ext=0.0,30.0,35.0,-1.4371342258018824,0,456,-528.7419999999954,-1.1595219298245514,0.8370553585637612,0.4758771929824561,582.5639999999958,42,35,379,85,-221.07000000000016,-2.6008235294117665,0.8381032588795312,0.49411764705882355,426.9800000000005,36,36,13,541,-749.8119999999956,-1.3859741219962949,0.8373657225874103,0.4787430683918669,939.5439999999962,78,71,392
morning_momentum_cont,th=8.0,10.0,15.0,-2.1817688392918004,0,71,-88.56700000000001,-1.2474225352112678,0.8109832745370459,0.5352112676056338,148.567,38,30,3,85,-200.0,-2.3529411764705883,0.6825396825396826,0.5058823529411764,230.0,43,42,0,156,-288.567,-1.8497884615384617,0.7373241686669998,0.5192307692307693,288.567,81,72,3
morning_momentum_cont,th=8.0,10.0,20.0,-0.37401326127947443,1,71,-14.94199999999978,-0.210450704225349,0.9671562528849836,0.6197183098591549,100.30999999999995,44,21,6,85,-275.5600000000004,-3.241882352941181,0.6303986265357581,0.5529411764705883,305.5600000000004,47,37,1,156,-290.5020000000002,-1.8621923076923088,0.758016229877168,0.5833333333333334,305.87000000000035,91,58,7
morning_momentum_cont,th=8.0,10.0,25.0,-0.8423020415423756,0,71,-45.04199999999969,-0.6343943661971787,0.9108153381302947,0.647887323943662,120.30999999999995,46,18,7,85,-355.5600000000004,-4.183058823529416,0.5844125485062412,0.5882352941176471,395.5600000000004,50,34,1,156,-400.6020000000001,-2.567961538461539,0.7055700344406373,0.6153846153846154,405.87000000000035,96,52,8
morning_momentum_cont,th=8.0,10.0,30.0,-1.5372649486103445,1,71,-81.39200000000005,-1.1463661971830994,0.849747647230396,0.6619718309859155,170.9000000000001,46,15,10,85,-285.5600000000004,-3.3595294117647105,0.6622829840579021,0.6588235294117647,340.0,56,28,1,156,-366.95200000000045,-2.352256410256413,0.7354847173785483,0.6602564102564102,386.4600000000005,102,43,11
morning_momentum_cont,th=8.0,10.0,35.0,-1.1973214559242553,0,71,-48.501999999999725,-0.6831267605633764,0.9082812039061146,0.6901408450704225,130.5,48,12,11,85,-302.5800000000004,-3.5597647058823574,0.6571642230732622,0.6823529411764706,357.02,58,25,2,156,-351.0820000000001,-2.2505256410256416,0.7512512469958735,0.6858974358974359,361.09000000000015,106,37,13
morning_momentum_cont,th=8.0,15.0,15.0,-2.5229516556937384,0,71,-101.644,-1.431605633802817,0.8116472434758277,0.43661971830985913,161.644,29,34,8,85,-233.19999999999982,-2.7435294117647038,0.6890666666666669,0.4117647058823529,270.0,34,50,1,156,-334.8439999999998,-2.146435897435896,0.7403599589655155,0.4230769230769231,356.644,63,84,9
morning_momentum_cont,th=8.0,15.0,20.0,-0.7242032870001812,0,71,-49.14499999999998,-0.692183098591549,0.9091132695181311,0.49295774647887325,143.82600000000002,32,24,15,85,-223.76000000000022,-2.6324705882352966,0.7353706419414351,0.49411764705882355,238.76000000000022,41,42,2,156,-272.9050000000002,-1.749391025641027,0.8031397516244819,0.4935897435897436,297.58600000000024,73,66,17
morning_momentum_cont,th=8.0,15.0,25.0,-1.4305058816432978,0,71,-100.44499999999971,-1.414718309859151,0.8345298734160537,0.5070422535211268,170.02599999999984,33,21,17,85,-313.7600000000002,-3.6912941176470615,0.680019580647793,0.5294117647058824,333.7600000000002,44,39,2,156,-414.2049999999999,-2.655160256410256,0.7390979271700214,0.5192307692307693,418.78600000000006,77,60,19
morning_momentum_cont,th=8.0,15.0,30.0,-2.4434685726462972,0,71,-151.79500000000007,-2.1379577464788744,0.7695494680334238,0.5211267605633803,246.42599999999993,33,18,20,85,-283.7600000000002,-3.338352941176473,0.723312141659191,0.5882352941176471,365.5600000000004,49,34,2,156,-435.5550000000003,-2.7920192307692324,0.7413949727118571,0.5576923076923077,536.9860000000003,82,52,22
morning_momentum_cont,th=8.0,15.0,35.0,-2.572401694487052,0,71,-160.11499999999978,-2.2551408450704193,0.7652300266272538,0.5352112676056338,253.5359999999996,34,15,22,85,-270.7800000000002,-3.1856470588235317,0.7439626316685262,0.6235294117647059,400.5600000000004,52,30,3,156,-430.895,-2.7621474358974356,0.7523005447266824,0.5833333333333334,570.306,86,45,25
morning_momentum_cont,th=8.0,20.0,15.0,-2.5067501807435413,1,71,-100.91499999999974,-1.4213380281690104,0.8280708808311346,0.38028169014084506,149.98099999999977,23,37,11,85,-203.19999999999982,-2.3905882352941155,0.749135802469136,0.36470588235294116,230.0,30,54,1,156,-304.11499999999955,-1.9494551282051253,0.7823018174503584,0.3717948717948718,339.98099999999977,53,91,12
morning_momentum_cont,th=8.0,20.0,20.0,-1.08386288265438,2,71,-48.41599999999971,-0.6819154929577425,0.9197131855703957,0.43661971830985913,141.5659999999998,26,27,18,85,-218.76000000000022,-2.573647058823532,0.7686450357460128,0.43529411764705883,218.76000000000022,36,47,2,156,-267.17599999999993,-1.7126666666666661,0.827472333039304,0.4358974358974359,320.326,62,74,20
morning_momentum_cont,th=8.0,20.0,25.0,-1.9527990740191863,2,71,-109.71599999999944,-1.5452957746478795,0.8396757158012568,0.4507042253521127,162.76599999999962,27,24,20,85,-308.576,-3.6303058823529413,0.7182921663428814,0.47058823529411764,308.576,39,43,3,156,-418.29199999999946,-2.6813589743589707,0.7649667306095251,0.46153846153846156,451.34199999999964,66,67,23
morning_momentum_cont,th=8.0,20.0,30.0,-2.894274723184145,1,71,-160.5059999999994,-2.2606478873239353,0.7817545462703864,0.4647887323943662,243.6059999999993,27,20,24,85,-223.57600000000002,-2.6303058823529413,0.8022109457384092,0.5411764705882353,380.3760000000002,45,37,3,156,-384.0819999999994,-2.462064102564099,0.7941477553496761,0.5064102564102564,603.9819999999995,72,57,27
morning_momentum_cont,th=8.0,20.0,35.0,-3.0290913032678155,1,71,-173.8259999999991,-2.448253521126748,0.7738872310922302,0.4788732394366197,246.92599999999902,28,17,26,85,-210.596,-2.4776000000000002,0.8211340959201492,0.5764705882352941,415.3760000000002,48,33,4,156,-384.4219999999991,-2.464243589743584,0.8024709247058561,0.532051282051282,642.3019999999992,76,50,30
morning_momentum_cont,th=8.0,25.0,15.0,-2.9765384944979187,0,71,-172.46200000000022,-2.42904225352113,0.7290280411716734,0.323943661971831,172.46200000000022,16,40,15,85,-213.19999999999982,-2.508235294117645,0.7549425287356324,0.3176470588235294,235.0,26,58,1,156,-385.66200000000003,-2.472192307692308,0.743994020406822,0.32051282051282054,407.4620000000002,42,98,16
morning_momentum_cont,th=8.0,25.0,20.0,-2.5704009276824906,1,71,-119.96300000000019,-1.6896197183098618,0.8202903804727218,0.38028169014084506,218.61300000000028,19,30,22,85,-263.7600000000002,-3.1030588235294143,0.7477332721221163,0.3764705882352941,268.7600000000002,31,52,2,156,-383.7230000000004,-2.459762820512823,0.7760063930960165,0.3782051282051282,457.3730000000005,50,82,24
morning_momentum_cont,th=8.0,25.0,25.0,-3.594834290593912,1,71,-191.26299999999992,-2.693845070422534,0.7496026644393182,0.39436619718309857,264.8130000000001,20,27,24,85,-313.576,-3.689129411764706,0.737675844253189,0.4235294117647059,345.3760000000002,35,47,3,156,-504.83899999999994,-3.2361474358974354,0.7423257489993436,0.41025641025641024,585.1890000000003,55,74,27
morning_momentum_cont,th=8.0,25.0,30.0,-4.34798864004977,1,71,-226.1229999999996,-3.1848309859154873,0.7173243426365546,0.4225352112676056,329.7229999999995,20,22,29,85,-273.576,-3.2185411764705885,0.7863315151174343,0.4823529411764706,445.3760000000002,40,42,3,156,-499.6989999999996,-3.2031987179487156,0.7597963576652373,0.4551282051282051,750.0989999999997,60,64,32
morning_momentum_cont,th=8.0,25.0,35.0,-4.615976221151771,1,71,-244.4429999999993,-3.4428591549295677,0.7101207459638692,0.43661971830985913,341.8329999999992,21,19,31,85,-270.596,-3.1834823529411764,0.7999136347637822,0.5176470588235295,485.3760000000002,43,38,4,156,-515.0389999999993,-3.301532051282047,0.7654279772678211,0.4807692307692308,798.4189999999994,64,57,35
morning_momentum_cont,th=8.0,30.0,15.0,-3.234704431408423,0,71,-196.64200000000096,-2.7696056338028305,0.6990098221843286,0.29577464788732394,211.208000000001,12,41,18,85,-233.1199999999999,-2.742588235294116,0.7452240437158472,0.2823529411764706,315.0,22,61,2,156,-429.76200000000085,-2.7548846153846207,0.7259724915307295,0.28846153846153844,526.208000000001,34,102,20
morning_momentum_cont,th=8.0,30.0,20.0,-3.0708534786801085,1,71,-134.14300000000094,-1.8893380281690273,0.8054200911519892,0.352112676056338,259.333000000001,15,31,25,85,-285.2500000000009,-3.355882352941187,0.7419859618654792,0.3411764705882353,297.130000000001,26,55,4,156,-419.39300000000185,-2.6884166666666784,0.7663494076184503,0.34615384615384615,526.463000000002,41,86,29
morning_momentum_cont,th=8.0,30.0,25.0,-4.10014516225267,1,71,-205.44300000000067,-2.8935633802816993,0.7401751363984723,0.36619718309859156,310.5330000000008,16,28,27,85,-330.0660000000007,-3.883129411764714,0.7401824341769676,0.38823529411764707,380.3760000000002,30,50,5,156,-535.5090000000014,-3.432750000000009,0.7401796345012351,0.3782051282051282,660.909000000001,46,78,32
morning_momentum_cont,th=8.0,30.0,30.0,-4.925857860570877,1,71,-245.30300000000034,-3.45497183098592,0.7050930634601184,0.39436619718309857,380.4430000000002,16,23,32,85,-298.9260000000013,-3.5167764705882507,0.781865706930068,0.4470588235294118,500.3760000000002,34,45,6,156,-544.2290000000016,-3.4886474358974464,0.7528673937663409,0.4230769230769231,850.8190000000004,50,68,38
morning_momentum_cont,th=8.0,30.0,35.0,-5.178557911408859,1,71,-263.62300000000005,-3.7130000000000005,0.7004685735321852,0.4084507042253521,388.7629999999999,17,20,34,85,-230.94600000000128,-2.7170117647058976,0.8376359326094834,0.49411764705882355,490.3760000000002,38,40,7,156,-494.5690000000013,-3.170314102564111,0.7852047805138205,0.4551282051282051,849.1390000000001,55,60,41
morning_momentum_fade,th=8.0,10.0,15.0,-1.2871337221036898,2,71,-12.043999999999869,-0.16963380281689958,0.9713238095238098,0.6056338028169014,129.36000000000013,40,28,3,85,150.0,1.7647058823529411,1.3571428571428572,0.6705882352941176,70.0,57,28,0,156,137.95600000000013,0.8843333333333342,1.1642333333333335,0.6410256410256411,134.36000000000013,97,56,3
morning_momentum_fade,th=8.0,10.0,20.0,-1.7487250439194089,2,71,-51.123999999999796,-0.7200563380281662,0.8954690439191956,0.647887323943662,158.44000000000005,43,24,4,85,202.0699999999997,2.3772941176470552,1.4722033977519677,0.7411764705882353,60.0,63,21,1,156,150.9459999999999,0.9676025641025635,1.1646067109409928,0.6987179487179487,188.44000000000005,106,45,5
morning_momentum_fade,th=8.0,10.0,25.0,-2.057028716295294,2,71,-33.61599999999976,-0.47346478873239095,0.9320658324441431,0.6901408450704225,142.87699999999995,45,18,8,85,202.0699999999997,2.3772941176470552,1.4412683161181832,0.7764705882352941,80.0,66,18,1,156,168.45399999999995,1.079833333333333,1.1768059599354297,0.7371794871794872,142.87699999999995,111,36,9
morning_momentum_fade,th=8.0,10.0,30.0,-0.8393025653891999,2,71,42.011000000000195,0.5917042253521154,1.0935230017475321,0.7323943661971831,127.25,48,12,11,85,232.0699999999997,2.7302352941176435,1.5067805123053732,0.8117647058823529,90.0,69,15,1,156,274.0809999999999,1.7569294871794865,1.302139152386359,0.7756410256410257,127.25,117,27,12
morning_momentum_fade,th=8.0,10.0,35.0,-1.0259146762686868,2,71,28.98100000000045,0.4081830985915556,1.062697545620735,0.7323943661971831,170.07000000000016,48,8,15,85,292.0699999999997,3.43611764705882,1.6825181688593918,0.8470588235294118,105.0,72,12,1,156,321.05100000000016,2.058019230769232,1.3606645958895263,0.7948717948717948,170.07000000000016,120,20,16
morning_momentum_fade,th=8.0,15.0,15.0,-0.66375900015713,1,71,48.793000000000575,0.6872253521126842,1.1045296988341564,0.5492957746478874,103.42599999999993,33,31,7,85,94.46000000000004,1.1112941176470592,1.1614700854700855,0.5411764705882353,165.0,45,39,1,156,143.2530000000006,0.9182884615384654,1.1361997592666195,0.5448717948717948,165.0,78,70,8
morning_momentum_fade,th=8.0,15.0,20.0,-0.6779307664071348,1,71,32.666000000000395,0.46008450704225906,1.0634053645915227,0.6056338028169014,105.63599999999997,35,25,11,85,156.52999999999975,1.841529411764703,1.2492793782746479,0.6235294117647059,102.93000000000029,52,31,2,156,189.19600000000014,1.2127948717948727,1.165507998701802,0.6153846153846154,111.17599999999993,87,56,13
morning_momentum_fade,th=8.0,15.0,25.0,0.005451358294044861,2,71,55.17400000000043,0.7770985915493018,1.104904505223931,0.647887323943662,109.05600000000004,37,19,15,85,121.52999999999975,1.42976470588235,1.1716695153475623,0.6588235294117647,112.93000000000029,55,28,2,156,176.70400000000018,1.13271794871795,1.1432106169587681,0.6538461538461539,112.93000000000029,92,47,17
morning_momentum_fade,th=8.0,15.0,30.0,1.4235041816861511,3,71,140.80100000000039,1.9831126760563436,1.290121116463845,0.6901408450704225,94.64300000000003,40,13,18,85,116.52999999999975,1.3709411764705852,1.153747707571939,0.6941176470588235,172.9300000000003,58,25,2,156,257.33100000000013,1.6495576923076931,1.206982838500444,0.6923076923076923,172.9300000000003,98,38,20
morning_momentum_fade,th=8.0,15.0,35.0,0.8246981272530732,2,71,122.77100000000064,1.729169014084516,1.2439087867638308,0.6901408450704225,127.46300000000019,40,9,22,85,136.8100000000004,1.6095294117647105,1.1782192405393088,0.7176470588235294,187.64999999999964,60,21,4,156,259.58100000000104,1.663980769230776,1.2042339956475157,0.7051282051282052,187.64999999999964,100,30,26
morning_momentum_fade,th=8.0,20.0,15.0,-1.1098559306761437,1,71,-57.749999999999545,-0.8133802816901344,0.8931457880012442,0.43661971830985913,96.7229999999995,22,35,14,85,109.46000000000004,1.2877647058823534,1.162162962962963,0.47058823529411764,205.0,39,45,1,156,51.71000000000049,0.3314743589743621,1.0425437037622098,0.4551282051282051,205.0,61,80,15
morning_momentum_fade,th=8.0,20.0,20.0,-1.3416340970234164,0,71,-83.87699999999973,-1.1813661971830947,0.8622399456035269,0.49295774647887325,137.18299999999977,24,29,18,85,176.52999999999975,2.0768235294117616,1.2360247616755575,0.5529411764705883,127.93000000000029,46,37,2,156,92.65300000000002,0.5939294871794873,1.0682882355672532,0.5256410256410257,137.18299999999977,70,66,20
morning_momentum_fade,th=8.0,20.0,25.0,-1.6667201061201635,1,71,-71.36899999999969,-1.005197183098587,0.8884188144430638,0.5352112676056338,167.93499999999972,26,23,22,85,126.52999999999975,1.4885882352941147,1.147482894874873,0.5882352941176471,197.9300000000003,49,34,2,156,55.16100000000006,0.3535961538461542,1.036834285447182,0.5641025641025641,197.9300000000003,75,57,24
morning_momentum_fade,th=8.0,20.0,30.0,-0.8508396405060351,2,71,9.258000000000266,0.13039436619718683,1.0149566712117202,0.5774647887323944,187.30799999999977,29,17,25,85,163.6299999999992,1.9250588235294024,1.181643595350953,0.6352941176470588,157.9300000000003,53,29,3,156,172.88799999999947,1.1082564102564068,1.1137557260145619,0.6089743589743589,187.30799999999977,82,46,28
morning_momentum_fade,th=8.0,20.0,35.0,-0.6194592977807336,1,71,-8.981999999999061,-0.1265070422535079,0.9859045741869487,0.5774647887323944,213.28799999999887,29,12,30,85,228.90999999999985,2.69305882352941,1.2556082854111996,0.6705882352941176,187.9300000000003,56,24,5,156,219.9280000000008,1.409794871794877,1.1434832702452677,0.6282051282051282,213.28799999999887,85,36,35
morning_momentum_fade,th=8.0,25.0,15.0,-0.15312693126899818,1,71,3.4100000000003092,0.048028169014088865,1.0062864559136937,0.4225352112676056,108.99699999999984,19,35,17,85,144.46000000000004,1.6995294117647064,1.1965442176870749,0.4235294117647059,200.0,35,49,1,156,147.87000000000035,0.9478846153846175,1.1157553098550537,0.4230769230769231,200.0,54,84,18
morning_momentum_fade,th=8.0,25.0,20.0,-0.7400778834823654,1,71,-24.57399999999984,-0.3461126760563358,0.9597703501554412,0.4788732394366197,132.914,20,29,22,85,181.52999999999975,2.1356470588235266,1.2140860684254593,0.49411764705882355,152.9300000000003,41,42,2,156,156.9559999999999,1.0061282051282046,1.1075945332138721,0.48717948717948717,152.9300000000003,61,71,24
morning_momentum_fade,th=8.0,25.0,25.0,-0.9277989216715281,2,71,-2.0659999999998035,-0.029098591549293007,0.996779900092738,0.5211267605633803,156.77499999999986,22,23,26,85,159.17399999999998,1.8726352941176467,1.166164542294322,0.5411764705882353,232.9300000000003,44,38,3,156,157.10800000000017,1.0071025641025653,1.0982216595551806,0.532051282051282,232.9300000000003,66,61,29
morning_momentum_fade,th=8.0,25.0,30.0,0.024934402142925194,2,71,93.56100000000015,1.3177605633802838,1.1506695997217251,0.5633802816901409,181.1479999999999,25,17,29,85,196.27399999999943,2.3091058823529345,1.192269035980525,0.5882352941176471,200.83000000000084,48,33,4,156,289.8349999999996,1.857916666666664,1.1765351157694184,0.5769230769230769,200.83000000000084,73,50,33
morning_momentum_fade,th=8.0,25.0,35.0,0.25042864398123976,2,71,75.32100000000082,1.0608591549295892,1.1178348831679217,0.5633802816901409,187.12799999999902,25,12,34,85,252.67700000000013,2.9726705882352955,1.2440027038771668,0.6235294117647059,235.83000000000084,50,28,7,156,327.99800000000096,2.102551282051288,1.1958479971434686,0.5961538461538461,235.83000000000084,75,40,41
morning_momentum_fade,th=8.0,30.0,15.0,0.8224429835221521,1,71,78.09999999999991,1.0999999999999988,1.1439801193136148,0.4225352112676056,103.99699999999984,17,35,19,85,49.460000000000036,0.5818823529411769,1.059951515151515,0.35294117647058826,285.0,29,55,1,156,127.55999999999995,0.8176923076923074,1.0932840732582731,0.38461538461538464,285.0,46,90,20
morning_momentum_fade,th=8.0,30.0,20.0,0.25438664599266525,1,71,55.11599999999976,0.7762816901408417,1.0902294042822784,0.4788732394366197,127.91399999999999,18,29,24,85,36.529999999999745,0.42976470588234994,1.0369763039891489,0.4117647058823529,277.9300000000003,34,49,2,156,91.6459999999995,0.5874743589743557,1.0573227093527346,0.4423076923076923,277.9300000000003,52,78,26
morning_momentum_fade,th=8.0,30.0,25.0,-0.19105916770233233,2,71,55.22400000000016,0.7778028169014107,1.0857522185731259,0.5070422535211268,145.24599999999987,19,23,29,85,-5.826000000000022,-0.0685411764705885,0.9948575816687704,0.4588235294117647,372.9300000000003,37,45,3,156,49.39800000000014,0.31665384615384706,1.027799710173474,0.4807692307692308,372.9300000000003,56,68,32
morning_momentum_fade,th=8.0,30.0,30.0,0.9383791885696329,2,71,165.8510000000001,2.3359295774647904,1.2660563262791806,0.5492957746478874,174.03199999999993,22,17,32,85,91.86399999999958,1.0807529411764656,1.0775066653167287,0.5176470588235295,315.2400000000007,42,38,5,156,257.7149999999997,1.6520192307692287,1.1424935641111835,0.532051282051282,315.2400000000007,64,55,37
morning_momentum_fade,th=8.0,30.0,35.0,1.1610770168685112,2,71,147.6110000000008,2.0790281690140957,1.2300641513198107,0.5492957746478874,167.43799999999942,22,12,37,85,151.30700000000024,1.7800823529411793,1.125366221456269,0.5529411764705883,338.9400000000005,44,32,9,156,298.91800000000103,1.9161410256410323,1.1617059627985087,0.5512820512820513,338.9400000000005,66,44,46
asia_rejection,ext=2.0,10.0,15.0,-2.0314807125363012,1,110,-170.14700000000016,-1.5467909090909107,0.7638903343893579,0.5181818181818182,259.72100000000046,54,46,10,80,-75.0,-0.9375,0.8571428571428571,0.5625,140.0,45,35,0,190,-245.14700000000016,-1.2902473684210536,0.80319389351708,0.5368421052631579,354.72100000000046,99,81,10
asia_rejection,ext=2.0,10.0,20.0,-3.2119743384431874,0,110,-298.28500000000054,-2.711681818181823,0.6572492611471403,0.5454545454545454,367.85900000000083,56,41,13,80,-40.0,-0.5,0.9285714285714286,0.65,110.0,52,28,0,190,-338.28500000000054,-1.7804473684210556,0.7634813895018273,0.5894736842105263,417.85900000000083,108,69,13
asia_rejection,ext=2.0,10.0,25.0,-3.1208200371983543,0,110,-308.07300000000146,-2.8006636363636495,0.6590325015550176,0.5727272727272728,357.64700000000175,58,29,23,80,-180.0,-2.25,0.7428571428571429,0.65,225.0,52,28,0,190,-488.07300000000146,-2.5688052631579024,0.6956251410953105,0.6052631578947368,542.6470000000018,110,57,23
asia_rejection,ext=2.0,10.0,30.0,-3.8752316199073706,0,110,-387.8860000000009,-3.5262363636363716,0.6095129658656302,0.5818181818181818,424.4230000000016,59,23,28,80,-120.0,-1.5,0.8260869565217391,0.7125,170.0,57,23,0,190,-507.8860000000009,-2.6730842105263206,0.6982865602234601,0.6368421052631579,544.4230000000016,116,46,28
asia_rejection,ext=2.0,10.0,35.0,-3.815721513557627,0,110,-372.7700000000009,-3.38881818181819,0.6265664085079178,0.6,429.59000000000106,61,18,31,80,-224.51699999999983,-2.8064624999999976,0.7174169967414167,0.7125,259.5169999999998,57,22,1,190,-597.2870000000007,-3.143615789473688,0.6668301036402374,0.6473684210526316,625.1370000000015,118,40,32
asia_rejection,ext=2.0,15.0,15.0,-0.7257302341184954,1,110,-25.143000000000256,-0.2285727272727296,0.9658465287559918,0.5,175.07100000000082,42,47,21,80,-150.0,-1.875,0.7777777777777778,0.4375,255.0,35,45,0,190,-175.14300000000026,-0.9218052631578961,0.8758887085036107,0.47368421052631576,325.0710000000008,77,92,21
asia_rejection,ext=2.0,15.0,20.0,-1.8583765710762434,1,110,-148.28100000000063,-1.3480090909090967,0.8335451236952997,0.5272727272727272,293.2090000000012,44,42,24,80,-200.0,-2.5,0.75,0.5,265.0,40,40,0,190,-348.28100000000063,-1.8330578947368454,0.794016269048472,0.5157894736842106,473.2090000000012,84,82,24
asia_rejection,ext=2.0,15.0,25.0,-1.4129021537146325,1,110,-114.84900000000175,-1.044081818181834,0.872965325923925,0.5636363636363636,228.74700000000166,46,29,35,80,-360.0,-4.5,0.6307692307692307,0.5125,440.0,41,39,0,190,-474.84900000000175,-2.499205263157904,0.7472965436203743,0.5421052631578948,574.7770000000023,87,68,35
asia_rejection,ext=2.0,15.0,30.0,-2.146934835966769,0,110,-189.66200000000117,-1.7242000000000106,0.8091718491702785,0.5727272727272728,275.5230000000015,47,23,40,80,-330.0,-4.125,0.6764705882352942,0.575,435.0,46,34,0,190,-519.6620000000012,-2.735063157894743,0.7419609521676711,0.5736842105263158,601.5530000000022,93,57,40
asia_rejection,ext=2.0,15.0,35.0,-2.0791623192435984,0,110,-164.5460000000012,-1.4958727272727381,0.8352518540248874,0.5909090909090909,308.0100000000011,49,18,43,80,-489.5169999999998,-6.118962499999998,0.5849852100478417,0.575,579.5169999999998,46,33,1,190,-654.063000000001,-3.4424368421052685,0.6997355723985325,0.5842105263157895,727.2670000000021,95,51,44
asia_rejection,ext=2.0,20.0,15.0,-1.2999810557341318,1,110,-68.49900000000025,-0.6227181818181841,0.9155768526837706,0.44545454545454544,208.25500000000102,30,52,28,80,-115.0,-1.4375,0.8435374149659864,0.3875,265.0,31,49,0,190,-183.49900000000025,-0.9657842105263171,0.8813361812805026,0.42105263157894735,363.255000000001,61,101,28
asia_rejection,ext=2.0,20.0,20.0,-1.6670839066048835,1,110,-119.22900000000072,-1.0839000000000065,0.8709097995907357,0.4818181818181818,288.9850000000015,33,43,34,80,-160.0,-2.0,0.8181818181818182,0.45,280.0,36,44,0,190,-279.2290000000007,-1.4696263157894776,0.8451832713280584,0.46842105263157896,428.9850000000015,69,87,34
asia_rejection,ext=2.0,20.0,25.0,-1.2439144180790076,1,110,-80.79700000000184,-0.7345181818181986,0.9142162171344586,0.5181818181818182,229.52300000000196,35,30,45,80,-335.0,-4.1875,0.6883720930232559,0.4625,475.0,37,43,0,190,-415.79700000000184,-2.1884052631579043,0.7938402513203633,0.49473684210526314,540.5530000000026,72,73,45
asia_rejection,ext=2.0,20.0,30.0,-1.982229856168672,1,110,-155.61000000000126,-1.4146363636363752,0.8498959660686352,0.5272727272727272,281.2990000000018,36,24,50,80,-293.77700000000004,-3.6722125000000005,0.7408864353395773,0.525,463.77700000000004,42,37,1,190,-449.3870000000013,-2.365194736842112,0.7929529159283427,0.5263157894736842,556.1060000000025,78,61,51
asia_rejection,ext=2.0,20.0,35.0,-1.882281592725172,1,110,-125.49400000000128,-1.1408545454545571,0.8800896265401564,0.5454545454545454,296.5020000000013,38,19,53,80,-468.29399999999987,-5.853674999999998,0.6420575191814685,0.525,623.2939999999999,42,36,2,190,-593.7880000000011,-3.125200000000006,0.7478456247274249,0.5368421052631579,691.8200000000024,80,55,55
asia_rejection,ext=2.0,25.0,15.0,-2.200104148732818,1,110,-149.05200000000036,-1.355018181818185,0.8271149284633091,0.4,300.18300000000136,20,54,36,80,-280.0,-3.5,0.672514619883041,0.2875,410.0,23,57,0,190,-429.05200000000036,-2.2581684210526336,0.7501364182989787,0.3526315789473684,584.8630000000012,43,111,36
asia_rejection,ext=2.0,25.0,20.0,-2.504705921331933,1,110,-194.78200000000083,-1.7707454545454622,0.8021268252642778,0.43636363636363634,390.59300000000167,23,45,42,80,-365.02000000000044,-4.562750000000006,0.6490259802696099,0.3375,455.02000000000044,27,52,1,190,-559.8020000000013,-2.9463263157894803,0.7234723606721598,0.39473684210526316,680.6130000000021,50,97,43
asia_rejection,ext=2.0,25.0,25.0,-2.0230586287919614,1,110,-156.35000000000196,-1.4213636363636541,0.8456009859416397,0.4727272727272727,331.13100000000213,25,32,53,80,-573.9200000000001,-7.174000000000001,0.5449232843040084,0.35,675.0200000000004,27,50,3,190,-730.270000000002,-3.8435263157894846,0.6788308134538599,0.42105263157894735,829.9510000000028,52,82,56
asia_rejection,ext=2.0,25.0,30.0,-2.7953526505294506,1,110,-236.16300000000138,-2.1469363636363763,0.7886588112746074,0.4818181818181818,387.907000000002,26,26,58,80,-542.6970000000001,-6.783712500000002,0.5994640301654629,0.4125,683.7970000000005,32,44,4,190,-778.8600000000015,-4.099263157894745,0.6849751008746238,0.45263157894736844,860.5040000000026,58,70,62
asia_rejection,ext=2.0,25.0,35.0,-2.6510357587298126,0,110,-206.0470000000014,-1.8731545454545582,0.8188331825419632,0.5,404.1040000000021,28,21,61,80,-638.4139999999998,-7.980174999999997,0.5673658416257582,0.425,769.5140000000001,33,40,7,190,-844.4610000000011,-4.444531578947374,0.6768203470600771,0.46842105263157896,917.4180000000024,61,61,68
asia_rejection,ext=2.0,30.0,15.0,-2.6610799880331637,1,110,-190.01300000000015,-1.7273909090909105,0.7870155636135381,0.38181818181818183,324.9800000000009,13,56,41,80,-300.0,-3.75,0.6666666666666666,0.25,435.0,20,60,0,190,-490.01300000000015,-2.579015789473685,0.7265773695766804,0.3263157894736842,669.6600000000008,33,116,41
asia_rejection,ext=2.0,30.0,20.0,-2.872232986253273,1,110,-230.74300000000062,-2.097663636363642,0.7747481886569211,0.41818181818181815,415.39000000000124,16,47,47,80,-480.02000000000044,-6.000250000000006,0.5789372116278659,0.275,580.0200000000004,22,57,1,190,-710.763000000001,-3.740857894736848,0.671611690641,0.35789473684210527,855.4100000000017,38,104,48
asia_rejection,ext=2.0,30.0,25.0,-2.766167217809921,1,110,-239.2310000000018,-2.1748272727272893,0.778398712063106,0.44545454545454544,397.8480000000018,17,34,59,80,-707.8200000000006,-8.847750000000008,0.4871055396543603,0.2875,838.920000000001,22,54,4,190,-947.0510000000024,-4.984478947368434,0.6149582494106772,0.37894736842105264,1070.568000000003,39,88,63
asia_rejection,ext=2.0,30.0,30.0,-2.9655544742359283,1,110,-264.04400000000123,-2.4004000000000114,0.7732299640406082,0.4636363636363636,454.6240000000016,19,27,64,80,-706.3570000000009,-8.82946250000001,0.5286513228794857,0.3375,857.4570000000012,26,48,6,190,-970.4010000000021,-5.107373684210537,0.6355925520361578,0.4105263157894737,1070.881000000003,45,75,70
asia_rejection,ext=2.0,30.0,35.0,-2.7274617879880383,0,110,-228.92800000000125,-2.0811636363636477,0.8075026928668659,0.4818181818181818,470.82100000000173,21,22,67,80,-817.0740000000005,-10.213425000000006,0.5015726186235133,0.35,958.1740000000009,27,44,9,190,-1046.0020000000018,-5.505273684210535,0.6301994267748533,0.4263157894736842,1137.7950000000028,48,66,76
prevday_rejection,ext=2.0,10.0,15.0,-0.5950700904267098,1,112,-18.038999999999078,-0.16106249999999175,0.9689667096179303,0.5535714285714286,129.72499999999945,55,33,24,68,5.0,0.07352941176470588,1.0123456790123457,0.6029411764705882,105.0,41,27,0,180,-13.038999999999078,-0.07243888888888377,0.9867796029318285,0.5722222222222222,164.72499999999945,96,60,24
prevday_rejection,ext=2.0,10.0,20.0,-1.2117921255487039,1,112,-75.75799999999799,-0.6764107142856963,0.8832692858837806,0.5625,202.23899999999958,56,24,32,68,-10.0,-0.14705882352941177,0.9782608695652174,0.6617647058823529,100.0,45,23,0,180,-85.75799999999799,-0.47643333333332216,0.922670735204213,0.6,230.14899999999852,101,47,32
prevday_rejection,ext=2.0,10.0,25.0,-0.8662653169505815,1,112,-48.401999999997315,-0.4321607142856903,0.925723019694867,0.5892857142857143,164.8829999999989,59,16,37,68,-90.0,-1.3235294117647058,0.8363636363636363,0.6764705882352942,170.0,46,22,0,180,-138.40199999999732,-0.768899999999985,0.8848226010741989,0.6222222222222222,272.79299999999785,105,38,37
prevday_rejection,ext=2.0,10.0,30.0,-1.1176586475268517,1,112,-63.678999999996904,-0.5685624999999723,0.905928183431109,0.5982142857142857,170.1599999999985,60,12,40,68,-47.179999999999836,-0.6938235294117623,0.9126296296296299,0.7352941176470589,160.0,49,18,1,180,-110.85899999999674,-0.6158833333333152,0.9089019071934968,0.65,268.06999999999744,109,30,41
prevday_rejection,ext=2.0,10.0,35.0,-0.8711480736097506,1,112,-42.812999999996464,-0.382258928571397,0.9357213314856375,0.6071428571428571,139.29399999999805,61,7,44,68,-39.11000000000013,-0.5751470588235312,0.9291395647998838,0.7647058823529411,166.9300000000003,51,15,2,180,-81.92299999999659,-0.4551277777777588,0.9327387984889799,0.6666666666666666,234.1339999999973,112,22,46
prevday_rejection,ext=2.0,15.0,15.0,-0.3316483928675467,1,112,1.055000000000291,0.009419642857145456,1.001625655462742,0.5,77.22700000000032,38,37,37,68,-60.0,-0.8823529411764706,0.8888888888888888,0.47058823529411764,180.0,32,36,0,180,-58.94499999999971,-0.3274722222222206,0.9504234340844886,0.4888888888888889,234.6939999999995,70,73,37
prevday_rejection,ext=2.0,15.0,20.0,-0.7014606462213658,1,112,-35.933999999998605,-0.3208392857142733,0.9488103615782849,0.5178571428571429,123.82800000000043,39,26,47,68,-100.0,-1.4705882352941178,0.84375,0.5294117647058824,245.0,36,32,0,180,-135.9339999999986,-0.7551888888888811,0.8987062381052455,0.5222222222222223,317.02799999999934,75,58,47
prevday_rejection,ext=2.0,15.0,25.0,-0.5577515299838942,1,112,-24.564999999997553,-0.2193303571428353,0.9659107782445159,0.5357142857142857,111.26399999999921,41,18,53,68,-260.0,-3.823529411764706,0.675,0.5294117647058824,345.0,36,32,0,180,-284.56499999999755,-1.580916666666653,0.8128611628630384,0.5333333333333333,429.4639999999981,77,50,53
prevday_rejection,ext=2.0,15.0,30.0,-0.8620931263294652,1,112,-44.84199999999714,-0.4003749999999745,0.94067623953877,0.5446428571428571,119.50399999999809,42,14,56,68,-297.17999999999984,-4.370294117647056,0.6584137931034485,0.5735294117647058,405.0,38,29,1,180,-342.021999999997,-1.9001222222222054,0.7896396180298019,0.5555555555555556,494.5039999999981,80,43,57
prevday_rejection,ext=2.0,15.0,35.0,-0.657600185694137,1,112,-28.975999999996702,-0.25871428571425625,0.9616222086832179,0.5535714285714286,128.1999999999989,43,9,60,68,-284.1100000000001,-4.178088235294119,0.6849977270963378,0.6176470588235294,366.9300000000003,41,25,2,180,-313.08599999999683,-1.739366666666649,0.8110468028606793,0.5777777777777777,480.1299999999992,84,34,62
prevday_rejection,ext=2.0,20.0,15.0,-1.0995602905288968,1,112,-68.04599999999914,-0.6075535714285637,0.9060357457996695,0.44642857142857145,149.95899999999938,24,42,46,68,-5.0,-0.07352941176470588,0.9914529914529915,0.4264705882352941,165.0,29,39,0,180,-73.04599999999914,-0.40581111111110635,0.9442043005906807,0.4388888888888889,264.9589999999994,53,81,46
prevday_rejection,ext=2.0,20.0,20.0,-1.2717326628637178,1,112,-86.11199999999826,-0.7688571428571274,0.8877841168237839,0.4732142857142857,169.12400000000002,25,28,59,68,-80.0,-1.1764705882352942,0.8888888888888888,0.47058823529411764,220.0,32,36,0,180,-166.11199999999826,-0.9228444444444348,0.8883189075003137,0.4722222222222222,322.32399999999893,57,64,59
prevday_rejection,ext=2.0,20.0,25.0,-1.1039258721131724,1,112,-74.74299999999721,-0.6673482142856894,0.9061028204455007,0.49107142857142855,150.95499999999788,27,20,65,68,-260.0,-3.823529411764706,0.7111111111111111,0.47058823529411764,370.0,32,36,0,180,-334.7429999999972,-1.8596833333333178,0.8026289954829263,0.48333333333333334,470.9549999999979,59,56,65
prevday_rejection,ext=2.0,20.0,30.0,-1.4373526555169258,1,112,-100.0199999999968,-0.8930357142856857,0.8811105854608337,0.5,176.23199999999747,28,16,68,68,-283.6399999999999,-4.171176470588233,0.706516565610579,0.5147058823529411,426.46000000000004,34,32,2,180,-383.65999999999667,-2.131444444444426,0.7877688569079964,0.5055555555555555,532.6919999999975,62,48,70
prevday_rejection,ext=2.0,20.0,35.0,-1.341950749131749,1,112,-90.40099999999666,-0.8071517857142558,0.8936984078455387,0.5089285714285714,169.40199999999822,28,11,73,68,-268.5799999999995,-3.9497058823529336,0.7311538423038815,0.5588235294117647,395.77999999999975,36,27,5,180,-358.98099999999613,-1.9943388888888673,0.8058964113267348,0.5277777777777778,510.18199999999797,64,38,78
prevday_rejection,ext=2.0,25.0,15.0,-1.4223669425089505,1,112,-99.31399999999894,-0.8867321428571334,0.8665699334287243,0.42857142857142855,171.05099999999902,17,43,52,68,20.0,0.29411764705882354,1.0317460317460319,0.38235294117647056,150.0,26,42,0,180,-79.31399999999894,-0.44063333333332744,0.9422883400093872,0.4111111111111111,246.05099999999902,43,85,52
prevday_rejection,ext=2.0,25.0,20.0,-1.5916652632651245,1,112,-117.37999999999806,-1.048035714285697,0.8518909206535092,0.45535714285714285,189.37699999999882,18,29,65,68,-16.460000000000036,-0.2420588235294123,0.9783421052631579,0.4411764705882353,211.46000000000004,29,38,1,180,-133.8399999999981,-0.743555555555545,0.9137919929096116,0.45,305.83699999999885,47,67,66
prevday_rejection,ext=2.0,25.0,25.0,-0.808762665043355,1,112,-51.01099999999701,-0.4554553571428305,0.9363281761956211,0.48214285714285715,143.82999999999765,21,20,71,68,-196.6199999999999,-2.8914705882352925,0.7908653846153847,0.4411764705882353,331.46000000000004,29,37,2,180,-247.6309999999969,-1.3757277777777606,0.8577908075219031,0.4666666666666667,400.2899999999977,50,57,73
prevday_rejection,ext=2.0,25.0,30.0,-1.099028573278508,1,112,-71.2879999999966,-0.6364999999999696,0.9157782314468299,0.49107142857142855,153.86999999999762,22,16,74,68,-215.25999999999976,-3.165588235294114,0.7872125897075979,0.4852941176470588,397.9200000000001,31,33,4,180,-286.54799999999636,-1.5919333333333132,0.8457804194931052,0.4888888888888889,441.7899999999977,53,49,78
prevday_rejection,ext=2.0,25.0,35.0,-0.9878367453834331,1,112,-61.66899999999646,-0.5506160714285399,0.9279202305842019,0.5,160.49399999999787,22,11,79,68,-255.19999999999936,-3.752941176470579,0.7646125607607669,0.5147058823529411,422.2399999999998,32,29,7,180,-316.8689999999958,-1.76038333333331,0.8366432339246184,0.5055555555555555,487.73399999999765,54,40,86
prevday_rejection,ext=2.0,30.0,15.0,-1.7525907480837835,2,112,-123.31599999999935,-1.1010357142857086,0.8395357159122708,0.4107142857142857,234.49999999999955,13,44,55,68,21.75,0.31985294117647056,1.0329545454545455,0.35294117647058826,210.0,22,44,2,180,-101.56599999999935,-0.564255555555552,0.9288999961497945,0.3888888888888889,317.3959999999993,35,88,57
prevday_rejection,ext=2.0,30.0,20.0,-1.9137241072320363,1,112,-141.38199999999847,-1.2623392857142721,0.827940474915543,0.4375,244.63099999999986,14,30,68,68,-9.710000000000036,-0.14279411764705935,0.9878625,0.4117647058823529,281.46000000000004,25,40,3,180,-151.0919999999985,-0.8393999999999917,0.9068313329682861,0.42777777777777776,372.18699999999853,39,70,71
prevday_rejection,ext=2.0,30.0,25.0,-0.9749060588644539,1,112,-65.01299999999742,-0.5804732142856912,0.9221713444306804,0.4642857142857143,144.72099999999818,17,21,74,68,-199.8699999999999,-2.9392647058823513,0.7981437343459644,0.4117647058823529,391.46000000000004,25,39,4,180,-264.8829999999973,-1.4715722222222072,0.854897986573506,0.4444444444444444,426.1809999999982,42,60,78
prevday_rejection,ext=2.0,30.0,30.0,-1.2322986457863885,1,112,-85.28999999999701,-0.7615178571428304,0.9036937168873082,0.4732142857142857,157.95099999999775,18,17,77,68,-278.50999999999976,-4.0957352941176435,0.7471814237214286,0.4411764705882353,437.9200000000001,26,36,6,180,-363.79999999999677,-2.021111111111093,0.8169312893512195,0.46111111111111114,505.8709999999978,44,53,83
prevday_rejection,ext=2.0,30.0,35.0,-1.2150963034198863,1,112,-80.67099999999687,-0.7202767857142577,0.9103402515821164,0.48214285714285715,169.574999999998,18,12,82,68,-321.98,-4.735,0.7277585186437814,0.47058823529411764,470.77000000000044,27,31,10,180,-402.6509999999969,-2.236949999999983,0.8066451663092357,0.4777777777777778,560.3449999999984,45,43,92
midday_momentum_cont,th=3.0,10.0,15.0,-1.3699794480670857,1,254,-220.77699999999982,-0.869200787401574,0.8513268174294369,0.5354330708661418,283.60599999999977,121,89,44,119,-360.0,-3.0252100840336134,0.6129032258064516,0.4789915966386555,410.0,57,62,0,373,-580.7769999999998,-1.5570428954423587,0.7595108369337742,0.517426273458445,623.6059999999998,178,151,44
midday_momentum_cont,th=3.0,10.0,20.0,-1.5614709263513316,1,254,-237.7180000000003,-0.9358976377952768,0.8503191731846669,0.5787401574803149,360.1819999999998,128,64,62,119,-430.0,-3.6134453781512605,0.6018518518518519,0.5462184873949579,480.0,65,54,0,373,-667.7180000000003,-1.7901286863270787,0.7497464550556449,0.5683646112600537,759.1019999999994,193,118,62
midday_momentum_cont,th=3.0,10.0,25.0,-2.013493491590587,1,254,-339.9400000000005,-1.3383464566929153,0.8012997291354191,0.5905511811023622,439.0079999999998,130,50,74,119,-347.3700000000008,-2.9190756302521077,0.6805411221571309,0.6218487394957983,415.1800000000003,74,43,2,373,-687.3100000000013,-1.842654155495982,0.754373187219729,0.6005361930294906,784.1880000000001,204,93,76
midday_momentum_cont,th=3.0,10.0,30.0,-2.383356293057922,1,254,-424.9010000000005,-1.6728385826771675,0.7659952009578256,0.5984251968503937,526.605,132,39,83,119,-442.3700000000008,-3.7173949579832,0.635119641693542,0.6470588235294118,510.1800000000003,77,40,2,373,-867.2710000000013,-2.3251233243967864,0.7135969861456616,0.613941018766756,966.7850000000003,209,79,85
midday_momentum_cont,th=3.0,10.0,35.0,-1.938758798870079,1,254,-316.45200000000045,-1.2458740157480332,0.8178515307972576,0.610236220472441,448.15599999999995,135,27,92,119,-529.1600000000012,-4.44672268907564,0.595801888233676,0.6554621848739496,579.1600000000012,78,35,6,373,-845.6120000000017,-2.267056300268101,0.7224307317601563,0.6246648793565683,957.3160000000012,213,62,98
midday_momentum_cont,th=3.0,15.0,15.0,-1.102789872524213,1,254,-174.73000000000047,-0.6879133858267735,0.8964919950571119,0.48031496062992124,301.3909999999996,91,102,61,119,-375.0,-3.1512605042016806,0.6527777777777778,0.3949579831932773,450.0,47,72,0,373,-549.7300000000005,-1.4738069705093846,0.8014040046501512,0.45308310991957107,676.3909999999996,138,174,61
midday_momentum_cont,th=3.0,15.0,20.0,-1.357997254478779,1,254,-193.19300000000135,-0.7606023622047298,0.8943022932637695,0.5236220472440944,379.9939999999997,98,74,82,119,-350.0,-2.9411764705882355,0.7131147540983607,0.48739495798319327,435.0,58,61,0,373,-543.1930000000013,-1.4562815013404862,0.82177467724133,0.5120643431635389,739.9939999999997,156,135,82
midday_momentum_cont,th=3.0,15.0,25.0,-1.903402363821959,1,254,-311.5550000000019,-1.2265944881889839,0.8423767315261707,0.5354330708661418,499.9300000000003,100,58,96,119,-257.3700000000008,-2.1627731092437044,0.796121580836046,0.5630252100840336,405.1800000000003,67,50,2,373,-568.9250000000027,-1.5252680965147525,0.8243489402429793,0.5442359249329759,815.1100000000006,167,108,98
midday_momentum_cont,th=3.0,15.0,30.0,-2.5007794945844126,1,254,-438.0930000000021,-1.7247755905511895,0.7935024588259186,0.5433070866141733,629.1040000000007,101,47,106,119,-378.3000000000011,-3.1789915966386646,0.7340354478792431,0.5882352941176471,520.1800000000003,69,47,3,373,-816.3930000000032,-2.1887211796246735,0.7696350162292444,0.5576407506702413,1059.284000000001,170,94,109
midday_momentum_cont,th=3.0,15.0,35.0,-2.167469514090699,1,254,-354.64400000000205,-1.396236220472449,0.8297511583741851,0.5551181102362205,580.6550000000007,104,35,115,119,-495.0900000000015,-4.1604201680672395,0.6814420651670349,0.5966386554621849,618.29,70,42,7,373,-849.7340000000036,-2.278107238605908,0.7663802233114443,0.5683646112600537,1108.9450000000006,174,77,122
midday_momentum_cont,th=3.0,20.0,15.0,-1.3830841795755284,1,254,-202.49199999999996,-0.7972125984251967,0.8851760703147151,0.4448818897637795,315.49999999999955,64,106,84,119,-350.0,-2.9411764705882355,0.7008547008547008,0.3445378151260504,450.0,41,78,0,373,-552.492,-1.4812117962466487,0.8116611556161581,0.4128686327077748,665.4999999999995,105,184,84
midday_momentum_cont,th=3.0,20.0,20.0,-1.8189646286247771,1,254,-274.31200000000035,-1.0799685039370093,0.8588353473589521,0.484251968503937,430.6439999999993,68,79,107,119,-260.0,-2.1848739495798317,0.803030303030303,0.44537815126050423,380.0,53,66,0,373,-534.3120000000004,-1.4324718498659528,0.8362616396267962,0.4718498659517426,710.6439999999993,121,145,107
midday_momentum_cont,th=3.0,20.0,25.0,-2.444559100103243,1,254,-412.804000000001,-1.6252125984252008,0.8050050118138983,0.49606299212598426,575.71,69,63,122,119,-57.3700000000008,-0.4821008403361412,0.9571023725670527,0.5378151260504201,265.1800000000003,64,53,2,373,-470.1740000000018,-1.2605201072386107,0.8638900082446336,0.5093833780160858,720.8900000000003,133,116,124
midday_momentum_cont,th=3.0,20.0,30.0,-2.9688878767040423,1,254,-528.1980000000015,-2.079519685039376,0.7659691647034788,0.5078740157480315,696.9990000000012,70,51,133,119,-133.3000000000011,-1.1201680672268999,0.9100764316601112,0.5714285714285714,330.1800000000003,67,49,3,373,-661.4980000000025,-1.7734530831099264,0.8230971385507928,0.5281501340482574,907.1790000000015,137,100,136
midday_momentum_cont,th=3.0,20.0,35.0,-2.687999389408325,1,254,-449.7490000000014,-1.770665354330714,0.7990855524433659,0.5196850393700787,663.5500000000011,73,39,142,119,-255.0900000000015,-2.143613445378164,0.8429403507043632,0.5798319327731093,408.28999999999996,68,44,7,373,-704.8390000000029,-1.8896487935656914,0.817525442245907,0.5388739946380697,951.840000000001,141,83,149
midday_momentum_cont,th=3.0,25.0,15.0,-1.515955101315492,1,254,-255.88100000000054,-1.0074055118110257,0.8602176265605135,0.4251968503937008,411.97800000000007,43,110,101,119,-505.0,-4.243697478991597,0.6130268199233716,0.2689075630252101,570.0,32,87,0,373,-760.8810000000005,-2.0398954423592506,0.7573386248802847,0.3753351206434316,921.9780000000001,75,197,101
midday_momentum_cont,th=3.0,25.0,20.0,-1.984666385582811,1,254,-334.68100000000095,-1.3176417322834684,0.8351546811684927,0.4645669291338583,508.3680000000004,46,83,125,119,-444.42999999999984,-3.73470588235294,0.7037133333333334,0.3697478991596639,505.27999999999975,42,75,2,373,-779.1110000000008,-2.088769436997321,0.7793057364118864,0.4343163538873995,958.6480000000001,88,158,127
midday_momentum_cont,th=3.0,25.0,25.0,-2.6651967784241326,1,254,-484.3030000000017,-1.9067047244094555,0.7818646560324649,0.4763779527559055,674.5640000000012,47,66,141,119,-128.07600000000048,-1.0762689075630292,0.9138681458207796,0.4789915966386555,287.7659999999996,54,58,7,373,-612.3790000000022,-1.6417667560321774,0.8348123137562302,0.4772117962466488,887.3300000000008,101,124,148
midday_momentum_cont,th=3.0,25.0,30.0,-3.2147612258772615,1,254,-597.4280000000019,-2.352078740157488,0.7471618405789182,0.4881889763779528,795.3250000000016,48,53,153,119,-214.00600000000077,-1.798369747899166,0.8708454437481287,0.5126050420168067,357.7659999999996,57,54,8,373,-811.4340000000027,-2.175426273458452,0.7981438670919875,0.4959785522788204,1078.0910000000013,105,107,161
midday_momentum_cont,th=3.0,25.0,35.0,-2.982191835369223,1,254,-527.9590000000019,-2.0785787401574876,0.7751057681330789,0.5,775.8560000000016,49,40,165,119,-355.7960000000012,-2.9898823529411866,0.8049113756918371,0.5210084033613446,480.8759999999993,58,49,12,373,-883.7550000000031,-2.369316353887408,0.788137137246083,0.5067024128686327,1181.7320000000009,107,89,177
midday_momentum_cont,th=3.0,30.0,15.0,-1.5116466041392624,1,254,-249.5510000000006,-0.9824842519685063,0.8669463687514226,0.41338582677165353,422.99800000000005,35,113,106,119,-390.0,-3.277310924369748,0.7045454545454546,0.2605042016806723,525.0,31,88,0,373,-639.5510000000006,-1.7146139410187684,0.7998630602957157,0.3646112600536193,872.998,66,201,106
midday_momentum_cont,th=3.0,30.0,20.0,-1.987681063624708,1,254,-328.351000000001,-1.292720472440949,0.8429147771606862,0.452755905511811,524.3880000000004,38,86,130,119,-408.4899999999998,-3.4326890756302504,0.7371465709174679,0.33613445378151263,513.0299999999997,38,77,4,373,-736.8410000000008,-1.9754450402144794,0.7978118355265558,0.4155495978552279,967.4180000000001,76,163,134
midday_momentum_cont,th=3.0,30.0,25.0,-2.724522479208277,1,254,-487.9730000000018,-1.9211535433070936,0.7873936637192039,0.4645669291338583,705.5840000000012,39,69,146,119,-179.91600000000017,-1.511899159663867,0.8876252626424389,0.42857142857142855,348.445999999999,46,62,11,373,-667.8890000000019,-1.7905871313672974,0.8285807489340336,0.45308310991957107,959.0300000000002,85,131,157
midday_momentum_cont,th=3.0,30.0,30.0,-3.329926608894462,1,254,-611.098000000002,-2.4058976377952837,0.750865816484819,0.4763779527559055,836.3450000000016,40,56,158,119,-236.8660000000009,-1.9904705882353015,0.8654962192709287,0.47058823529411764,393.445999999999,49,57,13,373,-847.9640000000029,-2.273361930294914,0.7987708840432057,0.4745308310991957,1139.7910000000006,89,113,171
midday_momentum_cont,th=3.0,30.0,35.0,-3.1572405089298834,1,254,-551.629000000002,-2.1717677165354408,0.7750828920307847,0.4881889763779528,831.8760000000016,41,43,170,119,-388.6560000000013,-3.2660168067227002,0.7999532639567305,0.4789915966386555,531.5559999999987,50,52,17,373,-940.2850000000033,-2.520871313672931,0.7860758963774509,0.48525469168900803,1273.4320000000002,91,95,187
midday_momentum_cont,th=5.0,10.0,15.0,-1.9875802910989682,1,138,-164.85099999999966,-1.1945724637681134,0.8064338485672555,0.5217391304347826,197.68700000000035,67,53,18,92,-305.0,-3.3152173913043477,0.5850340136054422,0.4673913043478261,355.0,43,49,0,230,-469.85099999999966,-2.042830434782607,0.7038726828567325,0.5,512.6870000000004,110,102,18
midday_momentum_cont,th=5.0,10.0,20.0,-2.7408272386495764,1,138,-235.44399999999973,-1.7061159420289835,0.7577923514132143,0.5652173913043478,260.5030000000006,71,43,24,92,-340.0,-3.6956521739130435,0.5952380952380952,0.5434782608695652,400.0,50,42,0,230,-575.4439999999997,-2.5019304347826075,0.6824391926382739,0.5565217391304348,620.5030000000006,121,85,24
midday_momentum_cont,th=5.0,10.0,25.0,-3.456258977679919,1,138,-333.6769999999997,-2.4179492753623166,0.6911279005616919,0.572463768115942,352.03900000000067,72,35,31,92,-282.1900000000005,-3.0672826086956575,0.66886492448867,0.6195652173913043,335.0,57,34,1,230,-615.8670000000002,-2.677682608695653,0.6813104075657517,0.591304347826087,637.0390000000007,129,69,32
midday_momentum_cont,th=5.0,10.0,30.0,-3.8108499943483496,1,138,-377.7109999999998,-2.737036231884056,0.6699317162177043,0.5869565217391305,387.7109999999998,74,28,36,92,-332.1900000000005,-3.610760869565223,0.643645608727834,0.6521739130434783,400.0,60,31,1,230,-709.9010000000003,-3.086526086956523,0.6581314422315668,0.6130434782608696,737.7109999999998,134,59,37
midday_momentum_cont,th=5.0,10.0,35.0,-3.141812977951659,1,138,-268.31199999999944,-1.9442898550724597,0.7456620879042759,0.6014492753623188,307.5770000000007,76,18,44,92,-430.8200000000006,-4.682826086956529,0.5820608835684209,0.6521739130434783,493.1099999999997,60,28,4,230,-699.1320000000001,-3.039704347826087,0.6648075548372466,0.6217391304347826,750.6870000000004,136,46,48
midday_momentum_cont,th=5.0,15.0,15.0,-2.244967448854834,1,138,-200.99599999999964,-1.4564927536231858,0.7993354977577046,0.4492753623188406,288.5050000000001,49,63,26,92,-300.0,-3.260869565217391,0.6428571428571429,0.391304347826087,405.0,36,56,0,230,-500.99599999999964,-2.178243478260868,0.7279638064085943,0.4260869565217391,648.5050000000001,85,119,26
midday_momentum_cont,th=5.0,15.0,20.0,-3.146349712695174,1,138,-292.16999999999985,-2.117173913043477,0.7487046899512841,0.4927536231884058,376.9020000000005,53,51,34,92,-265.0,-2.880434782608696,0.7180851063829787,0.4891304347826087,385.0,45,47,0,230,-557.1699999999998,-2.4224782608695645,0.735016093930724,0.49130434782608695,716.9020000000005,98,98,34
midday_momentum_cont,th=5.0,15.0,25.0,-4.03421047319985,1,138,-405.433,-2.9379202898550725,0.6859345938823428,0.5,488.46800000000076,54,42,42,92,-197.1900000000005,-2.1433695652173967,0.7982071040432256,0.5652173913043478,335.0,52,39,1,230,-602.6230000000005,-2.620100000000002,0.7343059791218146,0.5260869565217391,763.4680000000008,106,81,43
midday_momentum_cont,th=5.0,15.0,30.0,-4.695378025850048,1,138,-486.0440000000003,-3.5220579710144952,0.6503162337143773,0.5144927536231884,559.9820000000013,55,35,48,92,-263.1200000000008,-2.8600000000000088,0.756863397370147,0.5978260869565217,405.0,54,36,2,230,-749.1640000000011,-3.2572347826087005,0.6969576598117501,0.5478260869565217,904.9820000000013,109,71,50
midday_momentum_cont,th=5.0,15.0,35.0,-4.189389267446447,1,138,-401.645,-2.9104710144927535,0.699267120610623,0.5289855072463768,510.583000000001,57,25,56,92,-386.7500000000009,-4.203804347826097,0.6792639034018338,0.5978260869565217,533.1099999999997,54,33,5,230,-788.3950000000009,-3.4278043478260907,0.6897760817573483,0.5565217391304348,983.6930000000007,111,58,61
midday_momentum_cont,th=5.0,20.0,15.0,-2.1503533372376706,1,138,-160.17899999999963,-1.1607173913043451,0.8428742672390119,0.427536231884058,263.0010000000002,36,64,38,92,-330.0,-3.5869565217391304,0.6451612903225806,0.32608695652173914,440.0,30,62,0,230,-490.17899999999963,-2.1312130434782595,0.7485529118225208,0.3869565217391304,638.0010000000002,66,126,38
midday_momentum_cont,th=5.0,20.0,20.0,-3.3211692342588828,1,138,-288.0029999999995,-2.0869782608695613,0.761079808467642,0.463768115942029,376.3980000000006,38,53,47,92,-240.0,-2.608695652173913,0.7692307692307693,0.43478260869565216,360.0,40,52,0,230,-528.0029999999995,-2.295665217391302,0.7648550214746715,0.45217391304347826,676.3980000000006,78,105,47
midday_momentum_cont,th=5.0,20.0,25.0,-4.22798137801788,1,138,-406.2659999999996,-2.9439565217391275,0.6976510364300341,0.47101449275362317,497.96400000000085,39,44,55,92,-72.19000000000051,-0.7846739130434838,0.931390718406371,0.532608695652174,225.0,49,42,1,230,-478.45600000000013,-2.0802434782608703,0.8003012660436272,0.4956521739130435,642.9640000000009,88,86,56
midday_momentum_cont,th=5.0,20.0,30.0,-4.923355962520837,1,138,-491.87699999999995,-3.5643260869565214,0.6614126615145386,0.4855072463768116,574.4780000000014,40,37,61,92,-93.1200000000008,-1.012173913043487,0.918472408268326,0.5760869565217391,290.0,52,38,2,230,-584.9970000000008,-2.5434652173913075,0.7745609407292623,0.5217391304347826,784.4780000000014,92,75,63
midday_momentum_cont,th=5.0,20.0,35.0,-4.458177095762103,1,138,-407.4779999999996,-2.9527391304347796,0.7106666458382744,0.5,530.0790000000011,42,27,69,92,-226.7500000000009,-2.4646739130434883,0.8222711667790121,0.5760869565217391,398.02999999999975,52,35,5,230,-634.2280000000005,-2.757513043478263,0.7637140044870749,0.5304347826086957,848.1090000000008,94,62,74
midday_momentum_cont,th=5.0,25.0,15.0,-2.307952359863174,1,138,-170.933,-1.238644927536232,0.8382080815978056,0.4057971014492754,289.8680000000004,26,66,46,92,-540.0,-5.869565217391305,0.49295774647887325,0.22826086956521738,595.0,21,71,0,230,-710.933,-3.091013043478261,0.6648911925011514,0.3347826086956522,874.8680000000004,47,137,46
midday_momentum_cont,th=5.0,25.0,20.0,-3.8434827763738486,1,138,-343.75699999999983,-2.4909927536231873,0.7298576113376551,0.43478260869565216,453.2650000000008,27,56,55,92,-465.27999999999975,-5.057391304347823,0.6186229508196723,0.33695652173913043,525.2799999999997,30,61,1,230,-809.0369999999996,-3.5175521739130415,0.6754118249807525,0.39565217391304347,973.5450000000005,57,117,56
midday_momentum_cont,th=5.0,25.0,25.0,-4.8233492291513285,1,138,-468.1500000000001,-3.392391304347827,0.6707565110247163,0.4420289855072464,585.9610000000011,28,46,64,92,-193.7460000000001,-2.1059347826086965,0.8387862831961497,0.45652173913043476,302.58599999999933,40,47,5,230,-661.8960000000002,-2.877808695652175,0.7477234370497756,0.44782608695652176,863.5470000000005,68,93,69
midday_momentum_cont,th=5.0,25.0,30.0,-5.568223451942701,1,138,-558.7610000000004,-4.0489927536231916,0.6373871622980926,0.45652173913043476,667.4750000000017,29,39,70,92,-224.67600000000039,-2.4421304347826127,0.8293767599537055,0.5,336.9499999999998,43,43,6,230,-783.4370000000008,-3.40624782608696,0.7258530034020054,0.47391304347826085,975.0610000000011,72,82,76
midday_momentum_cont,th=5.0,25.0,35.0,-5.095886022710896,1,138,-472.25199999999995,-3.4221159420289853,0.685098364252131,0.47101449275362317,625.9660000000013,30,28,80,92,-383.3060000000005,-4.166369565217397,0.7402065572926054,0.5,485.695999999999,43,40,9,230,-855.5580000000004,-3.7198173913043497,0.7124278219237155,0.4826086956521739,1086.6620000000003,73,68,89
midday_momentum_cont,th=5.0,30.0,15.0,-2.2601391198681036,1,138,-163.54300000000012,-1.1850942028985516,0.8494770818933104,0.391304347826087,284.8680000000004,22,68,48,92,-480.0,-5.217391304347826,0.5555555555555556,0.21739130434782608,570.0,20,72,0,230,-643.5430000000001,-2.7980130434782615,0.7029571673007927,0.3217391304347826,839.8680000000004,42,140,48
midday_momentum_cont,th=5.0,30.0,20.0,-3.836009130712806,1,138,-341.36699999999996,-2.473673913043478,0.7399114516309677,0.42028985507246375,453.2650000000008,23,58,57,92,-489.3399999999997,-5.318913043478258,0.6159207572641793,0.29347826086956524,563.0299999999997,26,63,3,230,-830.7069999999997,-3.61176956521739,0.678837515266398,0.3695652173913043,1006.2950000000005,49,121,60
midday_momentum_cont,th=5.0,30.0,25.0,-4.857794835357268,1,138,-470.7600000000002,-3.4113043478260887,0.6801676205384075,0.427536231884058,595.9610000000011,24,48,66,92,-245.73599999999942,-2.6710434782608634,0.8096332975947748,0.40217391304347827,388.2659999999987,34,50,8,230,-716.4959999999996,-3.1151999999999984,0.7406585896960715,0.41739130434782606,949.2269999999999,58,98,74
midday_momentum_cont,th=5.0,30.0,30.0,-5.645311383054729,1,138,-566.3710000000005,-4.104137681159425,0.6462237574409871,0.4420289855072464,682.4750000000017,25,41,72,92,-276.6659999999997,-3.0072391304347796,0.8052821679325705,0.44565217391304346,413.2659999999987,37,46,9,230,-843.0370000000003,-3.6653782608695664,0.7210136654283261,0.4434782608695652,1065.7410000000004,62,87,81
midday_momentum_cont,th=5.0,30.0,35.0,-5.239343586188923,1,138,-484.8620000000001,-3.513492753623189,0.6911079384919611,0.45652173913043476,650.9660000000013,26,30,82,92,-450.2959999999998,-4.8945217391304325,0.7175917505704035,0.44565217391304346,581.3759999999984,37,43,12,230,-935.1579999999999,-4.065904347826087,0.7044536524146798,0.45217391304347826,1202.3419999999996,63,73,94
midday_momentum_cont,th=8.0,10.0,15.0,-2.270743349946228,2,59,-35.0,-0.5932203389830508,0.9066666666666666,0.576271186440678,110.0,34,25,0,60,-150.0,-2.5,0.6666666666666666,0.5,215.0,30,30,0,119,-185.0,-1.5546218487394958,0.7757575757575758,0.5378151260504201,275.0,64,55,0
midday_momentum_cont,th=8.0,10.0,20.0,-3.0494456179274048,2,59,-74.92999999999984,-1.2699999999999971,0.8276520379059714,0.6271186440677966,140.17000000000007,35,21,3,60,-270.0,-4.5,0.5344827586206896,0.5166666666666667,320.0,31,29,0,119,-344.92999999999984,-2.8985714285714272,0.6600871141944894,0.5714285714285714,420.1700000000001,66,50,3
midday_momentum_cont,th=8.0,10.0,25.0,-3.9661132056640156,2,59,-121.8159999999998,-2.0646779661016916,0.7522282292543825,0.6440677966101694,202.05600000000004,36,18,5,60,-275.0,-4.583333333333333,0.56,0.5833333333333334,320.0,35,25,0,119,-396.8159999999998,-3.334588235294116,0.6446358111702367,0.6134453781512605,467.05600000000004,71,43,5
midday_momentum_cont,th=8.0,10.0,30.0,-3.4590469010049327,2,59,-96.75300000000016,-1.639881355932206,0.8011582813209666,0.6779661016949152,211.9930000000004,38,13,8,60,-320.0,-5.333333333333333,0.5362318840579711,0.6166666666666667,390.0,37,23,0,119,-416.75300000000016,-3.5021260504201694,0.6457937944029447,0.6470588235294118,511.9930000000004,75,36,8
midday_momentum_cont,th=8.0,10.0,35.0,-3.0225434674796343,2,59,-74.67700000000013,-1.265711864406782,0.8392338543875547,0.6779661016949152,169.91700000000037,38,8,13,60,-378.6300000000001,-6.310500000000002,0.49423613801210203,0.6166666666666667,458.1099999999997,37,20,3,119,-453.30700000000024,-3.8093025210084055,0.6263348657241514,0.6470588235294118,558.027,75,28,16
midday_momentum_cont,th=8.0,15.0,15.0,-2.441018831553015,2,59,-3.900000000000091,-0.06610169491525578,0.9910344827586205,0.5084745762711864,120.0,28,29,2,60,-210.0,-3.5,0.6216216216216216,0.38333333333333336,315.0,23,37,0,119,-213.9000000000001,-1.7974789915966394,0.7839393939393938,0.44537815126050423,375.0,51,66,2
midday_momentum_cont,th=8.0,15.0,20.0,-3.4872967692133967,2,59,-57.001000000000204,-0.9661186440678,0.8888719925292092,0.559322033898305,144.8699999999999,29,24,6,60,-290.0,-4.833333333333333,0.5735294117647058,0.43333333333333335,380.0,26,34,0,119,-347.0010000000002,-2.915974789915968,0.7091189683225599,0.4957983193277311,474.8699999999999,55,58,6
midday_momentum_cont,th=8.0,15.0,25.0,-4.213152705750307,2,59,-93.91700000000037,-1.5918135593220402,0.8337301959645703,0.576271186440678,200.25700000000052,30,20,9,60,-300.0,-5.0,0.6,0.5,375.0,30,30,0,119,-393.91700000000037,-3.3102268907563057,0.7004084885922086,0.5378151260504201,495.2570000000005,60,50,9
midday_momentum_cont,th=8.0,15.0,30.0,-3.9736127769598384,2,59,-80.43100000000095,-1.3632372881356094,0.8588394900523691,0.6101694915254238,181.7710000000011,31,15,13,60,-365.9300000000003,-6.098833333333338,0.5643690476190473,0.5333333333333333,465.0,31,28,1,119,-446.36100000000124,-3.750932773109254,0.6833834119269327,0.5714285714285714,571.7710000000011,62,43,14
midday_momentum_cont,th=8.0,15.0,35.0,-3.767665517505393,2,59,-68.35500000000093,-1.158559322033914,0.8774358624943503,0.6101694915254238,164.69500000000107,31,10,18,60,-449.5600000000004,-7.492666666666674,0.5132683000768702,0.5333333333333333,568.1099999999997,31,25,4,119,-517.9150000000013,-4.352226890756314,0.6503735136747987,0.5714285714285714,662.8050000000007,62,35,22
midday_momentum_cont,th=8.0,20.0,15.0,-0.48784152326166486,1,59,24.32399999999984,0.4122711864406753,1.0540269201723598,0.4745762711864407,132.80000000000018,22,30,7,60,-235.0,-3.9166666666666665,0.6178861788617886,0.31666666666666665,365.0,19,41,0,119,-210.67600000000016,-1.77038655462185,0.8022230149640448,0.3949579831932773,407.8000000000002,41,71,7
midday_momentum_cont,th=8.0,20.0,20.0,-1.333840473045691,1,59,-28.77700000000027,-0.487745762711869,0.9460246721848027,0.5254237288135594,157.67000000000007,23,25,11,60,-280.0,-4.666666666666667,0.6216216216216216,0.38333333333333336,400.0,23,37,0,119,-308.77700000000027,-2.5947647058823553,0.7574702450848326,0.453781512605042,477.6700000000001,46,62,11
midday_momentum_cont,th=8.0,20.0,25.0,-1.946126429819524,1,59,-65.69300000000044,-1.113440677966109,0.8886685749245418,0.5423728813559322,196.81300000000056,24,21,14,60,-195.0,-3.25,0.7483870967741936,0.48333333333333334,320.0,29,31,0,119,-260.69300000000044,-2.1906974789916003,0.8090254910564827,0.5126050420168067,401.81300000000056,53,52,14
midday_momentum_cont,th=8.0,20.0,30.0,-1.584266136708289,1,59,-52.20700000000102,-0.8848644067796783,0.9129889134072423,0.576271186440678,178.32700000000114,25,16,18,60,-210.9300000000003,-3.5155000000000047,0.7488928571428568,0.5333333333333333,360.0,31,28,1,119,-263.1370000000013,-2.211235294117658,0.817266479815333,0.5546218487394958,428.32700000000114,56,44,19
midday_momentum_cont,th=8.0,20.0,35.0,-1.3469439723041021,1,59,-45.131000000000995,-0.7649322033898474,0.9238845188623224,0.576271186440678,177.6500000000001,25,11,23,60,-294.5600000000004,-4.90933333333334,0.681084416920195,0.5333333333333333,463.1099999999997,31,25,4,119,-339.6910000000014,-2.854546218487407,0.7760118637071571,0.5546218487394958,535.7599999999998,56,36,27
midday_momentum_cont,th=8.0,25.0,15.0,-1.318279089159607,1,59,-16.340000000000373,-0.27694915254237923,0.9664674001153317,0.423728813559322,134.8670000000002,16,32,11,60,-420.0,-7.0,0.4166666666666667,0.2,485.0,12,48,0,119,-436.3400000000004,-3.6667226890756335,0.63857806801531,0.31092436974789917,604.8670000000002,28,80,11
midday_momentum_cont,th=8.0,25.0,20.0,-2.2768824100727554,1,59,-74.44100000000049,-1.261711864406788,0.8717016707513374,0.4745762711864407,164.73700000000008,17,27,15,60,-480.0,-8.0,0.45454545454545453,0.26666666666666666,525.0,16,44,0,119,-554.4410000000005,-4.6591680672268945,0.6203025849564925,0.3697478991596639,684.7370000000001,33,71,15
midday_momentum_cont,th=8.0,25.0,25.0,-2.9976258645397507,1,59,-116.35700000000065,-1.9721525423728925,0.8201964353596,0.4915254237288136,220.53000000000065,18,23,18,60,-346.27599999999984,-5.771266666666664,0.6150803796328616,0.38333333333333336,407.3059999999996,22,35,3,119,-462.6330000000005,-3.887672268907567,0.7008980177663987,0.4369747899159664,602.8360000000002,40,58,21
midday_momentum_cont,th=8.0,25.0,30.0,-2.733329771517673,1,59,-107.87100000000123,-1.828322033898326,0.8382915761590578,0.5254237288135594,212.04400000000123,19,18,22,60,-372.20600000000013,-6.203433333333336,0.6219746781961514,0.43333333333333335,466.6700000000001,24,32,4,119,-480.07700000000136,-4.034260504201692,0.7093396590253414,0.4789915966386555,644.3500000000008,43,50,26
midday_momentum_cont,th=8.0,25.0,35.0,-2.5591250753196766,1,59,-103.9450000000013,-1.7617796610169711,0.8432544918532128,0.5254237288135594,208.1180000000013,19,12,28,60,-475.83600000000024,-7.930600000000004,0.5627455809217851,0.43333333333333335,580.4159999999993,24,29,7,119,-579.7810000000015,-4.8721092436974915,0.6689578110074271,0.4789915966386555,763.5340000000006,43,41,35
midday_momentum_cont,th=8.0,30.0,15.0,-1.7113624371273206,1,59,-26.340000000000373,-0.44644067796610803,0.9490804911006842,0.3898305084745763,130.27300000000014,14,34,11,60,-360.0,-6.0,0.5,0.2,450.0,12,48,0,119,-386.3400000000004,-3.2465546218487424,0.6877523161562351,0.29411764705882354,550.2730000000001,26,82,11
midday_momentum_cont,th=8.0,30.0,20.0,-2.7680235545658034,1,59,-89.44100000000049,-1.5159491525423812,0.8557910283158495,0.4406779661016949,178.6140000000005,15,29,15,60,-450.0,-7.5,0.5,0.25,520.0,15,45,0,119,-539.4410000000005,-4.533117647058828,0.6451554974352359,0.3445378151260504,688.6140000000005,30,74,15
midday_momentum_cont,th=8.0,30.0,25.0,-3.5859505138488403,1,59,-136.35700000000065,-2.31113559322035,0.804403457584911,0.4576271186440678,265.53000000000065,16,25,18,60,-346.27599999999984,-5.771266666666664,0.635347712630291,0.35,442.3059999999996,20,37,3,119,-482.6330000000005,-4.055739495798323,0.7069160887571806,0.40336134453781514,662.8360000000002,36,62,21
midday_momentum_cont,th=8.0,30.0,30.0,-3.419857571297488,1,59,-132.87100000000123,-2.252050847457648,0.817251685186177,0.4915254237288136,266.1340000000009,17,20,22,60,-372.20600000000013,-6.203433333333336,0.6436876678862651,0.4,487.3059999999996,22,34,4,119,-505.07700000000136,-4.244344537815137,0.7149158678472424,0.44537815126050423,709.3500000000008,39,54,26
midday_momentum_cont,th=8.0,30.0,35.0,-3.4427329020105057,1,59,-138.9450000000013,-2.355000000000022,0.8104808734970556,0.4915254237288136,258.1180000000013,17,14,28,60,-485.83600000000024,-8.097266666666671,0.5805379905304271,0.4,620.4159999999993,22,31,7,119,-624.7810000000015,-5.250260504201694,0.6696694108696231,0.44537815126050423,848.5340000000006,39,45,35
morning_momentum_cont,th=12.0,10.0,15.0,-4.246253698835776,0,27,-55.0,-2.037037037037037,0.717948717948718,0.5185185185185185,65.0,14,13,0,47,-155.0,-3.297872340425532,0.5866666666666667,0.46808510638297873,185.0,22,25,0,74,-210.0,-2.8378378378378377,0.631578947368421,0.4864864864864865,225.0,36,38,0
morning_momentum_cont,th=12.0,10.0,20.0,-6.1164939443594895,0,27,-90.0,-3.3333333333333335,0.625,0.5555555555555556,100.0,15,12,0,47,-205.5600000000004,-4.373617021276604,0.5386479935362236,0.5106382978723404,240.0,24,22,1,74,-295.5600000000004,-3.9940540540540597,0.5688779975494483,0.527027027027027,305.5600000000004,39,34,1
morning_momentum_cont,th=12.0,10.0,25.0,-7.671928667050249,0,27,-115.0,-4.2592592592592595,0.5818181818181818,0.5925925925925926,125.0,16,11,0,47,-245.5600000000004,-5.224680851063838,0.5142811931323676,0.5531914893617021,275.0,26,20,1,74,-360.5600000000004,-4.872432432432438,0.5380752280414058,0.5675675675675675,365.5600000000004,42,31,1
morning_momentum_cont,th=12.0,10.0,30.0,-7.906257073335217,0,27,-150.26000000000022,-5.565185185185193,0.5156965126023332,0.5925925925925926,160.26000000000022,16,10,1,47,-225.5600000000004,-4.799148936170221,0.562495150903871,0.6170212765957447,270.0,29,17,1,74,-375.8200000000006,-5.078648648648657,0.5449129350221594,0.6081081081081081,395.8200000000006,45,27,2
morning_momentum_cont,th=12.0,10.0,35.0,-8.45805005784454,0,27,-155.26000000000022,-5.750370370370378,0.5226587960400907,0.6296296296296297,165.26000000000022,17,9,1,47,-187.58000000000038,-3.991063829787242,0.6230153945094251,0.6595744680851063,227.01999999999998,31,14,2,74,-342.8400000000006,-4.632972972972981,0.5833454863642988,0.6486486486486487,357.8400000000006,48,23,3
morning_momentum_cont,th=12.0,15.0,15.0,-3.085947382473191,1,27,-15.0,-0.5555555555555556,0.9285714285714286,0.48148148148148145,45.0,13,14,0,47,-195.0,-4.148936170212766,0.5666666666666667,0.3617021276595745,225.0,17,30,0,74,-210.0,-2.8378378378378377,0.6818181818181818,0.40540540540540543,255.0,30,44,0
morning_momentum_cont,th=12.0,15.0,20.0,-5.1556544665083335,0,27,-56.42000000000007,-2.0896296296296324,0.7829999999999997,0.5185185185185185,71.42000000000007,13,13,1,47,-190.5600000000004,-4.054468085106391,0.6230714455257531,0.44680851063829785,220.0,21,25,1,74,-246.98000000000047,-3.337567567567574,0.6773864883222734,0.47297297297297297,271.9800000000005,34,38,2
morning_momentum_cont,th=12.0,15.0,25.0,-6.697228006910706,0,27,-81.42000000000007,-3.0155555555555584,0.7285999999999998,0.5555555555555556,96.42000000000007,14,12,1,47,-235.5600000000004,-5.01191489361703,0.5942538238941707,0.48936170212765956,255.5600000000004,23,23,1,74,-316.9800000000005,-4.28351351351352,0.640024529844644,0.5135135135135135,336.9800000000005,37,35,2
morning_momentum_cont,th=12.0,15.0,30.0,-7.057592362649865,0,27,-121.68000000000029,-4.5066666666666775,0.6423911126785393,0.5555555555555556,136.6800000000003,14,11,2,47,-215.5600000000004,-4.586382978723413,0.6440319704075562,0.5531914893617021,260.5600000000004,26,20,1,74,-337.2400000000007,-4.557297297297307,0.6434416696623031,0.5540540540540541,382.2400000000007,40,31,3
morning_momentum_cont,th=12.0,15.0,35.0,-7.577138272605225,0,27,-126.68000000000029,-4.691851851851863,0.648365069671903,0.5925925925925926,145.0,15,10,2,47,-132.58000000000038,-2.8208510638297954,0.7664117833609354,0.6170212765957447,225.5600000000004,29,16,2,74,-259.2600000000007,-3.5035135135135227,0.7205768235902736,0.6081081081081081,355.5600000000004,44,26,4
morning_momentum_cont,th=12.0,20.0,15.0,-3.459422801336988,2,27,-20.0,-0.7407407407407407,0.9166666666666666,0.4074074074074074,60.0,11,16,0,47,-110.0,-2.3404255319148937,0.7555555555555555,0.3617021276595745,180.0,17,30,0,74,-130.0,-1.7567567567567568,0.8115942028985508,0.3783783783783784,230.0,28,46,0
morning_momentum_cont,th=12.0,20.0,20.0,-5.838292194186057,0,27,-71.42000000000007,-2.6451851851851877,0.7619333333333331,0.4444444444444444,100.0,11,15,1,47,-125.5600000000004,-2.671489361702136,0.7610929294466848,0.425531914893617,200.0,20,26,1,74,-196.98000000000047,-2.6618918918918983,0.7613983235621876,0.43243243243243246,285.5600000000004,31,41,2
morning_momentum_cont,th=12.0,20.0,25.0,-7.508979702740588,0,27,-101.42000000000007,-3.756296296296299,0.7102285714285712,0.48148148148148145,140.0,12,14,1,47,-120.5600000000004,-2.565106382978732,0.7923384318588943,0.48936170212765956,185.0,23,23,1,74,-221.98000000000047,-2.999729729729736,0.7614554676753779,0.4864864864864865,315.5600000000004,35,37,2
morning_momentum_cont,th=12.0,20.0,30.0,-8.164206735180244,0,27,-151.6800000000003,-5.617777777777788,0.6210463198920696,0.48148148148148145,180.0,12,13,2,47,-85.5600000000004,-1.820425531914902,0.8587092938767417,0.5531914893617021,220.0,26,20,1,74,-237.2400000000007,-3.205945945945955,0.7641327474100729,0.527027027027027,395.5600000000004,38,33,3
morning_momentum_cont,th=12.0,20.0,35.0,-8.774630628595816,0,27,-161.6800000000003,-5.988148148148159,0.6242272114535392,0.5185185185185185,185.0,13,12,2,47,12.419999999999618,0.264255319148928,1.0218823778145805,0.6170212765957447,210.0,29,16,2,74,-149.26000000000067,-2.0170270270270363,0.8504169005050904,0.581081081081081,390.5600000000004,42,28,4
morning_momentum_cont,th=12.0,25.0,15.0,-2.4258552612718773,2,27,17.092999999999847,0.6330740740740685,1.0712208333333326,0.4074074074074074,60.0,10,16,1,47,-185.0,-3.9361702127659575,0.6372549019607843,0.2765957446808511,215.0,13,34,0,74,-167.90700000000015,-2.2690135135135154,0.7761239999999998,0.32432432432432434,275.0,23,50,1
morning_momentum_cont,th=12.0,25.0,20.0,-4.797572541212896,2,27,-34.327000000000226,-1.2713703703703787,0.8855766666666659,0.4444444444444444,85.0,10,15,2,47,-250.5600000000004,-5.331063829787243,0.5994628812583921,0.3191489361702128,265.5600000000004,15,31,1,74,-284.8870000000006,-3.8498243243243326,0.6922003975971298,0.36486486486486486,350.5600000000004,25,46,3
morning_momentum_cont,th=12.0,25.0,25.0,-6.289042311530284,0,27,-59.327000000000226,-2.1972962962963045,0.8304942857142851,0.48148148148148145,125.0,11,14,2,47,-205.5600000000004,-4.373617021276604,0.6979546256024446,0.40425531914893614,255.5600000000004,19,27,1,74,-264.8870000000006,-3.5795540540540625,0.7429679009470574,0.43243243243243246,380.5600000000004,30,41,3
morning_momentum_cont,th=12.0,25.0,30.0,-6.943404282469909,0,27,-109.58700000000044,-4.058777777777794,0.7262104631989197,0.48148148148148145,165.0,11,13,3,47,-230.5600000000004,-4.905531914893626,0.6948488538302712,0.44680851063829785,325.5600000000004,21,25,1,74,-340.14700000000084,-4.5965810810810925,0.7057093665103558,0.4594594594594595,490.5600000000004,32,38,4
morning_momentum_cont,th=12.0,25.0,35.0,-7.371633327534899,0,27,-114.58700000000044,-4.243962962962979,0.7336796355691898,0.5185185185185185,170.0,12,12,3,47,-142.58000000000038,-3.033617021276604,0.8079937515149879,0.5106382978723404,280.5600000000004,24,21,2,74,-257.1670000000008,-3.4752297297297408,0.780731387060468,0.5135135135135135,450.5600000000004,36,33,5
morning_momentum_cont,th=12.0,30.0,15.0,-2.9904370393477993,2,27,8.63299999999981,0.3197407407407337,1.0338549019607837,0.37037037037037035,75.0,8,17,2,47,-179.92000000000007,-3.8280851063829804,0.6572952380952379,0.2553191489361702,225.0,11,35,1,74,-171.28700000000026,-2.3146891891891928,0.7804012820512817,0.2972972972972973,300.0,19,52,3
morning_momentum_cont,th=12.0,30.0,20.0,-5.510498956776788,1,27,-47.78700000000026,-1.7698888888888986,0.8506656249999992,0.4074074074074074,120.0,8,16,3,47,-240.48000000000047,-5.116595744680861,0.6274862135200441,0.2978723404255319,275.5600000000004,13,32,2,74,-288.26700000000073,-3.89550000000001,0.7014509714569777,0.33783783783783783,395.5600000000004,21,48,5
morning_momentum_cont,th=12.0,30.0,25.0,-6.960222131578206,1,27,-72.78700000000026,-2.6958148148148244,0.8059013333333326,0.4444444444444444,165.0,9,15,3,47,-180.48000000000047,-3.84000000000001,0.7442031861216617,0.3829787234042553,270.5600000000004,17,28,2,74,-253.26700000000073,-3.422527027027037,0.7656150514548006,0.40540540540540543,435.5600000000004,26,43,5
morning_momentum_cont,th=12.0,30.0,30.0,-7.797956100017727,0,27,-128.04700000000048,-4.742481481481499,0.7023962255380458,0.4444444444444444,210.0,9,14,4,47,-200.48000000000047,-4.265531914893627,0.7447935230918067,0.425531914893617,335.5600000000004,19,26,2,74,-328.52700000000095,-4.439554054054067,0.7297897715122298,0.43243243243243246,545.5600000000004,28,40,6
morning_momentum_cont,th=12.0,30.0,35.0,-8.162065777844468,0,27,-133.04700000000048,-4.927666666666685,0.7140373124704458,0.48148148148148145,220.0,10,13,4,47,-102.50000000000045,-2.180851063829797,0.8681807659662023,0.48936170212765956,310.5600000000004,22,22,3,74,-235.54700000000093,-3.1830675675675804,0.8104768111744064,0.4864864864864865,530.5600000000004,32,35,7
morning_momentum_fade,th=12.0,10.0,15.0,-3.263175227765821,2,27,-30.0,-1.1111111111111112,0.8333333333333334,0.5555555555555556,85.0,15,12,0,47,170.0,3.617021276595745,1.9444444444444444,0.7446808510638298,35.0,35,12,0,74,140.0,1.8918918918918919,1.3888888888888888,0.6756756756756757,85.0,50,24,0
morning_momentum_fade,th=12.0,10.0,20.0,-4.589492750542403,2,27,-60.0,-2.2222222222222223,0.7272727272727273,0.5925925925925926,110.0,16,11,0,47,140.0,2.978723404255319,1.6363636363636365,0.7659574468085106,50.0,36,11,0,74,80.0,1.0810810810810811,1.1818181818181819,0.7027027027027027,120.0,52,22,0
morning_momentum_fade,th=12.0,10.0,25.0,-6.2907160264238335,2,27,-98.48000000000002,-3.647407407407408,0.6190034045187248,0.5925925925925926,143.48000000000002,16,10,1,47,155.0,3.297872340425532,1.6888888888888889,0.8085106382978723,65.0,38,9,0,74,56.51999999999998,0.7637837837837835,1.1169024571854058,0.7297297297297297,143.48000000000002,54,19,1
morning_momentum_fade,th=12.0,10.0,30.0,-4.468621013633367,2,27,-57.266000000000076,-2.120962962962966,0.7586421990508541,0.6666666666666666,147.26600000000008,18,7,2,47,190.0,4.042553191489362,1.9047619047619047,0.851063829787234,70.0,40,7,0,74,132.73399999999992,1.7937027027027017,1.296767471705875,0.7837837837837838,147.26600000000008,58,14,2
morning_momentum_fade,th=12.0,10.0,35.0,-5.919612383550955,2,27,-90.08600000000024,-3.3365185185185275,0.6664543886021483,0.6666666666666666,180.08600000000024,18,6,3,47,200.0,4.25531914893617,1.9523809523809523,0.8723404255319149,40.0,41,6,0,74,109.91399999999976,1.485324324324321,1.228946480422257,0.7972972972972973,180.08600000000024,59,12,3
morning_momentum_fade,th=12.0,15.0,15.0,-1.9748362713620795,1,27,15.0,0.5555555555555556,1.0769230769230769,0.5185185185185185,45.0,14,13,0,47,124.46000000000004,2.6480851063829793,1.436701754385965,0.5957446808510638,60.0,27,19,1,74,139.46000000000004,1.884594594594595,1.2905416666666667,0.5675675675675675,60.0,41,32,1
morning_momentum_fade,th=12.0,15.0,20.0,-3.382231218875998,1,27,-15.0,-0.5555555555555556,0.9375,0.5555555555555556,65.0,15,12,0,47,99.46000000000004,2.116170212765958,1.292529411764706,0.6382978723404256,80.0,29,17,1,74,84.46000000000004,1.1413513513513518,1.1456206896551724,0.6081081081081081,80.0,44,29,1
morning_momentum_fade,th=12.0,15.0,25.0,-5.342880165027443,1,27,-58.48000000000002,-2.1659259259259267,0.7937067870749259,0.5555555555555556,98.48000000000002,15,11,1,47,94.46000000000004,2.009787234042554,1.2518933333333335,0.6808510638297872,100.0,31,15,1,74,35.98000000000002,0.48621621621621647,1.0546409913740737,0.6351351351351351,100.0,46,26,2
morning_momentum_fade,th=12.0,15.0,30.0,-3.770776679466275,1,27,-12.266000000000076,-0.45429629629629914,0.9541056475571151,0.6296296296296297,102.26600000000008,17,8,2,47,109.46000000000004,2.3289361702127667,1.2806666666666668,0.723404255319149,120.0,33,13,1,74,97.19399999999996,1.3134324324324318,1.1478762023290416,0.6891891891891891,120.0,50,21,3
morning_momentum_fade,th=12.0,15.0,35.0,-5.525448948595243,1,27,-50.08600000000024,-1.855037037037046,0.8358298971437556,0.6296296296296297,140.08600000000024,17,7,3,47,112.85000000000036,2.4010638297872418,1.2809939991534087,0.7446808510638298,101.60999999999967,34,11,2,74,62.764000000000124,0.8481621621621638,1.0888132945424909,0.7027027027027027,140.08600000000024,51,18,5
morning_momentum_fade,th=12.0,20.0,15.0,-2.4781138322192033,2,27,20.13000000000011,0.7455555555555596,1.0915541001500892,0.4444444444444444,79.86999999999989,12,14,1,47,154.46000000000004,3.286382978723405,1.468060606060606,0.5319148936170213,60.0,24,22,1,74,174.59000000000015,2.3593243243243265,1.3175114117882412,0.5,79.86999999999989,36,36,2
morning_momentum_fade,th=12.0,20.0,20.0,-3.858028577554258,1,27,-9.86999999999989,-0.3655555555555515,0.963426835142847,0.48148148148148145,109.86999999999989,13,13,1,47,124.46000000000004,2.6480851063829793,1.31115,0.574468085106383,80.0,26,20,1,74,114.59000000000015,1.5485135135135155,1.1710630420827923,0.5405405405405406,109.86999999999989,39,33,2
morning_momentum_fade,th=12.0,20.0,25.0,-6.008459334324289,1,27,-58.34999999999991,-2.161111111111108,0.81671116695461,0.48148148148148145,133.3499999999999,13,12,2,47,114.46000000000004,2.435319148936171,1.2543555555555557,0.6170212765957447,110.0,28,18,1,74,56.11000000000013,0.758243243243245,1.0730266154747188,0.5675675675675675,133.3499999999999,41,30,3
morning_momentum_fade,th=12.0,20.0,30.0,-4.140110081244349,1,27,-7.135999999999967,-0.2642962962962951,0.9767659929151907,0.5555555555555556,157.13599999999997,15,9,3,47,174.46000000000004,3.711914893617022,1.387688888888889,0.6808510638297872,120.0,31,15,1,74,167.32400000000007,2.261135135135136,1.2209959637370302,0.6351351351351351,157.13599999999997,46,24,4
morning_momentum_fade,th=12.0,20.0,35.0,-6.081243897662644,1,27,-49.95600000000013,-1.850222222222227,0.8572506257929565,0.5555555555555556,184.95600000000013,15,8,4,47,227.85000000000036,4.84787234042554,1.5218616156295104,0.723404255319149,120.0,33,12,2,74,177.89400000000023,2.403972972972976,1.2261653821802625,0.6621621621621622,184.95600000000013,48,20,6
morning_momentum_fade,th=12.0,25.0,15.0,-0.02640675276710036,3,27,64.30999999999995,2.3818518518518497,1.292491017419384,0.4444444444444444,64.86999999999989,11,14,2,47,154.46000000000004,3.286382978723405,1.4118933333333334,0.46808510638297873,60.0,21,25,1,74,218.76999999999998,2.9563513513513513,1.367761023416881,0.4594594594594595,64.86999999999989,32,39,3
morning_momentum_fade,th=12.0,25.0,20.0,-1.18126933157624,3,27,39.309999999999945,1.4559259259259238,1.1456627264979433,0.48148148148148145,94.86999999999989,12,13,2,47,74.46000000000004,1.584255319148937,1.1551250000000002,0.48936170212765956,100.0,22,24,1,74,113.76999999999998,1.5374324324324322,1.1517196314027764,0.4864864864864865,100.0,34,37,3
morning_momentum_fade,th=12.0,25.0,25.0,-3.326986374030173,1,27,-9.170000000000073,-0.33962962962963233,0.9711952253808699,0.48148148148148145,118.34999999999991,12,12,3,47,54.460000000000036,1.1587234042553198,1.099018181818182,0.5319148936170213,125.0,24,22,1,74,45.289999999999964,0.6120270270270265,1.0521563885530028,0.5135135135135135,125.0,36,34,4
morning_momentum_fade,th=12.0,25.0,30.0,-1.0584164087479864,2,27,52.04399999999987,1.9275555555555508,1.169449364450927,0.5555555555555556,142.13599999999997,14,9,4,47,109.46000000000004,2.3289361702127667,1.1920350877192982,0.5957446808510638,130.0,27,19,1,74,161.5039999999999,2.1824864864864852,1.184126520858795,0.581081081081081,142.13599999999997,41,28,5
morning_momentum_fade,th=12.0,25.0,35.0,-3.002463592627672,1,27,9.223999999999705,0.34162962962961874,1.0263575992410465,0.5555555555555556,170.7760000000003,14,8,5,47,148.9730000000004,3.169638297872349,1.2583600700646893,0.6382978723404256,115.0,28,16,3,74,158.19700000000012,2.1377972972972987,1.1707347344927401,0.6081081081081081,170.7760000000003,42,24,8
morning_momentum_fade,th=12.0,30.0,15.0,1.9473170049444488,3,27,119.30999999999995,4.418888888888887,1.542638832037113,0.4444444444444444,54.86999999999989,11,14,2,47,79.46000000000004,1.690638297872341,1.1826666666666668,0.3829787234042553,150.0,17,29,1,74,198.76999999999998,2.6860810810810807,1.3035258906347824,0.40540540540540543,150.0,28,43,3
morning_momentum_fade,th=12.0,30.0,20.0,1.0076632050651746,3,27,99.30999999999995,3.678148148148146,1.3679919961462925,0.48148148148148145,79.86999999999989,12,13,2,47,-15.539999999999964,-0.33063829787233967,0.9722500000000001,0.40425531914893614,210.0,18,28,1,74,83.76999999999998,1.1320270270270267,1.1009435212744165,0.43243243243243246,210.0,30,41,3
morning_momentum_fade,th=12.0,30.0,25.0,-1.13607621354755,3,27,50.82999999999993,1.88259259259259,1.159667033139626,0.48148148148148145,103.34999999999991,12,12,3,47,-45.539999999999964,-0.9689361702127652,0.9299384615384616,0.44680851063829785,275.0,20,26,1,74,5.289999999999964,0.07148648648648599,1.0054629008106573,0.4594594594594595,275.0,32,38,4
morning_momentum_fade,th=12.0,30.0,30.0,1.5403726225014651,2,27,122.04399999999987,4.520148148148143,1.3973614294644714,0.5555555555555556,127.13599999999997,14,9,4,47,64.46000000000004,1.3714893617021284,1.0976666666666668,0.5319148936170213,210.0,24,22,1,74,186.5039999999999,2.520324324324323,1.1928415445190748,0.5405405405405406,210.0,38,31,5
morning_momentum_fade,th=12.0,30.0,35.0,-0.4039897827109966,2,27,79.2239999999997,2.9342222222222114,1.2263827452594032,0.5555555555555556,154.95600000000013,14,8,5,47,93.97300000000041,1.9994255319149024,1.1378691627176838,0.574468085106383,220.48699999999963,25,19,3,74,173.19700000000012,2.3405000000000014,1.1678971583010687,0.5675675675675675,220.48699999999963,39,27,8
prevday_rejection,ext=5.0,10.0,15.0,-2.517926502290633,1,16,-15.967000000000098,-0.9979375000000061,0.8336198901705786,0.5,70.0,8,6,2,25,0.0,0.0,1.0,0.6,60.0,15,10,0,41,-15.967000000000098,-0.3894390243902463,0.9350847877967365,0.5609756097560976,105.0,23,16,2
prevday_rejection,ext=5.0,10.0,20.0,-1.4705811278772225,1,16,-1.3469999999992979,-0.08418749999995612,0.9852540313310858,0.5625,60.0,9,4,3,25,-20.0,-0.8,0.8888888888888888,0.64,90.0,16,9,0,41,-21.346999999999298,-0.5206585365853488,0.9213295153438241,0.6097560975609756,105.3799999999992,25,13,3
prevday_rejection,ext=5.0,10.0,25.0,-0.4209218747646286,1,16,13.653000000000702,0.8533125000000439,1.158117826907719,0.625,40.3799999999992,10,3,3,25,-65.0,-2.6,0.7111111111111111,0.64,125.0,16,9,0,41,-51.3469999999993,-1.2523658536585194,0.8350811152829498,0.6341463414634146,135.3799999999992,26,12,3
prevday_rejection,ext=5.0,10.0,30.0,-1.4705811278772225,1,16,-1.3469999999992979,-0.08418749999995612,0.9867090293743347,0.625,55.3799999999992,10,3,3,25,-37.179999999999836,-1.4871999999999934,0.8229523809523818,0.72,127.17999999999984,17,7,1,41,-38.526999999999134,-0.9396829268292471,0.8762570379672866,0.6829268292682927,127.17999999999984,27,10,4
prevday_rejection,ext=5.0,10.0,35.0,-2.5454135286635564,1,16,-16.346999999999298,-1.0216874999999561,0.8594978813377276,0.625,70.3799999999992,10,3,3,25,-27.179999999999836,-1.0871999999999935,0.8705714285714293,0.76,117.17999999999984,18,6,1,41,-43.526999999999134,-1.0616341463414423,0.8666235632624194,0.7073170731707317,127.55999999999904,28,9,4
prevday_rejection,ext=5.0,15.0,15.0,-1.7263493900960485,1,16,-3.044000000000324,-0.19025000000002024,0.9682807631790061,0.5,60.0,6,6,4,25,-15.0,-0.6,0.9230769230769231,0.48,75.0,12,13,0,41,-18.044000000000324,-0.44009756097561764,0.9379860946430341,0.4878048780487805,120.0,18,19,4
prevday_rejection,ext=5.0,15.0,20.0,-0.34879524245500737,1,16,16.576000000000477,1.0360000000000298,1.1814618980371616,0.5625,60.0,7,4,5,25,-45.0,-1.8,0.8125,0.52,100.0,13,12,0,41,-28.423999999999523,-0.6932682926829152,0.9142168180185739,0.5365853658536586,110.3799999999992,20,16,5
prevday_rejection,ext=5.0,15.0,25.0,1.0032581544901216,2,16,36.57600000000048,2.28600000000003,1.423593176369773,0.625,35.0,8,3,5,25,-105.0,-4.2,0.65,0.52,125.0,13,12,0,41,-68.42399999999952,-1.6688780487804762,0.8228949623007306,0.5609756097560976,140.3799999999992,21,15,5
prevday_rejection,ext=5.0,15.0,30.0,-0.005282397567321295,1,16,21.576000000000477,1.3485000000000298,1.2128923401778111,0.625,45.0,8,3,5,25,-87.17999999999984,-3.4871999999999934,0.7094000000000006,0.6,150.0,14,10,1,41,-65.60399999999936,-1.600097560975594,0.83654045003451,0.6097560975609756,150.0,22,13,6
prevday_rejection,ext=5.0,15.0,35.0,-1.0454568607156365,1,16,6.576000000000477,0.4110000000000298,1.056520580676773,0.625,55.0,8,3,5,25,-87.17999999999984,-3.4871999999999934,0.7232380952380958,0.64,150.0,15,9,1,41,-80.60399999999936,-1.9659512195121795,0.8131342051758804,0.6341463414634146,155.3799999999992,23,12,6
prevday_rejection,ext=5.0,20.0,15.0,-1.6602002498148167,1,16,-9.24400000000037,-0.5777500000000231,0.9038755498247802,0.4375,50.0,4,6,6,25,10.0,0.4,1.0476190476190477,0.44,95.0,11,14,0,41,0.7559999999996307,0.018439024390234895,1.0024692406431772,0.43902439024390244,120.0,15,20,6
prevday_rejection,ext=5.0,20.0,20.0,0.04203178147088649,1,16,15.376000000000431,0.9610000000000269,1.1679574426251056,0.5,60.0,5,4,7,25,-20.0,-0.8,0.9230769230769231,0.48,100.0,12,13,0,41,-4.623999999999569,-0.11278048780486753,0.9868467089749036,0.4878048780487805,105.3799999999992,17,17,7
prevday_rejection,ext=5.0,20.0,25.0,1.6339267813337979,2,16,40.37600000000043,2.523500000000027,1.4665210810311247,0.5625,30.3799999999992,6,3,7,25,-85.0,-3.4,0.7384615384615385,0.48,145.0,12,13,0,41,-44.62399999999957,-1.0883902439024284,0.8915701001343719,0.5121951219512195,155.3799999999992,18,16,7
prevday_rejection,ext=5.0,20.0,30.0,0.6974668266894173,2,16,25.37600000000043,1.586000000000027,1.2498941376899426,0.5625,40.0,6,3,7,25,-67.17999999999984,-2.6871999999999936,0.7964242424242429,0.56,180.0,13,11,1,41,-41.803999999999405,-1.0196097560975466,0.9031299024208268,0.5609756097560976,180.0,19,14,8
prevday_rejection,ext=5.0,20.0,35.0,-0.2943051538892252,1,16,10.376000000000431,0.6485000000000269,1.0890284606210412,0.5625,50.0,6,3,7,25,-67.17999999999984,-2.6871999999999936,0.8080571428571434,0.6,185.0,14,10,1,41,-56.803999999999405,-1.3854634146341318,0.8782459216327626,0.5853658536585366,185.0,20,13,8
prevday_rejection,ext=5.0,25.0,15.0,-0.5026954986793457,1,16,10.75599999999963,0.6722499999999769,1.1118470993168095,0.4375,45.0,4,6,6,25,-55.0,-2.2,0.7843137254901961,0.32,90.0,8,17,0,41,-44.24400000000037,-1.0791219512195211,0.8740086625451698,0.36585365853658536,95.0,12,23,6
prevday_rejection,ext=5.0,25.0,20.0,1.4612109978296264,2,16,40.37600000000043,2.523500000000027,1.441041213802754,0.5,60.0,5,4,7,25,-50.0,-2.0,0.8333333333333334,0.4,100.0,10,15,0,41,-9.623999999999569,-0.23473170731706267,0.9754205753076908,0.43902439024390244,100.0,15,19,7
prevday_rejection,ext=5.0,25.0,25.0,3.269084482249582,2,16,70.37600000000043,4.398500000000027,1.813153546627855,0.5625,30.3799999999992,6,3,7,25,-115.15999999999985,-4.6063999999999945,0.6846313944572245,0.4,140.15999999999985,10,14,1,41,-44.78399999999942,-1.0922926829268151,0.9008560859141003,0.4634146341463415,145.53999999999905,16,17,8
prevday_rejection,ext=5.0,25.0,30.0,2.387967459382968,2,16,55.37600000000043,3.461000000000027,1.545323840192234,0.5625,35.3799999999992,6,3,7,25,-72.57000000000016,-2.9028000000000067,0.7928879248837007,0.48,165.0,11,11,3,41,-17.193999999999733,-0.4193658536585301,0.9619548742413218,0.5121951219512195,165.0,17,14,10
prevday_rejection,ext=5.0,25.0,35.0,1.4612109978296264,2,16,40.37600000000043,2.523500000000027,1.3464353436810956,0.5625,45.0,6,3,7,25,-127.57000000000016,-5.102800000000006,0.6853153753175952,0.48,205.0,11,11,3,41,-87.19399999999973,-2.126682926829262,0.8329415235938441,0.5121951219512195,205.0,17,14,10
prevday_rejection,ext=5.0,30.0,15.0,0.6250216507983426,2,16,30.75599999999963,1.922249999999977,1.3198186488088386,0.4375,45.0,4,6,6,25,-105.0,-4.2,0.631578947368421,0.24,165.0,6,19,0,41,-74.24400000000037,-1.8108292682926919,0.8052192346136986,0.3170731707317073,165.0,10,25,6
prevday_rejection,ext=5.0,30.0,20.0,2.839514152975718,2,16,65.37600000000043,4.086000000000027,1.7141249849804023,0.5,60.0,5,4,7,25,-100.0,-4.0,0.7058823529411765,0.32,180.0,8,17,0,41,-34.62399999999957,-0.8444878048780383,0.9197677193909363,0.3902439024390244,180.0,13,21,7
prevday_rejection,ext=5.0,30.0,25.0,4.869421176242572,2,16,100.37600000000043,6.273500000000027,2.1597860122245853,0.5625,30.3799999999992,6,3,7,25,-175.15999999999985,-7.006399999999994,0.5780903747952598,0.32,225.0,8,16,1,41,-74.78399999999942,-1.8239999999999859,0.8509408878090209,0.4146341463414634,225.0,14,19,8
prevday_rejection,ext=5.0,30.0,30.0,4.0226358092311125,2,16,85.37600000000043,5.336000000000027,1.8407535426945256,0.5625,35.3799999999992,6,3,7,25,-197.57000000000016,-7.902800000000006,0.551374917686596,0.36,270.0,8,14,3,41,-112.19399999999973,-2.7364390243902372,0.7929759363173214,0.43902439024390244,275.3799999999992,14,17,10
prevday_rejection,ext=5.0,30.0,35.0,3.1416573999559567,2,16,70.37600000000043,4.398500000000027,1.60384222674115,0.5625,40.3799999999992,6,3,7,25,-267.57000000000016,-10.702800000000007,0.47575383530241583,0.36,325.0,8,14,3,41,-197.19399999999973,-4.809609756097554,0.6854644087045432,0.43902439024390244,335.3799999999992,14,17,10
asia_rejection,ext=5.0,10.0,15.0,1.9910814496704035,3,16,35.0,2.1875,1.4666666666666666,0.6875,30.0,11,5,0,20,-25.0,-1.25,0.8148148148148148,0.55,70.0,11,9,0,36,10.0,0.2777777777777778,1.0476190476190477,0.6111111111111112,70.0,22,14,0
asia_rejection,ext=5.0,10.0,20.0,1.5571909584179366,1,16,40.0,2.5,1.5,0.75,40.0,12,4,0,20,-40.0,-2.0,0.75,0.6,80.0,12,8,0,36,0.0,0.0,1.0,0.6666666666666666,80.0,24,12,0
asia_rejection,ext=5.0,10.0,25.0,0.8172960996313513,1,16,29.059999999999945,1.8162499999999966,1.3195513525401357,0.75,50.0,12,3,1,20,-80.0,-4.0,0.6,0.6,105.0,12,8,0,36,-50.940000000000055,-1.4150000000000016,0.824912353062487,0.6666666666666666,105.0,24,11,1
asia_rejection,ext=5.0,10.0,30.0,0.3026670931521208,1,16,19.513000000000147,1.2195625000000092,1.1941843223501565,0.75,60.0,12,2,2,20,-120.0,-6.0,0.5,0.6,130.0,12,8,0,36,-100.48699999999985,-2.7913055555555513,0.7048727264183364,0.6666666666666666,130.0,24,10,2
asia_rejection,ext=5.0,10.0,35.0,-0.2712633717462548,1,16,9.513000000000147,0.5945625000000092,1.0861006272231137,0.75,70.0,12,2,2,20,-25.0,-1.25,0.8571428571428571,0.75,95.0,15,5,0,36,-15.486999999999853,-0.4301944444444403,0.9457523459912365,0.75,95.0,27,7,2
asia_rejection,ext=5.0,15.0,15.0,2.795416318990438,2,16,58.55800000000022,3.6598750000000138,1.7807733333333362,0.6875,30.0,8,5,3,20,-90.0,-4.5,0.5384615384615384,0.35,90.0,7,13,0,36,-31.44199999999978,-0.8733888888888828,0.883548148148149,0.5,90.0,15,18,3
asia_rejection,ext=5.0,15.0,20.0,2.8392193381447144,2,16,68.55800000000022,4.284875000000014,1.8569750000000027,0.75,40.0,9,4,3,20,-120.0,-6.0,0.5,0.4,120.0,8,12,0,36,-51.44199999999978,-1.4289444444444384,0.8392437500000007,0.5555555555555556,120.0,17,16,3
asia_rejection,ext=5.0,15.0,25.0,2.001633913863677,2,16,57.618000000000166,3.6011250000000103,1.633582581922148,0.75,50.0,9,3,4,20,-180.0,-9.0,0.4,0.4,180.0,8,12,0,36,-122.38199999999983,-3.3994999999999953,0.6869545198751731,0.5555555555555556,180.0,17,15,4
asia_rejection,ext=5.0,15.0,30.0,1.539721875070217,2,16,48.07100000000037,3.004437500000023,1.4783802879974568,0.75,60.0,9,2,5,20,-240.0,-12.0,0.3333333333333333,0.4,240.0,8,12,0,36,-191.92899999999963,-5.331361111111101,0.5832043032702341,0.5555555555555556,240.0,17,14,5
asia_rejection,ext=5.0,15.0,35.0,1.0231852732168705,2,16,38.07100000000037,2.379437500000023,1.3445744748250963,0.75,70.0,9,2,5,20,-150.0,-7.5,0.5238095238095238,0.55,150.0,11,9,0,36,-111.92899999999963,-3.1091388888888787,0.7369390839203086,0.6388888888888888,150.0,20,11,5
asia_rejection,ext=5.0,20.0,15.0,3.7609708122923644,2,16,78.35800000000017,4.897375000000011,2.0419946808510656,0.625,30.0,7,5,4,20,-55.0,-2.75,0.717948717948718,0.35,60.0,7,13,0,36,23.358000000000175,0.6488333333333381,1.086447076239823,0.4722222222222222,60.0,14,18,4
asia_rejection,ext=5.0,20.0,20.0,3.8691181555081444,2,16,93.35800000000017,5.834875000000011,2.1640648379052383,0.6875,40.0,8,4,4,20,-80.0,-4.0,0.6666666666666666,0.4,80.0,8,12,0,36,13.358000000000175,0.3710555555555604,1.0417176764522178,0.5277777777777778,80.0,16,16,4
asia_rejection,ext=5.0,20.0,25.0,3.060872653886733,2,16,82.41800000000012,5.1511250000000075,1.9043010752688174,0.6875,50.0,8,3,5,20,-140.0,-7.0,0.5333333333333333,0.4,140.0,8,12,0,36,-57.58199999999988,-1.5994999999999966,0.8527841693511278,0.5277777777777778,140.0,16,15,5
asia_rejection,ext=5.0,20.0,30.0,2.5834922222615884,2,16,72.87100000000032,4.55443750000002,1.7237379204862633,0.6875,60.0,8,2,6,20,-200.0,-10.0,0.4444444444444444,0.4,200.0,8,12,0,36,-127.12899999999968,-3.531361111111102,0.7240447418746357,0.5277777777777778,200.0,16,14,6
asia_rejection,ext=5.0,20.0,35.0,2.052832225644045,2,16,62.87100000000032,3.92943750000002,1.5680070830359516,0.6875,70.0,8,2,6,20,-130.84000000000015,-6.542000000000007,0.6045218232378187,0.5,135.84000000000015,10,9,1,36,-67.96899999999982,-1.888027777777773,0.8460592443950204,0.5833333333333334,135.84000000000015,18,11,7
asia_rejection,ext=5.0,25.0,15.0,5.507993221138283,2,16,113.35800000000017,7.084875000000011,2.507420212765959,0.625,30.0,7,5,4,20,-100.0,-5.0,0.5555555555555556,0.25,110.0,5,15,0,36,13.358000000000175,0.3710555555555604,1.0444970019986681,0.4166666666666667,110.0,12,20,4
asia_rejection,ext=5.0,25.0,20.0,5.8688987510155455,2,16,133.35800000000017,8.334875000000011,2.662817955112221,0.6875,40.0,8,4,4,20,-130.0,-6.5,0.5357142857142857,0.3,135.0,6,14,0,36,3.3580000000001746,0.09327777777778262,1.009322598556358,0.4722222222222222,135.0,14,18,4
asia_rejection,ext=5.0,25.0,25.0,5.050147039325694,2,16,122.41800000000012,7.6511250000000075,2.3431863067807766,0.6875,50.0,8,3,5,20,-200.0,-10.0,0.42857142857142855,0.3,200.0,6,14,0,36,-77.58199999999988,-2.155055555555552,0.824132928322075,0.4722222222222222,200.0,14,17,5
asia_rejection,ext=5.0,25.0,30.0,4.577965283379925,2,16,112.87100000000032,7.05443750000002,2.121008670434122,0.6875,60.0,8,2,6,20,-270.0,-13.5,0.35714285714285715,0.3,270.0,6,14,0,36,-157.12899999999968,-4.364694444444435,0.6982275340079555,0.4722222222222222,270.0,14,16,6
asia_rejection,ext=5.0,25.0,35.0,4.053042852133782,2,16,102.87100000000032,6.42943750000002,1.9293864681489281,0.6875,70.0,8,2,6,20,-167.82999999999993,-8.391499999999997,0.5437294402305414,0.4,182.82999999999993,8,10,2,36,-64.9589999999996,-1.8044166666666557,0.8642493370141507,0.5277777777777778,182.82999999999993,16,12,8
asia_rejection,ext=5.0,30.0,15.0,7.1231279350178,2,16,145.9680000000003,9.123000000000019,2.941063829787237,0.625,30.0,6,5,5,20,-75.0,-3.75,0.6666666666666666,0.25,90.0,5,15,0,36,70.9680000000003,1.9713333333333418,1.236402398401067,0.4166666666666667,90.0,11,20,5
asia_rejection,ext=5.0,30.0,20.0,7.710860276239717,2,16,170.9680000000003,10.685500000000019,3.1317705735660875,0.6875,40.0,7,4,5,20,-100.0,-5.0,0.6428571428571429,0.3,110.0,6,14,0,36,70.9680000000003,1.9713333333333418,1.1970238756246538,0.4722222222222222,110.0,13,18,5
asia_rejection,ext=5.0,30.0,25.0,6.889001808338621,2,16,160.02800000000025,10.001750000000015,2.755848145709898,0.6875,50.0,7,3,6,20,-170.0,-8.5,0.5142857142857142,0.3,175.0,6,14,0,36,-9.971999999999753,-0.27699999999999314,0.9773949313143225,0.4722222222222222,175.0,13,17,6
asia_rejection,ext=5.0,30.0,30.0,6.418199263320201,2,16,150.48100000000045,9.405062500000028,2.4945424930725975,0.6875,60.0,7,2,7,20,-240.0,-12.0,0.42857142857142855,0.3,240.0,6,14,0,36,-89.51899999999955,-2.4866388888888764,0.8280752160126917,0.4722222222222222,240.0,13,16,7
asia_rejection,ext=5.0,30.0,35.0,5.895044154711009,2,16,140.48100000000045,8.780062500000028,2.2691734350014054,0.6875,70.0,7,2,7,20,-127.82999999999993,-6.391499999999996,0.6524753282766497,0.4,152.82999999999993,8,10,2,36,12.651000000000522,0.35141666666668114,1.0264379321946775,0.5277777777777778,152.82999999999993,15,12,9
midday_momentum_cont,th=12.0,10.0,15.0,-2.814285714285714,1,28,-20.0,-0.7142857142857143,0.8888888888888888,0.5714285714285714,70.0,16,12,0,37,-130.0,-3.5135135135135136,0.5666666666666667,0.4594594594594595,170.0,17,20,0,65,-150.0,-2.3076923076923075,0.6875,0.5076923076923077,205.0,33,32,0
midday_momentum_cont,th=12.0,10.0,20.0,-5.377142857142857,1,28,-80.0,-2.857142857142857,0.6666666666666666,0.5714285714285714,110.0,16,12,0,37,-230.0,-6.216216216216216,0.425,0.4594594594594595,270.0,17,20,0,65,-310.0,-4.769230769230769,0.515625,0.5076923076923077,360.0,33,32,0
midday_momentum_cont,th=12.0,10.0,25.0,-5.4577019999999985,1,28,-81.88599999999997,-2.9244999999999988,0.6749084903488086,0.6071428571428571,141.88599999999997,17,9,2,37,-190.0,-5.135135135135135,0.525,0.5675675675675675,230.0,21,16,0,65,-271.88599999999997,-4.1828615384615375,0.5829240081854803,0.5846153846153846,321.88599999999997,38,25,2
midday_momentum_cont,th=12.0,10.0,30.0,-4.173582428571442,1,28,-51.82300000000032,-1.85082142857144,0.7764544501624073,0.6428571428571429,131.82300000000032,18,5,5,37,-270.0,-7.297297297297297,0.4375,0.5675675675675675,310.0,21,16,0,65,-321.8230000000003,-4.951123076923082,0.5478890117346585,0.6,371.8230000000003,39,21,5
midday_momentum_cont,th=12.0,10.0,35.0,-3.3349728571428594,1,28,-32.190000000000055,-1.1496428571428592,0.8482963381874733,0.6428571428571429,107.19000000000005,18,2,8,37,-293.6300000000001,-7.9359459459459485,0.41697277763437435,0.5675675675675675,343.02999999999975,21,13,3,65,-325.82000000000016,-5.012615384615387,0.5448297057919588,0.6,385.2199999999998,39,15,11
midday_momentum_cont,th=12.0,15.0,15.0,-1.3554761904761883,1,28,16.59999999999991,0.5928571428571396,1.0851282051282047,0.5357142857142857,45.0,14,13,1,37,-165.0,-4.45945945945946,0.5416666666666666,0.35135135135135137,225.0,13,24,0,65,-148.4000000000001,-2.2830769230769246,0.7326126126126125,0.4307692307692308,225.0,27,37,1
midday_momentum_cont,th=12.0,15.0,20.0,-4.131904761904759,1,28,-48.40000000000009,-1.7285714285714318,0.8138461538461534,0.5357142857142857,100.0,14,13,1,37,-250.0,-6.756756756756757,0.45652173913043476,0.3783783783783784,310.0,14,23,0,65,-298.4000000000001,-4.590769230769232,0.5855555555555554,0.4461538461538462,370.0,28,36,1
midday_momentum_cont,th=12.0,15.0,25.0,-3.359459619047624,1,28,-30.31600000000026,-1.0827142857142948,0.882000342524404,0.5714285714285714,111.91600000000017,15,9,4,37,-205.0,-5.54054054054054,0.5684210526315789,0.4864864864864865,285.0,18,19,0,65,-235.31600000000026,-3.620246153846158,0.6784931604173153,0.5230769230769231,311.91600000000017,33,28,4
midday_momentum_cont,th=12.0,15.0,30.0,-1.8617686190476392,1,28,4.746999999999389,0.16953571428569245,1.0200419669584062,0.6071428571428571,105.54300000000012,16,5,7,37,-300.0,-8.108108108108109,0.47368421052631576,0.4864864864864865,360.0,18,19,0,65,-295.2530000000006,-4.542353846153856,0.6340684114702425,0.5384615384615384,365.5730000000003,34,24,7
midday_momentum_cont,th=12.0,15.0,35.0,-1.0231590476190564,1,28,24.379999999999654,0.8707142857142733,1.1122364423165436,0.6071428571428571,80.90999999999985,16,2,10,37,-338.6300000000001,-9.152162162162165,0.4436192760790627,0.4864864864864865,428.02999999999975,18,16,3,65,-314.25000000000045,-4.834615384615391,0.6194829569534416,0.5384615384615384,428.02999999999975,34,18,13
midday_momentum_cont,th=12.0,20.0,15.0,-1.2536209523809576,1,28,34.279999999999745,1.224285714285705,1.163238095238094,0.5,77.32000000000016,12,14,2,37,-205.0,-5.54054054054054,0.49382716049382713,0.2702702702702703,285.0,10,27,0,65,-170.72000000000025,-2.6264615384615424,0.7224065040650403,0.36923076923076925,297.32000000000016,22,41,2
midday_momentum_cont,th=12.0,20.0,20.0,-4.243620952380957,1,28,-35.720000000000255,-1.275714285714295,0.8724285714285706,0.5,117.32000000000016,12,14,2,37,-300.0,-8.108108108108109,0.4230769230769231,0.2972972972972973,380.0,11,26,0,65,-335.72000000000025,-5.164923076923081,0.5803499999999997,0.38461538461538464,437.32000000000016,23,40,2
midday_momentum_cont,th=12.0,20.0,25.0,-3.4711758095238214,1,28,-17.636000000000422,-0.6298571428571579,0.9374423587167794,0.5357142857142857,134.23600000000033,13,10,5,37,-160.0,-4.324324324324325,0.68,0.4594594594594595,270.0,17,20,0,65,-177.63600000000042,-2.732861538461545,0.7728195867586795,0.49230769230769234,304.23600000000033,30,30,5
midday_momentum_cont,th=12.0,20.0,30.0,-1.9734848095238366,1,28,17.426999999999225,0.6223928571428294,1.0653056176996294,0.5714285714285714,122.89300000000048,14,6,8,37,-210.0,-5.675675675675675,0.631578947368421,0.4864864864864865,330.0,18,19,0,65,-192.57300000000077,-2.9626615384615502,0.7698843166004058,0.5230769230769231,330.0,32,25,8
midday_momentum_cont,th=12.0,20.0,35.0,-1.3484466666666823,1,28,32.05999999999949,1.1449999999999818,1.127111252081514,0.5714285714285714,108.26000000000022,14,3,11,37,-248.6300000000001,-6.719729729729733,0.5914923681054169,0.4864864864864865,388.02999999999975,18,16,3,65,-216.57000000000062,-3.3318461538461634,0.7484230702212923,0.5230769230769231,388.02999999999975,32,19,14
midday_momentum_cont,th=12.0,25.0,15.0,-2.761240000000005,1,28,14.279999999999745,0.5099999999999909,1.059499999999999,0.42857142857142855,77.32000000000016,10,16,2,37,-395.0,-10.675675675675675,0.20202020202020202,0.10810810810810811,445.0,4,33,0,65,-380.72000000000025,-5.857230769230773,0.48201360544217653,0.24615384615384617,522.3200000000002,14,49,2
midday_momentum_cont,th=12.0,25.0,20.0,-6.1783828571428625,1,28,-65.72000000000025,-2.3471428571428663,0.7946249999999992,0.42857142857142855,147.32000000000016,10,16,2,37,-470.0,-12.702702702702704,0.24193548387096775,0.16216216216216217,520.0,6,31,0,65,-535.7200000000003,-8.241846153846158,0.4300851063829785,0.27692307692307694,667.3200000000002,16,47,2
midday_momentum_cont,th=12.0,25.0,25.0,-5.619509142857154,1,28,-52.63600000000042,-1.879857142857158,0.841417708094818,0.4642857142857143,154.23600000000033,11,12,5,37,-282.3059999999996,-7.629891891891881,0.5179497162059713,0.35135135135135137,335.6359999999995,12,23,2,65,-334.942,-5.152953846153847,0.6349612882975568,0.4,464.87199999999984,23,35,7
midday_momentum_cont,th=12.0,25.0,30.0,-4.335389571428598,1,28,-22.573000000000775,-0.8061785714285991,0.9309383729076963,0.5,147.89300000000048,12,8,8,37,-342.3059999999996,-9.251513513513503,0.4895800404392251,0.3783783783783784,392.3059999999996,13,22,2,65,-364.87900000000036,-5.613523076923083,0.63420248243339,0.4307692307692308,495.19900000000007,25,30,10
midday_momentum_cont,th=12.0,25.0,35.0,-3.8449014285714482,1,28,-11.0900000000006,-0.39607142857145,0.964834955766241,0.5,131.4100000000003,12,4,12,37,-395.9359999999997,-10.700972972972965,0.4533279209572175,0.3783783783783784,468.66599999999926,13,19,5,65,-407.0260000000003,-6.261938461538466,0.6084918182902475,0.4307692307692308,560.0759999999996,25,23,17
midday_momentum_cont,th=12.0,30.0,15.0,-3.2010019047619096,1,28,19.279999999999745,0.6885714285714195,1.075607843137254,0.39285714285714285,57.320000000000164,9,17,2,37,-375.0,-10.135135135135135,0.24242424242424243,0.10810810810810811,435.0,4,33,0,65,-355.72000000000025,-5.472615384615389,0.5257066666666663,0.23076923076923078,492.32000000000016,13,50,2
midday_momentum_cont,th=12.0,30.0,20.0,-6.831716190476195,1,28,-65.72000000000025,-2.3471428571428663,0.8067058823529404,0.39285714285714285,137.32000000000016,9,17,2,37,-440.0,-11.891891891891891,0.2903225806451613,0.16216216216216217,500.0,6,31,0,65,-505.72000000000025,-7.780307692307696,0.47320833333333306,0.26153846153846155,637.3200000000002,15,48,2
midday_momentum_cont,th=12.0,30.0,25.0,-6.272842476190489,1,28,-52.63600000000042,-1.879857142857158,0.852525524212979,0.42857142857142855,154.23600000000033,10,13,5,37,-277.3059999999996,-7.494756756756746,0.5458734827294823,0.32432432432432434,350.6359999999995,11,24,2,65,-329.942,-5.076030769230769,0.6589930050271199,0.36923076923076925,469.87199999999984,21,37,7
midday_momentum_cont,th=12.0,30.0,30.0,-4.988722904761931,1,28,-22.573000000000775,-0.8061785714285991,0.9367442616427472,0.4642857142857143,152.89300000000048,11,9,8,37,-337.3059999999996,-9.116378378378368,0.5185716977146481,0.35135135135135137,400.6359999999995,12,23,2,65,-359.87900000000036,-5.536600000000005,0.6596853489728968,0.4,493.529,23,32,10
midday_momentum_cont,th=12.0,30.0,35.0,-4.711806190476209,1,28,-16.0900000000006,-0.5746428571428785,0.9540771184747536,0.4642857142857143,141.4100000000003,11,5,12,37,-395.9359999999997,-10.700972972972965,0.4785279467274975,0.35135135135135137,488.66599999999926,12,20,5,65,-412.0260000000003,-6.338861538461543,0.6286836404009961,0.4,575.0759999999996,23,25,17
