family,threshold,tp,sl,rr,horizon_min,train_score,train_n,train_R,train_evR,train_wr,train_pf,train_ddR,train_streak,train_pos_years,oos_n,oos_R,oos_evR,oos_wr,oos_pf,oos_ddR,oos_streak,oos_pos_years,all_n,all_R,all_evR,all_wr,all_pf,all_ddR,n_2018,R_2018,wr_2018,n_2019,R_2019,wr_2019,n_2020,R_2020,wr_2020,n_2021,R_2021,wr_2021,n_2022,R_2022,wr_2022,n_2023,R_2023,wr_2023,n_2024,R_2024,wr_2024,n_2025,R_2025,wr_2025,n_2026,R_2026,wr_2026
prev_0959_to_1000,0.0,30.0,50.0,0.6,480,-0.24359581202196964,1304,-5.59079999999997,-0.004287423312883412,0.46088957055214724,0.9464295261962379,12.427520000000012,10,1,949,14.89812,0.015698756585879874,0.5173867228661749,1.1054635751510054,11.788820000000122,14,3,2253,9.307320000000036,0.0041310785619174594,0.48468708388814913,1.0378921439466013,14.170259999999962,260,-2.2196600000000397,0.45,261,-5.210059999999971,0.421455938697318,262,-1.444340000000007,0.5076335877862596,261,4.303660000000054,0.4559386973180077,260,-1.0204000000000046,0.46923076923076923,260,-5.559359999999988,0.4230769230769231,262,6.769240000000032,0.5305343511450382,261,7.4138,0.5478927203065134,166,6.2744399999999585,0.5963855421686747
prev_0959_to_1000,0.0,50.0,50.0,1.0,480,-0.24505824113034763,1304,-5.822799999999974,-0.004465337423312864,0.4601226993865031,0.9443880633564253,11.98337999999999,10,1,949,16.49420000000001,0.017380611169652276,0.5026343519494204,1.1121736062391,14.7513800000001,14,3,2253,10.671400000000041,0.004736529072347999,0.4780292942743009,1.0423895749467342,14.751380000000093,260,-2.2196600000000397,0.45,261,-5.132199999999971,0.421455938697318,262,-2.0904600000000073,0.5038167938931297,261,4.78088000000005,0.4559386973180077,260,-1.1613600000000084,0.46923076923076923,260,-5.039199999999992,0.4230769230769231,262,9.32392000000002,0.5305343511450382,261,5.36416000000003,0.5325670498084292,166,6.845319999999956,0.536144578313253
prev_0959_to_1000,0.0,40.0,50.0,0.8,480,-0.2630286970096525,1304,-6.4254599999999735,-0.00492749999999998,0.4601226993865031,0.938632226003671,12.00381999999999,10,1,949,13.421780000000004,0.014143076923076927,0.5068493150684932,1.092342518062539,14.128100000000064,14,3,2253,6.996320000000025,0.003105335108743908,0.4798047048379938,1.0279794692238318,14.460399999999948,260,-2.2196600000000397,0.45,261,-5.010059999999971,0.421455938697318,262,-2.4330400000000094,0.5038167938931297,261,4.798660000000054,0.4559386973180077,260,-1.561360000000008,0.46923076923076923,260,-5.038039999999988,0.4230769230769231,262,8.425140000000015,0.5305343511450382,261,7.16790000000003,0.5402298850574713,166,2.866779999999946,0.5481927710843374
prev_0959_to_1000,0.0,20.0,50.0,0.4,480,-0.2693759413982123,1304,-6.731599999999974,-0.0051622699386502865,0.4624233128834356,0.934661775003014,11.766719999999996,10,1,949,11.061519999999994,0.01165597471022128,0.5426765015806112,1.0837379860829328,9.312200000000026,14,3,2253,4.329920000000028,0.001921846426986253,0.49622725255215266,1.0184154916189252,15.139259999999934,260,-2.195300000000038,0.45,261,-5.084039999999978,0.421455938697318,262,-2.349100000000016,0.5114503816793893,261,3.710040000000048,0.4559386973180077,260,-0.8131999999999913,0.47307692307692306,260,-5.721999999999979,0.4269230769230769,262,6.679500000000031,0.5305343511450382,261,5.264219999999987,0.5823754789272031,166,4.839799999999961,0.6807228915662651
prev_0959_to_1000,0.0,25.0,50.0,0.5,480,-0.2722207773908094,1304,-6.345119999999973,-0.004865889570552126,0.4616564417177914,0.93900505426573,12.960819999999995,10,1,949,12.502500000000008,0.013174394099051643,0.5268703898840885,1.0908072354682279,12.527780000000078,14,3,2253,6.157380000000035,0.002732969374167792,0.4891256102973813,1.0254743787915988,14.400999999999996,260,-2.2196600000000397,0.45,261,-5.182919999999972,0.421455938697318,262,-2.7478200000000146,0.5076335877862596,261,4.021200000000054,0.4559386973180077,260,-0.21592000000000056,0.47307692307692306,260,-5.287619999999993,0.4230769230769231,262,6.650300000000048,0.5305343511450382,261,6.710039999999981,0.5632183908045977,166,4.429779999999971,0.6265060240963856
prev_0959_to_1000,0.0,30.0,40.0,0.75,480,-0.27945120636319465,1304,-5.895824999999964,-0.004521338190184021,0.46088957055214724,0.9544237028516568,14.831475000000008,10,1,949,11.600725000000041,0.01222415700737623,0.5089567966280295,1.0644779081783589,18.28047500000008,14,3,2253,5.704900000000077,0.0025321349312028745,0.48113626276076343,1.0184457762675654,18.28047500000008,260,-2.7745750000000493,0.45,261,-7.059649999999966,0.421455938697318,262,-0.042925000000010094,0.5076335877862596,261,4.992150000000067,0.4559386973180077,260,-1.010825000000005,0.46923076923076923,260,-6.977024999999981,0.4230769230769231,262,8.047475000000038,0.5305343511450382,261,9.489625000000013,0.5440613026819924,166,1.040649999999971,0.5542168674698795
prev_0959_to_1000,0.0,15.0,50.0,0.3,720,-0.2794787329002846,1304,-8.407000000000036,-0.0064470858895705795,0.47929447852760737,0.9275693329572369,14.46923999999999,10,2,949,5.95258000000006,0.006272476290832518,0.5858798735511064,1.0448094998928052,12.182320000000011,9,3,2253,-2.4544199999999767,-0.0010894007989347434,0.5241899689303151,0.9901393884751186,16.601319999999845,260,-3.1987799999999798,0.4346153846153846,261,-6.53916000000002,0.4329501915708812,262,-0.3218800000000108,0.5305343511450382,261,0.7744199999999957,0.46360153256704983,260,0.8783999999999783,0.5346153846153846,260,-6.360359999999969,0.45,262,6.03370000000003,0.549618320610687,261,3.4494399999999903,0.6628352490421456,166,2.829800000000003,0.7349397590361446
prev_0959_to_1000,0.0,50.0,40.0,1.25,480,-0.2811951919692947,1304,-6.185824999999973,-0.004743730828220838,0.4601226993865031,0.9523388230761823,14.276299999999972,10,1,949,14.594725000000032,0.015379056902002142,0.49420442571127504,1.0779586624349013,22.160025000000108,14,3,2253,8.408900000000056,0.003732312472259235,0.4744784731469152,1.0265266176669723,22.160025000000097,260,-2.7745750000000493,0.45,261,-6.962324999999965,0.421455938697318,262,-0.8505750000000099,0.5038167938931297,261,5.588675000000064,0.4559386973180077,260,-1.1870250000000107,0.46923076923076923,260,-6.326824999999985,0.4230769230769231,262,11.240825000000026,0.5305343511450382,261,7.0070000000000405,0.5287356321839081,166,2.673724999999955,0.4939759036144578
prev_0959_to_1000,0.0,15.0,40.0,0.375,720,-0.29391308468897426,1304,-9.999875000000031,-0.007668615797546036,0.47929447852760737,0.9308341198168603,17.87852500000002,10,3,949,1.8070750000000588,0.0019041886195996405,0.5763962065331928,1.01073652027006,16.35680000000002,9,2,2253,-8.192799999999973,-0.0036363959165556918,0.5201952951620062,0.9738156510355743,20.529875000000008,260,-3.9984749999999725,0.4346153846153846,261,-8.637775000000023,0.4329501915708812,262,0.6959999999999922,0.5305343511450382,261,0.4831999999999943,0.46360153256704983,260,1.4571749999999783,0.5346153846153846,260,-8.237549999999963,0.45,262,7.846225000000032,0.549618320610687,261,5.680224999999984,0.6551724137931034,166,-3.4818249999999917,0.6927710843373494
prev_0959_to_1000,0.0,50.0,50.0,1.0,720,-0.2952608814605969,1304,-9.612299999999978,-0.007371395705521456,0.46088957055214724,0.9213397101935056,12.909499999999978,10,2,949,23.864920000000122,0.02514743940990529,0.512118018967334,1.1448965520758687,15.446420000000014,11,3,2253,14.252620000000139,0.006326063027075073,0.48246782068353306,1.0496774314079045,15.446420000000023,260,-3.168539999999976,0.4346153846153846,261,-5.957800000000011,0.42911877394636017,262,0.7377200000000133,0.5038167938931297,261,0.5832600000000092,0.4367816091954023,260,-1.8069400000000133,0.5,260,-3.570699999999966,0.4423076923076923,262,14.298580000000062,0.5267175572519084,261,4.551819999999999,0.5517241379310345,166,8.585220000000026,0.536144578313253
prev_0959_to_1000,0.0,30.0,50.0,0.6,720,-0.30006028859348144,1304,-9.437459999999977,-0.007237315950920227,0.4616564417177914,0.9225604150303427,13.731239999999998,10,2,949,25.02462000000012,0.026369462592202443,0.5310853530031612,1.1635357936112314,10.521559999999905,10,3,2253,15.587160000000138,0.006918402130492738,0.4909010208610741,1.0567030650989766,16.13627999999996,260,-3.168539999999976,0.4346153846153846,261,-5.947400000000012,0.42911877394636017,262,1.422940000000013,0.5076335877862596,261,0.20274000000000836,0.4367816091954023,260,-1.947200000000008,0.5,260,-4.530599999999973,0.4423076923076923,262,13.27938000000006,0.5305343511450382,261,7.1607400000000165,0.5708812260536399,166,9.115100000000012,0.608433734939759
prev_0959_to_1000,0.0,40.0,40.0,1.0,480,-0.30340797160099614,1304,-6.939149999999971,-0.005321434049079732,0.4601226993865031,0.9465345275931814,14.301849999999975,10,1,949,9.691200000000023,0.010212012644889381,0.49841938883034775,1.0524563685661796,22.053675000000045,14,2,2253,2.7520500000000467,0.0012215046604527504,0.47625388371060806,1.0087495736766612,22.053675000000045,260,-2.7745750000000493,0.45,261,-6.809649999999966,0.421455938697318,262,-1.2788000000000137,0.5038167938931297,261,5.610900000000067,0.4559386973180077,260,-1.6870250000000107,0.46923076923076923,260,-6.32537499999998,0.4230769230769231,262,10.117350000000016,0.5305343511450382,261,8.932250000000046,0.5363984674329502,166,-3.0330250000000554,0.5060240963855421
prev_0959_to_1000,0.0,15.0,50.0,0.3,480,-0.3070983732116006,1304,-7.790480000000034,-0.005974294478527634,0.4700920245398773,0.9230394292426218,12.292340000000008,10,1,949,-0.6374000000000244,-0.0006716543730242617,0.5584826132771338,0.9949381917797947,12.978660000000101,9,2,2253,-8.427880000000057,-0.0037407367953839576,0.507323568575233,0.9628973382731464,16.75431999999996,260,-2.392960000000044,0.45,261,-5.671019999999981,0.421455938697318,262,-2.012460000000029,0.5190839694656488,261,3.2767000000000284,0.47126436781609193,260,-0.9907400000000103,0.48846153846153845,260,-6.828979999999988,0.4269230769230769,262,4.242080000000024,0.5381679389312977,261,2.4678999999999878,0.6130268199233716,166,-0.5184000000000468,0.7108433734939759
prev_0959_to_1000,0.0,40.0,50.0,0.8,720,-0.3121202323088829,1304,-10.030059999999981,-0.007691763803680967,0.46088957055214724,0.9179210567318408,13.299099999999976,10,2,949,24.953880000000105,0.026294920969441627,0.5194942044257113,1.1557586601769623,13.917679999999935,10,3,2253,14.923820000000124,0.006623976919662727,0.4855747891699956,1.052844745124426,15.81343999999994,260,-3.168539999999976,0.4346153846153846,261,-5.747400000000011,0.42911877394636017,262,0.08066000000001239,0.5038167938931297,261,1.0121600000000082,0.4367816091954023,260,-2.2069400000000137,0.5,260,-3.615159999999965,0.4423076923076923,262,13.55004000000006,0.5267175572519084,261,7.907180000000009,0.5632183908045977,166,7.111820000000001,0.5602409638554217
prev_0959_to_1000,0.0,25.0,40.0,0.625,480,-0.31490494303162475,1304,-6.838724999999972,-0.005244421012269917,0.4616564417177914,0.9469623909530753,15.498099999999976,10,1,949,8.819200000000036,0.009293150684931546,0.5184404636459431,1.0501866378190623,19.079175000000067,14,2,2253,1.9804750000000597,0.0008790390590324278,0.4855747891699956,1.0065004130710993,19.07917500000006,260,-2.7745750000000493,0.45,261,-7.025724999999967,0.421455938697318,262,-1.6722750000000195,0.5076335877862596,261,4.639075000000065,0.4559386973180077,260,-0.005225000000000923,0.47307692307692306,260,-6.637349999999985,0.4230769230769231,262,7.898800000000058,0.5305343511450382,261,8.734924999999988,0.5593869731800766,166,-1.1771750000000232,0.5843373493975904
prev_0959_to_1000,0.0,20.0,40.0,0.5,480,-0.32140078528669014,1304,-7.571824999999975,-0.005806614263803662,0.4624233128834356,0.9408178610383457,14.255474999999988,10,1,949,10.043875000000003,0.010583640674394103,0.5353003161222339,1.060353197387727,12.381050000000053,14,3,2253,2.472050000000035,0.0010972259209942453,0.4931202840656902,1.0083980692644952,18.10922499999995,260,-2.7441250000000474,0.45,261,-6.902124999999972,0.421455938697318,262,-1.4238750000000215,0.5114503816793893,261,4.250125000000059,0.4559386973180077,260,-0.7518249999999909,0.47307692307692306,260,-7.1803249999999705,0.4269230769230769,262,7.935300000000035,0.5305343511450382,261,7.770974999999986,0.578544061302682,166,1.5179249999999556,0.6445783132530121
prev_0959_to_1000,0.0,20.0,50.0,0.4,720,-0.3444638202123121,1304,-8.704020000000014,-0.006674861963190195,0.46549079754601225,0.9271908932612917,13.360219999999982,10,1,949,18.876340000000077,0.019890769230769312,0.5584826132771338,1.1346825221395218,9.67637999999997,10,3,2253,10.172320000000077,0.004515011096316058,0.5046604527296937,1.0391694881904165,15.002479999999927,260,-2.905079999999981,0.4346153846153846,261,-5.542160000000016,0.4329501915708812,262,-0.8242399999999979,0.5114503816793893,261,0.9338599999999948,0.44061302681992337,260,-0.3664000000000116,0.5076923076923077,260,-4.512919999999971,0.4461538461538462,262,10.358620000000048,0.5343511450381679,261,5.064719999999989,0.6053639846743295,166,7.9659200000000165,0.6987951807228916
prev_0959_to_1000,0.0,10.0,40.0,0.25,480,-0.3522069483790239,1304,-11.413250000000037,-0.008752492331288372,0.4915644171779141,0.9046032141066795,13.247900000000026,10,2,949,-7.020124999999954,-0.007397391991570025,0.6111696522655427,0.9490332831419336,16.106400000000033,9,2,2253,-18.43337499999999,-0.008181702174877936,0.5419440745672437,0.9283804721186164,21.45647500000002,260,-3.2770000000000437,0.45,261,-6.7275999999999785,0.42911877394636017,262,0.3516999999999888,0.5648854961832062,261,1.0891250000000179,0.49808429118773945,260,-2.849475000000023,0.5153846153846153,260,-7.222024999999991,0.46153846153846156,262,6.636000000000053,0.6145038167938931,261,0.7134750000000061,0.6781609195402298,166,-7.1475750000000176,0.7349397590361446
prev_0959_to_1000,0.0,12.5,50.0,0.25,720,-0.35342563552719297,1304,-10.400780000000013,-0.0079760582822086,0.4892638036809816,0.9085580438797036,15.745260000000007,10,2,949,1.5118000000000302,0.0015930453108535618,0.6059009483667018,1.0119928807442158,12.855780000000022,9,3,2253,-8.888979999999984,-0.003945397248113619,0.538393253439858,0.9629316930775647,18.65901999999998,260,-3.278639999999982,0.43846153846153846,261,-6.9011600000000275,0.4367816091954023,262,-1.63422,0.5381679389312977,261,0.22280000000000233,0.4827586206896552,260,1.190439999999994,0.55,260,-6.551679999999969,0.4576923076923077,262,4.865500000000011,0.5648854961832062,261,3.024179999999996,0.7011494252873564,166,0.17379999999999285,0.7530120481927711
prev_0959_to_1000,0.0,20.0,40.0,0.5,720,-0.3576447931656306,1304,-10.371150000000007,-0.007953335889570558,0.46549079754601225,0.930359129437917,16.492249999999984,10,2,949,16.33677500000008,0.017214726027397344,0.547945205479452,1.0920632854343508,12.974374999999995,10,3,2253,5.9656250000000774,0.00264785841100758,0.5002219263204616,1.0182784429807563,18.531324999999956,260,-3.6313499999999745,0.4346153846153846,261,-7.391525000000018,0.4329501915708812,262,0.06805000000000527,0.5114503816793893,261,0.6824999999999934,0.44061302681992337,260,-0.09882500000001104,0.5076923076923077,260,-5.928249999999968,0.4461538461538462,262,13.252375000000054,0.5343511450381679,261,7.699324999999975,0.5977011494252874,166,1.3133250000000203,0.6506024096385542
prev_0959_to_1000,0.0,10.0,50.0,0.2,480,-0.36437523944805267,1304,-10.042400000000029,-0.007701226993865053,0.4915644171779141,0.8960668209284641,11.464060000000142,10,1,949,-6.629679999999947,-0.006985964172813432,0.6153846153846154,0.9407154373542969,14.723879999999998,9,1,2253,-16.67207999999997,-0.007399946737683075,0.5437194851309365,0.9200194654186591,17.87352000000022,260,-2.6216000000000346,0.45,261,-5.382079999999982,0.42911877394636017,262,-0.7286400000000088,0.5648854961832062,261,1.1812400000000172,0.49808429118773945,260,-2.4913200000000186,0.5153846153846153,260,-5.755359999999995,0.46153846153846156,262,5.6400600000000445,0.6145038167938931,261,-0.3151799999999838,0.6819923371647509,166,-6.199200000000009,0.7530120481927711
prev_0959_to_1000,0.0,50.0,40.0,1.25,720,-0.3659992598184211,1304,-11.00649999999996,-0.008440567484662546,0.46088957055214724,0.9274653756977543,15.678849999999976,10,2,949,18.465525000000127,0.0194578767123289,0.49841938883034775,1.0883941938657185,24.131675000000016,11,2,2253,7.459025000000171,0.0033107079449623484,0.4766977363515313,1.020682682914031,24.131675,260,-3.960674999999969,0.4346153846153846,261,-7.911075000000012,0.42911877394636017,262,2.270500000000021,0.5038167938931297,261,0.24425000000001162,0.4367816091954023,260,-1.6495000000000117,0.5,260,-4.750474999999959,0.4423076923076923,262,18.42732500000007,0.5267175572519084,261,5.566049999999974,0.5402298850574713,166,-0.7773749999999584,0.4759036144578313
prev_0959_to_1000,0.0,15.0,40.0,0.375,480,-0.3680250081703582,1304,-8.895425000000046,-0.0068216449386503415,0.4700920245398773,0.9292278004104509,14.912500000000007,10,1,949,-4.359025000000005,-0.004593282402528983,0.5511064278187566,0.972583627632576,17.104125000000074,9,2,2253,-13.254450000000052,-0.00588302263648471,0.5042166000887706,0.9534416087706931,20.128050000000027,260,-2.9912000000000543,0.45,261,-7.6358499999999765,0.421455938697318,262,-1.003075000000036,0.5190839694656488,261,3.708450000000033,0.47126436781609193,260,-0.9737500000000125,0.48846153846153845,260,-8.56404999999998,0.4269230769230769,262,4.888525000000027,0.5381679389312977,261,4.150574999999991,0.6091954022988506,166,-4.834075000000042,0.6746987951807228
prev_0959_to_1000,0.0,12.5,50.0,0.25,480,-0.3861912151523602,1304,-10.358180000000026,-0.007943389570552167,0.4762269938650307,0.8965100576728093,12.559980000000028,10,1,949,-4.585000000000029,-0.004831401475237122,0.5795574288724974,0.961991578295359,13.313460000000088,9,2,2253,-14.94318000000005,-0.0066325699067909675,0.519751442521083,0.93229800010801,19.255380000000017,260,-2.3387600000000477,0.45,261,-5.639179999999979,0.421455938697318,262,-2.7000200000000225,0.5305343511450382,261,1.8978000000000301,0.4827586206896552,260,-1.578020000000006,0.49615384615384617,260,-6.843219999999997,0.4307692307692308,262,3.277300000000018,0.5572519083969466,261,2.109719999999988,0.6513409961685823,166,-3.1288000000000373,0.7349397590361446
prev_0959_to_1000,0.0,40.0,40.0,1.0,720,-0.38692370027062484,1304,-11.528699999999962,-0.008841027607361933,0.46088957055214724,0.9240239928048606,16.165849999999974,10,2,949,20.543550000000117,0.021647576396206656,0.505795574288725,1.1012077306585748,23.232574999999954,10,2,2253,9.014850000000152,0.004001264980026699,0.4798047048379938,1.0254136069929605,23.232574999999954,260,-3.960674999999969,0.4346153846153846,261,-7.648075000000012,0.42911877394636017,262,1.4491750000000199,0.5038167938931297,261,0.7803750000000103,0.4367816091954023,260,-2.149500000000011,0.5,260,-4.806049999999958,0.4423076923076923,262,17.491650000000067,0.5267175572519084,261,9.726824999999998,0.5517241379310345,166,-1.8688749999999885,0.5
prev_0959_to_1000,0.0,25.0,50.0,0.5,720,-0.3977738121758926,1304,-10.091759999999992,-0.00773907975460122,0.4624233128834356,0.9165064100973057,14.439959999999983,10,1,949,20.437260000000098,0.021535574288725077,0.5395152792413066,1.1374233882930247,13.194659999999958,10,3,2253,10.3455000000001,0.00459187749667115,0.49489569462938304,1.038375486338023,16.948539999999948,260,-3.168539999999976,0.4346153846153846,261,-5.491500000000019,0.42911877394636017,262,-0.8464399999999936,0.5076335877862596,261,0.27182000000000706,0.4367816091954023,260,-0.8571000000000097,0.5038461538461538,260,-4.688559999999976,0.4423076923076923,262,11.930700000000039,0.5305343511450382,261,6.985080000000018,0.5862068965517241,166,6.210040000000019,0.6325301204819277
prev_0959_to_1000,0.0,4.0,50.0,0.08,480,-0.41236621584491007,1304,-11.078780000000036,-0.008495996932515364,0.6196319018404908,0.8462607837455879,12.324559999999982,9,1,949,-1.9434199999999322,-0.0020478609062169993,0.7945205479452054,0.9683706272036506,6.99401999999999,3,1,2253,-13.02219999999997,-0.005779937860630257,0.6932978251220595,0.9024595807459278,14.650199999999867,260,-4.202040000000046,0.4807692307692308,261,-4.198319999999975,0.5172413793103449,262,-0.5583000000000178,0.7061068702290076,261,0.8105400000000148,0.6896551724137931,260,-2.930660000000011,0.7038461538461539,260,-0.5373400000000038,0.7076923076923077,262,0.7600800000000711,0.7709923664122137,261,-1.8342999999999943,0.8390804597701149,166,-0.3318600000000058,0.8975903614457831
prev_0959_to_1000,0.0,4.0,50.0,0.08,720,-0.43121306050265706,1304,-11.426620000000064,-0.008762745398773055,0.6579754601226994,0.8522435240115159,13.182160000000021,8,1,949,1.197340000000033,0.0012616859852476639,0.8198103266596417,1.0197499642061387,6.03287999999999,3,2,2253,-10.229280000000028,-0.004540292942743021,0.7261429205503773,0.9258527856017572,14.195060000000005,260,-4.473760000000034,0.5038461538461538,261,-4.270020000000008,0.5632183908045977,262,0.8890999999999813,0.7633587786259542,261,-0.059459999999989965,0.7164750957854407,260,-3.5124800000000085,0.7423076923076923,260,-0.0034799999999947095,0.7538461538461538,262,1.6492400000000234,0.7900763358778626,261,-1.4233599999999926,0.8582375478927203,166,0.9749399999999975,0.9096385542168675
prev_0959_to_1000,0.0,15.0,30.0,0.5,720,-0.4358855694491034,1304,-13.41080000000003,-0.010284355828220883,0.47776073619631904,0.9302477142015536,21.82936666666666,10,3,949,2.9987333333334405,0.003159887600983604,0.5637513171759747,1.0137229385655886,21.144966666666683,9,2,2253,-10.412066666666597,-0.004621423287468529,0.5139813581890812,0.9746531218023466,26.086433333333293,260,-5.3195999999999595,0.4346153846153846,261,-11.004133333333364,0.4329501915708812,262,0.8247666666666653,0.5267175572519084,261,1.1542666666666568,0.46360153256704983,260,0.9338999999999702,0.5307692307692308,260,-9.630033333333282,0.45,262,7.386366666666724,0.5458015267175572,261,8.383833333333314,0.6398467432950191,166,-3.1414333333333158,0.6506024096385542
prev_0959_to_1000,0.0,5.0,50.0,0.1,480,-0.43742976787612664,1304,-11.659400000000039,-0.008941257668711686,0.5751533742331288,0.8534854047114776,13.181660000000207,9,1,949,0.26208000000007203,0.00027616438356171973,0.7565858798735511,1.0037721944591584,7.557699999999996,6,2,2253,-11.397319999999972,-0.005058730581446947,0.6515756768752774,0.9235362572340641,14.996240000000247,260,-3.765600000000054,0.46153846153846156,261,-4.415959999999973,0.4827586206896552,262,-0.5759400000000134,0.6603053435114504,261,0.1889200000000073,0.632183908045977,260,-3.090820000000008,0.6384615384615384,260,-1.139719999999989,0.65,262,1.8161800000000583,0.732824427480916,261,-0.9805199999999963,0.8084291187739464,166,0.5661399999999956,0.8795180722891566
prev_0959_to_1000,0.0,30.0,40.0,0.75,720,-0.4420489664700197,1304,-10.787949999999952,-0.008272967791411007,0.4616564417177914,0.9287109915466166,16.706024999999997,10,1,949,21.147475000000114,0.02228395679662815,0.5184404636459431,1.1088261327116902,17.918824999999927,10,3,2253,10.359525000000156,0.004598102529960122,0.4855747891699956,1.029971100140974,19.448574999999913,260,-3.960674999999969,0.4346153846153846,261,-7.898075000000012,0.42911877394636017,262,3.127025000000021,0.5076335877862596,261,-0.2313999999999905,0.4367816091954023,260,-1.8248250000000041,0.5,260,-5.950349999999968,0.4423076923076923,262,16.90332500000007,0.5305343511450382,261,8.809775000000002,0.5593869731800766,166,1.3847250000000155,0.5542168674698795
prev_0959_to_1000,0.0,5.0,50.0,0.1,720,-0.4655496397047967,1304,-12.224140000000068,-0.009374340490797597,0.6111963190184049,0.858572716092375,14.298040000000249,8,1,949,4.129880000000066,0.004351822971549069,0.7829293993677555,1.059798959612666,6.272820000000017,6,2,2253,-8.094260000000004,-0.0035926586773191316,0.6835330670217488,0.9479458232077257,15.4620200000003,260,-3.93756000000003,0.4807692307692308,261,-4.666160000000018,0.5172413793103449,262,1.3269399999999911,0.7175572519083969,261,-0.9859400000000011,0.6590038314176245,260,-3.9614200000000075,0.6807692307692308,260,-0.6342599999999841,0.6923076923076923,262,2.8137000000000394,0.7519083969465649,261,-0.13209999999998123,0.8352490421455939,166,2.082539999999989,0.891566265060241
prev_0959_to_1000,0.0,12.5,40.0,0.3125,480,-0.46571686808112944,1304,-12.105050000000034,-0.009283013803681009,0.4762269938650307,0.9025893776991752,15.247050000000016,10,1,949,-5.139525000000015,-0.005415727081138056,0.5742887249736565,0.9655439423216645,14.201875000000076,9,2,2253,-17.244575000000054,-0.007654050155348448,0.5175321793164669,0.9369323958600008,23.480875000000033,260,-2.923450000000059,0.45,261,-7.596049999999974,0.421455938697318,262,-1.8625250000000284,0.5305343511450382,261,1.9848250000000345,0.4827586206896552,260,-1.7078500000000074,0.49615384615384617,260,-8.581849999999992,0.4307692307692308,262,3.68255000000002,0.5572519083969466,261,3.9450999999999787,0.6475095785440613,166,-4.185325000000024,0.7108433734939759
prev_0959_to_1000,0.0,10.0,50.0,0.2,720,-0.46777994169143455,1304,-12.263520000000016,-0.009404539877300626,0.5084355828220859,0.8878633063843606,14.832380000000049,10,1,949,-0.7623799999999403,-0.0008033508956795999,0.6448893572181243,0.9933682927881602,13.921260000000018,9,1,2253,-13.025899999999956,-0.005781580115401667,0.5659121171770972,0.9419321539814539,19.842120000000314,260,-3.49027999999998,0.4423076923076923,261,-6.619800000000028,0.4482758620689655,262,0.594120000000002,0.5877862595419847,261,-0.8992600000000031,0.5057471264367817,260,-1.8483000000000087,0.5576923076923077,260,-5.998739999999978,0.49230769230769234,262,8.320180000000045,0.6335877862595419,261,-0.3366199999999946,0.7241379310344828,166,-2.7472000000000127,0.7771084337349398
prev_0959_to_1000,0.0,30.0,30.0,1.0,480,-0.4712761611802887,1304,-10.777166666666606,-0.008264698364008134,0.4601226993865031,0.9382037053885097,19.30889999999996,10,1,949,17.26300000000012,0.018190727081138166,0.49841938883034775,1.074005514724796,24.076400000000046,14,3,2253,6.48583333333352,0.002878754253587892,0.47625388371060806,1.0159097264581842,25.623799999999854,260,-3.6994333333333995,0.45,261,-9.079533333333288,0.421455938697318,262,-2.2117000000000044,0.5038167938931297,261,6.567566666666759,0.4559386973180077,260,-2.354066666666677,0.46923076923076923,260,-8.293133333333298,0.4230769230769231,262,9.586533333333385,0.5305343511450382,261,9.275833333333397,0.524904214559387,166,6.693766666666637,0.5240963855421686
prev_0959_to_1000,0.0,50.0,30.0,1.6666666666666667,480,-0.47508314833068654,1304,-10.880166666666614,-0.00834368609406949,0.4593558282208589,0.9378155611888174,19.382633333333384,10,1,949,21.925000000000104,0.023103266596417392,0.48366701791359323,1.0903784310826508,28.561900000000062,14,3,2253,11.044833333333486,0.004902278443556807,0.4695960940967599,1.0264510708873855,28.56190000000008,260,-3.6994333333333995,0.45,261,-8.94976666666662,0.421455938697318,262,-3.0049000000000072,0.5,261,7.362933333333422,0.4559386973180077,260,-2.5890000000000173,0.46923076923076923,260,-7.426199999999971,0.4230769230769231,262,13.844333333333372,0.5305343511450382,261,5.948666666666757,0.5095785440613027,166,9.558199999999951,0.463855421686747
prev_0959_to_1000,0.0,25.0,40.0,0.625,720,-0.4836158529996966,1304,-11.855824999999978,-0.009091890337423296,0.4624233128834356,0.9211330834003679,17.591924999999975,10,1,949,15.782025000000097,0.016630163329820966,0.5268703898840885,1.0832500543983548,21.639299999999956,10,2,2253,3.9262000000001223,0.001742654238792775,0.4895694629383045,1.0115510197867337,21.639299999999956,260,-3.960674999999969,0.4346153846153846,261,-7.32820000000002,0.42911877394636017,262,0.29030000000001355,0.5076335877862596,261,-0.14504999999999102,0.4367816091954023,260,-0.7122000000000068,0.5038461538461538,260,-6.147799999999971,0.4423076923076923,262,15.217475000000043,0.5305343511450382,261,8.590200000000005,0.5747126436781609,166,-1.8778499999999774,0.5783132530120482
prev_0959_to_1000,0.0,25.0,30.0,0.8333333333333334,480,-0.5044046500098462,1304,-11.428499999999946,-0.008764187116564376,0.46088957055214724,0.9340910366654958,20.50483333333338,10,1,949,13.506633333333447,0.014232490340709638,0.5079030558482613,1.0591373313206358,24.974566666666686,14,3,2253,2.078133333333513,0.0009223849681906405,0.4806924101198402,1.005172153894642,25.13809999999989,260,-3.6994333333333995,0.45,261,-9.034299999999956,0.421455938697318,262,-4.217500000000018,0.5038167938931297,261,6.0968000000000915,0.4559386973180077,260,-0.5740666666666647,0.47307692307692306,260,-7.840233333333305,0.4230769230769231,262,9.388300000000083,0.5305343511450382,261,8.602900000000034,0.5402298850574713,166,3.3556666666666395,0.5542168674698795
prev_0959_to_1000,0.0,40.0,30.0,1.3333333333333333,480,-0.5083404887202291,1304,-11.884599999999953,-0.009113957055214688,0.4593558282208589,0.9320748289858873,19.75003333333338,10,1,949,15.288300000000074,0.0161099051633299,0.48788198103266595,1.0637706714615165,28.44476666666671,14,3,2253,3.403700000000125,0.0015107412339103973,0.47137150466045274,1.0082075249671578,28.44476666666672,260,-3.6994333333333995,0.45,261,-8.746199999999954,0.421455938697318,262,-3.575866666666678,0.5,261,7.392566666666761,0.4559386973180077,260,-3.255666666666684,0.46923076923076923,260,-7.424266666666631,0.4230769230769231,262,12.346366666666691,0.5305343511450382,261,8.417000000000098,0.5172413793103449,166,1.9491999999999212,0.4759036144578313
prev_0959_to_1000,0.0,4.0,40.0,0.1,480,-0.5148548352000314,1304,-13.538350000000053,-0.010382170245398814,0.6196319018404908,0.8491844076215711,15.233175000000244,9,1,949,-4.176074999999905,-0.0044005005268702895,0.7903055848261328,0.9465641602432218,8.828349999999984,3,1,2253,-17.714424999999963,-0.00786259431868618,0.6915224145583666,0.8945059895774015,18.614425000000292,260,-5.25255000000006,0.4807692307692308,261,-5.24789999999997,0.5172413793103449,262,-0.18537500000002138,0.7061068702290076,261,0.625750000000016,0.6896551724137931,260,-3.478275000000018,0.7038461538461539,260,-0.6995000000000005,0.7076923076923077,262,0.7317750000000839,0.7709923664122137,261,-1.786524999999994,0.8352490421455939,166,-2.421825000000001,0.8795180722891566
prev_0959_to_1000,0.0,12.5,40.0,0.3125,720,-0.5254914271884665,1304,-12.492100000000004,-0.009579831288343561,0.4892638036809816,0.9118215961596253,19.473550000000007,10,1,949,0.6366750000000199,0.000670890410958925,0.5985247629083246,1.004064620880376,13.192550000000026,9,2,2253,-11.855424999999986,-0.0052620616955170825,0.5352862849533955,0.9602575972983511,23.101999999999972,260,-4.098299999999977,0.43846153846153846,261,-9.09027500000003,0.4367816091954023,262,-0.944424999999995,0.5381679389312977,261,-0.20632499999999787,0.4827586206896552,260,1.8472249999999975,0.55,260,-8.476699999999965,0.4576923076923077,262,6.385975000000009,0.5648854961832062,261,5.903724999999988,0.6934865900383141,166,-3.1763250000000083,0.7228915662650602
prev_0959_to_1000,0.0,20.0,30.0,0.6666666666666666,480,-0.5296494902314954,1304,-12.572633333333286,-0.009641589979550067,0.4616564417177914,0.9270721592715166,19.86296666666672,10,1,949,14.9689666666667,0.015773410607657218,0.5258166491043204,1.0691495922417764,17.954533333333405,14,3,2253,2.3963333333334127,0.0010636188785323624,0.48868175765645805,1.0061622913883501,25.581599999999863,260,-3.658833333333397,0.45,261,-8.869499999999963,0.421455938697318,262,-4.0529666666666895,0.5076335877862596,261,5.578200000000082,0.4559386973180077,260,-1.5695333333333186,0.47307692307692306,260,-8.564199999999953,0.4269230769230769,262,9.436966666666715,0.5305343511450382,261,8.365966666666672,0.5632183908045977,166,5.7302333333332705,0.6144578313253012
prev_0959_to_1000,0.0,4.0,40.0,0.1,720,-0.5558875898812359,1304,-14.366300000000074,-0.011017101226993922,0.6579754601226994,0.8515121854415518,16.776825000000304,8,1,949,-1.2963499999999621,-0.0013660168598524365,0.8134878819810326,0.9833746237135569,8.218499999999995,3,2,2253,-15.662650000000044,-0.00695190856635599,0.723479804704838,0.9103582131622642,17.63072500000034,260,-5.592200000000043,0.5038461538461538,261,-5.337525000000012,0.5632183908045977,262,1.2097249999999802,0.7633587786259542,261,-0.5591499999999883,0.7164750957854407,260,-4.0871500000000145,0.7423076923076923,260,0.19177500000000625,0.7538461538461538,262,2.561550000000027,0.7900763358778626,261,-1.6990999999999972,0.8505747126436781,166,-2.3505750000000036,0.8855421686746988
prev_0959_to_1000,0.0,15.0,30.0,0.5,480,-0.5617364833499285,1304,-13.456233333333383,-0.01031919734151333,0.46932515337423314,0.9202279692078342,20.39513333333342,10,1,949,-3.393233333333269,-0.0035755883386019696,0.5426765015806112,0.9835588167555133,23.121166666666717,9,2,2253,-16.849466666666643,-0.007478680278147644,0.5002219263204616,0.9550764506588729,28.554800000000004,260,-3.98826666666674,0.45,261,-9.84779999999997,0.421455938697318,262,-2.610700000000043,0.5152671755725191,261,4.855966666666715,0.47126436781609193,260,-1.8654333333333468,0.48846153846153845,260,-10.409166666666632,0.4269230769230769,262,5.374600000000038,0.5381679389312977,261,4.934433333333344,0.5977011494252874,166,-3.2931000000000195,0.6445783132530121
prev_0959_to_1000,0.0,15.0,50.0,0.3,1440,-0.5640114534296946,1304,-14.4305599999999,-0.011066380368098084,0.4808282208588957,0.8910974774837873,17.899299999999744,10,1,949,2.1424200000000386,0.0022575553213909786,0.6080084299262382,1.0144356932389922,14.767099999999981,8,2,2253,-12.288139999999853,-0.005454123391034111,0.534398579671549,0.9562575515201364,24.616539999999674,260,-3.0391600000000016,0.4346153846153846,261,-9.02767999999996,0.4444444444444444,262,-1.5511399999999782,0.5038167938931297,261,0.0601600000000313,0.48659003831417624,260,-0.8727399999999947,0.5346153846153846,260,-8.500360000000011,0.47692307692307695,262,7.10978000000002,0.5610687022900763,261,4.396180000000037,0.6973180076628352,166,-0.8631800000000043,0.7469879518072289
prev_0959_to_1000,0.0,10.0,40.0,0.25,720,-0.5712538718010547,1304,-14.60670000000001,-0.011201457055214732,0.5084355828220859,0.8925820763479361,18.118625000000026,10,1,949,-1.8535749999999496,-0.0019531875658587456,0.6375131717597471,0.9870243625499129,14.640650000000042,9,2,2253,-16.46027499999996,-0.00730593652907233,0.5628051486906347,0.940966734270462,23.999399999999977,260,-4.362849999999973,0.4423076923076923,261,-8.274750000000035,0.4482758620689655,262,1.5910000000000073,0.5877862595419847,261,-1.608900000000005,0.5057471264367817,260,-1.9512000000000063,0.5576923076923077,260,-7.302299999999975,0.49230769230769234,262,10.45432500000005,0.6335877862595419,261,1.0777249999999992,0.7164750957854407,166,-6.083325000000025,0.7469879518072289
prev_0959_to_1000,0.0,7.5,50.0,0.15,480,-0.5783043733108817,1304,-13.50040000000002,-0.010353067484662592,0.5176380368098159,0.8542017067182507,14.85013999999989,10,0,949,-3.762359999999895,-0.0039645521601684875,0.6733403582718651,0.9598183132782331,11.423599999999999,9,2,2253,-17.26275999999992,-0.0076621216156235765,0.5832223701731025,0.9073041460747601,20.849980000000006,260,-2.790020000000036,0.45,261,-5.499299999999971,0.4444444444444444,262,-1.9290800000000172,0.5992366412213741,261,-0.03065999999998459,0.5402298850574713,260,-3.251340000000014,0.5538461538461539,260,-5.010899999999983,0.5153846153846153,262,4.583500000000054,0.6717557251908397,261,0.7681000000000298,0.7471264367816092,166,-4.103059999999997,0.8072289156626506
prev_0959_to_1000,0.0,50.0,30.0,1.6666666666666667,720,-0.578925567475801,1304,-15.711633333333268,-0.012048798568507107,0.45858895705521474,0.922385981991073,22.488466666666607,10,2,949,22.56670000000021,0.02377945205479474,0.48261327713382507,1.0837368445529825,32.4973,11,3,2253,6.855066666666925,0.003042639443704805,0.46870838881491345,1.0145256497948987,32.497300000000024,260,-5.269199999999954,0.4346153846153846,261,-10.035200000000016,0.42911877394636017,262,1.648500000000035,0.4961832061068702,261,0.8356666666666794,0.4367816091954023,260,-2.891400000000014,0.49615384615384617,260,-4.980599999999944,0.4423076923076923,262,21.637500000000102,0.5229007633587787,261,2.27606666666666,0.5134099616858238,166,3.633733333333371,0.43373493975903615
prev_0959_to_1000,0.0,20.0,50.0,0.4,1440,-0.5820349244942336,1304,-14.787059999999888,-0.011339769938650221,0.4639570552147239,0.8925774961555591,18.60075999999984,10,1,949,14.626520000000069,0.01541256059009491,0.5774499473129611,1.0912884710492399,13.99242000000002,10,3,2253,-0.16053999999981983,-7.125610297373273e-05,0.5117620949844651,0.9994610515584392,22.83445999999989,260,-2.5944400000000036,0.4346153846153846,261,-7.921779999999966,0.4444444444444444,262,-2.6292999999999704,0.4732824427480916,261,1.0361200000000468,0.45977011494252873,260,-2.6776599999999955,0.5076923076923077,260,-5.996960000000007,0.47692307692307695,262,12.467600000000019,0.5458015267175572,261,5.882460000000064,0.632183908045977,166,2.273419999999996,0.6987951807228916
prev_0959_to_1000,0.0,25.0,25.0,1.0,480,-0.5894474932826863,1304,-14.471039999999938,-0.011097423312883388,0.4593558282208589,0.9305903111997411,26.351280000000077,10,2,949,18.614840000000143,0.019615216016860004,0.49841938883034775,1.0707463751624926,26.958120000000022,14,3,2253,4.143800000000201,0.0018392365734577014,0.4758100310696849,1.0087865330890857,29.70903999999988,260,-4.439320000000079,0.45,261,-10.801959999999944,0.421455938697318,262,-7.103120000000016,0.4961832061068702,261,7.712080000000107,0.4559386973180077,260,0.16127999999999698,0.47307692307692306,260,-9.10623999999996,0.4230769230769231,262,11.073440000000037,0.5305343511450382,261,15.407240000000058,0.5363984674329502,166,1.2404000000000082,0.5060240963855421
prev_0959_to_1000,0.0,30.0,30.0,1.0,720,-0.5913571686469337,1304,-16.05389999999993,-0.012311273006134917,0.4593558282208589,0.9204781905596285,22.705966666666598,10,2,949,24.855300000000188,0.026191043203372167,0.5026343519494204,1.0984510762217221,22.829433333333302,10,3,2253,8.801400000000251,0.003906524633821683,0.47758544163337774,1.019371668364598,26.2370333333332,260,-5.269199999999954,0.4346153846153846,261,-10.017866666666682,0.42911877394636017,262,2.1568666666667005,0.5,261,0.20146666666667734,0.4367816091954023,260,-3.1251666666666704,0.49615384615384617,260,-6.580433333333288,0.4423076923076923,262,19.27216666666677,0.5267175572519084,261,7.791033333333356,0.5325670498084292,166,4.372533333333346,0.5120481927710844
prev_0959_to_1000,0.0,5.0,40.0,0.125,720,-0.5990801535243451,1304,-15.36320000000008,-0.011781595092024602,0.6111963190184049,0.8579134553179558,18.171675000000096,8,1,949,1.8487500000000625,0.0019481032665964832,0.7766069546891464,1.020797703731016,8.073424999999995,6,1,2253,-13.514450000000014,-0.005998424323124729,0.6808699511762095,0.931404885373863,19.21442500000009,260,-4.921950000000038,0.4807692307692308,261,-5.832700000000022,0.5172413793103449,262,1.7570249999999925,0.7175572519083969,261,-1.717250000000001,0.6590038314176245,260,-4.648325000000011,0.6807692307692308,260,-0.596699999999982,0.6923076923076923,262,3.651550000000049,0.7519083969465649,261,-0.05477499999999491,0.8275862068965517,166,-1.1513250000000084,0.8674698795180723
prev_0959_to_1000,0.0,40.0,30.0,1.3333333333333333,720,-0.6071811982662234,1304,-16.407899999999945,-0.012582745398772964,0.45858895705521474,0.9189464889441576,23.184733333333284,10,2,949,23.91073333333349,0.025195714787495774,0.48998946259220233,1.0910900810477495,26.777933333333387,10,3,2253,7.502833333333545,0.003330152389406811,0.47181535730137597,1.016137610292969,26.777933333333333,260,-5.269199999999954,0.4346153846153846,261,-9.68453333333335,0.42911877394636017,262,0.5534000000000328,0.4961832061068702,261,1.5505000000000098,0.4367816091954023,260,-3.5580666666666803,0.49615384615384617,260,-5.054699999999942,0.4423076923076923,262,20.38993333333343,0.5229007633587787,261,7.832100000000018,0.524904214559387,166,0.7433999999999816,0.4578313253012048
prev_0959_to_1000,0.0,30.0,25.0,1.2,480,-0.6079720852323873,1304,-13.489439999999934,-0.010344662576687065,0.45858895705521474,0.9356073675485469,24.402160000000066,10,1,949,20.669280000000164,0.02178006322444696,0.48788198103266595,1.076789742583792,26.680320000000066,14,3,2253,7.179840000000228,0.003186790945406226,0.4709276520195295,1.0150000463800075,30.091879999999893,260,-4.439320000000079,0.45,261,-10.856239999999943,0.421455938697318,262,-4.69616,0.4961832061068702,261,8.277000000000108,0.4559386973180077,260,-1.7747200000000158,0.46923076923076923,260,-9.649719999999952,0.4230769230769231,262,11.311320000000006,0.5305343511450382,261,16.014760000000095,0.5210727969348659,166,2.992920000000005,0.46987951807228917
prev_0959_to_1000,0.0,4.0,50.0,0.08,1440,-0.6119320150926364,1304,-14.174619999999987,-0.01087010736196318,0.6825153374233128,0.8298427861250748,15.73115999999993,6,0,949,-2.7438199999999524,-0.0028912750263434695,0.8377239199157007,0.9585036373705919,8.356139999999984,3,1,2253,-16.918439999999936,-0.007509294274300904,0.7478916999556148,0.8867763912629895,19.654580000000013,260,-3.923080000000009,0.55,261,-5.257719999999986,0.6053639846743295,262,-0.23848000000000313,0.7786259541984732,261,-0.8454599999999751,0.7279693486590039,260,-3.909880000000012,0.75,260,-1.4168000000000067,0.7653846153846153,262,1.7149200000000386,0.8206106870229007,261,-2.181939999999986,0.8773946360153256,166,-0.8599999999999988,0.9156626506024096
prev_0959_to_1000,0.0,5.0,40.0,0.125,480,-0.6165551766694384,1304,-14.264125000000057,-0.010938746165644215,0.5751533742331288,0.8561546203267547,16.30455000000004,9,0,949,-1.3650249999999113,-0.0014383825079029625,0.7523709167544784,0.9845120901345816,9.058024999999999,6,1,2253,-15.629149999999973,-0.00693703950288503,0.6498002663115846,0.9165545346174029,18.46300000000004,260,-4.7070000000000665,0.46153846153846156,261,-5.519949999999967,0.4827586206896552,262,-0.2074250000000173,0.6603053435114504,261,-0.15127499999999294,0.632183908045977,260,-3.678475000000014,0.6384615384615384,260,-1.4524749999999813,0.65,262,1.856150000000071,0.732824427480916,261,-0.7406249999999996,0.8045977011494253,166,-1.0280750000000016,0.8614457831325302
prev_0959_to_1000,0.0,50.0,25.0,2.0,480,-0.618692911907595,1304,-13.613039999999945,-0.010439447852760695,0.4578220858895706,0.9352280273159638,25.004640000000073,10,1,949,21.74048000000017,0.022908830347734634,0.4720758693361433,1.0777120699121527,35.386120000000034,15,3,2253,8.127440000000227,0.003607385707945063,0.4638260097647581,1.016589135147656,35.386120000000034,260,-4.439320000000079,0.45,261,-10.700519999999942,0.421455938697318,262,-5.6480000000000015,0.49236641221374045,261,9.231440000000102,0.4559386973180077,260,-2.056640000000024,0.46923076923076923,260,-8.609399999999958,0.4230769230769231,262,16.420679999999987,0.5305343511450382,261,12.480160000000122,0.5057471264367817,166,1.4490400000000214,0.4036144578313253
prev_0959_to_1000,0.0,12.5,30.0,0.4166666666666667,720,-0.6273303981569847,1304,-16.632433333333324,-0.012754933537832304,0.48773006134969327,0.9117013539268481,24.236999999999775,10,2,949,1.1342000000000496,0.0011951527924131187,0.5869336143308747,1.0055459390738841,16.428533333333355,9,2,2253,-15.498233333333271,-0.00687893179464415,0.5295162006213937,0.9605518115570065,29.649533333332883,260,-5.452699999999965,0.43846153846153846,261,-11.60746666666671,0.4367816091954023,262,-1.2611333333333183,0.5343511450381679,261,0.23490000000000233,0.4827586206896552,260,1.453966666666667,0.5461538461538461,260,-9.948899999999947,0.4576923076923077,262,5.522700000000027,0.5610687022900763,261,8.127833333333307,0.6781609195402298,166,-2.5674333333333372,0.6867469879518072
prev_0959_to_1000,0.0,30.0,20.0,1.5,480,-0.6304794447386174,1304,-15.130849999999864,-0.011603412576687013,0.4570552147239264,0.9415994032898188,28.4131,10,2,949,21.55900000000007,0.0227175974710222,0.46996838777660693,1.0673555412812397,37.50675000000007,15,2,2253,6.4281500000002065,0.0028531513537506463,0.46249445184198845,1.011098998842903,37.50675000000008,260,-5.515100000000097,0.45,261,-13.491749999999934,0.421455938697318,262,-3.4091499999999564,0.4961832061068702,261,6.793950000000121,0.4482758620689655,260,0.4912000000000045,0.46923076923076923,260,-10.090949999999951,0.4230769230769231,262,13.24484999999994,0.5229007633587787,261,21.377950000000105,0.5057471264367817,166,-2.9728500000000153,0.4036144578313253
prev_0959_to_1000,0.0,50.0,20.0,2.5,480,-0.6438676698644932,1304,-15.285349999999884,-0.011721894171779053,0.4562883435582822,0.9411963847665005,29.166200000000014,10,2,949,26.033200000000114,0.027432244467861026,0.45521601685985247,1.0787655390026056,47.07480000000001,15,2,2253,10.74785000000023,0.004770461606746663,0.45583666222814023,1.0182026865596066,47.07479999999999,260,-5.515100000000097,0.45,261,-13.297099999999933,0.421455938697318,262,-4.598949999999959,0.49236641221374045,261,7.987000000000114,0.4482758620689655,260,0.13879999999999448,0.46923076923076923,260,-8.790549999999962,0.4230769230769231,262,19.17754999999992,0.5229007633587787,261,19.173050000000174,0.4942528735632184,166,-3.5268500000000174,0.3373493975903614
prev_0959_to_1000,0.0,7.5,50.0,0.15,720,-0.6529236646938785,1304,-15.340780000000027,-0.011764401840490818,0.5421779141104295,0.8514934795012369,16.780739999999884,10,0,949,2.140080000000099,0.0022550895679663845,0.702845100105374,1.022667913708386,11.034659999999947,9,2,2253,-13.200699999999927,-0.005859165557035032,0.6098535286284953,0.9332321685729561,22.03940000000007,260,-3.3671999999999933,0.4461538461538462,261,-6.492980000000026,0.46360153256704983,262,-0.157519999999999,0.6412213740458015,261,-1.4963200000000003,0.5632183908045977,260,-3.8267600000000077,0.5961538461538461,260,-4.7716999999999645,0.55,262,7.229460000000039,0.6946564885496184,261,1.5261800000000267,0.7854406130268199,166,-1.8438600000000056,0.8253012048192772
prev_0959_to_1000,0.0,40.0,25.0,1.6,480,-0.6583940244632962,1304,-14.818359999999947,-0.011363773006134928,0.4578220858895706,0.929493014848835,25.445520000000073,10,1,949,15.77644000000016,0.016624278187566028,0.47629083245521603,1.057009402530951,34.26708000000002,15,2,2253,0.9580800000002174,0.0004252463382158089,0.465601420328451,1.001967703279021,34.26708000000002,260,-4.439320000000079,0.45,261,-10.456239999999944,0.421455938697318,262,-6.333160000000006,0.49236641221374045,261,9.267000000000108,0.4559386973180077,260,-2.856640000000024,0.46923076923076923,260,-8.60707999999995,0.4230769230769231,262,14.623119999999973,0.5305343511450382,261,15.042160000000132,0.5134099616858238,166,-5.281759999999995,0.41566265060240964
prev_0959_to_1000,0.0,20.0,30.0,0.6666666666666666,720,-0.6626646072454988,1304,-15.831500000000002,-0.012140720858895707,0.46319018404907975,0.9205813184292075,23.3297,10,1,949,20.703000000000113,0.021815595363540687,0.5342465753424658,1.0896469978958385,17.80153333333329,10,3,2253,4.871500000000109,0.002162228140257483,0.4931202840656902,1.0113216606620694,25.347366666666563,260,-4.8300999999999625,0.4346153846153846,261,-9.342466666666693,0.4329501915708812,262,-1.9217666666666537,0.5038167938931297,261,1.4199999999999875,0.44061302681992337,260,-1.157166666666682,0.5038461538461538,260,-6.550966666666621,0.4461538461538462,262,14.427900000000083,0.5305343511450382,261,7.186966666666642,0.5747126436781609,166,5.639100000000013,0.6144578313253012
prev_0959_to_1000,0.0,10.0,30.0,0.3333333333333333,480,-0.6649642964864397,1304,-17.313333333333386,-0.013277096114519467,0.49079754601226994,0.8926518163523482,19.682766666666627,10,1,949,-4.606633333333238,-0.004854197400772643,0.6059009483667018,0.974050742244271,17.215766666666674,9,2,2253,-21.919966666666625,-0.00972923509394879,0.5392809587217043,0.9353024403984143,30.573766666666728,260,-4.369333333333392,0.45,261,-8.970133333333305,0.42911877394636017,262,-0.9710000000000144,0.5610687022900763,261,1.3635333333333604,0.49808429118773945,260,-4.366400000000031,0.5153846153846153,260,-8.653833333333314,0.46153846153846156,262,7.930566666666729,0.6145038167938931,261,0.18406666666669302,0.6666666666666666,166,-4.067433333333342,0.7228915662650602
prev_0959_to_1000,0.0,40.0,50.0,0.8,1440,-0.6649975018285628,1304,-16.978679999999876,-0.013020460122699291,0.4562883435582822,0.8797428591948557,20.264179999999858,10,1,949,28.4291400000001,0.029956944151738777,0.5279241306638567,1.1524480148876994,17.404499999999906,10,3,2253,11.450460000000229,0.005082316910785721,0.486462494451842,1.034945031080297,23.54301999999984,260,-3.0864400000000023,0.4346153846153846,261,-7.726939999999954,0.4444444444444444,262,-2.194339999999991,0.4541984732824427,261,0.45768000000006837,0.4521072796934866,260,-4.428639999999996,0.49615384615384617,260,-4.497839999999992,0.47307692307692306,262,16.231620000000028,0.5343511450381679,261,11.43886000000007,0.5555555555555556,166,5.256500000000001,0.5602409638554217
prev_0959_to_1000,0.0,7.5,40.0,0.1875,480,-0.6695509858115075,1304,-15.735750000000031,-0.0120672929447853,0.5176380368098159,0.8626967096553378,17.422925000000017,10,0,949,-4.720074999999878,-0.004973735511064149,0.6691253951527925,0.9594732029398643,12.099899999999991,9,2,2253,-20.455824999999905,-0.009079371948513052,0.5814469596094097,0.9114749174803592,25.17705,260,-3.487525000000045,0.45,261,-6.874124999999963,0.4444444444444444,262,-1.1488500000000212,0.5992366412213741,261,-0.42574999999998253,0.5402298850574713,260,-3.799500000000017,0.5538461538461539,260,-6.291449999999976,0.5153846153846153,262,5.3153000000000645,0.6717557251908397,261,1.512150000000032,0.7432950191570882,166,-5.256074999999998,0.7891566265060241
prev_0959_to_1000,0.0,4.0,40.0,0.1,1440,-0.6776841511834749,1304,-17.412574999999986,-0.013353201687116553,0.6825153374233128,0.8322862001393717,19.608250000000098,6,1,949,-4.094549999999952,-0.0043145943097997385,0.8303477344573235,0.9504394968602184,9.98442499999999,3,1,2253,-21.50712499999995,-0.009545994229915646,0.7447847314691523,0.88464339934998,22.727299999999424,260,-4.903850000000012,0.55,261,-6.572149999999983,0.6053639846743295,262,0.038599999999990864,0.7786259541984732,261,-1.2812499999999716,0.7279693486590039,260,-4.693925000000013,0.75,260,-1.1847000000000074,0.7653846153846153,262,2.9358250000000448,0.8206106870229007,261,-2.520674999999992,0.8697318007662835,166,-3.325,0.8855421686746988
prev_0959_to_1000,0.0,12.5,30.0,0.4166666666666667,480,-0.6825088779015354,1304,-17.652400000000025,-0.013537116564417197,0.4754601226993865,0.8941618246538839,20.384999999999916,10,1,949,-4.456133333333284,-0.0046956094134175804,0.5669125395152792,0.9770236950663954,18.607066666666718,9,2,2253,-22.10853333333331,-0.009812930906938886,0.5139813581890812,0.9387119300110893,33.028599999999784,260,-3.8979333333334125,0.45,261,-9.794733333333298,0.421455938697318,262,-3.6733000000000313,0.5267175572519084,261,2.5578000000000527,0.4827586206896552,260,-2.8442333333333387,0.49615384615384617,260,-10.43289999999998,0.4307692307692308,262,3.7666333333333677,0.5572519083969466,261,4.909566666666662,0.6360153256704981,166,-2.6994333333333387,0.6867469879518072
prev_0959_to_1000,0.0,20.0,25.0,0.8,480,-0.6975885050907371,1304,-16.043999999999933,-0.01230368098159504,0.4601226993865031,0.9226747928499923,25.78104000000007,10,1,949,16.756040000000034,0.0176565226554268,0.5142255005268704,1.0664465007015016,20.692479999999982,14,3,2253,0.7120400000000959,0.0003160408344430075,0.4829116733244563,1.001549055572989,31.018319999999832,260,-4.390600000000076,0.45,261,-10.604199999999956,0.421455938697318,262,-7.105680000000019,0.5,261,7.089760000000098,0.4559386973180077,260,-1.0332799999999835,0.47307692307692306,260,-9.974999999999934,0.4269230769230769,262,11.131840000000004,0.5305343511450382,261,14.72292000000003,0.5593869731800766,166,0.8762799999999338,0.5542168674698795
prev_0959_to_1000,0.0,25.0,20.0,1.25,480,-0.7016888243995074,1304,-16.60784999999987,-0.01273608128834346,0.4578220858895706,0.9356502500607841,30.849500000000017,10,2,949,21.635250000000063,0.02279794520547952,0.48050579557428874,1.0690945556131293,35.70970000000004,15,2,2253,5.027400000000192,0.0022314247669774486,0.4673768308921438,1.0088012779832376,35.70970000000004,260,-5.515100000000097,0.45,261,-13.423899999999936,0.421455938697318,262,-6.4178499999999765,0.4961832061068702,261,6.087800000000119,0.4482758620689655,260,2.6612000000000195,0.47307692307692306,260,-9.411599999999963,0.4230769230769231,262,13.197499999999977,0.5229007633587787,261,21.762850000000075,0.5210727969348659,166,-3.913500000000024,0.4397590361445783
prev_0959_to_1000,0.0,12.5,50.0,0.25,1440,-0.7070449062109279,1304,-15.9908199999999,-0.012262898773006058,0.4938650306748466,0.8762198761023728,20.161639999999924,10,0,949,-2.335259999999959,-0.00246075869336139,0.6343519494204426,0.9832351773111562,16.14636000000001,8,2,2253,-18.326079999999862,-0.008134079005770024,0.5530403905903241,0.9317420045266264,25.340899999999923,260,-3.0302999999999978,0.43846153846153846,261,-9.265079999999966,0.4482758620689655,262,-3.1743799999999736,0.5229007633587787,261,-0.26021999999996726,0.5019157088122606,260,-0.26083999999999374,0.5576923076923077,260,-7.67572000000001,0.49615384615384617,262,6.688760000000012,0.5916030534351145,261,3.59168000000005,0.735632183908046,166,-4.939980000000014,0.7590361445783133
prev_0959_to_1000,0.0,20.0,40.0,0.5,1440,-0.7093478751335945,1304,-17.724249999999863,-0.013592216257668606,0.4639570552147239,0.8965351829558661,22.491374999999874,10,1,949,13.63862500000008,0.014371575342465836,0.5626975763962065,1.0684462735426978,15.536149999999955,10,2,2253,-4.085624999999787,-0.0018134154460718096,0.5055481580115402,0.9889746755194896,27.68242499999986,260,-3.243050000000005,0.4346153846153846,261,-10.63847499999996,0.4444444444444444,262,-1.6999249999999688,0.4732824427480916,261,1.0707250000000563,0.45977011494252873,260,-3.2135249999999873,0.5076923076923077,260,-7.395125000000013,0.47692307692307695,262,16.480850000000018,0.5458015267175572,261,7.735150000000057,0.6130268199233716,166,-3.1822499999999763,0.6445783132530121
prev_0959_to_1000,0.0,15.0,25.0,0.6,720,-0.7098390855082832,1304,-18.082640000000044,-0.01386705521472396,0.4762269938650307,0.9220055316229158,27.920639999999814,10,2,949,7.369600000000161,0.007765648050579727,0.553213909378293,1.029192014659386,20.858999999999998,9,2,2253,-10.71303999999988,-0.00475501109631597,0.5086551264980027,0.9778792286794803,32.35559999999966,260,-6.183519999999954,0.4346153846153846,261,-13.287560000000031,0.4329501915708812,262,-2.3226800000000116,0.5190839694656488,261,0.6323999999999979,0.46360153256704983,260,3.0787199999999566,0.5307692307692308,260,-10.704639999999955,0.45,262,9.563040000000091,0.5458015267175572,261,15.480920000000001,0.6360153256704981,166,-6.969719999999981,0.5963855421686747
prev_0959_to_1000,0.0,7.5,40.0,0.1875,720,-0.7099234062765619,1304,-18.453275000000023,-0.014151284509202472,0.5421779141104295,0.8562860109526449,20.253225000000043,10,1,949,0.4714000000001186,0.0004967334035828436,0.6954689146469969,1.0039645486593902,11.478324999999995,9,2,2253,-17.981874999999903,-0.007981302707501067,0.6067465601420329,0.9272891423035216,26.745999999999988,260,-4.2089999999999925,0.4461538461538462,261,-8.116225000000032,0.46360153256704983,262,0.6514500000000059,0.6412213740458015,261,-2.355225000000001,0.5632183908045977,260,-4.424275000000007,0.5961538461538461,260,-5.768499999999955,0.55,262,9.171250000000049,0.6946564885496184,261,2.5052250000000305,0.7777777777777778,166,-5.436575000000005,0.7951807228915663
prev_0959_to_1000,0.0,4.0,30.0,0.13333333333333333,480,-0.7169490959507465,1304,-18.3487333333334,-0.014071114519427453,0.6196319018404908,0.847078214405865,20.941833333333584,9,1,949,-6.512166666666571,-0.006862135581313563,0.7818756585879874,0.9374305415437639,12.944133333333316,3,2,2253,-24.860899999999972,-0.011034576120727906,0.6879715934309809,0.8890468775592268,26.06090000000052,260,-7.003400000000081,0.4807692307692308,261,-6.997199999999961,0.5172413793103449,262,-0.9239000000000201,0.7061068702290076,261,1.501000000000022,0.6896551724137931,260,-4.925233333333362,0.7038461538461539,260,0.02060000000000306,0.7076923076923077,262,0.8267000000001157,0.7709923664122137,261,-5.358700000000016,0.8160919540229885,166,-2.0007666666666735,0.8614457831325302
prev_0959_to_1000,0.0,25.0,50.0,0.5,1440,-0.7215480607163841,1304,-16.453699999999884,-0.01261786809815942,0.4593558282208589,0.8817861069775497,20.385539999999885,10,0,949,19.064360000000093,0.02008889357218134,0.5563751317175974,1.1116042064109626,18.064839999999943,10,3,2253,2.6106600000002143,0.0011587483355526916,0.5002219263204616,1.0084212937127233,24.495539999999885,260,-2.854780000000005,0.4346153846153846,261,-7.508119999999958,0.4444444444444444,262,-2.313219999999984,0.46564885496183206,261,-0.6248599999999351,0.4521072796934866,260,-3.15272,0.5,260,-6.0099400000000065,0.47307692307692306,262,14.597000000000023,0.5381679389312977,261,9.729880000000074,0.6015325670498084,166,0.7474200000000009,0.6445783132530121
prev_0959_to_1000,0.0,4.0,30.0,0.13333333333333333,720,-0.7254542968811656,1304,-18.286600000000107,-0.014023466257668793,0.6579754601226994,0.8572836340724461,21.947066666666974,8,1,949,-3.668399999999978,-0.0038655426765015575,0.8029504741833509,0.9649199197364503,12.646100000000004,3,2,2253,-21.955000000000084,-0.00974478473146919,0.7190412782956058,0.9056529314199298,23.43523333333399,260,-7.44456666666672,0.5038461538461538,261,-7.054700000000017,0.5632183908045977,262,2.3457999999999757,0.7633587786259542,261,-0.09319999999998752,0.7164750957854407,260,-6.039933333333353,0.7423076923076923,260,1.2840333333333451,0.7538461538461538,262,2.322566666666714,0.7900763358778626,261,-5.2742333333333615,0.8275862068965517,166,-2.0007666666666735,0.8614457831325302
prev_0959_to_1000,0.0,30.0,50.0,0.6,1440,-0.728925227647608,1304,-16.77389999999986,-0.012863420245398665,0.4578220858895706,0.880810284569097,20.246739999999853,10,0,949,24.37868000000008,0.025688809272918948,0.5458377239199157,1.1384302028129318,15.03951999999988,10,3,2253,7.6047800000002255,0.0033754016866401355,0.49489569462938304,1.0240018901601342,24.735579999999842,260,-3.0864400000000023,0.4346153846153846,261,-8.022399999999951,0.4444444444444444,262,-0.3880999999999757,0.4618320610687023,261,-0.5790399999999325,0.4521072796934866,260,-4.6979199999999945,0.49615384615384617,260,-5.955860000000007,0.47307692307692306,262,16.816220000000033,0.5381679389312977,261,8.704900000000066,0.578544061302682,166,4.813419999999984,0.6204819277108434
prev_0959_to_1000,0.0,25.0,30.0,0.8333333333333334,720,-0.7298240243649925,1304,-17.644399999999962,-0.013530981595091996,0.4601226993865031,0.9121646803555151,24.616433333333333,10,1,949,19.454566666666814,0.020500070249385473,0.512118018967334,1.0791144353815936,24.550766666666696,10,3,2253,1.8101666666668699,0.0008034472555112605,0.48202396804260983,1.0040515422122134,28.09079999999997,260,-5.269199999999954,0.4346153846153846,261,-9.258033333333364,0.42911877394636017,262,-1.4587666666666417,0.5,261,0.3166000000000091,0.4367816091954023,260,-1.9750000000000063,0.5,260,-6.843699999999959,0.4423076923076923,262,17.024366666666737,0.5267175572519084,261,7.191800000000013,0.5478927203065134,166,2.082100000000027,0.5421686746987951
prev_0959_to_1000,0.0,5.0,50.0,0.1,1440,-0.7299928627680674,1304,-16.919539999999976,-0.012975107361963173,0.6372699386503068,0.823491904922561,19.139840000000046,7,0,949,-1.7441599999999546,-0.0018378925184404159,0.804004214963119,0.9774469262618354,8.938059999999993,5,1,2253,-18.66369999999994,-0.008283932534398552,0.7075011096316023,0.8922374495663276,21.850419999999357,260,-3.66710000000001,0.5076923076923077,261,-6.084159999999987,0.5708812260536399,262,-0.5164399999999971,0.7251908396946565,261,-1.3304399999999859,0.685823754789272,260,-5.3213999999999935,0.6961538461538461,260,-2.4181600000000003,0.7076923076923077,262,2.7666800000000324,0.7862595419847328,261,-0.851679999999988,0.8620689655172413,166,-1.2410000000000037,0.891566265060241
prev_0959_to_1000,0.0,30.0,15.0,2.0,480,-0.7423908033671687,1304,-17.90373333333317,-0.013729856850715622,0.4532208588957055,0.9472535328835601,31.424866666666627,10,2,949,13.421066666666839,0.014142325254654203,0.4320337197049526,1.033398610011554,42.32146666666674,22,2,2253,-4.482666666666336,-0.0019896434383783117,0.4442964935641367,0.9939527621145767,42.32146666666674,260,-7.4084000000001335,0.45,261,-16.351799999999898,0.421455938697318,262,0.3998000000000963,0.49236641221374045,261,8.681533333333487,0.4444444444444444,260,-3.224866666666716,0.4576923076923077,260,-12.79466666666658,0.41923076923076924,262,9.371266666666601,0.48854961832061067,261,27.285133333333462,0.45977011494252873,166,-10.440666666666644,0.3192771084337349
prev_0959_to_1000,0.0,15.0,25.0,0.6,480,-0.7458842360592447,1304,-17.371800000000064,-0.013321932515337472,0.4677914110429448,0.9145497331001112,26.61964000000006,10,1,949,-2.417399999999928,-0.002547312961011515,0.5321390937829295,0.989927876025962,24.143800000000038,9,2,2253,-19.789199999999994,-0.008783488681757655,0.49489569462938304,0.9553599706351926,34.2765599999998,260,-4.785920000000088,0.45,261,-11.778159999999962,0.421455938697318,262,-5.642440000000053,0.5076335877862596,261,6.223080000000055,0.47126436781609193,260,-1.3883600000000198,0.48846153846153845,260,-12.188959999999952,0.4269230769230769,262,6.256999999999989,0.5381679389312977,261,10.666280000000055,0.5938697318007663,166,-7.151720000000022,0.5903614457831325
prev_0959_to_1000,0.0,20.0,20.0,1.0,480,-0.7591039373439952,1304,-18.82404999999988,-0.01443562116564408,0.45858895705521474,0.926779527183865,30.386700000000037,10,2,949,19.340749999999986,0.020380136986301353,0.49631190727081137,1.0642282998375592,28.758150000000043,14,2,2253,0.5167000000001138,0.00022933865956507494,0.4744784731469152,1.000925633491057,35.21724999999986,260,-5.454200000000093,0.45,261,-13.176699999999949,0.421455938697318,262,-6.671049999999979,0.5,261,5.309900000000109,0.4482758620689655,260,1.1680000000000401,0.47307692307692306,260,-10.497549999999933,0.4269230769230769,262,12.863999999999953,0.5229007633587787,261,20.657450000000043,0.5440613026819924,166,-3.6831500000000688,0.4879518072289157
prev_0959_to_1000,0.0,10.0,50.0,0.2,1440,-0.760270221511729,1304,-17.620939999999912,-0.013512990797545945,0.5145705521472392,0.8569098927969592,20.545600000000178,10,0,949,-5.550719999999927,-0.005849020021074739,0.6743940990516333,0.9562658220368033,18.274240000000002,7,2,2253,-23.17165999999984,-0.010284802485574718,0.5818908122503329,0.9073375486063124,25.992480000000295,260,-3.1057200000000007,0.4423076923076923,261,-8.814119999999976,0.4559386973180077,262,-0.6771799999999706,0.5763358778625954,261,-1.8138999999999754,0.524904214559387,260,-3.21001999999999,0.573076923076923,260,-6.674820000000017,0.5307692307692308,262,9.935360000000045,0.6641221374045801,261,0.21080000000004517,0.7662835249042146,166,-9.02206,0.7710843373493976
prev_0959_to_1000,0.0,40.0,20.0,2.0,480,-0.7632469931159294,1304,-16.79199999999988,-0.012877300613496841,0.4562883435582822,0.9354002160892015,29.717300000000016,10,1,949,20.76780000000008,0.02188387776606963,0.46048472075869334,1.0636296454255336,43.51445,15,2,2253,3.975800000000195,0.0017646693297825988,0.4580559254327563,1.0067808861150367,43.51445000000001,260,-5.515100000000097,0.45,261,-12.991749999999934,0.421455938697318,262,-5.455399999999965,0.49236641221374045,261,8.03145000000012,0.4482758620689655,260,-0.8612000000000055,0.46923076923076923,260,-8.78764999999995,0.4230769230769231,262,16.8845999999999,0.5229007633587787,261,21.562700000000156,0.5019157088122606,166,-8.89185000000002,0.35542168674698793
prev_0959_to_1000,0.0,15.0,40.0,0.375,1440,-0.7665122788885079,1304,-17.278624999999877,-0.013250479294478434,0.4808282208588957,0.8952027008073469,22.430124999999926,10,0,949,-1.0739999999999483,-0.0011317175974709676,0.5932560590094836,0.9941939064940537,17.481149999999968,8,2,2253,-18.35262499999983,-0.008145861074123316,0.5281846426986241,0.9475421510701447,29.910024999999916,260,-3.798950000000002,0.4346153846153846,261,-12.02084999999995,0.4444444444444444,262,-0.3522249999999758,0.5038167938931297,261,-0.1492249999999613,0.48659003831417624,260,-0.9573749999999843,0.5346153846153846,260,-10.524375000000015,0.47692307692307695,262,9.783575000000019,0.5610687022900763,261,5.939050000000031,0.6781609195402298,166,-6.2722499999999854,0.6927710843373494
prev_0959_to_1000,0.0,30.0,40.0,0.75,1440,-0.784654003733857,1304,-19.70779999999982,-0.015113343558282071,0.4578220858895706,0.8871624515334116,24.048849999999835,10,1,949,21.19690000000008,0.02233603793466816,0.5279241306638567,1.096292831165463,23.482074999999952,10,2,2253,1.4891000000002599,0.0006609409675988726,0.4873501997336884,1.0037719171761366,29.558824999999818,260,-3.8580500000000026,0.4346153846153846,261,-10.764249999999942,0.4444444444444444,262,1.3515750000000244,0.4618320610687023,261,-0.948224999999917,0.4521072796934866,260,-5.488849999999984,0.49615384615384617,260,-7.343750000000012,0.47307692307692306,262,21.91662500000004,0.5381679389312977,261,7.515525000000051,0.5517241379310345,166,-0.8914999999999971,0.5602409638554217
prev_0959_to_1000,0.0,50.0,50.0,1.0,1440,-0.7902673711321225,1304,-18.327799999999876,-0.014055061349693155,0.4562883435582822,0.8701872686658487,21.61329999999989,10,0,949,22.04670000000007,0.02323150684931514,0.5142255005268704,1.1130894728564649,19.561299999999953,10,3,2253,3.7189000000001933,0.0016506435863294245,0.4806924101198402,1.011063688456244,24.75521999999987,260,-3.0864400000000023,0.4346153846153846,261,-7.818219999999951,0.4444444444444444,262,-2.735779999999987,0.4541984732824427,261,-0.7442199999999373,0.4521072796934866,260,-3.943139999999998,0.49615384615384617,260,-4.360919999999992,0.47307692307692306,262,16.83016000000002,0.5343511450381679,261,4.260300000000061,0.5325670498084292,166,5.317159999999984,0.5180722891566265
prev_0959_to_1000,0.0,40.0,40.0,1.0,1440,-0.7922013939820062,1304,-19.963774999999846,-0.015309643404907857,0.4562883435582822,0.886066794693635,24.07064999999985,10,1,949,24.375625000000078,0.02568559009483675,0.5089567966280295,1.1048271954552398,27.822649999999967,10,2,2253,4.411850000000236,0.001958211273857184,0.47847314691522413,1.0108198550600245,28.068124999999814,260,-3.8580500000000026,0.4346153846153846,261,-10.394924999999944,0.4444444444444444,262,-0.9062249999999965,0.4541984732824427,261,0.34767500000008367,0.4521072796934866,260,-5.152249999999986,0.49615384615384617,260,-5.5212249999999905,0.47307692307692306,262,21.435875000000028,0.5343511450381679,261,10.746475000000043,0.5287356321839081,166,-2.2855000000000025,0.4939759036144578
prev_0959_to_1000,0.0,10.0,25.0,0.4,480,-0.7995621366198689,1304,-20.532240000000062,-0.01574558282208594,0.49003067484662577,0.8936963478816243,23.486640000000257,10,1,949,-4.53587999999989,-0.004779641728134764,0.5964172813487882,0.9782386587597094,17.353559999999973,9,2,2253,-25.068119999999944,-0.011126551264980002,0.5348424323124723,0.9375769887590311,35.63124000000042,260,-5.243200000000069,0.45,261,-10.924959999999965,0.42911877394636017,262,-2.0067200000000214,0.5572519083969466,261,2.0321600000000335,0.49808429118773945,260,-4.389520000000038,0.5153846153846153,260,-10.282559999999965,0.46153846153846156,262,8.92416000000002,0.6145038167938931,261,4.103440000000062,0.6628352490421456,166,-7.280920000000006,0.6746987951807228
prev_0959_to_1000,0.0,10.0,30.0,0.3333333333333333,720,-0.8001798380112684,1304,-20.035233333333355,-0.015364442740286316,0.5069018404907976,0.8895813029823999,24.62333333333346,10,1,949,-0.8157999999999168,-0.0008596417281347911,0.6280295047418335,0.9956180439760464,16.294766666666707,9,2,2253,-20.851033333333266,-0.009254786210977925,0.5579227696404794,0.9432810765307551,32.23523333333361,260,-5.805433333333297,0.4423076923076923,261,-10.853433333333383,0.4482758620689655,262,1.869433333333348,0.583969465648855,261,-1.6352000000000118,0.5057471264367817,260,-3.610600000000011,0.5538461538461539,260,-8.71636666666663,0.49230769230769234,262,10.941500000000076,0.6297709923664122,261,1.0264999999999853,0.7011494252873564,166,-4.067433333333342,0.7228915662650602
prev_0959_to_1000,0.0,5.0,30.0,0.16666666666666666,720,-0.8075231324920469,1304,-20.20423333333345,-0.015494043967280251,0.6111963190184049,0.8595831233892214,24.39530000000015,8,1,949,1.5347333333333975,0.0016172110994029478,0.7671232876712328,1.01301140087193,9.57833333333334,6,2,2253,-18.669500000000046,-0.008286506879715955,0.6768752774079005,0.928698950786064,24.480866666666632,260,-6.550900000000048,0.4807692307692308,261,-7.714933333333368,0.5172413793103449,262,2.6294333333333237,0.7175572519083969,261,-1.779666666666671,0.6590038314176245,260,-6.788166666666683,0.6807692307692308,260,0.23273333333336277,0.6923076923076923,262,4.109233333333409,0.7519083969465649,261,-2.0731333333333635,0.8084291187739464,166,-0.734100000000007,0.8433734939759037
prev_0959_to_1000,0.0,20.0,25.0,0.8,720,-0.8096390450252464,1304,-20.587479999999992,-0.015787944785276068,0.4616564417177914,0.9141258029531995,30.338679999999925,10,2,949,25.247400000000198,0.02660421496311928,0.5226554267650158,1.0942337347767928,19.47555999999991,10,3,2253,4.659920000000213,0.0020683177984909956,0.4873501997336884,1.009179157297922,31.06871999999986,260,-5.5961199999999565,0.4346153846153846,261,-11.293560000000022,0.4329501915708812,262,-5.4185199999999885,0.4961832061068702,261,0.9512799999999961,0.44061302681992337,260,0.7694399999999799,0.5038461538461538,260,-7.009759999999957,0.4461538461538462,262,18.012880000000127,0.5305343511450382,261,14.20268,0.5708812260536399,166,0.0416000000000345,0.5542168674698795
prev_0959_to_1000,0.0,50.0,20.0,2.5,720,-0.8132342044528844,1304,-19.96719999999992,-0.015312269938650246,0.455521472392638,0.9331658843155793,32.35529999999993,10,2,949,29.405700000000156,0.030985985247629248,0.45310853530031614,1.081028543385061,54.74410000000002,18,2,2253,9.438500000000218,0.004189303151353847,0.4545051043053706,1.0142648134877719,54.74410000000003,260,-7.625149999999939,0.4346153846153846,261,-15.020800000000007,0.42911877394636017,262,2.2578000000000427,0.4847328244274809,261,-2.168949999999973,0.4329501915708812,260,2.5898999999999557,0.49615384615384617,260,-5.4104499999999565,0.4423076923076923,262,30.208900000000064,0.5114503816793893,261,15.221950000000014,0.48659003831417624,166,-10.614699999999967,0.3253012048192771
prev_0959_to_1000,0.0,50.0,25.0,2.0,720,-0.8184349514668232,1304,-19.33587999999993,-0.014828128834355773,0.4570552147239264,0.9204444539532806,28.221439999999923,10,1,949,24.954240000000276,0.026295300316122525,0.4720758693361433,1.0808344559693257,41.42900000000002,15,2,2253,5.618360000000347,0.0024937239236575,0.4633821571238349,1.0101826754238596,41.42900000000003,260,-6.123039999999947,0.4346153846153846,261,-12.124840000000013,0.42911877394636017,262,-0.22643999999996556,0.48854961832061067,261,0.25008000000002495,0.4367816091954023,260,-1.1116400000000226,0.49615384615384617,260,-5.125319999999949,0.4423076923076923,262,26.86440000000015,0.5229007633587787,261,7.688799999999988,0.5095785440613027,166,-4.473639999999925,0.3795180722891566
prev_0959_to_1000,0.0,30.0,20.0,1.5,720,-0.8317101461833765,1304,-20.48059999999991,-0.015705981595091956,0.4562883435582822,0.9312567528695608,32.681549999999916,10,2,949,32.268750000000146,0.03400289778714451,0.46996838777660693,1.092907984277875,39.03309999999996,15,2,2253,11.788150000000226,0.005232201509099079,0.4620505992010652,1.0182691672129036,39.03309999999997,260,-7.625149999999939,0.4346153846153846,261,-14.99480000000001,0.42911877394636017,262,3.020350000000044,0.48854961832061067,261,-3.1202499999999764,0.4329501915708812,260,2.23924999999997,0.49615384615384617,260,-7.810199999999973,0.4423076923076923,262,27.160900000000062,0.5152671755725191,261,19.700550000000046,0.5019157088122606,166,-6.782499999999985,0.39156626506024095
prev_0959_to_1000,0.0,30.0,25.0,1.2,720,-0.8332849650862981,1304,-19.746599999999923,-0.015143098159509143,0.4578220858895706,0.9185323697126866,28.48243999999996,10,1,949,32.89696000000028,0.03466486828240282,0.4931506849315068,1.1133729125222,26.46211999999995,10,3,2253,13.150360000000333,0.005836822015091138,0.47270306258322237,1.0246931096655767,31.02855999999993,260,-6.123039999999947,0.4346153846153846,261,-12.104040000000012,0.42911877394636017,262,0.3836000000000306,0.49236641221374045,261,-0.5109599999999768,0.4367816091954023,260,-1.3921600000000147,0.49615384615384617,260,-7.045119999999962,0.4423076923076923,262,23.82600000000015,0.5267175572519084,261,14.610360000000039,0.5287356321839081,166,1.5057200000000321,0.463855421686747
prev_0959_to_1000,0.0,10.0,40.0,0.25,1440,-0.8382667193384489,1304,-21.150699999999894,-0.016219861963190103,0.5145705521472392,0.8618113643814089,24.806524999999905,10,1,949,-4.881349999999935,-0.005143677555321322,0.6649104320337197,0.9684036610546897,18.784499999999994,7,2,2253,-26.032049999999828,-0.011554394141145063,0.5778961384820239,0.9153560638434253,31.028824999999916,260,-3.8821500000000007,0.4423076923076923,261,-11.387999999999973,0.4559386973180077,262,0.49022500000003255,0.5763358778625954,261,-2.4917999999999716,0.524904214559387,260,-3.8789749999999796,0.573076923076923,260,-7.757225000000021,0.5307692307692308,262,12.565550000000052,0.6641221374045801,261,0.6205750000000307,0.7509578544061303,166,-10.310249999999996,0.7409638554216867
prev_0959_to_1000,0.0,15.0,20.0,0.75,480,-0.8428229218451553,1304,-21.214150000000032,-0.01626851993865033,0.4662576687116564,0.9159334906811819,31.684950000000068,10,2,949,0.6779500000000667,0.0007143835616439058,0.5163329820864068,1.0023748388633564,30.66480000000001,13,2,2253,-20.536199999999965,-0.009115046604527282,0.4873501997336884,0.9618159627653484,38.60130000000001,260,-5.948350000000106,0.45,261,-14.644149999999954,0.421455938697318,262,-5.342000000000018,0.5076335877862596,261,3.996200000000055,0.46360153256704983,260,0.7241499999999981,0.48846153846153845,260,-13.26499999999995,0.4269230769230769,262,7.666949999999952,0.5305343511450382,261,16.465650000000092,0.5823754789272031,166,-10.189650000000032,0.5301204819277109
prev_0959_to_1000,0.0,12.5,40.0,0.3125,1440,-0.8487326693277784,1304,-19.228949999999873,-0.0147461273006134,0.4938650306748466,0.8803608409542919,24.558424999999936,10,0,949,-1.6373499999999641,-0.0017253424657533867,0.6238145416227608,0.9903641932987494,14.709899999999994,8,2,2253,-20.866299999999843,-0.00926156236129598,0.5486018641810919,0.9368927171958222,30.815474999999918,260,-3.787874999999996,0.43846153846153846,261,-12.31759999999996,0.4482758620689655,262,-2.381274999999971,0.5229007633587787,261,-0.5496999999999614,0.5019157088122606,260,-0.1924999999999839,0.5576923076923077,260,-9.493575000000014,0.49615384615384617,262,9.007300000000008,0.5916030534351145,261,5.4091750000000385,0.7203065134099617,166,-6.560249999999996,0.7228915662650602
prev_0959_to_1000,0.0,40.0,25.0,1.6,720,-0.8522175573557285,1304,-20.171399999999927,-0.015468865030674791,0.4570552147239264,0.9170067904058776,29.056959999999915,10,1,949,28.367080000000264,0.029891548998946537,0.4794520547945205,1.094021649279655,38.060119999999934,15,2,2253,8.195680000000337,0.003637674212161712,0.4664891256102974,1.0150446595651246,38.060119999999955,260,-6.123039999999947,0.4346153846153846,261,-11.704040000000013,0.42911877394636017,262,-1.540559999999969,0.48854961832061067,261,1.1078800000000246,0.4367816091954023,260,-1.9116400000000233,0.49615384615384617,260,-5.214239999999945,0.4423076923076923,262,25.36732000000015,0.5229007633587787,261,14.156040000000033,0.5210727969348659,166,-5.942039999999979,0.4036144578313253
prev_0959_to_1000,0.0,40.0,20.0,2.0,720,-0.8553182334329416,1304,-21.011599999999927,-0.016113190184049022,0.455521472392638,0.929670073665072,33.39969999999993,10,2,949,34.99840000000009,0.03687924130663866,0.46048472075869334,1.098336229467686,49.41060000000002,15,2,2253,13.986800000000152,0.00620807811806487,0.45761207279183314,1.0213648838131315,49.410600000000024,260,-7.625149999999939,0.4346153846153846,261,-14.49480000000001,0.42911877394636017,262,0.6151500000000407,0.4847328244274809,261,-1.0966999999999767,0.4329501915708812,260,1.5898999999999557,0.49615384615384617,260,-5.521599999999953,0.4423076923076923,262,28.837550000000057,0.5114503816793893,261,21.632650000000037,0.49808429118773945,166,-9.950200000000041,0.3493975903614458
prev_0959_to_1000,0.0,25.0,40.0,0.625,1440,-0.8556165607284141,1304,-19.55754999999985,-0.014998121165644057,0.4593558282208589,0.8869327519700007,24.47234999999986,10,0,949,14.928175000000094,0.015730426765015904,0.5384615384615384,1.0695884410330185,26.888724999999937,10,2,2253,-4.6293749999997615,-0.0020547603195737955,0.49267643142476697,0.9880530292595142,29.50877499999984,260,-3.568475000000006,0.4346153846153846,261,-10.12139999999995,0.4444444444444444,262,-1.0548249999999832,0.46564885496183206,261,-1.0054999999999217,0.4521072796934866,260,-3.8073499999999907,0.5,260,-7.411350000000009,0.47307692307692306,262,19.142600000000023,0.5381679389312977,261,8.92092500000006,0.5747126436781609,166,-5.723999999999979,0.5843373493975904
prev_0959_to_1000,0.0,50.0,15.0,3.3333333333333335,480,-0.8624003276954697,1304,-19.30746666666653,-0.014806339468302555,0.45245398773006135,0.9432850610502408,32.29339999999999,10,1,949,23.90666666666694,0.025191429574991507,0.41938883034773444,1.0581147924349004,49.51033333333328,27,2,2253,4.599200000000405,0.002041367066134223,0.43852640923213493,1.0061175866338878,49.51033333333328,260,-7.4084000000001335,0.45,261,-16.09226666666656,0.421455938697318,262,-1.0509999999999158,0.48854961832061067,261,10.272266666666807,0.4444444444444444,260,-5.02806666666673,0.4576923076923077,260,-11.060799999999926,0.41923076923076924,262,15.948199999999908,0.48854961832061067,261,20.029933333333553,0.4444444444444444,166,-1.0106666666665909,0.2710843373493976
prev_0959_to_1000,0.0,5.0,30.0,0.16666666666666666,480,-0.8780065663402012,1304,-20.501600000000074,-0.01572208588957061,0.5751533742331288,0.8466596476339182,23.55550000000005,9,0,949,-1.7784333333332283,-0.0018740077274322744,0.7449947312961012,0.9847088701049292,10.85953333333335,6,1,2253,-22.280033333333307,-0.009889051634857217,0.6466932978251221,0.9108816015048242,25.14683333333324,260,-6.276000000000092,0.46153846153846156,261,-7.35993333333329,0.4827586206896552,262,-1.3831666666666873,0.6603053435114504,261,-0.2903333333333209,0.632183908045977,260,-5.1921666666666875,0.6384615384615384,260,-0.9833666666666367,0.65,262,2.659200000000098,0.732824427480916,261,-2.7201666666666826,0.789272030651341,166,-0.734100000000007,0.8433734939759037
prev_0959_to_1000,0.0,12.5,25.0,0.5,480,-0.883355691869854,1304,-22.270680000000045,-0.01707874233128838,0.47392638036809814,0.8891368369071961,26.38924000000011,10,1,949,-3.192879999999959,-0.003364467860906174,0.5574288724973656,0.9858771616318531,18.307959999999948,9,2,2253,-25.463560000000005,-0.011302068353306704,0.5090989791389259,0.9403612860674775,39.50859999999999,260,-4.677520000000095,0.45,261,-11.71447999999996,0.421455938697318,262,-6.781040000000038,0.5190839694656488,261,3.4652800000000576,0.4827586206896552,260,-2.5629200000000125,0.49615384615384617,260,-12.21743999999997,0.4307692307692308,262,4.327439999999978,0.5572519083969466,261,9.936440000000038,0.632183908045977,166,-5.239320000000006,0.6385542168674698
prev_0959_to_1000,0.0,5.0,40.0,0.125,1440,-0.8873807469821468,1304,-20.656749999999974,-0.015841065950920226,0.6372699386503068,0.8268918767168978,23.68212499999998,7,0,949,-2.759374999999967,-0.0029076659641727788,0.7966280295047419,0.9713750653543245,9.884425,5,1,2253,-23.416124999999933,-0.010393308921438053,0.7043941411451398,0.8914544223186615,26.297474999999974,260,-4.5838750000000115,0.5076923076923077,261,-7.668224999999985,0.5708812260536399,262,-0.3088500000000005,0.7251908396946565,261,-1.8874749999999831,0.685823754789272,260,-6.208324999999991,0.6961538461538461,260,-2.4364000000000035,0.7076923076923077,262,4.2112000000000425,0.7862595419847328,261,-1.5091750000000044,0.8505747126436781,166,-3.0250000000000004,0.8674698795180723
prev_0959_to_1000,0.0,15.0,20.0,0.75,720,-0.8879352330728545,1304,-19.640950000000057,-0.01506207822085894,0.47392638036809814,0.9311431800250557,33.469600000000035,10,1,949,8.983100000000125,0.009465858798735642,0.5310853530031612,1.0296842265268225,28.278250000000003,13,2,2253,-10.657849999999927,-0.004730514869063438,0.4980026631158455,0.9818702531115332,36.34795000000002,260,-7.700749999999948,0.4346153846153846,261,-16.47420000000003,0.4329501915708812,262,-0.5460500000000024,0.5152671755725191,261,-2.756700000000011,0.4559386973180077,260,7.836749999999941,0.5307692307692308,260,-12.384599999999967,0.45,262,10.154650000000027,0.5305343511450382,261,21.17520000000004,0.6091954022988506,166,-9.962149999999975,0.536144578313253
prev_0959_to_1000,0.0,7.5,30.0,0.25,480,-0.8917722314338288,1304,-21.159733333333364,-0.016226789366053193,0.5176380368098159,0.8616888251311169,23.409300000000005,10,0,949,-1.7633666666665118,-0.0018581313663503813,0.6638566912539515,0.9882057414881187,13.526166666666679,9,2,2253,-22.92309999999987,-0.010174478473146857,0.5792276964047937,0.9242204138420755,33.388599999999926,260,-4.6500333333333925,0.45,261,-9.165499999999952,0.4444444444444444,262,-1.6384000000000243,0.5992366412213741,261,-0.6562999999999719,0.5402298850574713,260,-5.04950000000002,0.5538461538461539,260,-7.413066666666623,0.5153846153846153,262,6.575400000000088,0.6717557251908397,261,0.6417333333333612,0.7279693486590039,166,-1.5674333333333381,0.7831325301204819
prev_0959_to_1000,0.0,4.0,30.0,0.13333333333333333,1440,-0.8950308403025691,1304,-22.629033333333336,-0.017353553169734155,0.6825153374233128,0.8358348886439515,25.73566666666686,6,1,949,-5.927766666666626,-0.006246329469617098,0.8187565858798735,0.9456955195513294,14.166366666666644,3,1,2253,-28.556799999999964,-0.012675011096316007,0.7399023524189969,0.8843859399816439,30.18370000000056,260,-6.772433333333351,0.55,261,-8.619733333333317,0.6053639846743295,262,0.36306666666665244,0.7786259541984732,261,-0.3749999999999636,0.7279693486590039,260,-7.22493333333336,0.75,260,-0.4501333333333315,0.7653846153846153,262,2.802066666666713,0.816793893129771,261,-5.313033333333337,0.8467432950191571,166,-2.9666666666666694,0.8614457831325302
prev_0959_to_1000,0.0,7.5,30.0,0.25,720,-0.8951729505195551,1304,-22.74540000000002,-0.017442791411042963,0.5421779141104295,0.8656858140652736,25.926733333333342,10,1,949,4.415966666666805,0.004653284158763757,0.6870389884088515,1.0289095761511666,11.96336666666669,9,2,2253,-18.329433333333213,-0.008135567391625928,0.6031957390146472,0.943093212866734,32.985766666666585,260,-5.600299999999985,0.4461538461538462,261,-10.642066666666711,0.46360153256704983,262,1.950033333333347,0.6412213740458015,261,-2.630300000000004,0.5632183908045977,260,-5.822766666666674,0.5961538461538461,260,-6.671299999999936,0.55,262,10.344500000000076,0.6908396946564885,261,2.310200000000002,0.7586206896551724,166,-1.5674333333333381,0.7831325301204819
prev_0959_to_1000,0.0,25.0,15.0,1.6666666666666667,480,-0.9069843251581102,1304,-19.873066666666517,-0.015240081799590887,0.4539877300613497,0.9412786494499112,34.67339999999996,10,1,949,14.55340000000016,0.015335511064278357,0.44151738672286617,1.0368568089983556,39.98813333333338,15,2,2253,-5.319666666666359,-0.0023611480988310514,0.44873501997336884,0.9927455127321052,39.9881333333334,260,-7.4084000000001335,0.45,261,-16.26133333333323,0.421455938697318,262,-3.611799999999933,0.49236641221374045,261,7.7400000000001485,0.4444444444444444,260,-0.33153333333335944,0.46153846153846156,260,-11.888866666666594,0.41923076923076924,262,9.641466666666659,0.48854961832061067,261,28.78366666666677,0.47509578544061304,166,-11.982866666666691,0.3493975903614458
prev_0959_to_1000,0.0,40.0,15.0,2.6666666666666665,480,-0.909096397962907,1304,-20.64966666666654,-0.015835633946830168,0.45245398773006135,0.939342400297663,33.02819999999999,10,1,949,17.681466666666896,0.018631682472778605,0.4246575342465753,1.0434223822175541,49.468599999999995,23,2,2253,-2.968199999999648,-0.001317443408788126,0.440745672436751,0.996029838762749,49.4686,260,-7.4084000000001335,0.45,261,-15.68513333333323,0.421455938697318,262,-2.192933333333257,0.48854961832061067,261,10.331533333333486,0.4444444444444444,260,-5.694733333333396,0.4576923076923077,260,-11.056933333333244,0.41923076923076924,262,13.55759999999988,0.48854961832061067,261,23.43813333333352,0.4521072796934866,166,-8.257333333333253,0.2891566265060241
prev_0959_to_1000,0.0,50.0,40.0,1.25,1440,-0.9308710931151241,1304,-21.650174999999837,-0.016602894938650182,0.4562883435582822,0.8764425148453271,25.757049999999857,10,0,949,17.718750000000064,0.018670969441517454,0.49631190727081137,1.0732872195154641,30.15282499999997,11,2,2253,-3.931424999999784,-0.0017449733688414488,0.4731469152241456,0.9905720058653008,30.152824999999975,260,-3.8580500000000026,0.4346153846153846,261,-10.50902499999994,0.4444444444444444,262,-1.5830249999999868,0.4541984732824427,261,-1.154699999999923,0.4521072796934866,260,-4.54537499999999,0.49615384615384617,260,-5.350074999999991,0.47307692307692306,262,22.18405000000002,0.5343511450381679,261,3.249700000000031,0.5095785440613027,166,-2.3649249999999924,0.45180722891566266
prev_0959_to_1000,0.0,7.5,50.0,0.15,1440,-0.9331083158739167,1304,-21.90781999999994,-0.016800475460122654,0.553680981595092,0.8116680461284693,24.377300000000073,8,0,949,-1.8448599999999518,-0.0019440042149630682,0.7302423603793466,0.9820873187623411,12.469179999999977,7,2,2253,-23.752679999999888,-0.010542689747003946,0.628051486906347,0.8916972387963751,30.269160000000362,260,-3.027300000000005,0.45384615384615384,261,-8.979739999999975,0.4827586206896552,262,-1.94025999999999,0.6412213740458015,261,-2.9364799999999796,0.5747126436781609,260,-5.024039999999992,0.6153846153846154,260,-6.22966000000001,0.5846153846153846,262,7.487200000000028,0.7213740458015268,261,2.4168000000000287,0.8237547892720306,166,-5.519200000000002,0.8253012048192772
prev_0959_to_1000,0.0,12.5,25.0,0.5,720,-0.9425645935580618,1304,-22.0486,-0.016908435582822085,0.48619631901840493,0.9030268452810086,32.044160000000005,10,1,949,5.632160000000089,0.00593483667017923,0.5774499473129611,1.0238004523985884,15.964999999999957,9,2,2253,-16.41643999999991,-0.007286480248557438,0.5246338215712384,0.9646204245711119,36.449399999999955,260,-6.34323999999996,0.43846153846153846,261,-14.011560000000044,0.4367816091954023,262,-4.9257599999999915,0.5267175572519084,261,-0.47083999999998927,0.4827586206896552,260,3.7027999999999883,0.5461538461538461,260,-11.087279999999954,0.4576923076923077,262,7.3266400000000536,0.5610687022900763,261,14.473719999999993,0.6743295019157088,166,-5.080920000000006,0.6385542168674698
prev_0959_to_1000,0.0,4.0,25.0,0.16,480,-0.9431670381558941,1304,-23.96560000000009,-0.018378527607362034,0.6180981595092024,0.8354150705338467,26.65631999999998,9,1,949,-8.665559999999887,-0.009131253951527805,0.7755532139093783,0.9305564993954445,14.041839999999965,3,1,2253,-32.63115999999998,-0.014483426542387918,0.6844207723035952,0.8793217941012311,34.07115999999979,260,-8.404080000000093,0.4807692307692308,261,-8.39663999999995,0.5172413793103449,262,-3.5667600000000403,0.6984732824427481,261,2.062000000000026,0.6896551724137931,260,-5.660120000000033,0.7038461538461539,260,0.3323600000000093,0.7076923076923077,262,-0.8004799999999159,0.7709923664122137,261,-4.196519999999982,0.8122605363984674,166,-4.000920000000004,0.8313253012048193
prev_0959_to_1000,0.0,15.0,30.0,0.5,1440,-0.9681305903214517,1304,-23.68979999999985,-0.018167024539877185,0.47929447852760737,0.8920674773039095,30.222866666666548,10,1,949,4.77103333333339,0.005027432384966691,0.5785036880927292,1.0204384329530412,20.34716666666663,8,2,2253,-18.918766666666453,-0.008397144548009966,0.5210830004438527,0.9582294828699545,39.77993333333318,260,-5.299233333333336,0.4346153846153846,261,-15.2406666666666,0.4444444444444444,262,-1.1525333333333125,0.5,261,0.8871666666667193,0.48659003831417624,260,-2.8845333333333203,0.5307692307692308,260,-12.798100000000007,0.47692307692307695,262,10.83163333333335,0.5534351145038168,261,10.220166666666696,0.6590038314176245,166,-3.4826666666666517,0.6506024096385542
prev_0959_to_1000,0.0,10.0,25.0,0.4,720,-0.9720567001209817,1304,-23.86300000000001,-0.018299846625766877,0.5061349693251533,0.890182925067046,30.122080000000405,10,1,949,1.9661600000001345,0.0020718229715491407,0.6185458377239199,1.0090664125695448,15.975559999999959,9,2,2253,-21.896839999999873,-0.009718970261873001,0.5534842432312472,0.949565007971261,37.15960000000062,260,-6.766519999999954,0.4423076923076923,261,-13.306720000000052,0.4482758620689655,262,1.1222400000000117,0.5801526717557252,261,-2.7149599999999996,0.5057471264367817,260,-2.1970400000000154,0.5538461538461539,260,-9.808239999999968,0.49230769230769234,262,13.603200000000097,0.6297709923664122,261,5.452120000000011,0.6973180076628352,166,-7.280920000000006,0.6746987951807228
prev_0959_to_1000,0.0,20.0,20.0,1.0,720,-0.9795712356833639,1304,-22.031700000000008,-0.016895475460122704,0.4601226993865031,0.9253470433882167,35.501849999999976,10,1,949,28.346100000000114,0.029869441517386842,0.5005268703898841,1.088041359974246,26.28074999999998,13,2,2253,6.314400000000095,0.0028026631158455813,0.4771415889924545,1.0102326251462421,35.501849999999976,260,-6.96649999999995,0.4346153846153846,261,-13.981700000000025,0.4329501915708812,262,-4.482299999999986,0.49236641221374045,261,-1.2924500000000085,0.4367816091954023,260,4.691249999999956,0.5038461538461538,260,-7.7659999999999725,0.4461538461538462,262,19.33500000000005,0.5152671755725191,261,21.239250000000016,0.5478927203065134,166,-4.4621499999999745,0.4879518072289157
prev_0959_to_1000,0.0,20.0,15.0,1.3333333333333333,480,-0.9904167295323338,1304,-22.948466666666533,-0.017598517382412984,0.45475460122699385,0.9319904375228446,34.38966666666669,10,1,949,14.338200000000061,0.01510874604847214,0.4594309799789252,1.0377120451016235,26.277066666666776,14,2,2253,-8.610266666666474,-0.003821689599053029,0.4567243675099867,0.9880018378961481,42.82879999999989,260,-7.327200000000129,0.45,261,-15.931733333333248,0.421455938697318,262,-4.282733333333274,0.4961832061068702,261,6.702800000000129,0.4444444444444444,260,-2.109600000000005,0.46153846153846156,260,-13.33679999999989,0.4230769230769231,262,9.288999999999936,0.48854961832061067,261,30.36886666666671,0.5057471264367817,166,-11.982866666666697,0.39759036144578314
prev_0959_to_1000,0.0,25.0,25.0,1.0,720,-0.993221082040438,1304,-21.855199999999954,-0.016760122699386468,0.45858895705521474,0.9094594778218974,30.974999999999966,10,0,949,25.935680000000207,0.027329483667018133,0.5026343519494204,1.0914855710207845,28.882879999999968,10,2,2253,4.080480000000247,0.0018111318242344636,0.4771415889924545,1.0077741109120821,33.453079999999915,260,-6.123039999999947,0.4346153846153846,261,-11.192240000000028,0.42911877394636017,262,-3.955159999999978,0.49236641221374045,261,-0.3727999999999785,0.4367816091954023,260,-0.21196000000001902,0.5,260,-7.361039999999967,0.4423076923076923,262,21.128640000000107,0.5267175572519084,261,13.891280000000027,0.5440613026819924,166,-1.723199999999963,0.4939759036144578
prev_0959_to_1000,0.0,5.0,25.0,0.2,480,-1.0208958177723069,1304,-25.77884000000011,-0.019769049079754686,0.5743865030674846,0.8402965043061166,29.022520000000426,9,1,949,-2.0250799999998876,-0.0021339093782928214,0.7386722866174921,0.9853527680800466,10.738919999999988,6,1,2253,-27.803919999999998,-0.012340843320017753,0.6435863293386596,0.9072193584409068,30.792680000000505,260,-7.531200000000108,0.46153846153846156,261,-8.992719999999943,0.4827586206896552,262,-3.322000000000044,0.6564885496183206,261,0.04752000000001333,0.632183908045977,260,-5.980440000000025,0.6384615384615384,260,-0.8723999999999617,0.65,262,1.5985200000000597,0.732824427480916,261,-0.6702799999999856,0.7854406130268199,166,-2.0809200000000065,0.8132530120481928
prev_0959_to_1000,0.0,4.0,25.0,0.16,720,-1.0219687114675777,1304,-23.620400000000117,-0.018113803680981685,0.6549079754601227,0.847408941762108,28.366320000000037,8,0,949,-4.517679999999928,-0.0047604636459430225,0.7955742887249737,0.9637082249510375,13.605159999999998,3,2,2253,-28.138080000000045,-0.012489161118508675,0.7141588992454505,0.8992469286119718,29.91435999999985,260,-8.733480000000064,0.5038461538461538,261,-8.545720000000017,0.5632183908045977,262,-0.1718000000000286,0.7480916030534351,261,-0.4216399999999789,0.7164750957854407,260,-5.747760000000021,0.7423076923076923,260,2.2440800000000047,0.7538461538461538,262,1.3122000000000673,0.7862595419847328,261,-4.07304,0.8237547892720306,166,-4.000920000000004,0.8313253012048193
prev_0959_to_1000,0.0,25.0,20.0,1.25,720,-1.0238030321257556,1304,-23.366349999999947,-0.017918980061349652,0.4570552147239264,0.9213065821481169,36.047249999999956,10,1,949,28.015950000000103,0.029521548998946368,0.48050579557428874,1.082675002644832,38.78775,15,2,2253,4.649600000000145,0.002063737239236638,0.4669329782512206,1.0073130219872735,38.78775,260,-7.625149999999939,0.4346153846153846,261,-13.85505000000003,0.42911877394636017,262,-2.403099999999971,0.48854961832061067,261,-2.94754999999998,0.4329501915708812,260,3.4644999999999637,0.5,260,-8.20509999999998,0.4423076923076923,262,24.039200000000008,0.5152671755725191,261,21.600000000000048,0.5210727969348659,166,-9.418149999999969,0.42168674698795183
prev_0959_to_1000,0.0,5.0,25.0,0.2,720,-1.034814510184471,1304,-25.53976000000014,-0.0195857055214725,0.6096625766871165,0.8528473894397586,30.92240000000048,8,1,949,2.846080000000116,0.0029990305584827355,0.7597471022128557,1.0204549172210045,9.163840000000004,6,3,2253,-22.69368000000003,-0.010072649800266325,0.6728806036395917,0.9274264017097087,30.92240000000048,260,-7.661080000000055,0.4807692307692308,261,-9.740520000000032,0.5172413793103449,262,0.7812799999999789,0.7099236641221374,261,-2.273800000000002,0.6590038314176245,260,-6.645640000000018,0.6807692307692308,260,0.9825200000000232,0.6923076923076923,262,3.616200000000098,0.7480916030534351,261,0.32827999999999613,0.8045977011494253,166,-2.0809200000000065,0.8132530120481928
prev_0959_to_1000,0.0,20.0,30.0,0.6666666666666666,1440,-1.0579189578891848,1304,-26.097633333333178,-0.020013522494887408,0.4616564417177914,0.8862875306964374,32.061966666666365,10,1,949,22.61086666666675,0.023825992272567705,0.5468914646996839,1.0899919351318739,19.50213333333314,10,3,2253,-3.4867666666664334,-0.0015476105932829265,0.49755881047492234,0.9927473835688579,38.623466666666296,260,-4.558033333333341,0.4346153846153846,261,-13.397499999999944,0.4444444444444444,262,-4.536066666666643,0.46564885496183206,261,2.513766666666741,0.45977011494252873,260,-6.119799999999987,0.5038461538461538,260,-8.62576666666667,0.47692307692307695,262,19.428000000000008,0.5381679389312977,261,8.337966666666729,0.5862068965517241,166,3.4706666666666823,0.608433734939759
prev_0959_to_1000,0.0,7.5,25.0,0.3,480,-1.0702410332795682,1304,-25.54792000000005,-0.019591963190184088,0.5168711656441718,0.8608443183583454,28.14239999999978,10,0,949,-1.4239599999998411,-0.001500484720758526,0.6564805057955743,0.9919377486119413,14.842239999999899,9,2,2253,-26.971879999999885,-0.011971540168663952,0.5756768752774079,0.9251224136830155,39.40903999999979,260,-5.580040000000072,0.45,261,-11.159399999999943,0.4444444444444444,262,-3.007600000000038,0.5954198473282443,261,-0.39163999999997046,0.5402298850574713,260,-5.409240000000027,0.5538461538461539,260,-8.79363999999994,0.5153846153846153,262,6.697960000000046,0.6717557251908397,261,3.5526400000000615,0.7241379310344828,166,-2.880920000000007,0.7469879518072289
prev_0959_to_1000,0.0,12.5,30.0,0.4166666666666667,1440,-1.0735308828933507,1304,-25.955566666666506,-0.019904575664621553,0.49233128834355827,0.8785892113982858,33.5753333333329,10,1,949,3.3902333333333834,0.0035724271162627854,0.6101159114857745,1.015726494722091,16.829466666666676,8,2,2253,-22.56533333333311,-0.010015682793312521,0.5419440745672437,0.9474439725077697,40.65253333333291,260,-5.284466666666662,0.43846153846153846,261,-15.636333333333276,0.4482758620689655,262,-3.606599999999972,0.5190839694656488,261,0.353200000000055,0.5019157088122606,260,-1.7813666666666483,0.5538461538461539,260,-11.423700000000007,0.49615384615384617,262,9.62993333333334,0.583969465648855,261,8.71733333333338,0.7011494252873564,166,-3.5333333333333314,0.6867469879518072
prev_0959_to_1000,0.0,30.0,15.0,2.0,720,-1.0858816857177729,1304,-25.263333333333215,-0.019373721881390502,0.4486196319018405,0.9352045890095223,37.05126666666654,10,1,949,31.83046666666671,0.03354106076571835,0.4267650158061117,1.0746793776418742,44.56499999999997,22,2,2253,6.567133333333484,0.002914839473294933,0.4394141145139814,1.0080467524757122,44.56499999999996,260,-9.967866666666577,0.4346153846153846,261,-17.587733333333304,0.42911877394636017,262,8.309933333333387,0.4732824427480916,261,-5.0398,0.42911877394636017,260,-0.977866666666718,0.47692307692307695,260,-8.341533333333324,0.4346153846153846,262,28.46880000000001,0.4770992366412214,261,21.007400000000025,0.4367816091954023,166,-9.304200000000009,0.3192771084337349
prev_0959_to_1000,0.0,15.0,15.0,1.0,720,-1.0930737427640203,1304,-26.96506666666671,-0.0206787321063395,0.4662576687116564,0.9282239729474386,39.45213333333336,10,2,949,8.941666666666723,0.00942219880576051,0.48998946259220233,1.0236852960975462,29.066666666666666,13,2,2253,-18.023399999999974,-0.007999733688415434,0.47625388371060806,0.97607099916729,45.73440000000004,260,-10.068666666666587,0.4346153846153846,261,-19.560266666666664,0.4329501915708812,262,2.358266666666669,0.5,261,-4.955466666666705,0.4521072796934866,260,5.261066666666589,0.5115384615384615,260,-14.44073333333331,0.4423076923076923,262,7.409933333333311,0.49236641221374045,261,33.35666666666672,0.5632183908045977,166,-17.384199999999993,0.4457831325301205
prev_0959_to_1000,0.0,12.5,20.0,0.625,720,-1.099091421072181,1304,-24.736999999999995,-0.018970092024539875,0.4838957055214724,0.9116146503085109,39.01284999999995,10,1,949,10.957950000000078,0.011546838777660778,0.5584826132771338,1.0388330264383314,18.262049999999974,9,2,2253,-13.77904999999992,-0.006115867731912969,0.5153129161118508,0.9754846431301829,41.603799999999936,260,-7.900399999999957,0.43846153846153846,261,-17.379200000000047,0.4367816091954023,262,-4.049899999999979,0.5229007633587787,261,-4.044649999999988,0.47509578544061304,260,8.637149999999973,0.5461538461538461,260,-12.862899999999968,0.4576923076923077,262,8.541300000000003,0.549618320610687,261,21.755700000000047,0.6513409961685823,166,-6.476150000000008,0.5843373493975904
prev_0959_to_1000,0.0,15.0,15.0,1.0,480,-1.1035796084758596,1304,-26.071533333333385,-0.01999350715746425,0.4624233128834356,0.9214040682583758,36.45400000000006,10,1,949,-3.6322666666665455,-0.0038274675096591627,0.48261327713382507,0.9899358513038844,29.152599999999985,13,2,2253,-29.70379999999993,-0.013184110075454917,0.4709276520195295,0.9571143239757628,47.88813333333326,260,-7.986066666666813,0.45,261,-17.88833333333326,0.421455938697318,262,-3.1773333333333227,0.5038167938931297,261,4.951200000000063,0.45977011494252873,260,-1.971000000000048,0.47692307692307695,260,-17.026733333333247,0.4230769230769231,262,2.783533333333268,0.4961832061068702,261,27.92713333333346,0.5517241379310345,166,-17.316200000000023,0.4457831325301205
prev_0959_to_1000,0.0,12.5,20.0,0.625,480,-1.1059223867600392,1304,-27.566449999999996,-0.021139915644171777,0.4723926380368098,0.8895502348712013,32.72159999999995,10,1,949,2.0732500000000336,0.0021846680716544084,0.5426765015806112,1.0077339830637613,21.614950000000018,9,2,2253,-25.493199999999973,-0.011315224145583655,0.5019973368841545,0.9507524093083456,44.52114999999999,260,-5.812850000000116,0.45,261,-14.56454999999995,0.421455938697318,262,-7.015250000000003,0.5190839694656488,261,0.5702500000000654,0.47509578544061304,260,-0.7440499999999917,0.49615384615384617,260,-13.300599999999974,0.4307692307692308,262,6.298649999999942,0.549618320610687,261,15.749350000000073,0.6206896551724138,166,-6.67415000000001,0.5843373493975904
prev_0959_to_1000,0.0,50.0,15.0,3.3333333333333335,720,-1.1106840842825572,1304,-25.807199999999902,-0.019790797546012196,0.44785276073619634,0.9339790101592798,37.84466666666656,10,1,949,41.516600000000196,0.0437477344573237,0.41412012644889357,1.094737370548839,56.4257333333332,27,3,2253,15.70940000000028,0.006972658677319254,0.43364403018197956,1.0189470261440357,56.42573333333324,260,-9.967866666666577,0.4346153846153846,261,-17.62239999999997,0.42911877394636017,262,7.398133333333379,0.46946564885496184,261,-3.771399999999997,0.42911877394636017,260,-1.8436666666667394,0.47692307692307695,260,-5.14186666666663,0.4346153846153846,262,32.18146666666668,0.4732824427480916,261,13.254133333333424,0.41762452107279696,166,1.2228666666667252,0.28313253012048195
prev_0959_to_1000,0.0,10.0,20.0,0.5,480,-1.11118963145466,1304,-26.14340000000002,-0.020048619631901857,0.48849693251533743,0.8914815143042923,30.640149999999977,10,0,949,-1.3519999999999195,-0.0014246575342464905,0.5806111696522656,0.9945678715719486,20.07949999999998,9,2,2253,-27.49539999999994,-0.012203905903240098,0.5272969374167776,0.9438641980475765,40.924449999999986,260,-6.519950000000085,0.45,261,-13.827649999999961,0.42911877394636017,262,-1.7973499999999827,0.5572519083969466,261,-0.9711499999999686,0.4904214559386973,260,-3.027300000000025,0.5153846153846153,260,-11.13199999999997,0.46153846153846156,262,11.918549999999971,0.6068702290076335,261,7.462600000000088,0.6475095785440613,166,-9.601150000000008,0.6204819277108434
prev_0959_to_1000,0.0,40.0,30.0,1.3333333333333333,1440,-1.1125599219752407,1304,-27.71873333333314,-0.021256697341513146,0.45475460122699385,0.8815122441517872,32.80273333333321,10,1,949,30.55890000000001,0.032201159114857755,0.4910432033719705,1.1046457036700938,29.404566666666675,13,3,2253,2.840166666666871,0.001260615475662171,0.47003994673768307,1.00539996670216,37.67166666666647,260,-5.378033333333338,0.4346153846153846,261,-13.072766666666592,0.4444444444444444,262,-2.3545666666666722,0.45038167938931295,261,1.5497000000001138,0.4521072796934866,260,-8.463066666666654,0.49230769230769234,260,-6.12723333333331,0.47307692307692306,262,27.34536666666668,0.5305343511450382,261,6.698100000000016,0.49808429118773945,166,2.6426666666666243,0.4457831325301205
prev_0959_to_1000,0.0,10.0,20.0,0.5,720,-1.1142290986521464,1304,-28.367200000000004,-0.021753987730061354,0.5038343558282209,0.8944125041036908,37.472199999999994,10,2,949,3.774750000000104,0.003977608008430036,0.5985247629083246,1.0144605438520617,18.5316,9,2,2253,-24.592449999999893,-0.010915423879272034,0.5437194851309365,0.9535727399643384,43.064699999999995,260,-8.429499999999948,0.4423076923076923,261,-16.748150000000056,0.4482758620689655,262,2.3979000000000372,0.5763358778625954,261,-6.599800000000005,0.49808429118773945,260,1.0123499999999703,0.5538461538461539,260,-11.514099999999985,0.49230769230769234,262,15.637000000000057,0.6183206106870229,261,9.253000000000045,0.6704980842911877,166,-9.601150000000008,0.6204819277108434
prev_0959_to_1000,0.0,7.5,25.0,0.3,720,-1.1191868571213193,1304,-27.954480000000032,-0.021437484662576712,0.5406441717791411,0.8624786051986659,32.52543999999978,10,1,949,7.133720000000166,0.007517091675448015,0.678609062170706,1.039838352917105,12.254639999999954,9,2,2253,-20.820759999999854,-0.009241349312028342,0.598757212605415,0.9455439070616463,38.69111999999988,260,-6.520359999999982,0.4461538461538462,261,-13.053080000000046,0.46360153256704983,262,0.6152000000000029,0.6335877862595419,261,-3.909079999999994,0.5632183908045977,260,-5.087160000000013,0.5961538461538461,260,-7.354159999999938,0.55,262,11.398520000000099,0.6870229007633588,261,5.970280000000018,0.7547892720306514,166,-2.880920000000007,0.7469879518072289
prev_0959_to_1000,0.0,7.5,40.0,0.1875,1440,-1.1222757414969693,1304,-26.50929999999992,-0.020329217791410982,0.553680981595092,0.8165845882358846,29.596149999999934,8,0,949,-0.9860999999999516,-0.0010390937829293484,0.7218124341412012,0.9921741821818011,12.120999999999993,7,2,2253,-27.495399999999876,-0.012203905903240069,0.6245006657789614,0.8983674997336325,36.17082499999994,260,-3.7841250000000057,0.45384615384615384,261,-11.595024999999971,0.4827586206896552,262,-1.0886249999999915,0.6412213740458015,261,-3.895024999999976,0.5747126436781609,260,-6.146499999999981,0.6153846153846154,260,-7.20077500000001,0.5846153846153846,262,10.111850000000038,0.7213740458015268,261,3.413075000000015,0.8122605363984674,166,-7.310249999999996,0.7951807228915663
prev_0959_to_1000,0.0,40.0,15.0,2.6666666666666665,720,-1.1398297518091094,1304,-26.53306666666658,-0.02034744376278112,0.44785276073619634,0.9321220696223085,38.570533333333216,10,1,949,39.53840000000006,0.041663224446786155,0.41938883034773444,1.0912645756471762,53.38793333333332,23,2,2253,13.005333333333482,0.005772451546086765,0.43586329338659563,1.0157808312084464,53.387933333333294,260,-9.967866666666577,0.4346153846153846,261,-16.921066666666636,0.42911877394636017,262,5.207933333333373,0.46946564885496184,261,-2.341733333333334,0.42911877394636017,260,-2.5103333333334072,0.47692307692307695,260,-5.290066666666629,0.4346153846153846,262,31.01966666666667,0.4732824427480916,261,19.97260000000005,0.42911877394636017,166,-6.163800000000023,0.29518072289156627
prev_0959_to_1000,0.0,5.0,30.0,0.16666666666666666,1440,-1.1411883633415196,1304,-26.711766666666648,-0.020484483640081784,0.6372699386503068,0.8312311100543427,30.924666666666102,7,0,949,-1.392966666666636,-0.0014678257815243794,0.78609062170706,0.9888184521627545,10.533033333333313,5,1,2253,-28.104733333333286,-0.012474360112442648,0.6999556147359077,0.9006378494251107,33.2944999999993,260,-6.345800000000018,0.5076923076923077,261,-10.103833333333311,0.5708812260536399,262,-0.2480666666666771,0.7251908396946565,261,-1.1487333333333116,0.685823754789272,260,-8.86533333333333,0.6961538461538461,260,-2.087499999999994,0.7076923076923077,262,4.802566666666709,0.7824427480916031,261,-2.408033333333351,0.8314176245210728,166,-1.7000000000000015,0.8433734939759037
prev_0959_to_1000,0.0,30.0,12.5,2.4,480,-1.153179680723598,1304,-28.308239999999806,-0.02170877300613482,0.4424846625766871,0.9300935693148443,41.389359999999826,10,2,949,-16.423120000000043,-0.01730571127502639,0.39831401475237094,0.964888230667096,52.78576000000008,22,2,2253,-44.73135999999985,-0.01985413226808693,0.42387927208166887,0.9487427187767968,60.645360000000025,260,-10.124560000000166,0.4461538461538462,261,-18.32751999999988,0.41762452107279696,262,-4.297599999999911,0.46946564885496184,261,3.6550400000001506,0.42911877394636017,260,0.786399999999996,0.45,260,-22.565119999999972,0.40384615384615385,262,10.039439999999923,0.46564885496183206,261,22.473760000000034,0.41762452107279696,166,-26.371200000000034,0.25301204819277107
prev_0959_to_1000,0.0,25.0,15.0,1.6666666666666667,720,-1.1728846471739012,1304,-29.110999999999926,-0.02232438650306743,0.4493865030674847,0.9251441010126501,41.104666666666525,10,2,949,29.675799999999988,0.031270600632244454,0.43730242360379346,1.0711660688691513,41.80366666666674,15,2,2253,0.5648000000000515,0.00025068797159345384,0.4442964935641367,1.0007008422101578,44.227199999999904,260,-9.967866666666577,0.4346153846153846,261,-16.068066666666663,0.42911877394636017,262,1.0786666666667029,0.4732824427480916,261,-4.809533333333338,0.42911877394636017,260,0.6557999999999433,0.4807692307692308,260,-8.868066666666664,0.4346153846153846,262,25.088066666666606,0.4770992366412214,261,25.506666666666696,0.4559386973180077,166,-12.050866666666654,0.3493975903614458
prev_0959_to_1000,0.0,30.0,30.0,1.0,1440,-1.2180047000969976,1304,-28.500666666666447,-0.02185633946830249,0.455521472392638,0.8778392599432596,33.89689999999982,10,0,949,26.69770000000006,0.028132455216016924,0.5089567966280295,1.095907762552157,28.359566666666616,10,3,2253,-1.8029666666663893,-0.0008002515164964,0.4780292942743009,0.9964763311786163,40.88363333333309,260,-5.378033333333338,0.4346153846153846,261,-13.56519999999992,0.4444444444444444,262,-0.46739999999998183,0.4541984732824427,261,-0.17816666666655312,0.4521072796934866,260,-8.911866666666652,0.49230769230769234,260,-8.557266666666669,0.47307692307692306,262,27.245366666666712,0.5343511450381679,261,5.03093333333336,0.5210727969348659,166,2.9786666666666566,0.5060240963855421
prev_0959_to_1000,0.0,20.0,15.0,1.3333333333333333,720,-1.2198101722731127,1304,-28.663933333333347,-0.021981543967280175,0.45245398773006135,0.9258980376963329,40.22480000000007,10,1,949,27.32286666666666,0.028791218826835257,0.45626975763962063,1.0682545537814603,28.597266666666542,13,2,2253,-1.3410666666666948,-0.0005952359816541033,0.4540612516644474,0.9982962486216732,42.72800000000005,260,-9.089666666666592,0.4346153846153846,261,-16.236933333333326,0.4329501915708812,262,-2.026933333333322,0.4770992366412214,261,-2.602733333333381,0.4329501915708812,260,1.2923333333332705,0.4846153846153846,260,-8.28259999999999,0.43846153846153846,262,19.815799999999985,0.4770992366412214,261,27.840533333333333,0.4904214559386973,166,-12.050866666666666,0.39759036144578314
prev_0959_to_1000,0.0,10.0,30.0,0.3333333333333333,1440,-1.224157710753392,1304,-28.844833333333213,-0.022120270961145102,0.5130368098159509,0.8586403915586588,33.327433333333694,10,0,949,1.8006666666667197,0.0018974358974359533,0.6543730242360379,1.0092652845464594,16.248566666666626,7,2,2253,-27.04416666666649,-0.012003624796567462,0.5725699067909454,0.9321177829362104,41.59726666666684,260,-5.410166666666671,0.4423076923076923,261,-14.730199999999957,0.4559386973180077,262,-0.027933333333305832,0.5725190839694656,261,-2.2362666666666295,0.524904214559387,260,-6.440266666666648,0.5692307692307692,260,-9.441900000000022,0.5307692307692308,262,14.032033333333384,0.6564885496183206,261,2.2438666666667046,0.7318007662835249,166,-5.033333333333338,0.7228915662650602
prev_0959_to_1000,0.0,25.0,30.0,0.8333333333333334,1440,-1.2290404762817235,1304,-28.542033333333148,-0.021888062372187995,0.4570552147239264,0.8766513027183767,34.703266666666636,10,0,949,23.712600000000094,0.024986933614330974,0.5216016859852476,1.0880942193965597,27.96476666666662,10,3,2253,-4.829433333333032,-0.0021435567391624643,0.4842432312472259,0.9903520593045736,41.01513333333321,260,-4.991933333333343,0.4346153846153846,261,-12.708066666666598,0.4444444444444444,262,-3.509266666666657,0.4580152671755725,261,-0.25453333333322625,0.4521072796934866,260,-7.078233333333323,0.49615384615384617,260,-8.6474,0.47307692307692306,262,23.71333333333336,0.5343511450381679,261,8.111333333333391,0.5440613026819924,166,0.5353333333333552,0.5421686746987951
prev_0959_to_1000,0.0,25.0,12.5,2.0,480,-1.2528169688636508,1304,-30.47143999999981,-0.023367668711656294,0.4432515337423313,0.9245653217103573,44.617519999999864,10,2,949,-14.280080000000012,-0.015047502634351962,0.4067439409905163,0.9690439507536238,50.985760000000084,15,2,2253,-44.75151999999983,-0.01986308033732793,0.4278739458499778,0.9482788765578106,60.02423999999993,260,-10.124560000000166,0.4461538461538462,261,-18.21895999999988,0.41762452107279696,262,-8.711519999999945,0.46946564885496184,261,2.525200000000151,0.42911877394636017,260,4.058400000000017,0.45384615384615384,260,-21.07815999999999,0.40384615384615385,262,10.363679999999988,0.46564885496183206,261,25.613840000000014,0.4329501915708812,166,-29.17944000000003,0.27710843373493976
prev_0959_to_1000,0.0,10.0,15.0,0.6666666666666666,480,-1.2700285058628396,1304,-31.671533333333404,-0.02428798568507163,0.4838957055214724,0.8996127337422445,37.074733333333114,10,1,949,-0.8262666666665552,-0.0008706708816296683,0.5500526870389885,0.9973837732727348,19.066666666666677,9,2,2253,-32.49779999999995,-0.014424234354194385,0.5117620949844651,0.9485238274254046,48.995199999999926,260,-8.748200000000118,0.45,261,-17.132999999999935,0.42911877394636017,262,1.5327333333333724,0.549618320610687,261,-1.221866666666637,0.48659003831417624,260,-6.101200000000083,0.5038461538461538,260,-13.930733333333276,0.4576923076923077,262,9.216933333333317,0.5725190839694656,261,16.355733333333436,0.6206896551724138,166,-12.468200000000014,0.5481927710843374
prev_0959_to_1000,0.0,15.0,25.0,0.6,1440,-1.2715323413434714,1304,-30.668599999999824,-0.023518865030674713,0.47776073619631904,0.8842123703228841,39.283519999999555,10,1,949,9.959400000000132,0.010494625922023321,0.5669125395152792,1.0369843162198031,21.06039999999986,8,2,2253,-20.709199999999697,-0.009191833111406878,0.5153129161118508,0.9612300903862417,48.42423999999937,260,-6.159080000000004,0.4346153846153846,261,-18.54691999999992,0.4444444444444444,262,-4.720039999999964,0.49236641221374045,261,0.4610000000000576,0.48659003831417624,260,-1.7035599999999995,0.5307692307692308,260,-14.005200000000004,0.47692307692307695,262,12.28172000000006,0.5534351145038168,261,18.862080000000056,0.6513409961685823,166,-7.179199999999986,0.5963855421686747
prev_0959_to_1000,0.0,50.0,30.0,1.6666666666666667,1440,-1.2735397965351194,1304,-29.967266666666468,-0.022981032719836248,0.45475460122699385,0.8719005614889225,35.05126666666652,10,0,949,21.789100000000026,0.022960063224446815,0.47839831401475236,1.071846290728456,36.393433333333284,13,2,2253,-8.178166666666453,-0.003629900872910099,0.4647137150466045,0.9847766313706073,39.691999999999766,260,-5.378033333333338,0.4346153846153846,261,-13.22489999999992,0.4444444444444444,262,-3.2569666666666617,0.45038167938931295,261,-0.4534666666665612,0.4521072796934866,260,-7.653899999999991,0.49230769230769234,260,-5.899033333333309,0.47307692307692306,262,28.34293333333334,0.5305343511450382,261,-1.7972333333332955,0.4789272030651341,166,1.1424333333332815,0.4036144578313253
prev_0959_to_1000,0.0,4.0,25.0,0.16,1440,-1.289190537954632,1304,-30.476479999999995,-0.023371533742331283,0.678680981595092,0.8185204372685836,34.379679999999894,6,0,949,-7.679159999999916,-0.008091844046364505,0.8082191780821918,0.9409092657942653,16.05735999999996,3,2,2253,-38.155639999999906,-0.01693548158011536,0.7332445628051487,0.8719131434280174,40.10792000000056,260,-7.926920000000019,0.55,261,-10.402159999999986,0.6053639846743295,262,-3.5010800000000115,0.7595419847328244,261,-1.0841599999999547,0.7279693486590039,260,-7.562160000000029,0.75,260,0.4079599999999952,0.7653846153846153,262,1.8498400000000688,0.8091603053435115,261,-4.97695999999998,0.8352490421455939,166,-4.959999999999999,0.8313253012048193
prev_0959_to_1000,0.0,4.0,20.0,0.2,720,-1.2996520320913494,1304,-29.95065000000013,-0.022968289877300714,0.6526073619631901,0.8450717193743303,36.8632000000004,8,0,949,-4.651449999999985,-0.004901422550052672,0.7808219178082192,0.9693594700116135,15.340349999999967,3,1,2253,-34.602100000000135,-0.015358233466489185,0.7066134043497558,0.8997408341954566,36.8632000000004,260,-10.888200000000086,0.5038461538461538,261,-11.152900000000013,0.5632183908045977,262,-0.7694000000000178,0.7442748091603053,261,-3.4132499999999832,0.7088122605363985,260,-3.7269000000000334,0.7423076923076923,260,4.009100000000001,0.7538461538461538,262,-0.2785999999999853,0.7748091603053435,261,-1.4808000000000008,0.8084291187739464,166,-6.901150000000007,0.7891566265060241
prev_0959_to_1000,0.0,4.0,20.0,0.2,480,-1.3325726427460949,1304,-31.532050000000076,-0.024181019938650364,0.6165644171779141,0.8278728973391084,35.69920000000025,9,0,949,-7.681399999999925,-0.008094204425711196,0.7629083245521602,0.9489376072123125,15.748499999999964,3,1,2253,-39.21345000000001,-0.01740499334221039,0.6782068353306702,0.8824614912409142,41.01344999999986,260,-10.471050000000115,0.4807692307692308,261,-10.917249999999944,0.5172413793103449,262,-4.647150000000021,0.6984732824427481,261,-0.7364499999999676,0.6819923371647509,260,-4.760150000000021,0.7038461538461539,260,2.009800000000006,0.7076923076923077,262,-1.1372499999999501,0.7633587786259542,261,-1.6527999999999796,0.8007662835249042,166,-6.901150000000007,0.7891566265060241
prev_0959_to_1000,0.0,50.0,12.5,4.0,480,-1.3347702667454158,1304,-31.39271999999984,-0.024074171779140983,0.44171779141104295,0.9226675001463258,43.45911999999987,10,1,949,-16.694479999999928,-0.01759165437302416,0.38461538461538464,0.9651454129809499,62.89376,28,2,2253,-48.08719999999977,-0.02134363071460265,0.4176653351087439,0.9456592588092502,68.72759999999984,260,-10.124560000000166,0.4461538461538462,261,-18.016079999999874,0.41762452107279696,262,-7.438559999999926,0.46564885496183206,261,5.563920000000143,0.42911877394636017,260,-1.377440000000023,0.45,260,-21.330079999999978,0.40384615384615385,262,17.931759999999887,0.46564885496183206,261,11.290240000000153,0.39846743295019155,166,-24.58639999999999,0.20481927710843373
prev_0959_to_1000,0.0,5.0,20.0,0.25,720,-1.3413937009263897,1304,-32.41450000000016,-0.02485774539877313,0.6073619631901841,0.8504103107950821,40.56925000000017,8,1,949,0.61145000000006,0.0006443097997893151,0.7418335089567967,1.0035382462751345,12.260950000000024,6,3,2253,-31.8030500000001,-0.014115867731913048,0.6640035508211274,0.9183492468568756,40.56925000000017,260,-9.547700000000077,0.4807692307692308,261,-12.396400000000027,0.5172413793103449,262,0.5192999999999866,0.7061068702290076,261,-6.048350000000005,0.6513409961685823,260,-4.941350000000033,0.6807692307692308,260,2.343150000000014,0.6923076923076923,262,2.51525000000006,0.7366412213740458,261,2.3541999999999916,0.7854406130268199,166,-6.601150000000008,0.7590361445783133
prev_0959_to_1000,0.0,20.0,25.0,0.8,1440,-1.3423036321785937,1304,-32.757999999999804,-0.02512116564417163,0.4601226993865031,0.8812648745122181,40.315199999999784,10,1,949,29.77880000000019,0.03137913593256079,0.5342465753424658,1.1029483977500072,20.90132,10,2,2253,-2.979199999999622,-0.00132232578783827,0.49134487350199735,0.9947284873731427,46.23647999999988,260,-5.269640000000008,0.4346153846153846,261,-16.335119999999936,0.4444444444444444,262,-8.180279999999955,0.4580152671755725,261,2.4129200000000868,0.45977011494252873,260,-5.385879999999998,0.5038461538461538,260,-8.9984,0.47692307692307695,262,22.59736000000006,0.5381679389312977,261,17.415040000000097,0.578544061302682,166,-1.235199999999967,0.5481927710843374
prev_0959_to_1000,0.0,15.0,20.0,0.75,1440,-1.3427375814898528,1304,-31.36859999999979,-0.024055674846625606,0.4754601226993865,0.9025425203250018,43.876849999999855,10,1,949,11.252100000000068,0.011856796628029576,0.5426765015806112,1.0348201334213216,27.72034999999999,13,2,2253,-20.116499999999732,-0.008928761651131704,0.5037727474478473,0.9688125393544704,54.13559999999979,260,-8.355150000000002,0.4346153846153846,261,-22.870749999999884,0.4444444444444444,262,-0.37509999999996446,0.48854961832061067,261,-3.1871999999999394,0.4789272030651341,260,3.41959999999999,0.5307692307692308,260,-17.69304999999998,0.46923076923076923,262,13.987149999999986,0.5419847328244275,261,24.932000000000038,0.6206896551724138,166,-9.973999999999979,0.536144578313253
prev_0959_to_1000,0.0,20.0,12.5,1.6,480,-1.362722287318527,1304,-33.96191999999982,-0.026044417177913972,0.44401840490797545,0.9157156842755011,45.58855999999973,10,2,949,-7.900800000000022,-0.008325395152792436,0.42571127502634354,0.9822656542502901,33.48712000000002,14,2,2253,-41.86271999999985,-0.01858087882822896,0.43630714602751886,0.9506599492497594,64.52183999999971,260,-10.02712000000016,0.4461538461538462,261,-17.8234399999999,0.41762452107279696,262,-9.316639999999946,0.4732824427480916,261,1.2805600000001327,0.42911877394636017,260,1.9247200000000566,0.45384615384615384,260,-22.41567999999993,0.4076923076923077,262,9.904719999999944,0.46564885496183206,261,27.989599999999992,0.46360153256704983,166,-23.37944000000003,0.3313253012048193
prev_0959_to_1000,0.0,40.0,12.5,3.2,480,-1.3673059913045655,1304,-32.20335999999985,-0.02469582822085878,0.44171779141104295,0.9206705780038231,44.26975999999985,10,1,949,-18.772719999999936,-0.019781580611169584,0.3898840885142255,0.9604591649747525,61.03776000000001,23,2,2253,-50.976079999999776,-0.022625867731912906,0.41988459831335995,0.9421195090375907,67.90767999999981,260,-10.124560000000166,0.4461538461538462,261,-17.52751999999988,0.41762452107279696,262,-8.008879999999936,0.46564885496183206,261,5.635040000000155,0.42911877394636017,260,-2.177440000000023,0.45,260,-21.279839999999965,0.40384615384615385,262,15.063039999999859,0.46564885496183206,261,15.539280000000144,0.4061302681992337,166,-28.095199999999956,0.22289156626506024
prev_0959_to_1000,0.0,7.5,20.0,0.375,480,-1.3746413221029246,1304,-32.7914,-0.025146779141104296,0.5153374233128835,0.8571784163509141,36.73829999999998,10,0,949,-1.5958999999998458,-0.0016816649104318712,0.6396206533192834,0.9925630878167505,15.591649999999984,9,2,2253,-34.38729999999984,-0.015262893919218748,0.56768752774079,0.9225840279142629,46.025099999999966,260,-6.941000000000087,0.45,261,-14.12069999999993,0.4444444444444444,262,-3.298450000000001,0.5954198473282443,261,-3.7508999999999677,0.5325670498084292,260,-4.680350000000009,0.5538461538461539,260,-9.270849999999939,0.5153846153846153,262,8.635800000000007,0.6641221374045801,261,6.390300000000094,0.7088122605363985,166,-7.351150000000007,0.6867469879518072
prev_0959_to_1000,0.0,12.5,15.0,0.8333333333333334,480,-1.3823388523895828,1304,-34.23573333333333,-0.026254396728016355,0.46855828220858897,0.8956405392740018,40.456933333333296,10,1,949,0.08606666666677576,9.069195644549606e-05,0.5100105374077977,1.0002532222084706,24.007199999999948,9,2,2253,-34.149666666666576,-0.015157419736647392,0.48601864181091875,0.9488732900581062,56.62513333333301,260,-7.805400000000159,0.45,261,-17.782199999999918,0.421455938697318,262,-5.436133333333306,0.5152671755725191,261,0.3832666666667448,0.47126436781609193,260,-3.595266666666699,0.4846153846153846,260,-17.038199999999943,0.4269230769230769,262,1.8763999999999559,0.5152671755725191,261,27.480066666666765,0.5938697318007663,166,-12.23220000000001,0.5
prev_0959_to_1000,0.0,12.5,25.0,0.5,1440,-1.383356251318307,1304,-33.09767999999982,-0.025381656441717654,0.49079754601226994,0.871632143764702,42.80787999999986,10,1,949,8.738840000000113,0.009208472075869455,0.5995785036880927,1.0350930651877972,17.54,8,2,2253,-24.35883999999971,-0.010811735463825882,0.5366178428761651,0.9519410771125177,49.18151999999987,260,-6.141359999999995,0.43846153846153846,261,-19.021719999999934,0.4482758620689655,262,-7.764919999999957,0.5114503816793893,261,-0.1797599999999422,0.5019157088122606,260,0.010080000000008305,0.5538461538461539,260,-12.355920000000006,0.49615384615384617,262,10.87608000000004,0.583969465648855,261,16.258680000000076,0.6934865900383141,166,-6.039999999999999,0.6385542168674698
prev_0959_to_1000,0.0,40.0,25.0,1.6,1440,-1.3874099365799568,1304,-34.20019999999977,-0.026227147239263626,0.4532208588957055,0.8782722678939794,40.70099999999975,12,1,949,40.707920000000186,0.04289559536354077,0.48050579557428874,1.1227030509196365,38.49467999999993,15,2,2253,6.507720000000418,0.0028884687083890006,0.4647137150466045,1.0106211006414458,44.630159999999684,260,-6.253640000000004,0.4346153846153846,261,-15.945439999999909,0.4444444444444444,262,-5.259359999999997,0.44274809160305345,261,1.2560400000001297,0.4521072796934866,260,-7.997799999999999,0.49230769230769234,260,-6.000159999999968,0.47307692307692306,262,32.298200000000065,0.5305343511450382,261,16.507480000000072,0.4904214559386973,166,-2.097599999999982,0.39759036144578314
prev_0959_to_1000,0.0,7.5,20.0,0.375,720,-1.39205955509555,1304,-34.10655000000003,-0.026155329754601248,0.5383435582822086,0.8647266267415828,41.10140000000001,10,1,949,4.842700000000135,0.005102950474183493,0.6575342465753424,1.0219190916795766,14.605250000000002,9,2,2253,-29.263849999999888,-0.01298883710608073,0.5885486018641811,0.9381400008201821,44.818249999999985,260,-8.121799999999984,0.4461538461538462,261,-16.43110000000005,0.46360153256704983,262,1.389100000000031,0.6297709923664122,261,-7.842449999999996,0.5555555555555556,260,-3.1003000000000256,0.5961538461538461,260,-8.317499999999963,0.55,262,12.49315000000006,0.6755725190839694,261,8.018200000000046,0.7279693486590039,166,-7.351150000000007,0.6867469879518072
prev_0959_to_1000,0.0,7.5,30.0,0.25,1440,-1.3946776420810243,1304,-33.066699999999905,-0.025357898773006062,0.553680981595092,0.8263573520083016,37.310366666666596,8,0,949,4.4283333333333825,0.004666315419740129,0.7112750263435195,1.0277178169751966,12.857600000000005,7,2,2253,-28.63836666666652,-0.012711214676727261,0.6200621393697292,0.9182215329120947,45.98176666666659,260,-5.279466666666675,0.45384615384615384,261,-15.006233333333292,0.4827586206896552,262,-0.5575333333333301,0.6412213740458015,261,-4.107233333333297,0.5747126436781609,260,-8.116233333333312,0.6153846153846154,260,-8.699966666666668,0.5846153846153846,262,11.539766666666704,0.7137404580152672,261,4.121866666666681,0.789272030651341,166,-2.533333333333333,0.7831325301204819
prev_0959_to_1000,0.0,12.5,15.0,0.8333333333333334,720,-1.4048182507921094,1304,-32.58166666666662,-0.02498594069529649,0.47699386503067487,0.9114819931127205,46.384933333333116,10,1,949,13.762333333333371,0.014501931858096282,0.5205479452054794,1.0390164014983994,23.06666666666668,9,2,2253,-18.819333333333272,-0.008353010800414236,0.49533954727030627,0.9738914647407141,51.53139999999941,260,-10.3348666666666,0.43846153846153846,261,-20.766933333333355,0.4367816091954023,262,-1.5837999999999677,0.5114503816793893,261,-6.391000000000016,0.47126436781609193,260,6.494933333333306,0.5269230769230769,260,-15.045799999999973,0.45,262,6.451399999999957,0.5152671755725191,261,34.32493333333339,0.6091954022988506,166,-11.968200000000007,0.5
prev_0959_to_1000,0.0,5.0,20.0,0.25,480,-1.4188169497189869,1304,-33.525950000000094,-0.02571008435582829,0.5728527607361963,0.8344998235208452,38.38430000000007,9,0,949,-2.790299999999923,-0.002940252897787063,0.7228661749209695,0.9835215260142921,13.540300000000002,6,3,2253,-36.31625000000001,-0.016119063470927657,0.6360408344429649,0.9023503408814384,38.695350000000005,260,-9.379950000000132,0.46153846153846156,261,-11.412349999999936,0.4827586206896552,262,-4.621150000000022,0.6564885496183206,261,-2.9519499999999885,0.6245210727969349,260,-5.160550000000013,0.6384615384615384,260,0.5038500000000457,0.65,262,2.0115000000000225,0.7251908396946565,261,1.2955000000000148,0.7701149425287356,166,-6.601150000000008,0.7590361445783133
prev_0959_to_1000,0.0,4.0,15.0,0.26666666666666666,720,-1.462108902902484,1304,-35.68853333333351,-0.027368507157464347,0.647239263803681,0.8583245645421838,43.19206666666727,8,1,949,-0.3266666666666742,-0.0003442219880576124,0.7534246575342466,0.9982770824183995,15.346799999999941,3,3,2253,-36.015200000000185,-0.0159854416333778,0.6919662671992899,0.9184261687125755,43.19206666666727,260,-14.318600000000107,0.5038461538461538,261,-13.16979999999999,0.5632183908045977,262,1.6497999999999708,0.7366412213740458,261,-3.6616666666666657,0.7049808429118773,260,-6.18826666666672,0.7269230769230769,260,6.05840000000001,0.7423076923076923,262,0.14686666666667636,0.7480916030534351,261,4.336266666666653,0.7854406130268199,166,-10.868200000000012,0.7289156626506024
prev_0959_to_1000,0.0,5.0,25.0,0.2,1440,-1.4817380599165737,1304,-34.88279999999999,-0.02675061349693251,0.6349693251533742,0.8184679088682133,40.25604000000007,7,0,949,0.11660000000008575,0.0001228661749210598,0.7766069546891464,1.0007991525419089,10.977359999999976,5,2,2253,-34.76619999999991,-0.015431069684864586,0.6946293830448291,0.8971603815533186,42.14195999999972,260,-7.41496000000002,0.5076923076923077,261,-12.365599999999977,0.5708812260536399,262,-3.8080000000000105,0.7137404580152672,261,-1.80355999999998,0.685823754789272,260,-9.49068,0.6961538461538461,260,-1.3568799999999994,0.7076923076923077,262,4.37044000000006,0.7748091603053435,261,0.14304000000002093,0.8237547892720306,166,-3.04,0.8132530120481928
prev_0959_to_1000,0.0,12.5,20.0,0.625,1440,-1.4846495160549793,1304,-34.33539999999978,-0.026330828220858728,0.48849693251533743,0.890435813717207,48.67474999999977,10,1,949,14.893500000000088,0.015693888303477437,0.5785036880927292,1.0502845949048931,20.55,9,2,2253,-19.441899999999702,-0.008629338659564893,0.5264092321349312,0.9681053274400675,54.42494999999978,260,-8.332999999999991,0.43846153846153846,261,-23.464249999999907,0.4482758620689655,262,-4.306199999999955,0.5076335877862596,261,-3.7723499999999364,0.4942528735632184,260,5.540399999999999,0.5538461538461539,260,-15.631449999999983,0.48846153846153845,262,12.85324999999999,0.5725190839694656,261,25.096700000000077,0.6704980842911877,166,-7.425000000000001,0.5843373493975904
prev_0959_to_1000,0.0,10.0,25.0,0.4,1440,-1.502336881814886,1304,-35.431399999999854,-0.027171319018404798,0.5122699386503068,0.8555477422959398,41.262800000000325,10,0,949,6.1833600000001345,0.006515658587987497,0.6438356164383562,1.0274581592745187,16.647599999999983,7,2,2253,-29.24803999999972,-0.012981819795827661,0.56768752774079,0.9378327076369427,49.381800000000574,260,-6.292200000000001,0.4423076923076923,261,-18.13435999999995,0.4559386973180077,262,-1.9371199999999593,0.5687022900763359,261,-3.287119999999957,0.524904214559387,260,-5.780599999999985,0.5692307692307692,260,-10.177760000000017,0.5307692307692308,262,16.710600000000085,0.6564885496183206,261,7.890520000000066,0.7241379310344828,166,-8.24,0.6746987951807228
prev_0959_to_1000,0.0,20.0,20.0,1.0,1440,-1.5077918661900367,1304,-34.40999999999979,-0.02638803680981579,0.4570552147239264,0.8977330681506126,44.70724999999986,10,0,949,33.46105000000004,0.03525927291886201,0.5100105374077977,1.096151931376227,28.53849999999998,13,2,2253,-0.9489499999997655,-0.00042119396360397937,0.4793608521970706,0.9986136074512668,52.918499999999774,260,-7.243350000000009,0.4346153846153846,261,-20.105999999999902,0.4444444444444444,262,-4.980199999999959,0.45038167938931295,261,-0.31669999999991205,0.4559386973180077,260,-1.7637500000000141,0.5,260,-11.43454999999998,0.46923076923076923,262,24.892749999999957,0.5267175572519084,261,25.976850000000034,0.5517241379310345,166,-5.973999999999979,0.4819277108433735
prev_0959_to_1000,0.0,30.0,25.0,1.2,1440,-1.5163387281939698,1304,-35.54775999999974,-0.027260552147239065,0.4539877300613497,0.8730239967263497,42.423239999999794,12,0,949,38.3412800000002,0.04040177028451022,0.49841938883034775,1.1210619092587613,30.09747999999986,10,3,2253,2.7935200000004414,0.0012399112294720113,0.47270306258322237,1.0046818936254576,48.85479999999972,260,-6.253640000000004,0.4346153846153846,261,-16.536359999999906,0.4444444444444444,262,-3.4039999999999706,0.44656488549618323,261,-0.8173999999998713,0.4521072796934866,260,-8.536359999999997,0.49230769230769234,260,-8.9162,0.47307692307692306,262,31.978200000000093,0.5343511450381679,261,14.59168000000007,0.5134099616858238,166,0.6876000000000175,0.4578313253012048
prev_0959_to_1000,0.0,10.0,15.0,0.6666666666666666,720,-1.5180560556511646,1304,-36.772000000000006,-0.02819938650306749,0.4976993865030675,0.895795017816184,45.91606666666658,10,1,949,8.35973333333337,0.008808991921320727,0.5616438356164384,1.0256924321080412,19.06666666666667,9,2,2253,-28.412266666666625,-0.01261085959461457,0.5246338215712384,0.9581099836050753,53.00486666666686,260,-11.040333333333262,0.4423076923076923,261,-20.2588666666667,0.4482758620689655,262,6.789866666666718,0.5687022900763359,261,-8.757866666666715,0.4942528735632184,260,-3.5048000000000448,0.5346153846153846,260,-12.855933333333336,0.4807692307692308,262,14.529200000000024,0.5801526717557252,261,19.1546666666667,0.632183908045977,166,-12.468200000000014,0.5481927710843374
prev_0959_to_1000,0.0,4.0,20.0,0.2,1440,-1.5314969874668543,1304,-35.939750000000046,-0.02756115797546016,0.6756134969325154,0.8263452178648237,42.081650000000096,6,0,949,-5.998449999999943,-0.006320811380400361,0.7924130663856691,0.9615098455985565,16.836399999999937,3,2,2253,-41.93819999999999,-0.018614380825565907,0.7248113626276076,0.8844055609540837,44.37854999999898,260,-10.564950000000021,0.55,261,-14.376799999999971,0.6053639846743295,262,-2.277850000000024,0.7519083969465649,261,-3.159349999999972,0.7203065134099617,260,-5.560800000000051,0.75,260,2.110650000000012,0.7615384615384615,262,1.339250000000024,0.7977099236641222,261,-1.598349999999983,0.8199233716475096,166,-7.849999999999999,0.7891566265060241
prev_0959_to_1000,0.0,25.0,25.0,1.0,1440,-1.5333087832408063,1304,-35.69127999999979,-0.027370613496932355,0.455521472392638,0.8715940176542726,43.4847599999998,10,0,949,36.193160000000205,0.03813820864067461,0.5110642781875658,1.118262980573367,31.53891999999994,10,2,2253,0.5018800000004155,0.00022276076342672683,0.47891699955614736,1.0008593892124231,49.10647999999976,260,-5.79032000000001,0.4346153846153846,261,-15.507799999999918,0.4444444444444444,262,-6.948119999999982,0.45038167938931295,261,-0.9090399999998793,0.4521072796934866,260,-6.536000000000005,0.49615384615384617,260,-9.024359999999996,0.47307692307692306,262,27.739760000000068,0.5343511450381679,261,18.71296000000009,0.5363984674329502,166,-1.235199999999967,0.4939759036144578
prev_0959_to_1000,0.0,40.0,20.0,2.0,1440,-1.5399471111418044,1304,-35.71529999999976,-0.027389033742331103,0.45015337423312884,0.8955124869793977,44.34129999999978,12,0,949,47.578649999999996,0.05013556375131717,0.458377239199157,1.1216474881497078,48.19230000000002,20,2,2253,11.863350000000231,0.005265579227696508,0.4536173990235242,1.016186129402534,50.36444999999967,260,-8.473350000000005,0.4346153846153846,261,-19.618899999999872,0.4444444444444444,262,-1.071350000000006,0.4351145038167939,261,-1.762799999999856,0.4482758620689655,260,-4.788900000000021,0.48846153846153845,260,-7.686749999999938,0.4653846153846154,262,37.49429999999995,0.5229007633587787,261,24.548099999999973,0.45977011494252873,166,-6.7769999999999975,0.3433734939759036
prev_0959_to_1000,0.0,30.0,20.0,1.5,1440,-1.5537369070751066,1304,-37.65744999999971,-0.028878412576686895,0.450920245398773,0.8895073427870718,46.75179999999975,12,1,949,37.84535000000001,0.03987918861959959,0.4720758693361433,1.0998348499675066,42.05,15,2,2253,0.18790000000027618,8.33999112295944e-05,0.45983133599644915,1.000261010793818,55.951649999999674,260,-8.473350000000005,0.4346153846153846,261,-20.35754999999987,0.4444444444444444,262,0.9901500000000283,0.4389312977099237,261,-4.354599999999856,0.4482758620689655,260,-5.462100000000021,0.48846153846153845,260,-11.331799999999976,0.4653846153846154,262,37.344300000000004,0.5267175572519084,261,19.653349999999975,0.4789272030651341,166,-7.820499999999992,0.3855421686746988
prev_0959_to_1000,0.0,50.0,25.0,2.0,1440,-1.5662383400446602,1304,-36.898439999999766,-0.028296349693251354,0.4532208588957055,0.8686685042938324,43.39923999999981,12,0,949,27.776560000000153,0.029269293993677715,0.46680716543730244,1.0807314418793588,45.69315999999991,15,2,2253,-9.121879999999628,-0.004048770528184477,0.45894363071460276,0.9854054067199631,47.054559999999746,260,-6.253640000000004,0.4346153846153846,261,-16.127999999999904,0.4444444444444444,262,-6.342239999999984,0.44274809160305345,261,-1.1477599999998818,0.4521072796934866,260,-7.026800000000005,0.49230769230769234,260,-5.726319999999971,0.47307692307692306,262,33.49528000000005,0.5305343511450382,261,5.905480000000079,0.4674329501915709,166,-5.897880000000008,0.35542168674698793
prev_0959_to_1000,0.0,15.0,12.5,1.2,480,-1.5761328008257807,1304,-38.393280000000075,-0.029442699386503124,0.4516871165644172,0.9032641954405272,47.12639999999974,10,1,949,-23.869199999999953,-0.02515194942044252,0.4499473129610116,0.943751572982129,38.38080000000004,13,2,2253,-62.262480000000025,-0.027635366178428773,0.4509542831779849,0.9241849045079568,71.48015999999966,260,-10.720400000000176,0.4461538461538462,261,-20.171359999999915,0.41762452107279696,262,-8.112640000000027,0.48091603053435117,261,-1.0799199999999516,0.4444444444444444,260,1.6910399999999939,0.46923076923076923,260,-27.180239999999962,0.4076923076923077,262,2.098159999999932,0.4732824427480916,261,30.392320000000105,0.5172413793103449,166,-29.179440000000028,0.37349397590361444
prev_0959_to_1000,0.0,10.0,20.0,0.5,1440,-1.5875224922653737,1304,-38.48939999999984,-0.02951641104294466,0.5099693251533742,0.87140256086297,47.37579999999983,10,1,949,8.882450000000132,0.009359799789251983,0.6206533192834562,1.0328836707453264,18.60584999999999,7,2,2253,-29.606949999999717,-0.01314112294718141,0.5565912117177098,0.9480049657650929,56.375849999999815,260,-8.52155,0.4423076923076923,261,-22.605049999999927,0.4559386973180077,262,1.991700000000037,0.5648854961832062,261,-7.406549999999956,0.5172413793103449,260,-1.9479499999999916,0.5692307692307692,260,-13.281249999999986,0.5230769230769231,262,19.89690000000006,0.6450381679389313,261,12.816800000000057,0.6934865900383141,166,-10.55,0.6204819277108434
prev_0959_to_1000,0.0,5.0,15.0,0.3333333333333333,720,-1.5965912617154665,1304,-38.535200000000216,-0.029551533742331455,0.6012269938650306,0.8632978066746219,47.90426666666701,8,1,949,2.177533333333404,0.0022945556726379386,0.7102212855637513,1.0099406597727558,15.733333333333313,6,3,2253,-36.35766666666682,-0.01613744636780596,0.6471371504660453,0.9274218104137087,47.90426666666701,260,-12.531266666666761,0.4807692307692308,261,-14.280466666666676,0.5172413793103449,262,1.958799999999985,0.6946564885496184,261,-6.218466666666705,0.6475095785440613,260,-7.463800000000059,0.6653846153846154,260,2.9041333333333528,0.6807692307692308,262,2.738666666666732,0.7061068702290076,261,7.336266666666653,0.7547892720306514,166,-10.801533333333346,0.6927710843373494
prev_0959_to_1000,0.0,40.0,15.0,2.6666666666666665,1440,-1.6135431122298356,1304,-38.67333333333295,-0.02965746421267864,0.4424846625766871,0.9122344642444336,49.7321999999996,12,1,949,49.508866666666655,0.05216951176677203,0.4130663856691254,1.1049238255227944,49.15866666666671,23,2,2253,10.8355333333337,0.004809380085811673,0.43009320905459386,1.011874569223304,54.66326666666612,260,-11.614999999999995,0.4346153846153846,261,-20.88659999999985,0.4444444444444444,262,4.60853333333334,0.42366412213740456,261,-0.7491999999997789,0.4444444444444444,260,-10.031066666666677,0.4653846153846154,260,-8.394133333333262,0.45,262,44.52113333333331,0.4847328244274809,261,19.138533333333292,0.38697318007662834,166,-5.756666666666693,0.28313253012048195
prev_0959_to_1000,0.0,4.0,15.0,0.26666666666666666,480,-1.6254850305901851,1304,-38.781600000000104,-0.029740490797546093,0.6134969325153374,0.8383602957909553,43.53606666666717,9,0,949,-5.784199999999905,-0.00609504741833499,0.7397260273972602,0.9696866576642837,17.055399999999974,3,2,2253,-44.565799999999996,-0.019780648024855747,0.6666666666666666,0.8965366258180886,46.96580000000109,260,-14.016333333333495,0.4807692307692308,261,-13.585799999999915,0.5172413793103449,262,-2.334000000000018,0.6946564885496184,261,-1.5495333333332861,0.6781609195402298,260,-7.295933333333389,0.6961538461538461,260,4.049733333333351,0.7076923076923077,262,-2.807533333333266,0.7366412213740458,261,3.8418000000000223,0.7816091954022989,166,-10.868200000000012,0.7289156626506024
prev_0959_to_1000,0.0,30.0,12.5,2.4,720,-1.6335361376973325,1304,-39.38919999999993,-0.030206441717791358,0.4371165644171779,0.9151083996588923,55.622719999999944,10,2,949,2.1328799999999593,0.0022475026343519067,0.3835616438356164,1.004310315559526,55.077999999999975,22,2,2253,-37.25631999999996,-0.016536316023080318,0.4145583666222814,0.9611437992477463,68.67496000000006,260,-14.440159999999906,0.4307692307692308,261,-19.53376,0.42528735632183906,262,1.9163200000000145,0.45038167938931295,261,-11.914080000000013,0.4099616858237548,260,4.5824799999999755,0.46923076923076923,260,-20.88456000000008,0.40384615384615385,262,31.02768000000001,0.44656488549618323,261,17.25080000000002,0.3831417624521073,166,-25.26104,0.25301204819277107
prev_0959_to_1000,0.0,20.0,15.0,1.3333333333333333,1440,-1.6383070498457322,1304,-38.75919999999968,-0.029723312883435337,0.4486196319018405,0.9109695742116999,51.57873333333295,10,1,949,29.502733333333374,0.031088233227959297,0.46048472075869334,1.0685017660208855,33.895799999999774,13,2,2253,-9.25646666666631,-0.004108507175617536,0.4536173990235242,0.9893116532901003,59.78766666666606,260,-9.975000000000003,0.4346153846153846,261,-21.536066666666557,0.4444444444444444,262,-1.6032666666665927,0.4389312977099237,261,1.178933333333478,0.4521072796934866,260,-6.823800000000002,0.47307692307692306,260,-13.391199999999984,0.45384615384615384,262,28.031266666666646,0.48854961832061067,261,28.26266666666672,0.4827586206896552,166,-13.400000000000006,0.39156626506024095
prev_0959_to_1000,0.0,30.0,7.5,4.0,480,-1.6414091583019799,1304,-36.87559999999976,-0.028278834355828033,0.4003067484662577,0.9393318734100418,62.44279999999963,16,2,949,-41.22960000000016,-0.0434453108535302,0.3055848261327713,0.9326467948188766,89.05933333333341,29,2,2253,-78.10519999999991,-0.034667199289835735,0.36040834442964936,0.9359775110500432,89.0593333333334,260,-14.264533333333567,0.4423076923076923,261,-25.199999999999758,0.4061302681992337,262,2.0030666666667765,0.3969465648854962,261,-4.836133333333022,0.36398467432950193,260,5.421999999999814,0.3923076923076923,260,-24.903199999999924,0.35,262,10.279466666666544,0.3702290076335878,261,30.52519999999992,0.3065134099616858,166,-57.13106666666668,0.13253012048192772
prev_0959_to_1000,0.0,25.0,20.0,1.25,1440,-1.6548963671529497,1304,-38.08684999999977,-0.029207707055214548,0.45245398773006135,0.8875877490912794,48.328699999999806,10,0,949,40.46200000000003,0.04263645943098001,0.4868282402528978,1.110478245312108,41.05,15,2,2253,2.3751500000002537,0.001054216600088883,0.4669329782512206,1.003368729470664,56.51624999999974,260,-7.894200000000012,0.4346153846153846,261,-19.07184999999988,0.4444444444444444,262,-3.4399999999999866,0.44274809160305345,261,-4.469149999999866,0.4482758620689655,260,-3.211650000000031,0.49230769230769234,260,-11.466999999999974,0.4653846153846154,262,32.29624999999996,0.5267175572519084,261,28.356750000000005,0.5095785440613027,166,-8.723999999999979,0.42168674698795183
prev_0959_to_1000,0.0,50.0,12.5,4.0,720,-1.6730751579155814,1304,-40.28687999999994,-0.030894846625766824,0.4363496932515337,0.9133604453630895,56.8198399999999,10,2,949,1.6197600000001593,0.0017068071654374702,0.36880927291886195,1.0031832933620155,68.22439999999989,28,2,2253,-38.66711999999979,-0.017162503328894713,0.4079005770084332,0.9602935885029107,68.22439999999987,260,-14.440159999999906,0.4307692307692308,261,-19.57536,0.42528735632183906,262,0.5771200000000145,0.44656488549618323,261,-10.392000000000003,0.4099616858237548,260,3.5435199999999547,0.46923076923076923,260,-17.224160000000047,0.40384615384615385,262,35.68288000000001,0.44274809160305345,261,6.861040000000102,0.3563218390804598,166,-23.699999999999918,0.21686746987951808
prev_0959_to_1000,0.0,30.0,10.0,3.0,480,-1.6736417285540681,1304,-38.04579999999986,-0.02917622699386492,0.42714723926380366,0.9229292156852819,56.3489999999998,10,1,949,-27.61519999999999,-0.029099262381454154,0.35721812434141204,0.9487266323992605,61.72420000000011,23,2,2253,-65.66099999999983,-0.029143808255659046,0.39769196626719927,0.93638949111496,76.97269999999976,260,-11.560300000000188,0.4461538461538462,261,-21.159499999999866,0.41762452107279696,262,-1.948299999999905,0.44274809160305345,261,-9.047899999999755,0.39846743295019155,260,5.670199999999868,0.4307692307692308,260,-24.537399999999955,0.38076923076923075,262,3.3623999999999796,0.4122137404580153,261,35.90810000000002,0.38697318007662834,166,-42.34830000000002,0.18674698795180722
prev_0959_to_1000,0.0,50.0,20.0,2.5,1440,-1.6755978922596755,1304,-39.08809999999975,-0.029975536809815757,0.45015337423312884,0.885645133662587,47.714099999999775,12,0,949,35.41444999999996,0.03731765015806107,0.44678609062170704,1.0882062227013192,56.22165000000004,27,2,2253,-3.673649999999796,-0.0016305592543274727,0.44873501997336884,0.9950577154810626,56.22165000000004,260,-8.473350000000005,0.4346153846153846,261,-19.847099999999866,0.4444444444444444,262,-2.4249499999999897,0.4351145038167939,261,-4.767549999999867,0.4482758620689655,260,-3.5751500000000287,0.48846153846153845,260,-7.344449999999936,0.4653846153846154,262,38.490649999999945,0.5229007633587787,261,15.295599999999988,0.44061302681992337,166,-11.027350000000027,0.3072289156626506
prev_0959_to_1000,0.0,7.5,15.0,0.5,480,-1.694020070218667,1304,-40.47973333333336,-0.031042740286298588,0.5107361963190185,0.8654492610518693,45.7348666666667,10,0,949,-3.969266666666436,-0.004182578152440923,0.6080084299262382,0.9855942344999933,16.066666666666666,9,2,2253,-44.4489999999998,-0.01972880603639583,0.5517088326675543,0.9228830442283648,55.915599999999856,260,-9.30960000000012,0.45,261,-17.523733333333226,0.4444444444444444,262,-0.2145333333333237,0.5877862595419847,261,-4.928199999999969,0.5287356321839081,260,-8.503666666666717,0.5423076923076923,260,-11.457866666666572,0.5115384615384615,262,5.679933333333369,0.6297709923664122,261,11.443533333333441,0.6743295019157088,166,-9.634866666666674,0.6204819277108434
prev_0959_to_1000,0.0,15.0,15.0,1.0,1440,-1.6974495908741072,1304,-40.85953333333299,-0.03133399795500996,0.46549079754601225,0.9028407476829899,51.53839999999971,10,1,949,9.995933333333433,0.010533122585177485,0.49631190727081137,1.0249349473583733,29.066666666666666,13,2,2253,-30.863599999999543,-0.01369889036839749,0.47847314691522413,0.9624266363993842,67.99193333333295,260,-11.457399999999993,0.4346153846153846,261,-25.222399999999865,0.4444444444444444,262,1.2828666666667377,0.4732824427480916,261,-3.049933333333213,0.47509578544061304,260,-2.412666666666656,0.5,260,-21.735866666666652,0.45384615384615384,262,14.490466666666695,0.5038167938931297,261,34.30800000000006,0.5632183908045977,166,-17.066666666666666,0.4457831325301205
prev_0959_to_1000,0.0,5.0,20.0,0.25,1440,-1.7109553630432734,1304,-39.853650000000016,-0.03056261503067486,0.6319018404907976,0.83073222102521,48.0702,7,0,949,-0.5624999999999307,-0.0005927291886195265,0.7576396206533192,0.9968503090476766,13.962999999999987,5,2,2253,-40.416149999999945,-0.01793881491344871,0.6848646249445184,0.902385008271014,48.0702,260,-9.925000000000022,0.5076923076923077,261,-16.081099999999957,0.5708812260536399,262,-2.03915000000003,0.7061068702290076,261,-4.586949999999991,0.6781609195402298,260,-7.221450000000015,0.6961538461538461,260,-0.2508499999999807,0.7038461538461539,262,4.386700000000031,0.767175572519084,261,2.851650000000017,0.8007662835249042,166,-7.550000000000001,0.7590361445783133
prev_0959_to_1000,0.0,30.0,15.0,2.0,1440,-1.7115504646431585,1304,-40.9295333333329,-0.03138767893660498,0.4432515337423313,0.9069029529364392,52.61286666666627,12,1,949,36.142733333333354,0.038085072005619974,0.4246575342465753,1.0784253337634515,52.29633333333328,22,2,2253,-4.786799999999538,-0.0021246338215710333,0.43541944074567246,0.9946842809979599,61.67226666666617,260,-11.614999999999995,0.4346153846153846,261,-21.87146666666651,0.4444444444444444,262,7.023866666666725,0.42748091603053434,261,-4.204933333333109,0.4444444444444444,260,-10.262000000000004,0.4653846153846154,260,-13.254199999999976,0.45,262,44.20646666666673,0.48854961832061067,261,16.052466666666625,0.4061302681992337,166,-10.86200000000002,0.3132530120481928
prev_0959_to_1000,0.0,40.0,12.5,3.2,720,-1.7459224084715328,1304,-40.35791999999996,-0.030949325153374202,0.4363496932515337,0.9132076692245202,56.890879999999896,10,1,949,1.3867200000000697,0.0014612434141201998,0.37407797681770283,1.0027523486422605,63.586799999999926,23,2,2253,-38.97119999999988,-0.017297470039946687,0.41011984021304926,0.9597748036385496,66.78191999999996,260,-14.440159999999906,0.4307692307692308,261,-18.73376,0.42528735632183906,262,-1.25111999999999,0.44656488549618323,261,-8.676400000000012,0.4099616858237548,260,2.743519999999954,0.46923076923076923,260,-18.022800000000043,0.40384615384615385,262,34.288720000000005,0.44274809160305345,261,10.884800000000109,0.367816091954023,166,-25.76400000000001,0.2289156626506024
prev_0959_to_1000,0.0,7.5,15.0,0.5,720,-1.7618668764450685,1304,-43.36726666666668,-0.033257106339468316,0.5322085889570553,0.8688050045811732,50.60886666666665,10,1,949,5.142266666666792,0.00541861608710937,0.6206533192834562,1.018368548807488,16.066666666666666,9,2,2253,-38.224999999999895,-0.01696626719928979,0.5694629383044829,0.9373879343669399,56.070799999999906,260,-10.63006666666664,0.4461538461538462,261,-19.60260000000003,0.46360153256704983,262,5.416800000000041,0.6221374045801527,261,-9.813200000000037,0.5517241379310345,260,-8.73820000000002,0.5769230769230769,260,-9.98159999999995,0.5384615384615384,262,10.99293333333338,0.6374045801526718,261,13.765800000000038,0.685823754789272,166,-9.634866666666674,0.6204819277108434
prev_0959_to_1000,0.0,25.0,15.0,1.6666666666666667,1440,-1.7663156792891919,1304,-41.83539999999964,-0.032082361963189907,0.4447852760736196,0.9044076338501219,55.04873333333306,10,1,949,40.653800000000075,0.042838566912539594,0.4383561643835616,1.0905951758399794,43.400000000000055,15,2,2253,-1.1815999999995626,-0.0005244562805146749,0.4420772303595206,0.9986669450508195,62.75839999999969,260,-10.842800000000006,0.4346153846153846,261,-20.15719999999986,0.4444444444444444,262,0.7836666666667069,0.4312977099236641,261,-4.357666666666452,0.4444444444444444,260,-7.261400000000015,0.46923076923076923,260,-13.434466666666637,0.45,262,38.2404,0.48854961832061067,261,28.914533333333356,0.4367816091954023,166,-13.06666666666666,0.3433734939759036
prev_0959_to_1000,0.0,5.0,15.0,0.3333333333333333,480,-1.7670780859423338,1304,-42.10513333333348,-0.03228921267893672,0.5690184049079755,0.8416118958913891,47.71453333333344,9,0,949,-2.926866666666541,-0.003084158763610686,0.6965226554267651,0.9865482997937042,15.733333333333325,6,3,2253,-45.03200000000002,-0.01998757212605416,0.6227252552152686,0.9068467783407591,47.8707999999985,260,-12.561533333333518,0.46153846153846156,261,-13.912599999999902,0.4827586206896552,262,-3.605066666666687,0.648854961832061,261,-3.7463999999999817,0.6206896551724138,260,-8.279533333333383,0.6307692307692307,260,1.0954000000000574,0.65,262,0.2986000000000417,0.6946564885496184,261,6.480666666666696,0.7471264367816092,166,-10.801533333333346,0.6927710843373494
prev_0959_to_1000,0.0,25.0,10.0,2.5,480,-1.7679172519662525,1304,-39.99979999999987,-0.030674693251533644,0.4279141104294479,0.9188064488300461,59.63419999999984,10,1,949,-21.166799999999974,-0.022304320337197023,0.3656480505795574,0.9601647775166654,60.72420000000011,23,2,2253,-61.166599999999846,-0.02714895694629376,0.4016866400355082,0.9402673655164655,75.0155999999998,260,-11.560300000000188,0.4461538461538462,261,-21.02379999999987,0.41762452107279696,262,-7.4656999999999485,0.44274809160305345,261,-9.460199999999757,0.39846743295019155,260,9.510199999999898,0.4346153846153846,260,-22.678699999999978,0.38076923076923075,262,4.081000000000039,0.4122137404580153,261,40.77919999999999,0.40229885057471265,166,-43.34830000000002,0.21084337349397592
prev_0959_to_1000,0.0,7.5,25.0,0.3,1440,-1.7733674273943087,1304,-42.0668799999999,-0.032259877300613415,0.5513803680981595,0.8171023984275643,47.95928000000006,8,0,949,8.69496000000009,0.009162233930453205,0.7017913593256059,1.0468385376871239,13.025879999999974,7,2,2253,-33.371919999999804,-0.01481221482467812,0.6147359076786507,0.9197094095350578,55.19044000000066,260,-6.135360000000011,0.45384615384615384,261,-18.465599999999952,0.4827586206896552,262,-3.741879999999991,0.6297709923664122,261,-5.5322799999999654,0.5747126436781609,260,-8.191759999999984,0.6153846153846154,260,-8.874640000000001,0.5846153846153846,262,13.003880000000063,0.7099236641221374,261,8.405720000000034,0.7816091954022989,166,-3.8400000000000007,0.7469879518072289
prev_0959_to_1000,0.0,15.0,12.5,1.2,720,-1.8008813365860767,1304,-41.341680000000096,-0.03170374233128842,0.45475460122699385,0.9079913662286216,59.1223199999997,10,1,949,-19.436319999999995,-0.02048084299262381,0.44678609062170704,0.9563170808100022,38.13600000000001,13,2,2253,-60.7780000000001,-0.026976475810031115,0.45139813581890814,0.9320357968211833,75.15543999999947,260,-14.033279999999905,0.4307692307692308,261,-21.900800000000036,0.42911877394636017,262,-3.802000000000045,0.4770992366412214,261,-12.692480000000051,0.4329501915708812,260,11.086879999999944,0.5038461538461538,260,-27.241840000000046,0.4115384615384615,262,4.267919999999991,0.4618320610687023,261,32.79864000000005,0.5134099616858238,166,-29.261039999999994,0.37349397590361444
prev_0959_to_1000,0.0,20.0,12.5,1.6,720,-1.8124537925786561,1304,-42.30072000000005,-0.032439202453987764,0.4409509202453988,0.908178591206585,57.87631999999988,10,1,949,1.3428799999999903,0.0014150474183350793,0.4130663856691254,1.0028649480619356,33.42039999999998,13,2,2253,-40.95784000000006,-0.01817924545051046,0.42920550377274747,0.9559314605109999,69.85919999999992,260,-13.258479999999908,0.4307692307692308,261,-17.912800000000022,0.42911877394636017,262,-9.264240000000022,0.4541984732824427,261,-8.989600000000063,0.41379310344827586,260,7.124399999999972,0.47692307692307695,260,-20.013840000000073,0.4076923076923077,262,19.454159999999995,0.44656488549618323,261,25.36360000000004,0.4367816091954023,166,-23.461039999999993,0.3313253012048193
prev_0959_to_1000,0.0,50.0,15.0,3.3333333333333335,1440,-1.820613631765219,1304,-43.83706666666628,-0.03361738241308764,0.4424846625766871,0.9005158513544436,54.895933333333005,12,1,949,50.66966666666668,0.05339269406392695,0.40463645943098,1.1057031835635718,55.462399999999924,27,3,2253,6.83260000000039,0.0030326675543721217,0.42654238792720817,1.0074267251380546,59.3705999999995,260,-11.614999999999995,0.4346153846153846,261,-21.190866666666505,0.4444444444444444,262,2.8037333333333674,0.42366412213740456,261,-4.755533333333128,0.4444444444444444,260,-9.079400000000017,0.4653846153846154,260,-7.937733333333259,0.45,262,45.182933333333295,0.4847328244274809,261,13.282933333333311,0.3716475095785441,166,0.1415333333333102,0.25903614457831325
prev_0959_to_1000,0.0,50.0,10.0,5.0,480,-1.829777914703167,1304,-42.32439999999991,-0.032457361963190115,0.4263803680981595,0.9144352291278133,59.359199999999824,10,1,949,-25.305399999999885,-0.026665331928345505,0.34562697576396206,0.9539556569325801,69.20720000000006,29,2,2253,-67.62979999999978,-0.030017665335108645,0.39236573457612073,0.9352350825977793,79.5914999999998,260,-11.560300000000188,0.4461538461538462,261,-20.770199999999864,0.41762452107279696,262,-5.624499999999923,0.4389312977099237,261,-7.334799999999765,0.39846743295019155,260,2.9653999999998453,0.4307692307692308,260,-22.993599999999972,0.38076923076923075,262,13.227799999999936,0.4122137404580153,261,26.023700000000147,0.367816091954023,166,-41.563299999999984,0.15060240963855423
prev_0959_to_1000,0.0,25.0,7.5,3.3333333333333335,480,-1.8354919910256284,1304,-39.774133333333076,-0.030501635991819844,0.40107361963190186,0.9344553409912628,66.0209333333329,16,1,949,-24.8344000000001,-0.026169020021074924,0.31401475237091675,0.9589402204104521,81.39266666666676,24,2,2253,-64.60853333333318,-0.028676668146175404,0.3644030181979583,0.9466776767214483,81.3926666666667,260,-14.264533333333567,0.4423076923076923,261,-25.01906666666643,0.4061302681992337,262,-4.217999999999937,0.3969465648854962,261,-5.385866666666358,0.36398467432950193,260,9.113333333333202,0.39615384615384613,260,-22.424933333333286,0.35,262,11.904266666666631,0.3702290076335878,261,39.4839999999999,0.3218390804597701,166,-53.79773333333335,0.1566265060240964
prev_0959_to_1000,0.0,12.5,15.0,0.8333333333333334,1440,-1.8667684503265507,1304,-44.861133333332965,-0.034402709611451664,0.4785276073619632,0.8904318786493296,56.22766666666581,10,1,949,15.571933333333465,0.016408781173164876,0.5331928345626976,1.0421569248523161,23.990199999999994,9,2,2253,-29.2891999999995,-0.013000088770527963,0.5015534842432312,0.9623926672300863,68.11059999999875,260,-11.427866666666645,0.43846153846153846,261,-26.013733333333217,0.4482758620689655,262,-3.6519999999999175,0.49236641221374045,261,-4.3046666666665505,0.4904214559386973,260,0.5371333333333688,0.5230769230769231,260,-18.463133333333303,0.47307692307692306,262,11.211466666666674,0.5305343511450382,261,35.72360000000008,0.6168582375478927,166,-12.899999999999995,0.5
prev_0959_to_1000,0.0,25.0,12.5,2.0,720,-1.8668643487928902,1304,-43.406400000000005,-0.033287116564417185,0.4378834355828221,0.9062484773023448,59.829999999999956,10,1,949,-0.37328000000012374,-0.0003933403582719955,0.39304531085353,0.9992328022579879,52.76440000000002,15,2,2253,-43.77968000000011,-0.01943172658677324,0.41899689303151355,0.9538939954335977,72.92400000000005,260,-14.440159999999906,0.4307692307692308,261,-17.71016000000003,0.42528735632183906,262,-5.961200000000007,0.45038167938931295,261,-11.637760000000016,0.4099616858237548,260,6.34287999999997,0.47307692307692306,260,-21.116400000000084,0.40384615384615385,262,26.970799999999922,0.44656488549618323,261,23.03336000000003,0.40229885057471265,166,-29.26103999999999,0.27710843373493976
prev_0959_to_1000,0.0,20.0,10.0,2.0,480,-1.8680970114976068,1304,-43.443299999999894,-0.03331541411042937,0.42868098159509205,0.9116373011151284,59.92839999999984,10,1,949,-21.58949999999993,-0.022749736564804984,0.3804004214963119,0.9583340490110236,49.39750000000013,16,2,2253,-65.03279999999981,-0.028864980026631074,0.4083444296493564,0.9355986169202671,79.11149999999988,260,-11.43850000000018,0.4461538461538462,261,-20.529399999999896,0.41762452107279696,262,-8.302499999999963,0.44656488549618323,261,-10.015999999999776,0.39846743295019155,260,6.843099999999938,0.4346153846153846,260,-24.350599999999915,0.38461538461538464,262,3.0902000000000056,0.4122137404580153,261,39.0192,0.42528735632183906,166,-39.34830000000002,0.25301204819277107
prev_0959_to_1000,0.0,4.0,15.0,0.26666666666666666,1440,-1.8697243104830827,1304,-44.39433333333335,-0.034044734151329255,0.6687116564417178,0.8355902643186814,50.89526666666712,6,0,949,-6.060799999999957,-0.006386512118018922,0.7608008429926238,0.9693673938226671,17.083999999999996,3,3,2253,-50.45513333333331,-0.022394644178132847,0.7075011096316023,0.8921615592471869,53.12180000000114,260,-14.403800000000018,0.55,261,-15.990933333333308,0.6053639846743295,262,-0.12866666666670534,0.7404580152671756,261,-3.2515999999999496,0.7164750957854407,260,-10.619333333333367,0.7307692307692307,260,2.0488666666666746,0.7461538461538462,262,0.3548000000000171,0.7633587786259542,261,3.335533333333353,0.7931034482758621,166,-11.800000000000004,0.7289156626506024
prev_0959_to_1000,0.0,40.0,10.0,4.0,480,-1.8799805184593334,1304,-43.57769999999992,-0.03341848159509196,0.4263803680981595,0.9119015056176369,60.61249999999982,10,1,949,-28.162199999999913,-0.029675658587987264,0.3498419388830348,0.9483818913772968,72.05220000000003,29,2,2253,-71.7398999999998,-0.031841944074567155,0.3941411451398136,0.9310349170105873,83.13309999999974,260,-11.560300000000188,0.4461538461538462,261,-20.159499999999866,0.41762452107279696,262,-6.3373999999999375,0.4389312977099237,261,-7.485899999999763,0.39846743295019155,260,1.9653999999998453,0.4307692307692308,260,-22.930799999999955,0.38076923076923075,262,9.641899999999897,0.4122137404580153,261,30.83500000000013,0.37547892720306514,166,-45.708299999999966,0.16265060240963855
prev_0959_to_1000,0.0,20.0,7.5,2.6666666666666665,480,-1.8840749077017191,1304,-42.04853333333314,-0.032245807770961,0.401840490797546,0.9305929303669026,64.76293333333315,16,1,949,-24.239866666666682,-0.025542536002809993,0.32771338250790305,0.9590933801114429,72.72600000000007,21,2,2253,-66.2883999999998,-0.029422281402574257,0.3706169551708833,0.9446854899086342,79.92986666666656,260,-14.102133333333558,0.4423076923076923,261,-24.359866666666466,0.4061302681992337,262,-3.6670666666666323,0.40076335877862596,261,-5.958533333333074,0.36398467432950193,260,6.039066666666589,0.39615384615384613,260,-25.215466666666575,0.35384615384615387,262,10.176933333333293,0.3702290076335878,261,39.263066666666646,0.3448275862068966,166,-48.464400000000026,0.1927710843373494
prev_0959_to_1000,0.0,10.0,12.5,0.8,480,-1.8844742091798854,1304,-45.00080000000006,-0.03450981595092029,0.473159509202454,0.8813609439999863,51.41144000000049,10,0,949,-20.692879999999946,-0.021804931506849257,0.5152792413066386,0.9450914035878744,30.07999999999997,9,2,2253,-65.69368,-0.02915831335996449,0.4909010208610741,0.9131230142004241,71.47688000000078,260,-11.234960000000138,0.4461538461538462,261,-19.46495999999992,0.42528735632183906,262,-2.8605599999999827,0.5267175572519084,261,-7.975119999999981,0.47126436781609193,260,-3.4652000000000385,0.49615384615384617,260,-22.985039999999987,0.4423076923076923,262,10.303039999999964,0.549618320610687,261,15.750960000000084,0.5823754789272031,166,-23.761840000000014,0.46987951807228917
prev_0959_to_1000,0.0,50.0,7.5,6.666666666666667,480,-1.8859081340003099,1304,-41.74733333333315,-0.03201482617586898,0.3995398773006135,0.9314296589254889,65.62333333333306,16,1,949,-12.683600000000132,-0.013365226554267789,0.2982086406743941,0.9795141692209258,80.8300000000001,29,2,2253,-54.430933333333286,-0.02415931350791535,0.35685752330226367,0.9556738747616925,80.83000000000011,260,-14.264533333333567,0.4423076923076923,261,-24.680933333333087,0.4061302681992337,262,-2.0654666666665764,0.3931297709923664,261,-2.5519999999997083,0.36398467432950193,260,1.8155999999997832,0.3923076923076923,260,-22.844799999999942,0.35,262,20.766666666666485,0.3702290076335878,261,29.404266666666686,0.2950191570881226,166,-40.009733333333365,0.10843373493975904
prev_0959_to_1000,0.0,40.0,7.5,5.333333333333333,480,-1.9606965263020055,1304,-43.617599999999825,-0.033449079754601097,0.3995398773006135,0.9283577304214657,67.4935999999997,16,1,949,-27.139333333333504,-0.028597822269055325,0.3013698630136986,0.9559526609855633,93.80200000000013,29,2,2253,-70.75693333333334,-0.031405651723627755,0.3581890812250333,0.9422375908842244,93.8020000000001,260,-14.264533333333567,0.4423076923076923,261,-23.866666666666426,0.4061302681992337,262,-3.2151999999999172,0.3931297709923664,261,-2.7534666666663696,0.36398467432950193,260,0.48226666666644746,0.3923076923076923,260,-22.761066666666586,0.35,262,17.318799999999765,0.3702290076335878,261,31.979333333333365,0.30268199233716475,166,-53.676400000000044,0.1144578313253012
prev_0959_to_1000,0.0,12.5,12.5,1.0,480,-1.9789374218028821,1304,-47.07784000000004,-0.036102638036809846,0.4578220858895706,0.8800207796825593,54.47008000000003,10,0,949,-22.337599999999995,-0.023538040042149627,0.47523709167544786,0.9446917379495257,34.12040000000006,9,2,2253,-69.41544000000003,-0.030810226364846885,0.46515756768752775,0.9128229117342191,79.05688000000004,260,-10.30360000000019,0.4461538461538462,261,-20.043999999999908,0.41762452107279696,262,-10.623200000000015,0.49236641221374045,261,-5.848959999999934,0.4559386973180077,260,-0.258079999999989,0.47692307692307695,260,-26.993999999999993,0.4115384615384615,262,0.8095999999999535,0.49236641221374045,261,28.325440000000057,0.5555555555555556,166,-24.478640000000013,0.42168674698795183
prev_0959_to_1000,0.0,30.0,7.5,4.0,720,-1.9921866668595423,1304,-45.455866666666566,-0.03485879345603264,0.3773006134969325,0.9322952113794902,71.76799999999989,15,2,949,-10.25253333333379,-0.010803512469266375,0.2929399367755532,0.9837331331795505,91.81133333333334,29,2,2253,-55.70840000000034,-0.024726320461606898,0.3417665335108744,0.9572018458152787,91.81133333333334,260,-21.604533333333258,0.4153846153846154,261,-19.780400000000007,0.39846743295019155,262,6.104000000000117,0.3549618320610687,261,-16.360533333333386,0.3486590038314176,260,6.185599999999976,0.36923076923076925,260,-18.98706666666673,0.3423076923076923,262,40.158933333333124,0.3473282442748092,261,26.250666666666497,0.29118773946360155,166,-57.67506666666668,0.13253012048192772
prev_0959_to_1000,0.0,15.0,10.0,1.5,480,-1.9977642497394288,1304,-47.75690000000016,-0.03662338957055227,0.4371165644171779,0.9013443326944535,60.62510000000006,10,1,949,-30.332999999999856,-0.03196311907270796,0.4077976817702845,0.9385153814922647,53.099999999999994,16,1,2253,-78.08990000000001,-0.034660408344429655,0.4247669773635153,0.9201060547697278,88.75560000000014,260,-12.305100000000197,0.4461538461538462,261,-23.464299999999913,0.41762452107279696,262,-6.0719000000000305,0.4580152671755725,261,-11.966599999999875,0.41379310344827586,260,6.050999999999863,0.45,260,-30.306299999999943,0.38461538461538464,262,-6.408000000000015,0.4198473282442748,261,46.22960000000012,0.48659003831417624,166,-39.848300000000016,0.30120481927710846
prev_0959_to_1000,0.0,7.5,20.0,0.375,1440,-2.0145208391087035,1304,-47.4589499999999,-0.03639490030674839,0.549079754601227,0.8312590465605206,55.824449999999906,8,0,949,6.077100000000091,0.006403688092729285,0.6775553213909379,1.0265917599718557,15.230849999999986,7,2,2253,-41.38184999999981,-0.0183674434087882,0.6031957390146472,0.9188251356205002,63.12024999999987,260,-8.32550000000001,0.45384615384615384,261,-23.019099999999924,0.4827586206896552,262,-0.6392500000000054,0.6259541984732825,261,-9.962999999999964,0.5670498084291188,260,-5.5120999999999984,0.6153846153846154,260,-11.314199999999982,0.5769230769230769,262,15.428500000000032,0.7022900763358778,261,10.262800000000038,0.7471264367816092,166,-8.3,0.6867469879518072
prev_0959_to_1000,0.0,4.0,12.5,0.32,720,-2.019833323899343,1304,-47.16208000000013,-0.03616723926380378,0.6349693251533742,0.8437387182739968,57.1394399999999,8,0,949,-12.732240000000045,-0.013416480505795622,0.7218124341412012,0.944759371986813,24.706879999999998,4,2,2253,-59.89432000000016,-0.026584252108300115,0.6715490457168221,0.8874806500966363,63.20335999999976,260,-18.253200000000124,0.5,261,-15.051519999999996,0.5593869731800766,262,-3.005920000000021,0.7099236641221374,261,-7.283279999999975,0.685823754789272,260,-3.568160000000006,0.7192307692307692,260,3.6311199999999575,0.7230769230769231,262,-2.9776000000000007,0.7175572519083969,261,4.2560800000000025,0.7586206896551724,166,-17.64184000000001,0.6686746987951807
prev_0959_to_1000,0.0,10.0,15.0,0.6666666666666666,1440,-2.0341592328374114,1304,-49.51479999999976,-0.03797147239263785,0.5007668711656442,0.8733329717793478,59.18113333333376,10,1,949,9.286866666666754,0.009785950122936517,0.5774499473129611,1.0274462873144736,20.04673333333335,7,2,2253,-40.227933333333,-0.01785527444888282,0.5330670217487794,0.9448381053025151,69.69793333333399,260,-11.67926666666666,0.4423076923076923,261,-25.20146666666659,0.4559386973180077,262,4.597133333333392,0.5534351145038168,261,-8.283866666666597,0.5134099616858238,260,-8.9473333333333,0.5384615384615384,260,-15.356733333333331,0.5115384615384615,262,16.69320000000006,0.5954198473282443,261,21.350400000000043,0.6436781609195402,166,-13.400000000000006,0.5481927710843374
prev_0959_to_1000,0.0,5.0,15.0,0.3333333333333333,1440,-2.0384648202061273,1304,-47.91539999999998,-0.03674493865030673,0.6242331288343558,0.8430925609171717,56.943933333332645,7,0,949,-3.329199999999936,-0.0035081138040041478,0.7207586933614331,0.985463984954593,16.733333333333324,5,2,2253,-51.24459999999993,-0.022745051043053674,0.6648912561029738,0.9041090199788627,56.943933333332645,260,-13.550533333333354,0.5076923076923077,261,-17.208866666666626,0.5708812260536399,262,-1.1781333333333723,0.6908396946564885,261,-4.057266666666638,0.6743295019157088,260,-11.92059999999999,0.676923076923077,260,-1.2327999999999846,0.6884615384615385,262,3.1680666666666895,0.7290076335877863,261,6.468866666666685,0.7624521072796935,166,-11.733333333333336,0.6927710843373494
prev_0959_to_1000,0.0,15.0,7.5,2.0,480,-2.040691173471272,1304,-48.95733333333344,-0.03754396728016368,0.40950920245398775,0.9180399041514645,67.51586666666661,16,2,949,-39.54986666666655,-0.04167530734106065,0.35089567966280294,0.9307278105804127,71.26733333333334,18,1,2253,-88.50719999999997,-0.03928415446071903,0.3848202396804261,0.9242405151705231,96.85146666666658,260,-15.257600000000247,0.4423076923076923,261,-28.273066666666487,0.4061302681992337,262,0.30706666666661864,0.4122137404580153,261,-11.526666666666493,0.37547892720306514,260,5.792933333333167,0.4115384615384615,260,-33.679066666666586,0.35384615384615387,262,-0.35666666666672286,0.37786259541984735,261,45.61693333333344,0.39846743295019155,166,-51.13106666666669,0.2289156626506024
prev_0959_to_1000,0.0,30.0,10.0,3.0,720,-2.0418739663289363,1304,-48.84650000000004,-0.03745897239263807,0.41411042944785276,0.9119130255075598,67.7783,10,2,949,1.3698999999998485,0.001443519494204266,0.3445732349841939,1.0024553527819833,63.84749999999995,23,2,2253,-47.4766000000002,-0.021072614292055127,0.3848202396804261,0.9573224748948198,81.35360000000016,260,-18.969699999999946,0.4269230769230769,261,-20.225299999999994,0.421455938697318,262,3.2100000000000355,0.4083969465648855,261,-23.431600000000092,0.37547892720306514,260,10.570099999999956,0.43846153846153846,260,-19.38180000000009,0.38076923076923075,262,26.648599999999945,0.3931297709923664,261,36.85940000000001,0.36015325670498083,166,-42.75630000000001,0.18674698795180722
prev_0959_to_1000,0.0,4.0,12.5,0.32,480,-2.0623537891422514,1304,-49.22904000000008,-0.03775233128834362,0.6035276073619632,0.8282505961631205,55.68055999999986,9,0,949,-15.680879999999988,-0.0165235827186512,0.7154899894625922,0.9319276959894813,26.10335999999994,4,2,2253,-64.90992000000007,-0.028810439414114545,0.650687971593431,0.8744462746997421,67.78991999999971,260,-17.076720000000186,0.47692307692307695,261,-15.245679999999881,0.5134099616858238,262,-6.34024000000001,0.6755725190839694,261,-5.69231999999996,0.6628352490421456,260,-4.874080000000048,0.6884615384615385,260,1.9967199999999719,0.7,262,-4.223039999999945,0.7175572519083969,261,4.187279999999993,0.7586206896551724,166,-17.64184000000001,0.6686746987951807
prev_0959_to_1000,0.0,20.0,12.5,1.6,1440,-2.0794390746167566,1304,-48.82575999999959,-0.037443067484662265,0.4348159509202454,0.9043094173511214,65.00919999999945,10,1,949,-4.020479999999971,-0.00423654373024233,0.4130663856691254,0.991968983041476,36.679999999999964,13,2,2253,-52.84623999999956,-0.023455943186861766,0.4256546826453617,0.9477217775250927,82.73135999999944,260,-13.385759999999955,0.4307692307692308,261,-24.0127999999999,0.44061302681992337,262,-9.562879999999927,0.4122137404580153,261,-1.916959999999854,0.42528735632183906,260,0.05264000000003044,0.4653846153846154,260,-23.9728,0.41923076923076924,262,22.84695999999999,0.44656488549618323,261,21.78536000000004,0.42911877394636017,166,-24.68,0.3253012048192771
prev_0959_to_1000,0.0,12.5,12.5,1.0,720,-2.0859904812955796,1304,-47.69824000000002,-0.036578404907975474,0.46549079754601225,0.8918446103885973,67.97015999999999,10,1,949,-16.23792000000001,-0.017110558482613288,0.47523709167544786,0.9614042733794564,34.668560000000085,9,2,2253,-63.936160000000044,-0.028378233466489145,0.4695960940967599,0.925805218390382,81.13968000000006,260,-14.152719999999919,0.4346153846153846,261,-23.34880000000006,0.4329501915708812,262,-8.332480000000015,0.48854961832061067,261,-14.231760000000031,0.4521072796934866,260,12.367520000000004,0.5192307692307693,260,-27.57912000000004,0.41923076923076924,262,3.1608799999999975,0.4847328244274809,261,32.342160000000035,0.5555555555555556,166,-24.161840000000012,0.42168674698795183
prev_0959_to_1000,0.0,7.5,12.5,0.6,480,-2.0979136671686236,1304,-50.38559999999999,-0.038639263803680976,0.5023006134969326,0.8592155348868608,56.439359999999496,10,0,949,-16.166399999999904,-0.017035194942044155,0.5785036880927292,0.9506463983447204,23.00167999999984,9,2,2253,-66.55199999999991,-0.029539280958721662,0.534398579671549,0.9029082135403068,72.51951999999977,260,-11.708640000000143,0.4461538461538462,261,-20.00319999999987,0.44061302681992337,262,-2.502239999999982,0.5725190839694656,261,-10.126319999999978,0.5172413793103449,260,-6.045200000000021,0.5346153846153846,260,-18.665359999999964,0.49615384615384617,262,4.312240000000003,0.6030534351145038,261,11.948560000000068,0.6436781609195402,166,-13.76184000000001,0.5662650602409639
prev_0959_to_1000,0.0,4.0,10.0,0.4,720,-2.1040903672417786,1304,-51.79950000000025,-0.039723542944785466,0.6173312883435583,0.8567695299949061,65.32120000000108,8,2,949,-19.093800000000048,-0.020119915700737668,0.6828240252897787,0.9310928967270405,29.690500000000007,4,2,2253,-70.8933000000003,-0.03146617842876178,0.6449178872614292,0.8890117859018178,75.52960000000175,260,-23.108000000000196,0.49615384615384617,261,-15.688999999999988,0.5555555555555556,262,1.2347999999999937,0.6908396946564885,261,-14.572000000000049,0.6475095785440613,260,0.33469999999999445,0.6961538461538461,260,1.9602999999999826,0.6884615384615385,262,-6.543600000000021,0.6793893129770993,261,8.291800000000011,0.7279693486590039,166,-22.80230000000001,0.608433734939759
prev_0959_to_1000,0.0,40.0,12.5,3.2,1440,-2.1076977624733444,1304,-48.420959999999575,-0.03713263803680949,0.42868098159509205,0.9060883780446205,62.49159999999957,12,0,949,2.5795199999999348,0.0027181454162275394,0.3635405690200211,1.004737778005037,59.790400000000005,23,2,2253,-45.84143999999964,-0.020346844207722876,0.401242787394585,0.9567557703762789,78.5323199999995,260,-15.563119999999962,0.4307692307692308,261,-23.23343999999984,0.44061302681992337,262,-2.808640000000014,0.3969465648854962,261,-3.4196799999997705,0.41762452107279696,260,-3.3960799999999827,0.4576923076923077,260,-19.34983999999995,0.4153846153846154,262,47.30255999999994,0.44274809160305345,261,1.1803999999999455,0.32567049808429116,166,-26.553600000000003,0.21686746987951808
prev_0959_to_1000,0.0,10.0,12.5,0.8,720,-2.1416406282776803,1304,-53.658080000000005,-0.04114883435582822,0.48619631901840493,0.8736243735162226,64.41416000000069,10,2,949,-17.952479999999998,-0.0189172602739726,0.5173867228661749,0.9538908676976562,30.079999999999977,9,2,2253,-71.61055999999999,-0.031784536173990234,0.4993342210386152,0.9120198108066004,81.27784000000123,260,-14.799279999999907,0.43846153846153846,261,-22.939120000000074,0.4444444444444444,262,1.1159200000000276,0.5458015267175572,261,-17.211840000000045,0.47509578544061304,260,0.1762399999999964,0.5269230769230769,260,-23.77208000000006,0.45,262,12.859280000000032,0.549618320610687,261,16.722160000000038,0.5823754789272031,166,-23.761840000000014,0.46987951807228917
prev_0959_to_1000,0.0,5.0,12.5,0.4,720,-2.1657582579683226,1304,-50.462480000000184,-0.03869822085889585,0.5897239263803681,0.8502088898524858,61.78056000000083,8,0,949,-8.771280000000031,-0.00924265542676505,0.6796628029504742,0.9666802306835076,21.67999999999997,6,1,2253,-59.23376000000021,-0.0262910608078119,0.6276076342654239,0.9012986493620058,63.37888000000189,260,-16.188400000000108,0.47692307692307695,261,-16.432000000000023,0.5134099616858238,262,-2.574800000000013,0.6679389312977099,261,-9.368400000000003,0.632183908045977,260,-5.898880000000025,0.6576923076923077,260,-0.44304000000003874,0.6615384615384615,262,-0.062479999999979885,0.6793893129770993,261,8.89608,0.7279693486590039,166,-17.161840000000012,0.6325301204819277
prev_0959_to_1000,0.0,20.0,7.5,2.6666666666666665,720,-2.1692254529858004,1304,-48.533600000000064,-0.03721901840490802,0.3811349693251534,0.9273305213327667,73.51093333333354,15,1,949,-10.191200000000263,-0.010738883034773723,0.31612223393045313,0.9832671541552332,75.47800000000004,21,2,2253,-58.72480000000031,-0.026065157567687663,0.35375055481580114,0.9540106359984587,83.38640000000036,260,-19.635066666666596,0.4153846153846154,261,-17.078800000000047,0.40229885057471265,262,-9.011199999999956,0.35877862595419846,261,-8.156000000000137,0.3563218390804598,260,5.34746666666666,0.3730769230769231,260,-19.637866666666714,0.34615384615384615,262,23.36386666666648,0.3473282442748092,261,35.09120000000001,0.3333333333333333,166,-49.00840000000001,0.1927710843373494
prev_0959_to_1000,0.0,15.0,10.0,1.5,720,-2.1802060996964814,1304,-50.26730000000023,-0.038548542944785456,0.4325153374233129,0.9066423791332741,70.11480000000013,10,1,949,-24.32830000000002,-0.025635721812434162,0.40463645943098,0.9521312148915576,53.1,16,1,2253,-74.59560000000023,-0.033109454061251764,0.4207723035952064,0.9287303411686809,90.4029000000003,260,-18.461099999999945,0.4269230769230769,261,-23.184100000000036,0.42528735632183906,262,-2.1941000000000273,0.4389312977099237,261,-20.627900000000135,0.40229885057471265,260,14.199899999999912,0.46923076923076923,260,-27.55610000000004,0.38846153846153847,262,-5.753900000000022,0.4083969465648855,261,49.23800000000006,0.4827586206896552,166,-40.25630000000001,0.30120481927710846
prev_0959_to_1000,0.0,5.0,12.5,0.4,480,-2.208776982747593,1304,-52.78040000000012,-0.04047576687116574,0.5598159509202454,0.833356739409045,59.763600000000764,9,0,949,-9.816160000000007,-0.010343688092729196,0.6733403582718651,0.9621264056137194,21.67999999999997,6,1,2253,-62.59656000000012,-0.02778364846870844,0.6076342654238793,0.8913082524281957,66.00312000000174,260,-15.410960000000214,0.4576923076923077,261,-15.517839999999868,0.4789272030651341,262,-7.544640000000017,0.6297709923664122,261,-7.280559999999987,0.6091954022988506,260,-7.02640000000003,0.6230769230769231,260,-0.7110399999999943,0.6423076923076924,262,-1.007600000000005,0.6755725190839694,261,9.064320000000004,0.7279693486590039,166,-17.161840000000012,0.6325301204819277
prev_0959_to_1000,0.0,15.0,12.5,1.2,1440,-2.2203783548750473,1304,-52.83591999999959,-0.04051834355828189,0.4516871165644172,0.8932346953736914,67.33375999999907,10,1,949,-20.48999999999996,-0.021591148577449905,0.4488935721812434,0.9563962841888032,42.086320000000065,13,2,2253,-73.32591999999957,-0.03254590324012409,0.4505104305370617,0.9239983034706301,94.9903199999988,260,-14.764639999999945,0.4307692307692308,261,-28.436399999999868,0.44061302681992337,262,-6.2518399999999215,0.44656488549618323,261,-7.407119999999885,0.4482758620689655,260,4.024080000000029,0.49230769230769234,260,-33.58639999999999,0.41923076923076924,262,8.198000000000029,0.4618320610687023,261,33.578399999999995,0.5134099616858238,166,-28.68,0.37349397590361444
prev_0959_to_1000,0.0,15.0,7.5,2.0,720,-2.2283216625996944,1304,-52.416400000000095,-0.04019662576687124,0.3941717791411043,0.9198504751400138,75.19640000000005,15,2,949,-30.916933333333414,-0.0325784334387075,0.34773445732349845,0.947017805062849,71.81133333333334,18,2,2253,-83.33333333333351,-0.03698772007693454,0.3746116289391922,0.932660861350545,96.66320000000015,260,-20.92639999999992,0.4153846153846154,261,-23.72546666666673,0.40229885057471265,262,0.5846666666666938,0.38549618320610685,261,-16.674133333333426,0.367816091954023,260,8.32493333333329,0.4,260,-28.58053333333337,0.35384615384615387,262,1.8354666666665873,0.36259541984732824,261,47.50320000000005,0.40229885057471265,166,-51.67506666666668,0.2289156626506024
prev_0959_to_1000,0.0,20.0,10.0,2.0,720,-2.233426262950318,1304,-52.17010000000019,-0.04000774539877315,0.4179447852760736,0.9053413194600052,70.13920000000013,10,1,949,-8.516300000000115,-0.008973972602739848,0.36880927291886195,0.9841117036985628,51.70550000000003,16,2,2253,-60.686400000000305,-0.02693581890812264,0.3972481136262761,0.9441784482362137,82.71380000000035,260,-17.492599999999953,0.4269230769230769,261,-18.199100000000023,0.42528735632183906,262,-10.015700000000013,0.4122137404580153,261,-16.710200000000142,0.3831417624521073,260,10.247499999999945,0.4423076923076923,260,-18.48910000000008,0.38461538461538464,262,12.692699999999924,0.3931297709923664,261,37.03640000000005,0.40229885057471265,166,-39.75630000000001,0.25301204819277107
prev_0959_to_1000,0.0,50.0,10.0,5.0,720,-2.2352819388375345,1304,-51.81890000000005,-0.03973842024539881,0.4133435582822086,0.9067209839759018,71.12500000000003,10,1,949,2.6936000000000107,0.002838356164383573,0.32982086406743943,1.0047097174991289,76.0744999999999,29,2,2253,-49.12530000000005,-0.021804394141145163,0.3781624500665779,0.9564279452999099,80.19640000000005,260,-18.969699999999946,0.4269230769230769,261,-20.277299999999993,0.421455938697318,262,-0.21399999999996044,0.40458015267175573,261,-21.629300000000086,0.37547892720306514,260,9.271399999999925,0.43846153846153846,260,-14.806300000000057,0.38076923076923075,262,32.12699999999996,0.3893129770992366,261,27.835200000000075,0.3333333333333333,166,-42.46229999999996,0.15060240963855423
prev_0959_to_1000,0.0,25.0,7.5,3.3333333333333335,720,-2.2666833374319686,1304,-50.6833333333333,-0.03886758691206541,0.37806748466257667,0.9243964895706438,76.62746666666656,15,1,949,-0.8885333333337222,-0.000936283807517094,0.30242360379346683,0.9985710340189964,84.14466666666667,24,2,2253,-51.57186666666702,-0.02289030921734,0.34620505992010653,0.9600894072231348,87.2922666666666,260,-21.604533333333258,0.4153846153846154,261,-16.741066666666722,0.39846743295019155,262,-5.506133333333244,0.3549618320610687,261,-14.566666666666732,0.3486590038314176,260,7.735066666666663,0.3730769230769231,260,-19.966400000000064,0.3423076923076923,262,36.08146666666633,0.3473282442748092,261,37.338133333333346,0.3103448275862069,166,-54.34173333333334,0.1566265060240964
prev_0959_to_1000,0.0,25.0,10.0,2.5,720,-2.2705618909244905,1304,-52.618000000000116,-0.04035122699386512,0.4148773006134969,0.9049402936593018,72.1942000000001,10,1,949,0.8084999999997802,0.0008519494204423395,0.3540569020021075,1.0014711450858382,62.20550000000003,23,2,2253,-51.80950000000034,-0.02299578339991138,0.38925876608965826,0.953032718679406,85.85960000000028,260,-18.969699999999946,0.4269230769230769,261,-17.945800000000034,0.421455938697318,262,-6.136899999999991,0.4083969465648855,261,-22.086200000000098,0.37547892720306514,260,12.520599999999943,0.4423076923076923,260,-20.116300000000095,0.38076923076923075,262,22.09049999999984,0.3931297709923664,261,42.59060000000004,0.3793103448275862,166,-43.75630000000001,0.21084337349397592
prev_0959_to_1000,0.0,40.0,10.0,4.0,720,-2.2748382057274323,1304,-52.80740000000008,-0.040496472392638094,0.4133435582822086,0.9049415886714892,72.11350000000003,10,1,949,1.826899999999907,0.0019250790305583845,0.3350895679662803,1.003222478360852,76.37649999999994,29,2,2253,-50.98050000000017,-0.02262782956058596,0.38038171327119397,0.9545810382416242,82.13280000000009,260,-18.969699999999946,0.4269230769230769,261,-19.225299999999994,0.421455938697318,262,-1.4992999999999705,0.40458015267175573,261,-21.3845000000001,0.37547892720306514,260,8.271399999999925,0.43846153846153846,260,-15.804600000000052,0.38076923076923075,262,29.974899999999938,0.3893129770992366,261,32.11490000000008,0.3448275862068966,166,-44.45830000000005,0.16265060240963855
prev_0959_to_1000,0.0,30.0,12.5,2.4,1440,-2.2771929452986646,1304,-52.42847999999951,-0.040205889570551774,0.4294478527607362,0.8981182638149275,67.24847999999966,12,0,949,1.1980799999999494,0.0012624657534246043,0.3761854583772392,1.0022500939792856,60.2196,22,2,2253,-51.23039999999957,-0.022738748335552405,0.4070128717265868,0.9510721037413823,87.03351999999965,260,-15.563119999999962,0.4307692307692308,261,-24.415279999999836,0.44061302681992337,262,-1.2103199999999568,0.40076335877862596,261,-7.566559999999774,0.41762452107279696,260,-3.673199999999982,0.4576923076923077,260,-24.381920000000015,0.4153846153846154,262,45.14976000000003,0.44656488549618323,261,6.110239999999939,0.3486590038314176,166,-25.68,0.2469879518072289
prev_0959_to_1000,0.0,7.5,12.5,0.6,720,-2.277768963860295,1304,-55.956,-0.04291104294478528,0.522239263803681,0.8578685587451224,64.38559999999941,10,1,949,-13.41559999999999,-0.014136564805057946,0.5827186512118019,0.9600611033324132,22.069360000000056,9,2,2253,-69.3716,-0.030790767865068798,0.5477141588992455,0.9049176650104418,77.89247999999965,260,-14.106959999999965,0.4423076923076923,261,-22.555360000000057,0.45977011494252873,262,1.5189600000000267,0.5992366412213741,261,-15.905440000000015,0.5363984674329502,260,-4.907199999999995,0.573076923076923,260,-18.952480000000016,0.5115384615384615,262,6.443199999999996,0.6030534351145038,261,12.855520000000032,0.6436781609195402,166,-13.76184000000001,0.5662650602409639
prev_0959_to_1000,0.0,4.0,12.5,0.32,1440,-2.2853109064104147,1304,-54.41807999999993,-0.04173165644171774,0.656441717791411,0.8300935698544263,62.313199999999725,6,0,949,-19.044960000000017,-0.02006845100105376,0.7281348788198103,0.9204063701116157,28.573600000000013,4,2,2253,-73.46303999999994,-0.03260676431424764,0.6866400355082113,0.8687128645774729,76.66304000000001,260,-17.420319999999975,0.5461538461538461,261,-17.653359999999974,0.6015325670498084,262,-5.589600000000026,0.7137404580152672,261,-6.050319999999953,0.6973180076628352,260,-7.704480000000003,0.7230769230769231,260,0.8366399999999887,0.7307692307692307,262,-4.385840000000005,0.7290076335877863,261,3.064239999999992,0.7624521072796935,166,-18.56,0.6686746987951807
prev_0959_to_1000,0.0,50.0,7.5,6.666666666666667,720,-2.2904795947814827,1304,-51.01946666666657,-0.03912535787321056,0.37653374233128833,0.9241214584934192,77.83066666666656,15,1,949,30.170666666666317,0.03179206181945871,0.2845100105374078,1.0472693727553937,78.60600000000002,29,2,2253,-20.848800000000256,-0.009253794940080008,0.33777185974256546,0.9840928301763179,85.33893333333332,260,-21.604533333333258,0.4153846153846154,261,-19.84973333333334,0.39846743295019155,262,-0.06173333333320663,0.3511450381679389,261,-13.957466666666704,0.3486590038314176,260,4.453999999999937,0.36923076923076925,260,-12.88640000000002,0.3423076923076923,262,46.17679999999973,0.3435114503816794,261,35.415333333333244,0.2796934865900383,166,-38.53506666666665,0.10843373493975904
prev_0959_to_1000,0.0,7.5,15.0,0.5,1440,-2.314645007293274,1304,-56.545733333333104,-0.043363292433537655,0.5406441717791411,0.8444769520646666,65.89679999999981,8,1,949,2.486266666666749,0.0026198805760450465,0.6364594309799789,1.008528725159808,17.85586666666666,7,2,2253,-54.05946666666635,-0.02399443704690029,0.5810031069684864,0.917479196085368,75.23753333333309,260,-11.417866666666669,0.45384615384615384,261,-25.126199999999912,0.4827586206896552,262,2.7029333333333563,0.6145038167938931,261,-10.389333333333267,0.5632183908045977,260,-12.31526666666661,0.5884615384615385,260,-14.023666666666653,0.5653846153846154,262,12.559533333333352,0.6564885496183206,261,14.517066666666718,0.6973180076628352,166,-10.566666666666666,0.6204819277108434
prev_0959_to_1000,0.0,25.0,12.5,2.0,1440,-2.359284996430846,1304,-53.92655999999958,-0.041354723926380045,0.43098159509202455,0.8947982502426456,70.58255999999966,10,0,949,3.743839999999949,0.003945036880927238,0.3898840885142255,1.0072012743722776,54.08,15,2,2253,-50.18271999999964,-0.022273732800710006,0.41367066134043495,0.9513962750450586,88.74791999999965,260,-14.636479999999974,0.4307692307692308,261,-22.358159999999863,0.44061302681992337,262,-7.69855999999998,0.40458015267175573,261,-8.96087999999978,0.41762452107279696,260,-0.2724799999999936,0.46153846153846156,260,-24.19824000000001,0.4153846153846154,262,36.391279999999966,0.44656488549618323,261,21.630799999999986,0.3831417624521073,166,-30.08,0.2710843373493976
prev_0959_to_1000,0.0,4.0,10.0,0.4,480,-2.3695761599147573,1304,-55.917700000000174,-0.04288167177914124,0.5912576687116564,0.838658467302037,66.0031000000009,9,0,949,-22.02290000000004,-0.023206427818756627,0.678609062170706,0.9207062622282423,30.038700000000002,4,1,2253,-77.94060000000022,-0.03459414114513991,0.628051486906347,0.875158793300656,81.54060000000115,260,-19.961400000000207,0.47692307692307695,261,-17.461999999999854,0.5095785440613027,262,-3.627000000000047,0.6603053435114504,261,-12.733499999999978,0.6360153256704981,260,-2.1338000000000887,0.6730769230769231,260,-0.6428000000000362,0.6692307692307692,262,-6.856900000000001,0.683206106870229,261,8.279100000000016,0.7279693486590039,166,-22.80230000000001,0.608433734939759
prev_0959_to_1000,0.0,40.0,7.5,5.333333333333333,720,-2.3724351845070495,1304,-53.07039999999994,-0.04069815950920241,0.37653374233128833,0.9210712143370599,79.88159999999989,15,1,949,11.856799999999625,0.012493993677554925,0.2876712328767123,1.0186641626082051,93.20999999999998,29,2,2253,-41.213600000000355,-0.01829276520195311,0.3391034176653351,0.9684828008055543,93.20999999999997,260,-21.604533333333258,0.4153846153846154,261,-18.44706666666667,0.39846743295019155,262,-2.508399999999895,0.3511450381679389,261,-13.63106666666672,0.3486590038314176,260,3.1206666666666028,0.36923076923076925,260,-14.217466666666683,0.3423076923076923,262,44.64066666666637,0.3435114503816794,261,34.173999999999914,0.28735632183908044,166,-52.74039999999999,0.1144578313253012
prev_0959_to_1000,0.0,12.5,10.0,1.25,480,-2.378232606505486,1304,-57.84880000000014,-0.04436257668711667,0.4432515337423313,0.87916525585434,68.70900000000005,10,1,949,-32.34619999999998,-0.03408451001053739,0.4320337197049526,0.9316057763222886,46.349999999999994,10,1,2253,-90.1950000000001,-0.04003328894806929,0.43852640923213493,0.9052255656755464,98.64130000000023,260,-11.784100000000215,0.4461538461538462,261,-23.305099999999904,0.41762452107279696,262,-9.21010000000001,0.46946564885496184,261,-17.164099999999873,0.42528735632183906,260,3.614599999999882,0.4576923076923077,260,-30.859500000000004,0.38846153846153847,262,-6.9404,0.44274809160305345,261,41.80200000000005,0.5210727969348659,166,-36.348300000000016,0.3433734939759036
prev_0959_to_1000,0.0,50.0,12.5,4.0,1440,-2.3878476361029306,1304,-55.41743999999957,-0.04249803680981562,0.42868098159509205,0.8925188250085306,69.48807999999963,12,0,949,-0.3429600000000761,-0.00036139093782937417,0.35511064278187565,0.9993792104576464,73.05247999999995,28,1,2253,-55.760399999999635,-0.02474940079893459,0.39769196626719927,0.9477927776132844,84.22111999999959,260,-15.563119999999962,0.4307692307692308,261,-23.598559999999836,0.44061302681992337,262,-5.7743999999999875,0.3969465648854962,261,-8.22727999999979,0.41762452107279696,260,-2.254079999999992,0.4576923076923077,260,-18.042159999999953,0.4153846153846154,262,48.09671999999992,0.44274809160305345,261,-4.77432000000004,0.3103448275862069,166,-25.623199999999997,0.1927710843373494
prev_0959_to_1000,0.0,12.5,7.5,1.6666666666666667,480,-2.3921871157040853,1304,-56.693066666666724,-0.04347627811860945,0.4171779141104294,0.9037409015254829,72.90760000000013,16,1,949,-37.315600000000025,-0.03932096944151741,0.3761854583772392,0.9320231202079331,65.60066666666668,18,1,2253,-94.00866666666674,-0.041725994969670104,0.39991122947181534,0.9173846992992406,103.0477333333333,260,-14.562933333333605,0.4423076923076923,261,-28.060799999999805,0.4061302681992337,262,-3.5438666666666823,0.42366412213740456,261,-15.603466666666487,0.39080459770114945,260,5.077999999999858,0.4230769230769231,260,-35.67626666666668,0.3576923076923077,262,-0.6790666666667251,0.40076335877862596,261,46.5041333333334,0.44061302681992337,166,-47.46440000000001,0.26506024096385544
prev_0959_to_1000,0.0,12.5,12.5,1.0,1440,-2.408730804131933,1304,-56.44895999999958,-0.043289079754600904,0.4647239263803681,0.8829324717999979,74.53743999999968,10,1,949,-16.582879999999932,-0.017474056902002037,0.48366701791359323,0.9622372024566972,37.28512000000004,9,2,2253,-73.03183999999952,-0.032415375055481366,0.47270306258322237,0.9207316564888522,93.88839999999965,260,-14.529199999999928,0.4346153846153846,261,-29.385999999999893,0.4444444444444444,262,-10.832399999999925,0.46564885496183206,261,-8.732079999999897,0.46360153256704983,260,7.030720000000054,0.5153846153846153,260,-29.80367999999999,0.43846153846153846,262,4.3490400000000236,0.48854961832061067,261,33.95176000000003,0.5632183908045977,166,-25.08,0.42168674698795183
prev_0959_to_1000,0.0,10.0,10.0,1.0,480,-2.4168588470090753,1304,-57.752000000000145,-0.04428834355828232,0.45858895705521474,0.8756582082010205,66.26530000000012,10,0,949,-30.195699999999874,-0.03181844046364581,0.4720758693361433,0.9318052677318005,43.099999999999994,10,2,2253,-87.94770000000001,-0.03903581890812251,0.4642698624056813,0.903061025975144,91.20590000000004,260,-12.948300000000152,0.4461538461538462,261,-22.83129999999992,0.42528735632183906,262,-0.9728999999999797,0.5038167938931297,261,-19.571799999999943,0.44061302681992337,260,-1.4277000000001419,0.47692307692307695,260,-26.348299999999995,0.41923076923076924,262,6.370200000000022,0.5038167938931297,261,25.984700000000114,0.5478927203065134,166,-36.202300000000015,0.3855421686746988
prev_0959_to_1000,0.0,5.0,10.0,0.5,720,-2.4421017634334925,1304,-58.05960000000027,-0.044524233128834564,0.5697852760736196,0.8566475290046311,73.20720000000024,8,1,949,-14.694500000000016,-0.015484193888303494,0.6375131717597471,0.953141791163762,29.099999999999998,6,1,2253,-72.75410000000029,-0.032292099422991695,0.5983133599644918,0.8987568881444246,78.43550000000029,260,-20.70300000000018,0.47307692307692306,261,-16.836200000000012,0.5095785440613027,262,0.8800999999999921,0.6412213740458015,261,-18.479500000000076,0.5900383141762452,260,-2.921000000000004,0.6346153846153846,260,-1.47130000000002,0.6269230769230769,262,-6.812699999999996,0.6297709923664122,261,16.791800000000013,0.7011494252873564,166,-23.202300000000015,0.5662650602409639
prev_0959_to_1000,0.0,5.0,12.5,0.4,1440,-2.4464176102031066,1304,-57.6344799999999,-0.044198220858895625,0.6119631901840491,0.8401241048699911,68.4667200000006,7,0,949,-15.692800000000013,-0.016536143308746063,0.6859852476290832,0.9427401979514791,23.27999999999998,5,1,2253,-73.3272799999999,-0.03254650687971589,0.6431424766977364,0.8844435776296911,77.32728000000102,260,-16.476399999999977,0.5038461538461538,261,-19.258079999999957,0.5670498084291188,262,-6.049440000000032,0.6641221374045801,261,-5.362319999999965,0.6590038314176245,260,-10.488239999999966,0.6653846153846154,260,-3.230400000000011,0.6692307692307692,262,-2.166639999999993,0.6908396946564885,261,7.784239999999986,0.7318007662835249,166,-18.080000000000005,0.6325301204819277
prev_0959_to_1000,0.0,20.0,7.5,2.6666666666666665,1440,-2.4664363433462118,1304,-56.01293333333297,-0.04295470347648234,0.37116564417177916,0.9215421329785373,80.93159999999986,15,1,949,-11.960933333333346,-0.01260372321742186,0.3066385669125395,0.9812755588506884,75.13333333333335,21,2,2253,-67.97386666666628,-0.03017038023376222,0.34398579671549046,0.9497498948284793,97.91373333333304,260,-19.02706666666663,0.4230769230769231,261,-21.527199999999816,0.41379310344827586,262,-15.449999999999886,0.32061068702290074,261,4.349066666666808,0.3448275862068966,260,-4.35773333333343,0.35384615384615387,260,-21.721466666666586,0.3423076923076923,262,22.999733333333268,0.3320610687022901,261,34.56079999999999,0.31800766283524906,166,-47.800000000000004,0.1927710843373494
prev_0959_to_1000,0.0,12.5,7.5,1.6666666666666667,1440,-2.49275276485576,1304,-56.81733333333284,-0.04357157464212641,0.4026073619631902,0.9162853343449379,81.1894666666664,15,1,949,-27.878133333333224,-0.02937632595714776,0.37302423603793466,0.951778024759295,66.79999999999995,18,1,2253,-84.69546666666604,-0.037592306554223714,0.39014647137150466,0.9326114709955496,105.06013333333235,260,-21.023733333333254,0.4269230769230769,261,-30.91506666666649,0.41762452107279696,262,-6.271599999999873,0.3816793893129771,261,-7.297199999999874,0.3793103448275862,260,8.69026666666667,0.4076923076923077,260,-28.093999999999895,0.36538461538461536,262,-0.4020000000000006,0.37786259541984735,261,48.417866666666676,0.4444444444444444,166,-47.79999999999998,0.26506024096385544
prev_0959_to_1000,0.0,10.0,7.5,1.3333333333333333,480,-2.4953237999205924,1304,-60.290000000000084,-0.04623466257668718,0.4325153374233129,0.894882967728077,73.06879999999963,16,1,949,-43.07466666666663,-0.045389532841587595,0.410958904109589,0.9174793525963252,62.07266666666666,12,2,2253,-103.36466666666672,-0.04587868027814768,0.4234354194407457,0.9056493779067155,108.3756000000007,260,-16.11520000000019,0.4423076923076923,261,-27.64159999999984,0.41379310344827586,262,3.46333333333334,0.4580152671755725,261,-19.137599999999907,0.4061302681992337,260,-0.8589333333334936,0.4423076923076923,260,-36.21066666666667,0.3769230769230769,262,14.696666666666639,0.4580152671755725,261,26.042400000000075,0.4674329501915709,166,-47.60306666666669,0.30120481927710846
prev_0959_to_1000,0.0,12.5,7.5,1.6666666666666667,720,-2.531894109187549,1304,-57.86333333333332,-0.04437372188139058,0.40644171779141103,0.9098994823074121,81.9416000000002,15,1,949,-27.33346666666676,-0.028802388479100906,0.37407797681770283,0.9511734394333283,65.07266666666663,18,2,2253,-85.19680000000007,-0.03781482467820686,0.39280958721704395,0.9291217421398715,103.70693333333294,260,-21.125466666666608,0.41923076923076924,261,-26.655733333333465,0.4061302681992337,262,-6.156533333333262,0.3969465648854962,261,-16.48013333333337,0.39080459770114945,260,12.554533333333385,0.41923076923076924,260,-29.693333333333364,0.36153846153846153,262,0.2587999999998942,0.38549618320610685,261,49.03746666666673,0.4444444444444444,166,-46.936400000000006,0.26506024096385544
prev_0959_to_1000,0.0,12.5,10.0,1.25,720,-2.5339429946544847,1304,-58.35590000000013,-0.04475145705521483,0.4432515337423313,0.8898299645037259,80.67460000000005,10,1,949,-22.163300000000028,-0.023354373024236066,0.4320337197049526,0.9542347510945578,46.35,10,1,2253,-80.51920000000015,-0.03573865956502448,0.43852640923213493,0.9205902886638748,97.41070000000008,260,-18.610399999999956,0.4307692307692308,261,-24.994100000000074,0.42911877394636017,262,-7.607199999999991,0.45038167938931295,261,-22.302000000000113,0.421455938697318,260,15.157799999999996,0.4846153846153846,260,-28.042700000000035,0.39615384615384613,262,-4.335700000000019,0.4351145038167939,261,46.16740000000004,0.5210727969348659,166,-35.952300000000015,0.3433734939759036
prev_0959_to_1000,0.0,10.0,10.0,1.0,720,-2.5350428154609297,1304,-63.27480000000015,-0.04852361963190195,0.46549079754601225,0.8758017218028286,75.03780000000013,10,2,949,-23.002300000000016,-0.024238461538461556,0.47523709167544786,0.948913850491122,43.1,10,2,2253,-86.27710000000015,-0.038294318686196246,0.4695960940967599,0.9101028215304934,94.49210000000015,260,-19.418599999999948,0.4346153846153846,261,-24.732000000000085,0.44061302681992337,262,4.764500000000019,0.5114503816793893,261,-26.027100000000132,0.4444444444444444,260,2.1384000000000025,0.49615384615384617,260,-23.533900000000063,0.4269230769230769,262,8.659500000000001,0.5076335877862596,261,28.07440000000006,0.5478927203065134,166,-36.202300000000015,0.3855421686746988
prev_0959_to_1000,0.0,40.0,10.0,4.0,1440,-2.539600494719943,1304,-60.45229999999958,-0.046359125766870846,0.4041411042944785,0.9008773455881119,76.47389999999962,12,1,949,1.0371999999999826,0.0010929399367755348,0.3192834562697576,1.001706742141573,79.40699999999997,29,2,2253,-59.4150999999996,-0.026371549045716643,0.3683976919662672,0.951202351021846,95.43369999999948,260,-19.665900000000015,0.4269230769230769,261,-23.248299999999812,0.4329501915708812,262,-2.9036000000000066,0.36259541984732824,261,-15.613199999999777,0.37547892720306514,260,0.9787000000000265,0.4230769230769231,260,-18.097299999999926,0.38461538461538464,262,41.42949999999999,0.3816793893129771,261,26.169999999999888,0.30268199233716475,166,-48.46499999999996,0.14457831325301204
prev_0959_to_1000,0.0,7.5,10.0,0.75,720,-2.5938781650499774,1304,-62.94280000000008,-0.048269018404908035,0.5023006134969326,0.8662170592229924,74.72980000000008,10,1,949,-22.03170000000002,-0.023215700737618566,0.5384615384615384,0.9442776866427001,30.6,9,2,2253,-84.9745000000001,-0.03771615623612965,0.5175321793164669,0.9018620961178507,93.27110000000016,260,-18.553200000000015,0.43846153846153846,261,-24.968700000000062,0.4559386973180077,262,4.187100000000029,0.5648854961832062,261,-23.49750000000006,0.5019157088122606,260,-0.11049999999997784,0.55,260,-19.79110000000003,0.4846153846153846,262,2.2205999999999673,0.5610687022900763,261,19.741100000000053,0.6053639846743295,166,-24.202300000000015,0.4819277108433735
prev_0959_to_1000,0.0,7.5,10.0,0.75,480,-2.6036725006024795,1304,-62.475400000000036,-0.04791058282208592,0.48773006134969327,0.8565982734519713,70.647,10,0,949,-27.48929999999987,-0.02896659641728121,0.5342465753424658,0.9296590668035825,33.81849999999994,9,1,2253,-89.96469999999991,-0.03993106968486458,0.507323568575233,0.8911455605232824,94.96320000000009,260,-13.540400000000158,0.4461538461538462,261,-24.012199999999844,0.4367816091954023,262,-0.8596000000000013,0.549618320610687,261,-20.49199999999994,0.48659003831417624,260,-3.571200000000092,0.5192307692307693,260,-20.291399999999953,0.47307692307692306,262,-0.9772999999999916,0.5572519083969466,261,17.981700000000092,0.6053639846743295,166,-24.202300000000015,0.4819277108433735
prev_0959_to_1000,0.0,15.0,7.5,2.0,1440,-2.6042176625798827,1304,-60.56479999999953,-0.046445398773005776,0.38726993865030673,0.9129675206043897,81.78039999999956,15,1,949,-37.3262666666666,-0.039332209343168174,0.3382507903055848,0.9387800133134946,72.13333333333333,18,2,2253,-97.8910666666661,-0.04344920846279011,0.36662228140257436,0.9250218470073255,112.54573333333273,260,-21.32519999999995,0.4230769230769231,261,-28.899866666666433,0.41379310344827586,262,-2.655866666666527,0.35877862595419846,261,-8.16479999999989,0.36015325670498083,260,0.4809333333332724,0.38076923076923075,260,-31.945066666666573,0.34615384615384615,262,1.9418666666666777,0.3473282442748092,261,43.810266666666635,0.39080459770114945,166,-51.13333333333333,0.2289156626506024
prev_0959_to_1000,0.0,5.0,10.0,0.5,480,-2.605134550278171,1304,-61.83430000000017,-0.04741894171779154,0.5467791411042945,0.8389978724617497,71.98430000000015,9,0,949,-17.524,-0.018465753424657536,0.6332982086406744,0.9439233076672494,29.1,6,1,2253,-79.35830000000017,-0.03522339103417673,0.5832223701731025,0.8860710391574588,83.61650000000017,260,-18.16830000000025,0.4576923076923077,261,-17.652199999999837,0.47509578544061304,262,-4.788100000000031,0.6145038167938931,261,-16.56089999999997,0.578544061302682,260,-4.664800000000083,0.6076923076923076,260,-2.6814999999999825,0.6115384615384616,262,-8.016600000000016,0.6297709923664122,261,16.376400000000015,0.7011494252873564,166,-23.202300000000015,0.5662650602409639
prev_0959_to_1000,0.0,40.0,7.5,5.333333333333333,1440,-2.6079773079741546,1304,-58.75866666666617,-0.04506032719836363,0.36579754601226994,0.9183103975039161,80.50853333333279,17,0,949,19.531999999999943,0.020581664910431972,0.2708113804004215,1.0290601484965851,92.46666666666667,29,2,2253,-39.226666666666226,-0.017410859594614393,0.3257878384376387,0.9718080768230867,95.13879999999926,260,-22.655999999999977,0.4230769230769231,261,-20.228266666666393,0.41379310344827586,262,-6.903999999999965,0.3053435114503817,261,-3.9573333333330396,0.3371647509578544,260,-5.013066666666784,0.35,260,-13.33799999999983,0.3384615384615385,262,52.51026666666661,0.3282442748091603,261,31.493066666666515,0.24904214559386972,166,-51.13333333333334,0.10843373493975904
prev_0959_to_1000,0.0,4.0,10.0,0.4,1440,-2.615149202013,1304,-62.118300000000005,-0.04763673312883436,0.6357361963190185,0.8381467662339693,72.15070000000054,7,0,949,-25.688299999999998,-0.02706880927291886,0.6870389884088515,0.9099852862282389,35.48249999999999,4,2,2253,-87.80659999999999,-0.038973191300488236,0.6573457612072792,0.868783389165939,92.03899999999838,260,-22.067600000000017,0.5384615384615384,261,-18.986400000000007,0.5900383141762452,262,-2.8948000000000356,0.6908396946564885,261,-14.279999999999974,0.6590038314176245,260,-3.8894999999999786,0.7,260,0.2792000000000132,0.6961538461538461,262,-8.169499999999998,0.6870229007633588,261,5.901999999999994,0.7279693486590039,166,-23.699999999999996,0.608433734939759
prev_0959_to_1000,0.0,20.0,10.0,2.0,1440,-2.6481553702330674,1304,-62.37859999999966,-0.04783634969325127,0.4087423312883436,0.8969966195374623,81.0165999999997,10,1,949,-15.178199999999949,-0.01599388830347729,0.3635405690200211,0.9732633706486833,53.1,16,2,2253,-77.55679999999961,-0.03442379050155331,0.38970261873058143,0.9338980527161773,100.93249999999966,260,-16.944200000000002,0.4269230769230769,261,-24.222499999999876,0.4329501915708812,262,-14.157899999999927,0.37404580152671757,261,-8.818999999999896,0.3831417624521073,260,1.7650000000000308,0.4269230769230769,260,-22.7057,0.38846153846153847,262,13.587300000000003,0.38549618320610685,261,33.04020000000005,0.38697318007662834,166,-39.1,0.25301204819277107
prev_0959_to_1000,0.0,30.0,7.5,4.0,1440,-2.6514695890921187,1304,-59.56733333333272,-0.04568047034764779,0.36733128834355827,0.9169552366317094,82.24639999999938,17,0,949,-2.1864000000000665,-0.002303898840885212,0.2781875658587987,0.9967127894501345,90.13333333333333,29,2,2253,-61.753733333332804,-0.027409557626867646,0.3297825122059476,0.9553290941177053,100.6219999999993,260,-22.655999999999977,0.4230769230769231,261,-22.197999999999713,0.41379310344827586,262,-1.3634666666665596,0.31297709923664124,261,-8.202133333333038,0.3371647509578544,260,-5.14773333333342,0.35,260,-20.3914666666666,0.3384615384615385,262,52.45426666666671,0.3320610687022901,261,20.884133333333125,0.2567049808429119,166,-55.13333333333333,0.13253012048192772
prev_0959_to_1000,0.0,15.0,10.0,1.5,1440,-2.6938709961318286,1304,-64.34059999999963,-0.04934095092024511,0.4263803680981595,0.8905151694803932,80.20129999999966,10,1,949,-30.118099999999934,-0.03173667017913586,0.40042149631190727,0.9436725951945505,53.1,16,1,2253,-94.45869999999958,-0.04192574345317336,0.41544607190412786,0.915839506242138,112.07689999999955,260,-18.66779999999999,0.4269230769230769,261,-29.75199999999984,0.4329501915708812,262,-5.381499999999916,0.4122137404580153,261,-15.800899999999931,0.4061302681992337,260,5.261600000000046,0.45384615384615384,260,-33.22269999999998,0.38846153846153847,262,-5.456099999999948,0.40076335877862596,261,48.6607,0.47509578544061304,166,-40.1,0.30120481927710846
prev_0959_to_1000,0.0,10.0,7.5,1.3333333333333333,720,-2.7060632539662786,1304,-64.78640000000004,-0.0496828220858896,0.4294478527607362,0.8954031215591219,80.26186666666648,15,1,949,-34.48146666666682,-0.0363345275728839,0.41201264488935724,0.9347307987111267,62.07266666666668,12,2,2253,-99.26786666666688,-0.04406030477881353,0.422103861517976,0.9135061856561181,106.49520000000096,260,-22.203066666666594,0.4230769230769231,261,-26.30626666666683,0.41762452107279696,262,8.964133333333379,0.4618320610687023,261,-22.064800000000083,0.41379310344827586,260,-3.1763999999999317,0.4307692307692308,260,-30.021600000000078,0.38076923076923075,262,15.772399999999907,0.4541984732824427,261,27.37080000000004,0.47126436781609193,166,-47.60306666666669,0.30120481927710846
prev_0959_to_1000,0.0,30.0,10.0,3.0,1440,-2.7166527246169823,1304,-64.59809999999952,-0.0495384202453984,0.4049079754601227,0.893905583374681,81.55639999999954,12,1,949,-0.29660000000003706,-0.00031253951527928037,0.3329820864067439,0.9995012674297868,63.1,23,2,2253,-64.89469999999956,-0.028803683976919466,0.3746116289391922,0.9460819926399653,104.19659999999946,260,-19.665900000000015,0.4269230769230769,261,-24.7255999999998,0.4329501915708812,262,-2.0420999999999614,0.366412213740458,261,-18.79679999999978,0.37547892720306514,260,0.6323000000000327,0.4230769230769231,260,-23.3874,0.38461538461538464,262,38.054500000000075,0.38549618320610685,261,26.136299999999896,0.3218390804597701,166,-41.1,0.18674698795180722
prev_0959_to_1000,0.0,10.0,12.5,0.8,1440,-2.719942577604727,1304,-64.50319999999965,-0.04946564417177887,0.48619631901840493,0.8606107754410538,75.71680000000065,10,0,949,-18.400479999999977,-0.019389336143308723,0.530031612223393,0.9543507556737556,30.07999999999997,8,2,2253,-82.90367999999964,-0.03679701731025284,0.5046604527296937,0.9042505774738984,94.87752000000106,260,-14.630879999999943,0.43846153846153846,261,-29.096879999999928,0.4521072796934866,262,-1.7334399999999337,0.5267175572519084,261,-13.606159999999926,0.48659003831417624,260,-5.435839999999934,0.5269230769230769,260,-24.436800000000023,0.4807692307692308,262,12.62328000000005,0.5572519083969466,261,18.09304,0.5900383141762452,166,-24.68,0.46987951807228917
prev_0959_to_1000,0.0,4.0,7.5,0.5333333333333333,720,-2.7383585666868067,1304,-62.62240000000028,-0.0480233128834358,0.5805214723926381,0.8616289535436974,81.60706666666763,8,0,949,-28.785733333333454,-0.0303327010888656,0.6227608008429927,0.9159263414544861,37.93773333333337,5,2,2253,-91.40813333333372,-0.0405717413818614,0.5983133599644918,0.885014813403446,96.72320000000225,260,-27.9785333333336,0.4846153846153846,261,-19.584933333333357,0.5287356321839081,262,-1.4828000000000237,0.6335877862595419,261,-13.142533333333333,0.6091954022988506,260,-0.43359999999997356,0.6461538461538462,260,1.141866666666639,0.6384615384615384,262,-9.05226666666674,0.6221374045801527,261,5.394400000000003,0.6590038314176245,166,-26.269733333333356,0.5421686746987951
prev_0959_to_1000,0.0,7.5,7.5,1.0,720,-2.7686307432900428,1304,-66.53826666666664,-0.05102627811860939,0.4662576687116564,0.8845607387564945,81.27039999999995,15,1,949,-40.10786666666675,-0.042263294696171495,0.46996838777660693,0.91559778158998,46.582133333333466,9,2,2253,-106.6461333333334,-0.047335167924249175,0.467820683533067,0.8985859397327274,113.07893333333338,260,-20.855466666666686,0.4269230769230769,261,-26.95520000000012,0.4329501915708812,262,8.201333333333361,0.5190839694656488,261,-23.007199999999983,0.46360153256704983,260,-3.9217333333332123,0.48846153846153845,260,-24.109066666666692,0.4346153846153846,262,6.677866666666583,0.5076335877862596,261,13.593066666666708,0.5210727969348659,166,-36.26973333333335,0.3855421686746988
prev_0959_to_1000,0.0,7.5,12.5,0.6,1440,-2.811871719000308,1304,-66.8555999999997,-0.05126963190184026,0.5283742331288344,0.8434080620690165,77.69087999999962,8,0,949,-17.925520000000027,-0.01888885142255008,0.5943097997892518,0.9485786843501521,25.341120000000036,7,2,2253,-84.78111999999975,-0.03763032401242776,0.5561473590767865,0.8906815265618978,94.20888000000053,260,-14.117199999999958,0.45,261,-28.558319999999913,0.4789272030651341,262,-2.007519999999985,0.5877862595419847,261,-13.29519999999993,0.5440613026819924,260,-8.877359999999916,0.5807692307692308,260,-21.60568000000001,0.5384615384615384,262,5.467119999999978,0.6106870229007634,261,12.89304,0.6513409961685823,166,-14.68,0.5662650602409639
prev_0959_to_1000,0.0,10.0,7.5,1.3333333333333333,1440,-2.814188880462863,1304,-66.78253333333302,-0.05121359918200385,0.4256134969325153,0.897830752868117,84.70226666666616,15,1,949,-34.188533333333325,-0.03602585177379697,0.41412012644889357,0.9369472581792574,63.80000000000001,12,2,2253,-100.97106666666636,-0.04481627459683372,0.4207723035952064,0.9155666654216384,111.21093333333378,260,-20.748266666666616,0.4307692307692308,261,-30.61546666666655,0.42528735632183906,262,7.253733333333415,0.44656488549618323,261,-15.279866666666635,0.40229885057471265,260,-7.392666666666638,0.4230769230769231,260,-28.822533333333297,0.3923076923076923,262,16.231333333333332,0.45038167938931295,261,26.86933333333332,0.47126436781609193,166,-48.466666666666676,0.30120481927710846
prev_0959_to_1000,0.0,50.0,10.0,5.0,1440,-2.814711059140879,1304,-67.33219999999956,-0.051635122699386166,0.4041411042944785,0.889596485305073,83.35379999999954,12,1,949,-5.210200000000031,-0.005490200210748188,0.3119072708113804,0.9915240988600268,79.24399999999996,29,2,2253,-72.54239999999959,-0.03219813581890794,0.3652907234798047,0.9407614619594035,101.67899999999939,260,-19.665900000000015,0.4269230769230769,261,-23.704699999999796,0.4329501915708812,262,-7.61079999999997,0.36259541984732824,261,-18.756999999999792,0.37547892720306514,260,2.4062000000000126,0.4230769230769231,260,-17.462699999999927,0.38461538461538464,262,41.827899999999936,0.3816793893129771,261,18.726599999999916,0.28735632183908044,166,-48.30199999999995,0.12650602409638553
prev_0959_to_1000,0.0,7.5,7.5,1.0,480,-2.819667237227746,1304,-68.40359999999993,-0.05245674846625761,0.4624233128834356,0.8737248232117498,81.05626666666653,16,1,949,-45.368933333333274,-0.047807095187917044,0.4678609062170706,0.9036044879394772,51.26986666666663,9,2,2253,-113.77253333333319,-0.050498239384524274,0.4647137150466045,0.8876161563612298,118.11679999999983,260,-16.904666666666863,0.4423076923076923,261,-29.216133333333072,0.42528735632183906,262,3.3112000000000075,0.5076335877862596,261,-23.713999999999913,0.4482758620689655,260,-1.880000000000079,0.48846153846153845,260,-26.834399999999945,0.4307692307692308,262,5.410133333333273,0.5076335877862596,261,12.325066666666743,0.5172413793103449,166,-36.26973333333335,0.3855421686746988
prev_0959_to_1000,0.0,5.0,7.5,0.6666666666666666,720,-2.8265740947556677,1304,-65.33693333333362,-0.05010501022494909,0.5345092024539877,0.8697873984530529,82.8164000000006,9,0,949,-23.227333333333412,-0.02447558833860212,0.5753424657534246,0.9394586956468852,34.73933333333331,8,1,2253,-88.56426666666704,-0.03930948365142789,0.5517088326675543,0.8999762225329972,95.13946666666554,260,-24.331333333333596,0.46153846153846156,261,-16.881333333333387,0.4904214559386973,262,-0.19080000000001673,0.5877862595419847,261,-17.655466666666673,0.5517241379310345,260,-6.2779999999999525,0.5807692307692308,260,-0.5854666666666866,0.5807692307692308,262,-5.033200000000043,0.5801526717557252,261,9.9944,0.6168582375478927,166,-27.60306666666669,0.4939759036144578
prev_0959_to_1000,0.0,25.0,7.5,3.3333333333333335,1440,-2.8465419992724694,1304,-63.74133333333287,-0.04888139059304668,0.36809815950920244,0.9110120660311847,88.78093333333277,17,0,949,11.817866666666596,0.012452968036529606,0.29083245521601686,1.0180943911756106,83.13333333333333,24,2,2253,-51.92346666666627,-0.02304636780588827,0.3355525965379494,0.9620834705776571,106.19119999999943,260,-21.111599999999996,0.4230769230769231,261,-18.769466666666414,0.41379310344827586,262,-13.177199999999925,0.31297709923664124,261,-8.839333333333066,0.3371647509578544,260,-1.84373333333345,0.35384615384615387,260,-21.11999999999992,0.3384615384615385,262,42.69146666666661,0.3320610687022901,261,42.713066666666556,0.28735632183908044,166,-52.46666666666666,0.1566265060240964
prev_0959_to_1000,0.0,12.5,10.0,1.25,1440,-2.8851667148385047,1304,-68.02589999999964,-0.052167101226993584,0.43941717791411045,0.8815997579985034,87.50429999999973,10,1,949,-25.432899999999933,-0.026799683877766,0.4351949420442571,0.9494885278746651,46.349999999999994,10,1,2253,-93.45879999999956,-0.041481935197514225,0.4376387039502885,0.9133074897409611,112.17219999999963,260,-18.373499999999964,0.4307692307692308,261,-30.938999999999872,0.4367816091954023,262,-10.59189999999992,0.4312977099236641,261,-17.265799999999942,0.421455938697318,260,9.144300000000065,0.47692307692307695,260,-29.764999999999986,0.4076923076923077,262,-4.517299999999956,0.4351145038167939,261,45.69940000000001,0.5210727969348659,166,-36.85,0.3433734939759036
prev_0959_to_1000,0.0,25.0,10.0,2.5,1440,-2.893772329131782,1304,-68.49529999999963,-0.052527070552146955,0.40567484662576686,0.8873198495016325,87.22399999999968,12,1,949,3.2355999999999305,0.0034094836670178403,0.34562697576396206,1.0055499856344636,63.1,23,2,2253,-65.25969999999968,-0.028965690190856496,0.38038171327119397,0.9451998049822898,109.14019999999962,260,-18.50760000000003,0.4269230769230769,261,-22.154199999999832,0.4329501915708812,262,-12.402399999999991,0.366412213740458,261,-19.53969999999979,0.37547892720306514,260,4.108600000000004,0.4269230769230769,260,-23.93379999999999,0.38461538461538464,262,28.232399999999984,0.38549618320610685,261,41.53699999999995,0.3524904214559387,166,-42.6,0.21084337349397592
prev_0959_to_1000,0.0,4.0,7.5,0.5333333333333333,1440,-2.903521038574609,1304,-67.52826666666664,-0.05178548057259712,0.5958588957055214,0.8564386226938103,83.97146666666733,7,0,949,-35.386000000000024,-0.03728767123287674,0.6238145416227608,0.899004025454205,42.8445333333334,5,1,2253,-102.91426666666666,-0.045678769048675835,0.6076342654238793,0.8746094017159276,107.6908000000019,260,-26.78999999999997,0.5269230769230769,261,-22.46666666666664,0.5593869731800766,262,-4.055466666666698,0.6335877862595419,261,-11.216133333333321,0.6168582375478927,260,-3.0000000000000098,0.6423076923076924,260,-0.6947999999999785,0.6423076923076924,262,-11.160533333333364,0.6221374045801527,261,3.6026666666666554,0.6590038314176245,166,-27.13333333333334,0.5421686746987951
prev_0959_to_1000,0.0,5.0,10.0,0.5,1440,-2.9144577636926945,1304,-68.50259999999996,-0.05253266871165641,0.588957055214724,0.841766073069423,82.4143,7,0,949,-21.705099999999973,-0.02287154899894623,0.6417281348788199,0.9330139125496878,30.1,6,1,2253,-90.20769999999993,-0.040038925876608934,0.611185086551265,0.8808264233091017,95.59799999999993,260,-20.13570000000002,0.5,261,-19.968899999999962,0.5555555555555556,262,-4.518200000000047,0.6374045801526718,261,-16.47059999999999,0.6091954022988506,260,-7.409199999999941,0.6423076923076924,260,-2.8485999999999874,0.6346153846153846,262,-9.15849999999998,0.6374045801526718,261,14.401999999999997,0.7011494252873564,166,-24.1,0.5662650602409639
prev_0959_to_1000,0.0,7.5,7.5,1.0,1440,-2.9270694669884803,1304,-69.84346666666633,-0.053560940695296266,0.46855828220858897,0.8848847663164673,86.85106666666636,15,1,949,-45.30439999999999,-0.047739093782929384,0.47418335089567965,0.9072290682962549,51.3044,9,2,2253,-115.14786666666632,-0.05110868471667391,0.4709276520195295,0.8948491857654363,124.40453333333296,260,-19.09973333333331,0.4423076923076923,261,-31.756666666666508,0.4482758620689655,262,6.750800000000042,0.5114503816793893,261,-20.21866666666662,0.4521072796934866,260,-5.519199999999939,0.48846153846153845,260,-26.13186666666664,0.45,262,6.091466666666657,0.5076335877862596,261,11.86933333333333,0.5210727969348659,166,-37.13333333333333,0.3855421686746988
prev_0959_to_1000,0.0,50.0,7.5,6.666666666666667,1440,-2.9314798124378516,1304,-66.77799999999945,-0.05121012269938608,0.36579754601226994,0.9071614693636656,88.79359999999953,17,0,949,29.3674666666666,0.03094569722514921,0.2665964172813488,1.043435082048163,73.46666666666667,29,2,2253,-37.41053333333287,-0.016604764018345704,0.32401242787394585,0.9731903902810093,102.746266666666,260,-22.655999999999977,0.4230769230769231,261,-20.836799999999705,0.41379310344827586,262,-12.026399999999914,0.3053435114503817,261,-8.149066666666384,0.3371647509578544,260,-3.109733333333468,0.35,260,-12.491866666666493,0.3384615384615385,262,47.70813333333321,0.3282442748091603,261,28.95119999999988,0.23754789272030652,166,-34.8,0.10240963855421686
prev_0959_to_1000,0.0,5.0,7.5,0.6666666666666666,1440,-2.9408386617265254,1304,-68.47466666666658,-0.05251124744376271,0.5498466257668712,0.8693947388632289,85.0916000000002,9,0,949,-30.561200000000007,-0.032203582718651216,0.5753424657534246,0.922343941845621,37.227866666666635,8,1,2253,-99.03586666666658,-0.04395733096611921,0.5605858854860186,0.8920981395885323,105.22293333333067,260,-23.256266666666647,0.49230769230769234,261,-18.897066666666593,0.5325670498084292,262,-3.2230666666667087,0.583969465648855,261,-15.128133333333317,0.5593869731800766,260,-7.97013333333332,0.5807692307692308,260,-3.2153333333333176,0.5807692307692308,262,-7.08186666666668,0.5801526717557252,261,8.202666666666655,0.6168582375478927,166,-28.466666666666676,0.4939759036144578
prev_0959_to_1000,0.0,4.0,7.5,0.5333333333333333,480,-2.955801283598194,1304,-68.94280000000015,-0.05287024539877312,0.5628834355828221,0.8430454711024766,84.86293333333415,9,0,949,-29.105866666666767,-0.03067003863716203,0.6195995785036881,0.9145688563418025,38.1110666666667,5,1,2253,-98.0486666666669,-0.04351915963899996,0.5867731913004882,0.8742880714660339,101.31533333333546,260,-25.7993333333336,0.47307692307692306,261,-23.16173333333312,0.4904214559386973,262,-4.687733333333358,0.6183206106870229,261,-14.134266666666651,0.5977011494252874,260,-1.1597333333334188,0.6346153846153846,260,-0.13293333333335067,0.6269230769230769,262,-8.097600000000064,0.6221374045801527,261,5.394400000000003,0.6590038314176245,166,-26.269733333333356,0.5421686746987951
prev_0959_to_1000,0.0,5.0,7.5,0.6666666666666666,480,-3.098411785597545,1304,-73.32240000000013,-0.056228834355828324,0.5191717791411042,0.8481527093596057,86.7169333333335,9,0,949,-23.598533333333396,-0.02486673691605205,0.5732349841938883,0.9379103390621913,34.73933333333331,6,1,2253,-96.92093333333352,-0.0430186122207428,0.5419440745672437,0.8876853563912195,100.93186666666415,260,-23.075200000000322,0.45384615384615384,261,-21.610399999999725,0.46360153256704983,262,-4.9496000000000215,0.5687022900763359,261,-17.778666666666634,0.5402298850574713,260,-5.9085333333334145,0.5692307692307692,260,-1.4953333333333034,0.573076923076923,262,-4.494533333333413,0.5801526717557252,261,9.9944,0.6168582375478927,166,-27.60306666666669,0.4939759036144578
prev_0959_to_1000,0.0,10.0,10.0,1.0,1440,-3.101482086375577,1304,-75.23489999999975,-0.05769547546012251,0.4624233128834356,0.8635565337528236,88.62369999999979,10,1,949,-24.288999999999966,-0.025594309799789217,0.48366701791359323,0.9477606370840763,43.1,10,2,2253,-99.52389999999971,-0.04417394584997768,0.47137150466045274,0.9020776879590485,109.92689999999976,260,-18.500599999999984,0.4346153846153846,261,-30.827599999999915,0.4444444444444444,262,0.9475000000000602,0.4961832061068702,261,-22.713099999999983,0.4444444444444444,260,-4.141099999999916,0.49230769230769234,260,-23.80640000000003,0.45,262,8.329400000000055,0.5114503816793893,261,28.28800000000001,0.5517241379310345,166,-37.1,0.3855421686746988
prev_0959_to_1000,0.0,7.5,10.0,0.75,1440,-3.277066761528201,1304,-77.87629999999974,-0.05972108895705502,0.504601226993865,0.8471661595513524,91.08099999999978,8,0,949,-27.438799999999993,-0.028913382507903047,0.547945205479452,0.9328745739342822,33.10079999999998,9,2,2253,-105.31509999999973,-0.0467443852640922,0.5228584110075455,0.8853173830108291,113.00759999999971,260,-17.858500000000003,0.4461538461538462,261,-30.7597999999999,0.47126436781609193,262,-1.2092999999999847,0.5534351145038168,261,-23.00939999999996,0.49808429118773945,260,-5.039299999999887,0.5538461538461539,260,-21.84830000000002,0.5076923076923077,262,0.9715000000000149,0.5687022900763359,261,18.53800000000001,0.6091954022988506,166,-25.1,0.4819277108433735
prev_0959_to_1000,0.0,30.0,5.0,6.0,480,-3.3665720827804826,1304,-76.2585999999997,-0.05848052147239241,0.3282208588957055,0.903187384726635,108.94659999999944,17,1,949,-81.26600000000023,-0.08563329820864092,0.22128556375131717,0.8869257655531682,91.54200000000046,29,1,2253,-157.52459999999994,-0.06991770972037281,0.2831779849090102,0.8954289888506872,166.85759999999976,260,-11.394000000000325,0.4269230769230769,261,-31.920999999999776,0.367816091954023,262,-21.617199999999777,0.2748091603053435,261,-17.03479999999963,0.2681992337164751,260,5.7083999999997985,0.3038461538461538,260,-35.92899999999991,0.27307692307692305,262,-12.941000000000308,0.2595419847328244,261,27.008600000000023,0.21455938697318008,166,-59.40460000000003,0.09036144578313253
prev_0959_to_1000,0.0,25.0,5.0,5.0,480,-3.6811452467926933,1304,-83.04499999999966,-0.06368481595091999,0.3282208588957055,0.8945718432363484,119.37079999999952,17,1,949,-60.51020000000027,-0.06376206533192863,0.22866174920969443,0.9149774622872682,70.79700000000012,24,1,2253,-143.55519999999993,-0.06371735463826006,0.2862849533954727,0.9042575214647464,151.88819999999984,260,-11.394000000000325,0.4269230769230769,261,-31.649599999999783,0.367816091954023,262,-29.544199999999822,0.2748091603053435,261,-16.20259999999962,0.2681992337164751,260,5.745399999999885,0.3038461538461538,260,-32.523599999999945,0.27307692307692305,262,-9.27200000000026,0.2595419847328244,261,31.689999999999962,0.2260536398467433,166,-50.40460000000003,0.1144578313253012
prev_0959_to_1000,0.0,50.0,5.0,10.0,480,-3.696464877803236,1304,-84.77319999999976,-0.06501012269938632,0.32745398773006135,0.8925142970748565,116.62839999999947,17,1,949,-45.243200000000265,-0.04767460484720787,0.21496311907270813,0.9375694084140104,78.95300000000015,29,1,2253,-130.01640000000003,-0.05770812250332891,0.2800710164225477,0.9140892280952521,153.47479999999965,260,-11.394000000000325,0.4269230769230769,261,-31.14239999999977,0.367816091954023,262,-30.672599999999782,0.27099236641221375,261,-13.566999999999638,0.2681992337164751,260,2.002799999999752,0.3038461538461538,260,-32.84139999999993,0.27307692307692305,262,-2.478200000000337,0.2595419847328244,261,28.34100000000008,0.20306513409961685,166,-38.264600000000065,0.07228915662650602
prev_0959_to_1000,0.0,40.0,5.0,8.0,480,-3.72861698101065,1304,-85.57859999999978,-0.06562776073619615,0.32745398773006135,0.8914931136685924,117.4337999999995,17,1,949,-67.28000000000031,-0.07089567966280329,0.21707060063224448,0.9069041478021181,95.95300000000015,29,1,2253,-152.85860000000008,-0.06784669329782515,0.2809587217043941,0.8988621590949992,164.19159999999994,260,-11.394000000000325,0.4269230769230769,261,-29.920999999999776,0.367816091954023,262,-30.397199999999792,0.27099236641221375,261,-13.869199999999633,0.2681992337164751,260,0.00279999999975189,0.3038461538461538,260,-32.7157999999999,0.27307692307692305,262,-5.6500000000004125,0.2595419847328244,261,31.35040000000008,0.210727969348659,166,-60.264600000000065,0.07228915662650602
prev_0959_to_1000,0.0,30.0,5.0,6.0,720,-3.8190850348584373,1304,-88.79939999999982,-0.06809769938650292,0.299079754601227,0.8946961857704653,117.5881999999997,17,1,949,-87.04940000000025,-0.09172750263435221,0.19494204425711276,0.8831220026729729,102.87100000000038,29,1,2253,-175.8488000000001,-0.07805095428317803,0.25521526853084775,0.8892679684333787,182.55760000000006,260,-22.446599999999947,0.38846153846153847,261,-28.661999999999946,0.3371647509578544,262,-18.47059999999992,0.24045801526717558,261,-27.895999999999912,0.24904214559386972,260,8.675799999999885,0.28076923076923077,260,-41.90599999999982,0.22692307692307692,262,-6.632400000000278,0.22900763358778625,261,20.89359999999988,0.19540229885057472,166,-59.40460000000003,0.09036144578313253
prev_0959_to_1000,0.0,20.0,5.0,4.0,720,-3.930881310584744,1304,-90.99940000000005,-0.06978481595092029,0.3029141104294479,0.8916022390598539,121.78119999999987,16,1,949,-70.37560000000008,-0.0741576396206534,0.2160168598524763,0.9029018944282513,79.21720000000022,21,1,2253,-161.3750000000001,-0.07162671992898363,0.2663115845539281,0.8968377732991927,168.23340000000005,260,-19.492399999999954,0.38846153846153847,261,-24.6096,0.34099616858237547,262,-37.12719999999999,0.24427480916030533,261,-14.462400000000024,0.2567049808429119,260,4.692199999999907,0.2846153846153846,260,-36.986199999999826,0.23076923076923078,262,-2.8908000000003558,0.24045801526717558,261,23.90600000000013,0.22988505747126436,166,-54.40460000000003,0.13253012048192772
prev_0959_to_1000,0.0,20.0,5.0,4.0,480,-3.931657640355936,1304,-89.0855999999998,-0.06831717791411028,0.3289877300613497,0.8867593551129491,120.35639999999961,16,0,949,-62.33339999999994,-0.06568324552160162,0.23919915700737618,0.9111675141371761,67.79700000000012,21,1,2253,-151.41899999999976,-0.06720772303595196,0.29116733244562804,0.8982665013335228,158.99559999999968,260,-11.15040000000031,0.4269230769230769,261,-30.66079999999984,0.367816091954023,262,-31.396799999999896,0.2786259541984733,261,-15.513799999999677,0.2681992337164751,260,-0.3638000000000847,0.3038461538461538,260,-34.38539999999993,0.27692307692307694,262,-5.692800000000126,0.2633587786259542,261,32.149400000000156,0.24521072796934865,166,-54.40460000000003,0.13253012048192772
prev_0959_to_1000,0.0,25.0,5.0,5.0,720,-4.094252289262463,1304,-95.14059999999994,-0.07296058282208584,0.299079754601227,0.8871763990737946,125.77239999999988,17,1,949,-68.9646000000002,-0.07267081138040063,0.20337197049525815,0.9063983889001538,84.64319999999994,24,1,2253,-164.10520000000014,-0.07283852640923219,0.25876608965823344,0.8961397093725467,173.32299999999967,260,-22.446599999999947,0.38846153846153847,261,-24.103000000000023,0.3371647509578544,262,-30.885799999999975,0.24045801526717558,261,-23.20519999999992,0.24904214559386972,260,5.499999999999906,0.28076923076923077,260,-40.37499999999982,0.22692307692307692,262,-3.857400000000368,0.22900763358778625,261,25.672400000000017,0.210727969348659,166,-50.40460000000003,0.1144578313253012
prev_0959_to_1000,0.0,50.0,5.0,10.0,720,-4.118127085497724,1304,-95.65299999999988,-0.07335352760736187,0.2983128834355828,0.8867031179413756,126.57239999999975,17,1,949,-22.388400000000193,-0.023591570073762058,0.1886195995785037,0.9701801545734707,88.90559999999996,29,2,2253,-118.04140000000007,-0.05239298712827344,0.2521083000443853,0.925995506618822,169.61799999999957,260,-22.446599999999947,0.38846153846153847,261,-28.76599999999994,0.3371647509578544,262,-27.918999999999865,0.2366412213740458,261,-23.98179999999993,0.24904214559386972,260,7.460399999999797,0.28076923076923077,260,-32.08159999999975,0.22692307692307692,262,5.95979999999968,0.22900763358778625,261,37.32999999999992,0.1839080459770115,166,-33.59660000000004,0.07228915662650602
prev_0959_to_1000,0.0,40.0,5.0,8.0,720,-4.161081517548052,1304,-96.72939999999994,-0.0741789877300613,0.2983128834355828,0.8854281682393496,127.64879999999982,17,1,949,-47.62820000000025,-0.05018777660695495,0.19072708113804004,0.9363929952993404,90.60900000000001,29,2,2253,-144.3576000000002,-0.06407350199733697,0.2529960053262317,0.909383291447413,172.69099999999963,260,-22.446599999999947,0.38846153846153847,261,-26.661999999999946,0.3371647509578544,262,-29.588999999999892,0.2366412213740458,261,-23.492199999999958,0.24904214559386972,260,5.460399999999797,0.28076923076923077,260,-34.07819999999975,0.22692307692307692,262,5.492599999999635,0.22900763358778625,261,37.361999999999895,0.19157088122605365,166,-56.40460000000003,0.07228915662650602
prev_0959_to_1000,0.0,15.0,5.0,3.0,480,-4.187319191532808,1304,-98.06780000000012,-0.0752053680981596,0.33588957055214724,0.87403420201632,120.74239999999988,16,0,949,-50.97000000000003,-0.05370916754478401,0.26765015806111697,0.9244607547166453,63.199999999999996,21,1,2253,-149.03780000000017,-0.06615082112738578,0.3071460275188637,0.8974469952640782,159.6362000000001,260,-12.883600000000344,0.4269230769230769,261,-36.53059999999987,0.367816091954023,262,-23.846799999999988,0.2900763358778626,261,-20.548399999999763,0.2796934865900383,260,-4.258400000000165,0.3153846153846154,260,-45.33219999999997,0.27692307692307694,262,-6.727400000000216,0.2824427480916031,261,53.494200000000184,0.3065134099616858,166,-52.40460000000003,0.1686746987951807
prev_0959_to_1000,0.0,15.0,5.0,3.0,720,-4.363405234583112,1304,-103.84140000000016,-0.07963297546012282,0.31441717791411045,0.8744198769950571,127.93159999999995,15,1,949,-61.915000000000056,-0.06524236037934673,0.2507903055848261,0.9106525946607725,69.36419999999983,21,1,2253,-165.7564000000002,-0.07357141588992464,0.28761651131824234,0.8909398927324227,174.09719999999996,260,-21.42939999999994,0.38846153846153847,261,-34.57960000000003,0.34099616858237547,262,-26.922000000000068,0.26717557251908397,261,-25.931999999999967,0.2681992337164751,260,5.02159999999985,0.3076923076923077,260,-50.53299999999985,0.23846153846153847,262,-9.672200000000204,0.2633587786259542,261,50.694800000000036,0.30268199233716475,166,-52.40460000000003,0.1686746987951807
prev_0959_to_1000,0.0,10.0,5.0,2.0,480,-4.375576589115716,1304,-104.82280000000009,-0.08038558282208595,0.3604294478527607,0.8602087930347909,120.63460000000002,16,0,949,-67.15220000000004,-0.07076101159114861,0.31822971548998946,0.8932315640085615,68.15220000000004,21,2,2253,-171.97500000000014,-0.0763315579227697,0.34265423879272083,0.8752723736593819,175.01320000000007,260,-14.170000000000254,0.4269230769230769,261,-35.82079999999988,0.37547892720306514,262,-10.099199999999973,0.3473282442748092,261,-25.178199999999876,0.31800766283524906,260,-19.55460000000012,0.3346153846153846,260,-48.93659999999995,0.3,262,3.9473999999998357,0.3435114503816794,261,31.241600000000105,0.3716475095785441,166,-53.40460000000003,0.22289156626506024
prev_0959_to_1000,0.0,12.5,5.0,2.5,480,-4.389131177422909,1304,-103.6012000000002,-0.07944877300613512,0.34432515337423314,0.8650195068005405,124.65539999999996,16,0,949,-48.56800000000016,-0.051178082191780994,0.29083245521601686,0.9256376941315815,64.41920000000009,21,1,2253,-152.16920000000036,-0.06754070128717282,0.3217931646693298,0.8928879083700756,172.0150000000002,260,-11.84160000000038,0.4269230769230769,261,-36.44959999999983,0.367816091954023,262,-24.940400000000047,0.3053435114503817,261,-21.55699999999979,0.2988505747126437,260,-8.812600000000158,0.3230769230769231,260,-52.194,0.28076923076923077,262,-5.71100000000024,0.3015267175572519,261,58.24160000000011,0.3486590038314176,166,-48.90460000000003,0.19879518072289157
prev_0959_to_1000,0.0,10.0,5.0,2.0,720,-4.487523398129017,1304,-106.56020000000004,-0.08171794478527611,0.34892638036809814,0.8648156492845493,126.02320000000005,15,0,949,-71.78679999999994,-0.07564467860906211,0.3087460484720759,0.887892892101898,72.78679999999994,21,2,2253,-178.34699999999998,-0.07915978695073235,0.3320017754105637,0.8751595618534402,181.12859999999995,260,-22.09859999999994,0.4,261,-35.37600000000012,0.36015325670498083,262,-7.881400000000072,0.33969465648854963,261,-27.288599999999995,0.31800766283524906,260,-13.915599999999902,0.3269230769230769,260,-50.36719999999986,0.27307692307692305,262,0.8267999999999098,0.33587786259541985,261,31.158200000000036,0.3716475095785441,166,-53.40460000000003,0.22289156626506024
prev_0959_to_1000,0.0,4.0,5.0,0.8,480,-4.512020300821704,1304,-106.70700000000016,-0.08183052147239277,0.49079754601226994,0.8199731343978567,127.05320000000137,9,0,949,-43.41420000000007,-0.045747312961011664,0.523709167544784,0.9012497151053529,52.455200000000026,9,1,2253,-150.12120000000021,-0.06663169107856201,0.5046604527296937,0.8545850670557795,152.85780000000204,260,-28.768000000000345,0.4576923076923077,261,-32.164599999999794,0.4521072796934866,262,-22.29720000000002,0.4961832061068702,261,-18.17239999999997,0.5095785440613027,260,-5.304800000000025,0.5384615384615384,260,-4.322799999999962,0.5384615384615384,262,-15.778400000000104,0.5152671755725191,261,4.291600000000016,0.5593869731800766,166,-27.60460000000003,0.4578313253012048
prev_0959_to_1000,0.0,4.0,5.0,0.8,720,-4.553279656333045,1304,-107.46000000000043,-0.08240797546012303,0.49616564417177916,0.8236011949024579,128.8082000000017,11,0,949,-45.565200000000104,-0.04801390937829305,0.5226554267650158,0.8969964183439385,54.40740000000004,9,1,2253,-153.02520000000055,-0.06792063914780318,0.507323568575233,0.8544769498066187,156.5690000000017,260,-32.25520000000047,0.46153846153846156,261,-30.07039999999997,0.46360153256704983,262,-22.48120000000008,0.5,261,-17.902799999999978,0.5134099616858238,260,-4.7503999999999476,0.5423076923076923,260,-5.8558,0.5346153846153846,262,-16.39640000000009,0.5152671755725191,261,4.291600000000016,0.5593869731800766,166,-27.60460000000003,0.4578313253012048
prev_0959_to_1000,0.0,12.5,5.0,2.5,720,-4.572776710373297,1304,-108.13860000000014,-0.08292837423312895,0.325920245398773,0.8673424999944795,135.35639999999998,15,1,949,-54.12500000000001,-0.057033719704952586,0.2781875658587987,0.918967903354946,70.63039999999985,21,1,2253,-162.2636000000001,-0.072021127385708,0.3058144695960941,0.8905928232480169,180.1355999999999,260,-21.727999999999973,0.3923076923076923,261,-39.113800000000126,0.3448275862068966,262,-28.501600000000053,0.2824427480916031,261,-24.32819999999997,0.29118773946360155,260,5.532999999999994,0.3192307692307692,260,-53.91919999999986,0.25,262,-9.45940000000014,0.2862595419847328,261,58.158200000000036,0.3486590038314176,166,-48.90460000000003,0.19879518072289157
prev_0959_to_1000,0.0,5.0,5.0,1.0,720,-4.614044255659806,1304,-109.09680000000039,-0.08366319018404937,0.45015337423312884,0.835703330847476,130.27620000000042,11,0,949,-35.725400000000036,-0.03764531085353007,0.47523709167544786,0.9264971776055198,42.56760000000004,9,1,2253,-144.82220000000044,-0.06427971593431,0.4607190412782956,0.8740747039904894,148.8222000000004,260,-26.33440000000046,0.43846153846153846,261,-25.680799999999955,0.42911877394636017,262,-22.94320000000007,0.45038167938931295,261,-26.562999999999967,0.4482758620689655,260,-7.575399999999945,0.4846153846153846,260,-7.415999999999939,0.47692307692307695,262,-15.396400000000085,0.46564885496183206,261,15.491600000000018,0.524904214559387,166,-28.404600000000027,0.40963855421686746
prev_0959_to_1000,0.0,40.0,5.0,8.0,1440,-4.71602611376492,1304,-112.2011999999995,-0.08604386503067446,0.2745398773006135,0.8743663799966548,132.19059999999953,18,0,949,-12.235199999999889,-0.012892729188619483,0.1886195995785037,0.9839844640714637,92.2,29,2,2253,-124.4363999999994,-0.055231424766977094,0.23834886817576564,0.9249044441150758,178.38799999999918,260,-25.601600000000143,0.36923076923076925,261,-30.19559999999965,0.32950191570881227,262,-24.649599999999964,0.1984732824427481,261,-21.529399999999626,0.2222222222222222,260,-10.225000000000135,0.25384615384615383,260,-20.992999999999665,0.2423076923076923,262,10.130599999999959,0.22137404580152673,261,55.827199999999806,0.17624521072796934,166,-57.2,0.07228915662650602
prev_0959_to_1000,0.0,7.5,5.0,1.5,720,-4.750333012327592,1304,-113.04640000000003,-0.08669202453987733,0.38266871165644173,0.8484572171917859,132.71040000000005,15,0,949,-66.43520000000002,-0.07000547945205482,0.3677555321390938,0.8865416827200266,70.85860000000008,12,1,2253,-179.48160000000007,-0.07966338215712386,0.37638703950288505,0.8652052162442638,184.57140000000007,260,-20.782600000000095,0.40384615384615385,261,-35.58120000000004,0.3793103448275862,262,-13.752400000000078,0.38549618320610685,261,-33.802799999999934,0.3563218390804598,260,-9.127399999999898,0.38846153846153847,260,-42.63039999999987,0.3269230769230769,262,-8.39180000000015,0.38549618320610685,261,16.491600000000016,0.421455938697318,166,-31.904600000000027,0.3192771084337349
prev_0959_to_1000,0.0,5.0,5.0,1.0,480,-4.776298561693071,1304,-114.03840000000024,-0.0874527607361965,0.44631901840490795,0.8232336055549196,132.2066000000002,10,0,949,-31.10840000000003,-0.03278018967334039,0.4794520547945205,0.935296838679297,39.14940000000011,9,1,2253,-145.14680000000024,-0.06442379050155358,0.4602751886373724,0.871086342880052,147.66320000000024,260,-24.381800000000432,0.43846153846153846,261,-29.531199999999764,0.42528735632183906,262,-23.608600000000028,0.44656488549618323,261,-26.854199999999945,0.4444444444444444,260,-9.662600000000067,0.47692307692307695,260,-4.672999999999911,0.48846153846153845,262,-13.522400000000108,0.46946564885496184,261,15.491600000000018,0.524904214559387,166,-28.404600000000027,0.40963855421686746
prev_0959_to_1000,0.0,4.0,5.0,0.8,1440,-4.779400672299611,1304,-113.7806000000001,-0.08725506134969334,0.5015337423312883,0.81793793153107,132.98060000000135,7,0,949,-52.19140000000003,-0.054996206533192864,0.5226554267650158,0.883758575331287,60.19139999999998,9,1,2253,-165.97200000000015,-0.07366711051930766,0.5104305370616955,0.8454559743391287,169.37199999999868,260,-32.52560000000017,0.47692307692307695,261,-33.40519999999992,0.4789272030651341,262,-23.41440000000003,0.5,261,-17.33539999999998,0.5134099616858238,260,-7.100000000000002,0.5384615384615384,260,-8.254599999999982,0.5346153846153846,262,-18.140800000000038,0.5152671755725191,261,2.603999999999994,0.5593869731800766,166,-28.400000000000002,0.4578313253012048
prev_0959_to_1000,0.0,5.0,5.0,1.0,1440,-4.7998883422932765,1304,-114.12300000000005,-0.08751763803680986,0.45475460122699385,0.8329547151141855,134.12300000000002,10,0,949,-42.62880000000004,-0.044919704952581706,0.47523709167544786,0.9136419917152321,48.62880000000004,9,1,2253,-156.7518000000001,-0.06957470039946742,0.4633821571238349,0.8667999416730652,160.75180000000006,260,-28.50240000000017,0.4423076923076923,261,-26.77079999999987,0.4559386973180077,262,-25.21440000000002,0.44656488549618323,261,-24.53539999999998,0.4482758620689655,260,-9.100000000000001,0.4807692307692308,260,-10.092000000000008,0.47692307692307695,262,-17.140800000000034,0.46564885496183206,261,13.803999999999997,0.524904214559387,166,-29.2,0.40963855421686746
prev_0959_to_1000,0.0,7.5,5.0,1.5,480,-4.861842009001686,1304,-116.71679999999996,-0.08950674846625764,0.3880368098159509,0.836922387347334,133.35959999999992,16,0,949,-58.97640000000002,-0.06214583772391993,0.37513171759747105,0.8977315763408074,63.827800000000046,12,1,2253,-175.6932,-0.07798189081225033,0.38260097647581004,0.8640561759882192,179.30719999999997,260,-15.354200000000265,0.4269230769230769,261,-37.29339999999975,0.38697318007662834,262,-15.413799999999993,0.38549618320610685,261,-35.5097999999999,0.3524904214559387,260,-13.14560000000006,0.38846153846153847,260,-37.67419999999993,0.35,262,-6.063200000000143,0.3893129770992366,261,16.665600000000083,0.421455938697318,166,-31.904600000000027,0.3192771084337349
prev_0959_to_1000,0.0,20.0,5.0,4.0,1440,-4.864322548589502,1304,-114.26319999999967,-0.08762515337423288,0.2799079754601227,0.871129568563443,139.7415999999996,18,0,949,-58.26880000000001,-0.061400210748155964,0.21707060063224448,0.9209333717977491,72.2,21,1,2253,-172.5319999999997,-0.07657878384376374,0.2534398579671549,0.8937355645752368,180.94579999999956,260,-20.158200000000125,0.36923076923076925,261,-32.56739999999977,0.3333333333333333,262,-36.0273999999999,0.2099236641221374,261,-11.330199999999788,0.22988505747126436,260,-14.18000000000011,0.25769230769230766,260,-27.50779999999981,0.24615384615384617,262,-3.6036000000002346,0.23282442748091603,261,28.04260000000004,0.2260536398467433,166,-55.2,0.13253012048192772
prev_0959_to_1000,0.0,30.0,5.0,6.0,1440,-4.916809735713223,1304,-117.23279999999939,-0.08990245398772959,0.27607361963190186,0.8684377856777818,137.22219999999942,18,0,949,-53.61679999999997,-0.05649820864067436,0.19494204425711276,0.9292615344751202,88.19999999999999,29,1,2253,-170.84959999999936,-0.07583204616067438,0.24189968930315137,0.8963945585821774,191.70859999999917,260,-25.601600000000143,0.36923076923076925,261,-33.15019999999963,0.32950191570881227,262,-17.750999999999934,0.20610687022900764,261,-28.42959999999962,0.2222222222222222,260,-12.300400000000078,0.25384615384615383,260,-31.185999999999787,0.2423076923076923,262,-0.48440000000000794,0.22137404580152673,261,38.25359999999983,0.18773946360153257,166,-60.2,0.09036144578313253
prev_0959_to_1000,0.0,50.0,5.0,10.0,1440,-5.105032389656104,1304,-121.9521999999995,-0.09352162576687077,0.2745398773006135,0.8634480170143282,141.9415999999995,18,0,949,11.554800000000075,0.012175763962065411,0.18651211801896733,1.0150854184993385,79.62580000000005,29,2,2253,-110.39739999999942,-0.049000177541056116,0.23746116289391922,0.93345709159172,186.86979999999915,260,-25.601600000000143,0.36923076923076925,261,-31.10839999999962,0.32950191570881227,262,-30.055199999999925,0.1984732824427481,261,-27.81699999999965,0.2222222222222222,260,-7.370000000000163,0.25384615384615383,260,-19.72379999999966,0.2423076923076923,262,5.736199999999918,0.22137404580152673,261,58.742399999999826,0.1685823754789272,166,-33.2,0.07228915662650602
prev_0959_to_1000,0.0,10.0,5.0,2.0,1440,-5.125767587605351,1304,-121.73299999999989,-0.09335352760736187,0.3320552147239264,0.8518625696251889,144.00159999999988,15,0,949,-69.2756,-0.07299852476290832,0.3108535300316122,0.8931457795146462,70.27559999999998,21,2,2253,-191.0085999999999,-0.08477967154904567,0.3231247225920994,0.8700688943972967,196.82199999999986,260,-22.674000000000113,0.38076923076923075,261,-41.06759999999986,0.3524904214559387,262,-10.057999999999947,0.32061068702290074,261,-27.880200000000013,0.2950191570881226,260,-20.05319999999997,0.31153846153846154,260,-46.51999999999994,0.2846153846153846,262,0.6403999999999535,0.3320610687022901,261,30.803999999999995,0.3716475095785441,166,-54.2,0.22289156626506024
prev_0959_to_1000,0.0,12.5,5.0,2.5,1440,-5.130467542854541,1304,-121.96579999999975,-0.09353205521472373,0.30828220858895705,0.8567983723976377,149.7633999999998,15,1,949,-48.2712,-0.05086533192834563,0.2802950474183351,0.9287319353899522,67.03439999999996,21,1,2253,-170.23699999999977,-0.07556014203284499,0.29649356413670663,0.8886630805919798,193.34259999999972,260,-23.65320000000006,0.3730769230769231,261,-48.209999999999766,0.3371647509578544,262,-26.491199999999935,0.2633587786259542,261,-23.91759999999995,0.26436781609195403,260,0.30619999999994363,0.3038461538461538,260,-49.0235999999999,0.26153846153846155,262,-7.851600000000099,0.2824427480916031,261,58.303999999999995,0.3486590038314176,166,-49.7,0.19879518072289157
prev_0959_to_1000,0.0,7.5,5.0,1.5,1440,-5.291044442121692,1304,-126.3449999999999,-0.09689033742331281,0.3726993865030675,0.8369996426364401,146.90859999999984,15,0,949,-69.01280000000003,-0.07272160168598528,0.3698630136986301,0.883744184918252,73.51280000000001,12,1,2253,-195.3577999999999,-0.08671007545494892,0.3715046604527297,0.8572728193275354,202.94639999999987,260,-21.801800000000142,0.3923076923076923,261,-41.174599999999785,0.3793103448275862,262,-16.89180000000001,0.3702290076335878,261,-34.76619999999998,0.34099616858237547,260,-11.710599999999978,0.38076923076923075,260,-42.47599999999997,0.3346153846153846,262,-8.640800000000036,0.38549618320610685,261,14.803999999999997,0.421455938697318,166,-32.7,0.3192771084337349
prev_0959_to_1000,0.0,25.0,5.0,5.0,1440,-5.319609714705503,1304,-125.96359999999959,-0.09659785276073588,0.27607361963190186,0.858639816331281,150.4937999999996,18,0,949,-41.00699999999998,-0.04321074815595361,0.20337197049525815,0.9453209525544223,75.49640000000007,24,1,2253,-166.97059999999954,-0.0741103417665333,0.24545051043053706,0.8982532305107835,196.9841999999994,260,-23.285000000000174,0.36923076923076925,261,-31.148799999999667,0.32950191570881227,262,-31.144399999999994,0.20610687022900764,261,-27.56479999999965,0.2222222222222222,260,-12.8206000000001,0.25384615384615383,260,-29.27879999999977,0.2423076923076923,262,-0.5746000000000988,0.22137404580152673,261,40.0463999999999,0.20306513409961685,166,-51.2,0.1144578313253012
prev_0959_to_1000,0.0,15.0,5.0,3.0,1440,-5.398314184914884,1304,-128.75999999999962,-0.09874233128834327,0.294478527607362,0.851810180764879,150.49679999999967,18,0,949,-56.8174000000001,-0.059870811380400527,0.2507903055848261,0.9194031646131643,65.19719999999998,21,1,2253,-185.57739999999973,-0.08236901908566344,0.2760763426542388,0.8820865196406406,198.18399999999963,260,-23.605400000000103,0.36923076923076925,261,-45.03039999999969,0.3333333333333333,262,-25.763999999999896,0.24045801526717558,261,-26.31559999999986,0.24521072796934865,260,-8.044600000000083,0.2846153846153846,260,-45.50019999999991,0.25,262,-8.009800000000133,0.25572519083969464,261,49.892599999999945,0.2988505747126437,166,-53.2,0.1686746987951807
