family,variant,tp,sl,all_years_positive,positive_years,train_n,train_positive,train_negative,train_zero,train_win_rate,train_tp_count,train_sl_count,train_eod_count,train_net,train_ev,train_pf,train_max_dd,train_max_loss_streak,train_loss_streak_start,train_loss_streak_end,oos_n,oos_positive,oos_negative,oos_zero,oos_win_rate,oos_tp_count,oos_sl_count,oos_eod_count,oos_net,oos_ev,oos_pf,oos_max_dd,oos_max_loss_streak,oos_loss_streak_start,oos_loss_streak_end,all_n,all_positive,all_negative,all_zero,all_win_rate,all_tp_count,all_sl_count,all_eod_count,all_net,all_ev,all_pf,all_max_dd,all_max_loss_streak,all_loss_streak_start,all_loss_streak_end,net_2023,net_2024,net_2025,net_2026,robust_score
asia_close_10_14_largerange,"b=1.0,R>=40.0",30.0,50.0,True,4,46,32,14,0,0.6956521739130435,24,5,17,394.47299999999973,8.575499999999995,1.963939593871418,141.7529999999988,3,2025-11-21,2025-12-15,61,39,22,0,0.639344262295082,32,15,14,164.6199999999999,2.698688524590162,1.1902483560424828,259.9499999999998,3,2026-04-06,2026-04-10,107,71,36,0,0.6635514018691588,56,20,31,559.0929999999996,5.225168224299062,1.4386694598750902,342.4329999999982,3,2025-11-21,2025-12-15,16.24000000000001,60.0,318.2329999999997,164.6199999999999,5.889646486594147
asia_close_10_14_largerange,"b=2.0,R>=40.0",30.0,50.0,True,4,44,31,13,0,0.7045454545454546,23,4,17,374.1090000000004,8.502477272727281,1.9473656221669637,92.73299999999927,2,2025-11-03,2025-11-05,59,36,23,0,0.6101694915254238,30,15,14,94.86299999999937,1.607847457627108,1.1086860132192649,260.6799999999994,3,2026-01-27,2026-01-30,103,67,36,0,0.6504854368932039,53,19,31,468.97199999999975,4.553126213592231,1.3699360500934357,353.41299999999865,3,2026-01-27,2026-01-30,14.913000000000011,60.0,299.19600000000037,94.86299999999937,4.650223942405788
asia_close_10_14_largerange,"b=1.0,R>=40.0",20.0,50.0,True,4,46,35,11,0,0.7608695652173914,32,4,10,352.6360000000002,7.666000000000004,2.125169508019924,127.97999999999956,3,2025-11-21,2025-12-15,61,43,18,0,0.7049180327868853,42,14,5,99.94000000000051,1.6383606557377133,1.134261187312762,241.3099999999995,3,2026-07-06,2026-07-21,107,78,29,0,0.7289719626168224,74,18,15,452.5760000000007,4.229682242990661,1.4278557767847107,279.28999999999905,3,2025-11-21,2025-12-15,6.240000000000009,40.0,306.3960000000002,99.94000000000051,4.490282570859519
asia_close_10_14_largerange,"b=2.0,R>=40.0",20.0,50.0,True,4,44,35,9,0,0.7954545454545454,31,3,10,387.3990000000008,8.804522727272746,2.506720754217979,77.97999999999956,2,2025-11-03,2025-11-05,59,41,18,0,0.6949152542372882,40,14,5,55.13999999999942,0.9345762711864308,1.0736014522738488,231.3099999999995,3,2026-07-06,2026-07-21,103,76,27,0,0.7378640776699029,71,17,15,442.5390000000002,4.29649514563107,1.4397754510655043,269.28999999999905,3,2026-07-06,2026-07-21,4.913000000000011,40.0,342.4860000000008,55.13999999999942,4.225203281224288
asia_close_10_14_largerange,"b=1.0,R>=40.0",25.0,50.0,True,4,46,34,12,0,0.7391304347826086,27,4,15,380.2030000000002,8.265282608695657,2.0644576963995775,146.7529999999988,3,2025-11-21,2025-12-15,61,40,21,0,0.6557377049180327,35,15,11,67.97999999999956,1.1144262295081895,1.0810810810810805,304.9499999999998,3,2026-04-06,2026-04-10,107,74,33,0,0.6915887850467289,62,19,26,448.18299999999977,4.188626168224297,1.3748603211776513,401.7029999999986,3,2025-11-21,2025-12-15,11.240000000000009,50.0,318.9630000000002,67.97999999999956,3.942433282978395
asia_close_10_14_largerange,"b=2.0,R>=40.0",25.0,50.0,True,4,44,34,10,0,0.7727272727272727,27,3,14,431.61600000000044,9.809454545454555,2.4298217426880098,97.73299999999927,2,2025-11-03,2025-11-05,59,37,22,0,0.6271186440677966,33,15,11,11.2599999999984,0.19084745762709152,1.0133477163076832,304.9499999999998,3,2026-01-27,2026-01-30,103,71,32,0,0.6893203883495146,60,18,25,442.87599999999884,4.299766990291251,1.386636949270028,402.6829999999991,3,2026-01-27,2026-01-30,9.913000000000011,50.0,371.70300000000043,11.2599999999984,3.5898247191047985
asia_close_10_14_largerange,"b=2.0,R>=40.0",20.0,40.0,True,4,44,34,10,0,0.7727272727272727,30,4,10,357.3990000000008,8.122704545454564,2.338001752060923,75.92000000000007,3,2025-05-01,2025-05-13,59,39,20,0,0.6610169491525424,38,18,3,17.36999999999989,0.2944067796610151,1.0232548799100327,220.0,3,2026-03-12,2026-03-17,103,73,30,0,0.7087378640776699,68,22,13,374.7690000000007,3.638533980582531,1.3695749930477081,247.97999999999956,3,2025-05-01,2025-05-13,4.913000000000011,40.0,312.4860000000008,17.36999999999989,3.2897773704130393
asia_close_10_16_largerange,"b=1.0,R>=20.0",5.0,50.0,True,4,160,142,18,0,0.8875,141,5,14,215.73699999999826,1.348356249999989,1.4407959528100214,109.97000000000025,2,2024-08-01,2024-08-02,110,105,5,0,0.9545454545454546,105,5,0,275.0,2.5,2.1,60.0,1,2026-02-19,2026-02-19,270,247,23,0,0.9148148148148149,246,10,14,490.73699999999826,1.817544444444438,1.663672903035594,109.97000000000025,2,2024-08-01,2024-08-02,11.623000000000047,33.68899999999985,170.42499999999836,275.0,2.8476044444444373
asia_close_10_14_largerange,"b=1.0,R>=40.0",15.0,50.0,True,4,46,36,10,0,0.782608695652174,35,4,7,231.92600000000016,5.041869565217395,1.7909165623710523,127.97999999999956,3,2025-11-21,2025-12-15,61,46,15,0,0.7540983606557377,45,12,4,50.5600000000004,0.8288524590164,1.0804135188866806,200.6899999999996,3,2026-07-06,2026-07-21,107,82,25,0,0.7663551401869159,80,16,11,282.48600000000056,2.64005607476636,1.3063882679473795,208.66999999999916,3,2025-11-21,2025-12-15,1.240000000000009,30.0,200.68600000000015,50.5600000000004,2.637142304274562
14_15_mom_fade,th=12.0,7.5,25.0,True,4,29,24,5,0,0.8275862068965517,24,4,1,66.48399999999992,2.2925517241379283,1.5856795517812456,38.516000000000076,2,2025-05-12,2025-05-14,55,45,10,0,0.8181818181818182,45,10,0,87.5,1.5909090909090908,1.35,85.0,2,2026-02-05,2026-02-06,84,69,15,0,0.8214285714285714,69,14,1,153.98399999999992,1.8331428571428563,1.4235962103456241,85.0,2,2025-05-12,2025-05-14,7.5,22.5,36.483999999999924,87.5,2.458597402597402
asia_close_10_16_largerange,"b=1.0,R>=40.0",5.0,50.0,True,4,53,47,6,0,0.8867924528301887,46,2,5,69.58599999999933,1.3129433962264025,1.4333497325270683,66.96700000000055,2,2025-12-15,2025-12-17,81,76,5,0,0.9382716049382716,76,5,0,130.0,1.6049382716049383,1.52,70.0,1,2026-02-19,2026-02-19,134,123,11,0,0.917910447761194,122,7,5,199.58599999999933,1.4894477611940249,1.4861110096279115,70.0,2,2025-12-15,2025-12-17,10.0,10.0,49.58599999999933,130.0,2.151916896996494
asia_close_10_16_largerange,"b=0.0,R>=20.0",5.0,50.0,True,4,167,147,20,0,0.8802395209580839,146,6,15,154.97099999999955,0.9279700598802368,1.2691735174014154,144.83400000000074,3,2025-07-09,2025-07-15,114,108,6,0,0.9473684210526315,108,6,0,240.0,2.1052631578947367,1.8,110.0,1,2026-02-04,2026-02-04,281,255,26,0,0.9074733096085409,254,12,15,394.97099999999955,1.4055907473309592,1.4510196647593028,164.83400000000074,3,2025-07-09,2025-07-15,11.623000000000047,27.399000000000342,115.94899999999916,240.0,2.128554326278326
asia_close_10_14_largerange,"b=1.0,R>=20.0",5.0,50.0,True,4,128,114,14,0,0.890625,113,4,11,175.02399999999852,1.3673749999999885,1.4486195945547558,139.97000000000025,2,2025-07-09,2025-07-15,82,77,5,0,0.9390243902439024,77,5,0,135.0,1.646341463414634,1.54,60.0,1,2026-02-19,2026-02-19,210,191,19,0,0.9095238095238095,190,9,11,310.0239999999985,1.476304761904755,1.4843073145051275,139.97000000000025,2,2025-07-09,2025-07-15,6.623000000000047,53.68899999999985,114.71199999999862,135.0,2.0195354936120715
asia_close_10_16_largerange,"b=1.0,R>=20.0",5.0,40.0,True,4,160,140,20,0,0.875,139,9,12,167.53399999999783,1.0470874999999864,1.317522349984548,91.5600000000004,2,2024-08-01,2024-08-02,110,102,8,0,0.9272727272727272,102,8,0,190.0,1.7272727272727273,1.59375,65.0,1,2026-01-27,2026-01-27,270,242,28,0,0.8962962962962963,241,17,12,357.53399999999783,1.324199999999992,1.4218048226287643,91.5600000000004,2,2024-08-01,2024-08-02,11.623000000000047,43.68899999999985,112.22199999999793,190.0,2.004716363636355
asia_close_10_12_largerange,"b=1.0,R>=20.0",5.0,50.0,True,4,109,99,10,0,0.908256880733945,98,4,7,197.79799999999932,1.8146605504587094,1.6765447300463423,101.5600000000004,1,2023-01-03,2023-01-03,71,66,5,0,0.9295774647887324,66,5,0,80.0,1.1267605633802817,1.32,65.0,1,2026-02-19,2026-02-19,180,165,15,0,0.9166666666666666,164,9,7,277.7979999999993,1.5433222222222185,1.512197505369998,101.5600000000004,1,2023-01-03,2023-01-03,6.623000000000047,57.248999999999796,133.92599999999948,80.0,1.9035825039123584
asia_close_10_14_largerange,"b=1.0,R>=40.0",15.0,40.0,True,4,46,35,11,0,0.7608695652173914,34,5,7,216.92600000000016,4.715782608695656,1.7397633995709965,107.97999999999956,3,2025-05-08,2025-05-13,61,43,18,0,0.7049180327868853,42,15,4,5.5600000000004,0.09114754098361312,1.008842942345925,215.0,3,2026-07-06,2026-07-21,107,78,29,0,0.7289719626168224,76,20,11,222.48600000000056,2.0793084112149587,1.2413114284691655,232.97999999999956,3,2025-05-08,2025-05-13,1.240000000000009,30.0,185.68600000000015,5.5600000000004,1.658922181706766
asia_close_10_16_largerange,"b=1.0,R>=20.0",5.0,35.0,True,4,160,138,22,0,0.8625,137,14,9,80.06399999999849,0.5003999999999905,1.1323155384490775,122.00400000000081,2,2024-08-01,2024-08-02,110,101,9,0,0.9181818181818182,101,9,0,190.0,1.7272727272727273,1.6031746031746033,80.0,1,2026-01-27,2026-01-27,270,239,31,0,0.8851851851851852,238,23,9,270.0639999999985,1.0002370370370315,1.2935162411870875,122.00400000000081,2,2024-08-01,2024-08-02,11.623000000000047,42.248999999999796,26.191999999998643,190.0,1.6198654006733937
asia_close_10_16_largerange,"b=0.0,R>=20.0",5.0,40.0,True,4,167,146,21,0,0.874251497005988,145,9,13,160.98799999999892,0.9639999999999935,1.2850798283018576,121.97700000000032,3,2025-07-09,2025-07-15,114,105,9,0,0.9210526315789473,105,9,0,165.0,1.4473684210526316,1.4583333333333333,140.0,1,2026-01-27,2026-01-27,281,251,30,0,0.8932384341637011,250,18,13,325.9879999999989,1.16009964412811,1.3525292199084673,162.2040000000011,3,2025-07-09,2025-07-15,11.623000000000047,37.39900000000034,111.96599999999853,165.0,1.5593758546544234
13_14_mom_fade,th=5.0,5.0,25.0,True,4,138,115,23,0,0.8333333333333334,115,15,8,96.06300000000033,0.6961086956521763,1.2005754410287792,95.0,3,2025-11-28,2025-12-03,92,81,11,0,0.8804347826086957,81,11,0,130.0,1.4130434782608696,1.4727272727272727,65.0,2,2026-03-18,2026-03-19,230,196,34,0,0.8521739130434782,196,26,8,226.06300000000033,0.9828826086956536,1.2998433556119415,95.0,3,2025-11-28,2025-12-03,16.343000000000075,16.920000000000073,62.80000000000018,130.0,1.4994043478260886
13_14_mom_fade,th=5.0,5.0,40.0,True,4,138,119,19,0,0.8623188405797102,119,5,14,167.76600000000076,1.2156956521739186,1.392679421581618,75.0,2,2024-01-02,2024-01-03,92,84,8,0,0.9130434782608695,84,8,0,100.0,1.0869565217391304,1.3125,105.0,2,2026-03-18,2026-03-19,230,203,27,0,0.8826086956521739,203,13,14,267.76600000000076,1.1642000000000032,1.3583429019557476,105.0,2,2024-01-02,2024-01-03,17.013000000000147,21.76299999999992,128.9900000000007,100.0,1.4976782608695685
14_15_mom_fade,th=12.0,7.5,30.0,True,4,29,24,5,0,0.8275862068965517,24,4,1,46.483999999999924,1.6028965517241354,1.348153030348422,43.516000000000076,2,2025-05-12,2025-05-14,55,45,10,0,0.8181818181818182,45,9,1,55.659999999999854,1.0119999999999973,1.197487936417825,112.5,2,2026-02-05,2026-02-06,84,69,15,0,0.8214285714285714,69,13,2,102.14399999999978,1.2159999999999973,1.2459191633201392,112.5,2,2025-05-12,2025-05-14,7.5,22.5,16.483999999999924,55.659999999999854,1.496999999999996
asia_close_10_16_largerange,"b=2.0,R>=20.0",5.0,50.0,True,4,152,134,18,0,0.881578947368421,133,5,14,218.45999999999867,1.4372368421052544,1.489049771324567,88.63700000000017,2,2024-08-01,2024-08-02,108,100,8,0,0.9259259259259259,100,8,0,100.0,0.9259259259259259,1.25,100.0,1,2026-01-08,2026-01-08,260,234,26,0,0.9,233,13,14,318.4599999999987,1.2248461538461488,1.3761177177829749,100.0,2,2024-08-01,2024-08-02,11.623000000000047,10.411999999999807,196.42499999999882,100.0,1.4878091168091119
13_14_mom_fade,th=5.0,5.0,35.0,True,4,138,119,19,0,0.8623188405797102,119,8,11,156.57600000000025,1.1346086956521757,1.357133733554733,70.0,2,2024-01-02,2024-01-03,92,83,9,0,0.9021739130434783,83,9,0,100.0,1.0869565217391304,1.3174603174603174,90.0,2,2026-03-18,2026-03-19,230,202,28,0,0.8782608695652174,202,17,11,256.57600000000025,1.1155478260869576,1.3405466244770545,90.0,2,2024-01-02,2024-01-03,17.013000000000147,26.76299999999992,112.80000000000018,100.0,1.4790260869565228
asia_close_10_16_largerange,"b=1.0,R>=20.0",5.0,30.0,True,4,160,138,22,0,0.8625,137,16,7,147.03099999999904,0.918943749999994,1.2732247849969873,90.0,2,2024-08-01,2024-08-02,110,98,12,0,0.8909090909090909,98,12,0,130.0,1.1818181818181819,1.3611111111111112,80.0,1,2026-01-16,2026-01-16,270,236,34,0,0.8740740740740741,235,28,7,277.03099999999904,1.0260407407407373,1.3084524323818756,91.5600000000004,2,2024-08-01,2024-08-02,11.623000000000047,52.248999999999796,83.1589999999992,130.0,1.4338298316498272
13_14_mom_fade,th=5.0,5.0,30.0,True,4,138,118,20,0,0.855072463768116,118,9,11,161.57600000000025,1.1708405797101467,1.3771404029652876,80.0,2,2024-01-02,2024-01-03,92,81,11,0,0.8804347826086957,81,11,0,75.0,0.8152173913043478,1.2272727272727273,90.0,2,2026-03-18,2026-03-19,230,199,31,0,0.8652173913043478,199,20,11,236.57600000000025,1.0285913043478272,1.3119310570340605,90.0,2,2024-01-02,2024-01-03,17.013000000000147,31.76299999999992,112.80000000000018,75.0,1.256200000000001
asia_close_10_14_largerange,"b=0.0,R>=20.0",5.0,50.0,True,4,136,121,15,0,0.8897058823529411,120,5,11,141.26800000000003,1.0387352941176473,1.3074840237510668,183.27400000000034,3,2025-07-09,2025-07-15,89,83,6,0,0.9325842696629213,83,6,0,115.0,1.2921348314606742,1.3833333333333333,140.0,1,2026-02-04,2026-02-04,225,204,21,0,0.9066666666666666,203,11,11,256.26800000000003,1.138968888888889,1.3374469340243762,268.27400000000034,3,2025-07-09,2025-07-15,6.623000000000047,64.9390000000003,69.70599999999968,115.0,1.2484883046192254
asia_close_10_12_largerange,"b=0.0,R>=20.0",5.0,50.0,True,4,118,105,13,0,0.8898305084745762,104,5,9,98.08800000000019,0.8312542372881372,1.2320994197987758,195.01400000000012,3,2025-07-09,2025-07-15,76,71,5,0,0.9342105263157895,71,5,0,105.0,1.381578947368421,1.42,105.0,1,2026-02-04,2026-02-04,194,176,18,0,0.9072164948453608,175,10,9,203.0880000000002,1.0468453608247432,1.301939305275553,250.01400000000012,3,2025-07-09,2025-07-15,6.623000000000047,68.49900000000025,22.965999999999894,105.0,1.2376068345089535
asia_close_10_12_largerange,"b=1.0,R>=30.0",5.0,50.0,True,4,58,53,5,0,0.9137931034482759,52,3,3,70.48599999999988,1.2152758620689634,1.3716106855338277,65.40700000000015,1,2025-05-13,2025-05-13,65,60,5,0,0.9230769230769231,60,5,0,50.0,0.7692307692307693,1.2,65.0,1,2026-02-19,2026-02-19,123,113,10,0,0.9186991869918699,112,8,3,120.48599999999988,0.9795609756097551,1.2740329833036521,70.40700000000015,1,2025-05-13,2025-05-13,10.0,5.0,55.485999999999876,50.0,1.2233623602251396
asia_close_10_16_largerange,"b=2.0,R>=20.0",5.0,40.0,True,4,152,132,20,0,0.868421052631579,131,8,13,143.42999999999802,0.9436184210526185,1.2802828818934824,85.10700000000088,2,2024-08-01,2024-08-02,108,98,10,0,0.9074074074074074,98,10,0,90.0,0.8333333333333334,1.225,90.0,1,2026-01-08,2026-01-08,260,230,30,0,0.8846153846153846,229,18,13,233.42999999999802,0.8978076923076846,1.2560289031986311,100.10700000000088,2,2024-08-01,2024-08-02,11.623000000000047,20.411999999999807,111.39499999999816,90.0,1.1142603589743496
13_14_mom_fade,th=5.0,5.0,50.0,True,4,138,121,17,0,0.8768115942028986,120,3,15,223.99600000000078,1.6231594202898607,1.5937852897670974,95.0,2,2024-01-02,2024-01-03,92,84,8,0,0.9130434782608695,84,7,1,41.24000000000069,0.44826086956522493,1.1088816136867694,135.0,2,2026-03-18,2026-03-19,230,205,25,0,0.8913043478260869,204,10,16,265.23600000000147,1.1532000000000064,1.3508440543178941,135.0,2,2024-01-02,2024-01-03,17.013000000000147,62.99299999999994,143.9900000000007,41.24000000000069,1.107330434782619
asia_close_10_12_largerange,"b=1.0,R>=20.0",5.0,40.0,True,4,109,97,12,0,0.8899082568807339,96,6,7,147.79799999999932,1.355944954128434,1.444685812284684,111.5600000000004,1,2023-01-03,2023-01-03,71,64,7,0,0.9014084507042254,64,7,0,40.0,0.5633802816901409,1.1428571428571428,60.0,1,2026-01-27,2026-01-27,180,161,19,0,0.8944444444444445,160,13,7,187.79799999999932,1.0433222222222185,1.3066765736121417,116.96700000000055,1,2023-01-03,2023-01-03,6.623000000000047,57.248999999999796,83.92599999999948,40.0,1.0910783630672878
14_15_mom_fade,th=12.0,5.0,25.0,True,4,29,25,4,0,0.8620689655172413,25,3,1,36.483999999999924,1.2580689655172388,1.4121740702245908,38.516000000000076,2,2025-05-12,2025-05-14,55,47,8,0,0.8545454545454545,47,8,0,35.0,0.6363636363636364,1.175,75.0,2,2026-02-05,2026-02-06,84,72,12,0,0.8571428571428571,72,11,1,71.48399999999992,0.8509999999999991,1.2477644220771116,75.0,2,2025-05-12,2025-05-14,5.0,15.0,16.483999999999924,35.0,1.0191818181818173
asia_close_10_14_largerange,"b=1.0,R>=40.0",5.0,50.0,True,4,46,42,4,0,0.9130434782608695,41,2,3,65.48599999999988,1.4236086956521712,1.4688388209941494,65.40700000000015,1,2025-05-13,2025-05-13,61,56,5,0,0.9180327868852459,56,5,0,30.0,0.4918032786885246,1.12,70.0,1,2026-02-19,2026-02-19,107,98,9,0,0.9158878504672897,97,7,3,95.48599999999988,0.8923925233644848,1.2450388398596783,70.40700000000015,1,2025-05-13,2025-05-13,10.0,10.0,45.485999999999876,30.0,0.9974801627087467
13_14_mom_fade,th=5.0,7.5,50.0,True,4,138,107,31,0,0.7753623188405797,103,5,30,119.79500000000166,0.8680797101449396,1.180353043020064,135.0,2,2024-01-02,2024-01-03,92,81,11,0,0.8804347826086957,81,10,1,78.74000000000069,0.8558695652173988,1.1489144413344443,167.5,2,2026-03-18,2026-03-19,230,188,42,0,0.8173913043478261,184,15,31,198.53500000000236,0.8631956521739232,1.1664186892542678,167.5,2,2024-01-02,2024-01-03,33.24300000000039,0.9519999999995434,85.60000000000173,78.74000000000069,0.9561304347826227
13_14_mom_fade,th=8.0,5.0,50.0,True,4,59,54,5,0,0.9152542372881356,53,2,4,94.21000000000049,1.5967796610169576,1.5476688757121309,74.03999999999951,2,2025-05-28,2025-05-29,60,55,5,0,0.9166666666666666,55,5,0,25.0,0.4166666666666667,1.1,135.0,2,2026-03-18,2026-03-19,119,109,10,0,0.9159663865546218,108,7,4,119.21000000000049,1.001764705882357,1.282474764229185,135.0,2,2025-05-28,2025-05-29,5.0,13.25,75.96000000000049,25.0,0.9400980392156904
asia_close_10_12_largerange,"b=0.0,R>=20.0",5.0,40.0,True,4,118,104,14,0,0.8813559322033898,103,7,8,105.71799999999985,0.8959152542372868,1.257860101175173,146.97700000000032,3,2025-07-09,2025-07-15,76,69,7,0,0.9078947368421053,69,7,0,65.0,0.8552631578947368,1.2321428571428572,100.0,1,2026-01-27,2026-01-27,194,173,21,0,0.8917525773195877,172,14,8,170.71799999999985,0.8799896907216487,1.2474238458394564,212.38400000000047,3,2025-07-09,2025-07-15,6.623000000000047,68.49900000000025,30.59599999999955,65.0,0.8828532696690161
13_14_mom_fade,th=5.0,5.0,20.0,True,4,138,113,25,0,0.8188405797101449,113,21,4,103.93300000000022,0.7531376811594219,1.2254184315945411,80.0,3,2025-11-28,2025-12-03,92,76,16,0,0.8260869565217391,76,16,0,60.0,0.6521739130434783,1.1875,90.0,3,2026-03-18,2026-03-20,230,189,41,0,0.8217391304347826,189,37,4,163.93300000000022,0.7127521739130445,1.2098834030883399,90.0,3,2025-11-28,2025-12-03,21.343000000000075,22.590000000000146,60.0,60.0,0.8588391304347838
asia_close_10_16_largerange,"b=1.0,R>=20.0",5.0,15.0,True,4,160,123,37,0,0.76875,123,37,0,60.0,0.375,1.1081081081081081,60.0,2,2024-08-01,2024-08-02,110,87,23,0,0.7909090909090909,87,23,0,90.0,0.8181818181818182,1.2608695652173914,55.0,3,2026-05-18,2026-05-21,270,210,60,0,0.7777777777777778,210,60,0,150.0,0.5555555555555556,1.1666666666666667,60.0,3,2026-05-18,2026-05-21,5.0,25.0,30.0,90.0,0.8446464646464648
asia_close_10_14_largerange,"b=1.0,R>=20.0",5.0,40.0,True,4,128,112,16,0,0.875,111,7,10,128.43399999999838,1.0033906249999873,1.3009732171940456,131.5600000000004,2,2025-07-09,2025-07-15,82,74,8,0,0.9024390243902439,74,8,0,50.0,0.6097560975609756,1.15625,90.0,1,2026-01-27,2026-01-27,210,186,24,0,0.8857142857142857,185,15,10,178.43399999999838,0.8496857142857066,1.2389541587376385,166.66700000000128,2,2025-07-09,2025-07-15,6.623000000000047,53.68899999999985,68.12199999999848,50.0,0.8212297630661919
asia_close_10_16_largerange,"b=2.0,R>=20.0",5.0,35.0,True,4,152,130,22,0,0.8552631578947368,129,13,10,51.5699999999988,0.33927631578946577,1.0868777091374033,90.40700000000015,2,2024-08-01,2024-08-02,108,97,11,0,0.8981481481481481,97,11,0,100.0,0.9259259259259259,1.2597402597402598,70.0,1,2026-01-08,2026-01-08,260,227,33,0,0.8730769230769231,226,24,10,151.5699999999988,0.5829615384615339,1.1548856368275664,120.40700000000015,2,2024-08-01,2024-08-02,11.623000000000047,19.58199999999988,20.364999999998872,100.0,0.8051105014244966
asia_close_10_12_largerange,"b=2.0,R>=20.0",5.0,50.0,True,4,103,91,12,0,0.883495145631068,90,4,9,137.8109999999997,1.337970873786405,1.4412041542874692,71.5600000000004,1,2023-01-03,2023-01-03,69,63,6,0,0.9130434782608695,63,6,0,15.0,0.21739130434782608,1.05,80.0,1,2026-01-27,2026-01-27,172,154,18,0,0.8953488372093024,153,10,9,152.8109999999997,0.8884360465116261,1.2495476457984944,101.9369999999999,1,2023-01-03,2023-01-03,6.623000000000047,57.248999999999796,73.93899999999985,15.0,0.7932576986855394
asia_close_10_14_largerange,"b=2.0,R>=20.0",5.0,50.0,True,4,121,106,15,0,0.8760330578512396,105,4,12,157.83699999999862,1.3044380165289142,1.429691881326119,71.5600000000004,1,2023-01-03,2023-01-03,80,73,7,0,0.9125,73,7,0,15.0,0.1875,1.042857142857143,120.0,1,2026-01-27,2026-01-27,201,179,22,0,0.8905472636815921,178,11,12,172.83699999999862,0.8598855721392966,1.2409462364392176,120.07700000000023,1,2023-01-03,2023-01-03,6.623000000000047,43.07899999999972,108.13499999999885,15.0,0.7134815721392962
asia_close_10_16_largerange,"b=0.0,R>=20.0",5.0,30.0,True,4,167,143,24,0,0.8562874251497006,142,18,7,104.46199999999953,0.6255209580838296,1.1723118643173134,126.5600000000004,3,2025-07-09,2025-07-15,114,100,14,0,0.8771929824561403,100,14,0,80.0,0.7017543859649122,1.1904761904761905,130.0,1,2026-01-16,2026-01-16,281,243,38,0,0.8647686832740213,242,32,7,184.46199999999953,0.6564483985765108,1.179745828940265,206.5600000000004,3,2025-07-09,2025-07-15,11.623000000000047,45.95900000000029,46.8799999999992,80.0,0.5942055915589661
asia_close_10_12_largerange,"b=1.0,R>=20.0",5.0,35.0,True,4,109,95,14,0,0.8715596330275229,94,9,6,77.0679999999993,0.7070458715596266,1.19605438888818,131.5600000000004,1,2023-01-03,2023-01-03,71,63,8,0,0.8873239436619719,63,8,0,35.0,0.49295774647887325,1.125,90.0,1,2026-01-27,2026-01-27,180,158,22,0,0.8777777777777778,157,17,6,112.0679999999993,0.6225999999999962,1.1664965569496122,161.96700000000055,1,2023-01-03,2023-01-03,6.623000000000047,57.248999999999796,13.195999999999458,35.0,0.5451448732394317
asia_close_10_14_largerange,"b=0.0,R>=20.0",5.0,40.0,True,4,136,120,16,0,0.8823529411764706,119,7,10,148.89799999999968,1.0948382352941153,1.3332527607307032,141.97700000000032,3,2025-07-09,2025-07-15,89,80,9,0,0.898876404494382,80,9,0,40.0,0.449438202247191,1.1111111111111112,170.0,1,2026-01-27,2026-01-27,225,200,25,0,0.8888888888888888,199,16,10,188.89799999999968,0.8395466666666652,1.2341317944179608,265.6440000000007,3,2025-07-09,2025-07-15,6.623000000000047,64.9390000000003,77.33599999999933,40.0,0.5329777677902593
prevclose_gap_cont,th=15.0,7.5,35.0,True,4,149,117,32,0,0.785234899328859,115,14,20,192.50300000000016,1.291966442953021,1.2848014557935854,155.5239999999999,3,2023-10-16,2024-04-01,129,106,23,0,0.8217054263565892,106,21,2,30.989999999999327,0.24023255813952968,1.0405622963050212,200.0,2,2026-02-26,2026-03-02,278,223,55,0,0.802158273381295,221,35,22,223.49299999999948,0.8039316546762572,1.1552110172022247,200.0,3,2023-10-16,2024-04-01,0.018000000000029104,126.53999999999951,65.94500000000062,30.989999999999327,0.524047933746022
asia_close_10_12_largerange,"b=1.0,R>=20.0",5.0,30.0,True,4,109,95,14,0,0.8715596330275229,94,11,4,119.03499999999985,1.092064220183485,1.339007427490829,105.0,1,2023-01-03,2023-01-03,71,61,10,0,0.8591549295774648,61,10,0,5.0,0.07042253521126761,1.0166666666666666,75.0,2,2026-07-15,2026-07-21,180,156,24,0,0.8666666666666667,155,21,4,124.03499999999985,0.6890833333333325,1.1904924991706698,120.0,2,2026-07-15,2026-07-21,6.623000000000047,57.248999999999796,55.16300000000001,5.0,0.48429460093896626
asia_close_10_14_largerange,"b=1.0,R>=20.0",5.0,30.0,True,4,128,110,18,0,0.859375,109,14,5,87.93099999999959,0.6869609374999968,1.1923115617454585,120.0,2,2025-07-09,2025-07-15,82,71,11,0,0.8658536585365854,71,11,0,25.0,0.3048780487804878,1.0757575757575757,85.0,2,2026-07-15,2026-07-21,210,181,29,0,0.861904761904762,180,25,5,112.93099999999959,0.5377666666666647,1.1434532640949548,160.0,2,2025-07-09,2025-07-15,6.623000000000047,52.248999999999796,29.05899999999974,25.0,0.37020569105690865
asia_close_10_16_largerange,"b=1.0,R>=20.0",5.0,25.0,True,4,160,134,26,0,0.8375,133,22,5,83.17099999999937,0.519818749999996,1.1429074626455333,111.10400000000027,2,2024-08-01,2024-08-02,110,93,17,0,0.8454545454545455,93,17,0,40.0,0.36363636363636365,1.0941176470588236,90.0,2,2026-08-04,2026-08-05,270,227,43,0,0.8407407407407408,226,39,5,123.17099999999937,0.45618888888888653,1.1223157681491007,142.66400000000067,2,2024-08-01,2024-08-02,11.623000000000047,49.04899999999998,22.49899999999934,40.0,0.35267907070706705
14_15_mom_fade,th=12.0,5.0,30.0,True,4,29,25,4,0,0.8620689655172413,25,3,1,21.483999999999924,0.7408275862068939,1.207542795316665,45.0,2,2025-05-12,2025-05-14,55,47,8,0,0.8545454545454545,47,7,1,13.159999999999854,0.23927272727272464,1.0593220338983045,100.0,2,2026-02-05,2026-02-06,84,72,12,0,0.8571428571428571,72,10,2,34.64399999999978,0.4124285714285688,1.1064802862095666,110.0,2,2025-05-12,2025-05-14,5.0,15.0,1.4839999999999236,13.159999999999854,0.31206493506493116
14_15_mom_fade,th=3.0,5.0,15.0,True,4,293,224,69,0,0.764505119453925,221,55,17,214.99300000000017,0.7337645051194545,1.2403767889087658,121.67100000000073,3,2024-11-06,2024-11-11,129,97,32,0,0.751937984496124,97,32,0,5.0,0.03875968992248062,1.0104166666666667,90.0,3,2026-02-04,2026-02-06,422,321,101,0,0.7606635071090048,318,87,17,219.99300000000017,0.5213104265402847,1.1600647555296857,121.67100000000073,3,2024-11-06,2024-11-11,117.96100000000024,45.942000000000235,51.08999999999969,5.0,0.29734827150152354
10_11_mom_cont,th=8.0,5.0,15.0,True,4,100,77,23,0,0.77,77,22,1,54.733000000000175,0.5473300000000018,1.1657234903880807,50.0,3,2025-08-07,2025-08-12,58,44,14,0,0.7586206896551724,44,14,0,10.0,0.1724137931034483,1.0476190476190477,60.0,3,2026-01-06,2026-01-13,158,121,37,0,0.7658227848101266,121,36,1,64.73300000000017,0.40970253164557074,1.1198166832325502,105.0,3,2025-08-07,2025-08-12,9.733000000000175,25.0,20.0,10.0,0.2859094281972949
asia_close_10_16_largerange,"b=0.0,R>=20.0",5.0,15.0,True,4,167,128,39,0,0.7664670658682635,128,38,1,62.25,0.3727544910179641,1.10774556469061,70.0,3,2025-07-09,2025-07-15,114,87,27,0,0.7631578947368421,87,27,0,30.0,0.2631578947368421,1.0740740740740742,90.0,3,2026-08-03,2026-08-05,281,215,66,0,0.7651245551601423,215,65,1,92.25,0.32829181494661924,1.0938692444670568,90.0,3,2025-07-09,2025-07-15,5.0,20.0,37.25,30.0,0.2798707623150403
asia_close_10_16_largerange,"b=2.0,R>=20.0",5.0,30.0,True,4,152,130,22,0,0.8552631578947368,129,15,8,113.53699999999935,0.7469539473684168,1.21356555172245,70.0,2,2024-08-01,2024-08-02,108,93,15,0,0.8611111111111112,93,15,0,15.0,0.1388888888888889,1.0333333333333334,135.0,2,2026-04-10,2026-04-13,260,223,37,0,0.8576923076923076,222,30,8,128.53699999999935,0.4943730769230744,1.130942945683997,165.0,2,2024-08-01,2024-08-02,11.623000000000047,29.58199999999988,72.33199999999943,15.0,0.23381752136751882
asia_close_10_16_largerange,"b=0.0,R>=20.0",5.0,20.0,True,4,167,136,31,0,0.8143712574850299,135,29,3,79.57299999999987,0.47648502994011893,1.1334833013770553,110.0,3,2025-07-09,2025-07-15,114,92,22,0,0.8070175438596491,92,22,0,20.0,0.17543859649122806,1.0454545454545454,85.0,2,2026-05-18,2026-05-19,281,228,53,0,0.8113879003558719,227,51,3,99.57299999999987,0.3543523131672593,1.0961011536230596,155.0,3,2025-07-09,2025-07-15,11.623000000000047,55.69999999999982,12.25,20.0,0.13207161141287332
asia_close_10_16_largerange,"b=0.0,R>=20.0",5.0,25.0,True,4,167,140,27,0,0.8383233532934131,139,23,5,85.8119999999999,0.5138443113772448,1.1407012435070045,156.5600000000004,3,2025-07-09,2025-07-15,114,96,18,0,0.8421052631578947,96,18,0,30.0,0.2631578947368421,1.0666666666666667,120.0,2,2026-08-04,2026-08-05,281,236,45,0,0.8398576512455516,235,41,5,115.8119999999999,0.41214234875444805,1.1092681490874507,226.5600000000004,3,2025-07-09,2025-07-15,11.623000000000047,48.49900000000025,25.6899999999996,30.0,0.09060129612286832
asia_close_10_12_largerange,"b=1.0,R>=30.0",30.0,50.0,False,3,58,40,18,0,0.6896551724137931,26,7,25,382.66599999999767,6.597689655172373,1.7362033771785474,100.17300000000023,3,2025-11-03,2025-11-07,65,46,19,0,0.7076923076923077,40,15,10,449.39999999999964,6.913846153846149,1.5500746652304822,153.64000000000033,3,2026-04-06,2026-04-10,123,86,37,0,0.6991869918699187,66,22,35,832.0659999999973,6.764764227642255,1.6224484070848733,194.54300000000012,3,2025-11-03,2025-11-07,16.24000000000001,-26.289999999999964,392.7159999999976,449.39999999999964,9.832601304565328
asia_close_10_12_largerange,"b=0.0,R>=30.0",30.0,50.0,False,3,62,42,20,0,0.6774193548387096,27,7,28,377.9179999999992,6.095451612903213,1.6684271220975464,149.47299999999996,3,2025-11-03,2025-11-07,70,49,21,0,0.7,43,16,11,476.31299999999874,6.804471428571411,1.5366241930577598,203.64000000000033,3,2026-04-06,2026-04-10,132,91,41,0,0.6893939393939394,70,23,39,854.230999999998,6.471446969696954,1.5879108929561976,292.3900000000003,3,2025-11-03,2025-11-07,17.539999999999964,-36.430999999999585,396.80899999999883,476.31299999999874,9.28890268398266
asia_close_10_12_largerange,"b=1.0,R>=30.0",20.0,50.0,False,3,58,43,15,0,0.7413793103448276,38,5,15,388.79999999999905,6.703448275862052,1.9307380551692068,91.89000000000033,3,2025-11-03,2025-11-07,65,51,14,0,0.7846153846153846,50,12,3,397.84000000000015,6.120615384615387,1.6559928768117136,130.0,2,2026-04-07,2026-04-10,123,94,29,0,0.7642276422764228,88,17,18,786.6399999999992,6.3954471544715386,1.7680508649164262,131.89000000000033,3,2025-11-03,2025-11-07,6.240000000000009,-26.289999999999964,408.849999999999,397.84000000000015,9.191974846779232
asia_close_10_12_largerange,"b=2.0,R>=30.0",20.0,50.0,False,3,55,42,13,0,0.7636363636363637,36,4,15,397.09299999999985,7.219872727272724,2.0866458692499235,67.87000000000035,3,2025-11-03,2025-11-07,63,49,14,0,0.7777777777777778,48,12,3,356.39999999999964,5.657142857142851,1.5862709940616195,110.0,2,2026-04-07,2026-04-10,118,91,27,0,0.7711864406779662,84,16,18,753.4929999999995,6.385533898305081,1.7741313415661524,121.89000000000033,3,2025-11-03,2025-11-07,4.913000000000011,-27.199999999999818,419.37999999999965,356.39999999999964,8.970325326876505
asia_close_10_12_largerange,"b=1.0,R>=30.0",25.0,50.0,False,3,58,42,16,0,0.7241379310344828,28,6,24,354.71599999999785,6.1157931034482385,1.758372832363757,100.17300000000023,3,2025-11-03,2025-11-07,65,48,17,0,0.7384615384615385,44,14,7,387.7599999999993,5.965538461538451,1.5239221196849104,183.64000000000033,3,2026-04-06,2026-04-10,123,90,33,0,0.7317073170731707,72,20,31,742.4759999999972,6.0363902439024155,1.6147123425809449,183.81300000000056,3,2025-11-03,2025-11-07,11.240000000000009,-26.289999999999964,369.7659999999978,387.7599999999993,8.65153347467164
asia_close_10_12_largerange,"b=1.0,R>=50.0",30.0,50.0,False,3,23,16,7,0,0.6956521739130435,12,5,6,114.64299999999866,4.9844782608695075,1.4029531786564073,116.28700000000026,2,2025-11-21,2025-12-15,39,27,12,0,0.6923076923076923,22,8,9,240.15999999999985,6.157948717948714,1.5142832669493331,170.0,2,2026-01-28,2026-01-30,62,43,19,0,0.6935483870967742,34,13,15,354.8029999999985,5.72262903225804,1.472134581170397,197.01699999999983,2,2025-11-21,2025-12-15,30.0,-1000000000.0,84.64299999999866,240.15999999999985,8.407569391232398
asia_close_10_12_largerange,"b=2.0,R>=30.0",25.0,50.0,False,3,55,40,15,0,0.7272727272727273,27,5,23,373.041999999999,6.7825818181818,1.8979292184081216,101.13300000000027,3,2025-11-03,2025-11-07,63,45,18,0,0.7142857142857143,42,14,7,334.3999999999987,5.307936507936487,1.4507224498598204,183.64000000000033,3,2026-01-27,2026-01-30,118,85,33,0,0.7203389830508474,69,19,30,707.4419999999977,5.995271186440659,1.611251228002869,209.7730000000006,3,2025-11-03,2025-11-07,9.913000000000011,-27.199999999999818,390.3289999999988,334.3999999999987,8.229693440408901
asia_close_10_12_largerange,"b=1.0,R>=40.0",30.0,50.0,False,3,37,26,11,0,0.7027027027027027,19,5,13,315.0759999999989,8.515567567567537,1.9929689543565015,100.0,2,2025-05-09,2025-05-13,53,36,17,0,0.6792452830188679,30,13,10,249.39999999999964,4.705660377358484,1.347847917654606,193.64000000000033,3,2026-04-06,2026-04-10,90,62,28,0,0.6888888888888889,49,18,23,564.4759999999985,6.2719555555555395,1.54576340996261,204.3699999999999,3,2026-04-06,2026-04-10,16.24000000000001,-1000000000.0,298.8359999999989,249.39999999999964,8.216045744234782
asia_close_10_12_largerange,"b=2.0,R>=30.0",20.0,40.0,False,3,55,41,14,0,0.7454545454545455,35,6,14,348.9830000000002,6.345145454545458,1.8867789805356512,80.0,3,2025-11-03,2025-11-07,63,47,16,0,0.746031746031746,46,15,2,323.0100000000002,5.127142857142861,1.537186096790288,120.0,2,2026-03-12,2026-03-13,118,88,30,0,0.7457627118644068,81,21,16,671.9930000000004,5.694855932203393,1.675478468899522,120.0,3,2025-11-03,2025-11-07,4.913000000000011,-27.199999999999818,371.27,323.0100000000002,8.018427360774824
asia_close_10_12_largerange,"b=0.0,R>=30.0",20.0,50.0,False,3,62,45,17,0,0.7258064516129032,39,5,18,367.759,5.931596774193548,1.793723318383715,141.89000000000033,3,2025-11-03,2025-11-07,70,54,16,0,0.7714285714285715,53,13,4,385.6600000000003,5.509428571428576,1.5682752523392032,180.0,2,2026-04-07,2026-04-10,132,99,33,0,0.75,92,18,22,753.4190000000003,5.7077196969697,1.6597456706924094,231.89000000000033,3,2025-11-03,2025-11-07,7.539999999999964,-36.430999999999585,396.64999999999964,385.6600000000003,7.9986539826839875
asia_close_10_12_largerange,"b=0.0,R>=30.0",25.0,50.0,False,3,62,44,18,0,0.7096774193548387,29,6,27,344.9679999999994,5.56399999999999,1.6720147116692046,149.47299999999996,3,2025-11-03,2025-11-07,70,51,19,0,0.7285714285714285,48,15,7,401.1399999999999,5.730571428571427,1.4938384074653137,233.64000000000033,3,2026-04-06,2026-04-10,132,95,37,0,0.7196969696969697,77,21,34,746.1079999999993,5.652333333333328,1.5628353137843,283.1130000000003,3,2025-11-03,2025-11-07,12.539999999999964,-36.430999999999585,368.858999999999,401.1399999999999,7.951393047619041
asia_close_10_12_largerange,"b=1.0,R>=50.0",20.0,50.0,False,3,23,17,6,0,0.7391304347826086,16,4,3,102.04299999999921,4.436652173913009,1.4351383967216287,105.40700000000015,2,2025-11-21,2025-12-15,39,30,9,0,0.7692307692307693,29,7,3,227.84000000000015,5.842051282051286,1.6391561702247033,130.0,2,2026-02-19,2026-03-02,62,47,15,0,0.7580645161290323,45,11,6,329.88299999999936,5.320693548387086,1.5581993884702772,165.40700000000015,2,2025-11-21,2025-12-15,20.0,-1000000000.0,82.04299999999921,227.84000000000015,7.910905189412729
asia_close_10_12_largerange,"b=1.0,R>=50.0",20.0,40.0,False,3,23,16,7,0,0.6956521739130435,15,5,3,82.04299999999921,3.5670869565217047,1.349853096069623,85.40700000000015,2,2025-05-08,2025-05-09,39,29,10,0,0.7435897435897436,28,8,3,237.84000000000015,6.098461538461542,1.7285202315679846,120.0,2,2026-02-19,2026-03-02,62,45,17,0,0.7258064516129032,43,13,6,319.88299999999936,5.159403225806441,1.5702248042254832,165.40700000000015,2,2025-05-08,2025-05-09,20.0,-1000000000.0,62.04299999999921,237.84000000000015,7.877819995037212
asia_close_10_12_largerange,"b=1.0,R>=30.0",20.0,40.0,False,3,58,42,16,0,0.7241379310344828,37,7,14,350.6899999999994,6.0463793103448165,1.8046246010604712,100.0,3,2025-11-03,2025-11-07,65,48,17,0,0.7384615384615385,47,15,3,337.84000000000015,5.197538461538464,1.5570597061684832,140.0,2,2026-03-12,2026-03-13,123,90,33,0,0.7317073170731707,84,22,17,688.5299999999995,5.597804878048777,1.6605789239892421,180.0,3,2025-11-03,2025-11-07,6.240000000000009,-26.289999999999964,370.7399999999993,337.84000000000015,7.8365741088180085
asia_close_10_16_largerange,"b=1.0,R>=30.0",20.0,50.0,False,3,86,60,26,0,0.6976744186046512,53,7,26,476.91299999999796,5.545499999999977,1.7415579912396173,96.13000000000102,3,2025-04-29,2025-05-02,103,78,25,0,0.7572815533980582,76,17,10,545.0040000000013,5.291300970873799,1.5563331686463153,206.20999999999958,3,2026-07-17,2026-07-21,189,138,51,0,0.7301587301587301,129,24,36,1021.9169999999992,5.40696825396825,1.629740460536653,206.20999999999958,3,2025-04-29,2025-05-02,6.240000000000009,-63.55699999999979,534.2299999999977,545.0040000000013,7.64019873940515
asia_close_10_12_largerange,"b=2.0,R>=30.0",20.0,35.0,False,3,55,39,16,0,0.7090909090909091,33,11,11,235.9930000000004,4.290781818181825,1.5058474267464055,105.0,3,2025-11-03,2025-11-07,63,46,17,0,0.7301587301587301,46,16,1,358.6999999999998,5.693650793650791,1.6390522002494206,130.0,3,2026-04-07,2026-04-13,118,85,33,0,0.7203389830508474,79,27,12,594.6930000000002,5.03977118644068,1.578590817547649,155.0,3,2025-11-03,2025-11-07,4.913000000000011,-27.199999999999818,258.2800000000002,358.6999999999998,7.576596583266076
asia_close_10_12_largerange,"b=0.0,R>=40.0",30.0,50.0,False,3,39,27,12,0,0.6923076923076923,20,5,14,315.3389999999995,8.085615384615371,1.8932179913153557,150.0,3,2025-11-20,2025-12-15,57,38,19,0,0.6666666666666666,32,14,11,246.31299999999874,4.321280701754364,1.3127347291172007,243.64000000000033,3,2026-04-06,2026-04-10,96,65,31,0,0.6770833333333334,52,19,25,561.6519999999982,5.850541666666648,1.4923977356710687,302.91700000000037,3,2025-11-20,2025-12-15,17.539999999999964,-1000000000.0,297.7989999999995,246.31299999999874,7.405348017543829
prevclose_gap_cont,th=30.0,25.0,50.0,False,3,48,39,9,0,0.8125,31,7,10,510.6599999999994,10.638749999999987,2.4141554003533563,175.0,3,2025-11-18,2025-12-15,85,58,27,0,0.6823529411764706,54,19,12,302.43599999999924,3.558070588235285,1.284191742694256,225.0,3,2026-06-18,2026-06-22,133,97,36,0,0.7293233082706767,85,26,22,813.0959999999986,6.113503759398486,1.5704723837668189,277.6170000000002,3,2025-11-18,2025-12-15,-1000000000.0,50.0,460.6599999999994,302.43599999999924,7.337305053516128
asia_close_10_12_largerange,"b=0.0,R>=50.0",30.0,50.0,False,3,25,17,8,0,0.68,13,5,7,109.695999999999,4.38783999999996,1.3411613593458884,165.40700000000015,3,2025-11-20,2025-12-15,41,28,13,0,0.6829268292682927,23,9,9,227.66299999999865,5.552756097560943,1.441695283549654,220.0,3,2026-02-04,2026-03-02,66,45,21,0,0.6818181818181818,36,14,16,337.35899999999765,5.111499999999964,1.403073239446713,294.6840000000002,3,2025-11-20,2025-12-15,30.0,-1000000000.0,79.695999999999,227.66299999999865,7.298510048780435
asia_close_10_16_largerange,"b=1.0,R>=30.0",20.0,40.0,False,3,86,59,27,0,0.686046511627907,52,9,25,458.8029999999983,5.3349186046511425,1.7155012296622243,104.24000000000069,3,2025-04-29,2025-05-02,103,75,28,0,0.7281553398058253,73,22,8,509.2040000000011,4.943728155339817,1.5329545882717435,167.62999999999965,3,2026-03-12,2026-03-17,189,134,55,0,0.708994708994709,125,31,33,968.0069999999994,5.121730158730156,1.6062665461657981,167.62999999999965,3,2025-04-29,2025-05-02,6.240000000000009,-53.55699999999979,506.1199999999981,509.2040000000011,7.2583342364000645
asia_close_10_12_largerange,"b=1.0,R>=50.0",25.0,50.0,False,3,23,17,6,0,0.7391304347826086,13,4,6,129.64299999999866,5.636652173912985,1.5528321116213946,100.40700000000015,2,2025-11-21,2025-12-15,39,28,11,0,0.717948717948718,24,8,7,187.7599999999993,4.8143589743589565,1.4266206175728773,183.64000000000033,2,2026-01-28,2026-01-30,62,45,17,0,0.7258064516129032,37,12,13,317.402999999998,5.119403225806419,1.4704936282364622,209.04700000000048,2,2025-11-21,2025-12-15,25.0,-1000000000.0,104.64299999999866,187.7599999999993,7.1084887129858965
asia_close_10_16_largerange,"b=0.0,R>=30.0",20.0,50.0,False,3,89,60,29,0,0.6741573033707865,53,7,29,422.68899999999894,4.749314606741561,1.6021176517512699,144.6900000000005,3,2024-04-19,2024-05-20,107,81,26,0,0.7570093457943925,78,19,10,536.1940000000013,5.011158878504685,1.5171793828115523,135.6199999999999,3,2026-07-17,2026-07-21,196,141,55,0,0.7193877551020408,131,26,39,958.8830000000003,4.892260204081634,1.5514720175756427,183.77599999999984,3,2024-04-19,2024-05-20,7.539999999999964,-89.37099999999964,504.5199999999986,536.1940000000013,7.030287643333976
asia_close_10_16_largerange,"b=0.0,R>=30.0",25.0,50.0,False,3,89,58,31,0,0.651685393258427,40,8,41,364.8249999999989,4.099157303370775,1.4584512997988115,136.55300000000034,3,2024-04-19,2024-05-20,107,76,31,0,0.7102803738317757,70,21,16,568.4040000000005,5.312186915887855,1.4708425902455757,149.26000000000022,3,2026-07-17,2026-07-21,196,134,62,0,0.6836734693877551,110,29,57,933.2289999999994,4.761372448979588,1.4659195809450203,250.06199999999944,3,2024-04-19,2024-05-20,12.539999999999964,-79.37099999999964,431.6559999999986,568.4040000000005,6.917341906923517
asia_close_10_12_largerange,"b=0.0,R>=30.0",20.0,40.0,False,3,62,44,18,0,0.7096774193548387,38,8,16,326.6790000000001,5.269016129032259,1.674379766067868,140.0,3,2025-11-03,2025-11-07,70,51,19,0,0.7285714285714285,50,16,4,335.6600000000003,4.795142857142862,1.5019965602333063,180.0,2,2026-03-12,2026-03-13,132,95,37,0,0.7196969696969697,88,24,20,662.3390000000004,5.0177196969697,1.5744165111390178,260.0,3,2025-11-03,2025-11-07,7.539999999999964,-36.430999999999585,355.5699999999997,335.6600000000003,6.8952911255411315
asia_close_10_16_largerange,"b=0.0,R>=30.0",20.0,40.0,False,3,89,59,30,0,0.6629213483146067,52,10,27,401.608999999999,4.512460674157293,1.5712105523664293,142.80000000000018,3,2024-04-19,2024-05-20,107,78,29,0,0.7289719626168224,75,23,9,521.8140000000012,4.876766355140198,1.5264754133094434,160.0,3,2026-03-12,2026-03-17,196,137,59,0,0.6989795918367347,127,33,36,923.4230000000002,4.711341836734695,1.545039929643555,201.8859999999995,3,2024-04-19,2024-05-20,7.539999999999964,-79.37099999999964,473.4399999999987,521.8140000000012,6.745953014304795
prevclose_gap_cont,th=30.0,20.0,35.0,False,3,48,37,11,0,0.7708333333333334,33,9,6,370.07699999999977,7.709937499999995,2.1348365255469064,120.0,3,2025-11-18,2025-12-15,85,58,27,0,0.6823529411764706,55,21,9,310.44599999999855,3.652305882352924,1.386556212310437,115.0,3,2026-06-18,2026-06-22,133,95,38,0,0.7142857142857143,88,30,15,680.5229999999983,5.116714285714273,1.6026524668065258,120.0,3,2025-11-18,2025-12-15,-1000000000.0,40.0,330.07699999999977,310.44599999999855,6.702867226890735
asia_close_10_16_largerange,"b=1.0,R>=30.0",25.0,50.0,False,3,86,58,28,0,0.6744186046511628,40,8,38,410.5959999999975,4.774372093023227,1.5571966736147256,90.25,3,2025-04-29,2025-05-02,103,72,31,0,0.6990291262135923,66,20,17,481.654,4.676252427184466,1.4013529143154269,186.20999999999958,3,2026-07-17,2026-07-21,189,130,59,0,0.6878306878306878,106,28,55,892.2499999999975,4.720899470899457,1.460641661314669,186.20999999999958,3,2025-04-29,2025-05-02,11.240000000000009,-53.55699999999979,452.9129999999973,481.654,6.686605684491691
prevclose_gap_cont,th=30.0,30.0,50.0,False,3,48,37,11,0,0.7708333333333334,26,8,14,513.6899999999987,10.701874999999973,2.243331816553549,170.0,3,2025-11-18,2025-12-15,85,53,32,0,0.6235294117647059,48,21,16,243.80899999999883,2.8683411764705746,1.1979348316722997,210.0,3,2026-05-07,2026-05-11,133,90,43,0,0.6766917293233082,74,29,30,757.4989999999975,5.695481203007501,1.460508109816889,222.6170000000002,3,2025-11-18,2025-12-15,-1000000000.0,60.0,453.6899999999987,243.80899999999883,6.684417791242788
asia_close_10_12_largerange,"b=2.0,R>=40.0",30.0,50.0,False,3,34,24,10,0,0.7058823529411765,17,4,13,267.97199999999975,7.881529411764698,1.891721101723397,89.60700000000043,2,2025-11-03,2025-11-05,51,33,18,0,0.6470588235294118,28,13,10,183.0029999999997,3.588294117647053,1.2537665690906281,194.3699999999999,3,2026-01-27,2026-01-30,85,57,28,0,0.6705882352941176,45,17,23,450.97499999999945,5.3055882352941115,1.4414148374504958,214.3699999999999,3,2026-01-27,2026-01-30,14.913000000000011,-1000000000.0,253.05899999999974,183.0029999999997,6.670995294117638
asia_close_10_12_largerange,"b=1.0,R>=50.0",20.0,35.0,False,3,23,15,8,0,0.6521739130434783,14,6,3,52.04299999999921,2.262739130434748,1.2128487118978153,79.10000000000036,3,2025-04-23,2025-05-09,39,28,11,0,0.717948717948718,28,10,1,208.69999999999982,5.3512820512820465,1.5940791346427547,100.0,2,2026-02-19,2026-03-02,62,43,19,0,0.6935483870967742,42,16,4,260.74299999999903,4.2055322580645,1.437629970779126,130.40700000000015,3,2025-04-23,2025-05-09,20.0,-1000000000.0,32.04299999999921,208.69999999999982,6.620359283705524
asia_close_10_16_largerange,"b=1.0,R>=30.0",30.0,50.0,False,3,86,55,31,0,0.6395348837209303,35,9,42,416.24599999999714,4.840069767441827,1.5056401435363642,142.95300000000134,3,2025-04-29,2025-05-02,103,66,37,0,0.6407766990291263,57,21,25,492.8339999999994,4.7847961165048485,1.3764804561454964,169.27599999999893,3,2026-07-17,2026-07-21,189,121,68,0,0.6402116402116402,92,30,67,909.0799999999965,4.809947089947071,1.4263453553081167,305.36199999999917,3,2025-04-29,2025-05-02,16.24000000000001,-43.55699999999979,443.5629999999969,492.8339999999994,6.591621148199497
ema_trend_10,sep=5.0,20.0,50.0,False,3,52,35,17,0,0.6730769230769231,28,3,21,206.48700000000076,3.9709038461538606,1.5059504994891193,137.9070000000006,3,2025-10-31,2025-11-06,56,42,14,0,0.75,42,10,4,283.96000000000004,5.070714285714287,1.5106826846989425,219.14999999999964,3,2026-02-16,2026-03-02,108,77,31,0,0.7129629629629629,70,13,25,490.4470000000008,4.541175925925933,1.508679603010714,277.05700000000024,3,2025-10-31,2025-11-06,42.22199999999998,-17.870999999999185,182.13599999999997,283.96000000000004,6.522419068783076
asia_close_10_12_largerange,"b=0.0,R>=50.0",20.0,40.0,False,3,25,17,8,0,0.68,16,6,3,62.04299999999921,2.4817199999999686,1.2260160943072458,125.40700000000015,3,2025-11-20,2025-12-15,41,30,11,0,0.7317073170731707,29,9,3,217.84000000000015,5.313170731707321,1.5944279204300489,160.0,3,2026-02-04,2026-03-02,66,47,19,0,0.7121212121212122,45,15,6,279.88299999999936,4.240651515151505,1.4366506130485166,245.40700000000015,3,2025-11-20,2025-12-15,20.0,-1000000000.0,42.04299999999921,217.84000000000015,6.406422881005165
asia_close_10_12_largerange,"b=1.0,R>=40.0",25.0,50.0,False,3,37,28,9,0,0.7567567567567568,21,4,12,322.12599999999907,8.706108108108083,2.2143920801336012,100.0,2,2025-05-09,2025-05-13,53,37,16,0,0.6981132075471698,33,13,7,162.7599999999993,3.070943396226402,1.2358464592601168,233.64000000000033,3,2026-04-06,2026-04-10,90,65,25,0,0.7222222222222222,54,17,19,484.8859999999984,5.3876222222222045,1.5075389876351162,258.6400000000003,3,2026-04-06,2026-04-10,11.240000000000009,-1000000000.0,310.88599999999906,162.7599999999993,6.405813920335405
asia_close_10_12_largerange,"b=2.0,R>=30.0",25.0,40.0,False,3,55,39,16,0,0.7090909090909091,26,7,22,329.93199999999933,5.998763636363624,1.7609887511907303,109.24299999999994,3,2025-11-03,2025-11-07,63,42,21,0,0.6666666666666666,39,18,6,246.0099999999993,3.904920634920624,1.3257073254690113,233.64000000000033,3,2026-01-27,2026-01-30,118,81,37,0,0.6864406779661016,65,25,28,575.9419999999986,4.88086440677965,1.4844461155032465,257.88300000000027,3,2025-11-03,2025-11-07,9.913000000000011,-27.199999999999818,347.21899999999914,246.0099999999993,6.317558724239961
10_11_mom_cont,th=12.0,10.0,50.0,False,3,32,27,5,0,0.84375,27,3,2,91.97299999999996,2.8741562499999986,1.5166238828941674,50.0,1,2025-04-10,2025-04-10,35,30,5,0,0.8571428571428571,30,2,3,175.09999999999945,5.002857142857128,2.4019215372297733,100.0,2,2026-04-01,2026-04-02,67,57,10,0,0.8507462686567164,57,5,5,267.0729999999994,3.9861641791044686,1.8816414515708368,100.0,2,2026-04-01,2026-04-02,-1000000000.0,10.0,81.97299999999996,175.09999999999945,6.287592750533032
asia_close_10_12_largerange,"b=1.0,R>=30.0",25.0,40.0,False,3,58,41,17,0,0.7068965517241379,27,8,23,321.6059999999982,5.544931034482727,1.6758657792591207,98.2829999999999,3,2025-11-03,2025-11-07,65,44,21,0,0.676923076923077,40,18,7,267.7599999999993,4.119384615384605,1.3522648037783993,273.6400000000003,3,2026-01-27,2026-01-30,123,85,38,0,0.6910569105691057,67,26,30,589.3659999999975,4.791593495934939,1.4768514660347092,286.92300000000023,3,2025-11-03,2025-11-07,11.240000000000009,-26.289999999999964,336.65599999999813,267.7599999999993,6.277439803627241
asia_close_10_16_largerange,"b=0.0,R>=30.0",30.0,50.0,False,3,89,55,34,0,0.6179775280898876,35,9,45,370.47499999999854,4.162640449438186,1.4199982541404628,190.81300000000056,3,2024-04-19,2024-05-20,107,69,38,0,0.6448598130841121,60,23,24,522.3769999999977,4.882028037383156,1.3830512874287042,179.47299999999996,3,2026-07-17,2026-07-21,196,124,72,0,0.6326530612244898,95,32,69,892.8519999999962,4.555367346938756,1.3975629315530702,363.4189999999994,3,2024-04-19,2024-05-20,17.539999999999964,-69.37099999999964,422.3059999999982,522.3769999999977,6.269543365630335
asia_close_10_12_largerange,"b=1.0,R>=50.0",15.0,50.0,False,3,23,17,6,0,0.7391304347826086,17,4,2,20.492999999999483,0.8909999999999776,1.0873875833130757,120.40700000000015,2,2025-11-21,2025-12-15,39,32,7,0,0.8205128205128205,31,5,3,212.84000000000015,5.457435897435901,1.8298826373454982,140.0,2,2026-02-19,2026-03-02,62,49,13,0,0.7903225806451613,48,9,5,233.33299999999963,3.763435483870962,1.4752422211223728,155.40700000000015,2,2025-11-21,2025-12-15,15.0,-1000000000.0,5.492999999999483,212.84000000000015,6.181339432588912
asia_close_10_12_largerange,"b=0.0,R>=50.0",20.0,50.0,False,3,25,18,7,0,0.72,17,4,4,85.01299999999947,3.4005199999999784,1.3130807219642235,155.40700000000015,3,2025-11-20,2025-12-15,41,31,10,0,0.7560975609756098,30,8,3,197.84000000000015,4.82536585365854,1.4867271877383326,180.0,3,2026-02-04,2026-03-02,66,49,17,0,0.7424242424242424,47,12,7,282.8529999999996,4.2856515151515095,1.4171830084350152,265.40700000000015,3,2025-11-20,2025-12-15,20.0,-1000000000.0,65.01299999999947,197.84000000000015,6.16752044198078
10_11_mom_cont,th=12.0,10.0,25.0,False,3,32,27,5,0,0.84375,27,5,0,145.0,4.53125,2.16,30.0,1,2025-04-10,2025-04-10,35,29,6,0,0.8285714285714286,29,6,0,140.0,4.0,1.9333333333333333,50.0,2,2026-04-01,2026-04-02,67,56,11,0,0.835820895522388,56,11,0,285.0,4.253731343283582,2.036363636363636,50.0,2,2026-04-01,2026-04-02,-1000000000.0,10.0,135.0,140.0,6.1537313432835825
asia_close_10_12_largerange,"b=1.0,R>=30.0",15.0,50.0,False,3,58,44,14,0,0.7586206896551724,43,5,10,237.5859999999991,4.096310344827571,1.5829229814243655,96.89000000000033,2,2025-11-03,2025-11-05,65,53,12,0,0.8153846153846154,52,10,3,277.84000000000015,4.274461538461541,1.5485813572373488,130.0,2,2026-07-15,2026-07-21,123,97,26,0,0.7886178861788617,95,15,13,515.4259999999992,4.190455284552839,1.563894416807887,130.0,2,2025-11-03,2025-11-05,1.240000000000009,-26.289999999999964,262.63599999999906,277.84000000000015,6.06768605378361
asia_close_10_12_largerange,"b=2.0,R>=40.0",25.0,50.0,False,3,34,27,7,0,0.7941176470588235,20,3,11,350.9989999999998,10.323499999999994,2.691691889495093,65.88000000000011,2,2025-11-03,2025-11-05,51,34,17,0,0.6666666666666666,31,13,7,109.39999999999873,2.1450980392156613,1.1581107642502,233.64000000000033,3,2026-01-27,2026-01-30,85,61,24,0,0.7176470588235294,51,16,18,460.3989999999985,5.4164588235293945,1.51189343165029,258.6400000000003,3,2026-01-27,2026-01-30,9.913000000000011,-1000000000.0,341.0859999999998,109.39999999999873,5.9717278431372245
asia_close_10_12_largerange,"b=0.0,R>=50.0",25.0,50.0,False,3,25,18,7,0,0.72,14,4,7,119.695999999999,4.78783999999996,1.44080917149412,150.40700000000015,3,2025-11-20,2025-12-15,41,29,12,0,0.7073170731707317,26,9,6,173.3199999999997,4.227317073170725,1.3536348982881383,233.64000000000033,3,2026-02-04,2026-03-02,66,47,19,0,0.7121212121212122,40,13,13,293.0159999999987,4.439636363636344,1.3847136534378766,309.0470000000005,3,2025-11-20,2025-12-15,25.0,-1000000000.0,94.695999999999,173.3199999999997,5.935200900221705
prevclose_gap_cont,th=30.0,20.0,50.0,False,3,48,39,9,0,0.8125,35,7,6,375.07699999999977,7.814104166666662,2.038689470681738,180.0,3,2025-11-18,2025-12-15,85,61,24,0,0.7176470588235294,58,16,11,259.3559999999993,3.051247058823521,1.2836981525863673,145.91700000000037,3,2026-06-18,2026-06-22,133,100,33,0,0.7518796992481203,93,23,17,634.4329999999991,4.77017293233082,1.4974762860277115,192.6170000000002,3,2025-11-18,2025-12-15,-1000000000.0,40.0,335.07699999999977,259.3559999999993,5.910562461742581
asia_close_10_12_largerange,"b=1.0,R>=50.0",30.0,40.0,False,3,23,15,8,0,0.6521739130434783,11,6,6,94.64299999999866,4.114913043478203,1.3447744501961643,85.40700000000015,2,2025-05-08,2025-05-09,39,25,14,0,0.6410256410256411,20,11,8,167.02999999999975,4.282820512820506,1.3478994397117319,210.0,3,2026-01-27,2026-01-30,62,40,22,0,0.6451612903225806,31,17,14,261.6729999999984,4.22053225806449,1.3467626623836966,226.13699999999972,3,2026-01-27,2026-01-30,30.0,-1000000000.0,64.64299999999866,167.02999999999975,5.909668514474744
asia_close_10_12_largerange,"b=0.0,R>=30.0",25.0,40.0,False,3,62,43,19,0,0.6935483870967742,28,9,25,308.88799999999947,4.982064516129023,1.5890155487839752,137.58299999999963,3,2025-11-03,2025-11-07,70,47,23,0,0.6714285714285714,44,19,7,291.1399999999999,4.1591428571428555,1.3540600031619012,313.6400000000003,3,2026-01-27,2026-01-30,132,90,42,0,0.6818181818181818,72,28,32,600.0279999999993,4.545666666666662,1.445552994570447,366.22299999999996,3,2025-11-03,2025-11-07,12.539999999999964,-36.430999999999585,332.7789999999991,291.1399999999999,5.8927920952380894
prevclose_gap_cont,th=30.0,20.0,30.0,False,3,48,37,11,0,0.7708333333333334,33,9,6,415.07699999999977,8.647437499999995,2.476585345029987,100.0,3,2025-11-18,2025-12-15,85,56,29,0,0.6588235294117647,53,28,4,226.98300000000017,2.6703882352941197,1.268120769694178,140.0,3,2026-04-02,2026-04-14,133,93,40,0,0.6992481203007519,86,37,10,642.06,4.82751879699248,1.5693656688623328,140.0,3,2025-11-18,2025-12-15,-1000000000.0,40.0,375.07699999999977,226.98300000000017,5.88271291463954
asia_close_10_16_largerange,"b=0.0,R>=30.0",25.0,40.0,False,3,89,57,32,0,0.6404494382022472,39,12,38,352.5179999999982,3.960876404494362,1.4501662656879695,131.23999999999978,3,2024-04-19,2024-05-20,107,72,35,0,0.6728971962616822,66,27,14,480.41400000000067,4.489850467289726,1.4019541564730813,233.64000000000033,3,2026-01-27,2026-01-30,196,129,67,0,0.6581632653061225,105,39,52,832.9319999999989,4.2496530612244845,1.4210384778696639,340.52599999999984,3,2024-04-19,2024-05-20,12.539999999999964,-69.37099999999964,409.3489999999979,480.41400000000067,5.813526294869348
asia_close_10_12_largerange,"b=1.0,R>=40.0",20.0,50.0,False,3,37,28,9,0,0.7567567567567568,25,4,8,260.78599999999983,7.048270270270265,1.98314464839759,100.0,2,2025-05-09,2025-05-13,53,39,14,0,0.7358490566037735,38,12,3,157.84000000000015,2.9781132075471723,1.2602601942387919,170.0,2,2026-04-07,2026-04-10,90,67,23,0,0.7444444444444445,63,16,11,418.626,4.6514,1.480226034068005,200.0,2,2025-05-09,2025-05-13,6.240000000000009,-1000000000.0,254.54599999999982,157.84000000000015,5.740456603773586
asia_close_10_12_largerange,"b=1.0,R>=30.0",15.0,40.0,False,3,58,43,15,0,0.7413793103448276,42,7,9,204.47599999999943,3.5254482758620593,1.4803435387972834,105.0,2,2025-05-08,2025-05-09,65,51,14,0,0.7846153846153846,50,12,3,267.84000000000015,4.120615384615387,1.5505786584989825,105.0,2,2026-07-15,2026-07-21,123,94,29,0,0.7642276422764228,92,19,12,472.3159999999996,3.8399674796747933,1.5178012118527833,120.0,2,2025-05-08,2025-05-09,1.240000000000009,-26.289999999999964,229.52599999999939,267.84000000000015,5.660275171982486
10_11_mom_cont,th=12.0,10.0,20.0,False,3,32,27,5,0,0.84375,27,5,0,170.0,5.3125,2.7,20.0,1,2025-04-10,2025-04-10,35,27,8,0,0.7714285714285715,27,8,0,110.0,3.142857142857143,1.6875,50.0,2,2026-02-02,2026-02-06,67,54,13,0,0.8059701492537313,54,13,0,280.0,4.17910447761194,2.076923076923077,50.0,2,2026-02-02,2026-02-06,-1000000000.0,10.0,160.0,110.0,5.6505330490405115
asia_close_10_16_largerange,"b=1.0,R>=30.0",25.0,40.0,False,3,86,57,29,0,0.6627906976744186,39,11,36,401.25899999999706,4.665802325581361,1.5563514148686985,92.68000000000029,3,2025-04-29,2025-05-02,103,68,35,0,0.6601941747572816,62,27,14,382.24400000000014,3.711106796116506,1.3186731650056778,168.64000000000033,3,2026-01-27,2026-01-30,189,125,64,0,0.6613756613756614,101,38,50,783.5029999999972,4.145518518518504,1.407921720980527,221.96600000000035,3,2025-04-29,2025-05-02,11.240000000000009,-43.55699999999979,433.57599999999684,382.24400000000014,5.557139916576756
asia_close_10_12_largerange,"b=2.0,R>=20.0",15.0,50.0,False,3,103,70,33,0,0.6796116504854369,64,5,34,242.18900000000008,2.3513495145631076,1.3252129355224658,138.0960000000009,3,2023-01-03,2023-05-04,69,57,12,0,0.8260869565217391,56,10,3,336.39999999999964,4.875362318840574,1.662322064932762,115.0,2,2026-07-15,2026-07-21,172,127,45,0,0.7383720930232558,120,15,37,578.5889999999997,3.3638895348837194,1.4619034199545107,138.0960000000009,3,2023-01-03,2023-05-04,-31.144000000000005,67.58100000000013,205.75199999999995,336.39999999999964,5.525378694304004
asia_close_10_12_largerange,"b=0.0,R>=40.0",25.0,50.0,False,3,39,29,10,0,0.7435897435897436,22,4,13,317.38899999999967,8.138179487179478,2.0544940479156892,150.0,3,2025-11-20,2025-12-15,57,39,18,0,0.6842105263157895,36,14,7,151.13999999999987,2.651578947368419,1.198270999226016,283.6400000000003,3,2026-04-06,2026-04-10,96,68,28,0,0.7083333333333334,58,18,20,468.52899999999954,4.880510416666662,1.440646228593301,358.6400000000003,3,2025-11-20,2025-12-15,12.539999999999964,-1000000000.0,304.8489999999997,151.13999999999987,5.489019890350871
asia_close_10_14_largerange,"b=2.0,R>=50.0",20.0,40.0,False,3,25,18,7,0,0.72,16,4,5,101.98300000000017,4.079320000000007,1.43390189629718,73.38699999999972,2,2025-05-01,2025-05-08,42,30,12,0,0.7142857142857143,29,10,3,157.3699999999999,3.7469047619047595,1.3685998032510416,100.0,2,2026-07-06,2026-07-21,67,48,19,0,0.7164179104477612,45,14,8,259.35300000000007,3.8709402985074637,1.3917855152067216,133.38699999999972,2,2025-05-01,2025-05-08,20.0,-1000000000.0,81.98300000000017,157.3699999999999,5.477618679459844
asia_close_10_12_largerange,"b=1.0,R>=20.0",15.0,50.0,False,3,109,73,36,0,0.6697247706422018,69,7,33,210.46099999999842,1.9308348623853067,1.2506759380352392,169.10700000000088,3,2023-01-03,2023-05-04,71,59,12,0,0.8309859154929577,58,10,3,367.84000000000015,5.180845070422537,1.7262819120579698,130.0,2,2026-07-15,2026-07-21,180,132,48,0,0.7333333333333333,127,17,36,578.3009999999986,3.2127833333333253,1.429630086386476,169.10700000000088,3,2023-01-03,2023-05-04,-29.817000000000007,78.62699999999995,161.65099999999848,367.84000000000015,5.464991868544592
asia_close_10_12_largerange,"b=0.0,R>=50.0",20.0,35.0,False,3,25,16,9,0,0.64,15,7,3,37.04299999999921,1.4817199999999684,1.1325297756406785,110.40700000000015,3,2025-04-23,2025-05-09,41,29,12,0,0.7073170731707317,29,11,1,193.69999999999982,4.724390243902435,1.5014237639140557,135.0,3,2026-02-04,2026-03-02,66,45,21,0,0.6818181818181818,44,18,4,230.74299999999903,3.4961060606060457,1.3465613909135812,200.40700000000015,3,2025-04-23,2025-05-09,20.0,-1000000000.0,17.04299999999921,193.69999999999982,5.457487182557262
asia_close_10_12_largerange,"b=2.0,R>=40.0",20.0,50.0,False,3,34,27,7,0,0.7941176470588235,23,3,8,277.02900000000045,8.147911764705896,2.3351824719014505,60.0,2,2025-11-03,2025-11-05,51,37,14,0,0.7254901960784313,36,12,3,116.39999999999964,2.2823529411764634,1.1914757118652424,160.0,2,2026-04-07,2026-04-10,85,64,21,0,0.7529411764705882,59,15,11,393.4290000000001,4.628576470588237,1.4825017108293657,190.0,2,2025-11-03,2025-11-05,4.913000000000011,-1000000000.0,272.11600000000044,116.39999999999964,5.389752941176469
09_10_mom_fade,th=8.0,12.5,50.0,False,3,71,52,19,0,0.7323943661971831,45,5,21,75.22700000000054,1.0595352112676133,1.147851226999895,124.68000000000029,2,2023-04-21,2023-12-04,85,71,14,0,0.8352941176470589,71,8,6,414.9399999999996,4.881647058823525,1.8780683934315203,100.0,2,2026-03-18,2026-03-19,156,123,33,0,0.7884615384615384,116,13,27,490.16700000000014,3.142096153846155,1.4994762381261961,124.68000000000029,2,2023-04-21,2023-12-04,-8.024000000000115,46.858000000001084,36.392999999999574,414.9399999999996,5.333559683257917
prevclose_gap_cont,th=30.0,20.0,40.0,False,3,48,38,10,0,0.7916666666666666,34,8,6,385.07699999999977,8.022437499999995,2.163002180570571,140.0,3,2025-11-18,2025-12-15,85,58,27,0,0.6823529411764706,55,21,9,205.44599999999855,2.4170117647058653,1.226235454632547,140.0,3,2026-06-18,2026-06-22,133,96,37,0,0.7218045112781954,89,29,15,590.5229999999983,4.440022556390965,1.4765306690617332,162.6170000000002,3,2025-11-18,2025-12-15,-1000000000.0,40.0,345.07699999999977,205.44599999999855,5.323294438743898
asia_close_10_12_largerange,"b=1.0,R>=50.0",25.0,40.0,False,3,23,16,7,0,0.6956521739130435,12,5,6,104.64299999999866,4.549695652173855,1.4462254858063872,80.40700000000015,2,2025-05-08,2025-05-09,39,26,13,0,0.6666666666666666,22,10,7,137.7599999999993,3.5323076923076746,1.3130126559269253,228.64000000000033,3,2026-01-27,2026-01-30,62,42,20,0,0.6774193548387096,34,15,13,242.40299999999797,3.90972580645158,1.3593194360652008,249.04700000000048,3,2026-01-27,2026-01-30,25.0,-1000000000.0,79.64299999999866,137.7599999999993,5.177785652605416
asia_close_10_14_largerange,"b=1.0,R>=50.0",20.0,40.0,False,3,27,18,9,0,0.6666666666666666,17,5,5,73.89299999999957,2.736777777777762,1.2614228552627373,113.38699999999972,3,2025-05-01,2025-05-09,44,31,13,0,0.7045454545454546,30,10,4,175.5600000000004,3.990000000000009,1.409469387755103,140.0,2,2026-02-19,2026-03-02,71,49,22,0,0.6901408450704225,47,15,9,249.45299999999997,3.513422535211267,1.350647379067116,193.38699999999972,3,2025-05-01,2025-05-09,20.0,-1000000000.0,53.892999999999574,175.5600000000004,5.121648535211273
asia_close_10_16_largerange,"b=2.0,R>=20.0",15.0,50.0,False,3,152,105,47,0,0.6907894736842105,96,7,49,489.7389999999989,3.2219671052631504,1.4930319604639366,94.28000000000065,3,2024-07-25,2024-08-02,108,87,21,0,0.8055555555555556,85,15,8,428.5499999999997,3.9680555555555532,1.5035307664289317,214.57000000000016,3,2026-07-17,2026-07-21,260,192,68,0,0.7384615384615385,181,22,57,918.2889999999986,3.531880769230764,1.4978765578821627,214.57000000000016,3,2024-07-25,2024-08-02,-16.144000000000005,49.80799999999999,456.0749999999989,428.5499999999997,5.086768547008541
asia_close_10_16_largerange,"b=1.0,R>=30.0",15.0,50.0,False,3,86,63,23,0,0.7325581395348837,61,7,18,303.9059999999979,3.533790697674394,1.4967594401227846,111.13000000000102,3,2025-11-25,2025-12-01,103,83,20,0,0.8058252427184466,81,15,7,378.2600000000007,3.672427184466026,1.449570942974638,226.20999999999958,3,2026-07-17,2026-07-21,189,146,43,0,0.7724867724867724,142,22,25,682.1659999999986,3.6093439153439077,1.4694372321779394,226.20999999999958,3,2025-11-25,2025-12-01,1.240000000000009,-71.53999999999996,374.20599999999786,378.2600000000007,4.993137507576922
10_11_mom_cont,th=12.0,10.0,40.0,False,3,32,27,5,0,0.84375,27,5,0,70.0,2.1875,1.35,60.0,1,2025-04-10,2025-04-10,35,30,5,0,0.8571428571428571,30,4,1,139.0699999999997,3.9734285714285633,1.8641645435903775,80.0,2,2026-04-01,2026-04-02,67,57,10,0,0.8507462686567164,57,9,1,209.0699999999997,3.1204477611940256,1.5792535948798923,80.0,2,2026-04-01,2026-04-02,-1000000000.0,10.0,60.0,139.0699999999997,4.947162046908307
asia_close_10_12_largerange,"b=1.0,R>=50.0",30.0,35.0,False,3,23,14,9,0,0.6086956521739131,10,7,6,59.642999999998665,2.59317391304342,1.2133864268157812,90.35700000000134,3,2025-04-23,2025-05-09,39,24,15,0,0.6153846153846154,20,14,5,151.52999999999975,3.8853846153846088,1.3084266232444528,200.0,3,2026-01-27,2026-01-30,62,38,24,0,0.6129032258064516,30,21,11,211.1729999999984,3.4060161290322326,1.2739635213484026,216.0870000000009,3,2025-04-23,2025-05-09,30.0,-1000000000.0,29.642999999998665,151.52999999999975,4.916534436724535
asia_close_10_16_largerange,"b=1.0,R>=20.0",15.0,50.0,False,3,160,108,52,0,0.675,99,9,52,364.6509999999971,2.2790687499999818,1.3153315663629923,155.54400000000078,3,2025-11-03,2025-11-06,110,90,20,0,0.8181818181818182,88,15,7,483.2600000000007,4.393272727272733,1.5743659226508842,211.20999999999958,3,2026-07-17,2026-07-21,270,198,72,0,0.7333333333333333,187,24,59,847.9109999999978,3.140411111111103,1.4244255512980608,211.20999999999958,3,2025-11-03,2025-11-06,-14.817000000000007,72.28499999999985,307.18299999999726,483.2600000000007,4.914627474747471
10_11_mom_cont,th=12.0,10.0,30.0,False,3,32,27,5,0,0.84375,27,5,0,120.0,3.75,1.8,40.0,1,2025-04-10,2025-04-10,35,29,6,0,0.8285714285714286,29,6,0,110.0,3.142857142857143,1.6111111111111112,60.0,2,2026-04-01,2026-04-02,67,56,11,0,0.835820895522388,56,11,0,230.0,3.4328358208955225,1.696969696969697,60.0,2,2026-04-01,2026-04-02,-1000000000.0,10.0,110.0,110.0,4.884264392324094
09_10_mom_fade,th=8.0,10.0,50.0,False,3,71,54,17,0,0.7605633802816901,50,5,16,41.46100000000047,0.5839577464788798,1.088260901959533,167.59000000000015,2,2025-04-09,2025-04-22,85,75,10,0,0.8823529411764706,75,6,4,402.53999999999905,4.7357647058823416,2.158521844241058,90.0,1,2026-01-12,2026-01-12,156,129,27,0,0.8269230769230769,125,11,20,444.0009999999995,2.8461602564102533,1.5433099000874912,167.59000000000015,2,2025-04-09,2025-04-22,53.25999999999999,29.718000000000757,-41.51700000000028,402.53999999999905,4.878862609351423
asia_close_10_12_largerange,"b=0.0,R>=30.0",15.0,50.0,False,3,62,46,16,0,0.7419354838709677,44,5,13,209.5949999999998,3.380564516129029,1.461787088160254,146.89000000000033,3,2025-11-20,2025-11-25,70,56,14,0,0.8,55,11,4,250.6600000000003,3.5808571428571474,1.4331806791670272,180.0,2,2026-07-20,2026-07-21,132,102,30,0,0.7727272727272727,99,16,17,460.2550000000001,3.486780303030304,1.4457554661955898,206.89000000000033,3,2025-11-20,2025-11-25,2.5399999999999636,-36.430999999999585,243.48599999999942,250.6600000000003,4.863428874458877
asia_close_10_16_largerange,"b=0.0,R>=30.0",15.0,50.0,False,3,89,63,26,0,0.7078651685393258,61,7,21,246.5949999999989,2.770730337078639,1.3670234774765635,159.6900000000005,3,2024-04-19,2024-05-20,107,87,20,0,0.8130841121495327,85,17,5,405.5800000000004,3.7904672897196297,1.4615944915495367,185.0,3,2026-07-17,2026-07-21,196,150,46,0,0.7653061224489796,146,24,26,652.1749999999993,3.3274234693877514,1.4206147841251489,185.0,3,2024-04-19,2024-05-20,2.5399999999999636,-97.97099999999955,342.0259999999985,405.5800000000004,4.852657114247566
asia_close_10_16_largerange,"b=1.0,R>=30.0",15.0,40.0,False,3,86,62,24,0,0.7209302325581395,60,9,17,290.79599999999823,3.381348837209282,1.4768030799147995,119.24000000000069,3,2025-11-25,2025-12-01,103,80,23,0,0.7766990291262136,78,19,6,361.8400000000006,3.51300970873787,1.4451771653543315,187.62999999999965,3,2026-07-17,2026-07-21,189,142,47,0,0.7513227513227513,138,28,23,652.6359999999988,3.453100529100523,1.458734774409268,187.62999999999965,3,2025-11-25,2025-12-01,1.240000000000009,-61.539999999999964,351.0959999999982,361.8400000000006,4.834345383469459
asia_close_10_16_largerange,"b=0.0,R>=30.0",15.0,40.0,False,3,89,62,27,0,0.6966292134831461,60,10,19,230.51499999999896,2.590056179775269,1.3425399504872497,157.80000000000018,3,2024-04-19,2024-05-20,107,84,23,0,0.7850467289719626,82,20,5,410.5800000000004,3.8371962616822466,1.495480600977494,165.0,3,2026-07-17,2026-07-21,196,146,50,0,0.7448979591836735,142,30,24,641.0949999999993,3.270892857142854,1.4269389880714534,182.80000000000018,3,2024-04-19,2024-05-20,2.5399999999999636,-87.97099999999955,315.94599999999855,410.5800000000004,4.823890987983977
asia_close_10_12_largerange,"b=1.0,R>=50.0",20.0,30.0,False,3,23,15,8,0,0.6521739130434783,14,7,2,77.44999999999936,3.3673913043477985,1.3534915563669523,70.0,3,2025-04-23,2025-05-09,39,26,13,0,0.6666666666666666,26,13,0,130.0,3.3333333333333335,1.3333333333333333,120.0,2,2026-01-02,2026-01-05,62,41,21,0,0.6612903225806451,40,20,2,207.44999999999936,3.3459677419354734,1.340584468888523,170.0,3,2025-04-23,2025-05-09,20.0,-1000000000.0,57.44999999999936,130.0,4.67263440860214
asia_close_10_12_largerange,"b=0.0,R>=30.0",15.0,40.0,False,3,62,45,17,0,0.7258064516129032,43,8,11,173.51499999999987,2.7986290322580625,1.3653270394434873,145.0,3,2025-11-20,2025-11-25,70,54,16,0,0.7714285714285715,53,13,4,250.6600000000003,3.5808571428571474,1.4568668550077468,145.0,2,2026-07-20,2026-07-21,132,99,33,0,0.75,96,21,15,424.1750000000002,3.213446969696971,1.4143920328875899,200.0,3,2025-11-20,2025-11-25,2.5399999999999636,-36.430999999999585,207.4059999999995,250.6600000000003,4.603875541125545
asia_close_10_14_largerange,"b=1.0,R>=50.0",20.0,50.0,False,3,27,19,8,0,0.7037037037037037,18,4,5,93.89299999999957,3.4775185185185027,1.332179992004442,133.38699999999972,3,2025-11-21,2025-12-15,44,32,12,0,0.7272727272727273,31,9,4,145.5600000000004,3.3081818181818274,1.3040417754569198,170.0,2,2026-02-19,2026-03-02,71,51,20,0,0.7183098591549296,49,13,9,239.45299999999997,3.372577464788732,1.3144875211286473,213.38699999999972,3,2025-11-21,2025-12-15,20.0,-1000000000.0,73.89299999999957,145.5600000000004,4.599894373879647
10_11_mom_cont,th=12.0,10.0,15.0,False,3,32,26,6,0,0.8125,26,6,0,170.0,5.3125,2.888888888888889,35.0,2,2025-12-29,2025-12-31,35,24,11,0,0.6857142857142857,24,11,0,75.0,2.142857142857143,1.4545454545454546,50.0,3,2026-01-30,2026-02-06,67,50,17,0,0.746268656716418,50,17,0,245.0,3.656716417910448,1.9607843137254901,65.0,3,2025-12-29,2026-01-13,-1000000000.0,10.0,160.0,75.0,4.598144989339019
14_15_mom_fade,th=12.0,15.0,25.0,False,3,29,17,12,0,0.5862068965517241,16,7,6,23.02700000000027,0.7940344827586301,1.1028376712695847,85.0,3,2025-11-14,2025-11-21,55,40,15,0,0.7272727272727273,39,15,1,215.2599999999993,3.9138181818181694,1.574026666666665,120.0,3,2026-02-11,2026-02-18,84,57,27,0,0.6785714285714286,55,22,7,238.28699999999958,2.836749999999995,1.3978638072784826,120.0,3,2025-11-14,2025-11-21,6.942999999999984,-5.6599999999998545,21.744000000000142,215.2599999999993,4.553659090909079
10_11_mom_cont,th=12.0,12.5,25.0,False,3,32,24,8,0,0.75,24,7,1,119.89299999999957,3.7466562499999867,1.6656765145163668,37.5,1,2025-04-10,2025-04-10,35,26,9,0,0.7428571428571429,26,9,0,100.0,2.857142857142857,1.4444444444444444,87.5,2,2026-03-25,2026-03-26,67,50,17,0,0.746268656716418,50,16,1,219.89299999999957,3.2819850746268595,1.5428022719923362,87.5,2,2026-03-25,2026-03-26,-1000000000.0,12.5,107.39299999999957,100.0,4.535556503198288
asia_close_10_12_largerange,"b=2.0,R>=40.0",20.0,35.0,False,3,34,25,9,0,0.7352941176470589,21,6,7,191.29900000000043,5.626441176470601,1.7554835040716568,105.0,3,2025-04-23,2025-05-13,51,34,17,0,0.6666666666666666,34,16,1,118.69999999999982,2.3274509803921535,1.2114733654017455,135.0,3,2026-04-07,2026-04-13,85,59,26,0,0.6941176470588235,55,22,8,309.99900000000025,3.6470470588235324,1.3805938265026754,145.0,3,2025-04-23,2025-05-13,4.913000000000011,-1000000000.0,186.38600000000042,118.69999999999982,4.520772549019609
asia_close_10_16_largerange,"b=2.0,R>=20.0",15.0,40.0,False,3,152,104,48,0,0.6842105263157895,95,13,44,419.78599999999847,2.76174999999999,1.4004544613335803,127.68000000000029,3,2024-07-25,2024-08-02,108,84,24,0,0.7777777777777778,82,20,6,378.74000000000024,3.506851851851854,1.4425049655333568,175.99000000000024,3,2026-07-17,2026-07-21,260,188,72,0,0.7230769230769231,177,33,50,798.5259999999987,3.0712538461538412,1.4193555841010315,175.99000000000024,3,2024-07-25,2024-08-02,-16.144000000000005,59.80799999999999,376.1219999999985,378.74000000000024,4.4726997720797685
asia_close_10_12_largerange,"b=2.0,R>=20.0",15.0,40.0,False,3,103,69,34,0,0.6699029126213593,63,11,29,152.23599999999965,1.4780194174757249,1.1857302156254645,131.22300000000087,3,2023-01-03,2023-05-04,69,55,14,0,0.7971014492753623,54,13,2,293.0100000000002,4.246521739130438,1.5620755802800692,80.0,2,2026-07-15,2026-07-21,172,124,48,0,0.7209302325581395,117,24,31,445.24599999999987,2.58863953488372,1.3320347631029064,131.22300000000087,3,2023-01-03,2023-05-04,-31.144000000000005,67.58100000000013,115.79899999999952,293.0100000000002,4.449454404448938
asia_close_10_12_largerange,"b=1.0,R>=40.0",30.0,40.0,False,3,37,25,12,0,0.6756756756756757,18,6,13,295.0759999999989,7.9750270270269965,1.9601994097108053,80.0,3,2025-05-08,2025-05-13,53,32,21,0,0.6037735849056604,26,18,9,86.26999999999953,1.6277358490565947,1.1134967307363401,293.6400000000003,3,2026-01-27,2026-01-30,90,57,33,0,0.6333333333333333,44,24,22,381.3459999999984,4.23717777777776,1.3572605645216425,304.3699999999999,3,2025-05-08,2025-05-13,16.24000000000001,-1000000000.0,278.8359999999989,86.26999999999953,4.442305702306058
prevclose_gap_cont,th=30.0,12.5,35.0,False,3,48,38,10,0,0.7916666666666666,37,9,2,147.85300000000007,3.080270833333335,1.4646543054682588,127.5,3,2025-11-18,2025-12-15,85,66,19,0,0.7764705882352941,66,15,4,263.9599999999987,3.1054117647058668,1.4704833879937225,92.5,2,2026-01-26,2026-01-27,133,104,29,0,0.7819548872180451,103,24,6,411.81299999999874,3.0963383458646523,1.468373822847002,127.5,3,2025-11-18,2025-12-15,-1000000000.0,25.0,122.85300000000007,263.9599999999987,4.394044228217585
asia_close_10_12_largerange,"b=0.0,R>=40.0",20.0,50.0,False,3,39,29,10,0,0.7435897435897436,26,4,9,247.17599999999993,6.337846153846152,1.8212181921478332,150.0,3,2025-11-20,2025-12-15,57,41,16,0,0.7192982456140351,40,13,4,125.66000000000031,2.2045614035087775,1.1851617181168501,220.0,2,2026-02-04,2026-02-19,96,70,26,0,0.7291666666666666,66,17,13,372.83600000000024,3.883708333333336,1.380585870072282,300.0,3,2025-11-20,2025-12-15,7.539999999999964,-1000000000.0,239.63599999999997,125.66000000000031,4.385989035087725
asia_close_10_12_largerange,"b=2.0,R>=40.0",20.0,40.0,False,3,34,26,8,0,0.7647058823529411,22,4,8,247.02900000000045,7.265558823529425,2.1358490739548683,54.26999999999998,2,2025-05-08,2025-05-13,51,35,16,0,0.6862745098039216,34,15,2,83.01000000000022,1.6276470588235337,1.1380508897388995,140.0,2,2026-03-12,2026-03-13,85,61,24,0,0.7176470588235294,56,19,10,330.03900000000067,3.8828117647058904,1.40308432993317,160.0,2,2025-05-08,2025-05-13,4.913000000000011,-1000000000.0,242.11600000000044,83.01000000000022,4.376635294117657
14_15_mom_fade,th=12.0,15.0,30.0,False,3,29,18,11,0,0.6206896551724138,17,6,6,33.02700000000027,1.1388620689655267,1.1442756294885474,60.0,2,2024-04-22,2024-07-25,55,41,14,0,0.7454545454545455,40,13,2,203.41999999999916,3.6985454545454393,1.5062213816444334,150.0,3,2026-02-11,2026-02-18,84,59,25,0,0.7023809523809523,57,19,8,236.44699999999943,2.8148452380952316,1.3748628629771251,150.0,3,2026-02-11,2026-02-18,6.942999999999984,-5.6599999999998545,31.744000000000142,203.41999999999916,4.364117965367951
14_15_mom_fade,th=12.0,15.0,35.0,False,3,29,18,11,0,0.6206896551724138,17,6,6,3.027000000000271,0.10437931034483693,1.0116910503792746,80.0,2,2024-04-22,2024-07-25,55,42,13,0,0.7636363636363637,41,11,3,220.2299999999991,4.004181818181802,1.5505337099717496,180.0,3,2026-02-11,2026-02-18,84,60,24,0,0.7142857142857143,58,17,9,223.25699999999938,2.6578214285714212,1.3388092499233615,180.0,3,2026-02-11,2026-02-18,6.942999999999984,-5.6599999999998545,1.7440000000001419,220.2299999999991,4.299912337662322
asia_close_10_14_largerange,"b=2.0,R>=50.0",20.0,50.0,False,3,25,19,6,0,0.76,17,3,5,131.98300000000017,5.279320000000007,1.586494665321704,83.38699999999972,2,2025-11-21,2025-12-01,42,30,12,0,0.7142857142857143,29,9,4,100.75999999999931,2.3990476190476024,1.2083755557853357,160.0,2,2026-07-06,2026-07-21,67,49,18,0,0.7313432835820896,46,12,9,232.74299999999948,3.4737761194029773,1.3284607253590586,203.38699999999972,2,2025-11-21,2025-12-01,20.0,-1000000000.0,111.98300000000017,100.75999999999931,4.266525928926779
asia_close_10_12_largerange,"b=1.0,R>=40.0",20.0,40.0,False,3,37,27,10,0,0.7297297297297297,24,5,8,240.78599999999983,6.507729729729725,1.9077460726766855,80.0,3,2025-05-08,2025-05-13,53,36,17,0,0.6792452830188679,35,15,3,97.84000000000015,1.8460377358490594,1.1613270235955613,180.0,2,2026-03-12,2026-03-13,90,63,27,0,0.7,59,20,11,338.626,3.762511111111111,1.3884541834771664,220.0,3,2025-05-08,2025-05-13,6.240000000000009,-1000000000.0,234.54599999999982,97.84000000000015,4.2455299790356404
asia_close_10_12_largerange,"b=1.0,R>=20.0",15.0,40.0,False,3,109,72,37,0,0.6605504587155964,68,13,28,136.3179999999984,1.2506238532109943,1.151680673671465,162.23400000000083,3,2023-01-03,2023-05-04,71,56,15,0,0.7887323943661971,55,13,3,302.84000000000015,4.265352112676059,1.5752274583547021,105.0,2,2026-07-15,2026-07-21,180,128,52,0,0.7111111111111111,123,26,31,439.15799999999854,2.4397666666666584,1.3081406159332059,177.23400000000083,3,2023-01-03,2023-05-04,-29.817000000000007,78.62699999999995,87.50799999999845,302.84000000000015,4.217974723004686
asia_close_10_16_largerange,"b=1.0,R>=20.0",15.0,40.0,False,3,160,107,53,0,0.66875,98,17,45,302.30499999999665,1.889406249999979,1.251135824601596,144.2400000000007,3,2025-11-03,2025-11-06,110,86,24,0,0.7818181818181819,84,20,6,411.8400000000006,3.7440000000000055,1.4829268292682936,172.62999999999965,3,2026-07-17,2026-07-21,270,193,77,0,0.7148148148148148,182,37,51,714.1449999999973,2.644981481481471,1.3472537272355491,172.62999999999965,3,2025-11-03,2025-11-06,-14.817000000000007,82.28499999999985,234.8369999999968,411.8400000000006,4.171721481481474
14_15_mom_fade,th=12.0,10.0,25.0,False,3,29,21,8,0,0.7241379310344828,21,4,4,72.14400000000023,2.4877241379310426,1.523328690807802,38.516000000000076,2,2024-04-22,2024-07-25,55,44,11,0,0.8,44,11,0,165.0,3.0,1.6,80.0,2,2026-02-05,2026-02-06,84,65,19,0,0.7738095238095238,65,15,4,237.14400000000023,2.82314285714286,1.5743988218652518,80.0,2,2024-04-22,2024-07-25,10.0,-10.659999999999854,72.80400000000009,165.0,4.16314285714286
prevclose_gap_cont,th=30.0,12.5,40.0,False,3,48,39,9,0,0.8125,38,8,2,155.35300000000007,3.236520833333335,1.480671410891089,147.5,3,2025-11-18,2025-12-15,85,67,18,0,0.788235294117647,67,14,4,241.45999999999867,2.8407058823529256,1.4051070397959837,112.5,2,2026-04-02,2026-04-08,133,106,27,0,0.7969924812030075,105,22,6,396.81299999999874,2.983556390977434,1.4316750794134263,147.5,3,2025-11-18,2025-12-15,-1000000000.0,25.0,130.35300000000007,241.45999999999867,4.108909332153897
14_15_mom_fade,th=12.0,12.5,25.0,False,3,29,18,11,0,0.6206896551724138,18,6,5,26.084000000000287,0.8994482758620789,1.1311307285487358,50.0,2,2024-04-22,2024-07-25,55,42,13,0,0.7636363636363637,41,13,1,192.7599999999993,3.5047272727272603,1.5931076923076901,125.0,3,2026-02-11,2026-02-18,84,60,24,0,0.7142857142857143,59,19,6,218.8439999999996,2.6052857142857095,1.417708182227685,125.0,3,2026-02-11,2026-02-18,12.5,-8.159999999999854,21.744000000000142,192.7599999999993,4.107649350649339
asia_close_10_14_largerange,"b=2.0,R>=50.0",15.0,40.0,False,3,25,19,6,0,0.76,19,4,2,71.61300000000028,2.8645200000000113,1.335601512744452,78.38699999999972,2,2025-11-21,2025-12-01,42,32,10,0,0.7619047619047619,31,8,3,122.36999999999989,2.913571428571426,1.3527122845448774,125.0,2,2026-07-06,2026-07-21,67,51,16,0,0.7611940298507462,50,12,5,193.98300000000017,2.8952686567164205,1.346196060514664,128.38699999999972,2,2025-11-21,2025-12-01,15.0,-1000000000.0,56.613000000000284,122.36999999999989,4.095280371002135
asia_close_10_12_largerange,"b=1.0,R>=50.0",25.0,35.0,False,3,23,15,8,0,0.6521739130434783,11,6,6,69.64299999999866,3.0279565217390725,1.2848302911573024,84.95000000000118,3,2025-04-23,2025-05-09,39,25,14,0,0.6410256410256411,22,13,4,117.25999999999931,3.006666666666649,1.2569800569800553,225.0,3,2026-01-27,2026-01-30,62,40,22,0,0.6451612903225806,33,19,10,186.90299999999797,3.0145645161289996,1.2666968223776272,230.40700000000015,3,2025-04-23,2025-05-09,25.0,-1000000000.0,44.642999999998665,117.25999999999931,4.057083849462324
asia_close_10_12_largerange,"b=0.0,R>=40.0",30.0,40.0,False,3,39,26,13,0,0.6666666666666666,19,7,13,292.36899999999923,7.496641025641006,1.8449800148551874,120.0,3,2025-05-08,2025-05-13,57,34,23,0,0.5964912280701754,28,19,10,91.63299999999936,1.607596491228059,1.111436354570771,333.6400000000003,3,2026-01-27,2026-01-30,96,60,36,0,0.625,47,26,23,384.0019999999986,4.000020833333319,1.3286852572590688,382.91700000000037,3,2025-05-08,2025-05-13,17.539999999999964,-1000000000.0,274.82899999999927,91.63299999999936,4.037985078947347
10_11_mom_cont,th=12.0,12.5,30.0,False,3,32,24,8,0,0.75,24,7,1,84.89299999999957,2.6529062499999867,1.3946547532158386,52.5,1,2025-04-10,2025-04-10,35,27,8,0,0.7714285714285715,27,8,0,97.5,2.7857142857142856,1.40625,77.5,2,2026-04-01,2026-04-02,67,51,16,0,0.7611940298507462,51,15,1,182.39299999999957,2.722283582089546,1.4007694893728275,77.5,2,2026-04-01,2026-04-02,-1000000000.0,12.5,72.39299999999957,97.5,3.960140724946689
prevclose_gap_cont,th=30.0,12.5,50.0,False,3,48,40,8,0,0.8333333333333334,39,7,2,137.85300000000007,2.8719375000000014,1.390297281993205,187.5,3,2025-11-18,2025-12-15,85,69,16,0,0.8117647058823529,69,11,5,246.0399999999986,2.8945882352941013,1.3991175420951856,130.42000000000007,2,2026-04-02,2026-04-08,133,109,24,0,0.8195488721804511,108,18,7,383.89299999999866,2.886413533834576,1.3959047501185962,187.5,3,2025-11-18,2025-12-15,-1000000000.0,25.0,112.85300000000007,246.0399999999986,3.9587076514816264
14_15_mom_fade,th=12.0,10.0,30.0,False,3,29,21,8,0,0.7241379310344828,21,4,4,52.14400000000023,1.7980689655172495,1.3303263734036104,43.516000000000076,2,2024-04-22,2024-07-25,55,45,10,0,0.8181818181818182,45,9,1,168.15999999999985,3.0574545454545428,1.5966505818904335,100.0,2,2026-02-05,2026-02-06,84,66,18,0,0.7857142857142857,66,13,5,220.3040000000001,2.622666666666668,1.5010370801644777,100.0,2,2024-04-22,2024-07-25,10.0,-10.659999999999854,52.80400000000009,168.15999999999985,3.951393939393939
asia_close_10_16_largerange,"b=1.0,R>=50.0",12.5,40.0,False,3,31,24,7,0,0.7741935483870968,24,5,2,46.613000000000284,1.5036451612903317,1.1839597137974731,108.38699999999972,3,2025-11-21,2025-12-15,61,49,12,0,0.8032786885245902,48,10,3,193.85999999999967,3.1780327868852405,1.4769355672005302,100.0,3,2026-07-07,2026-07-21,92,73,19,0,0.7934782608695652,72,15,5,240.47299999999996,2.6138369565217388,1.3644319905676532,133.38699999999972,3,2025-11-21,2025-12-15,12.5,-1000000000.0,34.113000000000284,193.85999999999967,3.9360793499643596
09_10_mom_fade,th=8.0,12.5,35.0,False,3,71,50,21,0,0.704225352112676,43,9,19,57.46700000000055,0.8093943661971909,1.114576064374894,132.82000000000016,3,2025-10-24,2025-10-28,85,68,17,0,0.8,68,15,2,308.96000000000004,3.634823529411765,1.5710483513233773,105.0,3,2026-04-30,2026-05-04,156,118,38,0,0.7564102564102564,111,24,21,366.4270000000006,2.3488910256410294,1.3514543421171268,132.82000000000016,3,2025-10-24,2025-10-28,-8.304000000000087,46.858000000001084,18.912999999999556,308.96000000000004,3.900662790346911
asia_close_10_14_largerange,"b=2.0,R>=50.0",20.0,35.0,False,3,25,17,8,0,0.68,15,6,4,59.96299999999974,2.3985199999999893,1.2332673298140089,91.65000000000009,3,2025-04-23,2025-05-08,42,28,14,0,0.6666666666666666,28,12,2,113.05999999999949,2.6919047619047496,1.2529646037499427,85.0,2,2026-04-07,2026-04-13,67,45,22,0,0.6716417910447762,43,18,6,173.02299999999923,2.582432835820884,1.2457723541435533,115.40700000000015,3,2025-04-23,2025-05-08,20.0,-1000000000.0,39.96299999999974,113.05999999999949,3.697571216773258
asia_close_10_12_largerange,"b=2.0,R>=40.0",20.0,30.0,False,3,34,25,9,0,0.7352941176470589,21,7,6,216.70600000000059,6.373705882352958,1.9512701541216941,90.0,3,2025-04-23,2025-05-13,51,32,19,0,0.6274509803921569,32,19,0,70.0,1.3725490196078431,1.1228070175438596,180.0,3,2026-03-10,2026-03-13,85,57,28,0,0.6705882352941176,53,26,6,286.7060000000006,3.3730117647058893,1.359367616478673,190.0,3,2025-04-23,2025-05-13,4.913000000000011,-1000000000.0,211.79300000000057,70.0,3.6792862745098107
prevclose_gap_cont,th=30.0,15.0,35.0,False,3,48,38,10,0,0.7916666666666666,36,9,3,229.4630000000002,4.78047916666667,1.7211282212445003,125.0,3,2025-11-18,2025-12-15,85,61,24,0,0.7176470588235294,59,19,7,164.76599999999826,1.9384235294117442,1.226782669017542,130.0,2,2026-01-26,2026-01-27,133,99,34,0,0.7443609022556391,95,28,10,394.22899999999845,2.9641278195488607,1.3773476004008642,130.0,3,2025-11-18,2025-12-15,-1000000000.0,30.0,199.4630000000002,164.76599999999826,3.673339584254733
14_15_mom_fade,th=12.0,10.0,35.0,False,3,29,21,8,0,0.7241379310344828,21,4,4,32.14400000000023,1.1084137931034563,1.1807304785894221,48.516000000000076,2,2024-04-22,2024-07-25,55,46,9,0,0.8363636363636363,46,8,1,168.15999999999985,3.0574545454545428,1.5762061403508765,120.0,2,2026-02-05,2026-02-06,84,67,17,0,0.7976190476190477,67,12,5,200.3040000000001,2.3845714285714297,1.426454557841668,120.0,2,2024-04-22,2024-07-25,10.0,-10.659999999999854,32.80400000000009,168.15999999999985,3.673298701298701
asia_close_10_14_largerange,"b=1.0,R>=50.0",30.0,50.0,False,3,27,17,10,0,0.6296296296296297,13,5,9,52.7199999999998,1.952592592592585,1.1400525994208748,158.03999999999905,3,2025-11-21,2025-12-15,44,28,16,0,0.6363636363636364,23,10,11,137.47000000000025,3.1243181818181878,1.2292427501792658,204.32999999999993,2,2026-01-28,2026-01-30,71,45,26,0,0.6338028169014085,36,15,20,190.19000000000005,2.678732394366198,1.19484683946317,303.09999999999854,3,2025-11-21,2025-12-15,30.0,-1000000000.0,22.7199999999998,137.47000000000025,3.6346914852752943
10_11_mom_cont,th=12.0,12.5,50.0,False,3,32,24,8,0,0.75,24,5,3,16.86599999999953,0.5270624999999853,1.0595689673440827,90.46000000000004,1,2025-04-10,2025-04-10,35,28,7,0,0.8,28,4,3,125.09999999999945,3.5742857142856987,1.5562472209871017,137.5,2,2026-04-01,2026-04-02,67,52,15,0,0.7761194029850746,52,9,6,141.96599999999899,2.1188955223880446,1.2794419271151118,137.5,2,2026-04-01,2026-04-02,-1000000000.0,12.5,4.365999999999531,125.09999999999945,3.631038379530894
prevclose_gap_cont,th=30.0,10.0,35.0,False,3,48,40,8,0,0.8333333333333334,39,7,2,145.35300000000007,3.0281875000000014,1.5856285253827556,85.0,2,2025-04-22,2025-04-23,85,69,16,0,0.8117647058823529,69,13,3,204.68999999999915,2.4081176470588135,1.4217716511095975,105.0,2,2026-04-02,2026-04-08,133,109,24,0,0.8195488721804511,108,20,5,350.0429999999992,2.631902255639092,1.4772163978677846,105.0,2,2025-04-22,2025-04-23,-1000000000.0,20.0,125.35300000000007,204.68999999999915,3.6259610791684986
10_11_mom_cont,th=12.0,10.0,35.0,False,3,32,27,5,0,0.84375,27,5,0,95.0,2.96875,1.542857142857143,50.0,1,2025-04-10,2025-04-10,35,29,6,0,0.8285714285714286,29,6,0,80.0,2.2857142857142856,1.380952380952381,85.0,2,2026-04-01,2026-04-02,67,56,11,0,0.835820895522388,56,11,0,175.0,2.611940298507463,1.4545454545454546,85.0,2,2026-04-01,2026-04-02,-1000000000.0,10.0,85.0,80.0,3.5847974413646058
10_11_mom_cont,th=12.0,12.5,20.0,False,3,32,24,8,0,0.75,24,7,1,154.89299999999957,4.840406249999987,2.067439889185216,27.5,1,2025-04-10,2025-04-10,35,23,12,0,0.6571428571428571,23,12,0,47.5,1.3571428571428572,1.1979166666666667,75.0,2,2026-02-02,2026-02-06,67,47,20,0,0.7014925373134329,47,19,1,202.39299999999957,3.020791044776113,1.5255500419363952,75.0,2,2026-02-02,2026-02-06,-1000000000.0,12.5,142.39299999999957,47.5,3.5493624733475415
asia_close_10_16_largerange,"b=1.0,R>=50.0",12.5,50.0,False,3,31,25,6,0,0.8064516129032258,25,4,2,59.113000000000284,1.9068709677419446,1.2332913685390345,140.88699999999972,3,2025-11-21,2025-12-15,61,50,11,0,0.819672131147541,49,8,4,167.77999999999975,2.7504918032786843,1.3769913492865964,100.0,3,2026-07-07,2026-07-21,92,75,17,0,0.8152173913043478,74,12,6,226.89300000000003,2.4662282608695656,1.324858219137875,153.38699999999972,3,2025-11-21,2025-12-15,12.5,-1000000000.0,46.613000000000284,167.77999999999975,3.534700162508908
asia_close_10_16_largerange,"b=1.0,R>=20.0",12.5,50.0,False,3,160,112,48,0,0.7,106,9,45,232.8599999999974,1.4553749999999837,1.2091779216054372,182.3940000000007,3,2025-11-25,2025-12-01,110,92,18,0,0.8363636363636363,91,14,5,368.73,3.3520909090909092,1.4794305031855417,188.92999999999984,3,2026-07-17,2026-07-21,270,204,66,0,0.7555555555555555,197,23,50,601.5899999999974,2.2281111111111014,1.3196011294602639,188.92999999999984,3,2025-11-25,2025-12-01,-19.817000000000007,42.52699999999959,210.14999999999782,368.73,3.526296565656556
14_15_mom_fade,th=12.0,20.0,25.0,False,3,29,17,12,0,0.5862068965517241,14,7,8,77.24700000000007,2.663689655172416,1.344982046838994,93.17000000000007,3,2025-11-14,2025-11-21,55,34,21,0,0.6181818181818182,32,20,3,133.5729999999994,2.428599999999989,1.260849102661744,110.0,3,2026-02-11,2026-02-18,84,51,33,0,0.6071428571428571,46,27,11,210.81999999999948,2.5097619047618984,1.2864456660860388,110.0,3,2025-11-14,2025-11-21,6.942999999999984,-0.6599999999998545,70.96399999999994,133.5729999999994,3.5040619047618926
prevclose_gap_cont,th=30.0,12.5,30.0,False,3,48,38,10,0,0.7916666666666666,37,9,2,192.85300000000007,4.017770833333334,1.7059040995607608,107.5,3,2025-11-18,2025-12-15,85,64,21,0,0.7529411764705882,64,21,0,170.0,2.0,1.2698412698412698,112.5,3,2026-04-02,2026-04-14,133,102,31,0,0.7669172932330827,101,30,2,362.85300000000007,2.7282180451127824,1.4017415854738706,112.5,3,2025-11-18,2025-12-15,-1000000000.0,25.0,167.85300000000007,170.0,3.5032180451127823
prevclose_gap_cont,th=30.0,10.0,40.0,False,3,48,41,7,0,0.8541666666666666,40,6,2,160.35300000000007,3.3406875000000014,1.6593462171052626,100.0,2,2025-11-18,2025-11-21,85,70,15,0,0.8235294117647058,70,12,3,189.68999999999915,2.2316470588235195,1.3717152319178516,130.0,2,2026-04-02,2026-04-08,133,111,22,0,0.8345864661654135,110,18,5,350.0429999999992,2.631902255639092,1.464549906437869,130.0,2,2025-11-18,2025-11-21,-1000000000.0,20.0,140.35300000000007,189.68999999999915,3.487725785050852
10_11_mom_cont,th=12.0,7.5,20.0,False,3,32,27,5,0,0.84375,27,5,0,102.5,3.203125,2.025,25.0,1,2025-04-10,2025-04-10,35,28,7,0,0.8,28,7,0,70.0,2.0,1.5,60.0,2,2026-04-01,2026-04-02,67,55,12,0,0.8208955223880597,55,12,0,172.5,2.574626865671642,1.71875,60.0,2,2026-04-01,2026-04-02,-1000000000.0,7.5,95.0,70.0,3.4546268656716417
09_10_mom_fade,th=8.0,10.0,35.0,False,3,71,52,19,0,0.7323943661971831,48,8,15,28.98100000000045,0.4081830985915556,1.062697545620735,170.07000000000016,3,2025-10-24,2025-10-28,85,72,13,0,0.8470588235294118,72,12,1,292.0699999999997,3.43611764705882,1.6825181688593918,105.0,3,2026-04-30,2026-05-04,156,124,32,0,0.7948717948717948,120,20,16,321.05100000000016,2.058019230769232,1.3606645958895263,170.07000000000016,3,2025-10-24,2025-10-28,53.25999999999999,29.718000000000757,-53.9970000000003,292.0699999999997,3.4359380542986417
asia_close_10_14_largerange,"b=1.0,R>=50.0",15.0,40.0,False,3,27,19,8,0,0.7037037037037037,19,5,3,22.51299999999992,0.8338148148148119,1.0857680570847315,118.38699999999972,3,2025-11-21,2025-12-15,44,33,11,0,0.75,32,8,4,135.5600000000004,3.0809090909091,1.3887025089605747,165.0,2,2026-02-19,2026-03-02,71,52,19,0,0.7323943661971831,51,13,7,158.07300000000032,2.2263802816901452,1.2586116350940801,193.38699999999972,3,2025-11-21,2025-12-15,15.0,-1000000000.0,7.51299999999992,135.5600000000004,3.3800608271446957
asia_close_10_12_largerange,"b=2.0,R>=40.0",25.0,40.0,False,3,34,26,8,0,0.7647058823529411,19,4,11,315.9989999999998,9.294088235294112,2.452975851097092,54.26999999999998,2,2025-05-08,2025-05-13,51,31,20,0,0.6078431372549019,28,17,6,11.009999999999309,0.21588235294116292,1.0153919279752825,283.6400000000003,3,2026-01-27,2026-01-30,85,57,28,0,0.6705882352941176,47,21,17,327.0089999999991,3.8471647058823426,1.350569364725758,288.6400000000003,3,2026-01-27,2026-01-30,9.913000000000011,-1000000000.0,306.0859999999998,11.009999999999309,3.3778258823529237
asia_close_10_14_largerange,"b=2.0,R>=50.0",15.0,50.0,False,3,25,20,5,0,0.8,20,3,2,96.61300000000028,3.8645200000000113,1.475020527369008,98.38699999999972,2,2025-11-21,2025-12-01,42,32,10,0,0.7619047619047619,31,7,4,85.75999999999931,2.0419047619047452,1.2235953591448288,175.0,2,2026-07-06,2026-07-21,67,52,15,0,0.7761194029850746,51,10,6,182.3729999999996,2.7219850746268595,1.3107198898689285,198.38699999999972,2,2025-11-21,2025-12-01,15.0,-1000000000.0,81.61300000000028,85.75999999999931,3.346163455579233
14_15_mom_fade,th=12.0,10.0,50.0,False,3,29,21,8,0,0.7241379310344828,21,3,5,14.144000000000233,0.4877241379310425,1.0722163221959002,67.19599999999991,2,2024-04-22,2024-07-25,55,48,7,0,0.8727272727272727,48,6,1,168.15999999999985,3.0574545454545428,1.5392508978963564,180.0,2,2026-02-05,2026-02-06,84,69,15,0,0.8214285714285714,69,9,6,182.3040000000001,2.1702857142857153,1.359081024865274,180.0,2,2024-04-22,2024-07-25,10.0,-10.659999999999854,14.804000000000087,168.15999999999985,3.3390129870129868
ema_trend_10,sep=5.0,12.5,50.0,False,3,52,38,14,0,0.7307692307692307,36,3,13,94.26500000000078,1.8127884615384766,1.2620605103598228,121.77000000000044,2,2024-11-20,2024-11-26,56,45,11,0,0.8035714285714286,45,7,4,156.46000000000004,2.793928571428572,1.385331494434046,131.64999999999964,1,2026-01-13,2026-01-13,108,83,25,0,0.7685185185185185,81,10,17,250.72500000000082,2.3215277777777854,1.3274253767889406,191.32700000000023,2,2024-11-20,2024-11-26,37.5,-30.900999999999385,87.66600000000017,156.46000000000004,3.335838063492071
asia_close_10_12_largerange,"b=1.0,R>=40.0",25.0,40.0,False,3,37,27,10,0,0.7297297297297297,20,5,12,297.12599999999907,8.030432432432407,2.1201438604824707,80.0,3,2025-05-08,2025-05-13,53,33,20,0,0.6226415094339622,29,17,7,32.75999999999931,0.6181132075471568,1.0454930496729655,323.6400000000003,3,2026-01-27,2026-01-30,90,60,30,0,0.6666666666666666,49,22,19,329.8859999999984,3.665399999999982,1.3347849075522096,343.6400000000003,3,2025-05-08,2025-05-13,11.240000000000009,-1000000000.0,285.88599999999906,32.75999999999931,3.2871766037735592
asia_close_10_12_largerange,"b=1.0,R>=40.0",15.0,50.0,False,3,37,28,9,0,0.7567567567567568,27,4,6,139.90599999999972,3.7812432432432357,1.5274356567404426,100.0,2,2025-05-09,2025-05-13,53,41,12,0,0.7735849056603774,40,10,3,97.84000000000015,1.8460377358490594,1.1931802475961066,160.0,2,2026-07-15,2026-07-21,90,69,21,0,0.7666666666666667,67,14,9,237.74599999999987,2.6416222222222205,1.308070081777623,160.0,2,2025-05-09,2025-05-13,1.240000000000009,-1000000000.0,138.6659999999997,97.84000000000015,3.2446410901467506
asia_close_10_12_largerange,"b=2.0,R>=20.0",12.5,50.0,False,3,103,72,31,0,0.6990291262135923,69,5,29,152.6129999999996,1.4816796116504816,1.213304839203375,163.0960000000009,3,2023-01-03,2023-05-04,69,57,12,0,0.8260869565217391,57,10,2,204.58999999999924,2.965072463768105,1.402807584020789,137.5,2,2026-07-15,2026-07-21,172,129,43,0,0.75,126,15,31,357.20299999999884,2.07676162790697,1.29198065358323,170.58300000000054,3,2023-01-03,2023-05-04,-33.644000000000005,51.9680000000003,134.2889999999993,204.58999999999924,3.218131859791021
14_15_mom_fade,th=12.0,15.0,40.0,False,3,29,19,10,0,0.6551724137931034,17,5,7,13.081000000000358,0.45106896551725373,1.0525518648861478,63.20199999999977,2,2024-04-22,2024-07-25,55,42,13,0,0.7636363636363637,41,11,3,165.2299999999991,3.004181818181802,1.3631189152363559,215.0,3,2026-02-11,2026-02-18,84,61,23,0,0.7261904761904762,58,16,10,178.31099999999947,2.1227499999999937,1.2533020998769784,215.0,3,2026-02-11,2026-02-18,6.942999999999984,-5.6599999999998545,11.79800000000023,165.2299999999991,3.1948409090908947
10_11_mom_cont,th=12.0,12.5,40.0,False,3,32,24,8,0,0.75,24,7,1,14.892999999999574,0.4654062499999867,1.0522365287418391,100.0,1,2025-04-10,2025-04-10,35,28,7,0,0.8,28,6,1,109.06999999999971,3.116285714285706,1.4527041049267404,107.5,2,2026-04-01,2026-04-02,67,52,15,0,0.7761194029850746,52,13,2,123.96299999999928,1.8501940298507356,1.2356545262025278,107.5,2,2026-04-01,2026-04-02,-1000000000.0,12.5,2.3929999999995744,109.06999999999971,3.1933368869935888
14_15_mom_fade,th=12.0,20.0,35.0,False,3,29,18,11,0,0.6206896551724138,15,6,8,62.24700000000007,2.1464482758620713,1.240413879404904,78.17000000000007,2,2024-04-22,2024-07-25,55,36,19,0,0.6545454545454545,34,14,7,132.77299999999877,2.414054545454523,1.2401522961998273,170.0,3,2026-02-11,2026-02-18,84,54,30,0,0.6428571428571429,49,20,15,195.01999999999884,2.321666666666653,1.2402357271497644,170.0,3,2026-02-11,2026-02-18,6.942999999999984,-0.6599999999998545,55.96399999999994,132.77299999999877,3.1886939393939144
asia_close_10_12_largerange,"b=0.0,R>=40.0",20.0,40.0,False,3,39,28,11,0,0.717948717948718,25,6,8,224.20599999999968,5.7488717948717865,1.7376240718259472,120.0,3,2025-05-08,2025-05-13,57,38,19,0,0.6666666666666666,37,16,4,75.66000000000031,1.327368421052637,1.1131533687280346,220.0,2,2026-02-04,2026-02-19,96,66,30,0,0.6875,62,22,12,299.866,3.1236041666666665,1.3083115790859,300.0,3,2025-05-08,2025-05-13,7.539999999999964,-1000000000.0,216.6659999999997,75.66000000000031,3.187288377192985
asia_close_10_14_largerange,"b=1.0,R>=50.0",15.0,50.0,False,3,27,20,7,0,0.7407407407407407,20,4,3,37.51299999999992,1.3893703703703675,1.1429137442997173,148.38699999999972,3,2025-11-21,2025-12-15,44,34,10,0,0.7727272727272727,33,7,4,120.5600000000004,2.740000000000009,1.3183102310231034,190.0,2,2026-02-19,2026-03-02,71,54,17,0,0.7605633802816901,53,11,7,158.07300000000032,2.2263802816901452,1.2465125998655728,218.38699999999972,3,2025-11-21,2025-12-15,15.0,-1000000000.0,22.51299999999992,120.5600000000004,3.1596062816901505
09_10_mom_fade,th=8.0,12.5,30.0,False,3,71,50,21,0,0.704225352112676,43,13,15,75.4970000000003,1.0633380281690183,1.1561365121646556,105.0,3,2025-10-24,2025-10-28,85,65,20,0,0.7647058823529411,65,19,1,234.5699999999997,2.759647058823526,1.405879604796428,90.0,3,2026-04-30,2026-05-04,156,115,41,0,0.7371794871794872,108,32,16,310.067,1.9876089743589744,1.2921131420625513,105.0,3,2025-10-24,2025-10-28,-3.3040000000000873,29.808000000000447,48.99299999999994,234.5699999999997,3.157432503770737
asia_close_10_12_largerange,"b=1.0,R>=20.0",12.5,50.0,False,3,109,76,33,0,0.6972477064220184,73,7,29,117.92799999999852,1.0819082568807203,1.147182970268359,196.60700000000088,3,2023-01-03,2023-05-04,71,59,12,0,0.8309859154929577,59,10,2,231.02999999999975,3.2539436619718276,1.4561573242245338,150.0,2,2026-07-15,2026-07-21,180,135,45,0,0.75,132,17,31,348.95799999999826,1.9386555555555458,1.266847849360404,214.37400000000116,3,2023-01-03,2023-05-04,-32.31700000000001,53.62699999999995,96.61799999999857,231.02999999999975,3.136879386541457
10_11_mom_cont,th=12.0,7.5,50.0,False,3,32,27,5,0,0.84375,27,3,2,24.472999999999956,0.7647812499999986,1.1374679121706255,50.0,1,2025-04-10,2025-04-10,35,30,5,0,0.8571428571428571,30,2,3,100.09999999999945,2.8599999999999843,1.80144115292233,100.0,2,2026-04-01,2026-04-02,67,57,10,0,0.8507462686567164,57,5,5,124.57299999999941,1.8592985074626778,1.4112310886781276,100.0,2,2026-04-01,2026-04-02,-1000000000.0,7.5,16.972999999999956,100.09999999999945,3.0892985074626695
14_15_mom_fade,th=12.0,15.0,50.0,False,3,29,19,10,0,0.6551724137931034,17,3,9,25.811000000000377,0.8900344827586337,1.1092825146283032,72.52599999999984,2,2024-04-22,2024-07-25,55,43,12,0,0.7818181818181819,42,9,4,156.83299999999917,2.851509090909076,1.3278096762933511,270.0,3,2026-02-11,2026-02-18,84,62,22,0,0.7380952380952381,59,12,13,182.64399999999955,2.174333333333328,1.255584491186138,270.0,3,2026-02-11,2026-02-18,6.942999999999984,-5.6599999999998545,24.528000000000247,156.83299999999917,3.060087878787866
prevclose_gap_cont,th=30.0,15.0,50.0,False,3,48,40,8,0,0.8333333333333334,38,7,3,224.4630000000002,4.676312500000004,1.635512457531144,185.0,3,2025-11-18,2025-12-15,85,64,21,0,0.7529411764705882,62,14,9,128.67599999999902,1.5138352941176356,1.1593260255043465,160.91700000000037,2,2026-04-02,2026-04-08,133,104,29,0,0.7819548872180451,100,21,12,353.1389999999992,2.6551804511278134,1.3042132893187348,192.6170000000002,3,2025-11-18,2025-12-15,-1000000000.0,30.0,194.4630000000002,128.67599999999902,3.0268640981866306
10_11_mom_cont,th=12.0,15.0,25.0,False,3,32,21,11,0,0.65625,20,10,2,47.09299999999939,1.471656249999981,1.1846009713571142,55.0,2,2025-10-28,2025-10-29,35,24,11,0,0.6857142857142857,24,11,0,85.0,2.4285714285714284,1.309090909090909,85.0,2,2026-02-09,2026-02-18,67,45,22,0,0.6716417910447762,44,21,2,132.0929999999994,1.9715373134328267,1.2491817689636229,85.0,2,2025-10-28,2025-10-29,-1000000000.0,15.0,32.09299999999939,85.0,3.015823027718541
asia_close_10_16_largerange,"b=2.0,R>=20.0",12.5,50.0,False,3,152,109,43,0,0.7171052631578947,104,7,41,369.4399999999989,2.4305263157894665,1.3896738127257848,108.7730000000006,3,2024-07-25,2024-08-02,108,88,20,0,0.8148148148148148,87,15,6,241.64999999999918,2.2374999999999923,1.2855775366943192,227.07000000000016,3,2026-07-17,2026-07-21,260,197,63,0,0.7576923076923077,191,22,47,611.0899999999981,2.3503461538461465,1.340581466959823,227.07000000000016,3,2024-07-25,2024-08-02,-21.144000000000005,29.965999999999894,360.61799999999903,241.64999999999918,3.0149561538461422
10_11_mom_cont,th=12.0,7.5,25.0,False,3,32,27,5,0,0.84375,27,5,0,77.5,2.421875,1.62,35.0,1,2025-04-10,2025-04-10,35,29,6,0,0.8285714285714286,29,6,0,67.5,1.9285714285714286,1.45,57.5,2,2026-04-01,2026-04-02,67,56,11,0,0.835820895522388,56,11,0,145.0,2.1641791044776117,1.5272727272727273,57.5,2,2026-04-01,2026-04-02,-1000000000.0,7.5,70.0,67.5,3.013464818763326
14_15_mom_fade,th=12.0,20.0,30.0,False,3,29,18,11,0,0.6206896551724138,15,6,8,92.24700000000007,3.1809310344827613,1.402973142986948,63.17000000000007,2,2024-04-22,2024-07-25,55,35,20,0,0.6363636363636364,33,18,4,101.73299999999927,1.8496909090908957,1.1804064478374192,140.0,3,2026-02-11,2026-02-18,84,53,31,0,0.6309523809523809,48,24,12,193.97999999999934,2.309285714285706,1.2446690698841854,140.0,3,2026-02-11,2026-02-18,6.942999999999984,-0.6599999999998545,85.96399999999994,101.73299999999927,2.954131168831154
asia_close_10_16_largerange,"b=0.0,R>=30.0",12.5,50.0,False,3,89,65,24,0,0.7303370786516854,64,7,18,144.32499999999982,1.621629213483144,1.21936290901132,167.1900000000005,3,2024-04-19,2024-05-20,107,88,19,0,0.822429906542056,87,16,4,263.77,2.4651401869158875,1.3183129186025462,150.0,3,2026-07-17,2026-07-21,196,153,43,0,0.7806122448979592,151,23,22,408.0949999999998,2.0821173469387744,1.2745197359304388,192.1900000000005,3,2024-04-19,2024-05-20,0.03999999999996362,-94.19099999999935,238.4759999999992,263.77,2.9303074403967173
prevclose_gap_cont,th=30.0,10.0,50.0,False,3,48,42,6,0,0.875,41,5,2,160.35300000000007,3.3406875000000014,1.633305687203791,130.0,2,2025-11-18,2025-11-21,85,71,14,0,0.8352941176470589,71,10,4,149.26999999999907,1.7561176470588127,1.266206552173058,140.42000000000007,2,2026-04-02,2026-04-08,133,113,20,0,0.849624060150376,112,15,6,309.62299999999914,2.327992481203001,1.3804049488285217,140.42000000000007,2,2025-11-18,2025-11-21,-1000000000.0,20.0,140.35300000000007,149.26999999999907,2.9252113047324073
prevclose_gap_cont,th=30.0,10.0,30.0,False,3,48,40,8,0,0.8333333333333334,39,7,2,180.35300000000007,3.757354166666668,1.8459333958724196,70.0,2,2025-04-22,2025-04-23,85,67,18,0,0.788235294117647,67,18,0,130.0,1.5294117647058822,1.2407407407407407,90.0,2,2026-02-25,2026-03-02,133,107,26,0,0.8045112781954887,106,25,2,310.35300000000007,2.333481203007519,1.4120459373340413,90.0,2,2025-04-22,2025-04-23,-1000000000.0,20.0,160.35300000000007,130.0,2.91818708536046
asia_close_10_12_largerange,"b=1.0,R>=40.0",15.0,40.0,False,3,37,27,10,0,0.7297297297297297,26,5,6,124.90599999999972,3.3758378378378304,1.4708867249497641,80.0,3,2025-05-08,2025-05-13,53,39,14,0,0.7358490566037735,38,12,3,87.84000000000015,1.6573584905660406,1.1805661191851504,135.0,2,2026-07-15,2026-07-21,90,66,24,0,0.7333333333333333,64,17,9,212.74599999999987,2.363844444444443,1.2830096564311242,140.0,3,2025-05-08,2025-05-13,1.240000000000009,-1000000000.0,123.66599999999971,87.84000000000015,2.912523689727463
09_10_mom_fade,th=8.0,10.0,30.0,False,3,71,52,19,0,0.7323943661971831,48,12,11,42.011000000000195,0.5917042253521154,1.0935230017475321,127.25,3,2025-10-24,2025-10-28,85,69,16,0,0.8117647058823529,69,15,1,232.0699999999997,2.7302352941176435,1.5067805123053732,90.0,3,2026-04-30,2026-05-04,156,121,35,0,0.7756410256410257,117,27,12,274.0809999999999,1.7569294871794865,1.302139152386359,127.25,3,2025-10-24,2025-10-28,53.25999999999999,12.66800000000012,-23.916999999999916,232.0699999999997,2.867547134238308
asia_close_10_16_largerange,"b=0.0,R>=30.0",12.5,40.0,False,3,89,64,25,0,0.7191011235955056,63,10,16,130.7449999999999,1.4690449438202235,1.1983966810721567,165.30000000000018,3,2024-04-19,2024-05-20,107,85,22,0,0.794392523364486,84,19,4,266.27,2.488504672897196,1.33762759145375,147.5,3,2026-07-17,2026-07-21,196,149,47,0,0.7602040816326531,147,29,20,397.0149999999999,2.025586734693877,1.2742464035013794,202.80000000000018,3,2024-04-19,2024-05-20,0.03999999999996362,-84.19099999999935,214.89599999999928,266.27,2.864239071142475
prevclose_gap_cont,th=30.0,15.0,30.0,False,3,48,38,10,0,0.7916666666666666,36,9,3,274.4630000000002,5.71797916666667,2.0046229868228402,105.0,3,2025-11-18,2025-12-15,85,59,26,0,0.6941176470588235,57,26,2,81.30299999999988,0.9565058823529398,1.1042346153846152,150.0,3,2026-04-02,2026-04-14,133,97,36,0,0.7293233082706767,93,35,5,355.7660000000001,2.674932330827068,1.3377952905431068,150.0,3,2025-11-18,2025-12-15,-1000000000.0,30.0,244.4630000000002,81.30299999999988,2.853185272003538
asia_close_10_16_largerange,"b=1.0,R>=20.0",12.5,40.0,False,3,160,111,49,0,0.69375,105,16,39,183.953999999997,1.1497124999999813,1.160012734631671,154.2400000000007,3,2025-11-25,2025-12-01,110,88,22,0,0.8,87,19,4,297.30999999999995,2.702818181818181,1.3760942164651115,152.8499999999999,3,2026-07-17,2026-07-21,270,199,71,0,0.737037037037037,192,35,43,481.26399999999694,1.7824592592592479,1.2480561979773614,154.2400000000007,3,2025-11-25,2025-12-01,-19.817000000000007,52.52699999999959,151.2439999999974,297.30999999999995,2.8253883501683372
asia_close_10_14_largerange,"b=2.0,R>=50.0",30.0,50.0,False,3,25,17,8,0,0.68,13,4,8,107.46000000000004,4.298400000000002,1.3360330216704719,109.01999999999953,2,2025-11-21,2025-12-01,42,25,17,0,0.5952380952380952,21,10,11,68.39299999999912,1.628404761904741,1.1126372495252759,205.0599999999995,3,2026-01-27,2026-01-30,67,42,25,0,0.6268656716417911,34,14,19,175.85299999999916,2.624671641791032,1.1897038469795143,314.079999999999,3,2026-01-27,2026-01-30,30.0,-1000000000.0,77.46000000000004,68.39299999999912,2.8107140227434044
asia_close_10_12_largerange,"b=0.0,R>=40.0",25.0,40.0,False,3,39,28,11,0,0.717948717948718,21,6,12,289.4189999999994,7.420999999999985,1.952170866273845,120.0,3,2025-05-08,2025-05-13,57,35,22,0,0.6140350877192983,32,18,7,31.139999999999873,0.546315789473682,1.0398062099732834,363.6400000000003,3,2026-01-27,2026-01-30,96,63,33,0,0.65625,53,24,19,320.5589999999993,3.3391562499999927,1.2951069139891747,423.6400000000003,3,2025-05-08,2025-05-13,12.539999999999964,-1000000000.0,276.87899999999945,31.139999999999873,2.765034144736833
09_10_mom_fade,th=8.0,7.5,50.0,False,3,71,58,13,0,0.8169014084507042,55,5,11,11.417999999999893,0.1608169014084492,1.0279192595943416,214.51000000000022,2,2025-04-09,2025-04-22,85,77,8,0,0.9058823529411765,77,6,2,250.17999999999938,2.9432941176470515,1.7643284858853687,92.5,1,2026-01-29,2026-01-29,156,135,21,0,0.8653846153846154,132,11,13,261.5979999999993,1.6769102564102518,1.355294485151808,214.51000000000022,2,2025-04-09,2025-04-22,40.75999999999999,65.16800000000012,-94.51000000000022,250.17999999999938,2.719537315233777
asia_close_10_16_largerange,"b=1.0,R>=30.0",5.0,50.0,False,3,86,76,10,0,0.8837209302325582,75,4,7,76.32599999999866,0.8875116279069611,1.2554101399759678,68.55999999999995,2,2025-12-15,2025-12-17,103,98,5,0,0.9514563106796117,98,5,0,240.0,2.3300970873786406,1.96,60.0,1,2026-02-19,2026-02-19,189,174,15,0,0.9206349206349206,173,9,7,316.32599999999866,1.6736825396825326,1.5763569147123788,68.55999999999995,2,2025-12-15,2025-12-17,10.0,-48.559999999999945,114.8859999999986,240.0,2.7016110833718527
asia_close_10_16_largerange,"b=1.0,R>=20.0",10.0,50.0,False,3,160,119,41,0,0.74375,115,8,37,219.74399999999787,1.3733999999999866,1.2331704190709403,125.10000000000036,3,2025-11-25,2025-12-01,110,94,16,0,0.8545454545454545,93,12,5,261.23,2.374818181818182,1.3904199671200121,153.92999999999984,3,2026-07-17,2026-07-21,270,213,57,0,0.7888888888888889,208,20,42,480.9739999999979,1.7813851851851774,1.2984602095663822,153.92999999999984,3,2025-11-25,2025-12-01,-24.817000000000007,22.636999999999716,221.92399999999816,261.23,2.6609342760942685
asia_close_10_16_largerange,"b=1.0,R>=50.0",5.0,50.0,False,3,31,28,3,0,0.9032258064516129,28,2,1,14.592999999999847,0.47074193548386606,1.1163651151849565,85.40700000000015,1,2025-10-22,2025-10-22,61,58,3,0,0.9508196721311475,58,3,0,140.0,2.2950819672131146,1.9333333333333333,60.0,1,2026-02-19,2026-02-19,92,86,6,0,0.9347826086956522,86,5,1,154.59299999999985,1.6803586956521723,1.561325601745779,85.40700000000015,1,2025-10-22,2025-10-22,5.0,-1000000000.0,9.592999999999847,140.0,2.657085679258729
asia_close_10_14_largerange,"b=2.0,R>=40.0",15.0,50.0,False,3,44,36,8,0,0.8181818181818182,34,3,7,282.0290000000009,6.40975000000002,2.1977584683858318,77.97999999999956,2,2025-11-03,2025-11-05,59,44,15,0,0.7457627118644068,43,12,4,15.759999999999309,0.2671186440677849,1.024875700418277,185.6899999999996,3,2026-07-06,2026-07-21,103,80,23,0,0.7766990291262136,77,15,11,297.7890000000002,2.8911553398058274,1.3426745714108173,188.66999999999916,3,2026-07-06,2026-07-21,-0.08699999999998909,30.0,252.1160000000009,15.759999999999309,2.6473746618397214
14_15_mom_fade,th=12.0,10.0,20.0,False,3,29,20,9,0,0.6896551724137931,20,6,3,55.66000000000031,1.9193103448275968,1.3856172925038135,50.659999999999854,3,2024-04-22,2024-08-05,55,40,15,0,0.7272727272727273,40,15,0,100.0,1.8181818181818181,1.3333333333333333,60.0,2,2026-02-05,2026-02-06,84,60,24,0,0.7142857142857143,60,21,3,155.6600000000003,1.8530952380952417,1.3503173245712752,60.0,3,2024-04-22,2024-08-05,10.0,-40.659999999999854,86.32000000000016,100.0,2.6421861471861505
10_11_mom_cont,th=12.0,7.5,15.0,False,3,32,26,6,0,0.8125,26,6,0,105.0,3.28125,2.1666666666666665,37.5,2,2025-12-29,2025-12-31,35,25,10,0,0.7142857142857143,25,10,0,37.5,1.0714285714285714,1.25,52.5,3,2026-03-27,2026-04-02,67,51,16,0,0.7611940298507462,51,16,0,142.5,2.126865671641791,1.59375,60.0,3,2025-12-29,2026-01-13,-1000000000.0,7.5,97.5,37.5,2.5425799573560766
14_15_mom_fade,th=12.0,10.0,40.0,False,3,29,21,8,0,0.7241379310344828,21,4,4,12.144000000000233,0.4187586206896632,1.0613779718583225,53.516000000000076,2,2024-04-22,2024-07-25,55,46,9,0,0.8363636363636363,46,8,1,128.15999999999985,2.3301818181818157,1.386210221793635,150.0,2,2026-02-05,2026-02-06,84,67,17,0,0.7976190476190477,67,12,5,140.3040000000001,1.6702857142857153,1.2648764574397393,150.0,2,2024-04-22,2024-07-25,10.0,-10.659999999999854,12.804000000000087,128.15999999999985,2.5353766233766235
asia_close_10_12_largerange,"b=0.0,R>=50.0",20.0,30.0,False,3,25,16,9,0,0.64,15,8,2,67.44999999999936,2.6979999999999746,1.2707747892412655,100.0,3,2025-04-23,2025-05-09,41,26,15,0,0.6341463414634146,26,15,0,70.0,1.7073170731707317,1.1555555555555554,150.0,3,2026-02-04,2026-03-02,66,42,24,0,0.6363636363636364,41,23,2,137.44999999999936,2.0825757575757478,1.196609927049062,230.0,3,2025-04-23,2025-05-09,20.0,-1000000000.0,47.44999999999936,70.0,2.4762342941611135
asia_close_10_16_largerange,"b=2.0,R>=20.0",12.5,40.0,False,3,152,108,44,0,0.7105263157894737,103,12,37,312.92699999999854,2.058730263157885,1.3154226237994997,132.6800000000003,3,2024-07-25,2024-08-02,108,85,23,0,0.7870370370370371,84,20,4,199.3399999999997,1.8457407407407378,1.2342448207381986,208.49000000000024,3,2026-07-17,2026-07-21,260,193,67,0,0.7423076923076923,187,32,41,512.2669999999982,1.9702576923076855,1.2779410312531525,208.49000000000024,3,2024-07-25,2024-08-02,-21.144000000000005,39.965999999999894,294.10499999999865,199.3399999999997,2.476148062678054
asia_close_10_16_largerange,"b=2.0,R>=50.0",10.0,40.0,False,3,30,24,6,0,0.8,24,4,2,26.613000000000284,0.8871000000000094,1.124717063363749,83.38699999999972,2,2025-11-21,2025-12-01,59,49,10,0,0.8305084745762712,48,9,2,119.02999999999975,2.01745762711864,1.3294492111818426,101.30000000000018,3,2026-07-07,2026-07-21,89,73,16,0,0.8202247191011236,72,13,4,145.64300000000003,1.6364382022471913,1.2534301280523137,101.30000000000018,3,2026-07-07,2026-07-21,10.0,-1000000000.0,16.613000000000284,119.02999999999975,2.442567015806511
asia_close_10_12_largerange,"b=2.0,R>=20.0",12.5,40.0,False,3,103,71,32,0,0.6893203883495146,68,10,25,76.09999999999923,0.7388349514563032,1.0976289381922855,133.0960000000009,3,2023-01-03,2023-05-04,69,55,14,0,0.7971014492753623,55,13,1,166.19999999999982,2.4086956521739102,1.318818338768463,87.5,2,2026-07-15,2026-07-21,172,126,46,0,0.7325581395348837,123,23,26,242.29999999999905,1.4087209302325525,1.1862725652722736,143.72300000000087,3,2023-01-03,2023-05-04,-33.644000000000005,51.9680000000003,57.77599999999893,166.19999999999982,2.3256227563195058
prevclose_gap_cont,th=30.0,15.0,40.0,False,3,48,39,9,0,0.8125,37,8,3,239.4630000000002,4.988812500000004,1.7409127475247523,145.0,3,2025-11-18,2025-12-15,85,61,24,0,0.7176470588235294,59,19,7,69.76599999999826,0.8207764705882148,1.0849213121259276,195.4970000000003,2,2026-01-26,2026-01-27,133,100,33,0,0.7518796992481203,96,27,10,309.22899999999845,2.3250300751879585,1.2701310432003141,208.1140000000005,3,2025-11-18,2025-12-15,-1000000000.0,30.0,209.4630000000002,69.76599999999826,2.319190310482065
asia_close_10_12_largerange,"b=0.0,R>=30.0",12.5,50.0,False,3,62,47,15,0,0.7580645161290323,46,5,11,132.47500000000036,2.1366935483871026,1.297845217164519,149.39000000000033,3,2025-11-20,2025-11-25,70,56,14,0,0.8,56,11,3,121.34999999999991,1.7335714285714272,1.2097122612978481,200.0,2,2026-07-20,2026-07-21,132,103,29,0,0.7803030303030303,102,16,14,253.82500000000027,1.9229166666666688,1.248014515921003,249.39000000000033,3,2025-11-20,2025-11-25,0.03999999999996362,-25.150999999999385,157.58599999999979,121.34999999999991,2.2909223809523818
asia_close_10_14_largerange,"b=2.0,R>=50.0",15.0,35.0,False,3,25,18,7,0,0.72,18,6,1,34.59299999999985,1.3837199999999938,1.1469497508570257,80.40700000000015,2,2025-11-21,2025-12-01,42,30,12,0,0.7142857142857143,30,10,2,73.05999999999949,1.7395238095237975,1.1938239507613928,100.0,2,2026-07-06,2026-07-21,67,48,19,0,0.7164179104477612,48,16,3,107.65299999999934,1.606761194029841,1.1758039151004238,105.40700000000015,2,2025-11-21,2025-12-01,15.0,-1000000000.0,19.592999999999847,73.05999999999949,2.265709098791739
asia_close_10_14_largerange,"b=1.0,R>=50.0",25.0,50.0,False,3,27,18,9,0,0.6666666666666666,14,4,9,62.7199999999998,2.3229629629629556,1.192139202891891,147.15999999999894,3,2025-11-21,2025-12-15,44,29,15,0,0.6590909090909091,25,10,9,80.06999999999971,1.8197727272727207,1.1397870111731838,239.32999999999993,2,2026-01-28,2026-01-30,71,47,24,0,0.6619718309859155,39,14,18,142.7899999999995,2.0111267605633736,1.158791410428922,336.4899999999989,3,2025-11-21,2025-12-15,25.0,-1000000000.0,37.7199999999998,80.06999999999971,2.248033124199736
10_11_mom_cont,th=12.0,12.5,35.0,False,3,32,24,8,0,0.75,24,7,1,49.892999999999574,1.5591562499999867,1.1994866197267549,75.0,1,2025-04-10,2025-04-10,35,27,8,0,0.7714285714285715,27,8,0,57.5,1.6428571428571428,1.2053571428571428,92.5,2,2026-04-01,2026-04-02,67,51,16,0,0.7611940298507462,51,15,1,107.39299999999957,1.602880597014919,1.2025874021659768,92.5,2,2026-04-01,2026-04-02,-1000000000.0,12.5,37.392999999999574,57.5,2.2393091684434903
asia_close_10_16_largerange,"b=0.0,R>=30.0",12.5,35.0,False,3,89,63,26,0,0.7078651685393258,62,17,10,55.664999999999964,0.6254494382022467,1.077142358243208,179.0600000000004,3,2024-04-19,2024-05-20,107,83,24,0,0.7757009345794392,82,22,3,236.44000000000005,2.2097196261682246,1.2979785249785754,110.98000000000002,3,2026-07-17,2026-07-21,196,146,50,0,0.7448979591836735,144,39,13,292.105,1.4903316326530613,1.1927999271319836,179.0600000000004,3,2024-04-19,2024-05-20,0.03999999999996362,-85.6309999999994,141.2559999999994,236.44000000000005,2.2370714457371728
asia_close_10_16_largerange,"b=1.0,R>=20.0",12.5,35.0,False,3,160,110,50,0,0.6875,104,27,29,94.8469999999977,0.5927937499999857,1.0773485844394333,166.5600000000004,3,2025-11-25,2025-12-01,110,86,24,0,0.7818181818181819,85,22,3,267.48,2.431636363636364,1.3363047714842522,165.3499999999999,3,2026-07-17,2026-07-21,270,196,74,0,0.725925925925926,189,49,32,362.3269999999977,1.3419518518518434,1.1792297897978694,166.5600000000004,3,2025-11-25,2025-12-01,-32.136999999999944,51.086999999999534,75.89699999999812,267.48,2.2246500336700246
asia_close_10_16_largerange,"b=1.0,R>=50.0",12.5,35.0,False,3,31,23,8,0,0.7419354838709677,23,7,1,17.092999999999847,0.5513870967741886,1.0632121209879917,105.40700000000015,3,2025-11-21,2025-12-15,61,47,14,0,0.7704918032786885,46,13,2,119.02999999999975,1.951311475409832,1.2608590839360063,116.30000000000018,3,2026-07-07,2026-07-21,92,70,22,0,0.7608695652173914,69,20,3,136.1229999999996,1.479597826086952,1.18731483252535,116.30000000000018,3,2025-11-21,2025-12-15,12.5,-1000000000.0,4.592999999999847,119.02999999999975,2.2226535637918676
asia_close_10_16_largerange,"b=2.0,R>=20.0",10.0,50.0,False,3,152,114,38,0,0.75,109,7,36,274.5569999999991,1.806296052631573,1.3296168594334874,90.0,3,2025-11-25,2025-12-01,108,91,17,0,0.8425925925925926,90,13,5,179.7899999999995,1.6647222222222178,1.2495211924390033,203.92999999999984,3,2026-07-17,2026-07-21,260,205,55,0,0.7884615384615384,199,20,41,454.3469999999986,1.7474884615384563,1.2924670646502268,203.92999999999984,3,2025-11-25,2025-12-01,-26.144000000000005,0.9130000000000109,299.7879999999991,179.7899999999995,2.171989572649566
13_14_mom_fade,th=5.0,7.5,25.0,False,3,138,101,37,0,0.7318840579710145,98,21,19,88.74200000000087,0.643057971014499,1.1351645271937483,110.52000000000021,3,2025-11-28,2025-12-03,92,77,15,0,0.8369565217391305,77,15,0,202.5,2.2010869565217392,1.54,100.0,2,2026-03-18,2026-03-19,230,178,52,0,0.7739130434782608,175,36,19,291.24200000000087,1.2662695652173952,1.2823348986183882,110.52000000000021,3,2025-11-28,2025-12-03,32.57300000000032,-20.08100000000036,76.25000000000091,202.5,2.1457730434782647
prevclose_gap_cont,th=30.0,7.5,35.0,False,3,48,41,7,0,0.8541666666666666,41,6,1,94.29999999999973,1.9645833333333276,1.4423076923076905,70.0,2,2025-04-22,2025-04-23,85,72,13,0,0.8470588235294118,72,11,2,125.98999999999933,1.482235294117639,1.3043163208618127,132.5,2,2026-04-02,2026-04-08,133,113,20,0,0.849624060150376,113,17,3,220.28999999999905,1.656315789473677,1.35122207872961,132.5,2,2025-04-22,2025-04-23,-1000000000.0,15.0,79.29999999999973,125.98999999999933,2.1324334365324966
asia_close_10_12_largerange,"b=0.0,R>=30.0",12.5,40.0,False,3,62,46,16,0,0.7419354838709677,45,8,9,98.89500000000044,1.5950806451612973,1.2122857179655613,147.5,3,2025-11-20,2025-11-25,70,54,16,0,0.7714285714285715,54,13,3,126.34999999999991,1.8049999999999986,1.2302925362252801,167.5,2,2026-07-20,2026-07-21,132,100,32,0,0.7575757575757576,99,21,12,225.24500000000035,1.7064015151515177,1.2220238775840115,240.0,3,2025-11-20,2025-11-25,0.03999999999996362,-25.150999999999385,124.00599999999986,126.34999999999991,2.128901515151517
asia_close_10_16_largerange,"b=2.0,R>=20.0",12.5,35.0,False,3,152,107,45,0,0.7039473684210527,102,23,27,208.0299999999993,1.3686184210526269,1.1918237688856914,150.0,3,2024-07-25,2024-08-02,108,83,25,0,0.7685185185185185,82,22,4,204.3399999999997,1.892037037037034,1.2488946272183579,203.49000000000024,3,2026-07-17,2026-07-21,260,190,70,0,0.7307692307692307,184,45,31,412.369999999999,1.5860384615384575,1.2164132302969068,203.49000000000024,3,2024-07-25,2024-08-02,-33.46399999999994,39.13599999999997,202.35799999999927,204.3399999999997,2.125076980056974
asia_close_10_14_largerange,"b=2.0,R>=50.0",20.0,30.0,False,3,25,17,8,0,0.68,15,7,3,85.36999999999989,3.4147999999999956,1.3685301100798613,81.65000000000009,3,2025-04-23,2025-05-08,42,26,16,0,0.6190476190476191,26,15,1,44.35999999999967,1.0561904761904684,1.09326381296779,140.0,2,2026-01-02,2026-01-05,67,43,24,0,0.6417910447761194,41,22,4,129.72999999999956,1.9362686567164114,1.1834183998077161,170.0,3,2025-04-23,2025-05-08,20.0,-1000000000.0,65.36999999999989,44.35999999999967,2.124363894811646
09_10_mom_cont,th=8.0,5.0,50.0,False,3,71,64,7,0,0.9014084507042254,63,3,5,103.07499999999982,1.451760563380279,1.485664475699106,130.0,2,2023-02-08,2023-03-20,85,79,6,0,0.9294117647058824,79,5,1,139.4399999999996,1.6404705882352895,1.5456252934731545,55.0,1,2026-01-19,2026-01-19,156,143,13,0,0.9166666666666666,142,8,6,242.51499999999942,1.5545833333333297,1.5184215307987454,130.0,2,2023-02-08,2023-03-20,-16.795000000000073,34.90000000000009,84.9699999999998,139.4399999999996,2.1148186274509744
asia_close_10_14_largerange,"b=2.0,R>=50.0",30.0,40.0,False,3,25,16,9,0,0.64,12,6,7,82.21299999999974,3.2885199999999895,1.26096299799706,83.38699999999972,2,2025-05-01,2025-05-08,42,24,18,0,0.5714285714285714,20,13,9,54.22999999999956,1.2911904761904658,1.0917038690476182,210.0,3,2026-01-27,2026-01-30,67,40,27,0,0.5970149253731343,32,19,16,136.4429999999993,2.0364626865671536,1.1505333755517715,284.1169999999993,3,2026-01-27,2026-01-30,30.0,-1000000000.0,52.21299999999974,54.22999999999956,2.113823924662388
asia_close_10_12_largerange,"b=2.0,R>=20.0",10.0,50.0,False,3,103,76,27,0,0.7378640776699029,73,5,25,134.28299999999967,1.3037184466019387,1.2233215089331588,118.40600000000086,3,2023-01-03,2023-05-04,69,58,11,0,0.8405797101449275,58,9,2,122.08999999999924,1.7694202898550615,1.2666244458518028,110.0,2,2026-07-15,2026-07-21,172,134,38,0,0.7790697674418605,131,14,27,256.3729999999989,1.4905406976744122,1.242041938843041,143.39300000000048,3,2023-01-03,2023-05-04,-36.144000000000005,26.968000000000302,143.45899999999938,122.08999999999924,2.088464842601942
asia_close_10_12_largerange,"b=1.0,R>=20.0",12.5,40.0,False,3,109,75,34,0,0.6880733944954128,72,12,25,57.224999999998545,0.5249999999999867,1.0673681509046562,169.73400000000083,3,2023-01-03,2023-05-04,71,56,15,0,0.7887323943661971,56,13,2,173.52999999999975,2.44408450704225,1.3296104241457247,127.5,2,2026-07-15,2026-07-21,180,131,49,0,0.7277777777777777,128,25,27,230.7549999999983,1.2819722222222127,1.1677111897824475,222.23400000000083,3,2023-01-03,2023-05-04,-32.31700000000001,53.62699999999995,35.9149999999986,173.52999999999975,2.059546475743336
asia_close_10_12_largerange,"b=1.0,R>=20.0",10.0,50.0,False,3,109,81,28,0,0.7431192660550459,78,7,24,105.59499999999889,0.968761467889898,1.1550434832402667,141.1870000000008,3,2023-01-03,2023-05-04,71,60,11,0,0.8450704225352113,60,9,2,143.52999999999975,2.021549295774644,1.3144346835498493,150.0,2,2026-07-15,2026-07-21,180,141,39,0,0.7833333333333333,138,16,26,249.12499999999864,1.3840277777777703,1.2190038653687734,181.1870000000008,3,2023-01-03,2023-05-04,-34.81700000000001,28.626999999999953,111.78499999999894,143.52999999999975,2.0324284256650906
prevclose_gap_cont,th=30.0,10.0,25.0,False,3,48,40,8,0,0.8333333333333334,39,7,2,215.35300000000007,4.486520833333334,2.208490460157125,55.0,2,2025-04-22,2025-04-23,85,62,23,0,0.7294117647058823,62,23,0,45.0,0.5294117647058824,1.0782608695652174,95.0,2,2026-02-04,2026-02-05,133,102,31,0,0.7669172932330827,101,30,2,260.35300000000007,1.9575413533834591,1.345662506638343,95.0,2,2025-04-22,2025-04-23,-1000000000.0,20.0,195.35300000000007,45.0,2.0322472357364005
13_14_mom_fade,th=5.0,7.5,35.0,False,3,138,105,33,0,0.7608695652173914,102,14,22,99.25500000000079,0.7192391304347884,1.1468193214848357,120.67700000000036,2,2024-01-02,2024-01-03,92,80,12,0,0.8695652173913043,80,12,0,180.0,1.9565217391304348,1.4285714285714286,127.5,2,2026-03-18,2026-03-19,230,185,45,0,0.8043478260869565,182,26,22,279.2550000000008,1.214152173913047,1.2547865715967108,127.5,2,2024-01-02,2024-01-03,33.24300000000039,-30.23800000000051,96.25000000000091,180.0,1.9374130434782644
asia_close_10_14_largerange,"b=1.0,R>=40.0",12.5,50.0,False,3,46,37,9,0,0.8043478260869565,36,4,6,166.02600000000052,3.6092608695652286,1.5843167204552762,127.97999999999956,3,2025-11-21,2025-12-15,61,48,13,0,0.7868852459016393,48,11,2,43.529999999999745,0.713606557377045,1.0782252412528972,162.5,2,2026-07-15,2026-07-21,107,85,22,0,0.794392523364486,84,15,8,209.55600000000027,1.9584672897196287,1.2492912859398033,190.47999999999956,3,2025-11-21,2025-12-15,-1.259999999999991,25.0,142.2860000000005,43.529999999999745,1.934310568408152
10_11_mom_cont,th=12.0,5.0,20.0,False,3,32,27,5,0,0.84375,27,5,0,35.0,1.09375,1.35,30.0,1,2025-04-10,2025-04-10,35,30,5,0,0.8571428571428571,30,5,0,50.0,1.4285714285714286,1.5,35.0,1,2026-02-02,2026-02-02,67,57,10,0,0.8507462686567164,57,10,0,85.0,1.2686567164179106,1.425,35.0,1,2025-04-10,2025-04-10,-1000000000.0,5.0,30.0,50.0,1.9129424307036247
asia_close_10_16_largerange,"b=2.0,R>=50.0",10.0,50.0,False,3,30,25,5,0,0.8333333333333334,25,3,2,46.613000000000284,1.553766666666676,1.2291837728075066,113.38699999999972,2,2025-11-21,2025-12-01,59,49,10,0,0.8305084745762712,48,7,4,83.83999999999924,1.4210169491525295,1.2114555222073673,89.88000000000011,3,2026-07-07,2026-07-21,89,74,15,0,0.8314606741573034,73,10,6,130.45299999999952,1.4657640449438147,1.2174662472473514,133.38699999999972,3,2026-07-07,2026-07-21,10.0,-1000000000.0,36.613000000000284,83.83999999999924,1.90949851952008
asia_close_10_14_largerange,"b=1.0,R>=30.0",5.0,50.0,False,3,70,63,7,0,0.9,62,3,5,82.2259999999992,1.1746571428571315,1.360740029043108,55.10700000000088,1,2024-04-23,2024-04-23,76,71,5,0,0.9342105263157895,71,5,0,105.0,1.381578947368421,1.42,60.0,1,2026-02-19,2026-02-19,146,134,12,0,0.9178082191780822,133,8,5,187.2259999999992,1.2823698630136933,1.3917378231858988,60.0,1,2024-04-23,2024-04-23,10.0,-13.559999999999945,85.78599999999915,105.0,1.8531593366979036
asia_close_10_12_largerange,"b=0.0,R>=40.0",15.0,50.0,False,3,39,29,10,0,0.7435897435897436,28,4,7,121.26600000000008,3.1093846153846174,1.4028944771701104,150.0,3,2025-11-20,2025-12-15,57,43,14,0,0.7543859649122807,42,11,4,55.66000000000031,0.9764912280701809,1.0961894063769122,210.0,2,2026-02-04,2026-02-19,96,72,24,0,0.75,70,15,11,176.92600000000039,1.8429791666666706,1.2011352410141916,255.0,3,2025-11-20,2025-12-15,2.5399999999999636,-1000000000.0,118.72600000000011,55.66000000000031,1.8212247807017612
asia_close_10_16_largerange,"b=1.0,R>=20.0",12.5,30.0,False,3,160,110,50,0,0.6875,104,32,24,187.29399999999782,1.1705874999999863,1.1651941600714755,136.5600000000004,3,2025-11-25,2025-12-01,110,82,28,0,0.7454545454545455,81,28,1,172.82999999999993,1.5711818181818176,1.2057499999999999,157.5,3,2026-04-10,2026-04-14,270,192,78,0,0.7111111111111111,185,60,25,360.12399999999775,1.3337925925925842,1.182453879128433,157.5,3,2025-11-25,2025-12-01,-27.136999999999944,46.26699999999937,168.1639999999984,172.82999999999993,1.804383501683493
asia_close_10_16_largerange,"b=0.0,R>=30.0",5.0,50.0,False,3,89,76,13,0,0.8539325842696629,76,5,8,3.3919999999993706,0.038112359550554725,1.0090067125499176,95.22700000000077,2,2024-04-19,2024-04-23,107,101,6,0,0.9439252336448598,101,6,0,205.0,1.9158878504672898,1.6833333333333333,110.0,1,2026-02-04,2026-02-04,196,177,19,0,0.9030612244897959,177,11,8,208.39199999999937,1.063224489795915,1.3079951759364346,120.22700000000077,2,2024-04-19,2024-04-23,10.0,-78.30099999999948,71.69299999999885,205.0,1.7807144150295584
14_15_mom_fade,th=12.0,20.0,40.0,False,3,29,19,10,0,0.6551724137931034,15,5,9,72.30100000000016,2.493137931034488,1.2904634495171072,53.516000000000076,2,2024-04-22,2024-07-25,55,36,19,0,0.6545454545454545,34,14,7,62.772999999998774,1.1413272727272505,1.1007802591230893,200.0,3,2026-02-11,2026-02-18,84,55,29,0,0.6547619047619048,49,19,16,135.07399999999893,1.6080238095237969,1.15493940026566,200.0,3,2026-02-11,2026-02-18,6.942999999999984,-0.6599999999998545,66.01800000000003,62.772999999998774,1.7786874458874222
asia_close_10_16_largerange,"b=1.0,R>=20.0",10.0,40.0,False,3,160,118,42,0,0.7375,114,14,32,167.3309999999974,1.0458187499999838,1.1699083396034415,164.2400000000007,3,2025-11-25,2025-12-01,110,90,20,0,0.8181818181818182,89,17,4,179.80999999999995,1.6346363636363632,1.2530681754208184,145.3499999999999,3,2026-07-17,2026-07-21,270,208,62,0,0.7703703703703704,203,31,36,347.14099999999735,1.2857074074073975,1.2047605481106842,164.2400000000007,3,2025-11-25,2025-12-01,-24.817000000000007,32.636999999999716,159.5109999999977,179.80999999999995,1.7745455892255777
prevclose_gap_cont,th=15.0,10.0,35.0,False,3,149,113,36,0,0.7583892617449665,108,15,26,353.9610000000014,2.375577181208063,1.4803092229531711,127.61699999999973,3,2023-01-03,2023-02-15,129,101,28,0,0.7829457364341085,101,25,3,104.68999999999915,0.8115503875968926,1.115639946537649,150.0,2,2026-02-26,2026-03-02,278,214,64,0,0.7697841726618705,209,40,29,458.6510000000005,1.649823741007196,1.279281402267859,150.0,3,2023-01-03,2023-02-15,-6.189000000000078,133.1520000000005,226.99800000000096,104.68999999999915,1.7555989348056424
13_14_mom_fade,th=5.0,7.5,40.0,False,3,138,105,33,0,0.7608695652173914,102,10,26,85.86500000000137,0.6222101449275462,1.1245458171664815,130.2570000000003,2,2024-01-02,2024-01-03,92,81,11,0,0.8804347826086957,81,11,0,167.5,1.8206521739130435,1.3806818181818181,117.5,2,2026-03-18,2026-03-19,230,186,44,0,0.808695652173913,183,21,26,253.36500000000137,1.101586956521745,1.2243309648715068,130.2570000000003,2,2024-01-02,2024-01-03,33.24300000000039,-39.81800000000044,92.44000000000142,167.5,1.7513990434782665
ema_trend_10,sep=5.0,15.0,50.0,False,3,52,36,16,0,0.6923076923076923,33,3,16,112.24700000000098,2.158596153846173,1.288592018964026,133.73700000000053,2,2024-11-20,2024-11-26,56,42,14,0,0.75,42,10,4,73.96000000000004,1.3207142857142864,1.133012013524207,244.14999999999964,3,2026-02-16,2026-03-02,108,78,30,0,0.7222222222222222,75,13,20,186.20700000000102,1.7241388888888982,1.1970471551460509,317.88700000000017,3,2026-02-16,2026-03-02,32.22199999999998,-23.400999999999385,103.42600000000039,73.96000000000004,1.7487220317460408
prevclose_gap_cont,th=15.0,10.0,30.0,False,3,149,113,36,0,0.7583892617449665,108,19,22,381.77200000000107,2.5622281879194704,1.5383644534946213,102.61699999999973,3,2023-01-03,2023-02-15,129,99,30,0,0.7674418604651163,99,30,0,90.0,0.6976744186046512,1.1,160.0,3,2026-02-25,2026-03-02,278,212,66,0,0.762589928057554,207,49,22,471.77200000000107,1.6970215827338169,1.2931839692554943,160.0,3,2023-01-03,2023-02-15,-6.189000000000078,99.53900000000021,288.42200000000093,90.0,1.7258587920361423
10_11_mom_cont,th=12.0,7.5,30.0,False,3,32,27,5,0,0.84375,27,5,0,52.5,1.640625,1.35,45.0,1,2025-04-10,2025-04-10,35,29,6,0,0.8285714285714286,29,6,0,37.5,1.0714285714285714,1.2083333333333333,82.5,2,2026-04-01,2026-04-02,67,56,11,0,0.835820895522388,56,11,0,90.0,1.3432835820895523,1.2727272727272727,82.5,2,2026-04-01,2026-04-02,-1000000000.0,7.5,45.0,37.5,1.7139978678038381
prevclose_gap_cont,th=30.0,12.5,25.0,False,3,48,38,10,0,0.7916666666666666,37,9,2,237.85300000000007,4.955270833333334,2.0423006134969315,87.5,3,2025-11-18,2025-12-15,85,57,28,0,0.6705882352941176,57,28,0,12.5,0.14705882352941177,1.0178571428571428,125.0,3,2026-04-02,2026-04-14,133,95,38,0,0.7142857142857143,94,37,2,250.35300000000007,1.882353383458647,1.2697188106011634,125.0,3,2025-11-18,2025-12-15,-1000000000.0,25.0,212.85300000000007,12.5,1.7058827952233528
13_14_mom_fade,th=8.0,5.0,35.0,False,3,59,52,7,0,0.8813559322033898,52,6,1,27.019999999999982,0.457966101694915,1.1159756202249118,97.98000000000002,2,2024-08-05,2024-08-08,60,55,5,0,0.9166666666666666,55,5,0,100.0,1.6666666666666667,1.5714285714285714,90.0,2,2026-03-18,2026-03-19,119,107,12,0,0.8991596638655462,107,11,1,127.01999999999998,1.0673949579831932,1.3113387911172116,97.98000000000002,2,2024-08-05,2024-08-08,5.0,-22.980000000000018,45.0,100.0,1.7047682913165263
asia_close_10_14_largerange,"b=2.0,R>=50.0",25.0,50.0,False,3,25,18,7,0,0.72,14,3,8,117.46000000000004,4.698400000000001,1.4353756625523564,98.13999999999942,2,2025-11-21,2025-12-01,42,26,16,0,0.6190476190476191,23,10,9,23.349999999998545,0.5559523809523463,1.0404000207623207,239.32999999999993,3,2026-01-27,2026-01-30,67,44,23,0,0.6567164179104478,37,13,17,140.80999999999858,2.101641791044755,1.1660965367556835,337.46999999999935,3,2026-01-27,2026-01-30,25.0,-1000000000.0,92.46000000000004,23.349999999998545,1.7046779815209296
asia_close_10_12_largerange,"b=0.0,R>=40.0",15.0,40.0,False,3,39,28,11,0,0.717948717948718,27,6,6,103.29599999999982,2.64861538461538,1.3398375428103309,120.0,3,2025-05-08,2025-05-13,57,41,16,0,0.7192982456140351,40,13,4,55.66000000000031,0.9764912280701809,1.1014490112093325,175.0,2,2026-02-04,2026-02-19,96,69,27,0,0.71875,67,19,10,158.95600000000013,1.655791666666668,1.1864352509421106,220.0,3,2025-05-08,2025-05-13,2.5399999999999636,-1000000000.0,100.75599999999986,55.66000000000031,1.7040372807017587
09_10_mom_fade,th=8.0,7.5,35.0,False,3,71,56,15,0,0.7887323943661971,53,8,10,3.9379999999998745,0.0554647887323926,1.009809562953829,214.49000000000024,3,2025-10-24,2025-10-28,85,74,11,0,0.8705882352941177,74,11,0,170.0,2.0,1.4415584415584415,105.0,3,2026-04-30,2026-05-04,156,130,26,0,0.8333333333333334,127,19,10,173.93799999999987,1.1149871794871786,1.2211699483117062,214.49000000000024,3,2025-10-24,2025-10-28,40.75999999999999,65.16800000000012,-101.99000000000024,170.0,1.686007179487178
prevclose_gap_cont,th=30.0,7.5,30.0,False,3,48,41,7,0,0.8541666666666666,41,6,1,124.29999999999973,2.589583333333328,1.6784934497816568,60.0,2,2025-04-22,2025-04-23,85,70,15,0,0.8235294117647058,70,15,0,75.0,0.8823529411764706,1.1666666666666667,127.5,2,2026-02-25,2026-03-02,133,111,22,0,0.8345864661654135,111,21,1,199.29999999999973,1.4984962406015017,1.314750473783954,127.5,2,2025-04-22,2025-04-23,-1000000000.0,15.0,109.29999999999973,75.0,1.6846727111897368
asia_close_10_12_largerange,"b=0.0,R>=30.0",12.5,35.0,False,3,62,45,17,0,0.7258064516129032,44,12,6,54.01500000000078,0.8712096774193675,1.10841204404321,127.5,3,2025-11-20,2025-11-25,70,53,17,0,0.7571428571428571,53,15,2,114.01999999999998,1.6288571428571426,1.2078836056009334,152.5,2,2026-04-10,2026-04-13,132,98,34,0,0.7424242424242424,97,27,8,168.03500000000076,1.27299242424243,1.1605351202520648,205.0,3,2025-11-20,2025-11-25,0.03999999999996362,-25.150999999999385,79.1260000000002,114.01999999999998,1.6774209956710013
10_11_mom_cont,th=12.0,5.0,25.0,False,3,32,27,5,0,0.84375,27,5,0,10.0,0.3125,1.08,40.0,1,2025-04-10,2025-04-10,35,31,4,0,0.8857142857142857,31,4,0,55.0,1.5714285714285714,1.55,25.0,1,2026-02-02,2026-02-02,67,58,9,0,0.8656716417910447,58,9,0,65.0,0.9701492537313433,1.288888888888889,40.0,1,2025-04-10,2025-04-10,-1000000000.0,5.0,5.0,55.0,1.675863539445629
prevclose_gap_cont,th=15.0,10.0,40.0,False,3,149,115,34,0,0.7718120805369127,110,11,28,436.58100000000127,2.930073825503364,1.647435060890613,120.72699999999986,3,2023-01-03,2023-02-15,129,102,27,0,0.7906976744186046,102,23,4,64.51999999999907,0.5001550387596827,1.0675262695189842,200.0,2,2026-02-26,2026-03-02,278,217,61,0,0.7805755395683454,212,34,32,501.10100000000034,1.8025215827338141,1.3074608971385517,200.0,3,2023-01-03,2023-02-15,-6.189000000000078,128.1520000000005,314.61800000000085,64.51999999999907,1.6525991021136557
14_15_mom_fade,th=12.0,7.5,20.0,False,3,29,23,6,0,0.7931034482758621,23,6,0,52.5,1.8103448275862069,1.4375,40.0,2,2025-05-12,2025-05-14,55,42,13,0,0.7636363636363637,42,13,0,55.0,1.0,1.2115384615384615,65.0,2,2026-02-05,2026-02-06,84,65,19,0,0.7738095238095238,65,19,0,107.5,1.2797619047619047,1.2828947368421053,65.0,2,2025-05-12,2025-05-14,7.5,-5.0,50.0,55.0,1.6497619047619048
asia_close_10_16_largerange,"b=0.0,R>=30.0",12.5,30.0,False,3,89,63,26,0,0.7078651685393258,62,19,8,131.52199999999993,1.4777752808988758,1.203679241046194,149.0600000000004,3,2024-04-19,2024-05-20,107,79,28,0,0.7383177570093458,78,28,1,139.92000000000007,1.3076635514018697,1.1665714285714286,150.0,3,2026-04-10,2026-04-14,196,142,54,0,0.7244897959183674,140,47,9,271.442,1.3849081632653062,1.1826992907868248,199.0600000000004,3,2024-04-19,2024-05-20,0.03999999999996362,-80.18099999999959,211.66299999999956,139.92000000000007,1.6406199389662404
asia_close_10_16_largerange,"b=2.0,R>=20.0",12.5,30.0,False,3,152,107,45,0,0.7039473684210527,102,28,22,281.76299999999947,1.8537039473684176,1.2787657110745259,125.0,3,2024-07-25,2024-08-02,108,79,29,0,0.7314814814814815,78,28,2,109.6899999999996,1.0156481481481445,1.1267154937387363,193.14000000000033,3,2026-04-10,2026-04-14,260,186,74,0,0.7153846153846154,180,56,24,391.45299999999907,1.505588461538458,1.2086200538053875,193.14000000000033,3,2024-07-25,2024-08-02,-28.463999999999942,35.22599999999966,275.00099999999975,109.6899999999996,1.6271325356125295
asia_close_10_16_largerange,"b=1.0,R>=50.0",12.5,30.0,False,3,31,23,8,0,0.7419354838709677,23,8,0,47.5,1.532258064516129,1.1979166666666667,95.0,3,2025-11-21,2025-12-15,61,45,16,0,0.7377049180327869,44,16,1,70.32999999999993,1.1529508196721299,1.1465208333333332,125.0,3,2026-07-07,2026-07-21,92,68,24,0,0.7391304347826086,67,24,1,117.82999999999993,1.2807608695652166,1.1636527777777776,125.0,3,2025-11-21,2025-12-15,12.5,-1000000000.0,35.0,70.32999999999993,1.6072362794012816
prevclose_gap_cont,th=15.0,10.0,50.0,False,3,149,116,33,0,0.7785234899328859,111,9,29,410.9910000000011,2.75832885906041,1.5789306873790365,166.13400000000001,3,2023-01-03,2023-02-15,129,105,24,0,0.813953488372093,105,18,6,73.64999999999918,0.5709302325581332,1.0754340144415415,220.42000000000007,2,2026-02-26,2026-03-02,278,221,57,0,0.7949640287769785,216,27,35,484.6410000000003,1.7433129496402888,1.287405174990393,220.42000000000007,3,2023-01-03,2023-02-15,-6.189000000000078,142.56200000000035,274.61800000000085,73.64999999999918,1.5879380659193552
asia_close_10_16_largerange,"b=1.0,R>=30.0",5.0,40.0,False,3,86,74,12,0,0.8604651162790697,73,6,7,26.325999999998658,0.3061162790697518,1.0776951749661299,65.0,2,2025-12-15,2025-12-17,103,95,8,0,0.9223300970873787,95,8,0,155.0,1.5048543689320388,1.484375,65.0,1,2026-01-27,2026-01-27,189,169,20,0,0.8941798941798942,168,14,7,181.32599999999866,0.9593968253968183,1.2752213369923036,65.0,2,2025-12-15,2025-12-17,10.0,-38.559999999999945,54.8859999999986,155.0,1.5818240098628378
13_14_mom_fade,th=5.0,7.5,30.0,False,3,138,104,34,0,0.7536231884057971,101,15,22,131.7550000000008,0.9547463768115999,1.207150549891124,105.67700000000036,2,2024-01-02,2024-01-03,92,77,15,0,0.8369565217391305,77,15,0,127.5,1.3858695652173914,1.2833333333333334,135.0,2,2026-03-18,2026-03-19,230,181,49,0,0.7869565217391304,178,30,22,259.2550000000008,1.1271956521739164,1.2387169842592558,135.0,2,2024-01-02,2024-01-03,33.24300000000039,-15.238000000000511,113.75000000000091,127.5,1.550130434782612
10_11_mom_cont,th=8.0,10.0,20.0,False,3,100,66,34,0,0.66,63,28,9,45.45500000000061,0.4545500000000061,1.0769535502242338,120.0,3,2024-09-23,2024-10-07,58,42,16,0,0.7241379310344828,42,16,0,100.0,1.7241379310344827,1.3125,60.0,2,2026-01-05,2026-01-06,158,108,50,0,0.6835443037974683,105,44,9,145.4550000000006,0.9206012658227887,1.1597211317684246,120.0,3,2024-09-23,2024-10-07,1.772000000000162,-26.316999999999553,70.0,100.0,1.54267023134003
asia_close_10_14_largerange,"b=2.0,R>=50.0",30.0,35.0,False,3,25,15,10,0,0.6,11,8,6,40.1929999999993,1.607719999999972,1.1228929513815613,91.65000000000009,3,2025-04-23,2025-05-08,42,23,19,0,0.5476190476190477,20,16,6,53.969999999999345,1.2849999999999844,1.0918935485518708,200.0,3,2026-01-27,2026-01-30,67,38,29,0,0.5671641791044776,31,24,12,94.16299999999865,1.405417910447741,1.1029816255398528,265.53700000000026,3,2025-04-23,2025-05-08,30.0,-1000000000.0,10.192999999999302,53.969999999999345,1.5168439104477327
asia_close_10_16_largerange,"b=2.0,R>=20.0",10.0,40.0,False,3,152,113,39,0,0.743421052631579,108,11,33,224.53699999999867,1.477217105263149,1.2572080854271221,137.6800000000003,3,2025-11-25,2025-12-01,108,88,20,0,0.8148148148148148,87,18,3,124.98000000000002,1.1572222222222224,1.167679613604347,205.3499999999999,3,2026-07-17,2026-07-21,260,201,59,0,0.7730769230769231,195,29,36,349.5169999999987,1.3442961538461489,1.2159741412124108,205.3499999999999,3,2025-11-25,2025-12-01,-26.144000000000005,10.913000000000011,239.76799999999866,124.98000000000002,1.5122072649572602
asia_close_10_14_largerange,"b=2.0,R>=50.0",12.5,40.0,False,3,25,19,6,0,0.76,19,4,2,24.113000000000284,0.9645200000000114,1.1130012606203767,85.88699999999972,2,2025-11-21,2025-12-01,42,32,10,0,0.7619047619047619,32,8,2,53.05999999999949,1.2633333333333212,1.1529371072807961,137.5,2,2026-07-06,2026-07-21,67,51,16,0,0.7611940298507462,51,12,4,77.17299999999977,1.151835820895519,1.1377285049622805,160.88699999999972,2,2025-11-21,2025-12-01,12.5,-1000000000.0,11.613000000000284,53.05999999999949,1.4617284875621803
prevclose_gap_cont,th=30.0,7.5,40.0,False,3,48,42,6,0,0.875,42,5,1,111.79999999999973,2.329166666666661,1.5501968503936987,80.0,2,2025-11-18,2025-11-21,85,72,13,0,0.8470588235294118,72,11,2,70.98999999999933,0.8351764705882274,1.1513613782222112,167.5,2,2026-04-02,2026-04-08,133,114,19,0,0.8571428571428571,114,16,3,182.78999999999905,1.374360902255632,1.2719239523363217,167.5,2,2025-11-18,2025-11-21,-1000000000.0,15.0,96.79999999999973,70.98999999999933,1.4569491375497456
prevclose_gap_cont,th=15.0,10.0,25.0,False,3,149,113,36,0,0.7583892617449665,108,21,20,442.56200000000104,2.9702147651006783,1.6826047323716016,77.61699999999973,3,2023-01-03,2023-02-15,129,93,36,0,0.7209302325581395,93,36,0,30.0,0.23255813953488372,1.0333333333333334,200.0,3,2026-02-25,2026-03-02,278,206,72,0,0.7410071942446043,201,57,20,472.56200000000104,1.6998633093525217,1.3052049836502644,200.0,3,2023-01-03,2023-02-15,-6.189000000000078,114.53900000000021,334.2120000000009,30.0,1.4161423791199637
14_15_mom_fade,th=8.0,10.0,35.0,False,3,65,46,19,0,0.7076923076923077,44,6,15,90.03600000000097,1.3851692307692456,1.2504102304521747,76.63000000000011,3,2024-12-19,2025-02-03,86,68,18,0,0.7906976744186046,67,16,3,83.44400000000041,0.9702790697674467,1.1419985024845152,115.0,3,2026-07-09,2026-07-15,151,114,37,0,0.7549668874172185,111,22,18,173.48000000000138,1.1488741721854396,1.1831514980035787,115.0,3,2024-12-19,2025-02-03,-60.92000000000007,20.339000000000397,130.61700000000064,83.44400000000041,1.404013707069163
asia_close_10_14_largerange,"b=2.0,R>=50.0",25.0,40.0,False,3,25,17,8,0,0.68,13,5,7,87.21299999999974,3.4885199999999896,1.3170955180575696,83.38699999999972,2,2025-05-01,2025-05-08,42,25,17,0,0.5952380952380952,22,12,8,24.959999999999127,0.5942857142856935,1.0452698781195573,228.64000000000033,3,2026-01-27,2026-01-30,67,42,25,0,0.6268656716417911,35,17,15,112.17299999999886,1.674223880596998,1.1357374240225928,302.02700000000004,3,2026-01-27,2026-01-30,25.0,-1000000000.0,62.21299999999974,24.959999999999127,1.3673127377398446
ema_trend_10,sep=5.0,10.0,50.0,False,3,52,41,11,0,0.7884615384615384,39,3,10,106.77800000000116,2.053423076923099,1.3717974609497459,105.40700000000015,2,2024-11-20,2024-11-26,56,45,11,0,0.8035714285714286,45,7,4,43.960000000000036,0.7850000000000007,1.108265195547237,149.14999999999964,1,2026-01-13,2026-01-13,108,86,22,0,0.7962962962962963,84,10,14,150.7380000000012,1.3957222222222332,1.2174417296324205,214.5569999999998,2,2024-11-20,2024-11-26,30.0,-18.630999999999403,95.40900000000056,43.960000000000036,1.359108222222234
asia_close_10_16_largerange,"b=0.0,R>=30.0",12.5,25.0,False,3,89,60,29,0,0.6741573033707865,59,25,5,73.0920000000001,0.8212584269662933,1.1096389319309214,131.5600000000004,3,2024-04-19,2024-05-20,107,75,32,0,0.7009345794392523,74,32,1,129.92000000000007,1.214205607476636,1.1624,137.5,3,2026-04-10,2026-04-14,196,135,61,0,0.6887755102040817,133,57,6,203.01200000000017,1.0357755102040824,1.1384178075233473,144.0600000000004,3,2024-04-19,2024-05-20,0.03999999999996362,-72.64099999999962,145.69299999999976,129.92000000000007,1.3547583139423998
09_10_mom_fade,th=8.0,7.5,30.0,False,3,71,56,15,0,0.7887323943661971,53,9,9,46.75800000000004,0.6585633802816907,1.1303813175322412,171.67000000000007,3,2025-10-24,2025-10-28,85,71,14,0,0.8352941176470589,71,14,0,112.5,1.3235294117647058,1.2678571428571428,90.0,3,2026-04-30,2026-05-04,156,127,29,0,0.8141025641025641,124,23,9,159.25800000000004,1.0208846153846156,1.2045374859528015,171.67000000000007,3,2025-10-24,2025-10-28,40.75999999999999,65.16800000000012,-59.17000000000007,112.5,1.3393093212669684
14_15_mom_fade,th=8.0,10.0,30.0,False,3,65,46,19,0,0.7076923076923077,44,7,14,111.94600000000082,1.7222461538461664,1.3315503903519716,66.63000000000011,3,2024-12-19,2025-02-03,86,66,20,0,0.7674418604651163,65,19,2,69.24399999999969,0.8051627906976708,1.1190086621751678,150.0,3,2026-07-09,2026-07-15,151,112,39,0,0.7417218543046358,109,26,16,181.1900000000005,1.1999337748344405,1.197056174985101,150.0,3,2024-12-19,2025-02-03,-50.92000000000007,20.339000000000397,142.5270000000005,69.24399999999969,1.3025151701832758
13_14_mom_fade,th=8.0,5.0,40.0,False,3,59,52,7,0,0.8813559322033898,52,4,3,27.980000000000473,0.47423728813560123,1.1205930523230778,92.01999999999953,2,2024-08-05,2024-08-08,60,55,5,0,0.9166666666666666,55,5,0,75.0,1.25,1.375,105.0,2,2026-03-18,2026-03-19,119,107,12,0,0.8991596638655462,107,9,3,102.98000000000047,0.8653781512605082,1.2383685940465732,105.0,2,2024-08-05,2024-08-08,5.0,-27.980000000000018,50.96000000000049,75.0,1.2803781512605084
asia_close_10_16_largerange,"b=1.0,R>=30.0",5.0,30.0,False,3,86,73,13,0,0.8488372093023255,72,11,3,9.262999999999465,0.10770930232557517,1.0263978341407793,74.34000000000015,2,2025-04-23,2025-04-29,103,92,11,0,0.8932038834951457,92,11,0,130.0,1.2621359223300972,1.393939393939394,65.0,1,2026-01-27,2026-01-27,189,165,24,0,0.873015873015873,164,22,3,139.26299999999947,0.736841269841267,1.2045278308121594,74.34000000000015,2,2025-04-23,2025-04-29,10.0,-30.0,29.262999999999465,130.0,1.219229231006315
13_14_mom_fade,th=12.0,5.0,50.0,False,3,28,26,2,0,0.9285714285714286,25,1,2,54.24000000000024,1.9371428571428655,1.7534379774968802,51.98999999999978,1,2025-04-28,2025-04-28,37,34,3,0,0.918918918918919,34,3,0,20.0,0.5405405405405406,1.1333333333333333,100.0,2,2026-03-18,2026-03-19,65,60,5,0,0.9230769230769231,59,4,2,74.24000000000024,1.1421538461538498,1.334429478805353,100.0,2,2026-03-18,2026-03-19,-1000000000.0,11.230000000000018,43.01000000000022,20.0,1.2124241164241203
asia_close_10_12_largerange,"b=1.0,R>=50.0",20.0,25.0,False,3,23,14,9,0,0.6086956521739131,13,8,2,67.44999999999936,2.932608695652146,1.3225729316116654,59.100000000000364,3,2025-04-23,2025-05-09,39,22,17,0,0.5641025641025641,22,17,0,15.0,0.38461538461538464,1.035294117647059,125.0,2,2026-01-02,2026-01-05,62,36,26,0,0.5806451612903226,35,25,2,82.44999999999936,1.3298387096774091,1.1300268096514734,160.0,3,2025-04-23,2025-05-09,20.0,-1000000000.0,47.44999999999936,15.0,1.2021464019851014
asia_close_10_12_largerange,"b=2.0,R>=20.0",10.0,40.0,False,3,103,75,28,0,0.7281553398058253,72,9,22,64.26299999999924,0.6239126213592159,1.0971739810893066,116.53300000000081,3,2023-01-03,2023-05-04,69,56,13,0,0.8115942028985508,56,12,1,78.69999999999982,1.1405797101449249,1.1635154789112816,101.30000000000018,2,2026-07-15,2026-07-21,172,131,41,0,0.7616279069767442,128,21,23,142.96299999999906,0.831180232558134,1.1251186966084048,116.53300000000081,3,2023-01-03,2023-05-04,-36.144000000000005,26.968000000000302,73.43899999999894,78.69999999999982,1.1684040876305948
asia_close_10_12_largerange,"b=2.0,R>=20.0",12.5,30.0,False,3,103,70,33,0,0.6796116504854369,67,23,13,48.085999999999785,0.46685436893203675,1.0604858389224596,138.3800000000001,3,2023-01-03,2023-05-04,69,51,18,0,0.7391304347826086,51,18,0,97.5,1.4130434782608696,1.1805555555555556,125.0,3,2026-04-10,2026-04-14,172,121,51,0,0.7034883720930233,118,41,13,145.58599999999979,0.8464302325581383,1.1090535102726897,198.5999999999999,3,2023-01-03,2023-05-04,-40.96399999999994,38.05799999999999,50.991999999999734,97.5,1.1557519716885734
14_15_mom_fade,th=12.0,7.5,35.0,False,3,29,24,5,0,0.8275862068965517,24,4,1,26.483999999999924,0.9132413793103422,1.1725162198077068,48.516000000000076,2,2025-05-12,2025-05-14,55,46,9,0,0.8363636363636363,46,8,1,53.159999999999854,0.9665454545454519,1.1821546052631573,142.5,2,2026-02-05,2026-02-06,84,70,14,0,0.8333333333333334,70,12,2,79.64399999999978,0.9481428571428545,1.1788322151267745,142.5,2,2025-05-12,2025-05-14,7.5,22.5,-3.5160000000000764,53.159999999999854,1.1464155844155806
asia_close_10_16_largerange,"b=1.0,R>=20.0",7.5,50.0,False,3,160,128,32,0,0.8,126,8,26,103.6959999999981,0.6480999999999881,1.1224321608752146,128.31700000000137,2,2023-01-03,2023-03-20,110,98,12,0,0.8909090909090909,97,12,1,127.82999999999993,1.1620909090909084,1.21305,127.17000000000007,1,2026-01-08,2026-01-08,270,226,44,0,0.837037037037037,223,20,27,231.52599999999802,0.8575037037036963,1.1600077956166228,155.48700000000144,2,2023-01-03,2023-03-20,-29.817000000000007,40.68899999999985,92.82399999999825,127.82999999999993,1.1275751582491476
prevclose_gap_cont,th=30.0,7.5,50.0,False,3,48,43,5,0,0.8958333333333334,43,4,1,119.29999999999973,2.485416666666661,1.5871062992125964,100.0,2,2025-11-18,2025-11-21,85,73,12,0,0.8588235294117647,73,9,3,38.069999999999254,0.4478823529411677,1.0747305812378525,160.42000000000007,2,2026-04-02,2026-04-08,133,116,17,0,0.8721804511278195,116,13,4,157.36999999999898,1.1832330827067592,1.2208298836703462,160.42000000000007,2,2025-11-18,2025-11-21,-1000000000.0,15.0,104.29999999999973,38.069999999999254,1.086334259177343
asia_close_10_16_largerange,"b=0.0,R>=30.0",5.0,40.0,False,3,89,75,14,0,0.8426966292134831,75,6,8,8.39199999999937,0.0942921348314536,1.0228909352769153,76.09999999999991,2,2024-04-19,2024-04-23,107,98,9,0,0.9158878504672897,98,9,0,130.0,1.2149532710280373,1.3611111111111112,140.0,1,2026-01-27,2026-01-27,196,173,23,0,0.8826530612244898,173,15,8,138.39199999999937,0.706081632653058,1.190463083258097,140.22700000000077,2,2024-04-19,2024-04-23,10.0,-68.30099999999948,66.69299999999885,130.0,1.033104268167075
asia_close_10_16_largerange,"b=0.0,R>=20.0",5.0,35.0,False,3,167,143,24,0,0.8562874251497006,142,15,10,32.077999999999065,0.19208383233532375,1.0472693192970446,168.94400000000087,3,2025-07-09,2025-07-15,114,104,10,0,0.9122807017543859,104,10,0,170.0,1.4912280701754386,1.4857142857142858,150.0,1,2026-01-27,2026-01-27,281,247,34,0,0.8790035587188612,246,25,10,202.07799999999907,0.7191387900355839,1.1964550631816147,248.94400000000087,3,2025-07-09,2025-07-15,11.623000000000047,35.95900000000029,-15.50400000000127,170.0,0.9668648251233015
asia_close_10_12_largerange,"b=1.0,R>=20.0",10.0,40.0,False,3,109,80,29,0,0.7339449541284404,77,11,21,51.384999999998854,0.47142201834861336,1.0708487929439356,146.54700000000048,3,2023-01-03,2023-05-04,71,57,14,0,0.8028169014084507,57,12,2,83.52999999999975,1.1764788732394331,1.1717063744938017,100.0,2,2026-07-15,2026-07-21,180,137,43,0,0.7611111111111111,134,23,23,134.9149999999986,0.74952777777777,1.1113392482094022,186.54700000000048,3,2023-01-03,2023-05-04,-34.81700000000001,28.626999999999953,57.57499999999891,83.52999999999975,0.9646732143974857
asia_close_10_12_largerange,"b=0.0,R>=30.0",5.0,50.0,False,3,62,55,7,0,0.8870967741935484,55,4,3,23.1220000000003,0.37293548387097253,1.091798410341516,110.40700000000015,1,2024-12-06,2024-12-06,70,65,5,0,0.9285714285714286,65,5,0,75.0,1.0714285714285714,1.3,105.0,1,2026-02-04,2026-02-04,132,120,12,0,0.9090909090909091,120,9,3,98.1220000000003,0.7433484848484871,1.1955096656956479,165.40700000000015,1,2024-12-06,2024-12-06,10.0,-2.200999999999567,15.322999999999865,75.0,0.9482487705627725
13_14_mom_fade,th=8.0,5.0,30.0,False,3,59,51,8,0,0.864406779661017,51,7,1,22.019999999999982,0.3732203389830505,1.094514550605202,75.0,2,2024-08-05,2024-08-08,60,53,7,0,0.8833333333333333,53,7,0,55.0,0.9166666666666666,1.2619047619047619,80.0,2,2026-03-18,2026-03-19,119,104,15,0,0.8739495798319328,104,14,1,77.01999999999998,0.6472268907563024,1.1738678947130796,80.0,2,2024-08-05,2024-08-08,5.0,-17.980000000000018,35.0,55.0,0.9455602240896356
asia_close_10_16_largerange,"b=1.0,R>=20.0",10.0,30.0,False,3,160,117,43,0,0.73125,113,28,19,150.21799999999826,0.938862499999989,1.1514379844023432,146.5600000000004,3,2025-11-25,2025-12-01,110,85,25,0,0.7727272727272727,84,25,1,90.32999999999993,0.8211818181818176,1.1204399999999999,180.0,3,2026-07-17,2026-07-21,270,202,68,0,0.7481481481481481,197,53,20,240.54799999999818,0.8909185185185118,1.1380916952554145,180.0,3,2025-11-25,2025-12-01,-32.136999999999944,26.376999999999498,155.9779999999987,90.32999999999993,0.9415094276094206
asia_close_10_16_largerange,"b=2.0,R>=20.0",10.0,30.0,False,3,152,112,40,0,0.7368421052631579,107,25,20,182.91999999999962,1.2034210526315765,1.2022120396420493,130.0,3,2025-11-25,2025-12-01,108,83,25,0,0.7685185185185185,82,25,1,70.32999999999993,0.6512037037037031,1.0937733333333333,190.0,3,2026-07-17,2026-07-21,260,195,65,0,0.75,189,50,21,253.24999999999955,0.9740384615384597,1.153058603464896,190.0,3,2025-11-25,2025-12-01,-33.46399999999994,6.1729999999997744,210.21099999999979,70.32999999999993,0.9196403133903112
10_11_mom_cont,th=8.0,12.5,20.0,False,3,100,59,41,0,0.59,52,32,16,2.3450000000000273,0.023450000000000273,1.0034481491012022,105.0,3,2024-09-23,2024-10-07,58,38,20,0,0.6551724137931034,38,20,0,75.0,1.293103448275862,1.1875,82.5,2,2026-01-05,2026-01-06,158,97,61,0,0.6139240506329114,90,52,16,77.34500000000003,0.48952531645569636,1.0716107677707567,110.0,3,2024-09-23,2024-10-07,6.011999999999944,-46.07399999999916,42.40699999999924,75.0,0.9160770405936274
asia_close_10_16_largerange,"b=2.0,R>=20.0",7.5,50.0,False,3,152,122,30,0,0.8026315789473685,120,6,26,188.2979999999991,1.2388026315789413,1.2628325921459245,86.45000000000073,2,2023-01-03,2023-03-20,108,95,13,0,0.8796296296296297,94,13,1,55.32999999999993,0.5123148148148141,1.0851230769230769,147.5,1,2026-01-08,2026-01-08,260,217,43,0,0.8346153846153846,214,19,27,243.62799999999902,0.9370307692307654,1.178296831569841,147.5,2,2023-01-03,2023-03-20,-31.144000000000005,23.643999999999778,195.79799999999932,55.32999999999993,0.8981881766381725
10_11_mom_cont,th=12.0,5.0,15.0,False,3,32,26,6,0,0.8125,26,6,0,40.0,1.25,1.4444444444444444,40.0,2,2025-12-29,2025-12-31,35,27,8,0,0.7714285714285715,27,8,0,15.0,0.42857142857142855,1.125,35.0,2,2026-01-30,2026-02-02,67,53,14,0,0.7910447761194029,53,14,0,55.0,0.8208955223880597,1.2619047619047619,70.0,3,2025-12-29,2026-01-13,-1000000000.0,5.0,35.0,15.0,0.895181236673774
10_11_mom_cont,th=8.0,5.0,20.0,False,3,100,79,21,0,0.79,79,19,2,11.383000000000266,0.11383000000000265,1.0296728247184048,65.0,3,2025-08-07,2025-08-12,58,49,9,0,0.8448275862068966,49,9,0,65.0,1.1206896551724137,1.3611111111111112,55.0,2,2026-04-13,2026-04-24,158,128,30,0,0.810126582278481,128,28,2,76.38300000000027,0.4834367088607612,1.1355228816731935,75.0,3,2025-08-07,2025-08-12,4.733000000000175,26.65000000000009,-20.0,65.0,0.893781536446968
asia_close_10_16_largerange,"b=0.0,R>=40.0",5.0,50.0,False,3,55,47,8,0,0.8545454545454545,47,3,5,7.412999999999101,0.13478181818180185,1.0325721592182289,116.96700000000055,2,2025-12-15,2025-12-17,84,78,6,0,0.9285714285714286,78,6,0,90.0,1.0714285714285714,1.3,130.0,1,2026-02-04,2026-02-04,139,125,14,0,0.8992805755395683,125,9,5,97.4129999999991,0.7008129496402813,1.1846387420463336,176.96700000000055,2,2025-12-15,2025-12-17,10.0,-7.539999999999964,4.952999999999065,90.0,0.882593235354566
asia_close_10_14_largerange,"b=0.0,R>=30.0",5.0,50.0,False,3,73,64,9,0,0.8767123287671232,64,4,5,31.302000000000135,0.42879452054794703,1.1084247206423326,103.66700000000037,1,2024-04-23,2024-04-23,83,77,6,0,0.927710843373494,77,6,0,85.0,1.0240963855421688,1.2833333333333334,140.0,1,2026-02-04,2026-02-04,156,141,15,0,0.9038461538461539,141,10,5,116.30200000000013,0.7455256410256419,1.1975580008765108,188.66700000000037,1,2024-04-23,2024-04-23,10.0,-20.760999999999513,42.06299999999965,85.0,0.8802398337967254
asia_close_10_16_largerange,"b=2.0,R>=30.0",5.0,50.0,False,3,83,74,9,0,0.891566265060241,73,4,6,68.94899999999916,0.8307108433734839,1.2327675261803932,91.83699999999999,2,2024-04-23,2024-05-20,101,93,8,0,0.9207920792079208,93,8,0,65.0,0.6435643564356436,1.1625,100.0,1,2026-01-08,2026-01-08,184,167,17,0,0.907608695652174,166,12,6,133.94899999999916,0.7279836956521694,1.1923963034354366,100.0,2,2024-04-23,2024-05-20,10.0,-71.83699999999999,130.78599999999915,65.0,0.8497658738699911
09_10_mom_cont,th=8.0,7.5,50.0,False,3,71,60,11,0,0.8450704225352113,59,5,7,99.48799999999983,1.4012394366197158,1.2897804393543082,205.0,3,2023-01-04,2023-03-20,85,74,11,0,0.8705882352941177,74,10,1,49.4399999999996,0.5816470588235247,1.097792546878708,140.0,2,2026-04-17,2026-04-24,156,134,22,0,0.8589743589743589,133,15,8,148.92799999999943,0.954666666666663,1.175440167184602,230.5600000000004,3,2023-01-04,2023-03-20,-18.98199999999997,62.40000000000009,56.06999999999971,49.4399999999996,0.7843701960784244
14_15_mom_fade,th=8.0,10.0,40.0,False,3,65,46,19,0,0.7076923076923077,44,5,16,62.94900000000098,0.968446153846169,1.1628099451429132,83.7170000000001,3,2024-12-19,2025-02-03,86,69,17,0,0.8023255813953488,68,15,3,53.444000000000415,0.6214418604651211,1.0851507233445932,150.0,2,2026-02-05,2026-02-06,151,115,36,0,0.7615894039735099,112,20,19,116.3930000000014,0.770814569536433,1.1147541953364024,150.0,3,2024-12-19,2025-02-03,-68.00700000000006,20.339000000000397,110.61700000000064,53.444000000000415,0.7815354997689934
09_10_mom_cont,th=3.0,5.0,50.0,False,3,323,259,64,0,0.8018575851393189,256,5,62,102.1480000000006,0.31624767801857767,1.0865576659901794,199.163,3,2023-02-15,2023-02-21,135,124,11,0,0.9185185185185185,124,9,2,159.44999999999936,1.1811111111111063,1.3462164802952972,130.0,1,2026-01-19,2026-01-19,458,383,75,0,0.8362445414847162,380,14,64,261.59799999999996,0.5711746724890828,1.1594463220706237,199.163,3,2023-02-15,2023-02-21,10.485000000000582,-80.51400000000012,172.17700000000013,159.44999999999936,0.763404228044636
asia_close_10_12_largerange,"b=1.0,R>=20.0",12.5,30.0,False,3,109,74,35,0,0.6788990825688074,71,25,13,44.324999999999136,0.40665137614678104,1.0521570607069344,163.70700000000033,3,2023-01-03,2023-05-04,71,52,19,0,0.7323943661971831,52,19,0,80.0,1.1267605633802817,1.1403508771929824,150.0,3,2026-04-10,2026-04-14,180,126,54,0,0.7,123,44,13,124.32499999999914,0.6906944444444396,1.0875628681320455,248.92700000000013,3,2023-01-03,2023-05-04,-39.636999999999944,38.80699999999979,45.15499999999929,80.0,0.7562207261345804
asia_close_10_16_largerange,"b=2.0,R>=20.0",10.0,35.0,False,3,152,112,40,0,0.7368421052631579,107,20,25,124.18699999999944,0.8170197368421016,1.1289145545442458,155.0,3,2025-11-25,2025-12-01,108,85,23,0,0.7870370370370371,84,21,3,79.98000000000002,0.7405555555555557,1.1051884000789112,200.3499999999999,3,2026-07-17,2026-07-21,260,197,63,0,0.7576923076923077,191,41,28,204.16699999999946,0.7852576923076903,1.1184484573104718,200.3499999999999,3,2025-11-25,2025-12-01,-38.46399999999994,10.083000000000084,152.5679999999993,79.98000000000002,0.7548354700854683
asia_close_10_16_largerange,"b=1.0,R>=20.0",10.0,35.0,False,3,160,117,43,0,0.73125,113,23,24,77.77099999999814,0.4860687499999884,1.0730661946596673,176.5600000000004,3,2025-11-25,2025-12-01,110,87,23,0,0.7909090909090909,86,21,3,99.98000000000002,0.9089090909090911,1.1314920760176235,180.3499999999999,3,2026-07-17,2026-07-21,270,204,66,0,0.7555555555555555,199,44,27,177.75099999999816,0.6583370370370302,1.0974116326645798,180.3499999999999,3,2025-11-25,2025-12-01,-37.136999999999944,31.19699999999966,83.71099999999842,99.98000000000002,0.7520915824915759
asia_close_10_16_largerange,"b=2.0,R>=20.0",7.5,40.0,False,3,152,121,31,0,0.7960526315789473,119,9,24,158.88799999999833,1.0453157894736733,1.2151997486212063,95.18000000000029,2,2023-01-03,2023-03-20,108,92,16,0,0.8518518518518519,91,16,1,42.82999999999993,0.3965740740740734,1.0669218749999998,112.5,1,2026-01-08,2026-01-08,260,213,47,0,0.8192307692307692,210,25,25,201.71799999999826,0.7758384615384548,1.1463497803135378,112.5,2,2023-01-03,2023-03-20,-31.144000000000005,33.64399999999978,156.38799999999856,42.82999999999993,0.7491254985754915
09_10_mom_cont,th=8.0,5.0,40.0,False,3,71,62,9,0,0.8732394366197183,61,5,5,43.07499999999982,0.6066901408450679,1.1642610635498687,100.0,2,2023-02-08,2023-03-20,85,76,9,0,0.8941176470588236,76,8,1,54.4399999999996,0.6404705882352895,1.1672195601425222,85.0,1,2026-01-19,2026-01-19,156,138,18,0,0.8846153846153846,137,13,6,97.51499999999942,0.6250961538461501,1.1658996759074156,100.0,2,2023-02-08,2023-03-20,-16.795000000000073,34.90000000000009,24.9699999999998,54.4399999999996,0.7453314479637949
14_15_mom_fade,th=12.0,7.5,50.0,False,3,29,24,5,0,0.8275862068965517,24,3,2,8.483999999999924,0.2925517241379284,1.0494647729657869,73.51600000000008,2,2025-05-12,2025-05-14,55,48,7,0,0.8727272727272727,48,6,1,48.159999999999854,0.875636363636361,1.1544381734222673,185.0,2,2026-02-05,2026-02-06,84,72,12,0,0.8571428571428571,72,9,3,56.64399999999978,0.6743333333333307,1.11718898699923,191.51600000000008,2,2025-05-12,2025-05-14,7.5,22.5,-21.516000000000076,48.159999999999854,0.729119515151511
10_11_mom_cont,th=8.0,7.5,15.0,False,3,100,69,31,0,0.69,69,29,2,72.54300000000012,0.7254300000000012,1.1630337313493218,60.0,3,2024-09-23,2024-10-07,58,40,18,0,0.6896551724137931,40,18,0,30.0,0.5172413793103449,1.1111111111111112,60.0,3,2026-01-06,2026-01-13,158,109,49,0,0.689873417721519,109,47,2,102.54300000000012,0.6490063291139249,1.1434254088008091,90.0,3,2024-09-23,2024-10-07,22.233000000000175,-24.690000000000055,75.0,30.0,0.7276270187690974
09_10_mom_cont,th=8.0,5.0,30.0,False,3,71,60,11,0,0.8450704225352113,59,8,4,18.464999999999918,0.2600704225352101,1.066697971789268,100.0,2,2023-02-08,2023-03-20,85,74,11,0,0.8705882352941177,74,10,1,64.4399999999996,0.7581176470588188,1.2108914779421374,80.0,2,2026-07-17,2026-07-21,156,134,22,0,0.8589743589743589,133,18,5,82.90499999999952,0.5314423076923046,1.142349396038838,100.0,2,2023-02-08,2023-03-20,-21.404999999999973,34.90000000000009,4.9699999999998,64.4399999999996,0.710501131221714
asia_close_10_14_largerange,"b=2.0,R>=50.0",15.0,30.0,False,3,25,18,7,0,0.72,18,7,0,60.0,2.4,1.2857142857142858,75.0,2,2025-11-21,2025-12-01,42,28,14,0,0.6666666666666666,28,13,1,4.359999999999673,0.10380952380951601,1.0104898469829653,135.0,2,2026-03-04,2026-03-10,67,46,21,0,0.6865671641791045,46,20,1,64.35999999999967,0.9605970149253682,1.102870660443705,165.0,2,2025-11-21,2025-12-01,15.0,-1000000000.0,45.0,4.359999999999673,0.682501776830126
asia_close_10_14_largerange,"b=2.0,R>=50.0",12.5,50.0,False,3,25,20,5,0,0.8,20,3,2,46.613000000000284,1.8645200000000113,1.2291837728075066,115.88699999999972,2,2025-11-21,2025-12-01,42,32,10,0,0.7619047619047619,32,7,3,16.44999999999891,0.3916666666666407,1.0428888019814857,187.5,2,2026-07-06,2026-07-21,67,52,15,0,0.7761194029850746,52,10,5,63.06299999999919,0.9412388059701372,1.1074442401825053,240.88699999999972,2,2025-11-21,2025-12-01,12.5,-1000000000.0,34.113000000000284,16.44999999999891,0.655298139303458
14_15_mom_fade,th=12.0,5.0,50.0,False,3,29,25,4,0,0.8620689655172413,25,2,2,3.4839999999999236,0.12013793103448013,1.0286711214984028,63.516000000000076,2,2025-05-12,2025-05-14,55,50,5,0,0.9090909090909091,50,4,1,38.159999999999854,0.6938181818181792,1.1801359516616305,90.0,2,2026-08-05,2026-08-14,84,75,9,0,0.8928571428571429,75,6,3,41.64399999999978,0.49576190476190213,1.1249235052016455,98.0,2,2025-05-12,2025-05-14,5.0,15.0,-16.516000000000076,38.159999999999854,0.6466709956709917
asia_close_10_14_largerange,"b=2.0,R>=50.0",25.0,35.0,False,3,25,16,9,0,0.64,12,7,6,45.1929999999993,1.807719999999972,1.1547403417825948,91.65000000000009,3,2025-04-23,2025-05-08,42,24,18,0,0.5714285714285714,22,15,5,19.69999999999891,0.46904761904759307,1.0356683746446722,225.0,3,2026-01-27,2026-01-30,67,40,27,0,0.5970149253731343,34,22,11,64.89299999999821,0.9685522388059434,1.076854022007016,290.40700000000015,3,2025-04-23,2025-05-08,25.0,-1000000000.0,20.1929999999993,19.69999999999891,0.6222620483297397
09_10_mom_cont,th=8.0,5.0,35.0,False,3,71,61,10,0,0.8591549295774648,60,7,4,18.464999999999918,0.2600704225352101,1.0655147332753816,85.0,2,2023-02-08,2023-03-20,85,75,10,0,0.8823529411764706,75,9,1,54.4399999999996,0.6404705882352895,1.1698278013476402,65.0,1,2026-01-19,2026-01-19,156,136,20,0,0.8717948717948718,135,16,5,72.90499999999952,0.4673397435897405,1.1210232318788846,85.0,2,2023-02-08,2023-03-20,-26.404999999999973,34.90000000000009,9.9699999999998,54.4399999999996,0.6175750377073852
10_11_mom_cont,th=8.0,7.5,20.0,False,3,100,71,29,0,0.71,71,25,4,7.716000000000349,0.07716000000000349,1.0147031921704937,95.0,3,2024-09-23,2024-10-07,58,44,14,0,0.7586206896551724,44,14,0,50.0,0.8620689655172413,1.1785714285714286,67.5,2,2026-04-01,2026-04-02,158,115,43,0,0.7278481012658228,115,39,4,57.71600000000035,0.36529113924050854,1.0717161374977637,95.0,3,2024-09-23,2024-10-07,17.233000000000175,-29.516999999999825,20.0,50.0,0.6063256219991293
asia_close_10_16_largerange,"b=0.0,R>=20.0",7.5,50.0,False,3,167,136,31,0,0.8143712574850299,133,7,27,214.25799999999958,1.2829820359281412,1.2704512865048263,158.05000000000018,3,2025-07-09,2025-07-15,114,100,14,0,0.8771929824561403,100,14,0,50.0,0.43859649122807015,1.0714285714285714,197.5,1,2026-01-08,2026-01-08,281,236,45,0,0.8398576512455516,233,21,27,264.2579999999996,0.9404199288256213,1.1770900347400923,278.0500000000002,3,2025-07-09,2025-07-15,-8.557000000000016,42.9680000000003,179.8469999999993,50.0,0.6036181744396559
14_15_mom_fade,th=12.0,10.0,15.0,False,3,29,18,11,0,0.6206896551724138,18,11,0,15.0,0.5172413793103449,1.0909090909090908,50.0,3,2024-04-22,2024-08-05,55,34,21,0,0.6181818181818182,34,21,0,25.0,0.45454545454545453,1.0793650793650793,50.0,3,2026-03-16,2026-03-19,84,52,32,0,0.6190476190476191,52,32,0,40.0,0.47619047619047616,1.0833333333333333,50.0,3,2024-04-22,2024-08-05,10.0,-45.0,50.0,25.0,0.6034632034632035
asia_close_10_16_largerange,"b=2.0,R>=20.0",7.5,35.0,False,3,152,119,33,0,0.7828947368421053,117,18,17,35.427999999998974,0.2330789473684143,1.0418380987921403,117.5,2,2023-01-03,2023-03-20,108,91,17,0,0.8425925925925926,90,17,1,80.32999999999993,0.7437962962962956,1.1350084033613443,87.5,1,2026-01-08,2026-01-08,260,210,50,0,0.8076923076923077,207,35,18,115.7579999999989,0.4452230769230727,1.0802878093034474,130.0,2,2023-01-03,2023-03-20,-43.46399999999994,32.81399999999985,46.077999999999065,80.32999999999993,0.5571212250712205
09_10_mom_cont,th=3.0,5.0,40.0,False,3,323,257,66,0,0.7956656346749226,254,10,59,69.44000000000028,0.2149845201238399,1.0577308548306779,155.64600000000019,3,2023-02-15,2023-02-21,135,121,14,0,0.8962962962962963,121,12,2,114.44999999999936,0.8477777777777731,1.2333095505045342,84.99000000000024,2,2026-07-17,2026-07-20,458,378,80,0,0.8253275109170306,375,22,61,183.88999999999965,0.40150655021833986,1.1085939128591278,155.64600000000019,3,2023-02-15,2023-02-21,14.533000000000584,-80.78700000000026,135.69399999999996,114.44999999999936,0.5141034391072261
14_15_mom_fade,th=12.0,7.5,15.0,False,3,29,21,8,0,0.7241379310344828,21,8,0,37.5,1.293103448275862,1.3125,30.0,2,2025-05-12,2025-05-14,55,37,18,0,0.6727272727272727,37,18,0,7.5,0.13636363636363635,1.0277777777777777,45.0,3,2026-03-16,2026-03-19,84,58,26,0,0.6904761904761905,58,26,0,45.0,0.5357142857142857,1.1153846153846154,45.0,3,2026-03-16,2026-03-19,7.5,0.0,30.0,7.5,0.513896103896104
asia_close_10_16_largerange,"b=2.0,R>=30.0",5.0,40.0,False,3,83,72,11,0,0.8674698795180723,71,6,6,18.94899999999916,0.228301204819267,1.0563599374208068,81.83699999999999,2,2024-04-23,2024-05-20,101,91,10,0,0.900990099009901,91,10,0,55.0,0.5445544554455446,1.1375,90.0,1,2026-01-08,2026-01-08,184,163,21,0,0.8858695652173914,162,16,6,73.94899999999916,0.4018967391304302,1.1004449793130788,90.0,2,2024-04-23,2024-05-20,10.0,-61.83699999999999,70.78599999999915,55.0,0.49417396685320253
asia_close_10_12_largerange,"b=2.0,R>=20.0",10.0,30.0,False,3,103,74,29,0,0.7184466019417476,71,20,12,25.79599999999982,0.25044660194174584,1.0373971057690354,118.17000000000007,3,2023-01-03,2023-05-04,69,53,16,0,0.7681159420289855,53,16,0,50.0,0.7246376811594203,1.1041666666666667,120.0,2,2026-04-10,2026-04-13,172,127,45,0,0.7383720930232558,124,36,12,75.79599999999982,0.4406744186046501,1.0647947573316827,160.88999999999987,3,2023-01-03,2023-05-04,-43.46399999999994,13.057999999999993,56.20199999999977,50.0,0.48121325918436053
asia_close_10_12_largerange,"b=2.0,R>=20.0",5.0,40.0,False,3,103,89,14,0,0.8640776699029126,88,7,8,52.78099999999904,0.5124368932038742,1.136250522739825,111.96700000000055,1,2023-01-03,2023-01-03,69,62,7,0,0.8985507246376812,62,7,0,30.0,0.43478260869565216,1.1071428571428572,60.0,1,2026-01-27,2026-01-27,172,151,21,0,0.877906976744186,150,14,8,82.78099999999904,0.48128488372092465,1.1240384067895133,121.96700000000055,1,2023-01-03,2023-01-03,6.623000000000047,57.248999999999796,-11.091000000000804,30.0,0.45474218806874966
asia_close_10_16_largerange,"b=1.0,R>=20.0",7.5,40.0,False,3,160,127,33,0,0.79375,125,13,22,81.8929999999973,0.5118312499999831,1.0950840038547691,126.74000000000069,2,2023-01-03,2023-03-20,110,94,16,0,0.8545454545454545,93,16,1,57.82999999999993,0.525727272727272,1.0903593749999998,114.67000000000007,1,2026-01-08,2026-01-08,270,221,49,0,0.8185185185185185,218,29,23,139.72299999999723,0.5174925925925823,1.093069867512171,178.91000000000076,2,2023-01-03,2023-03-20,-29.817000000000007,50.68899999999985,61.02099999999746,57.82999999999993,0.42253622895621673
10_11_mom_cont,th=12.0,7.5,35.0,False,3,32,27,5,0,0.84375,27,5,0,27.5,0.859375,1.1571428571428573,55.0,1,2025-04-10,2025-04-10,35,29,6,0,0.8285714285714286,29,6,0,7.5,0.21428571428571427,1.0357142857142858,107.5,2,2026-04-01,2026-04-02,67,56,11,0,0.835820895522388,56,11,0,35.0,0.5223880597014925,1.0909090909090908,107.5,2,2026-04-01,2026-04-02,-1000000000.0,7.5,20.0,7.5,0.4145309168443496
asia_close_10_12_largerange,"b=0.0,R>=30.0",5.0,40.0,False,3,62,54,8,0,0.8709677419354839,54,5,3,18.1220000000003,0.29229032258064996,1.0719475301534882,70.40700000000015,1,2024-12-06,2024-12-06,70,63,7,0,0.9,63,7,0,35.0,0.5,1.125,100.0,1,2026-01-27,2026-01-27,132,117,15,0,0.8863636363636364,117,12,3,53.1220000000003,0.4024393939393962,1.099876287419296,140.40700000000015,1,2024-12-06,2024-12-06,10.0,-2.200999999999567,10.322999999999865,35.0,0.3716253939393959
asia_close_10_16_largerange,"b=2.0,R>=50.0",10.0,30.0,False,3,30,23,7,0,0.7666666666666667,23,7,0,20.0,0.6666666666666666,1.0952380952380953,70.0,2,2025-11-21,2025-12-01,59,45,14,0,0.7627118644067796,44,14,1,20.329999999999927,0.34457627118643946,1.0484047619047618,130.0,3,2026-07-07,2026-07-21,89,68,21,0,0.7640449438202247,67,21,1,40.32999999999993,0.4531460674157295,1.0640158730158729,130.0,3,2026-07-07,2026-07-21,10.0,-1000000000.0,10.0,20.329999999999927,0.36543420300894924
09_10_mom_cont,th=8.0,7.5,30.0,False,3,71,56,15,0,0.7887323943661971,55,10,6,44.87799999999993,0.6320845070422525,1.121973625561245,120.0,3,2023-01-04,2023-03-20,85,68,17,0,0.8,68,16,1,24.4399999999996,0.28752941176470115,1.0503336353900643,120.0,2,2026-02-04,2026-02-09,156,124,32,0,0.7948717948717948,123,26,7,69.31799999999953,0.44434615384615084,1.0812169299770817,120.0,3,2023-01-04,2023-03-20,-23.59199999999987,62.40000000000009,6.069999999999709,24.4399999999996,0.3481108597285014
14_15_mom_fade,th=8.0,10.0,50.0,False,3,65,46,19,0,0.7076923076923077,44,3,18,59.302000000001044,0.9123384615384776,1.1519442053048037,89.36400000000003,3,2024-12-19,2025-02-03,86,71,15,0,0.8255813953488372,70,13,3,23.444000000000415,0.27260465116279553,1.034596540936191,170.0,2,2026-02-05,2026-02-06,151,117,34,0,0.7748344370860927,114,16,21,82.74600000000146,0.5479867549668971,1.0774827516461798,170.0,3,2024-12-19,2025-02-03,-73.654,20.339000000000397,112.61700000000064,23.444000000000415,0.3442890805482948
prevclose_gap_cont,th=30.0,5.0,35.0,False,3,48,42,6,0,0.875,42,5,1,31.799999999999727,0.6624999999999943,1.1784511784511766,75.0,2,2025-04-22,2025-04-23,85,75,10,0,0.8823529411764706,75,10,0,25.0,0.29411764705882354,1.0714285714285714,140.0,2,2026-04-02,2026-04-08,133,117,16,0,0.8796992481203008,117,15,1,56.79999999999973,0.42706766917293026,1.107535024611889,140.0,2,2025-04-22,2025-04-23,-1000000000.0,10.0,21.799999999999727,25.0,0.29412649270234204
prevclose_gap_cont,th=30.0,5.0,30.0,False,3,48,42,6,0,0.875,42,5,1,56.79999999999973,1.1833333333333276,1.3707571801566556,60.0,2,2025-04-22,2025-04-23,85,73,12,0,0.8588235294117647,73,12,0,5.0,0.058823529411764705,1.0138888888888888,120.0,2,2026-04-02,2026-04-08,133,115,18,0,0.8646616541353384,115,17,1,61.79999999999973,0.4646616541353363,1.120420888542478,120.0,2,2025-04-22,2025-04-23,-1000000000.0,10.0,46.79999999999973,5.0,0.25407341884121865
asia_close_10_14_largerange,"b=1.0,R>=20.0",5.0,35.0,False,3,128,110,18,0,0.859375,109,12,7,30.963999999999032,0.24190624999999244,1.0602179311900626,146.96700000000055,2,2025-07-09,2025-07-15,82,73,9,0,0.8902439024390244,73,9,0,50.0,0.6097560975609756,1.1587301587301588,110.0,1,2026-01-27,2026-01-27,210,183,27,0,0.8714285714285714,182,21,7,80.96399999999903,0.3855428571428525,1.0976412176087995,221.96700000000055,2,2025-07-09,2025-07-15,6.623000000000047,47.248999999999796,-22.90800000000081,50.0,0.24648690592333927
asia_close_10_14_largerange,"b=2.0,R>=20.0",7.5,50.0,False,3,121,95,26,0,0.7851239669421488,94,5,22,69.74299999999926,0.57638842975206,1.1097588996254433,110.77000000000089,3,2023-01-03,2023-05-04,80,70,10,0,0.875,70,10,0,25.0,0.3125,1.05,135.0,1,2026-01-27,2026-01-27,201,165,36,0,0.8208955223880597,164,15,22,94.74299999999926,0.4713582089552202,1.083443131176128,190.74000000000024,3,2023-01-03,2023-05-04,-38.644000000000005,50.878999999999905,57.507999999999356,25.0,0.2461282089552197
09_10_mom_cont,th=3.0,5.0,35.0,False,3,323,256,67,0,0.7925696594427245,253,16,54,7.776000000000749,0.024074303405575075,1.006173942247916,194.55999999999995,3,2023-02-15,2023-02-21,135,120,15,0,0.8888888888888888,120,14,1,104.4399999999996,0.7736296296296267,1.2107514730809579,95.0,2,2026-07-17,2026-07-20,458,376,82,0,0.8209606986899564,373,30,55,112.21600000000035,0.24501310043668198,1.0639390284134842,194.55999999999995,3,2023-02-15,2023-02-21,9.923000000000684,-91.16699999999992,89.01999999999998,104.4399999999996,0.24270791525149538
asia_close_10_16_largerange,"b=2.0,R>=50.0",5.0,50.0,False,3,30,27,3,0,0.9,27,2,1,9.592999999999847,0.3197666666666616,1.0764949324997795,95.40700000000015,1,2025-10-22,2025-10-22,59,54,5,0,0.9152542372881356,54,5,0,20.0,0.3389830508474576,1.08,90.0,1,2026-01-08,2026-01-08,89,81,8,0,0.9101123595505618,81,7,1,29.592999999999847,0.33250561797752637,1.0788291108050725,150.40700000000015,1,2025-10-22,2025-10-22,5.0,-1000000000.0,4.592999999999847,20.0,0.20118314340125482
09_10_mom_cont,th=8.0,5.0,20.0,False,3,71,57,14,0,0.8028169014084507,57,12,2,28.25499999999988,0.39795774647887155,1.1100508286432058,65.0,2,2023-02-08,2023-03-20,85,68,17,0,0.8,68,16,1,14.4399999999996,0.16988235294117177,1.0443543432854145,80.0,2,2026-03-23,2026-03-24,156,125,31,0,0.8012820512820513,125,28,3,42.69499999999948,0.2736858974358941,1.0733206824602217,80.0,2,2023-02-08,2023-03-20,-11.404999999999973,35.0,4.6599999999998545,14.4399999999996,0.19862707390647996
asia_close_10_14_largerange,"b=1.0,R>=30.0",5.0,40.0,False,3,70,61,9,0,0.8714285714285714,60,5,5,22.225999999999203,0.3175142857142743,1.0799677624785442,75.0,1,2024-04-23,2024-04-23,76,68,8,0,0.8947368421052632,68,8,0,20.0,0.2631578947368421,1.0625,90.0,1,2026-01-27,2026-01-27,146,129,17,0,0.8835616438356164,128,13,5,42.2259999999992,0.28921917808218633,1.0706194799786586,125.10700000000088,1,2024-04-23,2024-04-23,10.0,-13.559999999999945,25.78599999999915,20.0,0.17058412545060558
14_15_mom_fade,th=12.0,5.0,35.0,False,3,29,25,4,0,0.8620689655172413,25,3,1,6.483999999999924,0.2235862068965491,1.0547099125856418,55.0,2,2025-05-12,2025-05-14,55,48,7,0,0.8727272727272727,48,6,1,18.159999999999854,0.3301818181818155,1.0818608005769916,125.0,2,2026-02-05,2026-02-06,84,73,11,0,0.8690476190476191,73,9,2,24.643999999999778,0.29338095238094974,1.0724065390355972,145.0,2,2025-05-12,2025-05-14,5.0,15.0,-13.516000000000076,18.159999999999854,0.1684718614718575
asia_close_10_12_largerange,"b=1.0,R>=20.0",5.0,15.0,False,3,109,83,26,0,0.7614678899082569,83,26,0,25.0,0.22935779816513763,1.064102564102564,70.0,2,2025-10-22,2025-10-23,71,54,17,0,0.7605633802816901,54,17,0,15.0,0.2112676056338028,1.0588235294117647,50.0,2,2026-05-18,2026-05-21,180,137,43,0,0.7611111111111111,137,43,0,40.0,0.2222222222222222,1.062015503875969,80.0,2,2025-10-22,2025-10-23,0.0,20.0,5.0,15.0,0.16785602503912359
asia_close_10_16_largerange,"b=1.0,R>=20.0",12.5,25.0,False,3,160,105,55,0,0.65625,99,40,21,113.65399999999795,0.7103374999999872,1.099267984428618,195.1440000000007,3,2025-11-25,2025-12-01,110,74,36,0,0.6727272727272727,74,36,0,25.0,0.22727272727272727,1.0277777777777777,187.5,3,2026-04-10,2026-04-14,270,179,91,0,0.662962962962963,173,76,21,138.65399999999795,0.5135333333333257,1.067804086319226,232.6440000000007,3,2025-11-25,2025-12-01,-22.136999999999944,53.06699999999955,82.72399999999834,25.0,0.16188169696968802
asia_close_10_16_largerange,"b=2.0,R>=20.0",7.5,30.0,False,3,152,119,33,0,0.7828947368421053,117,22,13,95.27099999999928,0.6267828947368373,1.1210643691744648,97.5,2,2023-01-03,2023-03-20,108,87,21,0,0.8055555555555556,86,21,1,15.329999999999927,0.14194444444444376,1.0243333333333333,135.0,2,2026-04-10,2026-04-13,260,206,54,0,0.7923076923076923,203,43,14,110.6009999999992,0.4253884615384585,1.0780559584175808,172.5,2,2023-01-03,2023-03-20,-38.46399999999994,40.01399999999967,93.72099999999955,15.329999999999927,0.15136068376068035
prevday_direction_cont,th=30.0,7.5,25.0,False,3,155,117,38,0,0.7548387096774194,108,28,19,44.03600000000006,0.284103225806452,1.0560751709849574,154.96000000000004,3,2023-03-14,2023-03-22,114,88,26,0,0.7719298245614035,88,25,1,34.0,0.2982456140350877,1.0543130990415335,142.5,2,2026-02-04,2026-02-06,269,205,64,0,0.7620817843866171,196,53,20,78.03600000000006,0.2900966542750932,1.0552935833056403,154.96000000000004,3,2023-03-14,2023-03-22,18.172000000000025,51.771999999999935,-25.9079999999999,34.0,0.12929946129263692
asia_close_10_12_largerange,"b=1.0,R>=20.0",10.0,30.0,False,3,109,79,30,0,0.7247706422018348,76,22,11,28.03199999999947,0.2571743119266007,1.0379513423500257,130.0,3,2023-01-03,2023-05-04,71,54,17,0,0.7605633802816901,54,17,0,30.0,0.4225352112676056,1.0588235294117647,150.0,2,2026-04-10,2026-04-13,180,133,47,0,0.7388888888888889,130,39,11,58.03199999999947,0.3223999999999971,1.0464765382859609,202.7199999999998,3,2023-01-03,2023-05-04,-42.136999999999944,13.806999999999789,56.361999999999625,30.0,0.12822760563380026
asia_close_10_16_largerange,"b=1.0,R>=20.0",7.5,30.0,False,3,160,125,35,0,0.78125,123,24,13,86.78999999999837,0.5424374999999898,1.1031528228264968,119.0600000000004,2,2023-01-03,2023-03-20,110,89,21,0,0.8090909090909091,88,21,1,30.329999999999927,0.27572727272727204,1.048142857142857,157.5,2,2026-04-10,2026-04-13,270,214,56,0,0.7925925925925926,211,45,14,117.1199999999983,0.4337777777777715,1.0795991227241482,231.5600000000004,2,2023-01-03,2023-03-20,-37.136999999999944,55.53899999999976,68.38799999999856,30.329999999999927,0.10852141414140665
asia_close_10_16_largerange,"b=1.0,R>=20.0",10.0,25.0,False,3,160,113,47,0,0.70625,109,35,16,104.07799999999838,0.6504874999999899,1.1042777962576278,131.5600000000004,3,2025-11-25,2025-12-01,110,79,31,0,0.7181818181818181,79,31,0,15.0,0.13636363636363635,1.0193548387096774,205.0,3,2026-07-17,2026-07-21,270,192,78,0,0.7111111111111111,188,66,16,119.07799999999838,0.44102962962962367,1.0671586907332073,205.0,3,2025-11-25,2025-12-01,-27.136999999999944,33.17699999999968,98.03799999999865,15.0,0.09921144781144176
asia_close_10_14_largerange,"b=1.0,R>=20.0",7.5,50.0,False,3,128,102,26,0,0.796875,101,7,20,32.30299999999852,0.25236718749998843,1.0445337487592348,204.25700000000097,3,2023-01-03,2023-05-04,82,72,10,0,0.8780487804878049,72,10,0,40.0,0.4878048780487805,1.08,165.0,1,2026-02-19,2026-02-19,210,174,36,0,0.8285714285714286,173,17,20,72.30299999999852,0.34429999999999295,1.0590055167460979,279.25700000000097,3,2023-01-03,2023-05-04,-37.31700000000001,67.39899999999989,2.2209999999986394,40.0,0.02968843902438123
asia_close_10_12_largerange,"b=1.0,R>=30.0",5.0,40.0,False,3,58,51,7,0,0.8793103448275862,50,5,3,10.485999999999876,0.18079310344827373,1.043750547611994,90.0,1,2025-05-08,2025-05-08,65,58,7,0,0.8923076923076924,58,7,0,10.0,0.15384615384615385,1.0357142857142858,60.0,1,2026-01-27,2026-01-27,123,109,14,0,0.8861788617886179,108,12,3,20.485999999999876,0.16655284552845429,1.0394206401283872,110.40700000000015,1,2025-05-08,2025-05-08,10.0,5.0,-4.514000000000124,10.0,0.022661922451530897
asia_close_10_12_largerange,"b=1.0,R>=20.0",7.5,50.0,False,3,109,88,21,0,0.8073394495412844,87,7,15,53.05699999999888,0.486761467889898,1.088486439428556,153.16700000000083,3,2023-01-03,2023-05-04,71,62,9,0,0.8732394366197183,62,9,0,15.0,0.2112676056338028,1.0333333333333334,175.0,1,2026-02-19,2026-02-19,180,150,30,0,0.8333333333333334,149,16,15,68.05699999999888,0.37809444444443824,1.0648405211098249,245.66700000000083,3,2023-01-03,2023-05-04,-37.31700000000001,58.45899999999983,31.914999999999054,15.0,-0.007605752738661986
14_15_mom_fade,th=12.0,7.5,40.0,False,3,29,24,5,0,0.8275862068965517,24,4,1,6.483999999999924,0.2235862068965491,1.0373683118559667,61.016000000000076,2,2025-05-12,2025-05-14,55,46,9,0,0.8363636363636363,46,8,1,13.159999999999854,0.23927272727272464,1.0396576663452262,172.5,2,2026-02-05,2026-02-06,84,70,14,0,0.8333333333333334,70,12,2,19.643999999999778,0.2338571428571402,1.0388716073421504,181.01600000000008,2,2025-05-12,2025-05-14,7.5,22.5,-23.516000000000076,13.159999999999854,-0.008538493506497657
asia_close_10_16_largerange,"b=2.0,R>=30.0",5.0,30.0,False,3,83,71,12,0,0.8554216867469879,70,11,2,2.4960000000000946,0.030072289156627647,1.007179283624848,72.66699999999992,2,2024-04-23,2024-05-20,101,87,14,0,0.8613861386138614,87,14,0,15.0,0.1485148514851485,1.0357142857142858,105.0,2,2026-04-10,2026-04-13,184,158,26,0,0.8586956521739131,157,25,2,17.496000000000095,0.09508695652173964,1.0227911320924308,115.0,2,2024-04-23,2024-05-20,10.0,-52.666999999999916,45.16300000000001,15.0,-0.06065561773568612
09_10_mom_cont,th=3.0,5.0,25.0,False,3,323,253,70,0,0.7832817337461301,251,34,38,33.197000000000116,0.1027770897832821,1.027127139723932,175.0,3,2023-02-15,2023-02-21,135,113,22,0,0.837037037037037,113,21,1,34.4399999999996,0.2551111111111081,1.0649125452352224,135.0,3,2026-03-23,2026-03-25,458,366,92,0,0.7991266375545851,364,55,39,67.63699999999972,0.14767903930130943,1.0385546275585469,175.0,3,2023-02-15,2023-02-21,17.700000000000728,-67.5890000000004,83.08599999999979,34.4399999999996,-0.07476540514313651
asia_close_10_16_largerange,"b=0.0,R>=20.0",7.5,35.0,False,3,167,132,35,0,0.7904191616766467,129,20,18,40.92499999999836,0.24505988023951117,1.0437439942194846,179.0600000000004,3,2025-07-09,2025-07-15,114,95,19,0,0.8333333333333334,95,19,0,47.5,0.4166666666666667,1.0714285714285714,187.5,1,2026-01-08,2026-01-08,281,227,54,0,0.8078291814946619,224,39,18,88.42499999999836,0.3146797153024853,1.0552463923496622,304.0600000000004,3,2025-07-09,2025-07-15,-20.876999999999953,51.52800000000025,10.273999999998068,47.5,-0.08510695136418212
asia_close_10_14_largerange,"b=0.0,R>=30.0",5.0,40.0,False,3,73,63,10,0,0.863013698630137,63,5,5,26.302000000000135,0.36030136986301553,1.091105584382296,73.66700000000037,1,2024-04-23,2024-04-23,83,74,9,0,0.891566265060241,74,9,0,10.0,0.12048192771084337,1.0277777777777777,170.0,1,2026-01-27,2026-01-27,156,137,19,0,0.8782051282051282,137,14,5,36.302000000000135,0.23270512820512906,1.0559613256091434,208.66700000000037,1,2024-04-23,2024-04-23,10.0,-20.760999999999513,37.06299999999965,10.0,-0.12438790793944998
14_15_mom_fade,th=3.0,5.0,25.0,False,3,293,231,62,0,0.78839590443686,228,32,33,39.571999999999434,0.13505802047781376,1.035817566827567,256.30200000000104,3,2024-11-06,2024-11-11,129,109,20,0,0.8449612403100775,109,20,0,45.0,0.3488372093023256,1.09,110.0,2,2026-01-12,2026-01-13,422,340,82,0,0.8056872037914692,337,52,33,84.57199999999943,0.20040758293838729,1.0526987121928235,256.30200000000104,3,2024-11-06,2024-11-11,91.79100000000017,19.181000000000267,-71.400000000001,45.0,-0.13777781241045195
asia_close_10_14_largerange,"b=0.0,R>=20.0",5.0,35.0,False,3,136,117,19,0,0.8602941176470589,116,13,7,9.987999999999829,0.07344117647058698,1.0175009461865177,207.38400000000047,3,2025-07-09,2025-07-15,89,79,10,0,0.8876404494382022,79,10,0,45.0,0.5056179775280899,1.1285714285714286,180.0,1,2026-01-27,2026-01-27,225,196,29,0,0.8711111111111111,195,23,7,54.98799999999983,0.24439111111111034,1.05972334454205,352.38400000000047,3,2025-07-09,2025-07-15,6.623000000000047,58.49900000000025,-55.13400000000047,45.0,-0.20756790012484566
13_14_mom_fade,th=12.0,30.0,30.0,False,2,28,15,13,0,0.5357142857142857,8,11,9,0.8090000000001965,0.02889285714286416,1.0023985436778071,77.06799999999976,3,2024-08-05,2024-11-06,37,24,13,0,0.6486486486486487,23,12,2,331.16000000000076,8.950270270270291,1.9038456289745935,90.0,3,2026-02-02,2026-02-09,65,39,26,0,0.6,31,23,11,331.96900000000096,5.107215384615399,1.4717626528042673,90.0,3,2024-08-05,2024-11-06,-1000000000.0,-62.9409999999998,63.75,331.16000000000076,9.402350519750545
13_14_mom_fade,th=12.0,25.0,30.0,False,2,28,16,12,0,0.5714285714285714,13,10,5,43.766000000000076,1.5630714285714313,1.142426648616282,67.9409999999998,3,2024-08-05,2024-11-06,37,24,13,0,0.6486486486486487,23,12,2,216.16000000000076,5.842162162162182,1.5899724337454655,90.0,3,2026-02-02,2026-02-09,65,40,25,0,0.6153846153846154,36,22,7,259.92600000000084,3.9988615384615516,1.3858312131314976,90.0,3,2024-08-05,2024-11-06,-1000000000.0,-62.9409999999998,106.70699999999988,216.16000000000076,6.739942619542643
asia_close_10_12_largerange,"b=2.0,R>=30.0",15.0,50.0,False,2,55,43,12,0,0.7818181818181819,41,4,10,268.1790000000001,4.8759818181818195,1.7568964252047614,79.89000000000033,2,2025-11-03,2025-11-05,63,51,12,0,0.8095238095238095,50,10,3,246.39999999999964,3.911111111111105,1.4851253174775043,115.0,2,2026-07-15,2026-07-21,118,94,24,0,0.7966101694915254,91,14,13,514.5789999999997,4.360838983050845,1.5968043107127603,115.0,2,2025-11-03,2025-11-05,-0.08699999999998909,-27.199999999999818,295.4659999999999,246.39999999999964,6.086394538606397
asia_close_10_12_largerange,"b=2.0,R>=30.0",15.0,40.0,False,2,55,42,13,0,0.7636363636363637,40,6,9,225.06900000000041,4.092163636363644,1.5885326234755153,80.0,2,2025-11-03,2025-11-05,63,50,13,0,0.7936507936507936,49,12,2,258.0100000000002,4.095396825396829,1.53606897984625,80.0,2,2026-07-15,2026-07-21,118,92,26,0,0.7796610169491526,89,18,11,483.07900000000063,4.09388983050848,1.5592978775627406,80.0,2,2025-11-03,2025-11-05,-0.08699999999998909,-27.199999999999818,252.35600000000022,258.0100000000002,5.981588243206894
13_14_mom_fade,th=12.0,25.0,50.0,False,2,28,18,10,0,0.6428571428571429,14,5,9,9.536000000000513,0.3405714285714469,1.0259308004394327,94.73999999999978,2,2024-09-30,2024-11-06,37,27,10,0,0.7297297297297297,25,8,4,206.0000000000009,5.567567567567592,1.4766091342371968,100.82999999999993,2,2026-02-03,2026-02-09,65,45,20,0,0.6923076923076923,39,13,13,215.53600000000142,3.3159384615384835,1.2694307772310913,100.82999999999993,2,2024-09-30,2024-11-06,-1000000000.0,-42.28099999999995,51.81700000000046,206.0000000000009,5.89806224532228
asia_close_10_12_largerange,"b=1.0,R>=50.0",15.0,40.0,False,2,23,16,7,0,0.6956521739130435,16,5,2,5.492999999999483,0.2388260869564993,1.0234236078240713,90.40700000000015,2,2025-05-08,2025-05-09,39,31,8,0,0.7948717948717948,30,6,3,207.84000000000015,5.329230769230773,1.8432669290380166,130.0,2,2026-02-19,2026-03-02,62,47,15,0,0.7580645161290323,46,11,5,213.33299999999963,3.4408548387096713,1.4435409593390105,145.40700000000015,2,2025-05-08,2025-05-09,15.0,-1000000000.0,-9.507000000000517,207.84000000000015,5.814656223325058
asia_close_10_12_largerange,"b=2.0,R>=30.0",15.0,35.0,False,2,55,40,15,0,0.7272727272727273,38,11,6,122.07900000000063,2.2196181818181935,1.268061587917808,110.0,3,2025-11-21,2025-12-02,63,49,14,0,0.7777777777777778,49,13,1,278.6999999999998,4.4238095238095205,1.6107823800131487,70.0,2,2026-04-10,2026-04-13,118,89,29,0,0.7542372881355932,87,24,7,400.77900000000045,3.396432203389834,1.4395885113094682,110.0,3,2025-11-21,2025-12-02,-0.08699999999998909,-27.199999999999818,149.36600000000044,278.6999999999998,5.388336965294594
asia_close_10_12_largerange,"b=2.0,R>=30.0",15.0,30.0,False,2,55,40,15,0,0.7272727272727273,38,13,4,169.6860000000006,3.085200000000011,1.4160938875497495,90.0,3,2025-11-21,2025-12-02,63,46,17,0,0.7301587301587301,46,17,0,180.0,2.857142857142857,1.3529411764705883,90.0,3,2026-04-10,2026-04-14,118,86,32,0,0.7288135593220338,84,30,4,349.6860000000006,2.9634406779661067,1.3810016702858017,150.0,3,2025-11-21,2025-12-02,-0.08699999999998909,-30.0,199.7730000000006,180.0,4.092012106537536
14_15_mom_cont,th=15.0,15.0,40.0,False,2,18,13,5,0,0.7222222222222222,13,3,2,20.18000000000029,1.1211111111111274,1.1154330168172997,80.0,2,2025-12-29,2025-12-30,42,33,9,0,0.7857142857142857,33,8,1,139.13999999999942,3.312857142857129,1.3909964592817377,100.0,2,2026-02-02,2026-02-10,60,46,14,0,0.7666666666666667,46,11,3,159.3199999999997,2.6553333333333287,1.300218587472676,135.0,2,2025-12-29,2025-12-30,-1000000000.0,30.0,-9.819999999999709,139.13999999999942,4.041761904761893
09_10_mom_fade,th=8.0,12.5,40.0,False,2,71,50,21,0,0.704225352112676,43,8,20,14.947000000000571,0.21052112676057141,1.0274719619469135,167.1800000000003,3,2025-10-24,2025-10-28,85,69,16,0,0.8117647058823529,69,13,3,319.3599999999997,3.7571764705882313,1.5879883639577264,82.5,2,2026-03-18,2026-03-19,156,119,37,0,0.7628205128205128,112,21,23,334.30700000000024,2.1429935897435914,1.3074873392922515,167.1800000000003,3,2025-10-24,2025-10-28,-13.304000000000087,46.858000000001084,-18.607000000000426,319.3599999999997,3.6872218250377062
asia_close_10_16_largerange,"b=1.0,R>=30.0",12.5,50.0,False,2,86,65,21,0,0.7558139534883721,63,7,16,190.35599999999863,2.2134418604651005,1.318413186423494,118.63000000000102,3,2025-11-25,2025-12-01,103,85,18,0,0.8252427184466019,84,14,5,281.23,2.730388349514563,1.3656611623976076,201.42999999999984,3,2026-07-17,2026-07-21,189,150,39,0,0.7936507936507936,147,21,21,471.58599999999865,2.495164021164014,1.3449972090682225,201.42999999999984,3,2025-11-25,2025-12-01,-1.259999999999991,-79.03999999999996,270.6559999999986,281.23,3.4574981959212963
asia_close_10_12_largerange,"b=1.0,R>=30.0",12.5,50.0,False,2,58,45,13,0,0.7758620689655172,44,5,9,151.68599999999947,2.6152758620689562,1.3806643796254219,99.39000000000033,2,2025-11-03,2025-11-05,65,53,12,0,0.8153846153846154,53,10,2,156.02999999999975,2.4004615384615344,1.3080735285406828,150.0,2,2026-07-15,2026-07-21,123,98,25,0,0.7967479674796748,97,15,11,307.7159999999992,2.5017560975609694,1.34003759336182,150.0,2,2025-11-03,2025-11-05,-1.259999999999991,-26.289999999999964,179.23599999999942,156.02999999999975,3.401986866791737
asia_close_10_14_largerange,"b=1.0,R>=50.0",12.5,50.0,False,2,27,21,6,0,0.7777777777777778,21,4,2,9.113000000000284,0.33751851851852904,1.035964749572789,165.88699999999972,3,2025-11-21,2025-12-15,44,36,8,0,0.8181818181818182,36,6,2,143.52999999999975,3.262045454545449,1.4683329526544184,137.5,2,2026-02-19,2026-03-02,71,57,14,0,0.8028169014084507,57,10,4,152.64300000000003,2.1499014084507047,1.272646407922023,203.38699999999972,3,2025-11-21,2025-12-15,12.5,-1000000000.0,-3.3869999999997162,143.52999999999975,3.3741501357234296
asia_close_10_12_largerange,"b=2.0,R>=30.0",12.5,50.0,False,2,55,43,12,0,0.7818181818181819,42,4,9,170.8489999999997,3.106345454545449,1.482196582692187,97.39000000000033,2,2025-11-03,2025-11-05,63,51,12,0,0.8095238095238095,51,10,2,129.58999999999924,2.0569841269841147,1.2551436278080743,137.5,2,2026-07-15,2026-07-21,118,94,24,0,0.7966101694915254,93,14,11,300.43899999999894,2.546093220338974,1.3484465753678843,137.5,2,2025-11-03,2025-11-05,-2.586999999999989,-27.199999999999818,200.6359999999995,129.58999999999924,3.2995852838310316
asia_close_10_16_largerange,"b=1.0,R>=30.0",12.5,40.0,False,2,86,64,22,0,0.7441860465116279,62,9,15,179.74599999999896,2.0900697674418485,1.3016191308812821,126.74000000000069,3,2025-11-25,2025-12-01,103,82,21,0,0.7961165048543689,81,18,4,262.30999999999995,2.5466990291262133,1.3495043436550658,162.8499999999999,3,2026-07-17,2026-07-21,189,146,43,0,0.7724867724867724,143,27,19,442.0559999999989,2.3389206349206293,1.3283105216133888,162.8499999999999,3,2025-11-25,2025-12-01,-1.259999999999991,-69.03999999999996,250.0459999999989,262.30999999999995,3.2865701494837363
asia_close_10_12_largerange,"b=2.0,R>=30.0",12.5,40.0,False,2,55,42,13,0,0.7636363636363637,41,6,8,130.23900000000003,2.3679818181818186,1.3405617848252203,80.0,2,2025-11-03,2025-11-05,63,50,13,0,0.7936507936507936,50,12,1,143.69999999999982,2.280952380952378,1.298566382713484,87.5,2,2026-07-15,2026-07-21,118,92,26,0,0.7796610169491526,91,18,9,273.93899999999985,2.321516949152541,1.317160342887311,92.5,2,2025-11-03,2025-11-05,-2.586999999999989,-27.199999999999818,160.02599999999984,143.69999999999982,3.27699313962873
asia_close_10_12_largerange,"b=2.0,R>=40.0",15.0,40.0,False,2,34,26,8,0,0.7647058823529411,24,4,6,150.00900000000047,4.41202941176472,1.6897472917547982,54.26999999999998,2,2025-05-08,2025-05-13,51,38,13,0,0.7450980392156863,37,12,2,78.01000000000022,1.5296078431372593,1.1620818616247666,101.30000000000018,2,2026-07-15,2026-07-21,85,64,21,0,0.7529411764705882,61,16,8,228.0190000000007,2.6825764705882436,1.3263082726565014,101.30000000000018,2,2025-05-08,2025-05-13,-0.08699999999998909,-1000000000.0,150.09600000000046,78.01000000000022,3.2447803921568728
asia_close_10_12_largerange,"b=2.0,R>=40.0",15.0,50.0,False,2,34,27,7,0,0.7941176470588235,25,3,6,175.00900000000047,5.1473235294117785,1.8434819070386177,70.0,2,2025-11-03,2025-11-05,51,39,12,0,0.7647058823529411,38,10,3,66.39999999999964,1.3019607843137184,1.1307318225669893,145.0,2,2026-07-15,2026-07-21,85,66,19,0,0.7764705882352941,63,13,9,241.4090000000001,2.8401058823529426,1.3374490141097073,145.0,2,2025-11-03,2025-11-05,-0.08699999999998909,-1000000000.0,175.09600000000046,66.39999999999964,3.2010862745098017
asia_close_10_12_largerange,"b=2.0,R>=40.0",15.0,35.0,False,2,34,25,9,0,0.7352941176470589,23,6,5,99.27900000000045,2.9199705882353073,1.392075477659215,105.0,3,2025-04-23,2025-05-13,51,37,14,0,0.7254901960784313,37,13,1,98.69999999999982,1.9352941176470553,1.2163050624589082,81.30000000000018,2,2026-04-10,2026-04-13,85,62,23,0,0.7294117647058823,60,19,6,197.97900000000027,2.329164705882356,1.2790346631637999,105.0,3,2025-04-23,2025-05-13,-0.08699999999998909,-1000000000.0,99.36600000000044,98.69999999999982,3.086811764705884
asia_close_10_12_largerange,"b=1.0,R>=30.0",12.5,40.0,False,2,58,44,14,0,0.7586206896551724,43,7,8,121.0759999999998,2.087517241379307,1.2906379699798596,107.5,2,2025-11-03,2025-11-05,65,51,14,0,0.7846153846153846,51,12,2,151.02999999999975,2.3235384615384578,1.3104610767364888,127.5,2,2026-07-15,2026-07-21,123,95,28,0,0.7723577235772358,94,19,10,272.10599999999954,2.212243902439021,1.3013165281925718,160.0,2,2025-11-03,2025-11-05,-1.259999999999991,-26.289999999999964,148.62599999999975,151.02999999999975,3.0540131332082496
asia_close_10_12_largerange,"b=2.0,R>=30.0",12.5,35.0,False,2,55,41,14,0,0.7454545454545455,40,10,5,79.74900000000025,1.4499818181818227,1.1896915897187066,115.0,2,2025-04-23,2025-05-02,63,49,14,0,0.7777777777777778,49,13,1,156.19999999999982,2.4793650793650763,1.3423186500109572,82.5,2,2026-04-10,2026-04-13,118,90,28,0,0.7627118644067796,89,23,6,235.94900000000007,1.9995677966101701,1.2691288150981963,115.0,2,2025-04-23,2025-05-02,-2.586999999999989,-27.199999999999818,109.53600000000006,156.19999999999982,3.0092503362927085
asia_close_10_16_largerange,"b=1.0,R>=30.0",12.5,35.0,False,2,86,63,23,0,0.7325581395348837,61,16,9,101.8959999999995,1.1848372093023198,1.1540874083416117,144.0600000000004,3,2025-11-25,2025-12-01,103,80,23,0,0.7766990291262136,79,21,3,227.48000000000002,2.2085436893203885,1.2991780101269153,180.3499999999999,3,2026-07-17,2026-07-21,189,143,46,0,0.7566137566137566,140,37,12,329.3759999999995,1.7427301587301562,1.23168783592436,180.3499999999999,3,2025-11-25,2025-12-01,-1.259999999999991,-70.48000000000002,173.6359999999995,227.48000000000002,2.4863020033903505
asia_close_10_12_largerange,"b=1.0,R>=30.0",12.5,35.0,False,2,58,43,15,0,0.7413793103448276,42,11,5,71.9860000000001,1.2411379310344846,1.1588474260608992,102.5,2,2025-04-23,2025-05-02,65,50,15,0,0.7692307692307693,50,14,1,133.69999999999982,2.056923076923074,1.2721351516385095,117.5,2,2026-04-10,2026-04-13,123,93,30,0,0.7560975609756098,92,25,6,205.68599999999992,1.6722439024390237,1.2177776695462144,135.0,2,2025-04-23,2025-05-02,-1.259999999999991,-26.289999999999964,99.53600000000006,133.69999999999982,2.4307054409005606
asia_close_10_12_largerange,"b=1.0,R>=50.0",15.0,30.0,False,2,23,15,8,0,0.6521739130434783,15,7,1,5.899999999999636,0.256521739130419,1.0269283432222713,75.0,3,2025-04-23,2025-05-09,39,28,11,0,0.717948717948718,28,11,0,90.0,2.3076923076923075,1.2727272727272727,120.0,2,2026-02-19,2026-03-02,62,43,19,0,0.6935483870967742,43,18,1,95.89999999999964,1.5467741935483812,1.1746494263340004,165.0,3,2025-04-23,2025-05-09,15.0,-1000000000.0,-9.100000000000364,90.0,2.370620347394535
asia_close_10_16_largerange,"b=1.0,R>=30.0",12.5,30.0,False,2,86,63,23,0,0.7325581395348837,61,18,7,173.59299999999962,2.018523255813949,1.2944300276463296,119.0600000000004,3,2025-11-25,2025-12-01,103,77,26,0,0.7475728155339806,76,26,1,170.32999999999993,1.6536893203883487,1.2183717948717947,175.0,3,2026-04-10,2026-04-14,189,140,49,0,0.7407407407407407,137,44,8,343.92299999999955,1.8196984126984104,1.2511138369877113,175.0,3,2025-11-25,2025-12-01,-1.259999999999991,-64.19000000000005,239.04299999999967,170.32999999999993,2.2965430728925846
asia_close_10_12_largerange,"b=2.0,R>=40.0",15.0,30.0,False,2,34,25,9,0,0.7352941176470589,23,7,4,124.6860000000006,3.6672352941176647,1.5473317325630938,90.0,3,2025-04-23,2025-05-13,51,35,16,0,0.6862745098039216,35,16,0,45.0,0.8823529411764706,1.09375,105.0,2,2026-03-10,2026-03-12,85,60,25,0,0.7058823529411765,58,23,4,169.6860000000006,1.9963058823529483,1.2397348429727322,107.7199999999998,3,2025-04-23,2025-05-13,-0.08699999999998909,-1000000000.0,124.7730000000006,45.0,2.222042352941184
asia_close_10_12_largerange,"b=2.0,R>=30.0",15.0,25.0,False,2,55,37,18,0,0.6727272727272727,35,17,3,92.4060000000004,1.6801090909090983,1.2099721191491692,105.0,3,2025-11-03,2025-11-07,63,42,21,0,0.6666666666666666,42,21,0,105.0,1.6666666666666667,1.2,95.0,3,2026-04-10,2026-04-14,118,79,39,0,0.6694915254237288,77,38,3,197.4060000000004,1.672932203389834,1.2045473620512974,155.0,3,2025-11-03,2025-11-07,-0.08699999999998909,-25.0,117.4930000000004,105.0,2.196265536723167
asia_close_10_16_largerange,"b=1.0,R>=30.0",10.0,50.0,False,2,86,66,20,0,0.7674418604651163,65,6,15,102.33599999999865,1.1899534883720773,1.186803498184643,126.13000000000102,3,2025-11-25,2025-12-01,103,87,16,0,0.8446601941747572,86,12,5,191.23000000000002,1.856601941747573,1.2858018233447917,153.92999999999984,3,2026-07-17,2026-07-21,189,153,36,0,0.8095238095238095,151,18,20,293.56599999999867,1.5532592592592522,1.241235505498685,153.92999999999984,3,2025-11-25,2025-12-01,-3.759999999999991,-77.05999999999995,183.15599999999858,191.23000000000002,2.173700230133039
10_11_mom_cont,th=12.0,15.0,30.0,False,2,32,21,11,0,0.65625,20,9,3,11.632999999999356,0.3635312499999799,1.0400355167654942,75.0,2,2025-10-28,2025-10-29,35,25,10,0,0.7142857142857143,25,10,0,75.0,2.142857142857143,1.25,75.0,2,2026-02-09,2026-02-18,67,46,21,0,0.6865671641791045,45,19,3,86.63299999999936,1.293029850746259,1.1466946172068526,120.0,2,2025-10-28,2025-10-29,-1000000000.0,15.0,-3.367000000000644,75.0,2.12445842217483
asia_close_10_12_largerange,"b=2.0,R>=30.0",12.5,30.0,False,2,55,41,14,0,0.7454545454545455,40,12,3,122.35600000000022,2.2246545454545497,1.3238584780059668,95.0,2,2025-04-23,2025-05-02,63,46,17,0,0.7301587301587301,46,17,0,65.0,1.0317460317460319,1.1274509803921569,125.0,3,2026-04-10,2026-04-14,118,87,31,0,0.7372881355932204,86,29,3,187.35600000000022,1.5877627118644086,1.2110323527523439,147.5,3,2026-04-10,2026-04-14,-2.586999999999989,-30.0,154.9430000000002,65.0,1.8086357277374248
asia_close_10_16_largerange,"b=0.0,R>=30.0",10.0,50.0,False,2,89,66,23,0,0.7415730337078652,65,6,18,44.32499999999982,0.4980337078651665,1.0729115947941201,174.6900000000005,3,2024-04-19,2024-05-20,107,91,16,0,0.8504672897196262,91,14,2,203.52999999999975,1.902149532710278,1.288094328138491,140.0,1,2026-01-08,2026-01-08,196,157,39,0,0.8010204081632653,156,20,20,247.85499999999956,1.26456632653061,1.1885692157170047,204.6900000000005,3,2024-04-19,2024-05-20,-2.4600000000000364,-104.19099999999935,150.9759999999992,203.52999999999975,1.806261092885748
asia_close_10_16_largerange,"b=1.0,R>=30.0",10.0,40.0,False,2,86,65,21,0,0.7558139534883721,64,8,14,84.22599999999898,0.9793720930232439,1.151502778192491,134.2400000000007,3,2025-11-25,2025-12-01,103,84,19,0,0.8155339805825242,83,16,4,159.80999999999995,1.5515533980582519,1.2383374097715205,135.3499999999999,3,2026-07-17,2026-07-21,189,149,40,0,0.7883597883597884,147,24,18,244.03599999999892,1.2911957671957615,1.198976401129431,135.3499999999999,3,2025-11-25,2025-12-01,-3.759999999999991,-67.05999999999995,155.0459999999989,159.80999999999995,1.7962724662248877
10_11_mom_cont,th=8.0,10.0,35.0,False,2,100,71,29,0,0.71,67,14,19,3.9430000000018026,0.03943000000001803,1.0058643917050787,84.39599999999928,3,2024-09-23,2024-10-07,58,48,10,0,0.8275862068965517,48,10,0,130.0,2.2413793103448274,1.3714285714285714,100.0,2,2026-04-01,2026-04-02,158,119,39,0,0.7531645569620253,115,24,19,133.9430000000018,0.8477405063291253,1.1310131528625371,100.0,3,2024-09-23,2024-10-07,-13.227999999999838,-29.76199999999926,46.9330000000009,130.0,1.768430161501539
10_11_mom_cont,th=12.0,7.5,40.0,False,2,32,27,5,0,0.84375,27,5,0,2.5,0.078125,1.0125,65.0,1,2025-04-10,2025-04-10,35,30,5,0,0.8571428571428571,30,4,1,64.06999999999971,1.8305714285714203,1.398123407692783,100.0,2,2026-04-01,2026-04-02,67,57,10,0,0.8507462686567164,57,9,1,66.56999999999971,0.9935820895522345,1.1844401961599194,100.0,2,2026-04-01,2026-04-02,-1000000000.0,7.5,-5.0,64.06999999999971,1.7088678038379446
asia_close_10_16_largerange,"b=0.0,R>=30.0",10.0,40.0,False,2,89,65,24,0,0.7303370786516854,64,9,16,23.24499999999989,0.26117977528089764,1.037552018713813,172.80000000000018,3,2024-04-19,2024-05-20,107,88,19,0,0.822429906542056,88,17,2,193.52999999999975,1.8086915887850443,1.2819205500604538,140.0,2,2026-08-10,2026-08-11,196,153,43,0,0.7806122448979592,152,26,18,216.77499999999964,1.1059948979591818,1.1660502896257152,232.80000000000018,3,2024-04-19,2024-05-20,-2.4600000000000364,-94.19099999999935,119.89599999999928,193.52999999999975,1.544740692351704
09_10_mom_cont,th=5.0,5.0,50.0,False,2,173,138,35,0,0.7976878612716763,136,3,34,15.619000000001506,0.09028323699422836,1.023475886076047,172.0029999999997,3,2023-07-11,2023-10-16,111,104,7,0,0.9369369369369369,104,6,1,214.4399999999996,1.9318918918918884,1.7017934284592202,95.0,1,2026-01-19,2026-01-19,284,242,42,0,0.852112676056338,240,9,35,230.0590000000011,0.8100669014084546,1.2369590093945617,172.0029999999997,3,2023-07-11,2023-10-16,-36.780999999999494,-109.30699999999933,161.70700000000033,214.4399999999996,1.4320068473543994
asia_close_10_12_largerange,"b=1.0,R>=30.0",12.5,30.0,False,2,58,43,15,0,0.7413793103448276,42,13,3,118.68300000000022,2.046258620689659,1.2919774650659326,82.5,2,2025-04-23,2025-05-02,65,47,18,0,0.7230769230769231,47,18,0,47.5,0.7307692307692307,1.087962962962963,150.0,3,2026-04-10,2026-04-14,123,90,33,0,0.7317073170731707,89,31,3,166.18300000000022,1.3510813008130098,1.175580043952329,195.0,3,2026-04-10,2026-04-14,-1.259999999999991,-30.0,149.9430000000002,47.5,1.326465916197625
asia_close_10_12_largerange,"b=1.0,R>=30.0",10.0,50.0,False,2,58,45,13,0,0.7758620689655172,44,5,9,41.68599999999947,0.7187241379310253,1.1046133151976134,133.46700000000055,2,2025-11-03,2025-11-05,65,54,11,0,0.8307692307692308,54,9,2,83.52999999999975,1.2850769230769192,1.1829912151948643,150.0,2,2026-07-15,2026-07-21,123,99,24,0,0.8048780487804879,98,14,11,125.21599999999921,1.0180162601625953,1.1464605408288457,173.46700000000055,2,2025-11-03,2025-11-05,-3.759999999999991,-26.289999999999964,71.73599999999942,83.52999999999975,1.3136207217010536
asia_close_10_12_largerange,"b=2.0,R>=30.0",10.0,50.0,False,2,55,43,12,0,0.7818181818181819,42,4,9,65.8489999999997,1.19725454545454,1.1858492749369194,114.89000000000033,2,2025-11-03,2025-11-05,63,52,11,0,0.8253968253968254,52,9,2,62.089999999999236,0.9855555555555434,1.1355943307636853,110.0,2,2026-07-15,2026-07-21,118,95,23,0,0.8050847457627118,94,13,11,127.93899999999894,1.084228813559313,1.1575168918918903,154.9070000000006,2,2025-11-03,2025-11-05,-5.086999999999989,-27.199999999999818,98.13599999999951,62.089999999999236,1.2671925913370836
asia_close_10_16_largerange,"b=2.0,R>=30.0",10.0,50.0,False,2,83,65,18,0,0.7831325301204819,64,6,13,101.33199999999943,1.2208674698795112,1.1880589646846587,124.89000000000033,3,2025-11-25,2025-12-01,101,84,17,0,0.8316831683168316,83,13,5,109.78999999999951,1.0870297029702922,1.1523718322369327,213.92999999999984,3,2026-07-17,2026-07-21,184,149,35,0,0.8097826086956522,147,19,18,211.12199999999893,1.1474021739130378,1.1676408302239758,213.92999999999984,3,2025-11-25,2025-12-01,-5.086999999999989,-84.03699999999981,190.45599999999922,109.78999999999951,1.263057025398184
asia_close_10_12_largerange,"b=2.0,R>=30.0",10.0,40.0,False,2,55,42,13,0,0.7636363636363637,41,6,8,27.739000000000033,0.5043454545454551,1.072534673556053,93.01700000000028,2,2025-11-03,2025-11-05,63,51,12,0,0.8095238095238095,51,11,1,68.69999999999982,1.0904761904761875,1.1556764106050301,101.30000000000018,2,2026-07-15,2026-07-21,118,93,25,0,0.788135593220339,92,17,9,96.43899999999985,0.8172796610169479,1.117076836416081,101.30000000000018,2,2025-11-03,2025-11-05,-5.086999999999989,-27.199999999999818,60.02599999999984,68.69999999999982,1.1599177562550413
asia_close_10_16_largerange,"b=2.0,R>=30.0",10.0,40.0,False,2,83,64,19,0,0.7710843373493976,63,8,12,83.22199999999975,1.0026746987951778,1.1521590080100041,107.68000000000029,3,2025-11-25,2025-12-01,101,82,19,0,0.8118811881188119,81,17,3,104.98000000000002,1.0394059405940597,1.1488339122421494,205.3499999999999,3,2026-07-17,2026-07-21,184,146,38,0,0.7934782608695652,144,25,15,188.20199999999977,1.022836956521738,1.1502861555341368,205.3499999999999,3,2025-11-25,2025-12-01,-5.086999999999989,-74.03699999999981,162.34599999999955,104.98000000000002,1.1318399268187678
10_11_mom_cont,th=8.0,12.5,30.0,False,2,100,65,35,0,0.65,57,19,24,16.720000000000937,0.16720000000000937,1.0229553660914108,120.82699999999977,3,2024-09-23,2024-10-07,58,43,15,0,0.7413793103448276,43,15,0,87.5,1.5086206896551724,1.1944444444444444,82.5,2,2026-04-01,2026-04-02,158,108,50,0,0.6835443037974683,100,34,24,104.22000000000094,0.6596202531645629,1.0884442068280769,143.32699999999977,3,2024-09-23,2024-10-07,-3.9880000000000564,-50.38899999999876,71.09699999999975,87.5,1.1272765979921495
asia_close_10_16_largerange,"b=1.0,R>=30.0",10.0,30.0,False,2,86,64,22,0,0.7441860465116279,63,17,6,70.57299999999964,0.8206162790697632,1.1261155488840036,126.5600000000004,3,2025-11-25,2025-12-01,103,80,23,0,0.7766990291262136,79,23,1,100.32999999999993,0.9740776699029119,1.145405797101449,180.0,3,2026-07-17,2026-07-21,189,144,45,0,0.7619047619047619,142,40,7,170.90299999999957,0.904248677248675,1.1367672596611684,180.0,3,2025-11-25,2025-12-01,-3.759999999999991,-62.210000000000036,136.54299999999967,100.32999999999993,1.031287512200131
asia_close_10_12_largerange,"b=1.0,R>=30.0",10.0,40.0,False,2,58,44,14,0,0.7586206896551724,43,7,8,13.575999999999794,0.23406896551723783,1.0325886309462364,111.57700000000023,2,2025-11-03,2025-11-05,65,52,13,0,0.8,52,11,2,73.52999999999975,1.1312307692307653,1.1646919165901397,100.0,2,2026-07-15,2026-07-21,123,96,27,0,0.7804878048780488,95,18,10,87.10599999999954,0.7081788617886141,1.1009272852198633,151.57700000000023,2,2025-11-03,2025-11-05,-3.759999999999991,-26.289999999999964,43.62599999999975,73.52999999999975,0.9706402464039964
asia_close_10_16_largerange,"b=2.0,R>=30.0",10.0,30.0,False,2,83,63,20,0,0.7590361445783133,62,17,4,74.6890000000003,0.8998674698795217,1.1369249496767955,110.0,3,2025-11-25,2025-12-01,101,78,23,0,0.7722772277227723,77,23,1,80.32999999999993,0.7953465346534646,1.1164202898550724,200.0,3,2026-07-17,2026-07-21,184,141,43,0,0.7663043478260869,139,40,5,155.01900000000023,0.8424945652173925,1.1254733001261057,200.0,3,2025-11-25,2025-12-01,-5.086999999999989,-67.66699999999992,147.4430000000002,80.32999999999993,0.8401678325441247
asia_close_10_12_largerange,"b=1.0,R>=40.0",12.5,50.0,False,2,37,29,8,0,0.7837837837837838,28,4,5,94.00600000000009,2.540702702702705,1.3669858719457213,100.0,2,2025-11-03,2025-11-05,53,41,12,0,0.7735849056603774,41,10,2,6.029999999999745,0.11377358490565558,1.011905937172981,175.0,2,2026-07-15,2026-07-21,90,70,20,0,0.7777777777777778,69,14,7,100.03599999999983,1.1115111111111093,1.13117290628315,187.5,2,2025-11-03,2025-11-05,-1.259999999999991,-1000000000.0,95.26600000000008,6.029999999999745,0.7933979035639371
14_15_mom_cont,th=15.0,20.0,50.0,False,2,18,12,6,0,0.6666666666666666,10,3,5,9.034000000000106,0.5018888888888947,1.0423602449523137,100.0,2,2025-12-29,2025-12-30,42,29,13,0,0.6904761904761905,29,9,4,34.56999999999971,0.8230952380952312,1.0633811854866797,174.30000000000018,2,2026-02-26,2026-03-03,60,41,19,0,0.6833333333333333,39,12,9,43.603999999999814,0.7267333333333302,1.0574722945685753,174.30000000000018,2,2025-12-29,2025-12-30,-1000000000.0,34.44999999999982,-25.415999999999713,34.56999999999971,0.7896809523809455
asia_close_10_16_largerange,"b=0.0,R>=30.0",10.0,30.0,False,2,89,64,25,0,0.7191011235955056,63,18,8,16.521999999999935,0.18564044943820152,1.0268331462927804,156.5600000000004,3,2024-04-19,2024-05-20,107,83,24,0,0.7757009345794392,83,24,0,110.0,1.02803738317757,1.1527777777777777,150.0,3,2026-08-10,2026-08-12,196,147,49,0,0.75,146,42,8,126.52199999999993,0.645520408163265,1.0947211676602548,216.5600000000004,3,2024-04-19,2024-05-20,-2.4600000000000364,-90.18099999999959,109.16299999999956,110.0,0.726419099752049
asia_close_10_12_largerange,"b=0.0,R>=30.0",10.0,50.0,False,2,62,47,15,0,0.7580645161290323,46,5,11,17.475000000000364,0.2818548387096833,1.0392892634078132,159.70700000000033,3,2025-11-20,2025-11-25,70,58,12,0,0.8285714285714286,58,10,2,73.52999999999975,1.0504285714285677,1.145181353288447,190.0,1,2026-02-04,2026-02-04,132,105,27,0,0.7954545454545454,104,15,13,91.00500000000011,0.689431818181819,1.0956690579112913,249.70700000000033,3,2025-11-20,2025-11-25,-2.4600000000000364,-27.650999999999385,47.585999999999785,73.52999999999975,0.7152321038961023
10_11_mom_cont,th=8.0,10.0,30.0,False,2,100,70,30,0,0.7,66,17,17,7.330000000001519,0.07330000000001519,1.0111233186034112,130.52299999999968,3,2024-09-23,2024-10-07,58,45,13,0,0.7758620689655172,45,13,0,60.0,1.0344827586206897,1.1538461538461537,90.0,2,2026-04-01,2026-04-02,158,115,43,0,0.7278481012658228,111,30,17,67.33000000000152,0.4261392405063387,1.0641864065526776,130.52299999999968,3,2024-09-23,2024-10-07,-8.227999999999838,-30.631999999999152,46.19000000000051,60.0,0.6823346198166842
asia_close_10_16_largerange,"b=1.0,R>=30.0",12.5,25.0,False,2,86,59,27,0,0.686046511627907,57,24,5,80.65299999999957,0.9378255813953438,1.1275085766682995,106.5600000000004,3,2025-11-03,2025-11-07,103,70,33,0,0.6796116504854369,70,33,0,50.0,0.4854368932038835,1.0606060606060606,162.5,3,2026-04-10,2026-04-14,189,129,60,0,0.6825396825396826,127,57,5,130.65299999999957,0.691285714285712,1.0896400074097956,162.5,3,2025-11-03,2025-11-07,-1.259999999999991,-49.190000000000055,131.1029999999996,50.0,0.6090041608876537
asia_close_10_12_largerange,"b=1.0,R>=40.0",12.5,40.0,False,2,37,28,9,0,0.7567567567567568,27,5,5,81.50600000000009,2.202864864864867,1.3181876739655762,80.0,2,2025-11-03,2025-11-05,53,39,14,0,0.7358490566037735,39,12,2,1.0299999999997453,0.019433962264146138,1.0021172939749619,152.5,2,2026-07-15,2026-07-21,90,67,23,0,0.7444444444444445,66,17,7,82.53599999999983,0.9170666666666648,1.1111405860546408,170.0,2,2025-11-03,2025-11-05,-1.259999999999991,-1000000000.0,82.76600000000008,1.0299999999997453,0.5867836477987378
10_11_mom_cont,th=8.0,5.0,30.0,False,2,100,82,18,0,0.82,82,10,8,8.329000000001088,0.08329000000001088,1.0207358758785203,93.32699999999977,2,2025-08-08,2025-08-12,58,51,7,0,0.8793103448275862,51,7,0,45.0,0.7758620689655172,1.2142857142857142,70.0,1,2026-02-02,2026-02-02,158,133,25,0,0.8417721518987342,133,17,8,53.32900000000109,0.3375253164557031,1.0871857583570272,93.32699999999977,2,2025-08-08,2025-08-12,-5.266999999999825,32.57600000000048,-18.979999999999563,45.0,0.5388023509384622
asia_close_10_12_largerange,"b=2.0,R>=40.0",12.5,35.0,False,2,34,25,9,0,0.7352941176470589,24,6,4,46.94900000000007,1.3808529411764727,1.1854123389701994,105.0,3,2025-04-23,2025-05-13,51,37,14,0,0.7254901960784313,37,13,1,6.199999999999818,0.12156862745097682,1.01358755204909,107.5,2,2026-04-10,2026-04-13,85,62,23,0,0.7294117647058823,61,19,5,53.14899999999989,0.6252823529411752,1.0749090222321194,107.5,3,2025-04-23,2025-05-13,-2.586999999999989,-1000000000.0,49.53600000000006,6.199999999999818,0.47106666666666364
asia_close_10_12_largerange,"b=2.0,R>=30.0",10.0,30.0,False,2,55,41,14,0,0.7454545454545455,40,12,3,22.356000000000222,0.4064727272727313,1.059173069847833,100.0,2,2025-04-23,2025-05-02,63,48,15,0,0.7619047619047619,48,15,0,30.0,0.47619047619047616,1.0666666666666667,120.0,2,2026-04-10,2026-04-13,118,89,29,0,0.7542372881355932,88,27,3,52.35600000000022,0.44369491525423915,1.0632466263271514,120.0,2,2025-04-23,2025-05-02,-5.086999999999989,-30.0,57.44300000000021,30.0,0.44179015334947724
asia_close_10_16_largerange,"b=1.0,R>=30.0",10.0,35.0,False,2,86,64,22,0,0.7441860465116279,63,15,8,3.8759999999995216,0.045069767441854904,1.0061888559079137,151.5600000000004,3,2025-11-25,2025-12-01,103,81,22,0,0.7864077669902912,80,20,3,74.98000000000002,0.7279611650485439,1.103370786516854,175.3499999999999,3,2026-07-17,2026-07-21,189,145,44,0,0.7671957671957672,143,35,11,78.85599999999954,0.4172275132275108,1.058341107856621,175.3499999999999,3,2025-11-25,2025-12-01,-3.759999999999991,-68.5,76.13599999999951,74.98000000000002,0.4305080957517829
prevclose_gap_cont,th=30.0,5.0,15.0,False,2,48,39,9,0,0.8125,39,8,1,71.79999999999973,1.4958333333333276,1.5827922077922043,35.0,2,2025-04-22,2025-04-23,85,64,21,0,0.7529411764705882,64,21,0,5.0,0.058823529411764705,1.0158730158730158,90.0,3,2026-04-01,2026-04-08,133,103,30,0,0.7744360902255639,103,29,1,76.79999999999973,0.5774436090225543,1.1752624372432672,90.0,3,2026-04-01,2026-04-08,-1000000000.0,-10.0,81.79999999999973,5.0,0.4268553737284367
asia_close_10_16_largerange,"b=2.0,R>=30.0",7.5,40.0,False,2,83,67,16,0,0.8072289156626506,66,6,11,30.941999999999553,0.3727951807228862,1.0666535981784528,91.6239999999998,2,2024-04-23,2024-05-20,101,86,15,0,0.8514851485148515,85,15,1,37.82999999999993,0.37455445544554383,1.0630499999999998,115.0,1,2026-01-08,2026-01-08,184,153,31,0,0.8315217391304348,151,21,12,68.77199999999948,0.37376086956521454,1.064621915936633,115.0,2,2024-04-23,2024-05-20,-7.586999999999989,-84.03699999999981,122.56599999999935,37.82999999999993,0.3310380972879865
asia_close_10_16_largerange,"b=1.0,R>=30.0",7.5,40.0,False,2,86,68,18,0,0.7906976744186046,67,7,12,10.13599999999883,0.11786046511626547,1.0205795824391328,94.24000000000069,2,2024-04-23,2024-05-20,103,88,15,0,0.8543689320388349,87,15,1,52.82999999999993,0.5129126213592226,1.08805,114.67000000000007,1,2026-01-08,2026-01-08,189,156,33,0,0.8253968253968254,154,22,13,62.96599999999876,0.3331534391534326,1.0576333582602524,153.91000000000076,2,2024-04-23,2024-05-20,-6.259999999999991,-77.05999999999995,93.45599999999877,52.82999999999993,0.2817897498330424
10_11_mom_fade,th=5.0,7.5,25.0,False,2,213,154,59,0,0.7230046948356808,148,36,29,27.4849999999999,0.12903755868544553,1.0250526164192395,140.0,3,2023-12-06,2024-01-16,94,74,20,0,0.7872340425531915,74,20,0,55.0,0.5851063829787234,1.11,117.5,2,2026-03-20,2026-03-23,307,228,79,0,0.742671009771987,222,56,29,82.4849999999999,0.2686807817589573,1.0516470257486892,140.0,3,2023-12-06,2024-01-16,-55.27299999999991,103.8819999999996,-21.123999999999796,55.0,0.281233973248319
asia_close_10_16_largerange,"b=2.0,R>=30.0",10.0,35.0,False,2,83,63,20,0,0.7590361445783133,62,15,6,7.082000000000335,0.0853253012048233,1.0115514915647368,130.0,3,2025-11-25,2025-12-01,101,79,22,0,0.7821782178217822,78,20,3,54.98000000000002,0.5443564356435645,1.075797890673468,205.3499999999999,3,2026-07-17,2026-07-21,184,142,42,0,0.7717391304347826,140,35,9,62.06200000000035,0.33729347826087147,1.0463692188839024,205.3499999999999,3,2025-11-25,2025-12-01,-5.086999999999989,-74.86699999999973,87.03600000000006,54.98000000000002,0.19877169608265388
asia_close_10_16_largerange,"b=2.0,R>=30.0",7.5,30.0,False,2,83,66,17,0,0.7951807228915663,65,15,3,4.9090000000001055,0.05914457831325428,1.0101687401865134,85.2539999999999,2,2024-04-23,2024-05-20,101,82,19,0,0.8118811881188119,81,19,1,37.82999999999993,0.37455445544554383,1.0663684210526314,112.5,2,2026-04-10,2026-04-13,184,148,36,0,0.8043478260869565,146,34,4,42.73900000000003,0.23227717391304364,1.040597328530692,120.0,2,2024-04-23,2024-05-20,-7.586999999999989,-77.66699999999992,90.16300000000001,37.82999999999993,0.1795544016358156
14_15_mom_fade,th=3.0,5.0,50.0,False,2,293,234,59,0,0.7986348122866894,230,3,60,8.15699999999947,0.0278395904436842,1.0071072827647736,273.1390000000006,3,2024-11-06,2024-11-11,129,117,12,0,0.9069767441860465,117,8,4,103.10000000000082,0.7992248062015568,1.213944801826107,100.0,2,2026-07-23,2026-07-27,422,351,71,0,0.8317535545023697,347,11,64,111.25700000000029,0.2636421800947874,1.0682727498103826,273.1390000000006,3,2024-11-06,2024-11-11,64.66000000000031,-42.696000000000595,-13.807000000000244,103.10000000000082,0.1169765831955647
09_10_mom_cont,th=8.0,5.0,15.0,False,2,71,54,17,0,0.7605633802816901,54,16,1,24.659999999999854,0.3473239436619698,1.100513573000733,45.340000000000146,2,2023-02-08,2023-03-20,85,64,21,0,0.7529411764705882,64,21,0,5.0,0.058823529411764705,1.0158730158730158,80.0,3,2026-04-01,2026-04-07,156,118,38,0,0.7564102564102564,118,37,1,29.659999999999854,0.1901282051282042,1.0529321483385086,80.0,3,2026-04-01,2026-04-07,-10.0,0.0,34.659999999999854,5.0,0.05953996983408655
10_11_mom_fade,th=3.0,5.0,25.0,False,2,345,272,73,0,0.7884057971014493,268,42,35,21.623000000000502,0.06267536231884203,1.016328204229793,175.0,2,2023-02-23,2023-03-13,119,101,18,0,0.8487394957983193,101,18,0,55.0,0.46218487394957986,1.1222222222222222,120.0,2,2026-06-12,2026-06-15,464,373,91,0,0.8038793103448276,369,60,35,76.6230000000005,0.16513577586207004,1.0431855751623345,175.0,2,2023-02-23,2023-03-13,-25.2349999999999,104.38199999999983,-57.52399999999943,55.0,0.046228212836859905
14_15_mom_fade,th=3.0,5.0,35.0,False,2,293,234,59,0,0.7986348122866894,230,17,46,11.137999999999693,0.03801365187713206,1.0097299327780274,249.66900000000032,3,2024-11-06,2024-11-11,129,113,16,0,0.875968992248062,113,13,3,64.57000000000062,0.5005426356589195,1.1290290350298757,120.0,2,2026-02-05,2026-02-06,422,347,75,0,0.8222748815165877,343,30,49,75.70800000000031,0.17940284360189648,1.0460190439140624,249.66900000000032,3,2024-11-06,2024-11-11,61.79100000000017,-38.53599999999983,-12.117000000000644,64.57000000000062,-0.06966383856864439
asia_close_10_12_largerange,"b=1.0,R>=30.0",10.0,30.0,False,2,58,43,15,0,0.7413793103448276,42,13,3,13.68300000000022,0.23591379310345206,1.0336621728006303,90.0,2,2025-04-23,2025-05-02,65,49,16,0,0.7538461538461538,49,16,0,10.0,0.15384615384615385,1.0208333333333333,150.0,2,2026-04-10,2026-04-13,123,92,31,0,0.7479674796747967,91,29,3,23.68300000000022,0.19254471544715626,1.0267157747495717,170.0,2,2025-04-23,2025-05-02,-3.759999999999991,-30.0,47.44300000000021,10.0,-0.07053220762976681
asia_close_10_16_largerange,"b=2.0,R>=30.0",7.5,50.0,False,2,83,68,15,0,0.8192771084337349,67,5,11,28.441999999999553,0.3426746987951753,1.059976255796347,101.6239999999998,2,2024-04-23,2024-05-20,101,88,13,0,0.8712871287128713,87,13,1,2.8299999999999272,0.0280198019801973,1.0043538461538462,155.0,1,2026-01-08,2026-01-08,184,156,28,0,0.8478260869565217,154,18,12,31.27199999999948,0.16995652173912762,1.0278165947798514,160.14700000000084,2,2024-04-23,2024-05-20,-7.586999999999989,-94.03699999999981,130.06599999999935,2.8299999999999272,-0.1363275772707754
