date,year,strategy,entry_i,exit_i,R,outcome,side
2018-01-02,2018,14:00 prev-close continuation TP30/SL25 H24,2161,3600,0.2163599999999951,TIME,LONG
2018-01-03,2018,14:00 prev-close continuation TP30/SL25 H24,3601,5040,0.1122400000000016,TIME,SHORT
2018-01-04,2018,14:00 prev-close continuation TP30/SL25 H24,5041,6480,-0.15228000000000066,TIME,SHORT
2018-01-05,2018,14:00 prev-close continuation TP30/SL25 H24,6481,7920,-0.1255199999999968,TIME,SHORT
2018-01-08,2018,14:00 prev-close continuation TP30/SL25 H24,10801,12240,-0.22307999999999992,TIME,LONG
2018-01-09,2018,14:00 prev-close continuation TP30/SL25 H24,12241,13680,-0.32427999999999885,TIME,SHORT
2018-01-10,2018,14:00 prev-close continuation TP30/SL25 H24,13681,15120,-0.15547999999999773,TIME,LONG
2018-01-11,2018,14:00 prev-close continuation TP30/SL25 H24,15121,16560,0.45435999999999693,TIME,LONG
2018-01-12,2018,14:00 prev-close continuation TP30/SL25 H24,16561,18000,0.2623999999999978,TIME,LONG
2018-01-15,2018,14:00 prev-close continuation TP30/SL25 H24,20881,22320,-0.24115999999999985,TIME,LONG
2018-01-16,2018,14:00 prev-close continuation TP30/SL25 H24,22321,23760,-0.06675999999999477,TIME,SHORT
2018-01-17,2018,14:00 prev-close continuation TP30/SL25 H24,23761,25200,0.2811999999999989,TIME,SHORT
2018-01-18,2018,14:00 prev-close continuation TP30/SL25 H24,25201,26640,0.1770799999999963,TIME,LONG
2018-01-19,2018,14:00 prev-close continuation TP30/SL25 H24,26641,28080,-0.11679999999999381,TIME,LONG
2018-01-22,2018,14:00 prev-close continuation TP30/SL25 H24,30961,32400,0.161279999999997,TIME,LONG
2018-01-23,2018,14:00 prev-close continuation TP30/SL25 H24,32401,33840,0.49199999999999816,TIME,LONG
2018-01-24,2018,14:00 prev-close continuation TP30/SL25 H24,33841,35280,0.3770400000000063,TIME,LONG
2018-01-25,2018,14:00 prev-close continuation TP30/SL25 H24,35281,36720,-0.3252400000000034,TIME,LONG
2018-01-26,2018,14:00 prev-close continuation TP30/SL25 H24,36721,38160,-0.08375999999999294,TIME,LONG
2018-01-29,2018,14:00 prev-close continuation TP30/SL25 H24,41041,42480,0.021199999999998907,TIME,SHORT
2018-01-30,2018,14:00 prev-close continuation TP30/SL25 H24,42481,43920,-0.11,TIME,LONG
2018-01-31,2018,14:00 prev-close continuation TP30/SL25 H24,43921,45360,-0.22795999999999367,TIME,LONG
2018-02-01,2018,14:00 prev-close continuation TP30/SL25 H24,45361,46800,-0.2936399999999958,TIME,SHORT
2018-02-02,2018,14:00 prev-close continuation TP30/SL25 H24,46801,48240,0.4598400000000038,TIME,SHORT
2018-02-05,2018,14:00 prev-close continuation TP30/SL25 H24,51121,52560,0.21435999999999694,TIME,LONG
2018-02-06,2018,14:00 prev-close continuation TP30/SL25 H24,52561,54000,-0.5859999999999945,TIME,LONG
2018-02-07,2018,14:00 prev-close continuation TP30/SL25 H24,54001,55440,-0.6687199999999939,TIME,LONG
2018-02-08,2018,14:00 prev-close continuation TP30/SL25 H24,55441,56880,-0.10184000000000197,TIME,SHORT
2018-02-09,2018,14:00 prev-close continuation TP30/SL25 H24,56881,58320,-0.10279999999999745,TIME,SHORT
2018-02-12,2018,14:00 prev-close continuation TP30/SL25 H24,61201,62640,0.261880000000001,TIME,LONG
2018-02-13,2018,14:00 prev-close continuation TP30/SL25 H24,62641,64080,0.12891999999999826,TIME,LONG
2018-02-14,2018,14:00 prev-close continuation TP30/SL25 H24,64081,65520,0.7996000000000003,TIME,LONG
2018-02-15,2018,14:00 prev-close continuation TP30/SL25 H24,65521,66960,0.2811999999999989,TIME,LONG
2018-02-16,2018,14:00 prev-close continuation TP30/SL25 H24,66961,68400,-0.46052000000000587,TIME,LONG
2018-02-19,2018,14:00 prev-close continuation TP30/SL25 H24,71281,72720,-0.3433600000000024,TIME,LONG
2018-02-20,2018,14:00 prev-close continuation TP30/SL25 H24,72721,74160,0.48,TIME,SHORT
2018-02-21,2018,14:00 prev-close continuation TP30/SL25 H24,74161,75600,0.17675999999999475,TIME,SHORT
2018-02-22,2018,14:00 prev-close continuation TP30/SL25 H24,75601,77040,-0.28384000000000015,TIME,SHORT
2018-02-23,2018,14:00 prev-close continuation TP30/SL25 H24,77041,78480,0.041840000000001966,TIME,SHORT
2018-02-26,2018,14:00 prev-close continuation TP30/SL25 H24,81361,82800,-0.2317199999999957,TIME,LONG
2018-02-27,2018,14:00 prev-close continuation TP30/SL25 H24,82801,84240,0.49684000000000195,TIME,SHORT
2018-02-28,2018,14:00 prev-close continuation TP30/SL25 H24,84241,85680,-0.37047999999999776,TIME,LONG
2018-03-01,2018,14:00 prev-close continuation TP30/SL25 H24,85681,87120,-0.4761200000000008,TIME,SHORT
2018-03-02,2018,14:00 prev-close continuation TP30/SL25 H24,87121,88560,-0.0017600000000038564,TIME,LONG
2018-03-05,2018,14:00 prev-close continuation TP30/SL25 H24,91441,92880,0.17399999999999635,TIME,LONG
2018-03-06,2018,14:00 prev-close continuation TP30/SL25 H24,92881,94320,0.10427999999999883,TIME,LONG
2018-03-07,2018,14:00 prev-close continuation TP30/SL25 H24,94321,95760,0.22024000000000343,TIME,SHORT
2018-03-08,2018,14:00 prev-close continuation TP30/SL25 H24,95761,97200,0.1779199999999946,TIME,SHORT
2018-03-09,2018,14:00 prev-close continuation TP30/SL25 H24,97201,98640,-0.1276800000000003,TIME,SHORT
2018-03-12,2018,Compression breakout TP15/SL15 H12,101308,102027,-0.18959999999998825,TIME,SHORT
2018-03-13,2018,14:00 prev-close continuation TP30/SL25 H24,102961,104400,-0.29200000000000725,TIME,SHORT
2018-03-14,2018,14:00 prev-close continuation TP30/SL25 H24,104401,105840,0.11867999999999483,TIME,SHORT
2018-03-15,2018,14:00 prev-close continuation TP30/SL25 H24,105841,107280,0.09195999999999913,TIME,SHORT
2018-03-16,2018,14:00 prev-close continuation TP30/SL25 H24,107281,108720,-0.25199999999999817,TIME,LONG
2018-03-19,2018,14:00 prev-close continuation TP30/SL25 H24,111601,113040,-0.029320000000006986,TIME,SHORT
2018-03-20,2018,14:00 prev-close continuation TP30/SL25 H24,113041,114480,-0.1589600000000064,TIME,SHORT
2018-03-21,2018,14:00 prev-close continuation TP30/SL25 H24,114481,115920,0.5848399999999947,TIME,LONG
2018-03-22,2018,14:00 prev-close continuation TP30/SL25 H24,115921,117360,-0.46155999999999947,TIME,SHORT
2018-03-23,2018,14:00 prev-close continuation TP30/SL25 H24,117361,118800,0.21636000000000422,TIME,LONG
2018-03-26,2018,14:00 prev-close continuation TP30/SL25 H24,121621,123060,0.015360000000000582,TIME,LONG
2018-03-27,2018,14:00 prev-close continuation TP30/SL25 H24,123061,124500,0.4427600000000075,TIME,SHORT
2018-03-28,2018,14:00 prev-close continuation TP30/SL25 H24,124501,125940,0.4715999999999985,TIME,SHORT
2018-03-29,2018,14:00 prev-close continuation TP30/SL25 H24,125941,127380,-0.010840000000007422,TIME,LONG
2018-03-30,2018,14:00 prev-close continuation TP30/SL25 H24,127381,128820,-0.04776000000000749,TIME,SHORT
2018-04-02,2018,14:00 prev-close continuation TP30/SL25 H24,131701,133140,0.14627999999999702,TIME,LONG
2018-04-03,2018,14:00 prev-close continuation TP30/SL25 H24,133141,134580,-0.2677600000000075,TIME,SHORT
2018-04-04,2018,14:00 prev-close continuation TP30/SL25 H24,134581,136020,-0.5201600000000053,TIME,LONG
2018-04-05,2018,14:00 prev-close continuation TP30/SL25 H24,136021,137460,0.2575600000000031,TIME,SHORT
2018-04-06,2018,14:00 prev-close continuation TP30/SL25 H24,137461,138900,-0.4084400000000005,TIME,SHORT
2018-04-09,2018,14:00 prev-close continuation TP30/SL25 H24,141781,143220,-0.2933600000000024,TIME,SHORT
2018-04-10,2018,14:00 prev-close continuation TP30/SL25 H24,143221,144660,-0.45640000000000325,TIME,SHORT
2018-04-11,2018,14:00 prev-close continuation TP30/SL25 H24,144661,146100,-0.051520000000000434,TIME,LONG
2018-04-12,2018,14:00 prev-close continuation TP30/SL25 H24,146101,147540,0.24635999999999514,TIME,SHORT
2018-04-13,2018,14:00 prev-close continuation TP30/SL25 H24,147541,148980,0.22971999999999754,TIME,LONG
2018-04-16,2018,14:00 prev-close continuation TP30/SL25 H24,151861,153300,0.008640000000004875,TIME,SHORT
2018-04-17,2018,14:00 prev-close continuation TP30/SL25 H24,153301,154740,-0.2915599999999995,TIME,SHORT
2018-04-18,2018,14:00 prev-close continuation TP30/SL25 H24,154741,156180,-0.11016000000000531,TIME,LONG
2018-04-19,2018,14:00 prev-close continuation TP30/SL25 H24,156181,157620,0.24823999999999613,TIME,SHORT
2018-04-20,2018,14:00 prev-close continuation TP30/SL25 H24,157621,159060,0.195600000000004,TIME,SHORT
2018-04-23,2018,14:00 prev-close continuation TP30/SL25 H24,161941,163380,0.10079999999999928,TIME,SHORT
2018-04-24,2018,14:00 prev-close continuation TP30/SL25 H24,163381,164820,-0.05055999999999585,TIME,LONG
2018-04-25,2018,14:00 prev-close continuation TP30/SL25 H24,164821,166260,-0.006159999999999855,TIME,SHORT
2018-04-26,2018,14:00 prev-close continuation TP30/SL25 H24,166261,167700,-0.20012000000000627,TIME,LONG
2018-04-27,2018,14:00 prev-close continuation TP30/SL25 H24,167701,169140,0.12344000000000051,TIME,LONG
2018-04-30,2018,14:00 prev-close continuation TP30/SL25 H24,172021,173460,0.30635999999999514,TIME,SHORT
2018-05-01,2018,14:00 prev-close continuation TP30/SL25 H24,173461,174900,-0.07652000000000043,TIME,SHORT
2018-05-02,2018,14:00 prev-close continuation TP30/SL25 H24,174901,176340,0.05592000000000553,TIME,LONG
2018-05-03,2018,14:00 prev-close continuation TP30/SL25 H24,176341,177780,-0.04568000000000211,TIME,LONG
2018-05-04,2018,14:00 prev-close continuation TP30/SL25 H24,177781,179220,-0.18988000000000282,TIME,SHORT
2018-05-07,2018,14:00 prev-close continuation TP30/SL25 H24,182101,183540,0.12192000000000007,TIME,SHORT
2018-05-08,2018,14:00 prev-close continuation TP30/SL25 H24,183541,184980,0.028320000000003346,TIME,SHORT
2018-05-09,2018,14:00 prev-close continuation TP30/SL25 H24,184981,186420,-0.317559999999994,TIME,SHORT
2018-05-10,2018,14:00 prev-close continuation TP30/SL25 H24,186421,187860,0.31368000000000396,TIME,LONG
2018-05-11,2018,14:00 prev-close continuation TP30/SL25 H24,187861,189300,-0.2723999999999978,TIME,LONG
2018-05-14,2018,14:00 prev-close continuation TP30/SL25 H24,192181,193620,-0.44095999999999547,TIME,LONG
2018-05-15,2018,14:00 prev-close continuation TP30/SL25 H24,193621,195060,0.7183600000000024,TIME,SHORT
2018-05-16,2018,14:00 prev-close continuation TP30/SL25 H24,195061,196500,-0.15119999999999892,TIME,LONG
2018-05-17,2018,14:00 prev-close continuation TP30/SL25 H24,196501,197940,0.01431999999999789,TIME,SHORT
2018-05-18,2018,14:00 prev-close continuation TP30/SL25 H24,197941,199380,-0.2685599999999977,TIME,SHORT
2018-05-21,2018,14:00 prev-close continuation TP30/SL25 H24,202261,203700,-0.4017599999999948,TIME,SHORT
2018-05-22,2018,14:00 prev-close continuation TP30/SL25 H24,203701,205140,0.10844000000000051,TIME,LONG
2018-05-23,2018,14:00 prev-close continuation TP30/SL25 H24,205141,206580,-0.057359999999998766,TIME,LONG
2018-05-24,2018,14:00 prev-close continuation TP30/SL25 H24,206581,208020,0.38528000000000245,TIME,LONG
2018-05-25,2018,14:00 prev-close continuation TP30/SL25 H24,208021,209460,-0.1849200000000019,TIME,LONG
2018-05-28,2018,14:00 prev-close continuation TP30/SL25 H24,212341,213780,-0.24528000000000247,TIME,SHORT
2018-05-29,2018,14:00 prev-close continuation TP30/SL25 H24,213781,215220,-0.2741600000000017,TIME,LONG
2018-05-30,2018,14:00 prev-close continuation TP30/SL25 H24,215221,216660,-0.2627999999999975,TIME,SHORT
2018-05-31,2018,14:00 prev-close continuation TP30/SL25 H24,216661,218100,-0.2503999999999996,TIME,LONG
2018-06-01,2018,14:00 prev-close continuation TP30/SL25 H24,218101,219540,0.17648000000000139,TIME,SHORT
2018-06-04,2018,14:00 prev-close continuation TP30/SL25 H24,222421,223860,-0.17720000000000255,TIME,LONG
2018-06-05,2018,14:00 prev-close continuation TP30/SL25 H24,223861,225300,-0.1250799999999981,TIME,SHORT
2018-06-06,2018,14:00 prev-close continuation TP30/SL25 H24,225301,226740,-0.19412000000000262,TIME,SHORT
2018-06-07,2018,14:00 prev-close continuation TP30/SL25 H24,226741,228180,0.032440000000005964,TIME,LONG
2018-06-08,2018,14:00 prev-close continuation TP30/SL25 H24,228181,229620,-0.052559999999994035,TIME,LONG
2018-06-11,2018,14:00 prev-close continuation TP30/SL25 H24,232501,233940,-0.10091999999999643,TIME,SHORT
2018-06-12,2018,14:00 prev-close continuation TP30/SL25 H24,233941,235380,0.09787999999999557,TIME,SHORT
2018-06-13,2018,14:00 prev-close continuation TP30/SL25 H24,235381,236820,-0.40640000000000326,TIME,SHORT
2018-06-14,2018,14:00 prev-close continuation TP30/SL25 H24,236821,238260,-0.2248400000000038,TIME,LONG
2018-06-15,2018,14:00 prev-close continuation TP30/SL25 H24,238261,239700,0.7667999999999938,TIME,SHORT
2018-06-18,2018,14:00 prev-close continuation TP30/SL25 H24,242581,244020,-0.08568000000000212,TIME,LONG
2018-06-19,2018,14:00 prev-close continuation TP30/SL25 H24,244021,245460,-0.2541200000000026,TIME,LONG
2018-06-20,2018,14:00 prev-close continuation TP30/SL25 H24,245461,246900,0.35587999999999737,TIME,SHORT
2018-06-21,2018,14:00 prev-close continuation TP30/SL25 H24,246901,248340,-0.2373199999999997,TIME,SHORT
2018-06-22,2018,14:00 prev-close continuation TP30/SL25 H24,248341,249780,-0.01963999999999942,TIME,LONG
2018-06-25,2018,14:00 prev-close continuation TP30/SL25 H24,252661,254100,0.38428000000000795,TIME,SHORT
2018-06-26,2018,14:00 prev-close continuation TP30/SL25 H24,254101,255540,-0.04052000000000589,TIME,SHORT
2018-06-27,2018,14:00 prev-close continuation TP30/SL25 H24,255541,256980,0.2078399999999965,TIME,SHORT
2018-06-28,2018,14:00 prev-close continuation TP30/SL25 H24,256981,258420,-0.1045600000000013,TIME,LONG
2018-06-29,2018,14:00 prev-close continuation TP30/SL25 H24,258421,259860,0.07992000000000189,TIME,LONG
2018-07-02,2018,14:00 prev-close continuation TP30/SL25 H24,262741,264180,0.08748000000000503,TIME,SHORT
2018-07-03,2018,14:00 prev-close continuation TP30/SL25 H24,264181,265620,0.39423999999999976,TIME,LONG
2018-07-04,2018,14:00 prev-close continuation TP30/SL25 H24,265621,267060,-0.1961200000000008,TIME,LONG
2018-07-05,2018,14:00 prev-close continuation TP30/SL25 H24,267061,268500,-0.10416000000000167,TIME,SHORT
2018-07-06,2018,14:00 prev-close continuation TP30/SL25 H24,268501,269940,-0.03735999999999876,TIME,SHORT
2018-07-09,2018,14:00 prev-close continuation TP30/SL25 H24,272821,274260,-0.6372000000000025,TIME,LONG
2018-07-10,2018,14:00 prev-close continuation TP30/SL25 H24,274261,275700,-0.04404000000000451,TIME,SHORT
2018-07-11,2018,14:00 prev-close continuation TP30/SL25 H24,275701,277140,0.271200000000008,TIME,SHORT
2018-07-12,2018,14:00 prev-close continuation TP30/SL25 H24,277141,278580,-0.10652000000000043,TIME,LONG
2018-07-13,2018,14:00 prev-close continuation TP30/SL25 H24,278581,280020,-0.05543999999999869,TIME,SHORT
2018-07-16,2018,14:00 prev-close continuation TP30/SL25 H24,282901,284340,-0.10771999999999934,TIME,LONG
2018-07-17,2018,14:00 prev-close continuation TP30/SL25 H24,284341,285780,-0.7577199999999994,TIME,LONG
2018-07-18,2018,14:00 prev-close continuation TP30/SL25 H24,285781,287220,0.25467999999999846,TIME,SHORT
2018-07-19,2018,14:00 prev-close continuation TP30/SL25 H24,287221,288660,-0.3205199999999968,TIME,SHORT
2018-07-20,2018,14:00 prev-close continuation TP30/SL25 H24,288661,290100,0.294399999999996,TIME,LONG
2018-07-23,2018,14:00 prev-close continuation TP30/SL25 H24,292981,294420,0.12228000000000065,TIME,SHORT
2018-07-24,2018,14:00 prev-close continuation TP30/SL25 H24,294421,295860,0.10760000000000218,TIME,LONG
2018-07-25,2018,14:00 prev-close continuation TP30/SL25 H24,295861,297300,-0.08960000000000036,TIME,LONG
2018-07-26,2018,14:00 prev-close continuation TP30/SL25 H24,297301,298740,0.36,TIME,SHORT
2018-07-27,2018,14:00 prev-close continuation TP30/SL25 H24,298741,300180,-0.1773199999999997,TIME,SHORT
2018-07-30,2018,14:00 prev-close continuation TP30/SL25 H24,303061,304500,0.11184000000000197,TIME,SHORT
2018-07-31,2018,14:00 prev-close continuation TP30/SL25 H24,304501,305940,-0.20091999999999643,TIME,SHORT
2018-08-01,2018,14:00 prev-close continuation TP30/SL25 H24,305941,307380,0.28279999999999744,TIME,SHORT
2018-08-02,2018,14:00 prev-close continuation TP30/SL25 H24,307381,308820,0.2846799999999985,TIME,SHORT
2018-08-03,2018,14:00 prev-close continuation TP30/SL25 H24,308821,310260,0.16384000000000015,TIME,LONG
2018-08-06,2018,14:00 prev-close continuation TP30/SL25 H24,313141,314580,-0.21292000000000372,TIME,SHORT
2018-08-07,2018,14:00 prev-close continuation TP30/SL25 H24,314581,316020,-0.1908800000000065,TIME,LONG
2018-08-08,2018,14:00 prev-close continuation TP30/SL25 H24,316021,317460,-0.17608000000000174,TIME,SHORT
2018-08-09,2018,14:00 prev-close continuation TP30/SL25 H24,317461,318900,-0.1793199999999979,TIME,LONG
2018-08-10,2018,14:00 prev-close continuation TP30/SL25 H24,318901,320340,-0.05039999999999964,TIME,SHORT
2018-08-13,2018,14:00 prev-close continuation TP30/SL25 H24,323221,324660,0.23868000000000392,TIME,SHORT
2018-08-14,2018,14:00 prev-close continuation TP30/SL25 H24,324661,326100,-0.4053200000000015,TIME,LONG
2018-08-15,2018,14:00 prev-close continuation TP30/SL25 H24,326101,327540,0.24743999999999688,TIME,SHORT
2018-08-16,2018,14:00 prev-close continuation TP30/SL25 H24,327541,328980,-0.06536000000000058,TIME,LONG
2018-08-17,2018,14:00 prev-close continuation TP30/SL25 H24,328981,330420,0.2858400000000074,TIME,LONG
2018-08-20,2018,14:00 prev-close continuation TP30/SL25 H24,333301,334740,0.22680000000000292,TIME,LONG
2018-08-21,2018,14:00 prev-close continuation TP30/SL25 H24,334741,336180,0.11475999999999659,TIME,LONG
2018-08-22,2018,14:00 prev-close continuation TP30/SL25 H24,336181,337620,-0.2573199999999997,TIME,LONG
2018-08-23,2018,14:00 prev-close continuation TP30/SL25 H24,337621,339060,-0.04851999999999862,TIME,SHORT
2018-08-24,2018,14:00 prev-close continuation TP30/SL25 H24,339061,340500,0.5600400000000082,TIME,LONG
2018-08-27,2018,14:00 prev-close continuation TP30/SL25 H24,343381,344820,-0.3265200000000004,TIME,SHORT
2018-08-28,2018,14:00 prev-close continuation TP30/SL25 H24,344821,346260,-0.3677199999999993,TIME,LONG
2018-08-29,2018,14:00 prev-close continuation TP30/SL25 H24,346261,347700,0.05199999999999818,TIME,LONG
2018-08-30,2018,14:00 prev-close continuation TP30/SL25 H24,347701,349140,-0.10203999999999723,TIME,SHORT
2018-08-31,2018,14:00 prev-close continuation TP30/SL25 H24,349141,350580,-0.24219999999999345,TIME,LONG
2018-09-03,2018,14:00 prev-close continuation TP30/SL25 H24,353461,354900,-0.30800000000000183,TIME,LONG
2018-09-04,2018,14:00 prev-close continuation TP30/SL25 H24,354901,356340,-0.02412000000000262,TIME,SHORT
2018-09-05,2018,14:00 prev-close continuation TP30/SL25 H24,356341,357780,0.41307999999999995,TIME,LONG
2018-09-06,2018,14:00 prev-close continuation TP30/SL25 H24,357781,359220,-0.14723999999999252,TIME,LONG
2018-09-07,2018,14:00 prev-close continuation TP30/SL25 H24,359221,360660,-0.2585200000000077,TIME,LONG
2018-09-10,2018,14:00 prev-close continuation TP30/SL25 H24,363541,364980,-0.002120000000004438,TIME,SHORT
2018-09-11,2018,14:00 prev-close continuation TP30/SL25 H24,364981,366420,-0.06935999999999694,TIME,SHORT
2018-09-12,2018,14:00 prev-close continuation TP30/SL25 H24,366421,367860,-0.42572000000000115,TIME,SHORT
2018-09-13,2018,14:00 prev-close continuation TP30/SL25 H24,367861,369300,-0.028960000000006404,TIME,SHORT
2018-09-14,2018,14:00 prev-close continuation TP30/SL25 H24,369301,370740,-0.5340800000000036,TIME,LONG
2018-09-17,2018,14:00 prev-close continuation TP30/SL25 H24,373621,375060,0.10707999999999629,TIME,LONG
2018-09-18,2018,14:00 prev-close continuation TP30/SL25 H24,375061,376500,-0.11896000000000641,TIME,SHORT
2018-09-19,2018,14:00 prev-close continuation TP30/SL25 H24,376501,377940,-0.024520000000002255,TIME,LONG
2018-09-20,2018,14:00 prev-close continuation TP30/SL25 H24,377941,379380,-0.09243999999999687,TIME,SHORT
2018-09-21,2018,14:00 prev-close continuation TP30/SL25 H24,379381,380820,0.1954399999999987,TIME,SHORT
2018-09-24,2018,14:00 prev-close continuation TP30/SL25 H24,383701,385140,-0.06291999999999462,TIME,SHORT
2018-09-25,2018,14:00 prev-close continuation TP30/SL25 H24,385141,386580,-0.0733599999999933,TIME,LONG
2018-09-26,2018,14:00 prev-close continuation TP30/SL25 H24,386581,388020,0.11628000000000611,TIME,SHORT
2018-09-27,2018,14:00 prev-close continuation TP30/SL25 H24,388021,389460,-0.5056800000000021,TIME,LONG
2018-09-28,2018,14:00 prev-close continuation TP30/SL25 H24,389461,390900,0.34536000000000056,TIME,LONG
2018-10-01,2018,14:00 prev-close continuation TP30/SL25 H24,393781,395220,-0.16312000000000806,TIME,SHORT
2018-10-02,2018,14:00 prev-close continuation TP30/SL25 H24,395221,396660,0.48880000000000107,TIME,LONG
2018-10-03,2018,14:00 prev-close continuation TP30/SL25 H24,396661,398100,0.14627999999999702,TIME,SHORT
2018-10-04,2018,14:00 prev-close continuation TP30/SL25 H24,398101,399540,0.14756000000000313,TIME,LONG
2018-10-05,2018,14:00 prev-close continuation TP30/SL25 H24,399541,400980,-0.007240000000001601,TIME,LONG
2018-10-08,2018,14:00 prev-close continuation TP30/SL25 H24,403861,405300,0.2605200000000059,TIME,SHORT
2018-10-09,2018,14:00 prev-close continuation TP30/SL25 H24,405301,406740,-0.0665599999999995,TIME,SHORT
2018-10-10,2018,14:00 prev-close continuation TP30/SL25 H24,406741,408180,-0.5848400000000038,TIME,SHORT
2018-10-11,2018,14:00 prev-close continuation TP30/SL25 H24,408181,409620,0.6864000000000032,TIME,LONG
2018-10-12,2018,14:00 prev-close continuation TP30/SL25 H24,409621,411060,0.08064000000000306,TIME,SHORT
2018-10-15,2018,14:00 prev-close continuation TP30/SL25 H24,413941,415380,-0.10152000000000044,TIME,LONG
2018-10-16,2018,14:00 prev-close continuation TP30/SL25 H24,415381,416820,-0.1832800000000043,TIME,LONG
2018-10-17,2018,14:00 prev-close continuation TP30/SL25 H24,416821,418260,-0.06923999999999979,TIME,LONG
2018-10-18,2018,14:00 prev-close continuation TP30/SL25 H24,418261,419700,0.12319999999999709,TIME,LONG
2018-10-19,2018,14:00 prev-close continuation TP30/SL25 H24,419701,421140,-0.04764000000000124,TIME,LONG
2018-10-22,2018,14:00 prev-close continuation TP30/SL25 H24,424021,425460,-0.45720000000000255,TIME,SHORT
2018-10-23,2018,14:00 prev-close continuation TP30/SL25 H24,425461,426900,-0.18644000000000233,TIME,LONG
2018-10-24,2018,14:00 prev-close continuation TP30/SL25 H24,426901,428340,-0.12687999999999192,TIME,SHORT
2018-10-25,2018,14:00 prev-close continuation TP30/SL25 H24,428341,429780,-0.12615999999999986,TIME,SHORT
2018-10-26,2018,14:00 prev-close continuation TP30/SL25 H24,429781,431220,-0.11859999999999672,TIME,LONG
2018-10-29,2018,14:00 prev-close continuation TP30/SL25 H24,434161,435600,0.30064000000000307,TIME,SHORT
2018-10-30,2018,14:00 prev-close continuation TP30/SL25 H24,435601,437040,0.10692000000000007,TIME,SHORT
2018-10-31,2018,14:00 prev-close continuation TP30/SL25 H24,437041,438480,-0.2883600000000024,TIME,SHORT
2018-11-01,2018,14:00 prev-close continuation TP30/SL25 H24,438481,439920,0.3917199999999957,TIME,LONG
2018-11-02,2018,14:00 prev-close continuation TP30/SL25 H24,439921,441360,-0.12600000000000364,TIME,LONG
2018-11-05,2018,14:00 prev-close continuation TP30/SL25 H24,444241,445680,-0.15228000000000066,TIME,SHORT
2018-11-06,2018,14:00 prev-close continuation TP30/SL25 H24,445681,447120,-0.11108000000000175,TIME,LONG
2018-11-07,2018,14:00 prev-close continuation TP30/SL25 H24,447121,448560,-0.40400000000000547,TIME,LONG
2018-11-08,2018,14:00 prev-close continuation TP30/SL25 H24,448561,450000,0.16599999999999454,TIME,SHORT
2018-11-09,2018,14:00 prev-close continuation TP30/SL25 H24,450001,451440,0.3389199999999983,TIME,SHORT
2018-11-12,2018,14:00 prev-close continuation TP30/SL25 H24,454321,455760,0.3228000000000065,TIME,SHORT
2018-11-13,2018,14:00 prev-close continuation TP30/SL25 H24,455761,457200,-0.05855999999999767,TIME,SHORT
2018-11-14,2018,14:00 prev-close continuation TP30/SL25 H24,457201,458640,-0.4334799999999996,TIME,SHORT
2018-11-15,2018,14:00 prev-close continuation TP30/SL25 H24,458641,460080,-0.24200000000000726,TIME,SHORT
2018-11-16,2018,14:00 prev-close continuation TP30/SL25 H24,460081,461520,0.19239999999999782,TIME,LONG
2018-11-19,2018,14:00 prev-close continuation TP30/SL25 H24,464401,465840,0.11744000000000597,TIME,LONG
2018-11-20,2018,14:00 prev-close continuation TP30/SL25 H24,465841,467280,-0.07199999999999818,TIME,LONG
2018-11-21,2018,14:00 prev-close continuation TP30/SL25 H24,467281,468720,0.19692000000000007,TIME,LONG
2018-11-22,2018,14:00 prev-close continuation TP30/SL25 H24,468721,470160,-0.2982799999999952,TIME,LONG
2018-11-23,2018,14:00 prev-close continuation TP30/SL25 H24,470161,471600,-0.0826800000000003,TIME,SHORT
2018-11-26,2018,14:00 prev-close continuation TP30/SL25 H24,474481,475920,-0.11615999999999986,TIME,LONG
2018-11-27,2018,14:00 prev-close continuation TP30/SL25 H24,475921,477360,-0.3664000000000033,TIME,LONG
2018-11-28,2018,14:00 prev-close continuation TP30/SL25 H24,477361,478800,-0.40296000000000276,TIME,SHORT
2018-11-29,2018,14:00 prev-close continuation TP30/SL25 H24,478801,480240,-0.0982799999999952,TIME,LONG
2018-11-30,2018,14:00 prev-close continuation TP30/SL25 H24,480241,481680,-0.019200000000000727,TIME,SHORT
2018-12-03,2018,14:00 prev-close continuation TP30/SL25 H24,484561,486000,0.40011999999999714,TIME,LONG
2018-12-04,2018,14:00 prev-close continuation TP30/SL25 H24,486001,487440,-0.0733600000000024,TIME,LONG
2018-12-05,2018,14:00 prev-close continuation TP30/SL25 H24,487441,488880,0.028519999999998616,TIME,SHORT
2018-12-06,2018,14:00 prev-close continuation TP30/SL25 H24,488881,490320,-0.21068000000000212,TIME,SHORT
2018-12-07,2018,14:00 prev-close continuation TP30/SL25 H24,490321,491760,0.2635999999999967,TIME,LONG
2018-12-10,2018,14:00 prev-close continuation TP30/SL25 H24,494641,496080,-0.059879999999993744,TIME,SHORT
2018-12-11,2018,14:00 prev-close continuation TP30/SL25 H24,496081,497520,-0.13039999999999963,TIME,LONG
2018-12-12,2018,14:00 prev-close continuation TP30/SL25 H24,497521,498960,-0.0994800000000032,TIME,LONG
2018-12-13,2018,14:00 prev-close continuation TP30/SL25 H24,498961,500400,0.14703999999999723,TIME,SHORT
2018-12-14,2018,14:00 prev-close continuation TP30/SL25 H24,500401,501840,-0.030399999999999636,TIME,SHORT
2018-12-17,2018,14:00 prev-close continuation TP30/SL25 H24,504721,506160,0.35240000000000693,TIME,LONG
2018-12-18,2018,14:00 prev-close continuation TP30/SL25 H24,506161,507600,-0.04640000000000327,TIME,LONG
2018-12-19,2018,14:00 prev-close continuation TP30/SL25 H24,507601,509040,-0.3194799999999941,TIME,SHORT
2018-12-20,2018,14:00 prev-close continuation TP30/SL25 H24,509041,510480,0.155600000000004,TIME,LONG
2018-12-21,2018,14:00 prev-close continuation TP30/SL25 H24,510481,511920,-0.197480000000005,TIME,LONG
2018-12-24,2018,14:00 prev-close continuation TP30/SL25 H24,514801,516240,0.31131999999999604,TIME,LONG
2018-12-25,2018,14:00 prev-close continuation TP30/SL25 H24,516241,517680,-0.17400000000000546,TIME,SHORT
2018-12-26,2018,14:00 prev-close continuation TP30/SL25 H24,517681,519120,-0.09319999999999709,TIME,LONG
2018-12-27,2018,14:00 prev-close continuation TP30/SL25 H24,519121,520560,0.2886399999999958,TIME,LONG
2018-12-28,2018,14:00 prev-close continuation TP30/SL25 H24,520561,522000,0.07400000000000545,TIME,LONG
2018-12-31,2018,14:00 prev-close continuation TP30/SL25 H24,524881,526320,-0.058800000000001094,TIME,LONG
2019-01-01,2019,14:00 prev-close continuation TP30/SL25 H24,526321,527760,-0.13400000000000545,TIME,SHORT
2019-01-02,2019,14:00 prev-close continuation TP30/SL25 H24,527761,529200,0.07279999999999745,TIME,LONG
2019-01-03,2019,14:00 prev-close continuation TP30/SL25 H24,529201,530640,0.13264000000000123,TIME,LONG
2019-01-04,2019,14:00 prev-close continuation TP30/SL25 H24,530641,532080,0.2144000000000051,TIME,SHORT
2019-01-07,2019,14:00 prev-close continuation TP30/SL25 H24,534961,536400,-0.32960000000000034,TIME,LONG
2019-01-08,2019,14:00 prev-close continuation TP30/SL25 H24,536401,537840,0.07399999999999636,TIME,SHORT
2019-01-09,2019,14:00 prev-close continuation TP30/SL25 H24,537841,539280,-0.47720000000000257,TIME,SHORT
2019-01-10,2019,14:00 prev-close continuation TP30/SL25 H24,539281,540720,0.03211999999999535,TIME,SHORT
2019-01-11,2019,14:00 prev-close continuation TP30/SL25 H24,540721,542160,-0.1980000000000018,TIME,LONG
2019-01-14,2019,14:00 prev-close continuation TP30/SL25 H24,545041,546480,-0.18256000000000314,TIME,LONG
2019-01-15,2019,14:00 prev-close continuation TP30/SL25 H24,546481,547920,0.09903999999999541,TIME,SHORT
2019-01-16,2019,14:00 prev-close continuation TP30/SL25 H24,547921,549360,-0.23039999999999963,TIME,SHORT
2019-01-17,2019,14:00 prev-close continuation TP30/SL25 H24,549361,550800,-0.37108000000000174,TIME,LONG
2019-01-18,2019,14:00 prev-close continuation TP30/SL25 H24,550801,552240,0.11372000000000299,TIME,SHORT
2019-01-21,2019,Compression breakout TP15/SL15 H12,554917,555636,0.014000000000002425,TIME,SHORT
2019-01-22,2019,Compression breakout TP15/SL15 H12,556280,556999,0.21999999999999698,TIME,LONG
2019-01-23,2019,Compression breakout TP15/SL15 H12,557779,558498,-0.20046666666665564,TIME,LONG
2019-01-24,2019,Thu/Fri Asia breakout TP25/SL20 H24,559201,560640,-0.2163499999999999,TIME,SHORT
2019-01-25,2019,Thu/Fri Asia breakout TP25/SL20 H24,560641,562080,0.9230000000000018,TIME,LONG
2019-01-28,2019,14:00 prev-close continuation TP30/SL25 H24,565201,566640,-0.3258799999999974,TIME,SHORT
2019-01-29,2019,14:00 prev-close continuation TP30/SL25 H24,566641,568080,0.22251999999999497,TIME,LONG
2019-01-30,2019,14:00 prev-close continuation TP30/SL25 H24,568081,569520,0.3788000000000011,TIME,LONG
2019-01-31,2019,14:00 prev-close continuation TP30/SL25 H24,569521,570960,-0.08016000000000531,TIME,LONG
2019-02-01,2019,14:00 prev-close continuation TP30/SL25 H24,570961,572400,0.13411999999999352,TIME,SHORT
2019-02-04,2019,14:00 prev-close continuation TP30/SL25 H24,575281,576720,-0.14840000000000145,TIME,SHORT
2019-02-05,2019,14:00 prev-close continuation TP30/SL25 H24,576721,578160,-0.10039999999999964,TIME,LONG
2019-02-06,2019,14:00 prev-close continuation TP30/SL25 H24,578161,579600,0.2049199999999928,TIME,SHORT
2019-02-07,2019,14:00 prev-close continuation TP30/SL25 H24,579601,581040,0.2066399999999976,TIME,LONG
2019-02-08,2019,14:00 prev-close continuation TP30/SL25 H24,581041,582480,0.06331999999999426,TIME,LONG
2019-02-11,2019,14:00 prev-close continuation TP30/SL25 H24,585361,586800,-0.2401599999999962,TIME,SHORT
2019-02-12,2019,14:00 prev-close continuation TP30/SL25 H24,586801,588240,-0.10815999999999804,TIME,LONG
2019-02-13,2019,14:00 prev-close continuation TP30/SL25 H24,588241,589680,-0.19840000000000146,TIME,LONG
2019-02-14,2019,14:00 prev-close continuation TP30/SL25 H24,589681,591120,0.4849200000000019,TIME,LONG
2019-02-15,2019,14:00 prev-close continuation TP30/SL25 H24,591121,592560,0.08612000000000081,TIME,LONG
2019-02-18,2019,14:00 prev-close continuation TP30/SL25 H24,595441,596880,0.14579999999999926,TIME,LONG
2019-02-19,2019,14:00 prev-close continuation TP30/SL25 H24,596881,598320,0.5815999999999986,TIME,LONG
2019-02-20,2019,14:00 prev-close continuation TP30/SL25 H24,598321,599760,-0.39039999999999964,TIME,LONG
2019-02-21,2019,14:00 prev-close continuation TP30/SL25 H24,599761,601200,0.43011999999999717,TIME,SHORT
2019-02-22,2019,14:00 prev-close continuation TP30/SL25 H24,601201,602640,-0.22359999999999672,TIME,SHORT
2019-02-25,2019,14:00 prev-close continuation TP30/SL25 H24,605521,606960,-0.2123999999999978,TIME,LONG
2019-02-26,2019,14:00 prev-close continuation TP30/SL25 H24,606961,608400,-0.07547999999999774,TIME,SHORT
2019-02-27,2019,14:00 prev-close continuation TP30/SL25 H24,608401,609840,0.01251999999999498,TIME,SHORT
2019-02-28,2019,14:00 prev-close continuation TP30/SL25 H24,609841,611280,-0.6996000000000003,TIME,LONG
2019-03-01,2019,14:00 prev-close continuation TP30/SL25 H24,611281,612720,0.6003999999999996,TIME,SHORT
2019-03-04,2019,14:00 prev-close continuation TP30/SL25 H24,615601,617040,0.016799999999993816,TIME,SHORT
2019-03-05,2019,14:00 prev-close continuation TP30/SL25 H24,617041,618480,-0.011359999999995126,TIME,SHORT
2019-03-06,2019,14:00 prev-close continuation TP30/SL25 H24,618481,619920,-0.03,TIME,SHORT
2019-03-07,2019,14:00 prev-close continuation TP30/SL25 H24,619921,621360,0.263720000000003,TIME,LONG
2019-03-08,2019,14:00 prev-close continuation TP30/SL25 H24,621361,622800,0.18720000000000256,TIME,LONG
2019-03-11,2019,14:00 prev-close continuation TP30/SL25 H24,625681,627120,-0.0838799999999992,TIME,SHORT
2019-03-12,2019,14:00 prev-close continuation TP30/SL25 H24,627121,628560,0.4310400000000027,TIME,LONG
2019-03-13,2019,14:00 prev-close continuation TP30/SL25 H24,628561,630000,-0.4302799999999934,TIME,LONG
2019-03-14,2019,14:00 prev-close continuation TP30/SL25 H24,630001,631440,-0.28399999999999637,TIME,SHORT
2019-03-15,2019,14:00 prev-close continuation TP30/SL25 H24,631441,632880,-0.10279999999999745,TIME,LONG
2019-03-18,2019,14:00 prev-close continuation TP30/SL25 H24,635761,637200,0.13132000000000515,TIME,LONG
2019-03-19,2019,14:00 prev-close continuation TP30/SL25 H24,637201,638640,-0.151200000000008,TIME,LONG
2019-03-20,2019,14:00 prev-close continuation TP30/SL25 H24,638641,640080,-0.42987999999999377,TIME,SHORT
2019-03-21,2019,14:00 prev-close continuation TP30/SL25 H24,640081,641520,-0.12480000000000473,TIME,LONG
2019-03-22,2019,14:00 prev-close continuation TP30/SL25 H24,641521,642960,0.016520000000000437,TIME,LONG
2019-03-25,2019,14:00 prev-close continuation TP30/SL25 H24,645841,647280,-0.18135999999999514,TIME,LONG
2019-03-26,2019,14:00 prev-close continuation TP30/SL25 H24,647281,648720,-0.1589600000000064,TIME,SHORT
2019-03-27,2019,14:00 prev-close continuation TP30/SL25 H24,648721,650160,-0.5474800000000051,TIME,LONG
2019-03-28,2019,14:00 prev-close continuation TP30/SL25 H24,650161,651600,0.39279999999999743,TIME,SHORT
2019-03-29,2019,14:00 prev-close continuation TP30/SL25 H24,651601,653040,-0.07840000000000145,TIME,LONG
2019-04-01,2019,Compression breakout TP15/SL15 H12,655583,656302,0.09619999999999891,TIME,SHORT
2019-04-02,2019,14:00 prev-close continuation TP30/SL25 H24,657301,658740,-0.2590800000000036,TIME,SHORT
2019-04-03,2019,14:00 prev-close continuation TP30/SL25 H24,658741,660180,-0.09055999999999585,TIME,LONG
2019-04-04,2019,14:00 prev-close continuation TP30/SL25 H24,660181,661620,-0.04256000000000313,TIME,LONG
2019-04-05,2019,14:00 prev-close continuation TP30/SL25 H24,661621,663060,-0.06908000000000357,TIME,SHORT
2019-04-08,2019,14:00 prev-close continuation TP30/SL25 H24,665941,667380,0.14960000000000037,TIME,LONG
2019-04-09,2019,14:00 prev-close continuation TP30/SL25 H24,667381,668820,0.07492000000000189,TIME,LONG
2019-04-10,2019,14:00 prev-close continuation TP30/SL25 H24,668821,670260,-0.06148000000000138,TIME,SHORT
2019-04-11,2019,14:00 prev-close continuation TP30/SL25 H24,670261,671700,0.41091999999999645,TIME,SHORT
2019-04-12,2019,14:00 prev-close continuation TP30/SL25 H24,671701,673140,-0.16900000000000545,TIME,LONG
2019-04-15,2019,14:00 prev-close continuation TP30/SL25 H24,676021,677460,0.09920000000000073,TIME,SHORT
2019-04-16,2019,14:00 prev-close continuation TP30/SL25 H24,677461,678900,0.28771999999999937,TIME,SHORT
2019-04-17,2019,14:00 prev-close continuation TP30/SL25 H24,678901,680340,0.03520000000000437,TIME,SHORT
2019-04-18,2019,14:00 prev-close continuation TP30/SL25 H24,680341,681780,0.001999999999998181,TIME,LONG
2019-04-19,2019,14:00 prev-close continuation TP30/SL25 H24,681781,683220,-0.025200000000004365,TIME,SHORT
2019-04-22,2019,14:00 prev-close continuation TP30/SL25 H24,686101,687540,-0.2865600000000086,TIME,LONG
2019-04-23,2019,14:00 prev-close continuation TP30/SL25 H24,687541,688980,0.042399999999997814,TIME,SHORT
2019-04-24,2019,14:00 prev-close continuation TP30/SL25 H24,688981,690420,-0.22547999999999774,TIME,SHORT
2019-04-25,2019,14:00 prev-close continuation TP30/SL25 H24,690421,691860,0.1485200000000077,TIME,LONG
2019-04-26,2019,14:00 prev-close continuation TP30/SL25 H24,691861,693300,0.18811999999999898,TIME,LONG
2019-04-29,2019,Compression breakout TP15/SL15 H12,695881,696600,0.3497333333333396,TIME,SHORT
2019-04-30,2019,14:00 prev-close continuation TP30/SL25 H24,697621,699060,-0.11279999999999746,TIME,LONG
2019-05-01,2019,14:00 prev-close continuation TP30/SL25 H24,699061,700500,0.4349200000000019,TIME,SHORT
2019-05-02,2019,14:00 prev-close continuation TP30/SL25 H24,700501,701940,0.03851999999999862,TIME,SHORT
2019-05-03,2019,14:00 prev-close continuation TP30/SL25 H24,701941,703380,-0.37720000000000253,TIME,SHORT
2019-05-06,2019,14:00 prev-close continuation TP30/SL25 H24,706261,707700,-0.026680000000005748,TIME,LONG
2019-05-07,2019,14:00 prev-close continuation TP30/SL25 H24,707701,709140,0.3578400000000056,TIME,LONG
2019-05-08,2019,14:00 prev-close continuation TP30/SL25 H24,709141,710580,-0.30108000000000174,TIME,LONG
2019-05-09,2019,14:00 prev-close continuation TP30/SL25 H24,710581,712020,0.09079999999999927,TIME,LONG
2019-05-10,2019,14:00 prev-close continuation TP30/SL25 H24,712021,713460,-0.01907999999999447,TIME,LONG
2019-05-13,2019,14:00 prev-close continuation TP30/SL25 H24,716341,717780,-0.579359999999997,TIME,SHORT
2019-05-14,2019,14:00 prev-close continuation TP30/SL25 H24,717781,719220,-0.021199999999998907,TIME,SHORT
2019-05-15,2019,14:00 prev-close continuation TP30/SL25 H24,719221,720660,-0.16960000000000036,TIME,LONG
2019-05-16,2019,14:00 prev-close continuation TP30/SL25 H24,720661,722100,0.3292000000000007,TIME,SHORT
2019-05-17,2019,14:00 prev-close continuation TP30/SL25 H24,722101,723540,0.29599999999999455,TIME,SHORT
2019-05-20,2019,14:00 prev-close continuation TP30/SL25 H24,726421,727860,0.029719999999997526,TIME,SHORT
2019-05-21,2019,14:00 prev-close continuation TP30/SL25 H24,727861,729300,0.044399999999996,TIME,SHORT
2019-05-22,2019,14:00 prev-close continuation TP30/SL25 H24,729301,730740,-0.14667999999999665,TIME,SHORT
2019-05-23,2019,14:00 prev-close continuation TP30/SL25 H24,730741,732180,0.1661200000000008,TIME,LONG
2019-05-24,2019,14:00 prev-close continuation TP30/SL25 H24,732181,733620,-0.14639999999999417,TIME,SHORT
2019-05-27,2019,14:00 prev-close continuation TP30/SL25 H24,736501,737940,-0.101200000000008,TIME,LONG
2019-05-28,2019,14:00 prev-close continuation TP30/SL25 H24,737941,739380,0.02519999999999527,TIME,SHORT
2019-05-29,2019,14:00 prev-close continuation TP30/SL25 H24,739381,740820,-0.25720000000000254,TIME,LONG
2019-05-30,2019,14:00 prev-close continuation TP30/SL25 H24,740821,742260,-0.8194800000000032,TIME,SHORT
2019-05-31,2019,14:00 prev-close continuation TP30/SL25 H24,742261,743700,0.3249200000000019,TIME,LONG
2019-06-03,2019,14:00 prev-close continuation TP30/SL25 H24,746581,748020,0.40332000000000334,TIME,LONG
2019-06-04,2019,14:00 prev-close continuation TP30/SL25 H24,748021,749460,0.45212000000000446,TIME,LONG
2019-06-05,2019,14:00 prev-close continuation TP30/SL25 H24,749461,750900,-0.06840000000000146,TIME,LONG
2019-06-06,2019,14:00 prev-close continuation TP30/SL25 H24,750901,752340,-0.15028000000000247,TIME,LONG
2019-06-07,2019,14:00 prev-close continuation TP30/SL25 H24,752341,753780,-0.3170799999999963,TIME,SHORT
2019-06-10,2019,14:00 prev-close continuation TP30/SL25 H24,756661,758100,0.2261200000000008,TIME,SHORT
2019-06-11,2019,14:00 prev-close continuation TP30/SL25 H24,758101,759540,-0.5178800000000047,TIME,SHORT
2019-06-12,2019,14:00 prev-close continuation TP30/SL25 H24,759541,760980,0.030640000000003057,TIME,LONG
2019-06-13,2019,14:00 prev-close continuation TP30/SL25 H24,760981,762420,0.6826400000000012,TIME,LONG
2019-06-14,2019,14:00 prev-close continuation TP30/SL25 H24,762421,763860,-0.5133600000000024,TIME,LONG
2019-06-17,2019,14:00 prev-close continuation TP30/SL25 H24,766741,768180,-0.554399999999996,TIME,SHORT
2019-06-18,2019,14:00 prev-close continuation TP30/SL25 H24,768181,769620,-0.19655999999999949,TIME,LONG
2019-06-19,2019,14:00 prev-close continuation TP30/SL25 H24,769621,770452,-1.0,SL,SHORT
2019-06-20,2019,14:00 prev-close continuation TP30/SL25 H24,771061,771961,1.2,TP,LONG
2019-06-21,2019,Thu/Fri Asia breakout TP25/SL20 H24,772306,773745,-0.6578500000000076,TIME,SHORT
2019-06-24,2019,14:00 prev-close continuation TP30/SL25 H24,776821,777842,1.2,TP,LONG
2019-06-25,2019,14:00 prev-close continuation TP30/SL25 H24,778261,779215,-1.0,SL,LONG
2019-06-26,2019,14:00 prev-close continuation TP30/SL25 H24,779701,781140,0.011599999999998546,TIME,SHORT
2019-06-27,2019,14:00 prev-close continuation TP30/SL25 H24,781141,782580,-0.34347999999999956,TIME,SHORT
2019-06-28,2019,14:00 prev-close continuation TP30/SL25 H24,782581,784020,-0.19360000000000582,TIME,LONG
2019-07-01,2019,14:00 prev-close continuation TP30/SL25 H24,786901,788340,-0.14640000000000328,TIME,SHORT
2019-07-02,2019,14:00 prev-close continuation TP30/SL25 H24,788341,789004,1.2,TP,LONG
2019-07-03,2019,14:00 prev-close continuation TP30/SL25 H24,789781,791220,-0.4584000000000015,TIME,LONG
2019-07-04,2019,14:00 prev-close continuation TP30/SL25 H24,791221,792660,-0.030799999999999272,TIME,SHORT
2019-07-05,2019,14:00 prev-close continuation TP30/SL25 H24,792661,794100,0.6417200000000048,TIME,SHORT
2019-07-08,2019,14:00 prev-close continuation TP30/SL25 H24,796981,798420,-0.6322800000000006,TIME,LONG
2019-07-09,2019,14:00 prev-close continuation TP30/SL25 H24,798421,799860,-0.2530799999999999,TIME,SHORT
2019-07-10,2019,14:00 prev-close continuation TP30/SL25 H24,799861,800522,-1.0,SL,SHORT
2019-07-11,2019,14:00 prev-close continuation TP30/SL25 H24,801301,802740,-0.5319999999999981,TIME,LONG
2019-07-12,2019,14:00 prev-close continuation TP30/SL25 H24,802741,804180,0.2788000000000011,TIME,LONG
2019-07-15,2019,14:00 prev-close continuation TP30/SL25 H24,807061,808500,-0.06519999999999528,TIME,LONG
2019-07-16,2019,14:00 prev-close continuation TP30/SL25 H24,808501,809940,-0.44176000000000387,TIME,LONG
2019-07-17,2019,14:00 prev-close continuation TP30/SL25 H24,809941,810600,-1.0,SL,SHORT
2019-07-18,2019,Thu/Fri Asia breakout TP25/SL20 H24,811375,811859,-1.0,SL,SHORT
2019-07-19,2019,Thu/Fri Asia breakout TP25/SL20 H24,812581,814020,0.6126499999999965,TIME,SHORT
2019-07-22,2019,14:00 prev-close continuation TP30/SL25 H24,817141,818580,-0.3258799999999974,TIME,LONG
2019-07-23,2019,14:00 prev-close continuation TP30/SL25 H24,818581,820020,-0.28307999999999994,TIME,SHORT
2019-07-24,2019,14:00 prev-close continuation TP30/SL25 H24,820021,821460,0.004400000000005093,TIME,LONG
2019-07-25,2019,14:00 prev-close continuation TP30/SL25 H24,821461,822900,-0.3,TIME,LONG
2019-07-26,2019,14:00 prev-close continuation TP30/SL25 H24,822901,824340,-0.05536000000000058,TIME,LONG
2019-07-29,2019,14:00 prev-close continuation TP30/SL25 H24,827221,828660,0.2914400000000023,TIME,LONG
2019-07-30,2019,14:00 prev-close continuation TP30/SL25 H24,828661,830100,0.155600000000004,TIME,LONG
2019-07-31,2019,14:00 prev-close continuation TP30/SL25 H24,830101,830897,-1.0,SL,LONG
2019-08-01,2019,Thu/Fri Asia breakout TP25/SL20 H24,831361,831932,-1.0,SL,SHORT
2019-08-02,2019,14:00 prev-close continuation TP30/SL25 H24,832981,834420,-0.17295999999999367,TIME,SHORT
2019-08-05,2019,14:00 prev-close continuation TP30/SL25 H24,837301,838740,0.27052000000000587,TIME,LONG
2019-08-06,2019,14:00 prev-close continuation TP30/SL25 H24,838741,840180,0.9494400000000042,TIME,LONG
2019-08-07,2019,14:00 prev-close continuation TP30/SL25 H24,840181,841620,0.22291999999999462,TIME,LONG
2019-08-08,2019,14:00 prev-close continuation TP30/SL25 H24,841621,843060,-0.31467999999999846,TIME,SHORT
2019-08-09,2019,14:00 prev-close continuation TP30/SL25 H24,843061,844500,-0.25107999999999264,TIME,LONG
2019-08-12,2019,Compression breakout TP15/SL15 H12,847085,847804,-0.7841333333333296,TIME,SHORT
2019-08-13,2019,14:00 prev-close continuation TP30/SL25 H24,848821,848989,-1.0,SL,LONG
2019-08-14,2019,14:00 prev-close continuation TP30/SL25 H24,850261,851700,0.39384000000000013,TIME,LONG
2019-08-15,2019,14:00 prev-close continuation TP30/SL25 H24,851701,853140,-0.30800000000000183,TIME,LONG
2019-08-16,2019,14:00 prev-close continuation TP30/SL25 H24,853141,854580,-0.056799999999993814,TIME,SHORT
2019-08-19,2019,14:00 prev-close continuation TP30/SL25 H24,857461,858900,-0.1982800000000043,TIME,SHORT
2019-08-20,2019,14:00 prev-close continuation TP30/SL25 H24,858901,860340,-0.15079999999999927,TIME,LONG
2019-08-21,2019,14:00 prev-close continuation TP30/SL25 H24,860341,861780,0.19,TIME,SHORT
2019-08-22,2019,14:00 prev-close continuation TP30/SL25 H24,861781,863220,0.030919999999996436,TIME,SHORT
2019-08-23,2019,14:00 prev-close continuation TP30/SL25 H24,863221,863459,-1.0,SL,SHORT
2019-08-26,2019,14:00 prev-close continuation TP30/SL25 H24,867541,868980,-0.13375999999999294,TIME,LONG
2019-08-27,2019,14:00 prev-close continuation TP30/SL25 H24,868981,870420,0.4997200000000066,TIME,LONG
2019-08-28,2019,14:00 prev-close continuation TP30/SL25 H24,870421,871860,-0.256279999999997,TIME,LONG
2019-08-29,2019,14:00 prev-close continuation TP30/SL25 H24,871861,873300,0.41891999999999824,TIME,SHORT
2019-08-30,2019,14:00 prev-close continuation TP30/SL25 H24,873301,874740,0.19412000000000262,TIME,SHORT
2019-09-02,2019,14:00 prev-close continuation TP30/SL25 H24,877621,879060,0.21920000000000073,TIME,LONG
2019-09-03,2019,14:00 prev-close continuation TP30/SL25 H24,879061,880500,0.23692000000000007,TIME,LONG
2019-09-04,2019,14:00 prev-close continuation TP30/SL25 H24,880501,881940,-0.2070799999999963,TIME,SHORT
2019-09-05,2019,14:00 prev-close continuation TP30/SL25 H24,881941,882142,1.2,TP,SHORT
2019-09-06,2019,Thu/Fri Asia breakout TP25/SL20 H24,883141,884580,0.052300000000002456,TIME,SHORT
2019-09-09,2019,14:00 prev-close continuation TP30/SL25 H24,887701,889140,-0.6115999999999986,TIME,LONG
2019-09-10,2019,14:00 prev-close continuation TP30/SL25 H24,889141,890580,0.047719999999999346,TIME,SHORT
2019-09-11,2019,14:00 prev-close continuation TP30/SL25 H24,890581,892020,0.36,TIME,LONG
2019-09-12,2019,14:00 prev-close continuation TP30/SL25 H24,892021,893460,0.08531999999999243,TIME,LONG
2019-09-13,2019,14:00 prev-close continuation TP30/SL25 H24,893461,894900,-0.6685999999999968,TIME,LONG
2019-09-16,2019,14:00 prev-close continuation TP30/SL25 H24,897781,899220,-0.17,TIME,LONG
2019-09-17,2019,14:00 prev-close continuation TP30/SL25 H24,899221,900660,0.07452000000000225,TIME,LONG
2019-09-18,2019,14:00 prev-close continuation TP30/SL25 H24,900661,902100,-0.11628000000000611,TIME,LONG
2019-09-19,2019,14:00 prev-close continuation TP30/SL25 H24,902101,903540,0.19291999999999462,TIME,LONG
2019-09-20,2019,14:00 prev-close continuation TP30/SL25 H24,903541,904980,0.49771999999999933,TIME,LONG
2019-09-23,2019,14:00 prev-close continuation TP30/SL25 H24,907861,909300,0.05931999999999789,TIME,LONG
2019-09-24,2019,14:00 prev-close continuation TP30/SL25 H24,909301,910740,-0.3268000000000029,TIME,SHORT
2019-09-25,2019,14:00 prev-close continuation TP30/SL25 H24,910741,912180,0.7702399999999944,TIME,SHORT
2019-09-26,2019,14:00 prev-close continuation TP30/SL25 H24,912181,913620,-0.6646800000000076,TIME,LONG
2019-09-27,2019,14:00 prev-close continuation TP30/SL25 H24,913621,915060,-0.17708000000000537,TIME,SHORT
2019-09-30,2019,14:00 prev-close continuation TP30/SL25 H24,917941,919380,0.7948000000000047,TIME,SHORT
2019-10-01,2019,14:00 prev-close continuation TP30/SL25 H24,919381,920820,-0.6780000000000018,TIME,SHORT
2019-10-02,2019,14:00 prev-close continuation TP30/SL25 H24,920821,922260,0.6944000000000051,TIME,LONG
2019-10-03,2019,14:00 prev-close continuation TP30/SL25 H24,922261,923700,0.26840000000000147,TIME,LONG
2019-10-04,2019,14:00 prev-close continuation TP30/SL25 H24,923701,925140,-0.20028000000000248,TIME,LONG
2019-10-07,2019,14:00 prev-close continuation TP30/SL25 H24,928021,929460,-0.21,TIME,SHORT
2019-10-08,2019,14:00 prev-close continuation TP30/SL25 H24,929461,930900,-0.09787999999999557,TIME,LONG
2019-10-09,2019,14:00 prev-close continuation TP30/SL25 H24,930901,932340,-0.13815999999999803,TIME,SHORT
2019-10-10,2019,14:00 prev-close continuation TP30/SL25 H24,932341,933780,-0.4585599999999977,TIME,LONG
2019-10-11,2019,14:00 prev-close continuation TP30/SL25 H24,933781,935220,-0.25695999999999913,TIME,LONG
2019-10-14,2019,14:00 prev-close continuation TP30/SL25 H24,938101,939540,-0.012399999999997817,TIME,LONG
2019-10-15,2019,14:00 prev-close continuation TP30/SL25 H24,939541,940980,-0.5357600000000002,TIME,LONG
2019-10-16,2019,14:00 prev-close continuation TP30/SL25 H24,940981,942420,0.19599999999999454,TIME,LONG
2019-10-17,2019,14:00 prev-close continuation TP30/SL25 H24,942421,943860,0.03623999999999796,TIME,SHORT
2019-10-18,2019,14:00 prev-close continuation TP30/SL25 H24,943861,945300,-0.18787999999999555,TIME,SHORT
2019-10-21,2019,Compression breakout TP15/SL15 H12,947881,948600,-0.511333333333323,TIME,LONG
2019-10-22,2019,14:00 prev-close continuation TP30/SL25 H24,949621,951060,0.14,TIME,LONG
2019-10-23,2019,14:00 prev-close continuation TP30/SL25 H24,951061,952500,-0.049479999999994105,TIME,LONG
2019-10-24,2019,14:00 prev-close continuation TP30/SL25 H24,952501,953940,-0.6286799999999948,TIME,SHORT
2019-10-25,2019,14:00 prev-close continuation TP30/SL25 H24,953941,955380,-0.07495999999999185,TIME,LONG
2019-10-28,2019,14:00 prev-close continuation TP30/SL25 H24,958321,959760,0.6237199999999938,TIME,SHORT
2019-10-29,2019,14:00 prev-close continuation TP30/SL25 H24,959761,961200,-0.24376000000000203,TIME,SHORT
2019-10-30,2019,14:00 prev-close continuation TP30/SL25 H24,961201,962640,0.48024000000000344,TIME,LONG
2019-10-31,2019,14:00 prev-close continuation TP30/SL25 H24,962641,964080,0.1617199999999957,TIME,LONG
2019-11-01,2019,14:00 prev-close continuation TP30/SL25 H24,964081,965520,-0.1801599999999962,TIME,SHORT
2019-11-04,2019,14:00 prev-close continuation TP30/SL25 H24,968401,969840,0.33144000000000234,TIME,SHORT
2019-11-05,2019,14:00 prev-close continuation TP30/SL25 H24,969841,971280,0.7081200000000081,TIME,SHORT
2019-11-06,2019,14:00 prev-close continuation TP30/SL25 H24,971281,972720,-0.07079999999999927,TIME,LONG
2019-11-07,2019,14:00 prev-close continuation TP30/SL25 H24,972721,974160,0.8868000000000029,TIME,SHORT
2019-11-08,2019,14:00 prev-close continuation TP30/SL25 H24,974161,975600,0.09572000000000117,TIME,SHORT
2019-11-11,2019,14:00 prev-close continuation TP30/SL25 H24,978481,979920,-0.4907999999999993,TIME,LONG
2019-11-12,2019,14:00 prev-close continuation TP30/SL25 H24,979921,981360,-0.49788000000000465,TIME,SHORT
2019-11-13,2019,14:00 prev-close continuation TP30/SL25 H24,981361,982800,0.10891999999999825,TIME,LONG
2019-11-14,2019,14:00 prev-close continuation TP30/SL25 H24,982801,984240,-0.0238799999999992,TIME,LONG
2019-11-15,2019,14:00 prev-close continuation TP30/SL25 H24,984241,985680,-0.045479999999997744,TIME,SHORT
2019-11-18,2019,14:00 prev-close continuation TP30/SL25 H24,988561,990000,-0.3476000000000022,TIME,SHORT
2019-11-19,2019,14:00 prev-close continuation TP30/SL25 H24,990001,991440,-0.2650799999999981,TIME,SHORT
2019-11-20,2019,14:00 prev-close continuation TP30/SL25 H24,991441,992880,-0.17188000000000103,TIME,LONG
2019-11-21,2019,14:00 prev-close continuation TP30/SL25 H24,992881,994320,-0.04240000000000691,TIME,SHORT
2019-11-22,2019,14:00 prev-close continuation TP30/SL25 H24,994321,995760,-0.38,TIME,LONG
2019-11-25,2019,14:00 prev-close continuation TP30/SL25 H24,998641,1000080,-0.03239999999999782,TIME,SHORT
2019-11-26,2019,14:00 prev-close continuation TP30/SL25 H24,1000081,1001520,0.04159999999999855,TIME,LONG
2019-11-27,2019,14:00 prev-close continuation TP30/SL25 H24,1001521,1002960,0.11399999999999637,TIME,SHORT
2019-11-28,2019,14:00 prev-close continuation TP30/SL25 H24,1002961,1004400,0.029600000000000362,TIME,LONG
2019-11-29,2019,14:00 prev-close continuation TP30/SL25 H24,1004401,1005840,0.2573199999999997,TIME,LONG
2019-12-02,2019,14:00 prev-close continuation TP30/SL25 H24,1008721,1010160,-0.45960000000000034,TIME,SHORT
2019-12-03,2019,14:00 prev-close continuation TP30/SL25 H24,1010161,1011600,0.27731999999999973,TIME,LONG
2019-12-04,2019,14:00 prev-close continuation TP30/SL25 H24,1011601,1013040,0.06983999999999468,TIME,SHORT
2019-12-05,2019,14:00 prev-close continuation TP30/SL25 H24,1013041,1014480,0.015199999999995271,TIME,LONG
2019-12-06,2019,14:00 prev-close continuation TP30/SL25 H24,1014481,1015920,0.5951999999999953,TIME,SHORT
2019-12-09,2019,Compression breakout TP15/SL15 H12,1018520,1019239,-0.10693333333333613,TIME,LONG
2019-12-10,2019,Compression breakout TP15/SL15 H12,1019952,1020671,0.06666666666666667,TIME,LONG
2019-12-11,2019,Compression breakout TP15/SL15 H12,1021418,1022137,0.42906666666666143,TIME,LONG
2019-12-12,2019,Compression breakout TP15/SL15 H12,1022822,1023541,0.3195333333333262,TIME,SHORT
2019-12-13,2019,Thu/Fri Asia breakout TP25/SL20 H24,1024321,1025760,0.26050000000000184,TIME,LONG
2019-12-16,2019,14:00 prev-close continuation TP30/SL25 H24,1028881,1030320,0.07572000000000116,TIME,LONG
2019-12-17,2019,14:00 prev-close continuation TP30/SL25 H24,1030321,1031760,-0.09788000000000466,TIME,LONG
2019-12-18,2019,14:00 prev-close continuation TP30/SL25 H24,1031761,1033200,-0.09667999999999666,TIME,LONG
2019-12-19,2019,14:00 prev-close continuation TP30/SL25 H24,1033201,1034640,-0.12920000000000073,TIME,SHORT
2019-12-20,2019,14:00 prev-close continuation TP30/SL25 H24,1034641,1036080,-0.05680000000000291,TIME,SHORT
2019-12-23,2019,14:00 prev-close continuation TP30/SL25 H24,1038961,1040400,0.2565200000000004,TIME,LONG
2019-12-24,2019,14:00 prev-close continuation TP30/SL25 H24,1040401,1041840,0.30800000000000183,TIME,LONG
2019-12-25,2019,14:00 prev-close continuation TP30/SL25 H24,1041841,1043280,-0.27280000000000654,TIME,SHORT
2019-12-26,2019,14:00 prev-close continuation TP30/SL25 H24,1043281,1044720,0.19652000000000044,TIME,LONG
2019-12-27,2019,14:00 prev-close continuation TP30/SL25 H24,1044721,1046160,-0.06188000000000102,TIME,SHORT
2019-12-30,2019,14:00 prev-close continuation TP30/SL25 H24,1049041,1050480,-0.44988000000000283,TIME,SHORT
2019-12-31,2019,14:00 prev-close continuation TP30/SL25 H24,1050481,1051920,-0.2119999999999982,TIME,LONG
2020-01-01,2020,14:00 prev-close continuation TP30/SL25 H24,1051921,1053360,-0.21108000000000174,TIME,SHORT
2020-01-02,2020,14:00 prev-close continuation TP30/SL25 H24,1053361,1054800,1.1014400000000024,TIME,LONG
2020-01-03,2020,14:00 prev-close continuation TP30/SL25 H24,1054801,1056240,0.062400000000006915,TIME,LONG
2020-01-06,2020,14:00 prev-close continuation TP30/SL25 H24,1059121,1060560,-0.440679999999993,TIME,LONG
2020-01-07,2020,14:00 prev-close continuation TP30/SL25 H24,1060561,1061262,1.2,TP,LONG
2020-01-08,2020,14:00 prev-close continuation TP30/SL25 H24,1062001,1062285,-1.0,SL,LONG
2020-01-09,2020,14:00 prev-close continuation TP30/SL25 H24,1063441,1064880,-0.09919999999999163,TIME,SHORT
2020-01-10,2020,14:00 prev-close continuation TP30/SL25 H24,1064881,1066320,-0.5026800000000002,TIME,SHORT
2020-01-13,2020,14:00 prev-close continuation TP30/SL25 H24,1069201,1070640,0.3607999999999993,TIME,SHORT
2020-01-14,2020,14:00 prev-close continuation TP30/SL25 H24,1070641,1072080,-0.3470800000000054,TIME,SHORT
2020-01-15,2020,14:00 prev-close continuation TP30/SL25 H24,1072081,1073520,0.16720000000000254,TIME,LONG
2020-01-16,2020,14:00 prev-close continuation TP30/SL25 H24,1073521,1074960,-0.0034799999999995633,TIME,LONG
2020-01-17,2020,14:00 prev-close continuation TP30/SL25 H24,1074961,1076400,0.01,TIME,LONG
2020-01-20,2020,14:00 prev-close continuation TP30/SL25 H24,1079281,1080720,-0.18200000000000727,TIME,LONG
2020-01-21,2020,14:00 prev-close continuation TP30/SL25 H24,1080721,1082160,-0.011199999999998909,TIME,SHORT
2020-01-22,2020,14:00 prev-close continuation TP30/SL25 H24,1082161,1083600,0.09452000000000225,TIME,SHORT
2020-01-23,2020,14:00 prev-close continuation TP30/SL25 H24,1083601,1085040,-0.2664000000000033,TIME,SHORT
2020-01-24,2020,14:00 prev-close continuation TP30/SL25 H24,1085041,1086480,-0.5179999999999927,TIME,SHORT
2020-01-27,2020,14:00 prev-close continuation TP30/SL25 H24,1089361,1090800,-0.2438799999999992,TIME,LONG
2020-01-28,2020,14:00 prev-close continuation TP30/SL25 H24,1090801,1092240,0.25851999999999864,TIME,SHORT
2020-01-29,2020,14:00 prev-close continuation TP30/SL25 H24,1092241,1093680,0.3285199999999986,TIME,LONG
2020-01-30,2020,14:00 prev-close continuation TP30/SL25 H24,1093681,1095120,-0.013599999999996726,TIME,LONG
2020-01-31,2020,14:00 prev-close continuation TP30/SL25 H24,1095121,1096560,0.36840000000000145,TIME,LONG
2020-02-03,2020,14:00 prev-close continuation TP30/SL25 H24,1099441,1100880,0.3011999999999989,TIME,SHORT
2020-02-04,2020,14:00 prev-close continuation TP30/SL25 H24,1100881,1102320,0.5592000000000007,TIME,SHORT
2020-02-05,2020,14:00 prev-close continuation TP30/SL25 H24,1102321,1103760,0.31599999999999456,TIME,LONG
2020-02-06,2020,14:00 prev-close continuation TP30/SL25 H24,1103761,1105200,0.14599999999999455,TIME,LONG
2020-02-07,2020,14:00 prev-close continuation TP30/SL25 H24,1105201,1106640,0.08092000000000553,TIME,LONG
2020-02-10,2020,14:00 prev-close continuation TP30/SL25 H24,1109521,1110960,-0.13988000000000284,TIME,LONG
2020-02-11,2020,14:00 prev-close continuation TP30/SL25 H24,1110961,1112400,0.06492000000000189,TIME,SHORT
2020-02-12,2020,14:00 prev-close continuation TP30/SL25 H24,1112401,1113840,-0.2962800000000061,TIME,SHORT
2020-02-13,2020,14:00 prev-close continuation TP30/SL25 H24,1113841,1115280,0.0817200000000048,TIME,LONG
2020-02-14,2020,14:00 prev-close continuation TP30/SL25 H24,1115281,1116720,0.2898399999999947,TIME,LONG
2020-02-17,2020,Compression breakout TP15/SL15 H12,1119356,1120075,-0.0891333333333326,TIME,SHORT
2020-02-18,2020,14:00 prev-close continuation TP30/SL25 H24,1121041,1122480,0.8265200000000005,TIME,LONG
2020-02-19,2020,14:00 prev-close continuation TP30/SL25 H24,1122481,1123920,0.32463999999999943,TIME,LONG
2020-02-20,2020,14:00 prev-close continuation TP30/SL25 H24,1123921,1125360,0.7073199999999997,TIME,LONG
2020-02-21,2020,14:00 prev-close continuation TP30/SL25 H24,1125361,1126800,0.308119999999999,TIME,LONG
2020-02-24,2020,14:00 prev-close continuation TP30/SL25 H24,1129681,1130129,-1.0,SL,LONG
2020-02-25,2020,14:00 prev-close continuation TP30/SL25 H24,1131121,1132560,-0.11627999999999701,TIME,SHORT
2020-02-26,2020,14:00 prev-close continuation TP30/SL25 H24,1132561,1134000,0.026240000000007056,TIME,LONG
2020-02-27,2020,14:00 prev-close continuation TP30/SL25 H24,1134001,1135161,-1.0,SL,LONG
2020-02-28,2020,Thu/Fri Asia breakout TP25/SL20 H24,1135202,1135652,1.25,TP,SHORT
2020-03-02,2020,14:00 prev-close continuation TP30/SL25 H24,1139761,1141200,-0.16079999999999928,TIME,LONG
2020-03-03,2020,14:00 prev-close continuation TP30/SL25 H24,1141201,1141417,1.2,TP,LONG
2020-03-04,2020,14:00 prev-close continuation TP30/SL25 H24,1142641,1144080,0.11252000000000408,TIME,LONG
2020-03-05,2020,14:00 prev-close continuation TP30/SL25 H24,1144081,1145094,1.2,TP,LONG
2020-03-06,2020,Thu/Fri Asia breakout TP25/SL20 H24,1145378,1145723,-1.0,SL,LONG
2020-03-09,2020,14:00 prev-close continuation TP30/SL25 H24,1149841,1150920,-1.0,SL,LONG
2020-03-10,2020,14:00 prev-close continuation TP30/SL25 H24,1151281,1152720,-0.22599999999999454,TIME,SHORT
2020-03-11,2020,14:00 prev-close continuation TP30/SL25 H24,1152721,1153049,-1.0,SL,LONG
2020-03-12,2020,14:00 prev-close continuation TP30/SL25 H24,1154161,1154251,1.2,TP,SHORT
2020-03-13,2020,Thu/Fri Asia breakout TP25/SL20 H24,1155361,1155717,-1.0,SL,LONG
2020-03-16,2020,14:00 prev-close continuation TP30/SL25 H24,1159921,1160080,-1.0,SL,SHORT
2020-03-17,2020,14:00 prev-close continuation TP30/SL25 H24,1161361,1161452,-1.0,SL,SHORT
2020-03-18,2020,14:00 prev-close continuation TP30/SL25 H24,1162801,1163090,1.2,TP,SHORT
2020-03-19,2020,14:00 prev-close continuation TP30/SL25 H24,1164241,1165360,-1.0,SL,SHORT
2020-03-20,2020,Thu/Fri Asia breakout TP25/SL20 H24,1165441,1165726,-1.0,SL,LONG
2020-03-23,2020,14:00 prev-close continuation TP30/SL25 H24,1170001,1170012,-1.0,SL,SHORT
2020-03-24,2020,14:00 prev-close continuation TP30/SL25 H24,1171441,1171452,-1.0,SL,LONG
2020-03-25,2020,14:00 prev-close continuation TP30/SL25 H24,1172881,1174320,-0.4677599999999984,TIME,SHORT
2020-03-26,2020,14:00 prev-close continuation TP30/SL25 H24,1174321,1175760,-0.07296000000000276,TIME,LONG
2020-03-27,2020,14:00 prev-close continuation TP30/SL25 H24,1175761,1177200,-0.4526800000000003,TIME,SHORT
2020-03-30,2020,14:00 prev-close continuation TP30/SL25 H24,1180021,1181454,1.2,TP,SHORT
2020-03-31,2020,14:00 prev-close continuation TP30/SL25 H24,1181461,1182121,1.2,TP,SHORT
2020-04-01,2020,14:00 prev-close continuation TP30/SL25 H24,1182901,1184340,0.05304000000000087,TIME,LONG
2020-04-02,2020,14:00 prev-close continuation TP30/SL25 H24,1184341,1185780,0.5394400000000041,TIME,LONG
2020-04-03,2020,14:00 prev-close continuation TP30/SL25 H24,1185781,1187220,-0.4257600000000002,TIME,SHORT
2020-04-06,2020,Compression breakout TP15/SL15 H12,1189812,1190121,1.0,TP,LONG
2020-04-07,2020,14:00 prev-close continuation TP30/SL25 H24,1191541,1192980,0.19064000000000306,TIME,SHORT
2020-04-08,2020,14:00 prev-close continuation TP30/SL25 H24,1192981,1194420,0.49703999999999726,TIME,LONG
2020-04-09,2020,14:00 prev-close continuation TP30/SL25 H24,1194421,1195860,0.7882399999999962,TIME,LONG
2020-04-10,2020,14:00 prev-close continuation TP30/SL25 H24,1195861,1197300,-0.1477600000000075,TIME,SHORT
2020-04-13,2020,14:00 prev-close continuation TP30/SL25 H24,1200181,1200603,1.2,TP,LONG
2020-04-14,2020,14:00 prev-close continuation TP30/SL25 H24,1201621,1203060,0.09744000000000597,TIME,LONG
2020-04-15,2020,14:00 prev-close continuation TP30/SL25 H24,1203061,1204500,-0.3789600000000064,TIME,SHORT
2020-04-16,2020,14:00 prev-close continuation TP30/SL25 H24,1204501,1204833,-1.0,SL,LONG
2020-04-17,2020,Thu/Fri Asia breakout TP25/SL20 H24,1205726,1207165,0.2822999999999979,TIME,SHORT
2020-04-20,2020,14:00 prev-close continuation TP30/SL25 H24,1210261,1211700,-0.2309599999999955,TIME,LONG
2020-04-21,2020,14:00 prev-close continuation TP30/SL25 H24,1211701,1213037,-1.0,SL,SHORT
2020-04-22,2020,14:00 prev-close continuation TP30/SL25 H24,1213141,1214580,1.1058400000000075,TIME,LONG
2020-04-23,2020,14:00 prev-close continuation TP30/SL25 H24,1214581,1216020,0.20823999999999615,TIME,LONG
2020-04-24,2020,14:00 prev-close continuation TP30/SL25 H24,1216021,1216300,-1.0,SL,LONG
2020-04-27,2020,14:00 prev-close continuation TP30/SL25 H24,1220341,1221780,0.31851999999999864,TIME,SHORT
2020-04-28,2020,14:00 prev-close continuation TP30/SL25 H24,1221781,1223220,0.19851999999999861,TIME,SHORT
2020-04-29,2020,14:00 prev-close continuation TP30/SL25 H24,1223221,1224660,-0.5246799999999985,TIME,SHORT
2020-04-30,2020,14:00 prev-close continuation TP30/SL25 H24,1224661,1224966,-1.0,SL,LONG
2020-05-01,2020,Thu/Fri Asia breakout TP25/SL20 H24,1225895,1226349,-1.0,SL,SHORT
2020-05-04,2020,14:00 prev-close continuation TP30/SL25 H24,1230421,1231860,-0.2685599999999977,TIME,LONG
2020-05-05,2020,14:00 prev-close continuation TP30/SL25 H24,1231861,1233300,-0.19175999999999477,TIME,SHORT
2020-05-06,2020,14:00 prev-close continuation TP30/SL25 H24,1233301,1234740,0.32743999999999684,TIME,SHORT
2020-05-07,2020,14:00 prev-close continuation TP30/SL25 H24,1234741,1236180,1.0406400000000031,TIME,LONG
2020-05-08,2020,14:00 prev-close continuation TP30/SL25 H24,1236181,1237620,-0.7542800000000079,TIME,LONG
2020-05-11,2020,14:00 prev-close continuation TP30/SL25 H24,1240501,1241940,-0.12256000000000312,TIME,SHORT
2020-05-12,2020,14:00 prev-close continuation TP30/SL25 H24,1241941,1243380,0.04144000000000233,TIME,LONG
2020-05-13,2020,14:00 prev-close continuation TP30/SL25 H24,1243381,1244820,0.42279999999999746,TIME,LONG
2020-05-14,2020,14:00 prev-close continuation TP30/SL25 H24,1244821,1246260,-0.6993600000000061,TIME,SHORT
2020-05-15,2020,14:00 prev-close continuation TP30/SL25 H24,1246261,1247700,0.33823999999999615,TIME,LONG
2020-05-18,2020,14:00 prev-close continuation TP30/SL25 H24,1250581,1250747,-1.0,SL,LONG
2020-05-19,2020,14:00 prev-close continuation TP30/SL25 H24,1252021,1253460,0.6278399999999965,TIME,LONG
2020-05-20,2020,14:00 prev-close continuation TP30/SL25 H24,1253461,1254900,-0.6533599999999933,TIME,LONG
2020-05-21,2020,14:00 prev-close continuation TP30/SL25 H24,1254901,1256340,-0.033479999999999566,TIME,SHORT
2020-05-22,2020,14:00 prev-close continuation TP30/SL25 H24,1256341,1257780,-0.07256000000000312,TIME,LONG
2020-05-25,2020,14:00 prev-close continuation TP30/SL25 H24,1260661,1262100,0.04692000000000007,TIME,SHORT
2020-05-26,2020,14:00 prev-close continuation TP30/SL25 H24,1262101,1263540,0.7645199999999932,TIME,SHORT
2020-05-27,2020,14:00 prev-close continuation TP30/SL25 H24,1263541,1264980,-0.6909599999999955,TIME,SHORT
2020-05-28,2020,14:00 prev-close continuation TP30/SL25 H24,1264981,1266420,0.12412000000000262,TIME,LONG
2020-05-29,2020,14:00 prev-close continuation TP30/SL25 H24,1266421,1267860,0.03800000000000182,TIME,LONG
2020-06-01,2020,14:00 prev-close continuation TP30/SL25 H24,1270741,1272180,0.19904000000000452,TIME,LONG
2020-06-02,2020,14:00 prev-close continuation TP30/SL25 H24,1272181,1273482,-1.0,SL,LONG
2020-06-03,2020,14:00 prev-close continuation TP30/SL25 H24,1273621,1275060,0.23903999999999542,TIME,SHORT
2020-06-04,2020,14:00 prev-close continuation TP30/SL25 H24,1275061,1276500,-0.32788000000000467,TIME,LONG
2020-06-05,2020,14:00 prev-close continuation TP30/SL25 H24,1276501,1276714,1.2,TP,SHORT
2020-06-08,2020,14:00 prev-close continuation TP30/SL25 H24,1280821,1282260,0.570640000000003,TIME,LONG
2020-06-09,2020,14:00 prev-close continuation TP30/SL25 H24,1282261,1283700,0.3827999999999975,TIME,LONG
2020-06-10,2020,14:00 prev-close continuation TP30/SL25 H24,1283701,1285140,0.4971999999999934,TIME,LONG
2020-06-11,2020,14:00 prev-close continuation TP30/SL25 H24,1285141,1286580,-0.18079999999999927,TIME,SHORT
2020-06-12,2020,14:00 prev-close continuation TP30/SL25 H24,1286581,1288020,-0.3002799999999934,TIME,LONG
2020-06-15,2020,14:00 prev-close continuation TP30/SL25 H24,1290901,1292340,-0.8215999999999986,TIME,SHORT
2020-06-16,2020,14:00 prev-close continuation TP30/SL25 H24,1292341,1293780,-0.4188000000000011,TIME,LONG
2020-06-17,2020,14:00 prev-close continuation TP30/SL25 H24,1293781,1295220,-0.2609600000000046,TIME,SHORT
2020-06-18,2020,14:00 prev-close continuation TP30/SL25 H24,1295221,1296660,-0.18028000000000247,TIME,SHORT
2020-06-19,2020,14:00 prev-close continuation TP30/SL25 H24,1296661,1298100,0.5145200000000023,TIME,LONG
2020-06-22,2020,14:00 prev-close continuation TP30/SL25 H24,1300981,1302420,0.32863999999999577,TIME,LONG
2020-06-23,2020,14:00 prev-close continuation TP30/SL25 H24,1302421,1303860,0.73692,TIME,LONG
2020-06-24,2020,14:00 prev-close continuation TP30/SL25 H24,1303861,1305300,-0.6375999999999931,TIME,LONG
2020-06-25,2020,14:00 prev-close continuation TP30/SL25 H24,1305301,1306740,-0.07640000000000327,TIME,SHORT
2020-06-26,2020,14:00 prev-close continuation TP30/SL25 H24,1306741,1308180,-0.42175999999999475,TIME,SHORT
2020-06-29,2020,14:00 prev-close continuation TP30/SL25 H24,1311061,1312500,-0.12159999999999854,TIME,LONG
2020-06-30,2020,14:00 prev-close continuation TP30/SL25 H24,1312501,1313940,-0.4626800000000003,TIME,SHORT
2020-07-01,2020,14:00 prev-close continuation TP30/SL25 H24,1313941,1315380,-0.3513600000000042,TIME,LONG
2020-07-02,2020,14:00 prev-close continuation TP30/SL25 H24,1315381,1316820,0.12359999999999673,TIME,LONG
2020-07-03,2020,14:00 prev-close continuation TP30/SL25 H24,1316821,1318260,-0.06975999999999657,TIME,LONG
2020-07-06,2020,14:00 prev-close continuation TP30/SL25 H24,1321141,1322580,-0.008279999999995197,TIME,LONG
2020-07-07,2020,14:00 prev-close continuation TP30/SL25 H24,1322581,1323940,-1.0,SL,SHORT
2020-07-08,2020,14:00 prev-close continuation TP30/SL25 H24,1324021,1325460,0.22463999999999942,TIME,LONG
2020-07-09,2020,14:00 prev-close continuation TP30/SL25 H24,1325461,1326900,-0.04016000000000531,TIME,LONG
2020-07-10,2020,14:00 prev-close continuation TP30/SL25 H24,1326901,1328340,-0.41615999999999986,TIME,LONG
2020-07-13,2020,14:00 prev-close continuation TP30/SL25 H24,1331221,1332660,-0.645599999999995,TIME,LONG
2020-07-14,2020,14:00 prev-close continuation TP30/SL25 H24,1332661,1334100,-0.5910800000000017,TIME,SHORT
2020-07-15,2020,14:00 prev-close continuation TP30/SL25 H24,1334101,1335540,0.03412000000000262,TIME,SHORT
2020-07-16,2020,14:00 prev-close continuation TP30/SL25 H24,1335541,1336980,0.06080000000000837,TIME,SHORT
2020-07-17,2020,14:00 prev-close continuation TP30/SL25 H24,1336981,1338420,0.16971999999999754,TIME,LONG
2020-07-20,2020,Compression breakout TP15/SL15 H12,1341046,1341765,0.42439999999999906,TIME,LONG
2020-07-21,2020,Compression breakout TP15/SL15 H12,1342470,1342821,1.0,TP,LONG
2020-07-22,2020,14:00 prev-close continuation TP30/SL25 H24,1344181,1345620,0.8681200000000081,TIME,LONG
2020-07-23,2020,14:00 prev-close continuation TP30/SL25 H24,1345621,1347060,0.36623999999999796,TIME,LONG
2020-07-24,2020,14:00 prev-close continuation TP30/SL25 H24,1347061,1348500,0.3937199999999939,TIME,LONG
2020-07-27,2020,14:00 prev-close continuation TP30/SL25 H24,1351381,1352230,1.2,TP,LONG
2020-07-28,2020,14:00 prev-close continuation TP30/SL25 H24,1352821,1353055,-1.0,SL,SHORT
2020-07-29,2020,14:00 prev-close continuation TP30/SL25 H24,1354261,1354728,-1.0,SL,SHORT
2020-07-30,2020,Thu/Fri Asia breakout TP25/SL20 H24,1355462,1356831,-1.0,SL,SHORT
2020-07-31,2020,Thu/Fri Asia breakout TP25/SL20 H24,1356901,1358340,-0.08070000000000163,TIME,LONG
2020-08-03,2020,14:00 prev-close continuation TP30/SL25 H24,1361461,1362900,-0.2742800000000079,TIME,SHORT
2020-08-04,2020,14:00 prev-close continuation TP30/SL25 H24,1362901,1363215,-1.0,SL,SHORT
2020-08-05,2020,14:00 prev-close continuation TP30/SL25 H24,1364341,1365780,0.3609200000000055,TIME,LONG
2020-08-06,2020,14:00 prev-close continuation TP30/SL25 H24,1365781,1367220,0.3325200000000041,TIME,LONG
2020-08-07,2020,14:00 prev-close continuation TP30/SL25 H24,1367221,1367407,1.2,TP,SHORT
2020-08-10,2020,14:00 prev-close continuation TP30/SL25 H24,1371541,1372707,1.2,TP,SHORT
2020-08-11,2020,14:00 prev-close continuation TP30/SL25 H24,1372981,1373091,1.2,TP,SHORT
2020-08-12,2020,14:00 prev-close continuation TP30/SL25 H24,1374421,1374958,-1.0,SL,LONG
2020-08-13,2020,14:00 prev-close continuation TP30/SL25 H24,1375861,1376253,1.2,TP,LONG
2020-08-14,2020,Thu/Fri Asia breakout TP25/SL20 H24,1377061,1378500,-0.045699999999999366,TIME,SHORT
2020-08-17,2020,14:00 prev-close continuation TP30/SL25 H24,1381621,1381828,1.2,TP,LONG
2020-08-18,2020,14:00 prev-close continuation TP30/SL25 H24,1383061,1383268,-1.0,SL,LONG
2020-08-19,2020,14:00 prev-close continuation TP30/SL25 H24,1384501,1384760,1.2,TP,SHORT
2020-08-20,2020,14:00 prev-close continuation TP30/SL25 H24,1385941,1387380,0.16452000000000225,TIME,LONG
2020-08-21,2020,14:00 prev-close continuation TP30/SL25 H24,1387381,1388820,-0.281880000000001,TIME,SHORT
2020-08-24,2020,Compression breakout TP15/SL15 H12,1391474,1391765,1.0,TP,LONG
2020-08-25,2020,Compression breakout TP15/SL15 H12,1392985,1393704,-0.10266666666666424,TIME,SHORT
2020-08-26,2020,14:00 prev-close continuation TP30/SL25 H24,1394581,1394794,-1.0,SL,SHORT
2020-08-27,2020,14:00 prev-close continuation TP30/SL25 H24,1396021,1396155,-1.0,SL,SHORT
2020-08-28,2020,Thu/Fri Asia breakout TP25/SL20 H24,1397221,1397735,1.25,TP,LONG
2020-08-31,2020,Compression breakout TP15/SL15 H12,1401508,1402227,-0.25866666666667393,TIME,SHORT
2020-09-01,2020,14:00 prev-close continuation TP30/SL25 H24,1403221,1403445,-1.0,SL,LONG
2020-09-02,2020,14:00 prev-close continuation TP30/SL25 H24,1404661,1404983,1.2,TP,SHORT
2020-09-03,2020,Thu/Fri Asia breakout TP25/SL20 H24,1405861,1407300,-0.22385000000000446,TIME,SHORT
2020-09-04,2020,14:00 prev-close continuation TP30/SL25 H24,1407541,1408980,-0.23055999999999585,TIME,LONG
2020-09-07,2020,14:00 prev-close continuation TP30/SL25 H24,1411861,1413300,0.4079999999999927,TIME,SHORT
2020-09-08,2020,14:00 prev-close continuation TP30/SL25 H24,1413301,1414740,-0.25135999999999514,TIME,SHORT
2020-09-09,2020,14:00 prev-close continuation TP30/SL25 H24,1414741,1414918,-1.0,SL,SHORT
2020-09-10,2020,Compression breakout TP15/SL15 H12,1415911,1416275,-1.0,SL,SHORT
2020-09-11,2020,14:00 prev-close continuation TP30/SL25 H24,1417621,1419060,-0.32095999999999547,TIME,LONG
2020-09-14,2020,14:00 prev-close continuation TP30/SL25 H24,1421941,1423380,1.078239999999996,TIME,LONG
2020-09-15,2020,14:00 prev-close continuation TP30/SL25 H24,1423381,1424820,-0.26427999999999885,TIME,LONG
2020-09-16,2020,14:00 prev-close continuation TP30/SL25 H24,1424821,1425793,-1.0,SL,LONG
2020-09-17,2020,Thu/Fri Asia breakout TP25/SL20 H24,1426171,1427610,-0.8951999999999998,TIME,SHORT
2020-09-18,2020,14:00 prev-close continuation TP30/SL25 H24,1427701,1429140,-0.08855999999999767,TIME,LONG
2020-09-21,2020,14:00 prev-close continuation TP30/SL25 H24,1432021,1432221,1.2,TP,SHORT
2020-09-22,2020,14:00 prev-close continuation TP30/SL25 H24,1433461,1434615,1.2,TP,SHORT
2020-09-23,2020,14:00 prev-close continuation TP30/SL25 H24,1434901,1435339,1.2,TP,SHORT
2020-09-24,2020,14:00 prev-close continuation TP30/SL25 H24,1436341,1437780,0.018919999999998254,TIME,SHORT
2020-09-25,2020,14:00 prev-close continuation TP30/SL25 H24,1437781,1439220,-0.23587999999999737,TIME,SHORT
2020-09-28,2020,14:00 prev-close continuation TP30/SL25 H24,1442101,1442567,-1.0,SL,SHORT
2020-09-29,2020,14:00 prev-close continuation TP30/SL25 H24,1443541,1444980,-0.057759999999998396,TIME,LONG
2020-09-30,2020,14:00 prev-close continuation TP30/SL25 H24,1444981,1446420,-0.48867999999999484,TIME,SHORT
2020-10-01,2020,14:00 prev-close continuation TP30/SL25 H24,1446421,1447860,0.44720000000000254,TIME,LONG
2020-10-02,2020,14:00 prev-close continuation TP30/SL25 H24,1447861,1449300,-0.3813600000000042,TIME,LONG
2020-10-05,2020,14:00 prev-close continuation TP30/SL25 H24,1452181,1453620,-0.5645600000000013,TIME,SHORT
2020-10-06,2020,14:00 prev-close continuation TP30/SL25 H24,1453621,1454203,1.2,TP,SHORT
2020-10-07,2020,14:00 prev-close continuation TP30/SL25 H24,1455061,1456500,0.22880000000000109,TIME,LONG
2020-10-08,2020,14:00 prev-close continuation TP30/SL25 H24,1456501,1457940,0.9278399999999966,TIME,LONG
2020-10-09,2020,14:00 prev-close continuation TP30/SL25 H24,1457941,1459380,0.5077199999999994,TIME,LONG
2020-10-12,2020,14:00 prev-close continuation TP30/SL25 H24,1462261,1463700,-0.058280000000004294,TIME,SHORT
2020-10-13,2020,14:00 prev-close continuation TP30/SL25 H24,1463701,1463888,1.2,TP,SHORT
2020-10-14,2020,14:00 prev-close continuation TP30/SL25 H24,1465141,1466580,-0.09147999999999229,TIME,LONG
2020-10-15,2020,14:00 prev-close continuation TP30/SL25 H24,1466581,1468020,-0.4902799999999934,TIME,SHORT
2020-10-16,2020,14:00 prev-close continuation TP30/SL25 H24,1468021,1469460,-0.4026800000000003,TIME,LONG
2020-10-19,2020,14:00 prev-close continuation TP30/SL25 H24,1472341,1473780,-0.33039999999999964,TIME,LONG
2020-10-20,2020,14:00 prev-close continuation TP30/SL25 H24,1473781,1475220,0.46423999999999976,TIME,LONG
2020-10-21,2020,14:00 prev-close continuation TP30/SL25 H24,1475221,1476660,-0.045999999999994545,TIME,LONG
2020-10-22,2020,14:00 prev-close continuation TP30/SL25 H24,1476661,1478100,0.25,TIME,SHORT
2020-10-23,2020,14:00 prev-close continuation TP30/SL25 H24,1478101,1479540,-0.37228000000000067,TIME,LONG
2020-10-26,2020,14:00 prev-close continuation TP30/SL25 H24,1482481,1483920,-0.037200000000002544,TIME,LONG
2020-10-27,2020,14:00 prev-close continuation TP30/SL25 H24,1483921,1485360,-0.5354799999999977,TIME,LONG
2020-10-28,2020,14:00 prev-close continuation TP30/SL25 H24,1485361,1486800,0.6929199999999947,TIME,SHORT
2020-10-29,2020,14:00 prev-close continuation TP30/SL25 H24,1486801,1488240,-0.31188000000000105,TIME,SHORT
2020-10-30,2020,14:00 prev-close continuation TP30/SL25 H24,1488241,1489680,-0.05947999999999411,TIME,LONG
2020-11-02,2020,14:00 prev-close continuation TP30/SL25 H24,1492561,1494000,0.4078400000000056,TIME,LONG
2020-11-03,2020,14:00 prev-close continuation TP30/SL25 H24,1494001,1495440,0.0922400000000016,TIME,LONG
2020-11-04,2020,14:00 prev-close continuation TP30/SL25 H24,1495441,1496880,-0.667479999999996,TIME,SHORT
2020-11-05,2020,14:00 prev-close continuation TP30/SL25 H24,1496881,1497134,1.2,TP,LONG
2020-11-06,2020,Thu/Fri Asia breakout TP25/SL20 H24,1498084,1499523,0.024300000000005186,TIME,LONG
2020-11-09,2020,14:00 prev-close continuation TP30/SL25 H24,1502641,1502653,1.2,TP,SHORT
2020-11-10,2020,14:00 prev-close continuation TP30/SL25 H24,1504081,1505520,-0.09467999999999847,TIME,LONG
2020-11-11,2020,14:00 prev-close continuation TP30/SL25 H24,1505521,1506960,0.2229200000000037,TIME,SHORT
2020-11-12,2020,14:00 prev-close continuation TP30/SL25 H24,1506961,1508400,0.3196000000000004,TIME,LONG
2020-11-13,2020,14:00 prev-close continuation TP30/SL25 H24,1508401,1509840,0.35332000000000335,TIME,LONG
2020-11-16,2020,14:00 prev-close continuation TP30/SL25 H24,1512721,1512970,-1.0,SL,SHORT
2020-11-17,2020,14:00 prev-close continuation TP30/SL25 H24,1514161,1515600,0.7032000000000062,TIME,SHORT
2020-11-18,2020,14:00 prev-close continuation TP30/SL25 H24,1515601,1517040,0.30823999999999613,TIME,SHORT
2020-11-19,2020,14:00 prev-close continuation TP30/SL25 H24,1517041,1518480,-0.1370799999999963,TIME,SHORT
2020-11-20,2020,14:00 prev-close continuation TP30/SL25 H24,1518481,1519920,-0.2377599999999984,TIME,SHORT
2020-11-23,2020,14:00 prev-close continuation TP30/SL25 H24,1522801,1522992,1.2,TP,SHORT
2020-11-24,2020,14:00 prev-close continuation TP30/SL25 H24,1524241,1525680,-0.043200000000006185,TIME,SHORT
2020-11-25,2020,14:00 prev-close continuation TP30/SL25 H24,1525681,1527120,0.08840000000000145,TIME,LONG
2020-11-26,2020,14:00 prev-close continuation TP30/SL25 H24,1527121,1528560,-0.3450800000000072,TIME,LONG
2020-11-27,2020,14:00 prev-close continuation TP30/SL25 H24,1528561,1528675,1.2,TP,SHORT
2020-11-30,2020,14:00 prev-close continuation TP30/SL25 H24,1532881,1534200,-1.0,SL,SHORT
2020-12-01,2020,14:00 prev-close continuation TP30/SL25 H24,1534321,1535760,0.6966400000000067,TIME,LONG
2020-12-02,2020,14:00 prev-close continuation TP30/SL25 H24,1535761,1537200,0.7011999999999989,TIME,LONG
2020-12-03,2020,14:00 prev-close continuation TP30/SL25 H24,1537201,1538640,-0.048559999999997674,TIME,LONG
2020-12-04,2020,14:00 prev-close continuation TP30/SL25 H24,1538641,1540080,-0.15135999999999514,TIME,LONG
2020-12-07,2020,14:00 prev-close continuation TP30/SL25 H24,1542961,1543135,-1.0,SL,SHORT
2020-12-08,2020,14:00 prev-close continuation TP30/SL25 H24,1544401,1545840,0.2932000000000062,TIME,SHORT
2020-12-09,2020,14:00 prev-close continuation TP30/SL25 H24,1545841,1547280,0.7830799999999999,TIME,SHORT
2020-12-10,2020,14:00 prev-close continuation TP30/SL25 H24,1547281,1548720,0.08451999999999316,TIME,SHORT
2020-12-11,2020,14:00 prev-close continuation TP30/SL25 H24,1548721,1550160,-0.3282800000000043,TIME,SHORT
2020-12-14,2020,14:00 prev-close continuation TP30/SL25 H24,1553041,1554480,-0.7421599999999944,TIME,SHORT
2020-12-15,2020,14:00 prev-close continuation TP30/SL25 H24,1554481,1555920,0.627440000000006,TIME,LONG
2020-12-16,2020,14:00 prev-close continuation TP30/SL25 H24,1555921,1557360,0.6579200000000037,TIME,LONG
2020-12-17,2020,14:00 prev-close continuation TP30/SL25 H24,1557361,1558800,0.2068000000000029,TIME,LONG
2020-12-18,2020,14:00 prev-close continuation TP30/SL25 H24,1558801,1560240,0.06092000000000553,TIME,SHORT
2020-12-21,2020,14:00 prev-close continuation TP30/SL25 H24,1563121,1564560,0.25400000000000544,TIME,SHORT
2020-12-22,2020,14:00 prev-close continuation TP30/SL25 H24,1564561,1566000,0.33692000000000005,TIME,SHORT
2020-12-23,2020,14:00 prev-close continuation TP30/SL25 H24,1566001,1567440,0.4740000000000055,TIME,LONG
2020-12-24,2020,14:00 prev-close continuation TP30/SL25 H24,1567441,1568880,0.11684000000000197,TIME,LONG
2020-12-25,2020,14:00 prev-close continuation TP30/SL25 H24,1568881,1570320,-0.036800000000002914,TIME,SHORT
2020-12-28,2020,14:00 prev-close continuation TP30/SL25 H24,1573201,1574640,-0.17627999999999702,TIME,SHORT
2020-12-29,2020,14:00 prev-close continuation TP30/SL25 H24,1574641,1576080,0.03092000000000553,TIME,LONG
2020-12-30,2020,14:00 prev-close continuation TP30/SL25 H24,1576081,1577520,-0.6467999999999938,TIME,SHORT
2020-12-31,2020,14:00 prev-close continuation TP30/SL25 H24,1577521,1578960,-0.20628000000000613,TIME,SHORT
2021-01-01,2021,14:00 prev-close continuation TP30/SL25 H24,1578961,1580400,-0.05199999999999818,TIME,SHORT
2021-01-04,2021,14:00 prev-close continuation TP30/SL25 H24,1583281,1584720,0.6370399999999973,TIME,LONG
2021-01-05,2021,14:00 prev-close continuation TP30/SL25 H24,1584721,1586160,-0.1765599999999995,TIME,LONG
2021-01-06,2021,14:00 prev-close continuation TP30/SL25 H24,1586161,1586380,1.2,TP,SHORT
2021-01-07,2021,Thu/Fri Asia breakout TP25/SL20 H24,1587505,1588800,1.25,TP,SHORT
2021-01-08,2021,Thu/Fri Asia breakout TP25/SL20 H24,1588801,1589213,1.25,TP,SHORT
2021-01-11,2021,14:00 prev-close continuation TP30/SL25 H24,1593361,1594800,0.4047999999999956,TIME,LONG
2021-01-12,2021,14:00 prev-close continuation TP30/SL25 H24,1594801,1596240,-0.27347999999999956,TIME,LONG
2021-01-13,2021,14:00 prev-close continuation TP30/SL25 H24,1596241,1597680,0.42532000000000153,TIME,SHORT
2021-01-14,2021,14:00 prev-close continuation TP30/SL25 H24,1597681,1599120,-0.25495999999999186,TIME,SHORT
2021-01-15,2021,14:00 prev-close continuation TP30/SL25 H24,1599121,1599373,-1.0,SL,LONG
2021-01-18,2021,14:00 prev-close continuation TP30/SL25 H24,1603441,1604880,0.3297199999999975,TIME,LONG
2021-01-19,2021,14:00 prev-close continuation TP30/SL25 H24,1604881,1606320,0.24840000000000145,TIME,LONG
2021-01-20,2021,14:00 prev-close continuation TP30/SL25 H24,1606321,1607760,0.852520000000004,TIME,LONG
2021-01-21,2021,14:00 prev-close continuation TP30/SL25 H24,1607761,1609200,0.7949200000000018,TIME,SHORT
2021-01-22,2021,14:00 prev-close continuation TP30/SL25 H24,1609201,1610640,-0.24268000000000028,TIME,SHORT
2021-01-25,2021,14:00 prev-close continuation TP30/SL25 H24,1613521,1614960,-0.3992000000000007,TIME,LONG
2021-01-26,2021,14:00 prev-close continuation TP30/SL25 H24,1614961,1616400,0.44040000000000873,TIME,SHORT
2021-01-27,2021,14:00 prev-close continuation TP30/SL25 H24,1616401,1617840,0.08623999999999796,TIME,SHORT
2021-01-28,2021,14:00 prev-close continuation TP30/SL25 H24,1617841,1618047,-1.0,SL,SHORT
2021-01-29,2021,Thu/Fri Asia breakout TP25/SL20 H24,1619107,1620546,-0.29969999999999575,TIME,LONG
2021-02-01,2021,14:00 prev-close continuation TP30/SL25 H24,1623601,1625040,-1.0,SL,LONG
2021-02-02,2021,14:00 prev-close continuation TP30/SL25 H24,1625041,1626480,0.30467999999999845,TIME,SHORT
2021-02-03,2021,14:00 prev-close continuation TP30/SL25 H24,1626481,1627920,0.8411599999999999,TIME,SHORT
2021-02-04,2021,14:00 prev-close continuation TP30/SL25 H24,1627921,1629360,0.406880000000001,TIME,SHORT
2021-02-05,2021,14:00 prev-close continuation TP30/SL25 H24,1629361,1630800,0.4431999999999971,TIME,LONG
2021-02-08,2021,14:00 prev-close continuation TP30/SL25 H24,1633681,1635120,0.888119999999999,TIME,LONG
2021-02-09,2021,14:00 prev-close continuation TP30/SL25 H24,1635121,1636560,-0.10544000000000779,TIME,LONG
2021-02-10,2021,14:00 prev-close continuation TP30/SL25 H24,1636561,1638000,-0.009600000000000363,TIME,LONG
2021-02-11,2021,14:00 prev-close continuation TP30/SL25 H24,1638001,1639440,0.904399999999996,TIME,SHORT
2021-02-12,2021,14:00 prev-close continuation TP30/SL25 H24,1639441,1640880,-0.27108000000000176,TIME,SHORT
2021-02-15,2021,14:00 prev-close continuation TP30/SL25 H24,1643761,1645200,0.08300000000000182,TIME,SHORT
2021-02-16,2021,14:00 prev-close continuation TP30/SL25 H24,1645201,1645869,1.2,TP,SHORT
2021-02-17,2021,14:00 prev-close continuation TP30/SL25 H24,1646641,1648080,0.2503600000000006,TIME,SHORT
2021-02-18,2021,14:00 prev-close continuation TP30/SL25 H24,1648081,1649520,-0.6119999999999982,TIME,LONG
2021-02-19,2021,14:00 prev-close continuation TP30/SL25 H24,1649521,1650960,-0.6234799999999996,TIME,SHORT
2021-02-22,2021,14:00 prev-close continuation TP30/SL25 H24,1653841,1655280,0.5652799999999933,TIME,LONG
2021-02-23,2021,14:00 prev-close continuation TP30/SL25 H24,1655281,1656720,-0.061080000000001744,TIME,LONG
2021-02-24,2021,14:00 prev-close continuation TP30/SL25 H24,1656721,1656898,-1.0,SL,LONG
2021-02-25,2021,Thu/Fri Asia breakout TP25/SL20 H24,1657922,1658522,1.25,TP,SHORT
2021-02-26,2021,Thu/Fri Asia breakout TP25/SL20 H24,1659573,1659797,1.25,TP,SHORT
2021-03-01,2021,14:00 prev-close continuation TP30/SL25 H24,1663921,1664408,-1.0,SL,LONG
2021-03-02,2021,14:00 prev-close continuation TP30/SL25 H24,1665361,1666800,-0.14679999999999382,TIME,LONG
2021-03-03,2021,14:00 prev-close continuation TP30/SL25 H24,1666801,1668240,0.31967999999999847,TIME,SHORT
2021-03-04,2021,14:00 prev-close continuation TP30/SL25 H24,1668241,1668657,-1.0,SL,LONG
2021-03-05,2021,14:00 prev-close continuation TP30/SL25 H24,1669681,1671120,-0.22228000000000064,TIME,SHORT
2021-03-08,2021,14:00 prev-close continuation TP30/SL25 H24,1674001,1675440,-0.809359999999997,TIME,SHORT
2021-03-09,2021,14:00 prev-close continuation TP30/SL25 H24,1675441,1676880,0.12648000000000137,TIME,LONG
2021-03-10,2021,14:00 prev-close continuation TP30/SL25 H24,1676881,1677957,-1.0,SL,SHORT
2021-03-11,2021,Thu/Fri Asia breakout TP25/SL20 H24,1678081,1679392,-1.0,SL,LONG
2021-03-12,2021,Thu/Fri Asia breakout TP25/SL20 H24,1679523,1680356,-1.0,SL,SHORT
2021-03-15,2021,14:00 prev-close continuation TP30/SL25 H24,1684081,1685520,0.10287999999999556,TIME,LONG
2021-03-16,2021,14:00 prev-close continuation TP30/SL25 H24,1685521,1686960,-0.12988000000000283,TIME,LONG
2021-03-17,2021,14:00 prev-close continuation TP30/SL25 H24,1686961,1687763,-1.0,SL,SHORT
2021-03-18,2021,Compression breakout TP15/SL15 H12,1688124,1688373,1.0,TP,SHORT
2021-03-19,2021,Thu/Fri Asia breakout TP25/SL20 H24,1689635,1691074,0.052300000000002456,TIME,LONG
2021-03-22,2021,14:00 prev-close continuation TP30/SL25 H24,1694161,1695600,-0.16623999999999797,TIME,SHORT
2021-03-23,2021,14:00 prev-close continuation TP30/SL25 H24,1695601,1697040,-0.4242399999999998,TIME,LONG
2021-03-24,2021,14:00 prev-close continuation TP30/SL25 H24,1697041,1698480,-0.06256000000000313,TIME,LONG
2021-03-25,2021,14:00 prev-close continuation TP30/SL25 H24,1698481,1699920,0.15291999999999462,TIME,SHORT
2021-03-26,2021,14:00 prev-close continuation TP30/SL25 H24,1699921,1701360,-0.38495999999999186,TIME,SHORT
2021-03-29,2021,Compression breakout TP15/SL15 H12,1703899,1704345,1.0,TP,SHORT
2021-03-30,2021,14:00 prev-close continuation TP30/SL25 H24,1705621,1707060,0.22091999999999642,TIME,SHORT
2021-03-31,2021,14:00 prev-close continuation TP30/SL25 H24,1707061,1708245,1.2,TP,LONG
2021-04-01,2021,Thu/Fri Asia breakout TP25/SL20 H24,1708261,1709700,0.6481499999999982,TIME,LONG
2021-04-02,2021,14:00 prev-close continuation TP30/SL25 H24,1709941,1711380,-0.037479999999995926,TIME,SHORT
2021-04-05,2021,14:00 prev-close continuation TP30/SL25 H24,1714261,1715700,-0.34,TIME,SHORT
2021-04-06,2021,14:00 prev-close continuation TP30/SL25 H24,1715701,1717140,0.19556000000000495,TIME,LONG
2021-04-07,2021,14:00 prev-close continuation TP30/SL25 H24,1717141,1718580,-0.36804000000000087,TIME,SHORT
2021-04-08,2021,14:00 prev-close continuation TP30/SL25 H24,1718581,1720020,-0.0826800000000003,TIME,LONG
2021-04-09,2021,14:00 prev-close continuation TP30/SL25 H24,1720021,1721460,0.02904000000000451,TIME,SHORT
2021-04-12,2021,14:00 prev-close continuation TP30/SL25 H24,1724341,1725780,0.5454399999999987,TIME,SHORT
2021-04-13,2021,14:00 prev-close continuation TP30/SL25 H24,1725781,1727220,-0.6270799999999963,TIME,SHORT
2021-04-14,2021,14:00 prev-close continuation TP30/SL25 H24,1727221,1728660,-0.20148000000000138,TIME,SHORT
2021-04-15,2021,14:00 prev-close continuation TP30/SL25 H24,1728661,1730096,1.2,TP,LONG
2021-04-16,2021,14:00 prev-close continuation TP30/SL25 H24,1730101,1731540,-0.09735999999999877,TIME,LONG
2021-04-19,2021,14:00 prev-close continuation TP30/SL25 H24,1734421,1735860,-0.6510800000000018,TIME,LONG
2021-04-20,2021,14:00 prev-close continuation TP30/SL25 H24,1735861,1737300,0.33503999999999906,TIME,LONG
2021-04-21,2021,14:00 prev-close continuation TP30/SL25 H24,1737301,1738740,0.13559999999999492,TIME,LONG
2021-04-22,2021,14:00 prev-close continuation TP30/SL25 H24,1738741,1740180,-0.14840000000000145,TIME,SHORT
2021-04-23,2021,14:00 prev-close continuation TP30/SL25 H24,1740181,1741620,-0.43056000000000494,TIME,LONG
2021-04-26,2021,14:00 prev-close continuation TP30/SL25 H24,1744501,1745940,0.08823999999999614,TIME,LONG
2021-04-27,2021,14:00 prev-close continuation TP30/SL25 H24,1745941,1747380,-0.6436000000000058,TIME,LONG
2021-04-28,2021,14:00 prev-close continuation TP30/SL25 H24,1747381,1748820,-0.3658800000000065,TIME,SHORT
2021-04-29,2021,14:00 prev-close continuation TP30/SL25 H24,1748821,1750260,0.17692000000000008,TIME,SHORT
2021-04-30,2021,14:00 prev-close continuation TP30/SL25 H24,1750261,1751700,0.011040000000002692,TIME,SHORT
2021-05-03,2021,14:00 prev-close continuation TP30/SL25 H24,1754581,1756020,0.17304000000000086,TIME,LONG
2021-05-04,2021,14:00 prev-close continuation TP30/SL25 H24,1756021,1757460,0.24384000000000014,TIME,SHORT
2021-05-05,2021,14:00 prev-close continuation TP30/SL25 H24,1757461,1758900,-0.6298800000000029,TIME,SHORT
2021-05-06,2021,14:00 prev-close continuation TP30/SL25 H24,1758901,1760197,1.2,TP,LONG
2021-05-07,2021,Thu/Fri Asia breakout TP25/SL20 H24,1760198,1761637,0.38629999999999426,TIME,LONG
2021-05-10,2021,14:00 prev-close continuation TP30/SL25 H24,1764661,1766100,-0.010560000000004947,TIME,LONG
2021-05-11,2021,14:00 prev-close continuation TP30/SL25 H24,1766101,1767540,-0.24187999999999193,TIME,LONG
2021-05-12,2021,14:00 prev-close continuation TP30/SL25 H24,1767541,1768980,0.7997200000000066,TIME,SHORT
2021-05-13,2021,14:00 prev-close continuation TP30/SL25 H24,1768981,1770420,-0.8909600000000046,TIME,SHORT
2021-05-14,2021,14:00 prev-close continuation TP30/SL25 H24,1770421,1771860,0.27064000000000304,TIME,LONG
2021-05-17,2021,14:00 prev-close continuation TP30/SL25 H24,1774741,1776180,0.7717199999999957,TIME,LONG
2021-05-18,2021,14:00 prev-close continuation TP30/SL25 H24,1776181,1777620,-0.4638799999999992,TIME,LONG
2021-05-19,2021,14:00 prev-close continuation TP30/SL25 H24,1777621,1777779,-1.0,SL,SHORT
2021-05-20,2021,14:00 prev-close continuation TP30/SL25 H24,1779061,1780500,0.3129200000000037,TIME,LONG
2021-05-21,2021,14:00 prev-close continuation TP30/SL25 H24,1780501,1781940,0.0993199999999979,TIME,LONG
2021-05-24,2021,14:00 prev-close continuation TP30/SL25 H24,1784821,1786260,0.043720000000002986,TIME,LONG
2021-05-25,2021,14:00 prev-close continuation TP30/SL25 H24,1786261,1787700,0.996239999999998,TIME,LONG
2021-05-26,2021,14:00 prev-close continuation TP30/SL25 H24,1787701,1789140,-0.5074799999999959,TIME,LONG
2021-05-27,2021,14:00 prev-close continuation TP30/SL25 H24,1789141,1790580,0.08623999999999796,TIME,SHORT
2021-05-28,2021,14:00 prev-close continuation TP30/SL25 H24,1790581,1792020,-0.4425600000000031,TIME,SHORT
2021-05-31,2021,14:00 prev-close continuation TP30/SL25 H24,1794901,1796340,0.03344000000000051,TIME,LONG
2021-06-01,2021,14:00 prev-close continuation TP30/SL25 H24,1796341,1797780,0.38851999999999864,TIME,SHORT
2021-06-02,2021,14:00 prev-close continuation TP30/SL25 H24,1797781,1799220,0.051040000000002694,TIME,SHORT
2021-06-03,2021,14:00 prev-close continuation TP30/SL25 H24,1799221,1800115,1.2,TP,SHORT
2021-06-04,2021,Thu/Fri Asia breakout TP25/SL20 H24,1800421,1801860,0.840300000000002,TIME,LONG
2021-06-07,2021,14:00 prev-close continuation TP30/SL25 H24,1804981,1806420,-0.37279999999999747,TIME,SHORT
2021-06-08,2021,14:00 prev-close continuation TP30/SL25 H24,1806421,1807860,0.16583999999999832,TIME,SHORT
2021-06-09,2021,14:00 prev-close continuation TP30/SL25 H24,1807861,1809300,0.40528000000000247,TIME,SHORT
2021-06-10,2021,14:00 prev-close continuation TP30/SL25 H24,1809301,1810740,-0.4865599999999995,TIME,SHORT
2021-06-11,2021,14:00 prev-close continuation TP30/SL25 H24,1810741,1812180,0.5130400000000008,TIME,SHORT
2021-06-14,2021,14:00 prev-close continuation TP30/SL25 H24,1815061,1816500,-0.4321600000000035,TIME,SHORT
2021-06-15,2021,14:00 prev-close continuation TP30/SL25 H24,1816501,1817940,0.36703999999999726,TIME,SHORT
2021-06-16,2021,14:00 prev-close continuation TP30/SL25 H24,1817941,1818509,1.2,TP,SHORT
2021-06-17,2021,Thu/Fri Asia breakout TP25/SL20 H24,1819159,1819460,1.25,TP,SHORT
2021-06-18,2021,Thu/Fri Asia breakout TP25/SL20 H24,1820609,1821359,-1.0,SL,LONG
2021-06-21,2021,14:00 prev-close continuation TP30/SL25 H24,1825141,1826580,0.05064000000000306,TIME,LONG
2021-06-22,2021,14:00 prev-close continuation TP30/SL25 H24,1826581,1828020,-0.08020000000000437,TIME,LONG
2021-06-23,2021,14:00 prev-close continuation TP30/SL25 H24,1828021,1829460,-0.03735999999999876,TIME,LONG
2021-06-24,2021,14:00 prev-close continuation TP30/SL25 H24,1829461,1830900,0.009440000000004146,TIME,LONG
2021-06-25,2021,14:00 prev-close continuation TP30/SL25 H24,1830901,1832340,-0.09576000000000022,TIME,LONG
2021-06-28,2021,14:00 prev-close continuation TP30/SL25 H24,1835221,1836660,0.38131999999999605,TIME,SHORT
2021-06-29,2021,14:00 prev-close continuation TP30/SL25 H24,1836661,1838100,0.4142399999999998,TIME,SHORT
2021-06-30,2021,14:00 prev-close continuation TP30/SL25 H24,1838101,1839540,-0.7869599999999991,TIME,SHORT
2021-07-01,2021,14:00 prev-close continuation TP30/SL25 H24,1839541,1840980,0.38824000000000525,TIME,LONG
2021-07-02,2021,14:00 prev-close continuation TP30/SL25 H24,1840981,1842420,-0.016559999999999492,TIME,LONG
2021-07-05,2021,Compression breakout TP15/SL15 H12,1845051,1845770,0.09199999999999212,TIME,LONG
2021-07-06,2021,14:00 prev-close continuation TP30/SL25 H24,1846741,1848180,-0.061759999999994764,TIME,LONG
2021-07-07,2021,14:00 prev-close continuation TP30/SL25 H24,1848181,1849620,0.3473199999999997,TIME,LONG
2021-07-08,2021,14:00 prev-close continuation TP30/SL25 H24,1849621,1851060,-0.5413599999999952,TIME,LONG
2021-07-09,2021,14:00 prev-close continuation TP30/SL25 H24,1851061,1852500,0.1878399999999965,TIME,LONG
2021-07-12,2021,14:00 prev-close continuation TP30/SL25 H24,1855381,1856820,-0.326279999999997,TIME,SHORT
2021-07-13,2021,14:00 prev-close continuation TP30/SL25 H24,1856821,1858260,0.2502400000000034,TIME,LONG
2021-07-14,2021,14:00 prev-close continuation TP30/SL25 H24,1858261,1859700,0.37340000000000145,TIME,LONG
2021-07-15,2021,14:00 prev-close continuation TP30/SL25 H24,1859701,1861140,0.18184000000000197,TIME,SHORT
2021-07-16,2021,14:00 prev-close continuation TP30/SL25 H24,1861141,1862580,0.26184000000000196,TIME,SHORT
2021-07-19,2021,14:00 prev-close continuation TP30/SL25 H24,1865461,1866900,-0.534960000000001,TIME,SHORT
2021-07-20,2021,14:00 prev-close continuation TP30/SL25 H24,1866901,1868340,-0.6265599999999995,TIME,LONG
2021-07-21,2021,14:00 prev-close continuation TP30/SL25 H24,1868341,1869780,0.22144000000000233,TIME,SHORT
2021-07-22,2021,14:00 prev-close continuation TP30/SL25 H24,1869781,1871220,-0.09456000000000131,TIME,SHORT
2021-07-23,2021,14:00 prev-close continuation TP30/SL25 H24,1871221,1872660,-0.22135999999999512,TIME,SHORT
2021-07-26,2021,14:00 prev-close continuation TP30/SL25 H24,1875541,1876980,-0.458159999999998,TIME,LONG
2021-07-27,2021,14:00 prev-close continuation TP30/SL25 H24,1876981,1878420,-0.1365599999999995,TIME,SHORT
2021-07-28,2021,14:00 prev-close continuation TP30/SL25 H24,1878421,1879860,0.9026400000000012,TIME,LONG
2021-07-29,2021,14:00 prev-close continuation TP30/SL25 H24,1879861,1881300,0.22264000000000123,TIME,LONG
2021-07-30,2021,14:00 prev-close continuation TP30/SL25 H24,1881301,1882740,-0.614960000000001,TIME,LONG
2021-08-02,2021,14:00 prev-close continuation TP30/SL25 H24,1885621,1887060,-0.10695999999999913,TIME,SHORT
2021-08-03,2021,14:00 prev-close continuation TP30/SL25 H24,1887061,1888500,-0.12335999999999331,TIME,SHORT
2021-08-04,2021,14:00 prev-close continuation TP30/SL25 H24,1888501,1889940,-0.02975999999999658,TIME,LONG
2021-08-05,2021,14:00 prev-close continuation TP30/SL25 H24,1889941,1891380,-0.7441600000000017,TIME,LONG
2021-08-06,2021,14:00 prev-close continuation TP30/SL25 H24,1891381,1891546,1.2,TP,SHORT
2021-08-09,2021,14:00 prev-close continuation TP30/SL25 H24,1895701,1897140,0.3642399999999998,TIME,SHORT
2021-08-10,2021,14:00 prev-close continuation TP30/SL25 H24,1897141,1898580,0.23864000000000488,TIME,LONG
2021-08-11,2021,14:00 prev-close continuation TP30/SL25 H24,1898581,1900020,0.5578400000000056,TIME,LONG
2021-08-12,2021,14:00 prev-close continuation TP30/SL25 H24,1900021,1901460,-0.351880000000001,TIME,SHORT
2021-08-13,2021,14:00 prev-close continuation TP30/SL25 H24,1901461,1902900,0.7677199999999993,TIME,LONG
2021-08-16,2021,14:00 prev-close continuation TP30/SL25 H24,1905781,1907220,-0.821880000000001,TIME,SHORT
2021-08-17,2021,14:00 prev-close continuation TP30/SL25 H24,1907221,1908660,-0.38988000000000284,TIME,LONG
2021-08-18,2021,14:00 prev-close continuation TP30/SL25 H24,1908661,1910100,-0.17039999999999964,TIME,SHORT
2021-08-19,2021,14:00 prev-close continuation TP30/SL25 H24,1910101,1911540,-0.19635999999999512,TIME,LONG
2021-08-20,2021,14:00 prev-close continuation TP30/SL25 H24,1911541,1912980,-0.17496000000000095,TIME,LONG
2021-08-23,2021,14:00 prev-close continuation TP30/SL25 H24,1915861,1917300,0.5446000000000004,TIME,LONG
2021-08-24,2021,14:00 prev-close continuation TP30/SL25 H24,1917301,1918740,0.4128399999999965,TIME,SHORT
2021-08-25,2021,14:00 prev-close continuation TP30/SL25 H24,1918741,1920180,0.21460000000000037,TIME,SHORT
2021-08-26,2021,14:00 prev-close continuation TP30/SL25 H24,1920181,1921620,-0.24788000000000465,TIME,SHORT
2021-08-27,2021,14:00 prev-close continuation TP30/SL25 H24,1921621,1923060,0.8757199999999921,TIME,LONG
2021-08-30,2021,14:00 prev-close continuation TP30/SL25 H24,1925941,1927380,0.14195999999999911,TIME,SHORT
2021-08-31,2021,14:00 prev-close continuation TP30/SL25 H24,1927381,1928820,0.06011999999999716,TIME,LONG
2021-09-01,2021,14:00 prev-close continuation TP30/SL25 H24,1928821,1930260,0.04331999999999425,TIME,LONG
2021-09-02,2021,14:00 prev-close continuation TP30/SL25 H24,1930261,1931700,-0.07467999999999847,TIME,LONG
2021-09-03,2021,14:00 prev-close continuation TP30/SL25 H24,1931701,1933140,0.5310000000000037,TIME,LONG
2021-09-06,2021,Compression breakout TP15/SL15 H12,1935843,1936562,0.09713333333334048,TIME,SHORT
2021-09-07,2021,14:00 prev-close continuation TP30/SL25 H24,1937461,1938900,0.4946000000000004,TIME,SHORT
2021-09-08,2021,14:00 prev-close continuation TP30/SL25 H24,1938901,1940340,-0.13916000000000167,TIME,LONG
2021-09-09,2021,14:00 prev-close continuation TP30/SL25 H24,1940341,1941780,-0.054880000000002836,TIME,LONG
2021-09-10,2021,14:00 prev-close continuation TP30/SL25 H24,1941781,1943220,0.2056800000000021,TIME,SHORT
2021-09-13,2021,14:00 prev-close continuation TP30/SL25 H24,1946101,1947540,-0.06296000000000276,TIME,LONG
2021-09-14,2021,14:00 prev-close continuation TP30/SL25 H24,1947541,1948980,-0.6455200000000059,TIME,SHORT
2021-09-15,2021,14:00 prev-close continuation TP30/SL25 H24,1948981,1950420,0.921279999999997,TIME,SHORT
2021-09-16,2021,14:00 prev-close continuation TP30/SL25 H24,1950421,1950588,1.2,TP,SHORT
2021-09-17,2021,Thu/Fri Asia breakout TP25/SL20 H24,1951621,1953060,-0.5091999999999984,TIME,LONG
2021-09-20,2021,14:00 prev-close continuation TP30/SL25 H24,1956181,1957620,0.3143199999999979,TIME,LONG
2021-09-21,2021,14:00 prev-close continuation TP30/SL25 H24,1957621,1959060,0.34576000000000023,TIME,LONG
2021-09-22,2021,14:00 prev-close continuation TP30/SL25 H24,1959061,1960500,-0.048559999999997674,TIME,LONG
2021-09-23,2021,14:00 prev-close continuation TP30/SL25 H24,1960501,1960731,-1.0,SL,LONG
2021-09-24,2021,Thu/Fri Asia breakout TP25/SL20 H24,1961774,1963213,-0.2872000000000071,TIME,LONG
2021-09-27,2021,14:00 prev-close continuation TP30/SL25 H24,1966261,1967700,0.5894399999999951,TIME,SHORT
2021-09-28,2021,14:00 prev-close continuation TP30/SL25 H24,1967701,1969140,-0.4467200000000048,TIME,SHORT
2021-09-29,2021,14:00 prev-close continuation TP30/SL25 H24,1969141,1970580,-0.8458400000000075,TIME,LONG
2021-09-30,2021,14:00 prev-close continuation TP30/SL25 H24,1970581,1970769,-1.0,SL,SHORT
2021-10-01,2021,14:00 prev-close continuation TP30/SL25 H24,1972021,1973460,-0.3470799999999963,TIME,SHORT
2021-10-04,2021,14:00 prev-close continuation TP30/SL25 H24,1976341,1977780,-0.20735999999999877,TIME,SHORT
2021-10-05,2021,14:00 prev-close continuation TP30/SL25 H24,1977781,1979220,0.1249199999999928,TIME,SHORT
2021-10-06,2021,14:00 prev-close continuation TP30/SL25 H24,1979221,1980660,-0.4689599999999973,TIME,SHORT
2021-10-07,2021,14:00 prev-close continuation TP30/SL25 H24,1980661,1982100,0.04519999999999527,TIME,SHORT
2021-10-08,2021,14:00 prev-close continuation TP30/SL25 H24,1982101,1983540,-0.16908000000000356,TIME,LONG
2021-10-11,2021,14:00 prev-close continuation TP30/SL25 H24,1986421,1987860,-0.3597599999999966,TIME,SHORT
2021-10-12,2021,14:00 prev-close continuation TP30/SL25 H24,1987861,1989300,0.41523999999999434,TIME,LONG
2021-10-13,2021,14:00 prev-close continuation TP30/SL25 H24,1989301,1990740,1.0478799999999955,TIME,LONG
2021-10-14,2021,14:00 prev-close continuation TP30/SL25 H24,1990741,1992180,-0.754960000000001,TIME,LONG
2021-10-15,2021,14:00 prev-close continuation TP30/SL25 H24,1992181,1993620,0.5014400000000023,TIME,SHORT
2021-10-18,2021,14:00 prev-close continuation TP30/SL25 H24,1996501,1997940,-0.6625600000000031,TIME,SHORT
2021-10-19,2021,14:00 prev-close continuation TP30/SL25 H24,1997941,1999380,0.08143999999999324,TIME,LONG
2021-10-20,2021,14:00 prev-close continuation TP30/SL25 H24,1999381,2000820,0.1567200000000048,TIME,LONG
2021-10-21,2021,14:00 prev-close continuation TP30/SL25 H24,2000821,2002260,0.28728000000000065,TIME,LONG
2021-10-22,2021,14:00 prev-close continuation TP30/SL25 H24,2002261,2003700,-0.034160000000001675,TIME,LONG
2021-10-25,2021,14:00 prev-close continuation TP30/SL25 H24,2006581,2008020,0.053840000000000145,TIME,LONG
2021-10-26,2021,14:00 prev-close continuation TP30/SL25 H24,2008021,2009460,0.49608000000000174,TIME,SHORT
2021-10-27,2021,14:00 prev-close continuation TP30/SL25 H24,2009461,2010900,-0.43631999999999604,TIME,SHORT
2021-10-28,2021,14:00 prev-close continuation TP30/SL25 H24,2010901,2012340,-0.16032000000000152,TIME,LONG
2021-10-29,2021,14:00 prev-close continuation TP30/SL25 H24,2012341,2013780,0.4696799999999985,TIME,SHORT
2021-11-01,2021,14:00 prev-close continuation TP30/SL25 H24,2016721,2018160,0.1210399999999936,TIME,LONG
2021-11-02,2021,14:00 prev-close continuation TP30/SL25 H24,2018161,2019600,0.19184000000000195,TIME,SHORT
2021-11-03,2021,14:00 prev-close continuation TP30/SL25 H24,2019601,2021040,0.10911999999999353,TIME,SHORT
2021-11-04,2021,14:00 prev-close continuation TP30/SL25 H24,2021041,2022480,0.4959199999999964,TIME,LONG
2021-11-05,2021,14:00 prev-close continuation TP30/SL25 H24,2022481,2023920,0.9210400000000027,TIME,LONG
2021-11-08,2021,14:00 prev-close continuation TP30/SL25 H24,2026801,2028240,-0.32376000000000205,TIME,SHORT
2021-11-09,2021,14:00 prev-close continuation TP30/SL25 H24,2028241,2029680,-0.01868000000000393,TIME,LONG
2021-11-10,2021,14:00 prev-close continuation TP30/SL25 H24,2029681,2029784,-1.0,SL,SHORT
2021-11-11,2021,Thu/Fri Asia breakout TP25/SL20 H24,2030881,2032320,-0.060400000000004186,TIME,LONG
2021-11-12,2021,Thu/Fri Asia breakout TP25/SL20 H24,2032337,2033776,-0.5286999999999921,TIME,SHORT
2021-11-15,2021,14:00 prev-close continuation TP30/SL25 H24,2036881,2038320,-0.40152000000000043,TIME,SHORT
2021-11-16,2021,14:00 prev-close continuation TP30/SL25 H24,2038321,2039760,-0.433119999999999,TIME,LONG
2021-11-17,2021,14:00 prev-close continuation TP30/SL25 H24,2039761,2041200,-0.028480000000008658,TIME,LONG
2021-11-18,2021,14:00 prev-close continuation TP30/SL25 H24,2041201,2042640,0.03216000000000349,TIME,SHORT
2021-11-19,2021,14:00 prev-close continuation TP30/SL25 H24,2042641,2044080,-0.6729200000000037,TIME,LONG
2021-11-22,2021,14:00 prev-close continuation TP30/SL25 H24,2046961,2047113,1.2,TP,SHORT
2021-11-23,2021,14:00 prev-close continuation TP30/SL25 H24,2048401,2049840,0.31863999999999576,TIME,SHORT
2021-11-24,2021,14:00 prev-close continuation TP30/SL25 H24,2049841,2051280,-0.17307999999999993,TIME,SHORT
2021-11-25,2021,14:00 prev-close continuation TP30/SL25 H24,2051281,2052720,0.8266399999999976,TIME,LONG
2021-11-26,2021,14:00 prev-close continuation TP30/SL25 H24,2052721,2053002,-1.0,SL,LONG
2021-11-29,2021,14:00 prev-close continuation TP30/SL25 H24,2057041,2058480,-0.023359999999993306,TIME,LONG
2021-11-30,2021,14:00 prev-close continuation TP30/SL25 H24,2058481,2059920,-0.3394800000000032,TIME,LONG
2021-12-01,2021,14:00 prev-close continuation TP30/SL25 H24,2059921,2061360,-0.33028000000000246,TIME,LONG
2021-12-02,2021,14:00 prev-close continuation TP30/SL25 H24,2061361,2062800,0.19072000000000117,TIME,SHORT
2021-12-03,2021,14:00 prev-close continuation TP30/SL25 H24,2062801,2064240,0.4146799999999985,TIME,LONG
2021-12-06,2021,14:00 prev-close continuation TP30/SL25 H24,2067121,2068560,-0.13963999999999943,TIME,SHORT
2021-12-07,2021,14:00 prev-close continuation TP30/SL25 H24,2068561,2070000,0.12944000000000414,TIME,LONG
2021-12-08,2021,14:00 prev-close continuation TP30/SL25 H24,2070001,2071440,-0.26695999999999914,TIME,LONG
2021-12-09,2021,14:00 prev-close continuation TP30/SL25 H24,2071441,2072880,0.31479999999999564,TIME,SHORT
2021-12-10,2021,14:00 prev-close continuation TP30/SL25 H24,2072881,2074320,-0.46576000000000023,TIME,SHORT
2021-12-13,2021,14:00 prev-close continuation TP30/SL25 H24,2077201,2078640,-0.14332000000000333,TIME,LONG
2021-12-14,2021,14:00 prev-close continuation TP30/SL25 H24,2078641,2080080,0.571840000000002,TIME,SHORT
2021-12-15,2021,14:00 prev-close continuation TP30/SL25 H24,2080081,2081520,-0.6441600000000016,TIME,SHORT
2021-12-16,2021,14:00 prev-close continuation TP30/SL25 H24,2081521,2082960,0.8954399999999987,TIME,LONG
2021-12-17,2021,14:00 prev-close continuation TP30/SL25 H24,2082961,2084400,-0.4538799999999992,TIME,LONG
2021-12-20,2021,Compression breakout TP15/SL15 H12,2087013,2087732,0.36640000000000633,TIME,SHORT
2021-12-21,2021,Compression breakout TP15/SL15 H12,2088474,2089193,-0.37179999999999985,TIME,LONG
2021-12-22,2021,Compression breakout TP15/SL15 H12,2089874,2090547,-1.0,SL,SHORT
2021-12-23,2021,14:00 prev-close continuation TP30/SL25 H24,2091601,2093040,0.08612000000000081,TIME,LONG
2021-12-24,2021,14:00 prev-close continuation TP30/SL25 H24,2093041,2094480,-0.017600000000002183,TIME,SHORT
2021-12-27,2021,14:00 prev-close continuation TP30/SL25 H24,2097361,2098800,-0.4699199999999928,TIME,SHORT
2021-12-28,2021,14:00 prev-close continuation TP30/SL25 H24,2098801,2100240,-0.8427200000000085,TIME,LONG
2021-12-29,2021,14:00 prev-close continuation TP30/SL25 H24,2100241,2101680,-0.23816000000000714,TIME,SHORT
2021-12-30,2021,14:00 prev-close continuation TP30/SL25 H24,2101681,2103120,-0.6846800000000076,TIME,SHORT
2021-12-31,2021,14:00 prev-close continuation TP30/SL25 H24,2103121,2104560,0.3802400000000034,TIME,LONG
2022-01-03,2022,14:00 prev-close continuation TP30/SL25 H24,2107441,2108880,0.7445200000000023,TIME,SHORT
2022-01-04,2022,14:00 prev-close continuation TP30/SL25 H24,2108881,2110320,0.5869200000000001,TIME,LONG
2022-01-05,2022,14:00 prev-close continuation TP30/SL25 H24,2110321,2111614,-1.0,SL,LONG
2022-01-06,2022,14:00 prev-close continuation TP30/SL25 H24,2111761,2113200,0.1542399999999998,TIME,SHORT
2022-01-07,2022,14:00 prev-close continuation TP30/SL25 H24,2113201,2114640,0.09184000000000196,TIME,LONG
2022-01-10,2022,14:00 prev-close continuation TP30/SL25 H24,2117521,2118960,0.19144000000000233,TIME,LONG
2022-01-11,2022,14:00 prev-close continuation TP30/SL25 H24,2118961,2120400,0.4196399999999994,TIME,LONG
2022-01-12,2022,14:00 prev-close continuation TP30/SL25 H24,2120401,2121840,-0.29576000000000024,TIME,SHORT
2022-01-13,2022,14:00 prev-close continuation TP30/SL25 H24,2121841,2123280,0.04144000000000233,TIME,SHORT
2022-01-14,2022,14:00 prev-close continuation TP30/SL25 H24,2123281,2124720,-0.22056000000000495,TIME,LONG
2022-01-17,2022,14:00 prev-close continuation TP30/SL25 H24,2127601,2129040,-0.33015999999999623,TIME,LONG
2022-01-18,2022,14:00 prev-close continuation TP30/SL25 H24,2129041,2130480,-0.1745600000000013,TIME,SHORT
2022-01-19,2022,14:00 prev-close continuation TP30/SL25 H24,2130481,2131920,0.8678399999999965,TIME,LONG
2022-01-20,2022,14:00 prev-close continuation TP30/SL25 H24,2131921,2133360,0.30188000000000104,TIME,SHORT
2022-01-21,2022,14:00 prev-close continuation TP30/SL25 H24,2133361,2134800,-0.19655999999999949,TIME,SHORT
2022-01-24,2022,14:00 prev-close continuation TP30/SL25 H24,2137681,2139120,-0.03271999999999935,TIME,LONG
2022-01-25,2022,14:00 prev-close continuation TP30/SL25 H24,2139121,2140560,-0.2396399999999994,TIME,SHORT
2022-01-26,2022,14:00 prev-close continuation TP30/SL25 H24,2140561,2141617,1.2,TP,SHORT
2022-01-27,2022,Thu/Fri Asia breakout TP25/SL20 H24,2141774,2143213,0.778800000000001,TIME,SHORT
2022-01-28,2022,14:00 prev-close continuation TP30/SL25 H24,2143441,2144880,-0.2545600000000013,TIME,SHORT
2022-01-31,2022,14:00 prev-close continuation TP30/SL25 H24,2147761,2149200,0.5481199999999989,TIME,LONG
2022-02-01,2022,14:00 prev-close continuation TP30/SL25 H24,2149201,2150640,-0.14148000000000138,TIME,LONG
2022-02-02,2022,14:00 prev-close continuation TP30/SL25 H24,2150641,2152080,-0.01295999999999367,TIME,LONG
2022-02-03,2022,14:00 prev-close continuation TP30/SL25 H24,2152081,2153520,-0.3285599999999977,TIME,SHORT
2022-02-04,2022,14:00 prev-close continuation TP30/SL25 H24,2153521,2154960,-0.1353600000000006,TIME,LONG
2022-02-07,2022,14:00 prev-close continuation TP30/SL25 H24,2157841,2159280,0.17224000000000161,TIME,LONG
2022-02-08,2022,14:00 prev-close continuation TP30/SL25 H24,2159281,2160720,-0.3753600000000006,TIME,SHORT
2022-02-09,2022,14:00 prev-close continuation TP30/SL25 H24,2160721,2162160,0.2024799999999959,TIME,LONG
2022-02-10,2022,14:00 prev-close continuation TP30/SL25 H24,2162161,2163600,0.22728000000000065,TIME,SHORT
2022-02-11,2022,14:00 prev-close continuation TP30/SL25 H24,2163601,2164006,-1.0,SL,SHORT
2022-02-14,2022,14:00 prev-close continuation TP30/SL25 H24,2167921,2169360,0.1488799999999992,TIME,SHORT
2022-02-15,2022,14:00 prev-close continuation TP30/SL25 H24,2169361,2170800,-0.1523199999999997,TIME,SHORT
2022-02-16,2022,14:00 prev-close continuation TP30/SL25 H24,2170801,2172028,1.2,TP,LONG
2022-02-17,2022,14:00 prev-close continuation TP30/SL25 H24,2172241,2173680,0.3249200000000019,TIME,LONG
2022-02-18,2022,14:00 prev-close continuation TP30/SL25 H24,2173681,2175120,-0.2945600000000013,TIME,SHORT
2022-02-21,2022,14:00 prev-close continuation TP30/SL25 H24,2178001,2179440,-0.0005600000000049476,TIME,SHORT
2022-02-22,2022,14:00 prev-close continuation TP30/SL25 H24,2179441,2180880,-0.019359999999996946,TIME,SHORT
2022-02-23,2022,14:00 prev-close continuation TP30/SL25 H24,2180881,2181770,-1.0,SL,SHORT
2022-02-24,2022,Thu/Fri Asia breakout TP25/SL20 H24,2182188,2182517,-1.0,SL,LONG
2022-02-25,2022,Thu/Fri Asia breakout TP25/SL20 H24,2183729,2185168,0.5972999999999956,TIME,SHORT
2022-02-28,2022,14:00 prev-close continuation TP30/SL25 H24,2188081,2189520,0.6097999999999957,TIME,LONG
2022-03-01,2022,14:00 prev-close continuation TP30/SL25 H24,2189521,2190960,0.28815999999999803,TIME,LONG
2022-03-02,2022,14:00 prev-close continuation TP30/SL25 H24,2190961,2192400,-0.20228000000000065,TIME,SHORT
2022-03-03,2022,14:00 prev-close continuation TP30/SL25 H24,2192401,2193840,0.5145200000000023,TIME,LONG
2022-03-04,2022,14:00 prev-close continuation TP30/SL25 H24,2193841,2195280,0.926880000000001,TIME,LONG
2022-03-07,2022,14:00 prev-close continuation TP30/SL25 H24,2198161,2198252,-1.0,SL,LONG
2022-03-08,2022,14:00 prev-close continuation TP30/SL25 H24,2199601,2199769,1.2,TP,LONG
2022-03-09,2022,14:00 prev-close continuation TP30/SL25 H24,2201041,2201168,1.2,TP,SHORT
2022-03-10,2022,Thu/Fri Asia breakout TP25/SL20 H24,2202374,2203813,-0.491700000000003,TIME,LONG
2022-03-11,2022,Thu/Fri Asia breakout TP25/SL20 H24,2203886,2205325,-0.55,TIME,SHORT
2022-03-14,2022,Compression breakout TP15/SL15 H12,2208007,2208346,1.0,TP,SHORT
2022-03-15,2022,14:00 prev-close continuation TP30/SL25 H24,2209681,2211120,-0.030320000000001526,TIME,SHORT
2022-03-16,2022,14:00 prev-close continuation TP30/SL25 H24,2211121,2211497,-1.0,SL,LONG
2022-03-17,2022,Thu/Fri Asia breakout TP25/SL20 H24,2212345,2213784,-0.23099999999999454,TIME,LONG
2022-03-18,2022,14:00 prev-close continuation TP30/SL25 H24,2214001,2215440,0.6720399999999972,TIME,SHORT
2022-03-21,2022,14:00 prev-close continuation TP30/SL25 H24,2218321,2219760,0.07583999999999833,TIME,LONG
2022-03-22,2022,14:00 prev-close continuation TP30/SL25 H24,2219761,2221200,-0.08296000000000277,TIME,SHORT
2022-03-23,2022,14:00 prev-close continuation TP30/SL25 H24,2221201,2222640,1.1190400000000045,TIME,LONG
2022-03-24,2022,14:00 prev-close continuation TP30/SL25 H24,2222641,2224080,-0.19475999999999657,TIME,LONG
2022-03-25,2022,14:00 prev-close continuation TP30/SL25 H24,2224081,2225520,-0.22195999999999913,TIME,SHORT
2022-03-28,2022,14:00 prev-close continuation TP30/SL25 H24,2228341,2229780,0.6072399999999925,TIME,SHORT
2022-03-29,2022,14:00 prev-close continuation TP30/SL25 H24,2229781,2231220,-0.3101600000000053,TIME,SHORT
2022-03-30,2022,14:00 prev-close continuation TP30/SL25 H24,2231221,2232660,0.3986399999999958,TIME,LONG
2022-03-31,2022,14:00 prev-close continuation TP30/SL25 H24,2232661,2234100,0.06563999999999397,TIME,SHORT
2022-04-01,2022,14:00 prev-close continuation TP30/SL25 H24,2234101,2235540,0.07332000000000334,TIME,SHORT
2022-04-04,2022,14:00 prev-close continuation TP30/SL25 H24,2238421,2239860,-0.01456000000000131,TIME,LONG
2022-04-05,2022,14:00 prev-close continuation TP30/SL25 H24,2239861,2241300,0.20720000000000255,TIME,SHORT
2022-04-06,2022,14:00 prev-close continuation TP30/SL25 H24,2241301,2242740,-0.1445600000000013,TIME,SHORT
2022-04-07,2022,14:00 prev-close continuation TP30/SL25 H24,2242741,2244180,0.2783999999999924,TIME,LONG
2022-04-08,2022,14:00 prev-close continuation TP30/SL25 H24,2244181,2245620,0.530639999999994,TIME,LONG
2022-04-11,2022,14:00 prev-close continuation TP30/SL25 H24,2248501,2249940,-0.07016000000000532,TIME,LONG
2022-04-12,2022,14:00 prev-close continuation TP30/SL25 H24,2249941,2251380,0.8238400000000001,TIME,LONG
2022-04-13,2022,14:00 prev-close continuation TP30/SL25 H24,2251381,2252820,-0.07895999999999731,TIME,LONG
2022-04-14,2022,14:00 prev-close continuation TP30/SL25 H24,2252821,2254260,0.03359999999999672,TIME,SHORT
2022-04-15,2022,14:00 prev-close continuation TP30/SL25 H24,2254261,2255700,-0.02,TIME,SHORT
2022-04-18,2022,14:00 prev-close continuation TP30/SL25 H24,2258581,2260020,-0.43496000000000096,TIME,LONG
2022-04-19,2022,14:00 prev-close continuation TP30/SL25 H24,2260021,2260520,1.2,TP,SHORT
2022-04-20,2022,14:00 prev-close continuation TP30/SL25 H24,2261461,2262900,-0.43176000000000386,TIME,LONG
2022-04-21,2022,14:00 prev-close continuation TP30/SL25 H24,2262901,2264340,0.27256000000000313,TIME,SHORT
2022-04-22,2022,14:00 prev-close continuation TP30/SL25 H24,2264341,2265780,0.13263999999999215,TIME,SHORT
2022-04-25,2022,14:00 prev-close continuation TP30/SL25 H24,2268661,2270100,0.02363999999999578,TIME,SHORT
2022-04-26,2022,14:00 prev-close continuation TP30/SL25 H24,2270101,2271540,-0.3871599999999944,TIME,LONG
2022-04-27,2022,14:00 prev-close continuation TP30/SL25 H24,2271541,2272980,0.3810399999999936,TIME,SHORT
2022-04-28,2022,14:00 prev-close continuation TP30/SL25 H24,2272981,2274420,1.0398399999999948,TIME,LONG
2022-04-29,2022,14:00 prev-close continuation TP30/SL25 H24,2274421,2275860,-0.7607999999999993,TIME,LONG
2022-05-02,2022,14:00 prev-close continuation TP30/SL25 H24,2278741,2280046,1.2,TP,SHORT
2022-05-03,2022,14:00 prev-close continuation TP30/SL25 H24,2280181,2281620,-0.3423999999999978,TIME,SHORT
2022-05-04,2022,14:00 prev-close continuation TP30/SL25 H24,2281621,2282391,-1.0,SL,SHORT
2022-05-05,2022,14:00 prev-close continuation TP30/SL25 H24,2283061,2283901,-1.0,SL,LONG
2022-05-06,2022,Thu/Fri Asia breakout TP25/SL20 H24,2284352,2285791,0.2312999999999988,TIME,LONG
2022-05-09,2022,14:00 prev-close continuation TP30/SL25 H24,2288821,2290260,0.029639999999999417,TIME,SHORT
2022-05-10,2022,14:00 prev-close continuation TP30/SL25 H24,2290261,2291034,-1.0,SL,LONG
2022-05-11,2022,14:00 prev-close continuation TP30/SL25 H24,2291701,2293140,-0.24056000000000494,TIME,LONG
2022-05-12,2022,14:00 prev-close continuation TP30/SL25 H24,2293141,2293832,1.2,TP,SHORT
2022-05-13,2022,Thu/Fri Asia breakout TP25/SL20 H24,2294375,2294698,-1.0,SL,LONG
2022-05-16,2022,14:00 prev-close continuation TP30/SL25 H24,2298901,2300340,-0.8669599999999992,TIME,SHORT
2022-05-17,2022,14:00 prev-close continuation TP30/SL25 H24,2300341,2301780,-0.42855999999999767,TIME,LONG
2022-05-18,2022,14:00 prev-close continuation TP30/SL25 H24,2301781,2303220,0.4684400000000005,TIME,LONG
2022-05-19,2022,14:00 prev-close continuation TP30/SL25 H24,2303221,2304660,0.6083199999999942,TIME,LONG
2022-05-20,2022,14:00 prev-close continuation TP30/SL25 H24,2304661,2306100,0.02024000000000342,TIME,LONG
2022-05-23,2022,14:00 prev-close continuation TP30/SL25 H24,2308981,2310420,-0.09516000000000531,TIME,LONG
2022-05-24,2022,14:00 prev-close continuation TP30/SL25 H24,2310421,2311860,-0.2607600000000002,TIME,LONG
2022-05-25,2022,14:00 prev-close continuation TP30/SL25 H24,2311861,2313300,0.2822400000000016,TIME,SHORT
2022-05-26,2022,14:00 prev-close continuation TP30/SL25 H24,2313301,2314740,-0.5509600000000046,TIME,SHORT
2022-05-27,2022,14:00 prev-close continuation TP30/SL25 H24,2314741,2316180,-0.21355999999999767,TIME,LONG
2022-05-30,2022,14:00 prev-close continuation TP30/SL25 H24,2319061,2320500,-0.2565599999999995,TIME,LONG
2022-05-31,2022,14:00 prev-close continuation TP30/SL25 H24,2320501,2321940,0.6554399999999987,TIME,SHORT
2022-06-01,2022,14:00 prev-close continuation TP30/SL25 H24,2321941,2323350,-1.0,SL,SHORT
2022-06-02,2022,14:00 prev-close continuation TP30/SL25 H24,2323381,2324820,0.4008400000000074,TIME,LONG
2022-06-03,2022,14:00 prev-close continuation TP30/SL25 H24,2324821,2326260,0.5704399999999987,TIME,SHORT
2022-06-06,2022,14:00 prev-close continuation TP30/SL25 H24,2329141,2330580,-0.09795999999999366,TIME,LONG
2022-06-07,2022,14:00 prev-close continuation TP30/SL25 H24,2330581,2332020,-0.14712000000000444,TIME,LONG
2022-06-08,2022,14:00 prev-close continuation TP30/SL25 H24,2332021,2333460,-0.05992000000000189,TIME,SHORT
2022-06-09,2022,14:00 prev-close continuation TP30/SL25 H24,2333461,2334900,0.19323999999999614,TIME,SHORT
2022-06-10,2022,14:00 prev-close continuation TP30/SL25 H24,2334901,2335200,-1.0,SL,SHORT
2022-06-13,2022,14:00 prev-close continuation TP30/SL25 H24,2339221,2339403,1.2,TP,SHORT
2022-06-14,2022,14:00 prev-close continuation TP30/SL25 H24,2340661,2342100,-0.02655999999999949,TIME,LONG
2022-06-15,2022,14:00 prev-close continuation TP30/SL25 H24,2342101,2343540,-0.2941600000000017,TIME,LONG
2022-06-16,2022,14:00 prev-close continuation TP30/SL25 H24,2343541,2343802,-1.0,SL,SHORT
2022-06-17,2022,14:00 prev-close continuation TP30/SL25 H24,2344981,2346420,0.17824000000000523,TIME,SHORT
2022-06-20,2022,14:00 prev-close continuation TP30/SL25 H24,2349301,2350740,0.20184000000000196,TIME,SHORT
2022-06-21,2022,14:00 prev-close continuation TP30/SL25 H24,2350741,2352180,0.02024000000000342,TIME,SHORT
2022-06-22,2022,14:00 prev-close continuation TP30/SL25 H24,2352181,2353620,-0.18376000000000203,TIME,LONG
2022-06-23,2022,14:00 prev-close continuation TP30/SL25 H24,2353621,2355060,0.12515999999999622,TIME,SHORT
2022-06-24,2022,14:00 prev-close continuation TP30/SL25 H24,2355061,2356500,0.009239999999999781,TIME,LONG
2022-06-27,2022,14:00 prev-close continuation TP30/SL25 H24,2359381,2360820,-0.5531600000000071,TIME,LONG
2022-06-28,2022,14:00 prev-close continuation TP30/SL25 H24,2360821,2362260,0.07355999999999767,TIME,LONG
2022-06-29,2022,14:00 prev-close continuation TP30/SL25 H24,2362261,2363700,-0.6255599999999959,TIME,LONG
2022-06-30,2022,14:00 prev-close continuation TP30/SL25 H24,2363701,2365140,0.7252800000000025,TIME,SHORT
2022-07-01,2022,14:00 prev-close continuation TP30/SL25 H24,2365141,2366580,-0.8251200000000063,TIME,SHORT
2022-07-04,2022,14:00 prev-close continuation TP30/SL25 H24,2369461,2370900,0.11760000000000219,TIME,SHORT
2022-07-05,2022,14:00 prev-close continuation TP30/SL25 H24,2370901,2371087,1.2,TP,SHORT
2022-07-06,2022,14:00 prev-close continuation TP30/SL25 H24,2372341,2372641,1.2,TP,SHORT
2022-07-07,2022,14:00 prev-close continuation TP30/SL25 H24,2373781,2375220,-0.132480000000005,TIME,LONG
2022-07-08,2022,14:00 prev-close continuation TP30/SL25 H24,2375221,2376660,0.039839999999994685,TIME,LONG
2022-07-11,2022,Compression breakout TP15/SL15 H12,2379333,2380052,0.2934666666666696,TIME,SHORT
2022-07-12,2022,14:00 prev-close continuation TP30/SL25 H24,2380981,2382420,0.11744000000000597,TIME,SHORT
2022-07-13,2022,14:00 prev-close continuation TP30/SL25 H24,2382421,2383860,-0.8149599999999918,TIME,LONG
2022-07-14,2022,14:00 prev-close continuation TP30/SL25 H24,2383861,2385300,0.11048000000000684,TIME,SHORT
2022-07-15,2022,14:00 prev-close continuation TP30/SL25 H24,2385301,2386740,-0.05055999999999585,TIME,SHORT
2022-07-18,2022,14:00 prev-close continuation TP30/SL25 H24,2389621,2391060,0.0035999999999967256,TIME,LONG
2022-07-19,2022,14:00 prev-close continuation TP30/SL25 H24,2391061,2392500,-0.3513200000000052,TIME,LONG
2022-07-20,2022,14:00 prev-close continuation TP30/SL25 H24,2392501,2393940,0.9869599999999992,TIME,SHORT
2022-07-21,2022,14:00 prev-close continuation TP30/SL25 H24,2393941,2394060,-1.0,SL,SHORT
2022-07-22,2022,Thu/Fri Asia breakout TP25/SL20 H24,2395167,2396606,0.3367999999999938,TIME,LONG
2022-07-25,2022,14:00 prev-close continuation TP30/SL25 H24,2399701,2401140,-0.48971999999999755,TIME,LONG
2022-07-26,2022,14:00 prev-close continuation TP30/SL25 H24,2401141,2402580,-0.07131999999999607,TIME,SHORT
2022-07-27,2022,14:00 prev-close continuation TP30/SL25 H24,2402581,2404020,0.7842399999999998,TIME,LONG
2022-07-28,2022,14:00 prev-close continuation TP30/SL25 H24,2404021,2405460,0.8676800000000003,TIME,LONG
2022-07-29,2022,14:00 prev-close continuation TP30/SL25 H24,2405461,2406900,0.13847999999999958,TIME,LONG
2022-08-01,2022,14:00 prev-close continuation TP30/SL25 H24,2409781,2411220,0.08299999999999272,TIME,LONG
2022-08-02,2022,14:00 prev-close continuation TP30/SL25 H24,2411221,2412660,-0.4328399999999965,TIME,LONG
2022-08-03,2022,14:00 prev-close continuation TP30/SL25 H24,2412661,2414100,0.7332799999999952,TIME,LONG
2022-08-04,2022,14:00 prev-close continuation TP30/SL25 H24,2414101,2415540,0.1344799999999941,TIME,LONG
2022-08-05,2022,14:00 prev-close continuation TP30/SL25 H24,2415541,2416980,0.3822400000000016,TIME,SHORT
2022-08-08,2022,Compression breakout TP15/SL15 H12,2419636,2420355,0.7480666666666669,TIME,LONG
2022-08-09,2022,14:00 prev-close continuation TP30/SL25 H24,2421301,2422740,-0.06667999999999666,TIME,LONG
2022-08-10,2022,14:00 prev-close continuation TP30/SL25 H24,2422741,2424180,-0.041239999999997966,TIME,SHORT
2022-08-11,2022,14:00 prev-close continuation TP30/SL25 H24,2424181,2425620,0.1222400000000016,TIME,SHORT
2022-08-12,2022,14:00 prev-close continuation TP30/SL25 H24,2425621,2427060,-0.6259199999999965,TIME,SHORT
2022-08-15,2022,14:00 prev-close continuation TP30/SL25 H24,2429941,2431380,-0.031679999999996655,TIME,SHORT
2022-08-16,2022,14:00 prev-close continuation TP30/SL25 H24,2431381,2432820,0.1911200000000008,TIME,SHORT
2022-08-17,2022,14:00 prev-close continuation TP30/SL25 H24,2432821,2434260,0.08344000000000051,TIME,SHORT
2022-08-18,2022,14:00 prev-close continuation TP30/SL25 H24,2434261,2435700,-0.7751199999999971,TIME,LONG
2022-08-19,2022,14:00 prev-close continuation TP30/SL25 H24,2435701,2437140,0.09488000000000284,TIME,SHORT
2022-08-22,2022,14:00 prev-close continuation TP30/SL25 H24,2440021,2441460,-0.1365599999999995,TIME,SHORT
2022-08-23,2022,14:00 prev-close continuation TP30/SL25 H24,2441461,2442900,0.26288000000000467,TIME,LONG
2022-08-24,2022,14:00 prev-close continuation TP30/SL25 H24,2442901,2444340,-0.7259999999999945,TIME,SHORT
2022-08-25,2022,14:00 prev-close continuation TP30/SL25 H24,2444341,2445780,-0.6382400000000052,TIME,LONG
2022-08-26,2022,14:00 prev-close continuation TP30/SL25 H24,2445781,2447220,0.2976800000000003,TIME,SHORT
2022-08-29,2022,14:00 prev-close continuation TP30/SL25 H24,2450101,2451540,-0.2200799999999981,TIME,SHORT
2022-08-30,2022,14:00 prev-close continuation TP30/SL25 H24,2451541,2452980,0.9179199999999946,TIME,SHORT
2022-08-31,2022,14:00 prev-close continuation TP30/SL25 H24,2452981,2454420,0.33831999999999424,TIME,SHORT
2022-09-01,2022,14:00 prev-close continuation TP30/SL25 H24,2454421,2455860,-0.1523199999999997,TIME,SHORT
2022-09-02,2022,14:00 prev-close continuation TP30/SL25 H24,2455861,2457300,0.2188799999999992,TIME,LONG
2022-09-05,2022,14:00 prev-close continuation TP30/SL25 H24,2460181,2461620,-0.09048000000000683,TIME,LONG
2022-09-06,2022,14:00 prev-close continuation TP30/SL25 H24,2461621,2463060,-0.4032800000000043,TIME,LONG
2022-09-07,2022,14:00 prev-close continuation TP30/SL25 H24,2463061,2464500,0.7927599999999984,TIME,LONG
2022-09-08,2022,14:00 prev-close continuation TP30/SL25 H24,2464501,2465940,0.13368000000000393,TIME,LONG
2022-09-09,2022,14:00 prev-close continuation TP30/SL25 H24,2465941,2467380,-0.4489599999999973,TIME,LONG
2022-09-12,2022,14:00 prev-close continuation TP30/SL25 H24,2470261,2471700,0.020720000000001165,TIME,LONG
2022-09-13,2022,14:00 prev-close continuation TP30/SL25 H24,2471701,2471815,-1.0,SL,LONG
2022-09-14,2022,14:00 prev-close continuation TP30/SL25 H24,2473141,2474580,-0.6860800000000018,TIME,LONG
2022-09-15,2022,14:00 prev-close continuation TP30/SL25 H24,2474581,2475832,1.2,TP,SHORT
2022-09-16,2022,14:00 prev-close continuation TP30/SL25 H24,2476021,2477460,0.2817199999999957,TIME,LONG
2022-09-19,2022,14:00 prev-close continuation TP30/SL25 H24,2480341,2481780,-0.11800000000000183,TIME,SHORT
2022-09-20,2022,14:00 prev-close continuation TP30/SL25 H24,2481781,2483220,-0.23911999999999353,TIME,SHORT
2022-09-21,2022,14:00 prev-close continuation TP30/SL25 H24,2483221,2484660,-0.28755999999999404,TIME,LONG
2022-09-22,2022,14:00 prev-close continuation TP30/SL25 H24,2484661,2486100,0.9286799999999948,TIME,SHORT
2022-09-23,2022,14:00 prev-close continuation TP30/SL25 H24,2486101,2487540,-0.04108000000000175,TIME,SHORT
2022-09-26,2022,14:00 prev-close continuation TP30/SL25 H24,2490421,2491860,0.09811999999999899,TIME,SHORT
2022-09-27,2022,14:00 prev-close continuation TP30/SL25 H24,2491861,2493300,-0.2991200000000026,TIME,LONG
2022-09-28,2022,14:00 prev-close continuation TP30/SL25 H24,2493301,2493593,1.2,TP,LONG
2022-09-29,2022,Thu/Fri Asia breakout TP25/SL20 H24,2494531,2495046,-1.0,SL,SHORT
2022-09-30,2022,Thu/Fri Asia breakout TP25/SL20 H24,2495941,2497380,-0.49470000000000025,TIME,LONG
2022-10-03,2022,14:00 prev-close continuation TP30/SL25 H24,2500501,2500894,1.2,TP,LONG
2022-10-04,2022,14:00 prev-close continuation TP30/SL25 H24,2501941,2503380,0.2464800000000014,TIME,LONG
2022-10-05,2022,14:00 prev-close continuation TP30/SL25 H24,2503381,2504820,-0.042399999999997814,TIME,SHORT
2022-10-06,2022,14:00 prev-close continuation TP30/SL25 H24,2504821,2506260,0.18811999999999898,TIME,SHORT
2022-10-07,2022,14:00 prev-close continuation TP30/SL25 H24,2506261,2507700,0.5152000000000043,TIME,SHORT
2022-10-10,2022,14:00 prev-close continuation TP30/SL25 H24,2510581,2512020,0.46639999999999415,TIME,SHORT
2022-10-11,2022,14:00 prev-close continuation TP30/SL25 H24,2512021,2513460,-0.12427999999999884,TIME,SHORT
2022-10-12,2022,14:00 prev-close continuation TP30/SL25 H24,2513461,2514900,0.14944000000000415,TIME,LONG
2022-10-13,2022,14:00 prev-close continuation TP30/SL25 H24,2514901,2515005,-1.0,SL,LONG
2022-10-14,2022,Thu/Fri Asia breakout TP25/SL20 H24,2516223,2517662,0.6616500000000087,TIME,SHORT
2022-10-17,2022,14:00 prev-close continuation TP30/SL25 H24,2520661,2522100,-0.2241599999999926,TIME,LONG
2022-10-18,2022,14:00 prev-close continuation TP30/SL25 H24,2522101,2523540,-0.7509599999999955,TIME,LONG
2022-10-19,2022,14:00 prev-close continuation TP30/SL25 H24,2523541,2524980,-0.22735999999999876,TIME,SHORT
2022-10-20,2022,14:00 prev-close continuation TP30/SL25 H24,2524981,2526420,-0.5485599999999977,TIME,LONG
2022-10-21,2022,14:00 prev-close continuation TP30/SL25 H24,2526421,2526711,-1.0,SL,SHORT
2022-10-24,2022,14:00 prev-close continuation TP30/SL25 H24,2530741,2532180,0.25900000000000545,TIME,SHORT
2022-10-25,2022,14:00 prev-close continuation TP30/SL25 H24,2532181,2533382,-1.0,SL,SHORT
2022-10-26,2022,14:00 prev-close continuation TP30/SL25 H24,2533621,2535060,-0.33820000000000616,TIME,LONG
2022-10-27,2022,14:00 prev-close continuation TP30/SL25 H24,2535061,2536500,0.4814400000000023,TIME,SHORT
2022-10-28,2022,14:00 prev-close continuation TP30/SL25 H24,2536501,2537940,0.14179999999999382,TIME,SHORT
2022-10-31,2022,Compression breakout TP15/SL15 H12,2540643,2541362,0.44233333333333275,TIME,SHORT
2022-11-01,2022,14:00 prev-close continuation TP30/SL25 H24,2542321,2543760,0.08623999999999796,TIME,LONG
2022-11-02,2022,14:00 prev-close continuation TP30/SL25 H24,2543761,2544912,-1.0,SL,LONG
2022-11-03,2022,Thu/Fri Asia breakout TP25/SL20 H24,2544961,2546235,-1.0,SL,SHORT
2022-11-04,2022,Thu/Fri Asia breakout TP25/SL20 H24,2546477,2547028,1.25,TP,LONG
2022-11-07,2022,14:00 prev-close continuation TP30/SL25 H24,2550961,2552400,0.1773999999999978,TIME,SHORT
2022-11-08,2022,14:00 prev-close continuation TP30/SL25 H24,2552401,2552590,-1.0,SL,SHORT
2022-11-09,2022,Compression breakout TP15/SL15 H12,2553602,2554321,-0.6929333333333337,TIME,LONG
2022-11-10,2022,14:00 prev-close continuation TP30/SL25 H24,2555281,2555410,1.2,TP,LONG
2022-11-11,2022,Thu/Fri Asia breakout TP25/SL20 H24,2556533,2557972,0.3112500000000068,TIME,LONG
2022-11-14,2022,14:00 prev-close continuation TP30/SL25 H24,2561041,2562222,-1.0,SL,SHORT
2022-11-15,2022,14:00 prev-close continuation TP30/SL25 H24,2562481,2563920,0.22779999999999745,TIME,LONG
2022-11-16,2022,14:00 prev-close continuation TP30/SL25 H24,2563921,2565360,-0.6902000000000044,TIME,LONG
2022-11-17,2022,14:00 prev-close continuation TP30/SL25 H24,2565361,2566800,0.24623999999999796,TIME,SHORT
2022-11-18,2022,14:00 prev-close continuation TP30/SL25 H24,2566801,2568240,0.32744000000000595,TIME,SHORT
2022-11-21,2022,14:00 prev-close continuation TP30/SL25 H24,2571121,2572560,-0.34496000000000093,TIME,SHORT
2022-11-22,2022,14:00 prev-close continuation TP30/SL25 H24,2572561,2574000,-0.37615999999999983,TIME,LONG
2022-11-23,2022,14:00 prev-close continuation TP30/SL25 H24,2574001,2575440,-0.7861999999999989,TIME,SHORT
2022-11-24,2022,14:00 prev-close continuation TP30/SL25 H24,2575441,2576880,-0.29539999999999966,TIME,LONG
2022-11-25,2022,14:00 prev-close continuation TP30/SL25 H24,2576881,2578320,-0.1410400000000027,TIME,SHORT
2022-11-28,2022,14:00 prev-close continuation TP30/SL25 H24,2581201,2582640,-0.09099999999999454,TIME,LONG
2022-11-29,2022,14:00 prev-close continuation TP30/SL25 H24,2582641,2584080,0.20460000000000036,TIME,LONG
2022-11-30,2022,14:00 prev-close continuation TP30/SL25 H24,2584081,2585520,0.7166400000000067,TIME,LONG
2022-12-01,2022,14:00 prev-close continuation TP30/SL25 H24,2585521,2586960,0.6694000000000051,TIME,LONG
2022-12-02,2022,14:00 prev-close continuation TP30/SL25 H24,2586961,2588400,-0.015799999999999273,TIME,SHORT
2022-12-05,2022,14:00 prev-close continuation TP30/SL25 H24,2591281,2592720,0.5870399999999972,TIME,SHORT
2022-12-06,2022,14:00 prev-close continuation TP30/SL25 H24,2592721,2594160,-0.30979999999999563,TIME,LONG
2022-12-07,2022,14:00 prev-close continuation TP30/SL25 H24,2594161,2595600,0.4810400000000027,TIME,LONG
2022-12-08,2022,14:00 prev-close continuation TP30/SL25 H24,2595601,2597040,-0.6573599999999987,TIME,SHORT
2022-12-09,2022,14:00 prev-close continuation TP30/SL25 H24,2597041,2598480,-0.1878400000000056,TIME,LONG
2022-12-12,2022,14:00 prev-close continuation TP30/SL25 H24,2601361,2602800,0.2565200000000004,TIME,SHORT
2022-12-13,2022,14:00 prev-close continuation TP30/SL25 H24,2602801,2602934,1.2,TP,LONG
2022-12-14,2022,Compression breakout TP15/SL15 H12,2603984,2604703,0.16066666666667212,TIME,SHORT
2022-12-15,2022,Thu/Fri Asia breakout TP25/SL20 H24,2605441,2606880,0.566999999999996,TIME,SHORT
2022-12-16,2022,Thu/Fri Asia breakout TP25/SL20 H24,2606907,2608346,-0.9083500000000072,TIME,SHORT
2022-12-19,2022,14:00 prev-close continuation TP30/SL25 H24,2611441,2612880,0.48280000000000656,TIME,LONG
2022-12-20,2022,14:00 prev-close continuation TP30/SL25 H24,2612881,2614320,0.2468000000000029,TIME,LONG
2022-12-21,2022,14:00 prev-close continuation TP30/SL25 H24,2614321,2615760,-0.11079999999999927,TIME,SHORT
2022-12-22,2022,14:00 prev-close continuation TP30/SL25 H24,2615761,2616120,-1.0,SL,LONG
2022-12-23,2022,Compression breakout TP15/SL15 H12,2616904,2617623,-0.05933333333334,TIME,LONG
2022-12-26,2022,14:00 prev-close continuation TP30/SL25 H24,2621521,2622960,-0.4869599999999991,TIME,SHORT
2022-12-27,2022,14:00 prev-close continuation TP30/SL25 H24,2622961,2624400,-0.2923199999999997,TIME,LONG
2022-12-28,2022,14:00 prev-close continuation TP30/SL25 H24,2624401,2625840,-0.14920000000000072,TIME,SHORT
2022-12-29,2022,14:00 prev-close continuation TP30/SL25 H24,2625841,2627280,0.4723999999999978,TIME,LONG
2022-12-30,2022,14:00 prev-close continuation TP30/SL25 H24,2627281,2628720,0.1760400000000027,TIME,LONG
2023-01-02,2023,14:00 prev-close continuation TP30/SL25 H24,2631601,2632773,-1.0,SL,SHORT
2023-01-03,2023,14:00 prev-close continuation TP30/SL25 H24,2633041,2634262,1.2,TP,LONG
2023-01-04,2023,14:00 prev-close continuation TP30/SL25 H24,2634481,2635920,-0.5858800000000065,TIME,LONG
2023-01-05,2023,14:00 prev-close continuation TP30/SL25 H24,2635921,2637360,0.3788000000000011,TIME,SHORT
2023-01-06,2023,14:00 prev-close continuation TP30/SL25 H24,2637361,2637754,1.2,TP,LONG
2023-01-09,2023,14:00 prev-close continuation TP30/SL25 H24,2641681,2643120,0.0617200000000048,TIME,LONG
2023-01-10,2023,14:00 prev-close continuation TP30/SL25 H24,2643121,2644560,0.3076000000000022,TIME,LONG
2023-01-11,2023,14:00 prev-close continuation TP30/SL25 H24,2644561,2646000,0.0729200000000037,TIME,LONG
2023-01-12,2023,14:00 prev-close continuation TP30/SL25 H24,2646001,2647440,0.5835999999999967,TIME,LONG
2023-01-13,2023,14:00 prev-close continuation TP30/SL25 H24,2647441,2648880,0.7661200000000008,TIME,LONG
2023-01-16,2023,14:00 prev-close continuation TP30/SL25 H24,2651761,2653200,0.11880000000000109,TIME,SHORT
2023-01-17,2023,14:00 prev-close continuation TP30/SL25 H24,2653201,2654640,-0.10280000000000655,TIME,SHORT
2023-01-18,2023,14:00 prev-close continuation TP30/SL25 H24,2654641,2656080,-0.30879999999999197,TIME,LONG
2023-01-19,2023,14:00 prev-close continuation TP30/SL25 H24,2656081,2657520,0.7435999999999967,TIME,LONG
2023-01-20,2023,14:00 prev-close continuation TP30/SL25 H24,2657521,2658960,0.00011999999999716237,TIME,SHORT
2023-01-23,2023,14:00 prev-close continuation TP30/SL25 H24,2661841,2663280,-0.5178800000000047,TIME,SHORT
2023-01-24,2023,14:00 prev-close continuation TP30/SL25 H24,2663281,2664720,-0.505600000000004,TIME,LONG
2023-01-25,2023,14:00 prev-close continuation TP30/SL25 H24,2664721,2666160,-0.4711999999999989,TIME,SHORT
2023-01-26,2023,14:00 prev-close continuation TP30/SL25 H24,2666161,2667600,0.2466399999999976,TIME,SHORT
2023-01-27,2023,14:00 prev-close continuation TP30/SL25 H24,2667601,2669040,-0.12307999999999993,TIME,LONG
2023-01-30,2023,14:00 prev-close continuation TP30/SL25 H24,2671921,2673360,0.7507999999999992,TIME,SHORT
2023-01-31,2023,14:00 prev-close continuation TP30/SL25 H24,2673361,2673581,-1.0,SL,SHORT
2023-02-01,2023,Compression breakout TP15/SL15 H12,2674506,2675225,-0.29179999999999684,TIME,LONG
2023-02-02,2023,Compression breakout TP15/SL15 H12,2675952,2676395,-1.0,SL,LONG
2023-02-03,2023,Compression breakout TP15/SL15 H12,2677416,2677774,1.0,TP,SHORT
2023-02-06,2023,14:00 prev-close continuation TP30/SL25 H24,2682001,2683440,-0.18279999999999746,TIME,LONG
2023-02-07,2023,14:00 prev-close continuation TP30/SL25 H24,2683441,2684880,0.4688000000000011,TIME,LONG
2023-02-08,2023,14:00 prev-close continuation TP30/SL25 H24,2684881,2686320,0.08851999999999861,TIME,LONG
2023-02-09,2023,14:00 prev-close continuation TP30/SL25 H24,2686321,2687248,-1.0,SL,LONG
2023-02-10,2023,Thu/Fri Asia breakout TP25/SL20 H24,2687521,2688960,-0.17934999999999945,TIME,LONG
2023-02-13,2023,14:00 prev-close continuation TP30/SL25 H24,2692081,2693520,0.21167999999999665,TIME,SHORT
2023-02-14,2023,14:00 prev-close continuation TP30/SL25 H24,2693521,2694737,-1.0,SL,LONG
2023-02-15,2023,14:00 prev-close continuation TP30/SL25 H24,2694961,2696400,-0.10280000000000655,TIME,SHORT
2023-02-16,2023,14:00 prev-close continuation TP30/SL25 H24,2696401,2697840,-0.5132000000000062,TIME,LONG
2023-02-17,2023,14:00 prev-close continuation TP30/SL25 H24,2697841,2699280,-0.72308,TIME,SHORT
2023-02-20,2023,14:00 prev-close continuation TP30/SL25 H24,2702161,2703600,-0.43400000000000544,TIME,LONG
2023-02-21,2023,14:00 prev-close continuation TP30/SL25 H24,2703601,2705040,-0.21480000000000474,TIME,SHORT
2023-02-22,2023,14:00 prev-close continuation TP30/SL25 H24,2705041,2706480,-0.5219999999999981,TIME,LONG
2023-02-23,2023,14:00 prev-close continuation TP30/SL25 H24,2706481,2707920,-0.32347999999999955,TIME,LONG
2023-02-24,2023,14:00 prev-close continuation TP30/SL25 H24,2707921,2709360,0.27132000000000517,TIME,SHORT
2023-02-27,2023,14:00 prev-close continuation TP30/SL25 H24,2712241,2713680,-0.15399999999999636,TIME,LONG
2023-02-28,2023,14:00 prev-close continuation TP30/SL25 H24,2713681,2714776,-1.0,SL,SHORT
2023-03-01,2023,14:00 prev-close continuation TP30/SL25 H24,2715121,2716560,0.0734400000000005,TIME,LONG
2023-03-02,2023,14:00 prev-close continuation TP30/SL25 H24,2716561,2718000,0.42480000000000473,TIME,LONG
2023-03-03,2023,14:00 prev-close continuation TP30/SL25 H24,2718001,2719440,0.3041200000000026,TIME,LONG
2023-03-06,2023,Compression breakout TP15/SL15 H12,2722058,2722777,-0.8013333333333321,TIME,LONG
2023-03-07,2023,14:00 prev-close continuation TP30/SL25 H24,2723761,2724650,1.2,TP,SHORT
2023-03-08,2023,Compression breakout TP15/SL15 H12,2724940,2725659,0.032000000000001215,TIME,LONG
2023-03-09,2023,Compression breakout TP15/SL15 H12,2726437,2726822,1.0,TP,LONG
2023-03-10,2023,Thu/Fri Asia breakout TP25/SL20 H24,2727841,2728262,1.25,TP,LONG
2023-03-13,2023,14:00 prev-close continuation TP30/SL25 H24,2732401,2733840,0.5939999999999963,TIME,LONG
2023-03-14,2023,14:00 prev-close continuation TP30/SL25 H24,2733841,2735280,-0.5271999999999935,TIME,SHORT
2023-03-15,2023,14:00 prev-close continuation TP30/SL25 H24,2735281,2736720,0.34079999999999927,TIME,LONG
2023-03-16,2023,14:00 prev-close continuation TP30/SL25 H24,2736721,2738160,0.34679999999999384,TIME,LONG
2023-03-17,2023,14:00 prev-close continuation TP30/SL25 H24,2738161,2738469,1.2,TP,LONG
2023-03-20,2023,14:00 prev-close continuation TP30/SL25 H24,2742481,2743920,0.6884000000000015,TIME,SHORT
2023-03-21,2023,14:00 prev-close continuation TP30/SL25 H24,2743921,2744323,1.2,TP,SHORT
2023-03-22,2023,14:00 prev-close continuation TP30/SL25 H24,2745361,2745762,1.2,TP,LONG
2023-03-23,2023,14:00 prev-close continuation TP30/SL25 H24,2746801,2748240,0.6527999999999975,TIME,LONG
2023-03-24,2023,14:00 prev-close continuation TP30/SL25 H24,2748241,2749680,-0.6998799999999937,TIME,LONG
2023-03-27,2023,14:00 prev-close continuation TP30/SL25 H24,2752501,2753940,-0.2948000000000047,TIME,SHORT
2023-03-28,2023,14:00 prev-close continuation TP30/SL25 H24,2753941,2755380,-0.4780000000000018,TIME,SHORT
2023-03-29,2023,14:00 prev-close continuation TP30/SL25 H24,2755381,2756820,-0.028400000000001455,TIME,SHORT
2023-03-30,2023,14:00 prev-close continuation TP30/SL25 H24,2756821,2758260,0.42904000000000453,TIME,LONG
2023-03-31,2023,14:00 prev-close continuation TP30/SL25 H24,2758261,2759700,0.3936799999999948,TIME,SHORT
2023-04-03,2023,14:00 prev-close continuation TP30/SL25 H24,2762581,2764020,0.35891999999999824,TIME,LONG
2023-04-04,2023,14:00 prev-close continuation TP30/SL25 H24,2764021,2764206,-1.0,SL,SHORT
2023-04-05,2023,Compression breakout TP15/SL15 H12,2765183,2765673,-1.0,SL,LONG
2023-04-06,2023,14:00 prev-close continuation TP30/SL25 H24,2766901,2768340,0.4978400000000056,TIME,SHORT
2023-04-07,2023,14:00 prev-close continuation TP30/SL25 H24,2768341,2769780,-0.05303999999999178,TIME,SHORT
2023-04-10,2023,14:00 prev-close continuation TP30/SL25 H24,2772661,2774100,-0.11640000000000328,TIME,SHORT
2023-04-11,2023,14:00 prev-close continuation TP30/SL25 H24,2774101,2775540,0.15439999999999598,TIME,LONG
2023-04-12,2023,14:00 prev-close continuation TP30/SL25 H24,2775541,2776980,0.7429200000000037,TIME,LONG
2023-04-13,2023,14:00 prev-close continuation TP30/SL25 H24,2776981,2778420,0.40423999999999977,TIME,LONG
2023-04-14,2023,14:00 prev-close continuation TP30/SL25 H24,2778421,2778632,1.2,TP,SHORT
2023-04-17,2023,14:00 prev-close continuation TP30/SL25 H24,2782741,2782966,-1.0,SL,LONG
2023-04-18,2023,14:00 prev-close continuation TP30/SL25 H24,2784181,2785481,-1.0,SL,LONG
2023-04-19,2023,14:00 prev-close continuation TP30/SL25 H24,2785621,2786493,-1.0,SL,SHORT
2023-04-20,2023,Thu/Fri Asia breakout TP25/SL20 H24,2786821,2788260,-0.6432000000000017,TIME,LONG
2023-04-21,2023,Thu/Fri Asia breakout TP25/SL20 H24,2788261,2789700,0.111099999999999,TIME,SHORT
2023-04-24,2023,14:00 prev-close continuation TP30/SL25 H24,2792821,2794260,-0.09547999999999775,TIME,LONG
2023-04-25,2023,14:00 prev-close continuation TP30/SL25 H24,2794261,2795700,-0.6998800000000028,TIME,SHORT
2023-04-26,2023,14:00 prev-close continuation TP30/SL25 H24,2795701,2797140,0.05131999999999607,TIME,LONG
2023-04-27,2023,14:00 prev-close continuation TP30/SL25 H24,2797141,2797298,-1.0,SL,LONG
2023-04-28,2023,Thu/Fri Asia breakout TP25/SL20 H24,2798346,2799785,-0.4088500000000067,TIME,SHORT
2023-05-01,2023,14:00 prev-close continuation TP30/SL25 H24,2802901,2804340,0.015199999999995271,TIME,SHORT
2023-05-02,2023,14:00 prev-close continuation TP30/SL25 H24,2804341,2804649,1.2,TP,LONG
2023-05-03,2023,Compression breakout TP15/SL15 H12,2805571,2806200,-1.0,SL,SHORT
2023-05-04,2023,Thu/Fri Asia breakout TP25/SL20 H24,2806981,2807433,-1.0,SL,SHORT
2023-05-05,2023,Thu/Fri Asia breakout TP25/SL20 H24,2808441,2808759,1.25,TP,SHORT
2023-05-08,2023,14:00 prev-close continuation TP30/SL25 H24,2812981,2814420,0.28399999999999637,TIME,LONG
2023-05-09,2023,14:00 prev-close continuation TP30/SL25 H24,2814421,2815860,-0.04831999999999425,TIME,LONG
2023-05-10,2023,14:00 prev-close continuation TP30/SL25 H24,2815861,2817300,0.05876000000000204,TIME,SHORT
2023-05-11,2023,14:00 prev-close continuation TP30/SL25 H24,2817301,2818740,0.9215599999999995,TIME,SHORT
2023-05-12,2023,14:00 prev-close continuation TP30/SL25 H24,2818741,2820180,-0.2391200000000026,TIME,SHORT
2023-05-15,2023,14:00 prev-close continuation TP30/SL25 H24,2823061,2824500,-0.2803200000000015,TIME,LONG
2023-05-16,2023,14:00 prev-close continuation TP30/SL25 H24,2824501,2825940,0.7817199999999958,TIME,SHORT
2023-05-17,2023,14:00 prev-close continuation TP30/SL25 H24,2825941,2827380,0.43600000000000366,TIME,SHORT
2023-05-18,2023,14:00 prev-close continuation TP30/SL25 H24,2827381,2828820,0.4248800000000028,TIME,SHORT
2023-05-19,2023,14:00 prev-close continuation TP30/SL25 H24,2828821,2830260,0.45824000000000525,TIME,LONG
2023-05-22,2023,14:00 prev-close continuation TP30/SL25 H24,2833141,2834580,-0.8144400000000042,TIME,LONG
2023-05-23,2023,14:00 prev-close continuation TP30/SL25 H24,2834581,2836020,-0.8096000000000003,TIME,SHORT
2023-05-24,2023,14:00 prev-close continuation TP30/SL25 H24,2836021,2837460,-0.651200000000008,TIME,LONG
2023-05-25,2023,14:00 prev-close continuation TP30/SL25 H24,2837461,2838290,-1.0,SL,LONG
2023-05-26,2023,Thu/Fri Asia breakout TP25/SL20 H24,2838687,2840126,-0.329849999999999,TIME,LONG
2023-05-29,2023,14:00 prev-close continuation TP30/SL25 H24,2843221,2844660,-0.426279999999997,TIME,SHORT
2023-05-30,2023,14:00 prev-close continuation TP30/SL25 H24,2844661,2846100,0.04880000000000109,TIME,LONG
2023-05-31,2023,14:00 prev-close continuation TP30/SL25 H24,2846101,2847540,-0.39759999999999307,TIME,SHORT
2023-06-01,2023,14:00 prev-close continuation TP30/SL25 H24,2847541,2848980,0.4331999999999971,TIME,LONG
2023-06-02,2023,14:00 prev-close continuation TP30/SL25 H24,2848981,2849327,-1.0,SL,LONG
2023-06-05,2023,14:00 prev-close continuation TP30/SL25 H24,2853301,2854740,-0.8436000000000058,TIME,SHORT
2023-06-06,2023,14:00 prev-close continuation TP30/SL25 H24,2854741,2856180,-0.07520000000000436,TIME,LONG
2023-06-07,2023,14:00 prev-close continuation TP30/SL25 H24,2856181,2857620,0.6221199999999953,TIME,SHORT
2023-06-08,2023,14:00 prev-close continuation TP30/SL25 H24,2857621,2859060,0.6689199999999983,TIME,LONG
2023-06-09,2023,14:00 prev-close continuation TP30/SL25 H24,2859061,2860500,0.08772000000000844,TIME,SHORT
2023-06-12,2023,14:00 prev-close continuation TP30/SL25 H24,2863381,2864820,0.05680000000000291,TIME,LONG
2023-06-13,2023,14:00 prev-close continuation TP30/SL25 H24,2864821,2865272,-1.0,SL,LONG
2023-06-14,2023,14:00 prev-close continuation TP30/SL25 H24,2866261,2867700,-0.5720000000000073,TIME,LONG
2023-06-15,2023,14:00 prev-close continuation TP30/SL25 H24,2867701,2867907,-1.0,SL,SHORT
2023-06-16,2023,Thu/Fri Asia breakout TP25/SL20 H24,2868912,2870351,-0.254849999999999,TIME,LONG
2023-06-19,2023,Compression breakout TP15/SL15 H12,2873212,2873931,0.21613333333334594,TIME,SHORT
2023-06-20,2023,14:00 prev-close continuation TP30/SL25 H24,2874901,2876340,-0.7619999999999982,TIME,LONG
2023-06-21,2023,14:00 prev-close continuation TP30/SL25 H24,2876341,2877780,0.2619999999999982,TIME,SHORT
2023-06-22,2023,14:00 prev-close continuation TP30/SL25 H24,2877781,2879220,0.36519999999999525,TIME,SHORT
2023-06-23,2023,14:00 prev-close continuation TP30/SL25 H24,2879221,2880660,0.09371999999999389,TIME,LONG
2023-06-26,2023,14:00 prev-close continuation TP30/SL25 H24,2883541,2884980,-0.40159999999999857,TIME,LONG
2023-06-27,2023,14:00 prev-close continuation TP30/SL25 H24,2884981,2886420,0.6196000000000004,TIME,SHORT
2023-06-28,2023,14:00 prev-close continuation TP30/SL25 H24,2886421,2887860,-0.1468000000000029,TIME,SHORT
2023-06-29,2023,14:00 prev-close continuation TP30/SL25 H24,2887861,2889300,-0.15347999999999956,TIME,LONG
2023-06-30,2023,14:00 prev-close continuation TP30/SL25 H24,2889301,2890740,-0.5870800000000054,TIME,SHORT
2023-07-03,2023,14:00 prev-close continuation TP30/SL25 H24,2893621,2895060,-0.6088000000000011,TIME,SHORT
2023-07-04,2023,14:00 prev-close continuation TP30/SL25 H24,2895061,2896500,-0.07480000000000472,TIME,LONG
2023-07-05,2023,14:00 prev-close continuation TP30/SL25 H24,2896501,2897940,-0.11307999999999993,TIME,LONG
2023-07-06,2023,14:00 prev-close continuation TP30/SL25 H24,2897941,2899380,-0.3588000000000011,TIME,LONG
2023-07-07,2023,14:00 prev-close continuation TP30/SL25 H24,2899381,2900820,0.298119999999999,TIME,LONG
2023-07-10,2023,14:00 prev-close continuation TP30/SL25 H24,2903701,2905140,-0.4770799999999963,TIME,SHORT
2023-07-11,2023,14:00 prev-close continuation TP30/SL25 H24,2905141,2906580,-0.03200000000000727,TIME,LONG
2023-07-12,2023,14:00 prev-close continuation TP30/SL25 H24,2906581,2908020,0.9955999999999949,TIME,LONG
2023-07-13,2023,14:00 prev-close continuation TP30/SL25 H24,2908021,2909460,-0.15280000000000654,TIME,LONG
2023-07-14,2023,14:00 prev-close continuation TP30/SL25 H24,2909461,2910900,0.024119999999993525,TIME,SHORT
2023-07-17,2023,14:00 prev-close continuation TP30/SL25 H24,2913781,2915220,0.19480000000000472,TIME,LONG
2023-07-18,2023,14:00 prev-close continuation TP30/SL25 H24,2915221,2916660,0.46159999999999857,TIME,LONG
2023-07-19,2023,14:00 prev-close continuation TP30/SL25 H24,2916661,2918100,-0.23519999999999527,TIME,SHORT
2023-07-20,2023,14:00 prev-close continuation TP30/SL25 H24,2918101,2919540,-0.6675999999999931,TIME,LONG
2023-07-21,2023,14:00 prev-close continuation TP30/SL25 H24,2919541,2920980,0.05931999999999789,TIME,SHORT
2023-07-24,2023,Compression breakout TP15/SL15 H12,2923567,2924286,0.016600000000001575,TIME,SHORT
2023-07-25,2023,14:00 prev-close continuation TP30/SL25 H24,2925301,2926740,0.5003999999999996,TIME,LONG
2023-07-26,2023,14:00 prev-close continuation TP30/SL25 H24,2926741,2928180,0.15159999999999854,TIME,LONG
2023-07-27,2023,14:00 prev-close continuation TP30/SL25 H24,2928181,2928336,-1.0,SL,LONG
2023-07-28,2023,14:00 prev-close continuation TP30/SL25 H24,2929621,2931060,0.19531999999999244,TIME,LONG
2023-07-31,2023,14:00 prev-close continuation TP30/SL25 H24,2933941,2935380,0.08239999999999782,TIME,SHORT
2023-08-01,2023,14:00 prev-close continuation TP30/SL25 H24,2935381,2936820,0.11480000000000473,TIME,SHORT
2023-08-02,2023,14:00 prev-close continuation TP30/SL25 H24,2936821,2938260,-0.7327999999999975,TIME,LONG
2023-08-03,2023,14:00 prev-close continuation TP30/SL25 H24,2938261,2939700,-0.0844000000000051,TIME,LONG
2023-08-04,2023,14:00 prev-close continuation TP30/SL25 H24,2939701,2941140,-0.42508000000000723,TIME,SHORT
2023-08-07,2023,14:00 prev-close continuation TP30/SL25 H24,2944021,2945460,0.17800000000000182,TIME,SHORT
2023-08-08,2023,14:00 prev-close continuation TP30/SL25 H24,2945461,2946900,0.1890400000000045,TIME,SHORT
2023-08-09,2023,14:00 prev-close continuation TP30/SL25 H24,2946901,2948340,0.12372000000000298,TIME,SHORT
2023-08-10,2023,14:00 prev-close continuation TP30/SL25 H24,2948341,2949780,-0.17844000000000051,TIME,LONG
2023-08-11,2023,14:00 prev-close continuation TP30/SL25 H24,2949781,2951220,-0.18068000000000212,TIME,LONG
2023-08-14,2023,14:00 prev-close continuation TP30/SL25 H24,2954101,2955540,-0.454399999999996,TIME,LONG
2023-08-15,2023,14:00 prev-close continuation TP30/SL25 H24,2955541,2956980,-0.1338799999999992,TIME,SHORT
2023-08-16,2023,14:00 prev-close continuation TP30/SL25 H24,2956981,2958420,-0.3455999999999949,TIME,LONG
2023-08-17,2023,14:00 prev-close continuation TP30/SL25 H24,2958421,2959860,-0.18028000000000247,TIME,LONG
2023-08-18,2023,14:00 prev-close continuation TP30/SL25 H24,2959861,2961300,-0.19467999999999847,TIME,LONG
2023-08-21,2023,14:00 prev-close continuation TP30/SL25 H24,2964181,2965620,-0.5492000000000007,TIME,SHORT
2023-08-22,2023,14:00 prev-close continuation TP30/SL25 H24,2965621,2967060,0.04943999999999505,TIME,LONG
2023-08-23,2023,14:00 prev-close continuation TP30/SL25 H24,2967061,2968500,0.6203999999999996,TIME,LONG
2023-08-24,2023,14:00 prev-close continuation TP30/SL25 H24,2968501,2969940,-0.07588000000000647,TIME,LONG
2023-08-25,2023,14:00 prev-close continuation TP30/SL25 H24,2969941,2971380,-0.12667999999999666,TIME,LONG
2023-08-28,2023,Compression breakout TP15/SL15 H12,2974082,2974801,-0.405600000000004,TIME,SHORT
2023-08-29,2023,14:00 prev-close continuation TP30/SL25 H24,2975701,2977140,0.6964000000000032,TIME,LONG
2023-08-30,2023,14:00 prev-close continuation TP30/SL25 H24,2977141,2978580,0.2334400000000005,TIME,LONG
2023-08-31,2023,14:00 prev-close continuation TP30/SL25 H24,2978581,2980020,-0.007200000000002546,TIME,LONG
2023-09-01,2023,14:00 prev-close continuation TP30/SL25 H24,2980021,2981460,-0.2102799999999934,TIME,LONG
2023-09-04,2023,14:00 prev-close continuation TP30/SL25 H24,2984341,2985780,-0.3822800000000007,TIME,LONG
2023-09-05,2023,14:00 prev-close continuation TP30/SL25 H24,2985781,2987220,0.16155999999999948,TIME,SHORT
2023-09-06,2023,14:00 prev-close continuation TP30/SL25 H24,2987221,2988660,-0.2622800000000007,TIME,LONG
2023-09-07,2023,14:00 prev-close continuation TP30/SL25 H24,2988661,2990100,0.11639999999999417,TIME,LONG
2023-09-08,2023,14:00 prev-close continuation TP30/SL25 H24,2990101,2991540,-0.21787999999999555,TIME,LONG
2023-09-11,2023,14:00 prev-close continuation TP30/SL25 H24,2994421,2995860,-0.424399999999996,TIME,LONG
2023-09-12,2023,14:00 prev-close continuation TP30/SL25 H24,2995861,2997300,0.06919999999999163,TIME,SHORT
2023-09-13,2023,14:00 prev-close continuation TP30/SL25 H24,2997301,2998740,0.15479999999999564,TIME,SHORT
2023-09-14,2023,14:00 prev-close continuation TP30/SL25 H24,2998741,3000180,0.3071999999999935,TIME,LONG
2023-09-15,2023,14:00 prev-close continuation TP30/SL25 H24,3000181,3001620,0.22891999999999826,TIME,LONG
2023-09-18,2023,14:00 prev-close continuation TP30/SL25 H24,3004501,3005940,0.3268000000000029,TIME,LONG
2023-09-19,2023,14:00 prev-close continuation TP30/SL25 H24,3005941,3007380,-0.1423999999999978,TIME,LONG
2023-09-20,2023,14:00 prev-close continuation TP30/SL25 H24,3007381,3008820,-0.29804000000000086,TIME,LONG
2023-09-21,2023,14:00 prev-close continuation TP30/SL25 H24,3008821,3010260,-0.0035999999999967256,TIME,SHORT
2023-09-22,2023,14:00 prev-close continuation TP30/SL25 H24,3010261,3011700,-0.005360000000000582,TIME,LONG
2023-09-25,2023,14:00 prev-close continuation TP30/SL25 H24,3014581,3016020,0.5080000000000018,TIME,SHORT
2023-09-26,2023,14:00 prev-close continuation TP30/SL25 H24,3016021,3017460,0.7123999999999978,TIME,SHORT
2023-09-27,2023,14:00 prev-close continuation TP30/SL25 H24,3017461,3018900,0.7383999999999924,TIME,SHORT
2023-09-28,2023,14:00 prev-close continuation TP30/SL25 H24,3018901,3020340,0.10652000000000043,TIME,SHORT
2023-09-29,2023,14:00 prev-close continuation TP30/SL25 H24,3020341,3020789,-1.0,SL,LONG
2023-10-02,2023,14:00 prev-close continuation TP30/SL25 H24,3024661,3026100,0.30840000000000145,TIME,SHORT
2023-10-03,2023,14:00 prev-close continuation TP30/SL25 H24,3026101,3027540,0.11,TIME,SHORT
2023-10-04,2023,14:00 prev-close continuation TP30/SL25 H24,3027541,3028980,-0.002680000000000291,TIME,LONG
2023-10-05,2023,14:00 prev-close continuation TP30/SL25 H24,3028981,3030420,-0.04679999999999382,TIME,LONG
2023-10-06,2023,14:00 prev-close continuation TP30/SL25 H24,3030421,3031860,0.4030400000000009,TIME,LONG
2023-10-09,2023,14:00 prev-close continuation TP30/SL25 H24,3034741,3036180,0.25079999999999925,TIME,LONG
2023-10-10,2023,14:00 prev-close continuation TP30/SL25 H24,3036181,3037620,-0.7247999999999957,TIME,SHORT
2023-10-11,2023,14:00 prev-close continuation TP30/SL25 H24,3037621,3039060,0.28319999999999707,TIME,LONG
2023-10-12,2023,14:00 prev-close continuation TP30/SL25 H24,3039061,3040500,0.25199999999999817,TIME,LONG
2023-10-13,2023,14:00 prev-close continuation TP30/SL25 H24,3040501,3040596,1.2,TP,LONG
2023-10-16,2023,14:00 prev-close continuation TP30/SL25 H24,3044821,3046260,-0.25079999999999925,TIME,SHORT
2023-10-17,2023,14:00 prev-close continuation TP30/SL25 H24,3046261,3047700,0.8696000000000004,TIME,LONG
2023-10-18,2023,14:00 prev-close continuation TP30/SL25 H24,3047701,3049140,0.2,TIME,LONG
2023-10-19,2023,14:00 prev-close continuation TP30/SL25 H24,3049141,3049892,1.2,TP,LONG
2023-10-20,2023,Thu/Fri Asia breakout TP25/SL20 H24,3050418,3051857,-0.13385000000000674,TIME,LONG
2023-10-23,2023,14:00 prev-close continuation TP30/SL25 H24,3054901,3056340,0.7305199999999968,TIME,SHORT
2023-10-24,2023,14:00 prev-close continuation TP30/SL25 H24,3056341,3057780,-0.5903999999999996,TIME,SHORT
2023-10-25,2023,14:00 prev-close continuation TP30/SL25 H24,3057781,3059220,0.5364000000000033,TIME,LONG
2023-10-26,2023,14:00 prev-close continuation TP30/SL25 H24,3059221,3060660,-0.21119999999999892,TIME,LONG
2023-10-27,2023,14:00 prev-close continuation TP30/SL25 H24,3060661,3061095,-1.0,SL,SHORT
2023-10-30,2023,14:00 prev-close continuation TP30/SL25 H24,3065041,3066480,-0.185600000000004,TIME,SHORT
2023-10-31,2023,14:00 prev-close continuation TP30/SL25 H24,3066481,3067920,-0.64,TIME,LONG
2023-11-01,2023,14:00 prev-close continuation TP30/SL25 H24,3067921,3069360,0.1675999999999931,TIME,LONG
2023-11-02,2023,14:00 prev-close continuation TP30/SL25 H24,3069361,3070800,-0.031599999999998546,TIME,LONG
2023-11-03,2023,14:00 prev-close continuation TP30/SL25 H24,3070801,3072240,0.16731999999999972,TIME,LONG
2023-11-06,2023,14:00 prev-close continuation TP30/SL25 H24,3075121,3076560,0.9485199999999986,TIME,SHORT
2023-11-07,2023,14:00 prev-close continuation TP30/SL25 H24,3076561,3078000,-0.027200000000002545,TIME,SHORT
2023-11-08,2023,14:00 prev-close continuation TP30/SL25 H24,3078001,3079440,0.6152000000000044,TIME,SHORT
2023-11-09,2023,14:00 prev-close continuation TP30/SL25 H24,3079441,3080880,-0.006279999999997017,TIME,SHORT
2023-11-10,2023,14:00 prev-close continuation TP30/SL25 H24,3080881,3082320,0.38492000000000187,TIME,SHORT
2023-11-13,2023,14:00 prev-close continuation TP30/SL25 H24,3085201,3086640,-0.3319999999999982,TIME,SHORT
2023-11-14,2023,14:00 prev-close continuation TP30/SL25 H24,3086641,3086799,-1.0,SL,SHORT
2023-11-15,2023,14:00 prev-close continuation TP30/SL25 H24,3088081,3089520,-0.31547999999999776,TIME,LONG
2023-11-16,2023,14:00 prev-close continuation TP30/SL25 H24,3089521,3090960,0.9079999999999927,TIME,LONG
2023-11-17,2023,14:00 prev-close continuation TP30/SL25 H24,3090961,3092400,-0.331880000000001,TIME,LONG
2023-11-20,2023,14:00 prev-close continuation TP30/SL25 H24,3095281,3096720,-0.5640000000000055,TIME,SHORT
2023-11-21,2023,14:00 prev-close continuation TP30/SL25 H24,3096721,3098160,0.5119999999999982,TIME,LONG
2023-11-22,2023,14:00 prev-close continuation TP30/SL25 H24,3098161,3099600,-0.27884000000000014,TIME,LONG
2023-11-23,2023,14:00 prev-close continuation TP30/SL25 H24,3099601,3101040,0.05411999999999353,TIME,LONG
2023-11-24,2023,14:00 prev-close continuation TP30/SL25 H24,3101041,3102480,0.195600000000004,TIME,LONG
2023-11-27,2023,14:00 prev-close continuation TP30/SL25 H24,3105361,3106800,0.08184000000000197,TIME,LONG
2023-11-28,2023,14:00 prev-close continuation TP30/SL25 H24,3106801,3107520,1.2,TP,LONG
2023-11-29,2023,14:00 prev-close continuation TP30/SL25 H24,3108241,3109680,0.094399999999996,TIME,SHORT
2023-11-30,2023,14:00 prev-close continuation TP30/SL25 H24,3109681,3111120,-0.039600000000000364,TIME,SHORT
2023-12-01,2023,14:00 prev-close continuation TP30/SL25 H24,3111121,3111495,1.2,TP,LONG
2023-12-04,2023,14:00 prev-close continuation TP30/SL25 H24,3115441,3115643,1.2,TP,SHORT
2023-12-05,2023,14:00 prev-close continuation TP30/SL25 H24,3116881,3118320,0.12280000000000654,TIME,SHORT
2023-12-06,2023,14:00 prev-close continuation TP30/SL25 H24,3118321,3119760,0.4620000000000073,TIME,LONG
2023-12-07,2023,14:00 prev-close continuation TP30/SL25 H24,3119761,3121200,-0.14160000000000764,TIME,LONG
2023-12-08,2023,14:00 prev-close continuation TP30/SL25 H24,3121201,3121343,-1.0,SL,LONG
2023-12-11,2023,14:00 prev-close continuation TP30/SL25 H24,3125521,3126960,0.315600000000004,TIME,SHORT
2023-12-12,2023,14:00 prev-close continuation TP30/SL25 H24,3126961,3128400,-0.24159999999999854,TIME,LONG
2023-12-13,2023,14:00 prev-close continuation TP30/SL25 H24,3128401,3128862,1.2,TP,LONG
2023-12-14,2023,Thu/Fri Asia breakout TP25/SL20 H24,3129630,3131069,-0.1384999999999991,TIME,LONG
2023-12-15,2023,14:00 prev-close continuation TP30/SL25 H24,3131281,3131710,-1.0,SL,LONG
2023-12-18,2023,14:00 prev-close continuation TP30/SL25 H24,3135601,3137040,0.1561200000000008,TIME,LONG
2023-12-19,2023,14:00 prev-close continuation TP30/SL25 H24,3137041,3138480,-0.280679999999993,TIME,SHORT
2023-12-20,2023,14:00 prev-close continuation TP30/SL25 H24,3138481,3139920,-0.04039999999999964,TIME,SHORT
2023-12-21,2023,14:00 prev-close continuation TP30/SL25 H24,3139921,3141360,1.0490400000000044,TIME,LONG
2023-12-22,2023,14:00 prev-close continuation TP30/SL25 H24,3141361,3142800,-0.3246800000000076,TIME,LONG
2023-12-25,2023,14:00 prev-close continuation TP30/SL25 H24,3145681,3147120,-0.4270800000000054,TIME,SHORT
2023-12-26,2023,14:00 prev-close continuation TP30/SL25 H24,3147121,3148560,0.16600000000000364,TIME,LONG
2023-12-27,2023,14:00 prev-close continuation TP30/SL25 H24,3148561,3150000,-0.31159999999999854,TIME,SHORT
2023-12-28,2023,14:00 prev-close continuation TP30/SL25 H24,3150001,3151440,0.2907999999999993,TIME,SHORT
2023-12-29,2023,14:00 prev-close continuation TP30/SL25 H24,3151441,3152880,-0.20987999999999374,TIME,LONG
2024-01-01,2024,14:00 prev-close continuation TP30/SL25 H24,3155761,3157200,-0.26547999999998867,TIME,SHORT
2024-01-02,2024,14:00 prev-close continuation TP30/SL25 H24,3157201,3158640,-0.8807999999999993,TIME,LONG
2024-01-03,2024,14:00 prev-close continuation TP30/SL25 H24,3158641,3160080,0.08,TIME,SHORT
2024-01-04,2024,14:00 prev-close continuation TP30/SL25 H24,3160081,3161520,-0.23399999999999635,TIME,LONG
2024-01-05,2024,14:00 prev-close continuation TP30/SL25 H24,3161521,3162960,-0.2651999999999953,TIME,SHORT
2024-01-08,2024,14:00 prev-close continuation TP30/SL25 H24,3165841,3167280,-0.5854800000000069,TIME,SHORT
2024-01-09,2024,14:00 prev-close continuation TP30/SL25 H24,3167281,3168720,-0.021199999999998907,TIME,LONG
2024-01-10,2024,14:00 prev-close continuation TP30/SL25 H24,3168721,3170160,0.010799999999999272,TIME,LONG
2024-01-11,2024,14:00 prev-close continuation TP30/SL25 H24,3170161,3171600,0.43840000000000146,TIME,LONG
2024-01-12,2024,14:00 prev-close continuation TP30/SL25 H24,3171601,3173040,0.09280000000000654,TIME,LONG
2024-01-15,2024,14:00 prev-close continuation TP30/SL25 H24,3175921,3177360,-0.5678800000000046,TIME,LONG
2024-01-16,2024,14:00 prev-close continuation TP30/SL25 H24,3177361,3178800,0.5948000000000048,TIME,SHORT
2024-01-17,2024,14:00 prev-close continuation TP30/SL25 H24,3178801,3180240,0.4264000000000033,TIME,SHORT
2024-01-18,2024,14:00 prev-close continuation TP30/SL25 H24,3180241,3181680,0.7261200000000008,TIME,LONG
2024-01-19,2024,14:00 prev-close continuation TP30/SL25 H24,3181681,3183120,-0.11239999999999782,TIME,LONG
2024-01-22,2024,14:00 prev-close continuation TP30/SL25 H24,3186001,3187440,0.08703999999999723,TIME,SHORT
2024-01-23,2024,14:00 prev-close continuation TP30/SL25 H24,3187441,3188880,0.39452000000000226,TIME,LONG
2024-01-24,2024,14:00 prev-close continuation TP30/SL25 H24,3188881,3190320,-0.6876000000000022,TIME,LONG
2024-01-25,2024,14:00 prev-close continuation TP30/SL25 H24,3190321,3191760,0.2568000000000029,TIME,LONG
2024-01-26,2024,14:00 prev-close continuation TP30/SL25 H24,3191761,3193200,-0.24960000000000038,TIME,LONG
2024-01-29,2024,14:00 prev-close continuation TP30/SL25 H24,3196081,3197520,0.21800000000000183,TIME,LONG
2024-01-30,2024,14:00 prev-close continuation TP30/SL25 H24,3197521,3198960,0.12279999999999745,TIME,LONG
2024-01-31,2024,14:00 prev-close continuation TP30/SL25 H24,3198961,3200400,-0.18640000000000329,TIME,LONG
2024-02-01,2024,14:00 prev-close continuation TP30/SL25 H24,3200401,3200650,-1.0,SL,SHORT
2024-02-02,2024,14:00 prev-close continuation TP30/SL25 H24,3201841,3201957,-1.0,SL,LONG
2024-02-05,2024,14:00 prev-close continuation TP30/SL25 H24,3206161,3207600,0.020399999999999637,TIME,SHORT
2024-02-06,2024,14:00 prev-close continuation TP30/SL25 H24,3207601,3209040,0.26039999999999963,TIME,LONG
2024-02-07,2024,14:00 prev-close continuation TP30/SL25 H24,3209041,3210480,0.20799999999999272,TIME,SHORT
2024-02-08,2024,14:00 prev-close continuation TP30/SL25 H24,3210481,3211920,-0.14600000000000363,TIME,SHORT
2024-02-09,2024,14:00 prev-close continuation TP30/SL25 H24,3211921,3213360,0.24688000000000102,TIME,SHORT
2024-02-12,2024,Compression breakout TP15/SL15 H12,3216101,3216820,0.11020000000000134,TIME,SHORT
2024-02-13,2024,14:00 prev-close continuation TP30/SL25 H24,3217681,3217798,-1.0,SL,LONG
2024-02-14,2024,Compression breakout TP15/SL15 H12,3218888,3219607,-0.21666666666666667,TIME,SHORT
2024-02-15,2024,Compression breakout TP15/SL15 H12,3220327,3221046,0.6060000000000098,TIME,LONG
2024-02-16,2024,Compression breakout TP15/SL15 H12,3221739,3222458,0.4041999999999916,TIME,LONG
2024-02-19,2024,14:00 prev-close continuation TP30/SL25 H24,3226321,3227760,0.33399999999999636,TIME,LONG
2024-02-20,2024,14:00 prev-close continuation TP30/SL25 H24,3227761,3229200,0.040799999999999274,TIME,LONG
2024-02-21,2024,14:00 prev-close continuation TP30/SL25 H24,3229201,3230640,0.007199999999993451,TIME,LONG
2024-02-22,2024,14:00 prev-close continuation TP30/SL25 H24,3230641,3232080,-0.20920000000000072,TIME,LONG
2024-02-23,2024,14:00 prev-close continuation TP30/SL25 H24,3232081,3233520,-0.4776000000000022,TIME,SHORT
2024-02-26,2024,14:00 prev-close continuation TP30/SL25 H24,3236401,3237840,-0.2888000000000011,TIME,SHORT
2024-02-27,2024,14:00 prev-close continuation TP30/SL25 H24,3237841,3239280,-0.4623999999999978,TIME,LONG
2024-02-28,2024,14:00 prev-close continuation TP30/SL25 H24,3239281,3240720,-0.12319999999999709,TIME,SHORT
2024-02-29,2024,14:00 prev-close continuation TP30/SL25 H24,3240721,3242094,-1.0,SL,SHORT
2024-03-01,2024,14:00 prev-close continuation TP30/SL25 H24,3242161,3242536,1.2,TP,LONG
2024-03-04,2024,14:00 prev-close continuation TP30/SL25 H24,3246481,3246714,-1.0,SL,SHORT
2024-03-05,2024,14:00 prev-close continuation TP30/SL25 H24,3247921,3249360,0.33159999999999856,TIME,LONG
2024-03-06,2024,14:00 prev-close continuation TP30/SL25 H24,3249361,3250800,0.9231999999999971,TIME,LONG
2024-03-07,2024,14:00 prev-close continuation TP30/SL25 H24,3250801,3252240,0.46600000000000363,TIME,LONG
2024-03-08,2024,14:00 prev-close continuation TP30/SL25 H24,3252241,3253680,0.4268000000000029,TIME,LONG
2024-03-11,2024,14:00 prev-close continuation TP30/SL25 H24,3256561,3258000,0.19840000000000146,TIME,SHORT
2024-03-12,2024,14:00 prev-close continuation TP30/SL25 H24,3258001,3259440,0.35652000000000045,TIME,SHORT
2024-03-13,2024,14:00 prev-close continuation TP30/SL25 H24,3259441,3260880,0.14960000000000945,TIME,LONG
2024-03-14,2024,14:00 prev-close continuation TP30/SL25 H24,3260881,3262320,-0.0027999999999883587,TIME,SHORT
2024-03-15,2024,14:00 prev-close continuation TP30/SL25 H24,3262321,3263760,-0.47520000000000434,TIME,LONG
2024-03-18,2024,14:00 prev-close continuation TP30/SL25 H24,3266641,3268080,-0.20799999999999272,TIME,LONG
2024-03-19,2024,14:00 prev-close continuation TP30/SL25 H24,3268081,3269520,0.013999999999996363,TIME,SHORT
2024-03-20,2024,14:00 prev-close continuation TP30/SL25 H24,3269521,3269929,-1.0,SL,SHORT
2024-03-21,2024,14:00 prev-close continuation TP30/SL25 H24,3270961,3271088,-1.0,SL,LONG
2024-03-22,2024,Thu/Fri Asia breakout TP25/SL20 H24,3272161,3273600,0.14600000000000363,TIME,SHORT
2024-03-25,2024,14:00 prev-close continuation TP30/SL25 H24,3276721,3278160,1.0095600000000013,TIME,LONG
2024-03-26,2024,14:00 prev-close continuation TP30/SL25 H24,3278161,3278380,-1.0,SL,LONG
2024-03-27,2024,14:00 prev-close continuation TP30/SL25 H24,3279601,3281040,0.8804000000000087,TIME,LONG
2024-03-28,2024,14:00 prev-close continuation TP30/SL25 H24,3281041,3282480,0.8953199999999925,TIME,LONG
2024-03-29,2024,14:00 prev-close continuation TP30/SL25 H24,3282481,3283920,-0.02816000000000713,TIME,SHORT
2024-04-01,2024,14:00 prev-close continuation TP30/SL25 H24,3286741,3288180,0.5540000000000146,TIME,LONG
2024-04-02,2024,14:00 prev-close continuation TP30/SL25 H24,3288181,3289620,0.40640000000001236,TIME,LONG
2024-04-03,2024,14:00 prev-close continuation TP30/SL25 H24,3289621,3290080,-1.0,SL,SHORT
2024-04-04,2024,Thu/Fri Asia breakout TP25/SL20 H24,3290832,3291923,1.25,TP,SHORT
2024-04-05,2024,Thu/Fri Asia breakout TP25/SL20 H24,3292449,3292713,1.25,TP,LONG
2024-04-08,2024,14:00 prev-close continuation TP30/SL25 H24,3296821,3298260,0.6401200000000062,TIME,LONG
2024-04-09,2024,14:00 prev-close continuation TP30/SL25 H24,3298261,3299700,-0.3836000000000058,TIME,LONG
2024-04-10,2024,14:00 prev-close continuation TP30/SL25 H24,3299701,3301140,0.2879999999999927,TIME,SHORT
2024-04-11,2024,14:00 prev-close continuation TP30/SL25 H24,3301141,3301663,1.2,TP,LONG
2024-04-12,2024,Thu/Fri Asia breakout TP25/SL20 H24,3302349,3302813,1.25,TP,LONG
2024-04-15,2024,14:00 prev-close continuation TP30/SL25 H24,3306901,3307087,-1.0,SL,LONG
2024-04-16,2024,14:00 prev-close continuation TP30/SL25 H24,3308341,3308685,-1.0,SL,SHORT
2024-04-17,2024,14:00 prev-close continuation TP30/SL25 H24,3309781,3310125,-1.0,SL,LONG
2024-04-18,2024,Thu/Fri Asia breakout TP25/SL20 H24,3310981,3312094,1.25,TP,LONG
2024-04-19,2024,14:00 prev-close continuation TP30/SL25 H24,3312661,3314100,0.3836000000000058,TIME,LONG
2024-04-22,2024,14:00 prev-close continuation TP30/SL25 H24,3316981,3317409,1.2,TP,SHORT
2024-04-23,2024,14:00 prev-close continuation TP30/SL25 H24,3318421,3318593,-1.0,SL,SHORT
2024-04-24,2024,14:00 prev-close continuation TP30/SL25 H24,3319861,3321300,-0.5027999999999884,TIME,SHORT
2024-04-25,2024,14:00 prev-close continuation TP30/SL25 H24,3321301,3322740,0.7721199999999954,TIME,LONG
2024-04-26,2024,14:00 prev-close continuation TP30/SL25 H24,3322741,3324180,-0.4339999999999964,TIME,LONG
2024-04-29,2024,14:00 prev-close continuation TP30/SL25 H24,3327061,3328292,-1.0,SL,LONG
2024-04-30,2024,14:00 prev-close continuation TP30/SL25 H24,3328501,3329514,1.2,TP,SHORT
2024-05-01,2024,14:00 prev-close continuation TP30/SL25 H24,3329941,3330403,1.2,TP,LONG
2024-05-02,2024,Thu/Fri Asia breakout TP25/SL20 H24,3331149,3331512,1.25,TP,SHORT
2024-05-03,2024,Compression breakout TP15/SL15 H12,3332575,3332910,-1.0,SL,SHORT
2024-05-06,2024,14:00 prev-close continuation TP30/SL25 H24,3337141,3338580,-0.19547999999998866,TIME,LONG
2024-05-07,2024,14:00 prev-close continuation TP30/SL25 H24,3338581,3340020,-0.030399999999990542,TIME,SHORT
2024-05-08,2024,14:00 prev-close continuation TP30/SL25 H24,3340021,3341460,-0.19959999999999126,TIME,LONG
2024-05-09,2024,14:00 prev-close continuation TP30/SL25 H24,3341461,3341979,1.2,TP,LONG
2024-05-10,2024,Thu/Fri Asia breakout TP25/SL20 H24,3342661,3344100,-0.45399999999999635,TIME,LONG
2024-05-13,2024,14:00 prev-close continuation TP30/SL25 H24,3347221,3348660,-0.12639999999999418,TIME,SHORT
2024-05-14,2024,14:00 prev-close continuation TP30/SL25 H24,3348661,3350100,0.7900799999999981,TIME,LONG
2024-05-15,2024,14:00 prev-close continuation TP30/SL25 H24,3350101,3350940,1.2,TP,LONG
2024-05-16,2024,Thu/Fri Asia breakout TP25/SL20 H24,3351446,3352885,0.08299999999999272,TIME,SHORT
2024-05-17,2024,14:00 prev-close continuation TP30/SL25 H24,3352981,3353223,1.2,TP,LONG
2024-05-20,2024,14:00 prev-close continuation TP30/SL25 H24,3357301,3357402,-1.0,SL,LONG
2024-05-21,2024,14:00 prev-close continuation TP30/SL25 H24,3358741,3360180,0.19159999999999855,TIME,SHORT
2024-05-22,2024,14:00 prev-close continuation TP30/SL25 H24,3360181,3360388,1.2,TP,SHORT
2024-05-23,2024,Thu/Fri Asia breakout TP25/SL20 H24,3361426,3362162,1.25,TP,SHORT
2024-05-24,2024,Thu/Fri Asia breakout TP25/SL20 H24,3362832,3364271,-0.31049999999997907,TIME,LONG
2024-05-27,2024,14:00 prev-close continuation TP30/SL25 H24,3367381,3368820,-0.010399999999990542,TIME,LONG
2024-05-28,2024,14:00 prev-close continuation TP30/SL25 H24,3368821,3370260,-0.061599999999998545,TIME,SHORT
2024-05-29,2024,14:00 prev-close continuation TP30/SL25 H24,3370261,3371700,0.2485200000000077,TIME,SHORT
2024-05-30,2024,14:00 prev-close continuation TP30/SL25 H24,3371701,3373140,0.17891999999999825,TIME,LONG
2024-05-31,2024,14:00 prev-close continuation TP30/SL25 H24,3373141,3374580,-0.7050799999999982,TIME,LONG
2024-06-03,2024,14:00 prev-close continuation TP30/SL25 H24,3377461,3378900,-0.11799999999999272,TIME,LONG
2024-06-04,2024,14:00 prev-close continuation TP30/SL25 H24,3378901,3380340,-0.21040000000000872,TIME,SHORT
2024-06-05,2024,14:00 prev-close continuation TP30/SL25 H24,3380341,3381197,1.2,TP,LONG
2024-06-06,2024,14:00 prev-close continuation TP30/SL25 H24,3381781,3383163,-1.0,SL,LONG
2024-06-07,2024,14:00 prev-close continuation TP30/SL25 H24,3383221,3383676,1.2,TP,SHORT
2024-06-10,2024,14:00 prev-close continuation TP30/SL25 H24,3387541,3388980,0.3268000000000029,TIME,LONG
2024-06-11,2024,14:00 prev-close continuation TP30/SL25 H24,3388981,3390420,-0.2528000000000066,TIME,SHORT
2024-06-12,2024,14:00 prev-close continuation TP30/SL25 H24,3390421,3390540,-1.0,SL,SHORT
2024-06-13,2024,14:00 prev-close continuation TP30/SL25 H24,3391861,3393300,-0.5936000000000058,TIME,SHORT
2024-06-14,2024,14:00 prev-close continuation TP30/SL25 H24,3393301,3394740,0.05115999999999985,TIME,LONG
2024-06-17,2024,14:00 prev-close continuation TP30/SL25 H24,3397621,3399060,0.4568000000000029,TIME,SHORT
2024-06-18,2024,14:00 prev-close continuation TP30/SL25 H24,3399061,3400320,-1.0,SL,SHORT
2024-06-19,2024,14:00 prev-close continuation TP30/SL25 H24,3400501,3401940,-0.5076000000000022,TIME,SHORT
2024-06-20,2024,14:00 prev-close continuation TP30/SL25 H24,3401941,3403380,0.9371999999999935,TIME,LONG
2024-06-21,2024,14:00 prev-close continuation TP30/SL25 H24,3403381,3403552,-1.0,SL,LONG
2024-06-24,2024,14:00 prev-close continuation TP30/SL25 H24,3407701,3409140,0.37572000000000116,TIME,LONG
2024-06-25,2024,14:00 prev-close continuation TP30/SL25 H24,3409141,3410284,-1.0,SL,LONG
2024-06-26,2024,14:00 prev-close continuation TP30/SL25 H24,3410581,3412020,-0.34840000000000143,TIME,SHORT
2024-06-27,2024,14:00 prev-close continuation TP30/SL25 H24,3412021,3413460,0.8421199999999953,TIME,LONG
2024-06-28,2024,14:00 prev-close continuation TP30/SL25 H24,3413461,3414900,-0.4207999999999993,TIME,LONG
2024-07-01,2024,14:00 prev-close continuation TP30/SL25 H24,3417781,3419220,-0.34628000000000614,TIME,LONG
2024-07-02,2024,14:00 prev-close continuation TP30/SL25 H24,3419221,3420639,-1.0,SL,SHORT
2024-07-03,2024,14:00 prev-close continuation TP30/SL25 H24,3420661,3422100,0.4689199999999982,TIME,LONG
2024-07-04,2024,14:00 prev-close continuation TP30/SL25 H24,3422101,3423540,0.2785199999999895,TIME,LONG
2024-07-05,2024,14:00 prev-close continuation TP30/SL25 H24,3423541,3424980,1.0015999999999985,TIME,LONG
2024-07-08,2024,14:00 prev-close continuation TP30/SL25 H24,3427861,3429300,0.45,TIME,SHORT
2024-07-09,2024,14:00 prev-close continuation TP30/SL25 H24,3429301,3430740,0.40079999999999927,TIME,LONG
2024-07-10,2024,14:00 prev-close continuation TP30/SL25 H24,3430741,3432180,0.3619999999999891,TIME,LONG
2024-07-11,2024,14:00 prev-close continuation TP30/SL25 H24,3432181,3432325,1.2,TP,LONG
2024-07-12,2024,Thu/Fri Asia breakout TP25/SL20 H24,3433381,3434820,-0.4115500000000111,TIME,SHORT
2024-07-15,2024,14:00 prev-close continuation TP30/SL25 H24,3437941,3439380,0.9873199999999998,TIME,LONG
2024-07-16,2024,14:00 prev-close continuation TP30/SL25 H24,3439381,3440200,1.2,TP,LONG
2024-07-17,2024,14:00 prev-close continuation TP30/SL25 H24,3440821,3442260,0.15399999999999636,TIME,SHORT
2024-07-18,2024,14:00 prev-close continuation TP30/SL25 H24,3442261,3443040,-1.0,SL,LONG
2024-07-19,2024,Thu/Fri Asia breakout TP25/SL20 H24,3443472,3443842,1.25,TP,SHORT
2024-07-22,2024,14:00 prev-close continuation TP30/SL25 H24,3448021,3449460,0.0066400000000066935,TIME,LONG
2024-07-23,2024,14:00 prev-close continuation TP30/SL25 H24,3449461,3450900,0.2156000000000131,TIME,LONG
2024-07-24,2024,14:00 prev-close continuation TP30/SL25 H24,3450901,3451766,-1.0,SL,LONG
2024-07-25,2024,Thu/Fri Asia breakout TP25/SL20 H24,3452113,3453552,-0.26800000000000634,TIME,SHORT
2024-07-26,2024,14:00 prev-close continuation TP30/SL25 H24,3453781,3455220,0.5443999999999869,TIME,LONG
2024-07-29,2024,14:00 prev-close continuation TP30/SL25 H24,3458101,3459540,-0.05748000000001412,TIME,LONG
2024-07-30,2024,14:00 prev-close continuation TP30/SL25 H24,3459541,3460650,1.2,TP,LONG
2024-07-31,2024,14:00 prev-close continuation TP30/SL25 H24,3460981,3461499,1.2,TP,LONG
2024-08-01,2024,Thu/Fri Asia breakout TP25/SL20 H24,3462269,3462574,-1.0,SL,SHORT
2024-08-02,2024,14:00 prev-close continuation TP30/SL25 H24,3463861,3464078,-1.0,SL,LONG
2024-08-05,2024,14:00 prev-close continuation TP30/SL25 H24,3468181,3468261,1.2,TP,SHORT
2024-08-06,2024,14:00 prev-close continuation TP30/SL25 H24,3469621,3469831,-1.0,SL,LONG
2024-08-07,2024,14:00 prev-close continuation TP30/SL25 H24,3471061,3472500,0.2907999999999993,TIME,LONG
2024-08-08,2024,14:00 prev-close continuation TP30/SL25 H24,3472501,3473940,0.9982400000000052,TIME,LONG
2024-08-09,2024,14:00 prev-close continuation TP30/SL25 H24,3473941,3475380,-0.005199999999986176,TIME,LONG
2024-08-12,2024,Compression breakout TP15/SL15 H12,3477964,3478418,1.0,TP,LONG
2024-08-13,2024,14:00 prev-close continuation TP30/SL25 H24,3479701,3481140,-0.5138799999999901,TIME,SHORT
2024-08-14,2024,14:00 prev-close continuation TP30/SL25 H24,3481141,3481282,-1.0,SL,LONG
2024-08-15,2024,Compression breakout TP15/SL15 H12,3482291,3482699,-1.0,SL,LONG
2024-08-16,2024,Compression breakout TP15/SL15 H12,3483832,3484112,1.0,TP,LONG
2024-08-19,2024,14:00 prev-close continuation TP30/SL25 H24,3488341,3489597,-1.0,SL,SHORT
2024-08-20,2024,14:00 prev-close continuation TP30/SL25 H24,3489781,3491220,-0.5923999999999978,TIME,LONG
2024-08-21,2024,14:00 prev-close continuation TP30/SL25 H24,3491221,3492660,0.10824000000000523,TIME,SHORT
2024-08-22,2024,14:00 prev-close continuation TP30/SL25 H24,3492661,3492857,1.2,TP,SHORT
2024-08-23,2024,Thu/Fri Asia breakout TP25/SL20 H24,3493933,3495372,0.8005000000000109,TIME,LONG
2024-08-26,2024,Compression breakout TP15/SL15 H12,3498195,3498914,0.13659999999999856,TIME,LONG
2024-08-27,2024,14:00 prev-close continuation TP30/SL25 H24,3499861,3501300,0.1811999999999898,TIME,SHORT
2024-08-28,2024,14:00 prev-close continuation TP30/SL25 H24,3501301,3502740,-0.7326800000000003,TIME,SHORT
2024-08-29,2024,14:00 prev-close continuation TP30/SL25 H24,3502741,3504180,-0.2814799999999923,TIME,LONG
2024-08-30,2024,14:00 prev-close continuation TP30/SL25 H24,3504181,3505620,0.4844000000000051,TIME,SHORT
2024-09-02,2024,14:00 prev-close continuation TP30/SL25 H24,3508501,3509940,0.008519999999989522,TIME,SHORT
2024-09-03,2024,14:00 prev-close continuation TP30/SL25 H24,3509941,3511380,0.3736000000000058,TIME,SHORT
2024-09-04,2024,14:00 prev-close continuation TP30/SL25 H24,3511381,3512666,-1.0,SL,SHORT
2024-09-05,2024,14:00 prev-close continuation TP30/SL25 H24,3512821,3514260,0.03920000000000073,TIME,LONG
2024-09-06,2024,14:00 prev-close continuation TP30/SL25 H24,3514261,3514575,-1.0,SL,LONG
2024-09-09,2024,14:00 prev-close continuation TP30/SL25 H24,3518581,3520020,-0.44480000000001385,TIME,SHORT
2024-09-10,2024,14:00 prev-close continuation TP30/SL25 H24,3520021,3521460,-0.6670800000000053,TIME,SHORT
2024-09-11,2024,14:00 prev-close continuation TP30/SL25 H24,3521461,3522900,-0.30108000000000174,TIME,LONG
2024-09-12,2024,14:00 prev-close continuation TP30/SL25 H24,3522901,3523059,1.2,TP,LONG
2024-09-13,2024,Thu/Fri Asia breakout TP25/SL20 H24,3524150,3525589,0.35049999999998815,TIME,LONG
2024-09-16,2024,14:00 prev-close continuation TP30/SL25 H24,3528661,3530100,-0.2348399999999856,TIME,LONG
2024-09-17,2024,14:00 prev-close continuation TP30/SL25 H24,3530101,3531540,-0.14359999999998763,TIME,SHORT
2024-09-18,2024,14:00 prev-close continuation TP30/SL25 H24,3531541,3532066,-1.0,SL,LONG
2024-09-19,2024,Thu/Fri Asia breakout TP25/SL20 H24,3532741,3534169,1.25,TP,LONG
2024-09-20,2024,Thu/Fri Asia breakout TP25/SL20 H24,3534181,3535620,0.7639499999999998,TIME,LONG
2024-09-23,2024,14:00 prev-close continuation TP30/SL25 H24,3538741,3540180,-0.4436000000000058,TIME,SHORT
2024-09-24,2024,14:00 prev-close continuation TP30/SL25 H24,3540181,3540700,1.2,TP,LONG
2024-09-25,2024,14:00 prev-close continuation TP30/SL25 H24,3541621,3543060,-0.7731999999999971,TIME,SHORT
2024-09-26,2024,14:00 prev-close continuation TP30/SL25 H24,3543061,3544500,-0.3660399999999936,TIME,LONG
2024-09-27,2024,14:00 prev-close continuation TP30/SL25 H24,3544501,3545940,0.24915999999999258,TIME,SHORT
2024-09-30,2024,14:00 prev-close continuation TP30/SL25 H24,3548821,3550260,-0.5668000000000029,TIME,SHORT
2024-10-01,2024,14:00 prev-close continuation TP30/SL25 H24,3550261,3551700,-0.06559999999999491,TIME,LONG
2024-10-02,2024,14:00 prev-close continuation TP30/SL25 H24,3551701,3553140,0.019600000000009457,TIME,SHORT
2024-10-03,2024,14:00 prev-close continuation TP30/SL25 H24,3553141,3554580,-0.4307999999999993,TIME,SHORT
2024-10-04,2024,14:00 prev-close continuation TP30/SL25 H24,3554581,3554695,-1.0,SL,LONG
2024-10-07,2024,14:00 prev-close continuation TP30/SL25 H24,3558901,3560104,-1.0,SL,LONG
2024-10-08,2024,14:00 prev-close continuation TP30/SL25 H24,3560341,3560556,-1.0,SL,LONG
2024-10-09,2024,14:00 prev-close continuation TP30/SL25 H24,3561781,3563220,-0.1568000000000029,TIME,LONG
2024-10-10,2024,14:00 prev-close continuation TP30/SL25 H24,3563221,3564660,0.8941200000000026,TIME,LONG
2024-10-11,2024,14:00 prev-close continuation TP30/SL25 H24,3564661,3566100,0.6120000000000073,TIME,LONG
2024-10-14,2024,14:00 prev-close continuation TP30/SL25 H24,3568981,3570420,0.07399999999999636,TIME,SHORT
2024-10-15,2024,14:00 prev-close continuation TP30/SL25 H24,3570421,3571860,0.80996000000001,TIME,LONG
2024-10-16,2024,14:00 prev-close continuation TP30/SL25 H24,3571861,3573300,0.5013199999999961,TIME,LONG
2024-10-17,2024,14:00 prev-close continuation TP30/SL25 H24,3573301,3574740,0.9807999999999992,TIME,LONG
2024-10-18,2024,14:00 prev-close continuation TP30/SL25 H24,3574741,3576180,0.3384000000000015,TIME,LONG
2024-10-21,2024,14:00 prev-close continuation TP30/SL25 H24,3579061,3580500,0.16115999999999986,TIME,LONG
2024-10-22,2024,14:00 prev-close continuation TP30/SL25 H24,3580501,3581940,0.4296000000000095,TIME,LONG
2024-10-23,2024,14:00 prev-close continuation TP30/SL25 H24,3581941,3582142,-1.0,SL,LONG
2024-10-24,2024,Thu/Fri Asia breakout TP25/SL20 H24,3583141,3584580,-0.17549999999998817,TIME,LONG
2024-10-25,2024,Thu/Fri Asia breakout TP25/SL20 H24,3584656,3585233,-1.0,SL,SHORT
2024-10-28,2024,14:00 prev-close continuation TP30/SL25 H24,3589201,3590046,-1.0,SL,SHORT
2024-10-29,2024,14:00 prev-close continuation TP30/SL25 H24,3590641,3591475,1.2,TP,LONG
2024-10-30,2024,14:00 prev-close continuation TP30/SL25 H24,3592081,3593520,0.017999999999992723,TIME,LONG
2024-10-31,2024,14:00 prev-close continuation TP30/SL25 H24,3593521,3593645,1.2,TP,SHORT
2024-11-01,2024,14:00 prev-close continuation TP30/SL25 H24,3594961,3596400,-0.6852000000000044,TIME,LONG
2024-11-04,2024,14:00 prev-close continuation TP30/SL25 H24,3599281,3600720,-0.008800000000010187,TIME,LONG
2024-11-05,2024,14:00 prev-close continuation TP30/SL25 H24,3600721,3601829,-1.0,SL,LONG
2024-11-06,2024,14:00 prev-close continuation TP30/SL25 H24,3602161,3602250,1.2,TP,SHORT
2024-11-07,2024,Thu/Fri Asia breakout TP25/SL20 H24,3603374,3603754,1.25,TP,LONG
2024-11-08,2024,Thu/Fri Asia breakout TP25/SL20 H24,3604804,3606243,0.034999999999990906,TIME,SHORT
2024-11-11,2024,14:00 prev-close continuation TP30/SL25 H24,3609361,3609480,1.2,TP,SHORT
2024-11-12,2024,14:00 prev-close continuation TP30/SL25 H24,3610801,3612240,-0.49507999999999813,TIME,SHORT
2024-11-13,2024,14:00 prev-close continuation TP30/SL25 H24,3612241,3612535,-1.0,SL,LONG
2024-11-14,2024,Thu/Fri Asia breakout TP25/SL20 H24,3613521,3613886,-1.0,SL,SHORT
2024-11-15,2024,Thu/Fri Asia breakout TP25/SL20 H24,3615098,3616537,-0.5085000000000036,TIME,LONG
2024-11-18,2024,14:00 prev-close continuation TP30/SL25 H24,3619441,3620345,1.2,TP,LONG
2024-11-19,2024,14:00 prev-close continuation TP30/SL25 H24,3620881,3622320,-0.02959999999999127,TIME,LONG
2024-11-20,2024,14:00 prev-close continuation TP30/SL25 H24,3622321,3622629,-1.0,SL,SHORT
2024-11-21,2024,Thu/Fri Asia breakout TP25/SL20 H24,3623521,3624667,1.25,TP,LONG
2024-11-22,2024,Thu/Fri Asia breakout TP25/SL20 H24,3624961,3626400,0.9244999999999891,TIME,LONG
2024-11-25,2024,14:00 prev-close continuation TP30/SL25 H24,3629521,3629655,1.2,TP,SHORT
2024-11-26,2024,14:00 prev-close continuation TP30/SL25 H24,3630961,3632400,0.7219599999999992,TIME,LONG
2024-11-27,2024,14:00 prev-close continuation TP30/SL25 H24,3632401,3633188,-1.0,SL,LONG
2024-11-28,2024,Thu/Fri Asia breakout TP25/SL20 H24,3633634,3634927,1.25,TP,LONG
2024-11-29,2024,14:00 prev-close continuation TP30/SL25 H24,3635281,3636720,-0.41003999999998997,TIME,LONG
2024-12-02,2024,14:00 prev-close continuation TP30/SL25 H24,3639601,3641040,-0.13495999999999186,TIME,SHORT
2024-12-03,2024,14:00 prev-close continuation TP30/SL25 H24,3641041,3642480,0.09239999999999782,TIME,LONG
2024-12-04,2024,14:00 prev-close continuation TP30/SL25 H24,3642481,3643920,0.17200000000000729,TIME,LONG
2024-12-05,2024,14:00 prev-close continuation TP30/SL25 H24,3643921,3644240,-1.0,SL,LONG
2024-12-06,2024,Thu/Fri Asia breakout TP25/SL20 H24,3645179,3645491,-1.0,SL,LONG
2024-12-09,2024,14:00 prev-close continuation TP30/SL25 H24,3649681,3651120,0.6560000000000037,TIME,LONG
2024-12-10,2024,14:00 prev-close continuation TP30/SL25 H24,3651121,3651991,1.2,TP,LONG
2024-12-11,2024,14:00 prev-close continuation TP30/SL25 H24,3652561,3654000,0.5371600000000035,TIME,LONG
2024-12-12,2024,14:00 prev-close continuation TP30/SL25 H24,3654001,3654156,1.2,TP,SHORT
2024-12-13,2024,Compression breakout TP15/SL15 H12,3655255,3655441,1.0,TP,SHORT
2024-12-16,2024,Compression breakout TP15/SL15 H12,3659507,3660226,-0.15073333333333114,TIME,LONG
2024-12-17,2024,Compression breakout TP15/SL15 H12,3660998,3661717,-0.014466666666673214,TIME,SHORT
2024-12-18,2024,Compression breakout TP15/SL15 H12,3662402,3663063,1.0,TP,SHORT
2024-12-19,2024,Thu/Fri Asia breakout TP25/SL20 H24,3663893,3664174,-1.0,SL,LONG
2024-12-20,2024,Thu/Fri Asia breakout TP25/SL20 H24,3665281,3665755,1.25,TP,LONG
2024-12-23,2024,14:00 prev-close continuation TP30/SL25 H24,3669841,3671280,0.0405199999999968,TIME,SHORT
2024-12-24,2024,14:00 prev-close continuation TP30/SL25 H24,3671281,3672720,0.04183999999999287,TIME,LONG
2024-12-25,2024,14:00 prev-close continuation TP30/SL25 H24,3672721,3674160,-0.4855199999999968,TIME,SHORT
2024-12-26,2024,14:00 prev-close continuation TP30/SL25 H24,3674161,3675600,-0.009879999999993743,TIME,LONG
2024-12-27,2024,14:00 prev-close continuation TP30/SL25 H24,3675601,3677040,0.26519999999998617,TIME,SHORT
2024-12-30,2024,Compression breakout TP15/SL15 H12,3679625,3680107,1.0,TP,SHORT
2024-12-31,2024,Compression breakout TP15/SL15 H12,3681106,3681679,1.0,TP,LONG
2025-01-01,2025,14:00 prev-close continuation TP30/SL25 H24,3682801,3684240,-0.7558799999999973,TIME,SHORT
2025-01-02,2025,14:00 prev-close continuation TP30/SL25 H24,3684241,3685680,0.5701200000000063,TIME,LONG
2025-01-03,2025,14:00 prev-close continuation TP30/SL25 H24,3685681,3687120,0.6733200000000034,TIME,SHORT
2025-01-06,2025,14:00 prev-close continuation TP30/SL25 H24,3690001,3690136,-1.0,SL,LONG
2025-01-07,2025,14:00 prev-close continuation TP30/SL25 H24,3691441,3692880,0.08532000000001062,TIME,LONG
2025-01-08,2025,14:00 prev-close continuation TP30/SL25 H24,3692881,3694320,0.7176799999999821,TIME,LONG
2025-01-09,2025,14:00 prev-close continuation TP30/SL25 H24,3694321,3695760,0.4005199999999968,TIME,LONG
2025-01-10,2025,14:00 prev-close continuation TP30/SL25 H24,3695761,3697200,0.37,TIME,LONG
2025-01-13,2025,14:00 prev-close continuation TP30/SL25 H24,3700081,3701520,0.13996000000001005,TIME,SHORT
2025-01-14,2025,14:00 prev-close continuation TP30/SL25 H24,3701521,3702960,0.6589199999999983,TIME,LONG
2025-01-15,2025,14:00 prev-close continuation TP30/SL25 H24,3702961,3704400,0.7429600000000027,TIME,LONG
2025-01-16,2025,14:00 prev-close continuation TP30/SL25 H24,3704401,3705840,0.15432000000000698,TIME,LONG
2025-01-17,2025,14:00 prev-close continuation TP30/SL25 H24,3705841,3707280,0.233119999999999,TIME,SHORT
2025-01-20,2025,14:00 prev-close continuation TP30/SL25 H24,3710161,3711600,0.5580000000000109,TIME,LONG
2025-01-21,2025,14:00 prev-close continuation TP30/SL25 H24,3711601,3712648,1.2,TP,LONG
2025-01-22,2025,14:00 prev-close continuation TP30/SL25 H24,3713041,3714480,-0.17479999999999563,TIME,LONG
2025-01-23,2025,14:00 prev-close continuation TP30/SL25 H24,3714481,3715383,-1.0,SL,SHORT
2025-01-24,2025,Thu/Fri Asia breakout TP25/SL20 H24,3715895,3717334,-0.47350000000001274,TIME,LONG
2025-01-27,2025,14:00 prev-close continuation TP30/SL25 H24,3720241,3720391,-1.0,SL,LONG
2025-01-28,2025,Compression breakout TP15/SL15 H12,3721456,3721820,-1.0,SL,SHORT
2025-01-29,2025,Compression breakout TP15/SL15 H12,3722824,3723543,0.7039999999999964,TIME,SHORT
2025-01-30,2025,Compression breakout TP15/SL15 H12,3724263,3724622,1.0,TP,LONG
2025-01-31,2025,Compression breakout TP15/SL15 H12,3725729,3726190,1.0,TP,LONG
2025-02-03,2025,14:00 prev-close continuation TP30/SL25 H24,3730321,3731760,0.5404000000000088,TIME,LONG
2025-02-04,2025,14:00 prev-close continuation TP30/SL25 H24,3731761,3731974,1.2,TP,LONG
2025-02-05,2025,14:00 prev-close continuation TP30/SL25 H24,3733201,3734640,-0.08959999999999127,TIME,LONG
2025-02-06,2025,14:00 prev-close continuation TP30/SL25 H24,3734641,3734827,1.2,TP,SHORT
2025-02-07,2025,14:00 prev-close continuation TP30/SL25 H24,3736081,3737520,-0.3019999999999891,TIME,LONG
2025-02-10,2025,14:00 prev-close continuation TP30/SL25 H24,3740401,3741233,1.2,TP,LONG
2025-02-11,2025,14:00 prev-close continuation TP30/SL25 H24,3741841,3743280,0.9344000000000051,TIME,SHORT
2025-02-12,2025,14:00 prev-close continuation TP30/SL25 H24,3743281,3743576,-1.0,SL,SHORT
2025-02-13,2025,14:00 prev-close continuation TP30/SL25 H24,3744721,3746160,0.45079999999999926,TIME,LONG
2025-02-14,2025,14:00 prev-close continuation TP30/SL25 H24,3746161,3746362,-1.0,SL,LONG
2025-02-17,2025,14:00 prev-close continuation TP30/SL25 H24,3750481,3751920,0.4944000000000051,TIME,LONG
2025-02-18,2025,14:00 prev-close continuation TP30/SL25 H24,3751921,3753198,1.2,TP,LONG
2025-02-19,2025,14:00 prev-close continuation TP30/SL25 H24,3753361,3754800,-0.7476000000000022,TIME,SHORT
2025-02-20,2025,14:00 prev-close continuation TP30/SL25 H24,3754801,3754932,-1.0,SL,LONG
2025-02-21,2025,Thu/Fri Asia breakout TP25/SL20 H24,3756013,3757452,-0.6268500000000131,TIME,SHORT
2025-02-24,2025,14:00 prev-close continuation TP30/SL25 H24,3760561,3762000,-0.3790799999999945,TIME,LONG
2025-02-25,2025,14:00 prev-close continuation TP30/SL25 H24,3762001,3762210,1.2,TP,SHORT
2025-02-26,2025,14:00 prev-close continuation TP30/SL25 H24,3763441,3764667,1.2,TP,SHORT
2025-02-27,2025,14:00 prev-close continuation TP30/SL25 H24,3764881,3766124,1.2,TP,SHORT
2025-02-28,2025,14:00 prev-close continuation TP30/SL25 H24,3766321,3767760,0.16463999999999943,TIME,SHORT
2025-03-03,2025,14:00 prev-close continuation TP30/SL25 H24,3770641,3771854,1.2,TP,LONG
2025-03-04,2025,14:00 prev-close continuation TP30/SL25 H24,3772081,3773520,-0.31919999999998255,TIME,LONG
2025-03-05,2025,14:00 prev-close continuation TP30/SL25 H24,3773521,3774960,0.28359999999998764,TIME,SHORT
2025-03-06,2025,14:00 prev-close continuation TP30/SL25 H24,3774961,3776400,-0.5671999999999935,TIME,SHORT
2025-03-07,2025,14:00 prev-close continuation TP30/SL25 H24,3776401,3777840,-0.3823999999999978,TIME,LONG
2025-03-10,2025,Compression breakout TP15/SL15 H12,3780476,3781030,1.0,TP,SHORT
2025-03-11,2025,14:00 prev-close continuation TP30/SL25 H24,3782161,3783600,0.01599999999998545,TIME,LONG
2025-03-12,2025,14:00 prev-close continuation TP30/SL25 H24,3783601,3783870,-1.0,SL,SHORT
2025-03-13,2025,Compression breakout TP15/SL15 H12,3784772,3785046,-1.0,SL,SHORT
2025-03-14,2025,Compression breakout TP15/SL15 H12,3786205,3786311,-1.0,SL,SHORT
2025-03-17,2025,Compression breakout TP15/SL15 H12,3790658,3791377,0.3806666666666691,TIME,LONG
2025-03-18,2025,14:00 prev-close continuation TP30/SL25 H24,3792241,3793680,0.43239999999999784,TIME,LONG
2025-03-19,2025,14:00 prev-close continuation TP30/SL25 H24,3793681,3795120,-0.1855999999999949,TIME,LONG
2025-03-20,2025,14:00 prev-close continuation TP30/SL25 H24,3795121,3796560,-0.014799999999995634,TIME,SHORT
2025-03-21,2025,14:00 prev-close continuation TP30/SL25 H24,3796561,3796684,1.2,TP,SHORT
2025-03-24,2025,Compression breakout TP15/SL15 H12,3800600,3801033,-1.0,SL,LONG
2025-03-25,2025,14:00 prev-close continuation TP30/SL25 H24,3802321,3803760,0.21799999999999273,TIME,LONG
2025-03-26,2025,14:00 prev-close continuation TP30/SL25 H24,3803761,3805200,1.093600000000006,TIME,LONG
2025-03-27,2025,14:00 prev-close continuation TP30/SL25 H24,3805201,3806348,1.2,TP,LONG
2025-03-28,2025,14:00 prev-close continuation TP30/SL25 H24,3806641,3808080,0.3073199999999997,TIME,LONG
2025-03-31,2025,14:00 prev-close continuation TP30/SL25 H24,3810901,3812015,1.2,TP,LONG
2025-04-01,2025,14:00 prev-close continuation TP30/SL25 H24,3812341,3812647,-1.0,SL,LONG
2025-04-02,2025,14:00 prev-close continuation TP30/SL25 H24,3813781,3814452,1.2,TP,LONG
2025-04-03,2025,Thu/Fri Asia breakout TP25/SL20 H24,3814989,3815218,1.25,TP,SHORT
2025-04-04,2025,Thu/Fri Asia breakout TP25/SL20 H24,3816498,3816629,-1.0,SL,SHORT
2025-04-07,2025,14:00 prev-close continuation TP30/SL25 H24,3820981,3821143,1.2,TP,SHORT
2025-04-08,2025,14:00 prev-close continuation TP30/SL25 H24,3822421,3822761,-1.0,SL,LONG
2025-04-09,2025,14:00 prev-close continuation TP30/SL25 H24,3823861,3823922,1.2,TP,LONG
2025-04-10,2025,14:00 prev-close continuation TP30/SL25 H24,3825301,3825517,1.2,TP,LONG
2025-04-11,2025,Thu/Fri Asia breakout TP25/SL20 H24,3826582,3828021,0.77650000000001,TIME,LONG
2025-04-14,2025,14:00 prev-close continuation TP30/SL25 H24,3831061,3832500,-0.2131999999999971,TIME,SHORT
2025-04-15,2025,14:00 prev-close continuation TP30/SL25 H24,3832501,3833279,1.2,TP,LONG
2025-04-16,2025,14:00 prev-close continuation TP30/SL25 H24,3833941,3834382,1.2,TP,LONG
2025-04-17,2025,Thu/Fri Asia breakout TP25/SL20 H24,3835156,3835454,-1.0,SL,SHORT
2025-04-18,2025,14:00 prev-close continuation TP30/SL25 H24,3836821,3838260,-0.03920000000000073,TIME,SHORT
2025-04-21,2025,14:00 prev-close continuation TP30/SL25 H24,3841141,3841313,1.2,TP,LONG
2025-04-22,2025,14:00 prev-close continuation TP30/SL25 H24,3842581,3842691,-1.0,SL,LONG
2025-04-23,2025,14:00 prev-close continuation TP30/SL25 H24,3844021,3844178,1.2,TP,SHORT
2025-04-24,2025,14:00 prev-close continuation TP30/SL25 H24,3845461,3845646,-1.0,SL,LONG
2025-04-25,2025,14:00 prev-close continuation TP30/SL25 H24,3846901,3847051,1.2,TP,SHORT
2025-04-28,2025,14:00 prev-close continuation TP30/SL25 H24,3851221,3851422,-1.0,SL,SHORT
2025-04-29,2025,14:00 prev-close continuation TP30/SL25 H24,3852661,3853946,1.2,TP,SHORT
2025-04-30,2025,14:00 prev-close continuation TP30/SL25 H24,3854101,3854206,-1.0,SL,SHORT
2025-05-01,2025,Thu/Fri Asia breakout TP25/SL20 H24,3855464,3856125,-1.0,SL,SHORT
2025-05-02,2025,Compression breakout TP15/SL15 H12,3856700,3857102,-1.0,SL,LONG
2025-05-05,2025,Compression breakout TP15/SL15 H12,3861152,3861184,1.0,TP,LONG
2025-05-06,2025,14:00 prev-close continuation TP30/SL25 H24,3862741,3863119,1.2,TP,LONG
2025-05-07,2025,14:00 prev-close continuation TP30/SL25 H24,3864181,3865081,-1.0,SL,SHORT
2025-05-08,2025,Thu/Fri Asia breakout TP25/SL20 H24,3865381,3865418,-1.0,SL,SHORT
2025-05-09,2025,Thu/Fri Asia breakout TP25/SL20 H24,3866832,3868271,-0.45500000000001817,TIME,LONG
2025-05-12,2025,Compression breakout TP15/SL15 H12,3871141,3871162,1.0,TP,SHORT
2025-05-13,2025,14:00 prev-close continuation TP30/SL25 H24,3872821,3872999,-1.0,SL,LONG
2025-05-14,2025,14:00 prev-close continuation TP30/SL25 H24,3874261,3874356,1.2,TP,SHORT
2025-05-15,2025,14:00 prev-close continuation TP30/SL25 H24,3875701,3875949,1.2,TP,LONG
2025-05-16,2025,Thu/Fri Asia breakout TP25/SL20 H24,3876922,3877131,1.25,TP,SHORT
2025-05-19,2025,14:00 prev-close continuation TP30/SL25 H24,3881461,3882274,-1.0,SL,LONG
2025-05-20,2025,Compression breakout TP15/SL15 H12,3882776,3882995,1.0,TP,LONG
2025-05-21,2025,Compression breakout TP15/SL15 H12,3884095,3884171,-1.0,SL,LONG
2025-05-22,2025,Compression breakout TP15/SL15 H12,3885631,3885748,1.0,TP,SHORT
2025-05-23,2025,Thu/Fri Asia breakout TP25/SL20 H24,3886981,3887316,1.25,TP,LONG
2025-05-26,2025,Compression breakout TP15/SL15 H12,3891443,3892162,-0.7609333333333477,TIME,SHORT
2025-05-27,2025,14:00 prev-close continuation TP30/SL25 H24,3892981,3894225,-1.0,SL,SHORT
2025-05-28,2025,14:00 prev-close continuation TP30/SL25 H24,3894421,3894765,-1.0,SL,LONG
2025-05-29,2025,Thu/Fri Asia breakout TP25/SL20 H24,3895821,3896012,1.25,TP,LONG
2025-05-30,2025,14:00 prev-close continuation TP30/SL25 H24,3897301,3898740,0.19600000000000364,TIME,SHORT
2025-06-02,2025,14:00 prev-close continuation TP30/SL25 H24,3901621,3901857,1.2,TP,LONG
2025-06-03,2025,14:00 prev-close continuation TP30/SL25 H24,3903061,3904500,0.15451999999999316,TIME,SHORT
2025-06-04,2025,14:00 prev-close continuation TP30/SL25 H24,3904501,3904717,-1.0,SL,SHORT
2025-06-05,2025,Compression breakout TP15/SL15 H12,3905844,3905937,1.0,TP,LONG
2025-06-06,2025,Compression breakout TP15/SL15 H12,3907192,3907244,-1.0,SL,SHORT
2025-06-09,2025,14:00 prev-close continuation TP30/SL25 H24,3911701,3913140,0.7892000000000007,TIME,LONG
2025-06-10,2025,14:00 prev-close continuation TP30/SL25 H24,3913141,3914580,-0.2902800000000025,TIME,LONG
2025-06-11,2025,14:00 prev-close continuation TP30/SL25 H24,3914581,3914675,1.2,TP,LONG
2025-06-12,2025,Thu/Fri Asia breakout TP25/SL20 H24,3915818,3915978,-1.0,SL,SHORT
2025-06-13,2025,14:00 prev-close continuation TP30/SL25 H24,3917461,3917615,1.2,TP,LONG
2025-06-16,2025,14:00 prev-close continuation TP30/SL25 H24,3921781,3921954,1.2,TP,SHORT
2025-06-17,2025,14:00 prev-close continuation TP30/SL25 H24,3923221,3923435,-1.0,SL,LONG
2025-06-18,2025,14:00 prev-close continuation TP30/SL25 H24,3924661,3925821,1.2,TP,SHORT
2025-06-19,2025,Thu/Fri Asia breakout TP25/SL20 H24,3925861,3926066,-1.0,SL,SHORT
2025-06-20,2025,14:00 prev-close continuation TP30/SL25 H24,3927541,3928980,-0.5592000000000007,TIME,SHORT
2025-06-23,2025,14:00 prev-close continuation TP30/SL25 H24,3931861,3932614,-1.0,SL,LONG
2025-06-24,2025,14:00 prev-close continuation TP30/SL25 H24,3933301,3934740,-0.03587999999999738,TIME,SHORT
2025-06-25,2025,14:00 prev-close continuation TP30/SL25 H24,3934741,3936180,0.7053199999999924,TIME,LONG
2025-06-26,2025,14:00 prev-close continuation TP30/SL25 H24,3936181,3936303,-1.0,SL,LONG
2025-06-27,2025,Thu/Fri Asia breakout TP25/SL20 H24,3937388,3937752,1.25,TP,SHORT
2025-06-30,2025,14:00 prev-close continuation TP30/SL25 H24,3941941,3942652,1.2,TP,LONG
2025-07-01,2025,14:00 prev-close continuation TP30/SL25 H24,3943381,3944820,-0.17548000000000685,TIME,LONG
2025-07-02,2025,14:00 prev-close continuation TP30/SL25 H24,3944821,3946260,0.3211999999999898,TIME,LONG
2025-07-03,2025,14:00 prev-close continuation TP30/SL25 H24,3946261,3946358,1.2,TP,SHORT
2025-07-04,2025,Compression breakout TP15/SL15 H12,3947406,3948125,-0.493133333333329,TIME,LONG
2025-07-07,2025,14:00 prev-close continuation TP30/SL25 H24,3952021,3952340,-1.0,SL,SHORT
2025-07-08,2025,Compression breakout TP15/SL15 H12,3953298,3953644,1.0,TP,SHORT
2025-07-09,2025,14:00 prev-close continuation TP30/SL25 H24,3954901,3955576,-1.0,SL,SHORT
2025-07-10,2025,Compression breakout TP15/SL15 H12,3956060,3956519,-1.0,SL,LONG
2025-07-11,2025,Compression breakout TP15/SL15 H12,3957499,3957906,1.0,TP,LONG
2025-07-14,2025,14:00 prev-close continuation TP30/SL25 H24,3962101,3962220,-1.0,SL,LONG
2025-07-15,2025,14:00 prev-close continuation TP30/SL25 H24,3963541,3963692,-1.0,SL,LONG
2025-07-16,2025,Compression breakout TP15/SL15 H12,3964686,3965147,-1.0,SL,LONG
2025-07-17,2025,Compression breakout TP15/SL15 H12,3966130,3966510,1.0,TP,SHORT
2025-07-18,2025,Compression breakout TP15/SL15 H12,3967561,3967656,-1.0,SL,SHORT
2025-07-21,2025,14:00 prev-close continuation TP30/SL25 H24,3972181,3972385,1.2,TP,LONG
2025-07-22,2025,14:00 prev-close continuation TP30/SL25 H24,3973621,3973747,-1.0,SL,SHORT
2025-07-23,2025,14:00 prev-close continuation TP30/SL25 H24,3975061,3975361,1.2,TP,SHORT
2025-07-24,2025,Thu/Fri Asia breakout TP25/SL20 H24,3976268,3977707,0.77650000000001,TIME,SHORT
2025-07-25,2025,Thu/Fri Asia breakout TP25/SL20 H24,3977739,3978180,1.25,TP,SHORT
2025-07-28,2025,14:00 prev-close continuation TP30/SL25 H24,3982261,3982434,1.2,TP,SHORT
2025-07-29,2025,Compression breakout TP15/SL15 H12,3983429,3984148,0.5261999999999716,TIME,LONG
2025-07-30,2025,14:00 prev-close continuation TP30/SL25 H24,3985141,3985291,-1.0,SL,LONG
2025-07-31,2025,Thu/Fri Asia breakout TP25/SL20 H24,3986349,3987474,-1.0,SL,LONG
2025-08-01,2025,Thu/Fri Asia breakout TP25/SL20 H24,3988013,3988113,1.25,TP,LONG
2025-08-04,2025,14:00 prev-close continuation TP30/SL25 H24,3992341,3992508,-1.0,SL,SHORT
2025-08-05,2025,14:00 prev-close continuation TP30/SL25 H24,3993781,3993935,-1.0,SL,SHORT
2025-08-06,2025,14:00 prev-close continuation TP30/SL25 H24,3995221,3996415,-1.0,SL,SHORT
2025-08-07,2025,Thu/Fri Asia breakout TP25/SL20 H24,3996421,3997860,0.30899999999999184,TIME,LONG
2025-08-08,2025,14:00 prev-close continuation TP30/SL25 H24,3998101,3999540,-0.5978399999999965,TIME,SHORT
2025-08-11,2025,14:00 prev-close continuation TP30/SL25 H24,4002421,4003860,0.5553199999999925,TIME,SHORT
2025-08-12,2025,14:00 prev-close continuation TP30/SL25 H24,4003861,4005300,0.8539999999999963,TIME,LONG
2025-08-13,2025,14:00 prev-close continuation TP30/SL25 H24,4005301,4006740,-0.4174800000000141,TIME,LONG
2025-08-14,2025,14:00 prev-close continuation TP30/SL25 H24,4006741,4008180,0.6961199999999917,TIME,SHORT
2025-08-15,2025,14:00 prev-close continuation TP30/SL25 H24,4008181,4009620,-0.13920000000000074,TIME,LONG
2025-08-18,2025,14:00 prev-close continuation TP30/SL25 H24,4012501,4013940,-0.16559999999999492,TIME,LONG
2025-08-19,2025,14:00 prev-close continuation TP30/SL25 H24,4013941,4014266,-1.0,SL,LONG
2025-08-20,2025,Compression breakout TP15/SL15 H12,4015082,4015472,1.0,TP,LONG
2025-08-21,2025,Thu/Fri Asia breakout TP25/SL20 H24,4016581,4018020,0.3224999999999909,TIME,SHORT
2025-08-22,2025,Thu/Fri Asia breakout TP25/SL20 H24,4018066,4018440,-1.0,SL,SHORT
2025-08-25,2025,14:00 prev-close continuation TP30/SL25 H24,4022581,4024020,-0.25840000000000146,TIME,SHORT
2025-08-26,2025,14:00 prev-close continuation TP30/SL25 H24,4024021,4025460,0.10572000000000116,TIME,LONG
2025-08-27,2025,14:00 prev-close continuation TP30/SL25 H24,4025461,4026757,-1.0,SL,SHORT
2025-08-28,2025,Thu/Fri Asia breakout TP25/SL20 H24,4026758,4028197,0.652150000000006,TIME,LONG
2025-08-29,2025,14:00 prev-close continuation TP30/SL25 H24,4028341,4028519,-1.0,SL,SHORT
2025-09-01,2025,14:00 prev-close continuation TP30/SL25 H24,4032661,4033544,1.2,TP,LONG
2025-09-02,2025,14:00 prev-close continuation TP30/SL25 H24,4034101,4034387,1.2,TP,LONG
2025-09-03,2025,14:00 prev-close continuation TP30/SL25 H24,4035541,4035897,1.2,TP,LONG
2025-09-04,2025,14:00 prev-close continuation TP30/SL25 H24,4036981,4038420,-0.531999999999989,TIME,SHORT
2025-09-05,2025,14:00 prev-close continuation TP30/SL25 H24,4038421,4038519,1.2,TP,LONG
2025-09-08,2025,14:00 prev-close continuation TP30/SL25 H24,4042741,4043628,1.2,TP,LONG
2025-09-09,2025,14:00 prev-close continuation TP30/SL25 H24,4044181,4044436,-1.0,SL,LONG
2025-09-10,2025,14:00 prev-close continuation TP30/SL25 H24,4045621,4046625,-1.0,SL,LONG
2025-09-11,2025,Thu/Fri Asia breakout TP25/SL20 H24,4046945,4047156,-1.0,SL,SHORT
2025-09-12,2025,14:00 prev-close continuation TP30/SL25 H24,4048501,4049940,-0.3231999999999971,TIME,LONG
2025-09-15,2025,14:00 prev-close continuation TP30/SL25 H24,4052821,4053061,-1.0,SL,SHORT
2025-09-16,2025,14:00 prev-close continuation TP30/SL25 H24,4054261,4055476,-1.0,SL,LONG
2025-09-17,2025,14:00 prev-close continuation TP30/SL25 H24,4055701,4055897,-1.0,SL,SHORT
2025-09-18,2025,Thu/Fri Asia breakout TP25/SL20 H24,4056901,4056942,-1.0,SL,SHORT
2025-09-19,2025,14:00 prev-close continuation TP30/SL25 H24,4058581,4060020,1.1613600000000042,TIME,LONG
2025-09-22,2025,14:00 prev-close continuation TP30/SL25 H24,4062901,4063756,1.2,TP,LONG
2025-09-23,2025,14:00 prev-close continuation TP30/SL25 H24,4064341,4064818,-1.0,SL,LONG
2025-09-24,2025,14:00 prev-close continuation TP30/SL25 H24,4065781,4066204,1.2,TP,SHORT
2025-09-25,2025,Thu/Fri Asia breakout TP25/SL20 H24,4067020,4067331,-1.0,SL,LONG
2025-09-26,2025,Thu/Fri Asia breakout TP25/SL20 H24,4068521,4068862,1.25,TP,LONG
2025-09-29,2025,14:00 prev-close continuation TP30/SL25 H24,4072981,4073852,1.2,TP,LONG
2025-09-30,2025,14:00 prev-close continuation TP30/SL25 H24,4074421,4074608,-1.0,SL,SHORT
2025-10-01,2025,14:00 prev-close continuation TP30/SL25 H24,4075861,4076087,-1.0,SL,LONG
2025-10-02,2025,Thu/Fri Asia breakout TP25/SL20 H24,4077069,4077517,-1.0,SL,LONG
2025-10-03,2025,Thu/Fri Asia breakout TP25/SL20 H24,4078542,4078905,1.25,TP,LONG
2025-10-06,2025,14:00 prev-close continuation TP30/SL25 H24,4083061,4083735,1.2,TP,LONG
2025-10-07,2025,14:00 prev-close continuation TP30/SL25 H24,4084501,4084629,-1.0,SL,SHORT
2025-10-08,2025,14:00 prev-close continuation TP30/SL25 H24,4085941,4086664,-1.0,SL,LONG
2025-10-09,2025,14:00 prev-close continuation TP30/SL25 H24,4087381,4087547,-1.0,SL,LONG
2025-10-10,2025,Thu/Fri Asia breakout TP25/SL20 H24,4088709,4088998,-1.0,SL,LONG
2025-10-13,2025,14:00 prev-close continuation TP30/SL25 H24,4093141,4093448,1.2,TP,LONG
2025-10-14,2025,14:00 prev-close continuation TP30/SL25 H24,4094581,4094684,-1.0,SL,LONG
2025-10-15,2025,14:00 prev-close continuation TP30/SL25 H24,4096021,4096110,-1.0,SL,LONG
2025-10-16,2025,Thu/Fri Asia breakout TP25/SL20 H24,4097402,4097706,1.25,TP,LONG
2025-10-17,2025,14:00 prev-close continuation TP30/SL25 H24,4098901,4098956,1.2,TP,SHORT
2025-10-20,2025,14:00 prev-close continuation TP30/SL25 H24,4103221,4103298,1.2,TP,LONG
2025-10-21,2025,14:00 prev-close continuation TP30/SL25 H24,4104661,4104730,1.2,TP,SHORT
2025-10-22,2025,14:00 prev-close continuation TP30/SL25 H24,4106101,4106223,-1.0,SL,SHORT
2025-10-23,2025,Thu/Fri Asia breakout TP25/SL20 H24,4107304,4107336,-1.0,SL,LONG
2025-10-24,2025,Thu/Fri Asia breakout TP25/SL20 H24,4108741,4108804,1.25,TP,SHORT
2025-10-27,2025,14:00 prev-close continuation TP30/SL25 H24,4113361,4113420,-1.0,SL,SHORT
2025-10-28,2025,14:00 prev-close continuation TP30/SL25 H24,4114801,4114969,-1.0,SL,SHORT
2025-10-29,2025,14:00 prev-close continuation TP30/SL25 H24,4116241,4116470,-1.0,SL,LONG
2025-10-30,2025,Thu/Fri Asia breakout TP25/SL20 H24,4117502,4117515,1.25,TP,LONG
2025-10-31,2025,14:00 prev-close continuation TP30/SL25 H24,4119121,4119167,-1.0,SL,SHORT
2025-11-03,2025,14:00 prev-close continuation TP30/SL25 H24,4123441,4124113,-1.0,SL,LONG
2025-11-04,2025,14:00 prev-close continuation TP30/SL25 H24,4124881,4125029,1.2,TP,SHORT
2025-11-05,2025,14:00 prev-close continuation TP30/SL25 H24,4126321,4127461,1.2,TP,LONG
2025-11-06,2025,Thu/Fri Asia breakout TP25/SL20 H24,4127521,4127942,-1.0,SL,LONG
2025-11-07,2025,Compression breakout TP15/SL15 H12,4128914,4129180,-1.0,SL,LONG
2025-11-10,2025,14:00 prev-close continuation TP30/SL25 H24,4133521,4134112,1.2,TP,LONG
2025-11-11,2025,14:00 prev-close continuation TP30/SL25 H24,4134961,4135156,-1.0,SL,LONG
2025-11-12,2025,14:00 prev-close continuation TP30/SL25 H24,4136401,4136590,-1.0,SL,SHORT
2025-11-13,2025,Thu/Fri Asia breakout TP25/SL20 H24,4137601,4138002,-1.0,SL,LONG
2025-11-14,2025,Thu/Fri Asia breakout TP25/SL20 H24,4139128,4139237,1.25,TP,SHORT
2025-11-17,2025,14:00 prev-close continuation TP30/SL25 H24,4143601,4144052,1.2,TP,SHORT
2025-11-18,2025,14:00 prev-close continuation TP30/SL25 H24,4145041,4145136,-1.0,SL,SHORT
2025-11-19,2025,14:00 prev-close continuation TP30/SL25 H24,4146481,4146713,-1.0,SL,LONG
2025-11-20,2025,Thu/Fri Asia breakout TP25/SL20 H24,4147703,4147736,-1.0,SL,SHORT
2025-11-21,2025,Thu/Fri Asia breakout TP25/SL20 H24,4149121,4149185,-1.0,SL,SHORT
2025-11-24,2025,14:00 prev-close continuation TP30/SL25 H24,4153681,4154031,1.2,TP,LONG
2025-11-25,2025,Compression breakout TP15/SL15 H12,4154931,4155004,-1.0,SL,SHORT
2025-11-26,2025,14:00 prev-close continuation TP30/SL25 H24,4156561,4156687,-1.0,SL,LONG
2025-11-27,2025,14:00 prev-close continuation TP30/SL25 H24,4158001,4158754,-1.0,SL,SHORT
2025-11-28,2025,14:00 prev-close continuation TP30/SL25 H24,4159441,4159597,1.2,TP,LONG
2025-12-01,2025,14:00 prev-close continuation TP30/SL25 H24,4163761,4163916,-1.0,SL,LONG
2025-12-02,2025,14:00 prev-close continuation TP30/SL25 H24,4165201,4165346,-1.0,SL,SHORT
2025-12-03,2025,Compression breakout TP15/SL15 H12,4166370,4166715,-1.0,SL,SHORT
2025-12-04,2025,14:00 prev-close continuation TP30/SL25 H24,4168081,4169168,-1.0,SL,SHORT
2025-12-05,2025,14:00 prev-close continuation TP30/SL25 H24,4169521,4169733,1.2,TP,LONG
2025-12-08,2025,14:00 prev-close continuation TP30/SL25 H24,4173841,4174025,-1.0,SL,LONG
2025-12-09,2025,14:00 prev-close continuation TP30/SL25 H24,4175281,4176720,-0.2607999999999811,TIME,LONG
2025-12-10,2025,14:00 prev-close continuation TP30/SL25 H24,4176721,4177204,-1.0,SL,SHORT
2025-12-11,2025,14:00 prev-close continuation TP30/SL25 H24,4178161,4178314,-1.0,SL,SHORT
2025-12-12,2025,Compression breakout TP15/SL15 H12,4179307,4179398,1.0,TP,LONG
2025-12-15,2025,14:00 prev-close continuation TP30/SL25 H24,4183921,4184093,-1.0,SL,LONG
2025-12-16,2025,14:00 prev-close continuation TP30/SL25 H24,4185361,4185450,-1.0,SL,SHORT
2025-12-17,2025,14:00 prev-close continuation TP30/SL25 H24,4186801,4187013,1.2,TP,LONG
2025-12-18,2025,Compression breakout TP15/SL15 H12,4188087,4188344,-1.0,SL,SHORT
2025-12-19,2025,14:00 prev-close continuation TP30/SL25 H24,4189681,4189920,-1.0,SL,SHORT
2025-12-22,2025,14:00 prev-close continuation TP30/SL25 H24,4194001,4194544,1.2,TP,LONG
2025-12-23,2025,14:00 prev-close continuation TP30/SL25 H24,4195441,4195565,-1.0,SL,LONG
2025-12-24,2025,14:00 prev-close continuation TP30/SL25 H24,4196881,4197050,-1.0,SL,LONG
2025-12-25,2025,14:00 prev-close continuation TP30/SL25 H24,4198321,4199049,-1.0,SL,SHORT
2025-12-26,2025,14:00 prev-close continuation TP30/SL25 H24,4199761,4199977,1.2,TP,LONG
2025-12-29,2025,14:00 prev-close continuation TP30/SL25 H24,4204081,4204189,1.2,TP,SHORT
2025-12-30,2025,14:00 prev-close continuation TP30/SL25 H24,4205521,4205686,-1.0,SL,LONG
2025-12-31,2025,14:00 prev-close continuation TP30/SL25 H24,4206961,4207066,-1.0,SL,SHORT
2026-01-01,2026,14:00 prev-close continuation TP30/SL25 H24,4208401,4209090,-1.0,SL,SHORT
2026-01-02,2026,Thu/Fri Asia breakout TP25/SL20 H24,4209601,4209957,-1.0,SL,LONG
2026-01-05,2026,14:00 prev-close continuation TP30/SL25 H24,4214161,4214343,1.2,TP,LONG
2026-01-06,2026,14:00 prev-close continuation TP30/SL25 H24,4215601,4216137,1.2,TP,LONG
2026-01-07,2026,14:00 prev-close continuation TP30/SL25 H24,4217041,4218094,1.2,TP,SHORT
2026-01-08,2026,14:00 prev-close continuation TP30/SL25 H24,4218481,4218669,-1.0,SL,SHORT
2026-01-09,2026,14:00 prev-close continuation TP30/SL25 H24,4219921,4220124,1.2,TP,LONG
2026-01-12,2026,14:00 prev-close continuation TP30/SL25 H24,4224241,4224349,1.2,TP,LONG
2026-01-13,2026,14:00 prev-close continuation TP30/SL25 H24,4225681,4225770,-1.0,SL,SHORT
2026-01-14,2026,14:00 prev-close continuation TP30/SL25 H24,4227121,4227289,-1.0,SL,LONG
2026-01-15,2026,14:00 prev-close continuation TP30/SL25 H24,4228561,4228664,1.2,TP,SHORT
2026-01-16,2026,14:00 prev-close continuation TP30/SL25 H24,4230001,4230206,1.2,TP,SHORT
2026-01-19,2026,14:00 prev-close continuation TP30/SL25 H24,4234321,4235322,1.2,TP,LONG
2026-01-20,2026,14:00 prev-close continuation TP30/SL25 H24,4235761,4236117,1.2,TP,LONG
2026-01-21,2026,14:00 prev-close continuation TP30/SL25 H24,4237201,4237332,-1.0,SL,LONG
2026-01-22,2026,Thu/Fri Asia breakout TP25/SL20 H24,4238403,4238502,-1.0,SL,LONG
2026-01-23,2026,Compression breakout TP15/SL15 H12,4239863,4239866,1.0,TP,SHORT
2026-01-26,2026,14:00 prev-close continuation TP30/SL25 H24,4244401,4244490,-1.0,SL,LONG
2026-01-27,2026,14:00 prev-close continuation TP30/SL25 H24,4245841,4245976,-1.0,SL,LONG
2026-01-28,2026,14:00 prev-close continuation TP30/SL25 H24,4247281,4247460,1.2,TP,LONG
2026-01-29,2026,14:00 prev-close continuation TP30/SL25 H24,4248721,4248887,-1.0,SL,LONG
2026-01-30,2026,Thu/Fri Asia breakout TP25/SL20 H24,4249954,4249954,-1.0,SL,SHORT
2026-02-02,2026,14:00 prev-close continuation TP30/SL25 H24,4254481,4254525,-1.0,SL,SHORT
2026-02-03,2026,14:00 prev-close continuation TP30/SL25 H24,4255921,4255943,-1.0,SL,LONG
2026-02-04,2026,14:00 prev-close continuation TP30/SL25 H24,4257361,4257430,-1.0,SL,LONG
2026-02-05,2026,14:00 prev-close continuation TP30/SL25 H24,4258801,4258811,1.2,TP,SHORT
2026-02-06,2026,14:00 prev-close continuation TP30/SL25 H24,4260241,4260301,1.2,TP,LONG
2026-02-09,2026,14:00 prev-close continuation TP30/SL25 H24,4264561,4264741,1.2,TP,LONG
2026-02-10,2026,14:00 prev-close continuation TP30/SL25 H24,4266001,4266046,1.2,TP,SHORT
2026-02-11,2026,Compression breakout TP15/SL15 H12,4267141,4267187,-1.0,SL,LONG
2026-02-12,2026,14:00 prev-close continuation TP30/SL25 H24,4268881,4269130,1.2,TP,SHORT
2026-02-13,2026,14:00 prev-close continuation TP30/SL25 H24,4270321,4270410,1.2,TP,LONG
2026-02-16,2026,14:00 prev-close continuation TP30/SL25 H24,4274641,4274823,1.2,TP,SHORT
2026-02-17,2026,14:00 prev-close continuation TP30/SL25 H24,4276081,4276196,1.2,TP,SHORT
2026-02-18,2026,14:00 prev-close continuation TP30/SL25 H24,4277521,4277580,1.2,TP,LONG
2026-02-19,2026,Compression breakout TP15/SL15 H12,4278665,4278808,-1.0,SL,LONG
2026-02-20,2026,Compression breakout TP15/SL15 H12,4280215,4280388,-1.0,SL,LONG
2026-02-23,2026,14:00 prev-close continuation TP30/SL25 H24,4284721,4284878,1.2,TP,LONG
2026-02-24,2026,14:00 prev-close continuation TP30/SL25 H24,4286161,4286259,1.2,TP,SHORT
2026-02-25,2026,14:00 prev-close continuation TP30/SL25 H24,4287601,4287887,1.2,TP,LONG
2026-02-26,2026,14:00 prev-close continuation TP30/SL25 H24,4289041,4289247,1.2,TP,SHORT
2026-02-27,2026,14:00 prev-close continuation TP30/SL25 H24,4290481,4290555,1.2,TP,LONG
2026-03-02,2026,14:00 prev-close continuation TP30/SL25 H24,4294801,4294891,1.2,TP,LONG
2026-03-03,2026,14:00 prev-close continuation TP30/SL25 H24,4296241,4296247,-1.0,SL,SHORT
2026-03-04,2026,14:00 prev-close continuation TP30/SL25 H24,4297681,4297712,-1.0,SL,LONG
2026-03-05,2026,14:00 prev-close continuation TP30/SL25 H24,4299121,4299196,-1.0,SL,LONG
2026-03-06,2026,Thu/Fri Asia breakout TP25/SL20 H24,4300557,4300564,-1.0,SL,SHORT
2026-03-09,2026,14:00 prev-close continuation TP30/SL25 H24,4304881,4305013,1.2,TP,SHORT
2026-03-10,2026,14:00 prev-close continuation TP30/SL25 H24,4306321,4306398,1.2,TP,LONG
2026-03-11,2026,Compression breakout TP15/SL15 H12,4307545,4307807,1.0,TP,SHORT
2026-03-12,2026,Compression breakout TP15/SL15 H12,4308943,4309221,-1.0,SL,LONG
2026-03-13,2026,Compression breakout TP15/SL15 H12,4310342,4310403,1.0,TP,SHORT
2026-03-16,2026,14:00 prev-close continuation TP30/SL25 H24,4314961,4314988,-1.0,SL,SHORT
2026-03-17,2026,Compression breakout TP15/SL15 H12,4316323,4316355,-1.0,SL,SHORT
2026-03-18,2026,Compression breakout TP15/SL15 H12,4317755,4317755,1.0,TP,SHORT
2026-03-19,2026,Thu/Fri Asia breakout TP25/SL20 H24,4319041,4319054,1.25,TP,SHORT
2026-03-20,2026,14:00 prev-close continuation TP30/SL25 H24,4320721,4320791,-1.0,SL,LONG
2026-03-23,2026,14:00 prev-close continuation TP30/SL25 H24,4325041,4325057,-1.0,SL,SHORT
2026-03-24,2026,14:00 prev-close continuation TP30/SL25 H24,4326481,4326513,-1.0,SL,LONG
2026-03-25,2026,14:00 prev-close continuation TP30/SL25 H24,4327921,4327943,-1.0,SL,LONG
2026-03-26,2026,Thu/Fri Asia breakout TP25/SL20 H24,4329164,4329167,-1.0,SL,SHORT
2026-03-27,2026,14:00 prev-close continuation TP30/SL25 H24,4330801,4330923,1.2,TP,LONG
2026-03-30,2026,14:00 prev-close continuation TP30/SL25 H24,4335061,4335104,1.2,TP,LONG
2026-03-31,2026,14:00 prev-close continuation TP30/SL25 H24,4336501,4336526,1.2,TP,LONG
2026-04-01,2026,Compression breakout TP15/SL15 H12,4337689,4337716,-1.0,SL,LONG
2026-04-02,2026,14:00 prev-close continuation TP30/SL25 H24,4339381,4339500,1.2,TP,SHORT
2026-04-03,2026,14:00 prev-close continuation TP30/SL25 H24,4340821,4342260,-0.04,TIME,SHORT
2026-04-06,2026,14:00 prev-close continuation TP30/SL25 H24,4345141,4345221,-1.0,SL,LONG
2026-04-07,2026,Compression breakout TP15/SL15 H12,4346421,4346473,1.0,TP,LONG
2026-04-08,2026,14:00 prev-close continuation TP30/SL25 H24,4348021,4348231,-1.0,SL,LONG
2026-04-09,2026,Compression breakout TP15/SL15 H12,4349425,4349505,1.0,TP,LONG
2026-04-10,2026,Compression breakout TP15/SL15 H12,4350768,4350798,-1.0,SL,SHORT
2026-04-13,2026,14:00 prev-close continuation TP30/SL25 H24,4355221,4355567,-1.0,SL,SHORT
2026-04-14,2026,Compression breakout TP15/SL15 H12,4356413,4356426,1.0,TP,LONG
2026-04-15,2026,Compression breakout TP15/SL15 H12,4357833,4357991,1.0,TP,SHORT
2026-04-16,2026,14:00 prev-close continuation TP30/SL25 H24,4359541,4359714,-1.0,SL,LONG
2026-04-17,2026,14:00 prev-close continuation TP30/SL25 H24,4360981,4361028,-1.0,SL,SHORT
2026-04-20,2026,14:00 prev-close continuation TP30/SL25 H24,4365301,4365380,-1.0,SL,SHORT
2026-04-21,2026,Compression breakout TP15/SL15 H12,4366442,4366781,-1.0,SL,SHORT
2026-04-22,2026,14:00 prev-close continuation TP30/SL25 H24,4368181,4368392,-1.0,SL,LONG
2026-04-23,2026,Thu/Fri Asia breakout TP25/SL20 H24,4369570,4369667,-1.0,SL,SHORT
2026-04-24,2026,14:00 prev-close continuation TP30/SL25 H24,4371061,4371082,-1.0,SL,SHORT
2026-04-27,2026,14:00 prev-close continuation TP30/SL25 H24,4375381,4375615,1.2,TP,SHORT
2026-04-28,2026,14:00 prev-close continuation TP30/SL25 H24,4376821,4376859,1.2,TP,SHORT
2026-04-29,2026,Compression breakout TP15/SL15 H12,4378045,4378115,1.0,TP,SHORT
2026-04-30,2026,Thu/Fri Asia breakout TP25/SL20 H24,4379461,4379524,1.25,TP,LONG
2026-05-01,2026,Compression breakout TP15/SL15 H12,4380847,4380922,1.0,TP,SHORT
2026-05-04,2026,14:00 prev-close continuation TP30/SL25 H24,4385461,4385720,1.2,TP,SHORT
2026-05-05,2026,14:00 prev-close continuation TP30/SL25 H24,4386901,4386984,1.2,TP,LONG
2026-05-06,2026,14:00 prev-close continuation TP30/SL25 H24,4388341,4388396,-1.0,SL,LONG
2026-05-07,2026,Thu/Fri Asia breakout TP25/SL20 H24,4389541,4390087,-1.0,SL,LONG
2026-05-08,2026,14:00 prev-close continuation TP30/SL25 H24,4391221,4392660,-0.36200000000000726,TIME,LONG
2026-05-11,2026,14:00 prev-close continuation TP30/SL25 H24,4395541,4395623,-1.0,SL,SHORT
2026-05-12,2026,14:00 prev-close continuation TP30/SL25 H24,4396981,4397237,1.2,TP,SHORT
2026-05-13,2026,14:00 prev-close continuation TP30/SL25 H24,4398421,4399656,-1.0,SL,SHORT
2026-05-14,2026,14:00 prev-close continuation TP30/SL25 H24,4399861,4400022,-1.0,SL,LONG
2026-05-15,2026,Thu/Fri Asia breakout TP25/SL20 H24,4401138,4401457,1.25,TP,SHORT
2026-05-18,2026,14:00 prev-close continuation TP30/SL25 H24,4405621,4405661,-1.0,SL,SHORT
2026-05-19,2026,14:00 prev-close continuation TP30/SL25 H24,4407061,4407201,1.2,TP,SHORT
2026-05-20,2026,14:00 prev-close continuation TP30/SL25 H24,4408501,4408692,-1.0,SL,LONG
2026-05-21,2026,Thu/Fri Asia breakout TP25/SL20 H24,4409725,4409831,-1.0,SL,SHORT
2026-05-22,2026,14:00 prev-close continuation TP30/SL25 H24,4411381,4412820,0.1363999999999942,TIME,SHORT
2026-05-25,2026,14:00 prev-close continuation TP30/SL25 H24,4415701,4416498,-1.0,SL,LONG
2026-05-26,2026,14:00 prev-close continuation TP30/SL25 H24,4417141,4417230,1.2,TP,SHORT
2026-05-27,2026,14:00 prev-close continuation TP30/SL25 H24,4418581,4418707,1.2,TP,SHORT
2026-05-28,2026,14:00 prev-close continuation TP30/SL25 H24,4420021,4420128,-1.0,SL,SHORT
2026-05-29,2026,Compression breakout TP15/SL15 H12,4421213,4421386,1.0,TP,LONG
2026-06-01,2026,Compression breakout TP15/SL15 H12,4425503,4425623,1.0,TP,SHORT
2026-06-02,2026,14:00 prev-close continuation TP30/SL25 H24,4427221,4427370,-1.0,SL,LONG
2026-06-03,2026,14:00 prev-close continuation TP30/SL25 H24,4428661,4428824,1.2,TP,SHORT
2026-06-04,2026,14:00 prev-close continuation TP30/SL25 H24,4430101,4430151,1.2,TP,LONG
2026-06-05,2026,14:00 prev-close continuation TP30/SL25 H24,4431541,4431650,1.2,TP,SHORT
2026-06-08,2026,14:00 prev-close continuation TP30/SL25 H24,4434241,4434259,-1.0,SL,SHORT
2026-06-09,2026,14:00 prev-close continuation TP30/SL25 H24,4435681,4435876,-1.0,SL,LONG
2026-06-10,2026,14:00 prev-close continuation TP30/SL25 H24,4437121,4437190,1.2,TP,SHORT
2026-06-11,2026,14:00 prev-close continuation TP30/SL25 H24,4438561,4438642,-1.0,SL,LONG
2026-06-12,2026,14:00 prev-close continuation TP30/SL25 H24,4440001,4440226,1.2,TP,SHORT
2026-06-15,2026,14:00 prev-close continuation TP30/SL25 H24,4442701,4442861,1.2,TP,LONG
2026-06-16,2026,Compression breakout TP15/SL15 H12,4443958,4444245,1.0,TP,LONG
2026-06-17,2026,14:00 prev-close continuation TP30/SL25 H24,4445581,4445784,-1.0,SL,SHORT
2026-06-18,2026,14:00 prev-close continuation TP30/SL25 H24,4447021,4447339,1.2,TP,SHORT
2026-06-19,2026,14:00 prev-close continuation TP30/SL25 H24,4448461,4448571,-1.0,SL,SHORT
2026-06-22,2026,14:00 prev-close continuation TP30/SL25 H24,4450920,4451198,-1.0,SL,LONG
2026-06-23,2026,14:00 prev-close continuation TP30/SL25 H24,4452360,4452549,-1.0,SL,SHORT
2026-06-24,2026,14:00 prev-close continuation TP30/SL25 H24,4453800,4453884,1.2,TP,SHORT
2026-06-25,2026,14:00 prev-close continuation TP30/SL25 H24,4455240,4455329,-1.0,SL,SHORT
2026-06-26,2026,Thu/Fri Asia breakout TP25/SL20 H24,4456467,4456799,1.25,TP,LONG
2026-06-29,2026,14:00 prev-close continuation TP30/SL25 H24,4459380,4459574,1.2,TP,SHORT
2026-06-30,2026,14:00 prev-close continuation TP30/SL25 H24,4460820,4461022,1.2,TP,LONG
2026-07-01,2026,14:00 prev-close continuation TP30/SL25 H24,4462260,4462280,-1.0,SL,SHORT
2026-07-02,2026,Compression breakout TP15/SL15 H12,4463402,4463704,-1.0,SL,LONG
2026-07-03,2026,14:00 prev-close continuation TP30/SL25 H24,4465140,4466579,-0.06759999999998399,TIME,LONG
2026-07-06,2026,14:00 prev-close continuation TP30/SL25 H24,4467599,4468606,1.2,TP,SHORT
2026-07-07,2026,14:00 prev-close continuation TP30/SL25 H24,4469039,4469101,-1.0,SL,SHORT
2026-07-08,2026,Compression breakout TP15/SL15 H12,4470316,4470335,1.0,TP,SHORT
2026-07-09,2026,Compression breakout TP15/SL15 H12,4471619,4471759,1.0,TP,LONG
2026-07-10,2026,Compression breakout TP15/SL15 H12,4473162,4473505,1.0,TP,SHORT
2026-07-13,2026,14:00 prev-close continuation TP30/SL25 H24,4476059,4476254,1.2,TP,SHORT
2026-07-14,2026,14:00 prev-close continuation TP30/SL25 H24,4477499,4477588,1.2,TP,LONG
2026-07-15,2026,14:00 prev-close continuation TP30/SL25 H24,4478939,4479033,-1.0,SL,SHORT
2026-07-16,2026,Thu/Fri Asia breakout TP25/SL20 H24,4480169,4480442,-1.0,SL,SHORT
2026-07-17,2026,14:00 prev-close continuation TP30/SL25 H24,4481819,4481921,-1.0,SL,LONG
2026-07-20,2026,14:00 prev-close continuation TP30/SL25 H24,4484519,4484707,-1.0,SL,LONG
2026-07-21,2026,14:00 prev-close continuation TP30/SL25 H24,4485959,4486750,1.2,TP,LONG
2026-07-22,2026,14:00 prev-close continuation TP30/SL25 H24,4487399,4487564,1.2,TP,LONG
2026-07-23,2026,Compression breakout TP15/SL15 H12,4488607,4488640,1.0,TP,SHORT
2026-07-24,2026,Compression breakout TP15/SL15 H12,4490073,4490458,1.0,TP,LONG
2026-07-27,2026,14:00 prev-close continuation TP30/SL25 H24,4492979,4493126,-1.0,SL,LONG
2026-07-28,2026,14:00 prev-close continuation TP30/SL25 H24,4494419,4495858,-0.04159999999999855,TIME,SHORT
2026-07-29,2026,14:00 prev-close continuation TP30/SL25 H24,4495859,4496035,-1.0,SL,LONG
2026-07-30,2026,14:00 prev-close continuation TP30/SL25 H24,4497299,4497477,1.2,TP,LONG
2026-07-31,2026,Thu/Fri Asia breakout TP25/SL20 H24,4498529,4498828,1.25,TP,SHORT
2026-08-03,2026,14:00 prev-close continuation TP30/SL25 H24,4501439,4501596,-1.0,SL,LONG
2026-08-04,2026,Compression breakout TP15/SL15 H12,4502702,4502744,-1.0,SL,LONG
2026-08-05,2026,14:00 prev-close continuation TP30/SL25 H24,4504319,4504376,1.2,TP,LONG
2026-08-06,2026,14:00 prev-close continuation TP30/SL25 H24,4505759,4505883,-1.0,SL,LONG
2026-08-07,2026,Thu/Fri Asia breakout TP25/SL20 H24,4506959,4507201,1.25,TP,LONG
2026-08-10,2026,14:00 prev-close continuation TP30/SL25 H24,4509899,4510199,-1.0,SL,SHORT
2026-08-11,2026,14:00 prev-close continuation TP30/SL25 H24,4511339,4512280,-1.0,SL,SHORT
2026-08-12,2026,14:00 prev-close continuation TP30/SL25 H24,4512779,4512868,-1.0,SL,LONG
2026-08-13,2026,Thu/Fri Asia breakout TP25/SL20 H24,4513979,4514308,-1.0,SL,SHORT
2026-08-14,2026,14:00 prev-close continuation TP30/SL25 H24,4515659,4515721,-1.0,SL,SHORT
2026-08-17,2026,14:00 prev-close continuation TP30/SL25 H24,4518358,4519136,1.2,TP,LONG
2026-08-18,2026,14:00 prev-close continuation TP30/SL25 H24,4519797,4520035,1.2,TP,SHORT
2026-08-19,2026,14:00 prev-close continuation TP30/SL25 H24,4521236,4521332,1.2,TP,LONG
2026-08-20,2026,14:00 prev-close continuation TP30/SL25 H24,4522675,4522736,1.2,TP,SHORT
